bead_a,bead_b,r_a_vox,r_b_vox,gap_vox,gap_um,dsum_min,z_mid,axis_dip_deg,lens_vox,lens_mm3,binder_vox,pore_vox,crack_vox,binder_frac,pore_frac,crack_frac,connected,bond_area_vox,r_bond_vox,r_bond_over_R,neck_binder_vox,neck_crack_vox,neck_severed,q_crack_med,q_binder_med,q_pore_med,dq_paired
2,259,38.124781253291445,34.08862500564362,9.392304845413264,232.61003688528587,10.392304845413264,682.9764455099562,65.31104256729286,7125,0.10823150042532273,5938,132,1059,0.8334035087719298,0.018526315789473686,0.14863157894736842,True,2735.0,29.50555098134362,0.8171765468463235,2921,907,0.23693834900731453,0.3203772410170408,0.252015475778655,0.38023068734018317,0.06836176523838577
4,81,37.78762103501022,35.51364896558651,2.6502815398728847,65.63693330793913,3.6502815398728847,770.4896434238673,51.78076895765379,4181,0.06351100396888061,4072,109,0,0.9739296818942836,0.026070318105716337,0.0,True,2387.0,27.56457324757103,0.7520899227897861,2388,278,0.10427606901725431,,0.27429188517743175,0.40149162409079436,
4,167,37.78762103501022,35.24875845540225,1.0,24.7660229,2.0,802.1617190779382,77.89985143678727,3359,0.0510245066566539,3315,44,0,0.9869008633521882,0.013099136647811848,0.0,True,2364.0,27.431452220735256,0.7511722900869203,2446,102,0.040031397174254316,,0.3090169943749474,0.3272830287914421,
4,210,37.78762103501022,34.608309513248216,1.0,24.7660229,2.0,819.8392373923034,46.65551888703273,3312,0.05031055851349739,3248,64,0,0.9806763285024155,0.01932367149758454,0.0,True,2998.0,30.891633799121156,0.8534080179694379,2998,0,0.0,,0.3090169943749474,0.38742588672279316,
4,242,37.78762103501022,35.11354848262679,5.6332495807108,139.51318811729905,6.6332495807108,831.4743086986985,22.375279609778424,5924,0.0899878468097701,5792,132,0,0.9777177582714383,0.02228224172856178,0.0,True,2133.0,26.05676471149144,0.714851761196712,2133,0,0.0,,0.2742918851774318,0.2063099139372659,
5,185,37.394093975479834,34.68573802823606,1.414213562373095,35.02444547122265,2.414213562373095,852.7699395992175,68.09201466087787,3090,0.046938292816034705,3041,49,0,0.9841423948220065,0.015857605177993526,0.0,True,1846.0,24.24046307097448,0.6726004319689542,1846,640,0.2574416733708769,,0.28989794855663564,0.4083069769263126,
5,289,37.394093975479834,34.14987401789476,1.0,24.7660229,2.0,867.3017947837284,89.22550566098067,3137,0.04765224095919122,3105,12,21,0.9897991711826586,0.003825310806503028,0.0066942939113803,True,1564.0,22.312253628700276,0.6237354246487007,1576,694,0.30572687224669604,0.3333333333333333,0.3090169943749474,0.40342344011905673,0.02431633895838592
5,320,37.394093975479834,27.640729586576867,1.414213562373095,35.02444547122265,2.414213562373095,866.9423707247234,89.7888549359051,2237,0.033980893537045184,2224,13,0,0.994188645507376,0.00581135449262405,0.0,True,1220.0,19.706294962377495,0.6060228623077175,1220,166,0.11976911976911978,,0.29581631632448924,0.3228287342177362,
5,322,37.394093975479834,35.40358484036005,1.0,24.7660229,2.0,875.4699094910967,76.33033307733531,3561,0.05409296463362446,3540,19,2,0.9941027801179444,0.0053355798932884025,0.0005616399887672002,True,3349.0,32.64995878756228,0.8970054902480777,3351,633,0.1588855421686747,0.2991226073198724,0.3090169943749474,0.32793442287247493,-0.009894387055075005
3,119,38.1572743999063,36.68093515788354,1.0,24.7660229,2.0,952.0822847620797,33.73748339630982,3924,0.05960707476055669,3835,89,0,0.9773190621814475,0.0226809378185525,0.0,True,3319.0,32.50339231901805,0.8686309443017615,3319,328,0.08993693446668495,,0.3008613653919205,0.41421356237309503,
3,150,38.1572743999063,34.74127587752717,1.414213562373095,35.02444547122265,2.414213562373095,1004.2578479857727,55.87192922490426,3178,0.04827504678620009,3131,47,0,0.9852108244178729,0.014789175582127124,0.0,True,2191.0,26.4086531392399,0.724531641266808,2191,0,0.0,,0.29339977411634566,0.29339977411634566,
3,178,38.1572743999063,35.00166422487947,3.1815405503520555,78.79410612729761,4.1815405503520555,1006.4628790240843,52.95003719587767,4773,0.07250371249544778,4676,97,0,0.9796773517703751,0.020322648229624974,0.0,True,2043.0,25.501119533728012,0.6971429606029959,2045,168,0.07591504744690465,,0.27718637277259645,0.29339977411634566,
3,193,38.1572743999063,34.34399097529891,2.23606797749979,55.37851073671648,3.23606797749979,1020.2866228996015,11.001373927060824,4072,0.06185525189219848,4032,40,0,0.9901768172888016,0.009823182711198428,0.0,True,2903.0,30.398249942908627,0.8385577764910173,2903,20,0.006842285323297981,,0.2801868778094689,0.3585701736362872,
2,283,38.124781253291445,33.543259604694235,2.449489742783178,60.66411906308329,3.449489742783178,717.9593551194608,61.71079143771627,3838,0.058300701562440514,3813,25,0,0.9934861907243356,0.006513809275664409,0.0,True,1403.0,21.13264702577172,0.5897369810247016,1620,401,0.198416625432954,,0.28330039409901914,0.4189796981099955,
3,19,38.1572743999063,37.52995471997314,7.547442467302883,186.92013298165568,8.547442467302883,974.2655728922953,78.01755784281445,7562,0.11486969911807586,7431,121,10,0.9826765405977255,0.01600105792118487,0.0013224014810896587,True,2429.0,27.806019376034886,0.7347611928557591,2429,220,0.08305020762551907,0.32598917119350346,0.26841742285197584,0.27953464690300545,0.05757174834152762
3,36,38.1572743999063,36.76761244237651,2.23606797749979,55.37851073671648,3.23606797749979,969.603784895439,69.91710274771367,4027,0.06117168452109118,3864,163,0,0.9595232182766328,0.04047678172336727,0.0,True,2857.0,30.15644781513715,0.8049781343978963,2857,0,0.0,,0.2791745113185196,0.3524704450894247,
3,44,38.1572743999063,36.38862987825694,1.0,24.7660229,2.0,966.2417850523809,63.170845286634105,3932,0.05972859784875354,3800,92,40,0.9664292980671414,0.023397761953204477,0.01017293997965412,True,2760.0,29.640095915284455,0.7952172879863216,2760,863,0.23820038642009383,0.3499800910645978,0.2989350844248255,0.4195106216501436,0.051045006639772295
3,204,38.1572743999063,34.80228796220674,1.0,24.7660229,2.0,1001.2230029578863,60.70582128994507,4470,0.06790102552999194,4455,15,0,0.9966442953020134,0.003355704697986577,0.0,True,3282.0,32.321711688201184,0.88601714817811,3284,0,0.0,,0.3090169943749474,0.41421356237309503,
4,6,37.78762103501022,37.25878656814979,1.0,24.7660229,2.0,764.2570276284937,36.66660346434743,3491,0.053029637611901985,2934,280,279,0.8404468633629333,0.08020624462904612,0.07991979375537095,True,2486.0,28.130381743817548,0.7496796353682639,2955,146,0.04708158658497259,0.3761785115301142,0.28989794855663564,0.37268226712382524,0.08628056297347858
4,35,37.78762103501022,36.57850803947399,1.0,24.7660229,2.0,775.6799035511693,60.288621474947405,3598,0.05465500891653491,3583,15,0,0.9958310172317955,0.004168982768204558,0.0,True,3414.0,32.96528403383568,0.8865671628764771,3422,141,0.03957339320797081,,0.30484544052339907,0.3228287342177362,
4,57,37.78762103501022,35.920850640183694,1.0,24.7660229,2.0,804.9139491335841,73.85529758809274,3278,0.04979408538866076,3128,150,0,0.9542403904820013,0.04575960951799878,0.0,True,2481.0,28.10207870642285,0.7625196417111553,2481,0,0.0,,0.30383243470068705,0.3567891723253309,
5,32,37.394093975479834,36.85493756031004,4.55269276785519,112.752093345366,5.55269276785519,828.9669004646048,19.528815292334087,5445,0.08271165190398348,4825,620,0,0.8861340679522498,0.11386593204775022,0.0,True,2629.0,28.928129749038145,0.7792190457082009,2629,202,0.07135287884139879,,0.2916309306731069,0.21712927295533246,
5,76,37.394093975479834,35.97768508820217,1.0,24.7660229,2.0,851.3828758899325,65.19418424730881,3508,0.0532878741743203,3292,216,0,0.9384264538198404,0.06157354618015964,0.0,True,2358.0,27.396618616562492,0.7467889961557014,2358,20,0.008410428931875526,,0.3090169943749474,0.3585701736362872,
5,110,37.394093975479834,36.12298610796072,1.8284271247461903,45.2828680424453,2.8284271247461903,837.1405800112835,38.78405929402901,3895,0.0591665535658431,3753,142,0,0.9635430038510912,0.036456996148908856,0.0,True,1853.0,24.286379291663962,0.6607003233561333,1853,6,0.0032275416890801506,,0.28172904669025317,0.32449979983983984,
5,119,37.394093975479834,36.68093515788354,1.0,24.7660229,2.0,893.9317019971667,39.085167236783825,5150,0.0782304880267245,4680,172,308,0.9087378640776699,0.033398058252427185,0.05980582524271845,True,3494.0,33.34928398520971,0.9004190582272535,3497,454,0.11490761832447481,0.40149162409079436,0.30383243470068705,0.339056738914926,0.09765918939010731
7,180,37.32779083617935,34.46594178505902,1.0,24.7660229,2.0,1118.388266245229,39.72748583662049,3414,0.05185997788800727,3377,37,0,0.989162272993556,0.010837727006444054,0.0,True,2953.0,30.6589154064643,0.8540833381156345,2953,0,0.0,,0.3090169943749474,0.3567891723253309,
7,212,37.32779083617935,34.00397770543357,2.0,49.5320458,3.0,1110.353545068575,16.410900774384476,3385,0.051419456693293675,3329,56,0,0.9834564254062038,0.01654357459379616,0.0,True,3071.0,31.265470738026977,0.8766212131636016,3071,0,0.0,,0.28172904669025317,0.31744855007789863,
8,17,37.96352159114911,37.55361251910914,1.0,24.7660229,2.0,996.1748356256544,34.91302512886468,3496,0.053105589542025024,3453,43,0,0.9877002288329519,0.012299771167048055,0.0,True,4560.0,38.09846559899868,1.0090018920308415,4560,0,0.0,,0.2989350844248255,0.4,
8,48,37.96352159114911,36.14797266019773,2.0,49.5320458,3.0,1026.2894228908215,87.83022187443751,3679,0.055885430184528045,3638,41,0,0.988855667300897,0.011144332699103017,0.0,True,2057.0,25.58834570424703,0.6905364940413952,2057,0,0.0,,0.28172904669025317,0.3126480851423008,
6,92,37.25878656814979,37.29772584049016,1.0,24.7660229,2.0,721.5918821469752,70.3022357013638,3611,0.05485248393485479,3589,22,0,0.993907504846303,0.006092495153697037,0.0,True,3348.0,32.64508384034771,0.8757138118645327,3379,435,0.1140534871525957,,0.3090169943749474,0.43308093345400983,
6,259,37.25878656814979,34.08862500564362,1.0,24.7660229,2.0,699.9350849687137,16.80553647982957,3574,0.05429043965194434,3546,28,0,0.9921656407386682,0.00783435926133184,0.0,True,3826.0,34.89775959197357,0.9782487919937898,3833,143,0.03596579476861167,,0.3090169943749474,0.4436587476542384,
7,77,37.32779083617935,35.594919349440815,1.0,24.7660229,2.0,1150.083434034931,84.02566642462348,3282,0.04985484693275919,3238,44,0,0.9865935405240707,0.01340645947592931,0.0,True,3784.0,34.70568554746418,0.9518484833907858,3784,0,0.0,,0.3090169943749474,0.369353835454132,
7,107,37.32779083617935,35.75710289054902,1.0,24.7660229,2.0,1144.9974134085414,88.13850134216594,3185,0.04838137948837234,3180,5,0,0.9984301412872841,0.0015698587127158557,0.0,True,3406.0,32.926637732115786,0.9010518057324332,3406,0,0.0,,0.3090169943749474,0.3827822185373187,
9,103,38.02927913163687,35.93700177135905,1.0,24.7660229,2.0,916.3008208751318,85.88928668503877,3526,0.05356130112276322,3480,46,0,0.9869540555870675,0.013045944412932501,0.0,True,2721.0,29.429937144107093,0.7957663082372192,2721,0,0.0,,0.30484544052339907,0.34833147735478825,
9,146,38.02927913163687,35.172376481356224,1.0,24.7660229,2.0,918.5079892401891,82.3561612772707,3691,0.05606771481682333,3641,50,0,0.9864535356272013,0.0135464643727987,0.0,True,3188.0,31.85548488335917,0.8703487541804973,3188,0,0.0,,0.3090169943749474,0.3310732117697164,
9,198,38.02927913163687,34.740220927764916,1.0,24.7660229,2.0,948.4639946139071,18.850552685039073,3565,0.054153726177722884,3513,52,0,0.985413744740533,0.014586255259467041,0.0,True,3949.0,35.454276759508005,0.9744268335103761,3949,0,0.0,,0.3090169943749474,0.4142135623730951,
9,210,38.02927913163687,34.608309513248216,1.0,24.7660229,2.0,879.4309458193034,18.555845571743475,3743,0.056857614890102874,3716,27,0,0.9927865348650815,0.007213465134918514,0.0,True,3157.0,31.700225719736242,0.8728325460999035,3157,0,0.0,,0.3090169943749474,0.4142135623730951,
8,127,37.96352159114911,35.13554343686632,6.28538328578604,155.6639463910543,7.28538328578604,1029.7014488008745,87.308438859763,5396,0.08196732298877775,4971,425,0,0.9212379540400296,0.07876204595997034,0.0,True,1882.0,24.47568601281472,0.669657977251401,1882,0,0.0,,0.2588283628687876,0.3780780313179009,
8,180,37.96352159114911,34.46594178505902,10.06225774829855,249.2021058200643,11.06225774829855,1059.1690995556235,41.72613375758128,8333,0.12658148674304762,6045,110,2181,0.7254290171606864,0.013200528021120844,0.26173046921876875,True,950.0,17.38949084575512,0.48017726585745424,953,910,0.48845947396672035,0.3232117085825545,0.23348378869759448,0.4481591494910178,0.08972791988496001
8,212,37.96352159114911,34.00397770543357,9.392304845413264,232.61003688528587,10.392304845413264,1051.1343783789694,55.68394010766531,8571,0.13019679861690403,8162,174,238,0.9522809473807023,0.020301015050752536,0.027768055069420136,True,1426.0,21.305161292468206,0.5920772988003452,1427,258,0.15311572700296736,0.38419801211395943,0.25943491014868914,0.27775185676240344,0.1247631019652703
9,82,38.02927913163687,35.64309057811344,1.0,24.7660229,2.0,908.082393082358,81.36399023185392,3825,0.058103226544120624,3661,164,0,0.9571241830065359,0.04287581699346405,0.0,True,3172.0,31.775445850136926,0.8626150068288503,3172,0,0.0,,0.30484544052339907,0.38742588672279304,
8,84,37.96352159114911,35.88164534512529,3.7320508075688767,92.42805576421429,4.732050807568877,1059.563449547242,36.22779028455144,5110,0.07762287258574023,4963,147,0,0.9712328767123287,0.028767123287671233,0.0,True,1789.0,23.86328532249492,0.6463059483117706,1789,225,0.11171797418073486,,0.27718637277259645,0.2843646522044218,
8,97,37.96352159114911,36.249331444115654,1.0,24.7660229,2.0,1016.2013224054938,71.90454345280217,3582,0.0544119627401412,3518,64,0,0.9821328866554997,0.01786711334450028,0.0,True,4173.0,36.4459484036972,0.9822004386862385,4173,321,0.07142857142857142,,0.3090169943749474,0.35388936786452296,
8,109,37.96352159114911,35.273399530514254,3.1815405503520555,78.79410612729761,4.1815405503520555,1060.4488442968423,32.297712587037466,4507,0.0684630698129024,4453,54,0,0.9880186376747282,0.0119813623252718,0.0,True,2050.0,25.544769849751454,0.6975926748017088,2050,0,0.0,,0.28172904669025317,0.24025307335204216,
8,114,37.96352159114911,35.708739722130034,1.0,24.7660229,2.0,1030.9527703330514,85.13864222093328,3386,0.05143464707931829,3341,45,0,0.9867099822799764,0.013290017720023627,0.0,True,2706.0,29.34870613865861,0.7967369431992342,2706,0,0.0,,0.3090169943749474,0.3266316347104093,
9,218,38.02927913163687,35.167744397611905,8.22446323827975,203.68724489944444,9.22446323827975,881.5578179389595,39.693353218096895,7312,0.11107210261192418,6729,583,0,0.9202680525164114,0.07973194748358862,0.0,True,2893.0,30.345848162964675,0.8291552497579027,2893,0,0.0,,0.26427884169111276,0.3155266322090722,
10,17,37.268471722359905,37.55361251910914,2.863703305156273,70.92254163430594,3.863703305156273,938.7257157222687,49.01648930302116,5030,0.0764076417037717,4961,69,0,0.9862823061630218,0.01371769383697813,0.0,True,3690.0,34.27190511217881,0.9160906291135928,3690,160,0.04155844155844156,,0.27718637277259645,0.3516287047744073,
10,50,37.268471722359905,36.056206151739175,7.840676900366725,194.18238366598334,8.840676900366725,938.169914889711,52.55940597190584,6686,0.1015629209605204,6059,627,0,0.9062219563266527,0.09377804367334729,0.0,True,2355.0,27.379185195378387,0.746793194029147,2355,0,0.0,,0.2640379757271236,0.30412917607713125,
10,63,37.268471722359905,35.60295694253179,1.0,24.7660229,2.0,898.881403768147,67.82339080518311,3304,0.05018903542530054,3286,18,0,0.9945520581113801,0.005447941888619854,0.0,True,2230.0,26.642654638565077,0.7312236119614075,2230,367,0.14131690412013861,,0.3090169943749474,0.44013402573257565,
10,138,37.268471722359905,35.141666161293315,2.1462643699419726,53.15443253543696,3.1462643699419726,883.6092928802211,38.58904130342182,4081,0.06199196536641994,3732,339,10,0.9144817446704239,0.08306787552070571,0.002450379808870375,True,2214.0,26.546903548453866,0.7332372047435888,2215,686,0.2364701826956222,0.3422031778902925,0.27429188517743175,0.3797958971132712,0.06791129271286073
10,208,37.268471722359905,34.30826400849537,1.0,24.7660229,2.0,894.0389486408608,59.06698354148711,3095,0.047014244746157736,3063,32,0,0.9896607431340873,0.010339256865912763,0.0,True,1656.0,22.959119571977435,0.6415246333196563,1658,398,0.193579766536965,,0.3090169943749474,0.4380497392704112,
10,209,37.268471722359905,34.12699972576709,9.770329614269007,241.9722069675344,10.770329614269007,909.0145418514566,84.58934076657256,8179,0.1242421672952582,3711,292,4183,0.4537229490157721,0.035701185964054284,0.511431715368627,True,2.0,0.7978845608028654,0.022351125207782273,523,754,0.5904463586530931,0.3,0.18200213598171075,0.463470479111575,0.11799786401828924
10,231,37.268471722359905,34.500072863257465,1.414213562373095,35.02444547122265,2.414213562373095,936.2314661770879,51.05345046975462,3198,0.04857885450669223,3112,86,0,0.9731081926203877,0.02689180737961226,0.0,True,2723.0,29.44075101077522,0.820436060972462,2724,60,0.021551724137931036,,0.2973757003746574,0.30901699437494745,
10,303,37.268471722359905,35.494141691078184,1.7320508075688772,42.89600996421431,2.732050807568877,922.752595379756,74.88386215385545,3681,0.05591581095657726,3465,216,0,0.941320293398533,0.05867970660146699,0.0,True,4626.0,38.373187689925054,1.054750122068544,4626,199,0.041243523316062174,,0.28989794855663564,0.35678917232533097,
11,29,37.437579088509445,36.480168784002366,8.018397960625059,198.5838275141535,9.018397960625059,1082.4074761178313,79.00313824846687,7648,0.11617607231619204,5915,1668,65,0.7734048117154811,0.21809623430962344,0.008498953974895397,True,1097.0,18.686517737224836,0.5056030053689958,1105,484,0.30459408432976715,0.398629343471749,0.23934612268287261,0.32581382078059906,0.15928322078887638
11,51,37.437579088509445,36.15077387506734,5.0,123.8301145,6.0,1091.4131460388721,88.51184311171801,5846,0.08880299669985077,5697,149,0,0.974512487170715,0.02548751282928498,0.0,True,1271.0,20.113971893676243,0.5466618312175524,1277,352,0.21608348680171885,,0.2742918851774317,0.3632995963024343,
11,65,37.437579088509445,35.67394450600643,5.741657386773941,142.19801832479757,6.741657386773941,1064.26656322284,49.78710188160301,5859,0.08900047171817066,5344,310,208,0.9121010411332992,0.05291005291005291,0.03550093872674518,True,981.0,17.670936544119517,0.4833967526685498,982,562,0.3639896373056995,0.3638926188203999,0.264908564940645,0.3390005005807729,0.0989840538797549
11,178,37.437579088509445,35.00166422487947,1.0,24.7660229,2.0,1060.0958435534908,34.69570553959809,3306,0.05021941619734975,3264,42,0,0.9872958257713249,0.012704174228675136,0.0,True,2056.0,25.582125126616702,0.7063056972017919,2056,71,0.03338034790785143,,0.3090169943749474,0.3629003269703467,
11,193,37.437579088509445,34.34399097529891,1.0,24.7660229,2.0,1073.9195874290083,62.98054108873823,3145,0.04777376404738807,3105,40,0,0.9872813990461049,0.012718600953895072,0.0,True,2203.0,26.480873838732943,0.73781818411588,2203,0,0.0,,0.3090169943749474,0.37948036503371646,
12,21,36.956015024628776,38.3501073562135,11.045361017187261,273.549663890427,12.045361017187261,645.7436586218319,85.60896494427446,10616,0.16126113803722472,10336,280,0,0.9736247174076865,0.02637528259231349,0.0,True,3470.0,33.23454986994338,0.8826520027646033,3471,606,0.14863870493009565,,0.2612038749637414,0.3440927475428355,
12,147,36.956015024628776,35.588700283162204,2.0,49.5320458,3.0,676.8911889028375,24.227873491622685,3702,0.056234809063094,3609,34,59,0.9748784440842788,0.009184224743381956,0.015937331172339277,True,3536.0,33.549124542167775,0.924922632884459,3573,1265,0.2614716825134353,0.3613020955135854,0.28172904669025317,0.3776904959776587,0.07957304882333222
12,250,36.956015024628776,38.41950974002072,1.0,24.7660229,2.0,616.1676542468219,46.34375541264024,3882,0.05896907854752321,3838,42,2,0.988665636269964,0.010819165378670788,0.0005151983513652757,True,4482.0,37.77121800889865,1.0022143959019716,4537,510,0.10105012878937983,0.3273509348149655,0.3090169943749474,0.36602540378443865,0.018333940440018126
12,326,36.956015024628776,28.396674494236546,1.0,24.7660229,2.0,629.6850169365514,66.45023257468952,3360,0.05103969704267851,3210,4,148,0.9553571428571429,0.0011904761904761906,0.04404761904761905,True,1462.0,21.572414181094846,0.6601844343335724,1951,1005,0.3399864682002706,0.37798720432169275,0.3090169943749474,0.39047244750174204,0.06897020994674535
13,16,37.958109748763604,36.830608036929014,1.0,24.7660229,2.0,717.1201928915208,89.55742324017731,3148,0.04781933520546189,2835,130,187,0.900571791613723,0.041296060991105464,0.05940279542566709,True,1958.0,24.96499062983726,0.6676138157997183,1959,433,0.1810200668896321,0.3827822185373187,0.2857142857142857,0.38742588672279304,0.097067932823033
13,22,37.958109748763604,37.84815851732274,3.8989794855663558,96.56221522616659,4.898979485566356,685.1501256950273,38.12145193418184,5598,0.0850357809657483,4800,798,0,0.857449088960343,0.14255091103965703,0.0,True,2276.0,26.916041702938184,0.710127073092706,2278,43,0.01852649719948298,,0.269128646713734,0.3090169943749474,
13,23,37.958109748763604,36.99815199889097,4.449489742783178,110.1961648630833,5.449489742783178,748.2515233978045,39.2812375820343,5302,0.08053942670246472,4294,110,902,0.8098830629950962,0.02074688796680498,0.17012448132780084,True,1112.0,18.81384047546846,0.5019951645616094,1113,959,0.46283783783783783,0.35013102009313335,0.2519346108270446,0.2790565877180663,0.09819640926608875
13,25,37.958109748763604,37.37792471159302,3.414213562373095,84.55649127122264,4.414213562373095,714.9070847001484,87.24423958860079,5709,0.08672191381447965,5604,95,10,0.9816079873883342,0.016640392362935717,0.0017516202487300753,True,1976.0,25.079480359432697,0.6658030393842946,1976,384,0.16271186440677965,0.4366207073508286,0.2785504044725916,0.3364707442038019,0.15807030287823698
13,131,37.958109748763604,35.94414801937112,1.0,24.7660229,2.0,711.6453957077531,81.99086907668712,3538,0.053743585755058505,3516,22,0,0.9937817976257772,0.006218202374222725,0.0,True,1765.0,23.702678100045794,0.6414601885212213,1769,611,0.25672268907563023,,0.3090169943749474,0.3915349052308766,
13,179,37.958109748763604,34.45441565467942,9.86645922562615,244.35295512377348,10.86645922562615,750.705809051972,35.72611047303841,8809,0.13381211049076042,2385,104,6339,0.2707458281303213,0.011806107390169145,0.7196049494834827,False,11.0,1.8712051592547776,0.05168180915744741,138,1570,0.9192037470725996,0.3189369804511973,0.10477782979607682,0.43327881504123267,0.21415915065512048
11,70,37.437579088509445,37.305218042709804,1.0,24.7660229,2.0,1123.7245874409516,34.09744084504926,3641,0.055308195515592996,3520,121,0,0.9667673716012085,0.03323262839879154,0.0,True,1941.0,24.85637723166306,0.6651176617868593,1944,703,0.26558367963732527,,0.3015154223219414,0.392280956059262,
11,93,37.437579088509445,35.476889250593025,1.0,24.7660229,2.0,1085.8194360958298,82.9344330219473,3203,0.04865480643681526,3169,34,0,0.9893849516078677,0.010615048392132375,0.0,True,2404.0,27.66255531193445,0.7587672499588017,2404,0,0.0,,0.3090169943749474,0.38510405263005587,
11,150,37.437579088509445,34.74127587752717,1.0,24.7660229,2.0,1057.8908125151795,25.426647788696187,3308,0.05024979696939896,3169,139,0,0.9579806529625151,0.04201934703748488,0.0,True,1577.0,22.404791686419177,0.6208131646577556,1581,0,0.0,,0.3090169943749474,0.38742588672279316,
11,172,37.437579088509445,37.708709508631,1.0,24.7660229,2.0,1127.4569685086494,22.518252280936235,3637,0.055247433971494564,3618,19,0,0.9947759142150123,0.005224085784987627,0.0,True,2497.0,28.19254840912622,0.7503377461598026,2502,0,0.0,,0.3090169943749474,0.36602540378443865,
13,217,37.958109748763604,35.43707512359517,2.4641016151377544,61.02599702842861,3.4641016151377544,689.5454259765775,45.528477510061094,3942,0.05988050170899961,3864,78,0,0.9802130898021308,0.0197869101978691,0.0,True,2317.0,27.157393215988957,0.7400320133594118,2317,29,0.0123614663256607,,0.2801868778094689,0.34998009106459776,
13,333,37.958109748763604,31.258738512821964,1.0,24.7660229,2.0,691.9613809180908,47.06485040410818,2429,0.03689744765376967,2408,21,0,0.9913544668587896,0.008645533141210375,0.0,True,2915.0,30.461013086004705,0.8801618060067079,2917,2,0.0006851661527920521,,0.3090169943749474,0.439607805437114,
14,15,37.09943455106695,37.170298383798624,9.071067811865476,224.65427315611325,10.071067811865476,935.4452939915006,56.75450827736044,8417,0.12785747916911458,7372,117,930,0.8758465011286681,0.013900439586551027,0.11049067363668766,True,1278.0,20.16928443308995,0.5431360430709608,1279,518,0.2882582081246522,0.3314643584960202,0.25866143856908674,0.18200213598171075,0.07280291992693344
14,27,37.09943455106695,37.01343492231761,1.0,24.7660229,2.0,922.5572009410592,2.1670641142516858,3902,0.05927288626801534,3515,387,0,0.9008200922603793,0.09917990773962071,0.0,True,2504.0,28.2320377409108,0.7618660009122842,2505,0,0.0,,0.28989794855663564,0.41421356237309503,
14,321,37.09943455106695,27.524522576173496,1.0,24.7660229,2.0,981.9823533164192,43.72914087022113,2474,0.03758101502487698,2473,0,1,0.9995957962813258,0.0,0.0004042037186742118,True,1750.0,23.60174359706574,0.7304332525040339,1753,751,0.2999201277955272,0.3228287342177362,0.3090169943749474,,0.013811739842788828
15,27,37.170298383798624,37.01343492231761,1.0,24.7660229,2.0,899.2960570439254,69.57560093747392,3701,0.05621961867706939,3674,27,0,0.992704674412321,0.007295325587679005,0.0,True,2443.0,27.88603686340174,0.7518100160403389,2443,212,0.07984934086629002,,0.3090169943749474,0.3827822185373187,
15,148,37.170298383798624,35.77408618257428,1.0,24.7660229,2.0,899.0053749387235,68.753043473156,3619,0.05497400702305165,3442,23,155,0.9510914617297596,0.0063553467808786955,0.0428295109146173,True,1813.0,24.022818811521944,0.6586612240086367,1813,699,0.27826433121019106,0.36602540378443865,0.30383243470068705,0.34514099850039526,0.062192969083751604
15,205,37.170298383798624,34.86531279291435,6.6212327846342935,163.98160277048368,7.6212327846342935,918.5342591410497,80.86691535080935,6682,0.10150215941642196,6471,211,0,0.9684226279557019,0.03157737204429811,0.0,True,1241.0,19.875174684869673,0.5518152580426704,1241,178,0.12544045102184637,,0.2711923793731366,0.26533119314590375,
14,71,37.09943455106695,35.623223189488876,3.1815405503520555,78.79410612729761,4.1815405503520555,940.361346320743,61.55961194463188,4790,0.0727619490578661,4661,129,0,0.9730688935281837,0.026931106471816284,0.0,True,2463.0,27.99995088693329,0.7700475135775554,2463,17,0.0068548387096774195,,0.27429188517743175,0.32992307237087687,
14,85,37.09943455106695,35.83795564687584,1.0,24.7660229,2.0,991.4334995387001,29.40662318582443,3408,0.051768835571859635,3406,2,0,0.9994131455399061,0.0005868544600938967,0.0,True,3843.0,34.97520396801579,0.9590473109360655,3857,539,0.12261146496815287,,0.2989350844248255,0.4370648079258189,
14,124,37.09943455106695,35.27678898369645,1.0,24.7660229,2.0,975.9204524384359,61.175604934913395,4040,0.061369159539411064,4006,34,0,0.9915841584158416,0.008415841584158416,0.0,True,3217.0,32.00004537267493,0.8842695517901629,3231,1,0.0003094059405940594,,0.3090169943749474,0.2916488613364906,
14,205,37.09943455106695,34.86531279291435,1.0,24.7660229,2.0,941.7954030381835,62.382407737506476,3832,0.058209559246292876,3792,35,5,0.9895615866388309,0.009133611691022964,0.0013048016701461378,True,2731.0,29.48396681533766,0.8194002731478642,2750,649,0.19093851132686085,0.4387496113528984,0.3090169943749474,0.3483314773547883,0.12973261697795102
15,208,37.170298383798624,34.30826400849537,1.0,24.7660229,2.0,893.6908986113701,59.253787319527596,3116,0.04733324285267448,3102,4,11,0.9955070603337612,0.0012836970474967907,0.0035301668806161745,True,2060.0,25.60699837034026,0.7164944988625265,2060,286,0.12190963341858482,0.2708131845707603,0.3090169943749474,0.43185165257813657,-0.03820380980418708
15,209,37.170298383798624,34.12699972576709,1.414213562373095,35.02444547122265,2.414213562373095,908.666491821966,84.55029131220888,3329,0.050568795075915704,3283,36,10,0.9861820366476419,0.010814058275758487,0.0030039050765995794,True,1453.0,21.505912317896396,0.6032742582993064,1454,624,0.30028873917228105,0.38072415612647104,0.28989794855663564,0.4530624961333702,0.0908262075698354
15,220,37.170298383798624,35.02503242869986,7.944271909999159,196.74802004686592,8.94427190999916,872.4137802366489,5.224218055314667,8817,0.13393363357895727,6955,24,1868,0.7888170579562209,0.0027220142905750254,0.2118634456164228,True,3.0,0.9772050238058398,0.02707114193697041,1339,665,0.3318363273453094,0.23630681346468205,0.2874819881360409,0.30734222927347565,-0.051175174671358875
15,225,37.170298383798624,34.56866590278551,1.0,24.7660229,2.0,941.1376811638297,37.110346231293654,3305,0.050204225811325144,3282,23,0,0.9930408472012103,0.006959152798789713,0.0,True,1709.0,23.323627408447816,0.6502359670338747,1709,225,0.11633919338159256,,0.3090169943749474,0.41421356237309503,
15,231,37.170298383798624,34.500072863257465,2.4641016151377544,61.02599702842861,3.4641016151377544,935.8834161475974,51.05997336654337,4094,0.06218944038473983,3885,209,0,0.9489496824621397,0.05105031753786028,0.0,True,2233.0,26.66056968349335,0.7439774405965128,2233,233,0.09448499594484996,,0.2801868778094689,0.36602540378443865,
15,237,37.170298383798624,33.74921981698591,7.547442467302883,186.92013298165568,8.547442467302883,915.3133425915878,85.53147600870861,6026,0.09153726618427997,3937,49,2043,0.6533355459674742,0.008131430467972121,0.33903086624626616,True,558.0,13.327299669871433,0.37584292753201487,559,466,0.45463414634146343,0.3228287342177362,0.22310984892548585,0.40453726661826384,0.09971888529225037
15,255,37.170298383798624,35.92547553924652,1.0,24.7660229,2.0,933.9398489748226,54.34152277836667,3487,0.05296887606780356,3408,57,23,0.9773444221393748,0.016346429595640952,0.00659592773157442,True,1485.0,21.741439257393452,0.5948754104521208,1485,405,0.21428571428571427,0.34833147735478825,0.3090169943749474,0.38742588672279316,0.03931448297984086
16,23,36.830608036929014,36.99815199889097,2.1462643699419726,53.15443253543696,3.1462643699419726,748.550049506255,34.79090818750194,4544,0.06902511409581284,4108,69,371,0.9040492957746479,0.015184859154929578,0.08164612676056338,True,1939.0,24.84356796658584,0.6730051528572963,1940,436,0.1835016835016835,0.36602540378443865,0.2791745113185196,0.41421356237309503,0.08685089246591904
17,103,37.55361251910914,35.93700177135905,1.0,24.7660229,2.0,941.7692667288834,52.28453033240567,3560,0.05407777424759985,3532,24,4,0.9921348314606742,0.006741573033707865,0.0011235955056179776,True,2487.0,28.13603893477345,0.7657042795578516,2487,293,0.10539568345323741,0.4436587476542384,0.3090169943749474,0.32837375653928724,0.134641753279291
17,191,37.55361251910914,34.925827427854074,1.0,24.7660229,2.0,966.8680876336308,86.37955644045955,3379,0.051328314377146037,3278,101,0,0.9701094998520272,0.029890500147972773,0.0,True,2034.0,25.444887669192614,0.7021270497623021,2034,0,0.0,,0.3090169943749474,0.3797958971132712,
17,209,37.55361251910914,34.12699972576709,1.0,24.7660229,2.0,934.8600074203771,35.026133058407204,3375,0.05126755283304761,3354,21,0,0.9937777777777778,0.006222222222222222,0.0,True,2045.0,25.513598672979317,0.7118688826434527,2045,249,0.10854402789886661,,0.3090169943749474,0.39564392373895996,
17,225,37.55361251910914,34.56866590278551,1.0,24.7660229,2.0,967.3311967622408,85.63473894427591,3284,0.0498852277048084,3122,162,0,0.9506699147381242,0.04933008526187576,0.0,True,2142.0,26.11167892353304,0.7240946762881563,2142,0,0.0,,0.3090169943749474,0.38742588672279304,
16,69,36.830608036929014,35.54800286176792,1.0,24.7660229,2.0,729.740106777612,70.26213825890807,3332,0.05061436623398952,3299,33,0,0.9900960384153662,0.009903961584633853,0.0,True,2297.0,27.039929891998003,0.7471801283902456,2301,154,0.06272912423625254,,0.30484544052339907,0.4270509831248423,
16,90,36.830608036929014,35.56323598646882,8.288221436384907,205.2662818937795,9.288221436384907,740.8348551078517,55.539708894908856,7736,0.11751282628635742,7502,140,94,0.9697518097207859,0.01809720785935884,0.012150982419855223,True,1627.0,22.7572007246284,0.6287054108433096,1631,339,0.17208121827411169,0.3683143208792159,0.26427884169111276,0.3658111204080464,0.10403547918810313
16,129,36.830608036929014,35.38954829840609,8.061187436893428,199.64355266329494,9.061187436893428,727.6507732823165,75.48090650420626,7491,0.11379118171032879,7284,38,171,0.9723668402082499,0.005072753971432385,0.022827392871445733,True,1535.0,22.104426599487233,0.6121400927699797,1549,633,0.2901008249312557,0.32173116003258956,0.26533119314590375,0.3310104171252223,0.056399966886685804
16,186,36.830608036929014,35.70106187281894,7.639192214932638,189.19240933252343,8.639192214932638,701.7720942799483,67.48373336150301,6916,0.10505670974617994,6822,94,0,0.9864083285135917,0.013591671486408328,0.0,True,2247.0,26.744014550081626,0.7374437837529324,2247,0,0.0,,0.26889823853821654,0.2505244796224848,
16,217,36.830608036929014,35.43707512359517,1.0,24.7660229,2.0,689.8439520850281,41.36086950049577,3290,0.04997637002095604,3249,41,0,0.9875379939209726,0.012462006079027355,0.0,True,3150.0,31.665061842335643,0.8763270235742802,3150,5,0.001584786053882726,,0.3090169943749474,0.4142135623730951,
16,267,36.830608036929014,34.752019529092614,1.414213562373095,35.02444547122265,2.414213562373095,746.739506709378,37.716852731685215,3345,0.05081184125230941,3117,203,27,0.9318385650224216,0.06068759342301943,0.008071748878923767,True,1715.0,23.36453412343591,0.6527990077449024,1717,553,0.24361233480176211,0.29581631632448924,0.28989794855663564,0.36602540378443865,0.005918367767853594
17,19,37.55361251910914,37.52995471997314,2.23606797749979,55.37851073671648,3.23606797749979,964.9972172607158,89.37901395308117,4375,0.06645793885765432,4268,107,0,0.9755428571428572,0.024457142857142858,0.0,True,1986.0,25.142860496789307,0.6697300467019373,1999,0,0.0,,0.280957962249861,0.4068781988545112,
17,48,37.55361251910914,36.14797266019773,3.6855577202829677,91.27660689979977,4.685557720282968,994.6857685563562,39.70849931561552,5281,0.08022042859594798,5200,81,0,0.9846619958341223,0.015338004165877675,0.0,True,1971.0,25.04773015002061,0.6797066871515061,1971,0,0.0,,0.2791745113185196,0.34514099850039526,
18,59,36.96108352586385,35.88003826238517,3.0,74.2980687,4.0,1149.9644323698453,88.53478111977904,4707,0.07150114701782373,4607,100,0,0.9787550456766518,0.021244954323348206,0.0,True,1864.0,24.35835848013133,0.6688078898878492,1864,0,0.0,,0.2801868778094689,0.2742918851774318,
18,84,36.96108352586385,35.88164534512529,3.6855577202829677,91.27660689979977,4.685557720282968,1120.1677012055754,42.16034282849768,5011,0.07611902436930418,4849,154,8,0.9676711235282379,0.030732388744761526,0.0015964877270005988,True,2236.0,26.678472698169138,0.7324951470563124,2237,321,0.1254886630179828,0.3007684720382281,0.2742918851774318,0.3633002698206782,0.026476586860796292
18,88,36.96108352586385,36.22745587059799,1.0,24.7660229,2.0,1119.9722047123037,37.53085784066747,3590,0.05453348582833805,3540,15,36,0.9860724233983287,0.004178272980501393,0.010027855153203343,True,1670.0,23.055964736417568,0.6300430347850928,1672,389,0.18874332848131975,0.38742588672279316,0.3090169943749474,0.38742588672279316,0.07840889234784576
18,100,36.96108352586385,35.3063072377907,3.16227766016838,78.31704094788851,4.16227766016838,1148.0835124234989,88.64744913758359,4647,0.07058972385634733,4631,16,0,0.9965569184420056,0.003443081557994405,0.0,True,1770.0,23.7362275550541,0.6569000846504,1771,337,0.15986717267552183,,0.2791745113185196,0.3934479147484602,
19,156,37.52995471997314,35.115097416151045,1.0,24.7660229,2.0,937.807029984991,41.00495416702529,3270,0.04967256230046391,2233,0,1053,0.6828746177370031,0.0,0.3220183486238532,True,2860.0,30.172276587716105,0.8306767137059387,2861,665,0.18859897901304595,0.38742588672279316,0.25355482027512377,,0.13387106644766938
19,166,37.52995471997314,34.965316634264894,1.0,24.7660229,2.0,978.6674265938996,68.70902665529009,3278,0.04979408538866076,3260,18,0,0.9945088468578401,0.005491153142159854,0.0,True,1983.0,25.12386324398493,0.6931172964708463,1983,0,0.0,,0.3090169943749474,0.3585701736362872,
19,178,37.52995471997314,35.00166422487947,1.0,24.7660229,2.0,997.6205593620315,28.222869249866484,3448,0.0523764510128439,3364,84,0,0.9756380510440835,0.024361948955916472,0.0,True,2230.0,26.642654638565077,0.7346493853617709,2230,113,0.04822876653862569,,0.3090169943749474,0.37798720432169275,
19,209,37.52995471997314,34.12699972576709,10.31370849898476,255.42954086978116,11.31370849898476,935.2860433899039,43.48641907240194,8523,0.1294676600877229,8060,463,0,0.945676405021706,0.054323594978294025,0.0,True,1148.0,19.115955360352558,0.53354082679658,1148,100,0.08012820512820513,,0.2752232308476545,0.1779738764024757,
19,225,37.52995471997314,34.56866590278551,1.0,24.7660229,2.0,967.7572327317675,86.33242613986361,3166,0.04809276215390481,3069,97,0,0.9693619709412508,0.03063802905874921,0.0,True,2197.0,26.444788143333426,0.7335726513188204,2197,0,0.0,,0.3090169943749474,0.3761785115301142,
19,237,37.52995471997314,33.74921981698591,1.0,24.7660229,2.0,941.9328941595257,50.188985630014415,2997,0.04552558691574628,2986,11,0,0.9963296629963296,0.003670337003670337,0.0,True,1685.0,23.159278015941847,0.6498189174155911,1685,355,0.17401960784313725,,0.3090169943749474,0.30484544052339907,
20,53,36.733025993499844,36.04255090884687,10.180339887498949,252.12653078358238,11.180339887498949,856.9051932388227,79.02668666426429,9165,0.1392198879155204,9066,99,0,0.9891980360065467,0.010801963993453356,0.0,True,1943.0,24.86917989912625,0.683448512747532,1943,0,0.0,,0.2663346240702891,0.3813570972530607,
20,80,36.733025993499844,37.098972009298166,1.0,24.7660229,2.0,886.334518267394,5.606283163865879,3248,0.04933837380792256,3220,28,0,0.9913793103448276,0.008620689655172414,0.0,True,3290.0,32.361080413741924,0.876613969258032,3290,0,0.0,,0.30484544052339907,0.4,
20,108,36.733025993499844,35.555054525553416,2.23606797749979,55.37851073671648,3.23606797749979,860.215624734688,72.61263126873227,3805,0.05779941882362849,3772,33,0,0.9913272010512484,0.008672798948751642,0.0,True,1978.0,25.092169194223484,0.6942270154098181,1982,399,0.16757664846703066,,0.28172904669025317,0.32037724101704074,
20,152,36.733025993499844,34.711448851125965,1.0,24.7660229,2.0,830.4532589715909,59.04786968413006,3228,0.049034566087430426,3103,94,31,0.961276332094176,0.029120198265179677,0.009603469640644362,True,3123.0,31.529062379842163,0.8826172338283719,3123,47,0.014826498422712935,0.34514099850039526,0.30484544052339907,0.376931296631122,0.04029555797699619
20,222,36.733025993499844,35.664062041282264,2.1462643699419726,53.15443253543696,3.1462643699419726,838.2105416957154,73.79998018567952,3782,0.057450039945062537,2118,7,1666,0.5600211528291908,0.0018508725542041248,0.4405076679005817,True,14.0,2.111004122822376,0.058317376572057024,1690,1210,0.41724137931034483,0.37406669614897287,0.21089672205953397,0.3699677034698106,0.1631699740894389
20,322,36.733025993499844,35.40358484036005,6.483314773547883,160.56592214959517,7.483314773547883,866.5237720944824,64.44056596989235,6360,0.09661085511649861,6285,75,0,0.9882075471698113,0.01179245283018868,0.0,True,1443.0,21.431779341977418,0.5941997854969269,1443,0,0.0,,0.26675650430010106,0.3885620414102133,
21,96,38.3501073562135,35.64672322479585,1.0,24.7660229,2.0,657.8608044655964,76.85806071729202,3008,0.045692681162016954,2968,40,0,0.9867021276595744,0.013297872340425532,0.0,True,2591.0,28.718302789374615,0.7762035904479649,2595,1122,0.3018563357546408,,0.29339977411634566,0.4432564360883089,
21,154,38.3501073562135,35.33029437183157,3.16227766016838,78.31704094788851,4.16227766016838,639.5403686844809,76.0019583205155,4120,0.0625843904213796,4032,88,0,0.9786407766990292,0.021359223300970873,0.0,True,3635.0,34.015532279799466,0.9233264608233559,3635,937,0.20494313210848644,,0.27429188517743175,0.37453334807448646,
22,25,37.84815851732274,37.37792471159302,1.0,24.7660229,2.0,683.2355436121055,39.03182301610893,3623,0.055034768567150075,3610,13,0,0.9964118134142975,0.0035881865857024567,0.0,True,2900.0,30.38253889873249,0.8077660724745512,2900,228,0.07289002557544758,,0.3090169943749474,0.392280956059262,
22,28,37.84815851732274,37.57600067464897,1.0,24.7660229,2.0,634.7000350174173,60.78423550268196,3682,0.055931001342601865,3622,60,0,0.9837045084193373,0.016295491580662683,0.0,True,3308.0,32.44948541188257,0.8604533549864631,3308,116,0.03387850467289719,,0.3008613653919205,0.41421356237309503,
22,46,37.84815851732274,37.44887435999587,6.894954260780955,170.7605951169537,7.894954260780955,623.6270240743374,44.64585190504295,7109,0.10798845424892903,3052,4057,0,0.42931495287663524,0.5706850471233648,0.0,True,691.0,14.830783234644061,0.39392742762673916,1317,0,0.0,,0.1440053834963787,0.3492898867672912,
22,175,37.84815851732274,36.1669028609871,3.0,74.2980687,4.0,615.3050815779784,9.926673837945012,4775,0.07253409326749699,4157,618,0,0.8705759162303665,0.12942408376963352,0.0,True,1325.0,20.53681083307539,0.554935994124399,1641,6,0.0036429872495446266,,0.2572842744474721,0.356789172325331,
22,184,37.84815851732274,39.94887713154465,1.0,24.7660229,2.0,630.9024734340417,55.40328088642864,3541,0.053789156913132324,3496,45,0,0.9872917255012709,0.012708274498729173,0.0,True,2497.0,28.19254840912622,0.7247717904412637,2499,360,0.1259181532004197,,0.29581631632448924,0.40149162409079436,
22,211,37.84815851732274,34.46607576449437,1.0,24.7660229,2.0,638.0911902626758,65.698408495761,3004,0.04563191961791853,2971,33,0,0.9890146471371505,0.010985352862849533,0.0,True,2631.0,28.939131129830994,0.8003716396152875,2631,4,0.0015180265654648956,,0.30383243470068705,0.38742588672279304,
22,217,37.84815851732274,35.43707512359517,1.0,24.7660229,2.0,657.8738848885346,83.22196495894033,3387,0.051449837465342894,3306,81,0,0.9760850310008857,0.023914968999114262,0.0,True,2144.0,26.123866405607867,0.7129367024633985,2145,0,0.0,,0.30484544052339907,0.40453726661826384,
22,226,37.84815851732274,35.041890092227234,9.6878320578688,239.92907059653282,10.6878320578688,653.5808729737097,89.8617266706557,8384,0.12735619643030258,8080,304,0,0.9637404580152672,0.03625954198473282,0.0,True,1932.0,24.798683434954437,0.6804408532581315,1933,273,0.12375339981867634,,0.2576674052298064,0.40936664366654624,
23,78,36.99815199889097,35.61739038025937,3.2426406871192857,80.30731351366796,4.242640687119286,808.72060039741,40.646359254785786,4679,0.07107581620913475,4045,634,0,0.8645009617439624,0.13549903825603762,0.0,True,1766.0,23.70939178892142,0.6530114907116346,1766,299,0.14479418886198547,,0.2742918851774318,0.3008613653919205,
23,129,36.99815199889097,35.38954829840609,1.0,24.7660229,2.0,758.7821037886004,55.46236935941153,3099,0.04707500629025616,2962,68,69,0.9557921910293643,0.021942562116811875,0.022265246853823813,True,2122.0,25.989489769558844,0.7180636948768847,2122,34,0.015769944341372914,0.34514099850039526,0.29460804522041745,0.4195106216501436,0.05053295327997781
23,151,36.99815199889097,34.792364223190646,1.0,24.7660229,2.0,793.3042847845504,68.18952565305042,3118,0.04736362362472369,3086,32,0,0.9897370109044259,0.010262989095574085,0.0,True,1579.0,22.41899440840747,0.6245670204976671,1579,373,0.1910860655737705,,0.3090169943749474,0.35275903631946515,
23,220,36.99815199889097,35.02503242869986,2.1462643699419726,53.15443253543696,3.1462643699419726,806.1623951957349,46.02961448870764,3261,0.04953584882624245,3052,209,0,0.9359092302974548,0.06409076970254524,0.0,True,1579.0,22.41899440840747,0.6225493800804272,1580,378,0.1930541368743616,,0.28436465220442186,0.30901699437494745,
23,263,36.99815199889097,35.54812880887022,1.0,24.7660229,2.0,814.6211167593849,20.04156655731669,3436,0.05219416638054862,3297,139,0,0.9595459837019791,0.04045401629802096,0.0,True,1493.0,21.79992339602136,0.600993549312018,1493,76,0.04843849585723391,,0.2989350844248255,0.41421356237309503,
23,267,36.99815199889097,34.752019529092614,1.0,24.7660229,2.0,777.8708372156616,87.16876371006117,3079,0.04677119856976403,2883,168,31,0.936342968496265,0.05456316986034427,0.01006820396232543,True,1344.0,20.683531783305643,0.5765430616493724,1344,689,0.338908017707821,0.4068781988545112,0.30216947925196225,0.381289057825295,0.10470871960254896
18,163,36.96108352586385,35.13670369587606,1.0,24.7660229,2.0,1131.598577895582,61.45051566139489,3260,0.04952065844021784,3204,56,0,0.9828220858895705,0.01717791411042945,0.0,True,2514.0,28.288355446473904,0.7847218766776247,2514,0,0.0,,0.3090169943749474,0.30901699437494745,
18,285,36.96108352586385,61.042041869484365,15.03329637837291,372.3149623692705,16.03329637837291,1187.676922284134,36.65087878319191,3253,0.04941432573804559,2160,1093,0,0.6640024592683677,0.33599754073163235,0.0,False,15.0,2.1850968611841584,0.04459239136240599,1470,127,0.07952410770194114,,0.07823042940333,0.17988409237881514,
19,36,37.52995471997314,36.76761244237651,10.06225774829855,249.2021058200643,11.06225774829855,960.7614652333863,83.76837847209448,9579,0.1455087077297076,9110,104,366,0.9510387305564255,0.010857083202839546,0.038208581271531476,True,2179.0,26.336234392837557,0.7089393475102497,2179,477,0.17959337349397592,0.34236638344643355,0.26049761706712177,0.22605473536851695,0.08186876637931179
19,48,37.52995471997314,36.14797266019773,1.0,24.7660229,2.0,995.1118045258829,37.62792948907279,3366,0.051130839358826154,3187,179,0,0.9468211527035056,0.05317884729649436,0.0,True,2258.0,26.809396170055738,0.727745666126624,2261,370,0.14063093880653743,,0.3090169943749474,0.3660254037844387,
23,282,36.99815199889097,36.683419029928984,1.0,24.7660229,2.0,784.2827066910717,81.30259560007883,7726,0.11736092242611136,7535,136,56,0.9752782811286564,0.01760289930106135,0.007248252653378203,True,2084.0,25.75573339679963,0.6991092355163134,2086,250,0.10702054794520548,0.38310604292272865,0.32037724101704074,0.3874258867227931,0.06272880190568791
24,92,36.67543395805506,37.29772584049016,1.0,24.7660229,2.0,672.9208333726781,15.865012781206135,3078,0.04675600818373942,3036,12,30,0.98635477582846,0.003898635477582846,0.009746588693957114,True,3423.0,33.00870703931185,0.8924509140668345,3423,307,0.08230563002680966,0.377167341131748,0.3090169943749474,0.41421356237309503,0.0681503467568006
24,128,36.67543395805506,35.798071705600336,1.0,24.7660229,2.0,608.7065500246622,39.88781034526262,3485,0.05293849529575435,3445,40,0,0.9885222381635581,0.011477761836441894,0.0,True,3934.0,35.38687740175774,0.9765465897561468,3934,0,0.0,,0.3090169943749474,0.439607805437114,
24,134,36.67543395805506,44.4526147691647,12.676621819175889,313.9495062683497,13.676621819175889,598.8403097359108,28.122158382613332,11495,0.174613487352854,5402,170,5936,0.4699434536755111,0.01478903871248369,0.5163984341017834,True,3000.0,30.90193616185517,0.761806468827028,3001,1284,0.2996499416569428,0.3133921657949117,0.16807436035343967,0.4575237861092833,0.14531780544147202
24,194,36.67543395805506,36.829845387931286,1.0,24.7660229,2.0,640.8051714455373,83.63379667522534,3209,0.0487459487529629,3206,3,0,0.9990651293237769,0.0009348706762231225,0.0,True,3103.0,31.42794261208173,0.8551206904241991,3103,0,0.0,,0.3090169943749474,0.34514099850039526,
24,201,36.67543395805506,35.12967650967651,1.0,24.7660229,2.0,638.0524553958833,87.85866465370711,3341,0.05075107970821098,3197,144,0,0.9568991319964083,0.04310086800359174,0.0,True,3454.0,33.15783990067527,0.9235509752631337,3454,87,0.024569330697543065,,0.30484544052339907,0.41421356237309503,
24,245,36.67543395805506,36.24969480404355,1.0,24.7660229,2.0,641.8734129279408,81.4680504937092,3594,0.054594247372436476,3584,10,0,0.9972175848636616,0.0027824151363383415,0.0,True,3870.0,35.097852634189316,0.9625722499219153,3870,238,0.057935735150925025,,0.3090169943749474,0.3306338781029041,
24,259,36.67543395805506,34.08862500564362,3.7320508075688767,92.42805576421429,4.732050807568877,651.2640361944166,65.6790190625543,6223,0.09452977223112749,6154,69,0,0.9889121002731801,0.011087899726819861,0.0,True,4565.0,38.11934719311185,1.0773646325931283,4566,328,0.06702084184715978,,0.27669677546737487,0.3405424265831667,
25,117,37.37792471159302,35.65010467869589,10.06225774829855,249.2021058200643,11.06225774829855,724.8861105733757,73.56420553204978,9964,0.15135700634918114,4712,5252,0,0.4729024488157367,0.5270975511842634,0.0,True,3.0,0.9772050238058398,0.02676246454859937,2249,0,0.0,,0.16529601915024647,0.3362510372077005,
25,125,37.37792471159302,35.605342404496575,5.741657386773941,142.19801832479757,6.741657386773941,737.8737972559886,51.17516005720651,6268,0.0952133396022348,6058,154,57,0.9664964901084876,0.024569240587109124,0.009093809827696234,True,2387.0,27.56457324757103,0.7553669309905217,2387,166,0.06502154328241284,0.2,0.27429188517743175,0.28436465220442186,-0.07429188517743174
25,129,37.37792471159302,35.38954829840609,1.0,24.7660229,2.0,725.4376650909442,70.17867442382425,3313,0.050325748899521995,3289,24,0,0.9927558104437066,0.00724418955629339,0.0,True,2458.0,27.971515873112015,0.7687917338910037,2458,319,0.11487216420597768,,0.3090169943749474,0.42583274182484154,
25,131,37.37792471159302,35.94414801937112,2.6502815398728847,65.63693330793913,3.6502815398728847,709.7308136248314,85.15627402109045,4383,0.06657946194585117,4270,111,2,0.974218571754506,0.025325119780971937,0.0004563084645220169,True,1929.0,24.7794223187009,0.6759062147526136,1929,301,0.1349775784753363,0.2223268253655865,0.27669677546737487,0.38742588672279304,-0.054369950101788356
25,226,37.37792471159302,35.041890092227234,1.414213562373095,35.02444547122265,2.414213562373095,683.3378319788308,37.149898642661405,3778,0.05738927840096411,3761,17,0,0.9955002646903124,0.004499735309687666,0.0,True,2755.0,29.613235831910423,0.817821363176098,2766,0,0.0,,0.2989350844248255,0.4211646096066227,
25,282,37.37792471159302,36.683419029928984,1.0,24.7660229,2.0,750.9382679934156,7.915572747947196,3595,0.05460943775846108,3521,74,0,0.9794158553546592,0.02058414464534075,0.0,True,2345.0,27.320993450110652,0.7377936199878404,2346,296,0.11203633610900833,,0.3090169943749474,0.30693121744917323,
26,126,36.927734074559524,39.77268208815821,1.0,24.7660229,2.0,616.6922649369039,86.39552752046083,4744,0.07206319130073419,4317,176,254,0.909991568296796,0.03709949409780776,0.05354131534569983,True,1959.0,24.97136494134924,0.6511402725214216,2020,326,0.13895993179880647,0.3797958971132713,0.29581631632448924,0.4,0.08397958078878204
26,171,36.927734074559524,34.48769978943581,1.0,24.7660229,2.0,586.4427889623614,38.61432914532154,3240,0.04921685071972571,3240,0,0,1.0,0.0,0.0,True,3957.0,35.490170746690694,0.9939075862586995,3958,43,0.010747313171707074,,0.3090169943749474,,
26,262,36.927734074559524,36.34591029267852,1.0,24.7660229,2.0,588.2700637786215,43.48307772866652,3562,0.054108155019649065,3112,83,370,0.8736664795058956,0.02330151600224593,0.10387422796181921,True,1137.0,19.02415150778005,0.5192631449429064,1250,723,0.36644703497212366,0.3851040526300559,0.3015154223219414,0.39564392373896,0.08358863030811453
26,277,36.927734074559524,33.40013673632612,1.414213562373095,35.02444547122265,2.414213562373095,641.1844244919762,44.41912539634951,2246,0.03411760701126665,2225,15,6,0.9906500445235975,0.006678539626001781,0.0026714158504007124,True,2234.0,26.666538690549782,0.7583490978208948,2479,299,0.10763138948884089,0.34290094767671264,0.28989794855663564,0.339056738914926,0.053002999120077
26,279,36.927734074559524,35.64446856574113,1.0,24.7660229,2.0,645.1664737888239,17.638233842731825,4950,0.07519241082180317,4740,64,149,0.9575757575757575,0.01292929292929293,0.0301010101010101,True,3516.0,33.454111254406506,0.9219538621480076,3531,1128,0.2421120412105602,0.39564392373895996,0.3090169943749474,0.4142135623730951,0.08662692936401256
27,71,37.01343492231761,35.623223189488876,2.449489742783178,60.66411906308329,3.449489742783178,904.212109373168,62.98282058983908,3809,0.057860180367726916,3788,21,0,0.9944867419270149,0.005513258072985036,0.0,True,2526.0,28.355789047393042,0.7807569837187772,2541,0,0.0,,0.28172904669025317,0.25,
27,98,37.01343492231761,36.01888999398882,1.7320508075688772,42.89600996421431,2.732050807568877,856.6425459080531,37.783816911578405,4986,0.075739264718689,4894,92,0,0.981548335338949,0.018451664661050943,0.0,True,3008.0,30.943111311580196,0.8473812478800414,3018,260,0.07931665649786455,,0.28989794855663564,0.3562297707504051,
27,205,37.01343492231761,34.86531279291435,1.0,24.7660229,2.0,905.6461660906084,58.22390070674554,4024,0.06112611336301736,4016,8,0,0.9980119284294234,0.0019880715705765406,0.0,True,2984.0,30.81942083122964,0.8575391700848634,3009,0,0.0,,0.3090169943749474,0.2746350338634948,
27,208,37.01343492231761,34.30826400849537,6.6212327846342935,163.98160277048368,7.6212327846342935,880.8028055609288,81.92572448186002,5886,0.08941061214083504,5883,3,0,0.9994903160040775,0.0005096839959225281,0.0,True,1498.0,21.836396440423,0.6123352855519,1498,0,0.0,,0.2711923793731366,0.19596912894928778,
27,229,37.01343492231761,34.62338481649344,1.0,24.7660229,2.0,856.6618616578468,33.69954397349968,3704,0.05626518983514322,3491,213,0,0.9424946004319654,0.057505399568034556,0.0,True,2878.0,30.26707538625015,0.8450144910565368,2890,0,0.0,,0.3090169943749474,0.3333333333333333,
29,116,36.480168784002366,35.246068253205905,6.8173377998059435,168.8383440670296,7.8173377998059435,1072.1247139626255,86.64912511163453,8019,0.12181170553132112,7822,25,173,0.9754333458037162,0.0031175957101883026,0.021573762314503055,True,2423.0,27.771655590247494,0.7743792714468162,2433,488,0.1670660732625813,0.3678838318374983,0.2658626798938589,0.3377053396747006,0.10202115194363937
29,150,36.480168784002366,34.74127587752717,6.8173377998059435,168.8383440670296,7.8173377998059435,1049.9244670198495,52.10963419546308,5711,0.08675229458652886,4439,1272,0,0.7772719313605323,0.2227280686394677,0.0,True,966.0,17.535317221354788,0.49241677993725214,967,0,0.0,,0.24025307335204216,0.3413777695585852,
29,233,36.480168784002366,34.87591474809508,1.0,24.7660229,2.0,1038.7013268579806,3.404145674645782,3216,0.04885228145513515,3051,165,0,0.9486940298507462,0.051305970149253734,0.0,True,2110.0,25.915899749917973,0.7263823479958921,2110,0,0.0,,0.30484544052339907,0.4,
30,31,37.47291796875051,37.14009314376468,6.348469228349534,157.22633428924988,7.348469228349534,1106.1227842642584,13.141768314192973,6635,0.10078821127326545,5982,576,79,0.9015825169555388,0.08681235870384325,0.011906556141672946,True,887.0,16.80300178673508,0.4504040658913077,887,359,0.2881219903691814,0.367798623311118,0.2612038749637414,0.3443593434156103,0.10659474834737659
28,211,37.57600067464897,34.46607576449437,10.06225774829855,249.2021058200643,11.06225774829855,619.3126406731087,85.35469262780062,7654,0.11626721463233967,7555,99,0,0.9870655866213744,0.012934413378625555,0.0,True,1959.0,24.97136494134924,0.6932438978891314,1959,0,0.0,,0.26697807758999403,0.3363030276091882,
29,65,36.480168784002366,35.67394450600643,1.0,24.7660229,2.0,1056.3002177275098,59.89521848836085,3365,0.05111564897280155,3287,78,0,0.9768202080237741,0.023179791976225855,0.0,True,1508.0,21.909160375631842,0.6072879112954358,1512,503,0.24962779156327544,,0.3090169943749474,0.3585701736362872,
29,74,36.480168784002366,35.63118533971885,1.0,24.7660229,2.0,1108.1986482404227,20.03868304853229,3205,0.04868518720886447,3190,15,0,0.9953198127925117,0.0046801872074883,0.0,True,3064.0,31.229817342839755,0.866155343283635,3066,463,0.13119863984131483,,0.3090169943749474,0.30901699437494745,
29,93,36.480168784002366,35.476889250593025,1.0,24.7660229,2.0,1077.8530906004999,84.7144842499626,3023,0.04592053695238605,3017,6,0,0.99801521667218,0.0019847833278200462,0.0,True,2379.0,27.5183433227954,0.7648545972951027,2379,0,0.0,,0.3090169943749474,0.3303228495746774,
28,39,37.57600067464897,36.957762940717856,10.23606797749979,253.50669393671646,11.23606797749979,644.5079905136308,48.3927155684015,9499,0.14429347684773905,5955,17,3537,0.6269080955890094,0.0017896620696915464,0.37235498473523526,True,1590.0,22.496949104983706,0.6036713568116517,1659,874,0.34504540071061984,0.3244997998398398,0.20894541729001365,0.41274376343192754,0.11555438254982614
28,79,37.57600067464897,36.01318465796191,1.0,24.7660229,2.0,595.710843661039,56.79685358515024,3815,0.05795132268387456,3763,52,0,0.9863695937090432,0.01363040629095675,0.0,True,3766.0,34.62304191384916,0.9409817966419596,3770,0,0.0,,0.3090169943749474,0.3733744816363991,
28,87,37.57600067464897,35.47233635906005,1.0,24.7660229,2.0,649.8845355296544,22.512196910074685,3376,0.05128274321907222,3279,5,92,0.9712677725118484,0.001481042654028436,0.027251184834123223,True,2732.0,29.489364337912,0.8073931737639362,2899,996,0.2557124518613607,0.39564392373895996,0.3090169943749474,0.392280956059262,0.08662692936401256
28,175,37.57600067464897,36.1669028609871,1.0,24.7660229,2.0,596.5265319884113,59.24408911569362,3256,0.04945989689611941,3215,41,0,0.9874078624078624,0.012592137592137592,0.0,True,2971.0,30.752214096745004,0.8340386022875836,2971,0,0.0,,0.29339977411634566,0.41421356237309503,
30,37,37.47291796875051,36.496008003616595,2.863703305156273,70.92254163430594,3.863703305156273,1055.017905536799,74.00065762475383,4154,0.06310086354621623,4103,51,0,0.9877226769378912,0.01227732306210881,0.0,True,2726.0,29.456964367310718,0.796468624630702,2726,0,0.0,,0.27718637277259645,0.3550392228080413,
30,65,37.47291796875051,35.67394450600643,1.0,24.7660229,2.0,1052.032879283759,67.80375025594188,3533,0.053667633824935466,3510,23,0,0.9934899518822531,0.006510048117746957,0.0,True,1959.0,24.97136494134924,0.6827733711741056,1960,563,0.22314704716607214,,0.3090169943749474,0.35388936786452296,
30,91,37.47291796875051,35.37734461040603,4.977725364273731,123.27846036151405,5.977725364273731,1045.8200569064288,59.744655592046634,5335,0.08104070944127674,5281,54,0,0.9898781630740393,0.010121836925960637,0.0,True,1804.0,23.96311821686732,0.6578732146869021,1806,136,0.07003089598352215,,0.2742918851774318,0.34180637870021013,
30,105,37.47291796875051,35.407330270704115,2.863703305156273,70.92254163430594,3.863703305156273,1045.7367595504372,58.651993366198106,4055,0.061597015329780166,3930,125,0,0.969173859432799,0.030826140567200986,0.0,True,1946.0,24.888371552065365,0.682993599865148,1946,61,0.030393622321873443,,0.27718637277259645,0.3613020955135854,
30,130,37.47291796875051,35.41272483695998,1.0,24.7660229,2.0,1081.2476931431756,65.75407358248621,3179,0.0482902371722247,3104,75,0,0.976407675369613,0.023592324630386914,0.0,True,2189.0,26.396597145395802,0.7243291306563785,2189,0,0.0,,0.29581631632448924,0.37406669614897287,
30,163,37.47291796875051,35.13670369587606,1.7320508075688772,42.89600996421431,2.732050807568877,1090.0583081246887,49.413024776866045,3944,0.059910882481048824,3921,21,2,0.9941683569979716,0.005324543610547667,0.0005070993914807302,True,2118.0,25.964982937357547,0.7151940016238091,2118,345,0.14007308160779536,0.3389950506376359,0.28989794855663564,0.392280956059262,0.049097102081000266
30,166,37.47291796875051,34.965316634264894,1.0,24.7660229,2.0,1028.909026846278,9.409465879823292,2949,0.04479644838656516,2800,149,0,0.9494743981010512,0.050525601898948794,0.0,True,2177.0,26.324145232506833,0.7268025063496242,2177,114,0.04975993016150153,,0.28989794855663564,0.36602540378443865,
30,178,37.47291796875051,35.00166422487947,2.1462643699419726,53.15443253543696,3.1462643699419726,1047.86215961441,61.812889439712926,3639,0.05527781474354378,3617,22,0,0.9939543830722726,0.006045616927727398,0.0,True,2478.0,28.085083193101518,0.7750326346985139,2478,110,0.04250386398763524,,0.2898979485566356,0.36878530909172347,
30,199,37.47291796875051,34.31792910836131,1.0,24.7660229,2.0,1080.1084295278974,66.96255427947918,3283,0.0498700373187838,3234,49,0,0.9850746268656716,0.014925373134328358,0.0,True,1730.0,23.466488938440662,0.6537459827778572,1734,447,0.20495185694635487,,0.3090169943749474,0.38742588672279304,
31,59,37.14009314376468,35.88003826238517,7.0710678118654755,175.12222735611326,8.071067811865476,1148.6404931282104,86.78130890325355,6310,0.09585133581526828,6198,112,0,0.9822503961965134,0.01774960380348653,0.0,True,2048.0,25.532305945691693,0.6993223773777357,2048,0,0.0,,0.2711923793731366,0.2990366769397724,
31,70,37.14009314376468,37.305218042709804,1.0,24.7660229,2.0,1151.7072340311292,81.15250510839,3631,0.055156291655346926,3613,14,4,0.995042687964748,0.003855687138529331,0.001101624896722666,True,1324.0,20.529059630371258,0.5515205538989286,1336,999,0.4278372591006424,0.4019754503326363,0.30484544052339907,0.30433893761204306,0.09713000980923725
31,130,37.14009314376468,35.41272483695998,1.0,24.7660229,2.0,1121.464023672434,47.07024578604811,3589,0.054518295442313444,3534,55,0,0.9846753970465311,0.015324602953468934,0.0,True,1691.0,23.200474511026496,0.6395471645826422,1691,0,0.0,,0.3090169943749474,0.35388936786452296,
32,125,36.85493756031004,35.605342404496575,1.0,24.7660229,2.0,776.941082899719,67.18269376863752,3610,0.054837293548830185,3458,152,0,0.9578947368421052,0.042105263157894736,0.0,True,3532.0,33.53014342350997,0.9254765076755236,3532,0,0.0,,0.29581631632448924,0.37512260383954354,
32,152,36.85493756031004,34.711448851125965,1.0,24.7660229,2.0,801.559569808288,73.46332488475564,2770,0.04207736928816056,2678,92,0,0.9667870036101083,0.0332129963898917,0.0,True,3026.0,31.03555566752673,0.867322138890818,3026,235,0.07206378411530205,,0.3090169943749474,0.3585701736362872,
32,282,36.85493756031004,36.683419029928984,1.0,24.7660229,2.0,790.005553637146,88.20613510732434,3578,0.054351201196042774,3532,46,0,0.9871436556735607,0.012856344326439352,0.0,True,2409.0,27.69130758589691,0.7531119505483336,2409,170,0.06591702210158977,,0.3090169943749474,0.39676490936081604,
33,44,36.26210522782667,36.38862987825694,5.741657386773941,142.19801832479757,6.741657386773941,931.8698551771855,63.61382990918657,6616,0.10049959393879793,5901,56,669,0.8919286577992744,0.008464328899637243,0.10111850060459492,True,1766.0,23.70939178892142,0.6526951655561719,1766,272,0.13346418056918546,0.24336073281110826,0.27718637277259645,0.383140618213747,-0.033825639961488185
31,163,37.14009314376468,35.13670369587606,1.0,24.7660229,2.0,1130.2746386539472,63.90662430911517,3373,0.0512371720609984,3351,22,0,0.9934776163652534,0.006522383634746516,0.0,True,2105.0,25.885175495191827,0.7162789893033807,2105,187,0.08158813263525305,,0.3090169943749474,0.3402208974902534,
31,165,37.14009314376468,35.75199853007004,4.0197648378370845,99.55358802648801,5.0197648378370845,1151.8363416053876,82.05281734933665,4788,0.07273156828581688,4768,20,0,0.9958228905597326,0.004177109440267335,0.0,True,1407.0,21.162750526824095,0.5806597133066125,1450,240,0.14201183431952663,,0.27429188517743175,0.30796190671518625,
31,173,37.14009314376468,34.43154160317679,9.0,222.8942061,10.0,1141.7127951076686,83.27038315754142,664,0.010086416320338848,662,2,0,0.9969879518072289,0.0030120481927710845,0.0,False,1826.0,24.108792009795966,0.673696838001209,1839,0,0.0,,0.1407800774583959,0.20162328256120327,
31,199,37.14009314376468,34.31792910836131,1.414213562373095,35.02444547122265,2.414213562373095,1120.3247600571563,44.84723769512643,3549,0.053910680001329175,3425,124,0,0.9650605804451958,0.03493941955480417,0.0,True,1587.0,22.475715547534318,0.6290606663652974,1593,567,0.2625,,0.29581631632448924,0.4041849114726528,
33,61,36.26210522782667,36.00373313519125,4.196152422706632,103.92200699264292,5.196152422706632,933.1391862239161,61.248378633027535,4808,0.07303537600630901,4579,102,128,0.9523710482529119,0.021214642262895173,0.026622296173044926,True,2580.0,28.65727667372076,0.793107153334739,2580,117,0.04338153503893215,0.24194602903739285,0.27718637277259645,0.27208783292798205,-0.0352403437352036
33,189,36.26210522782667,34.74074841065479,1.0,24.7660229,2.0,922.2050730029591,77.39161276360186,3199,0.048594044892716834,3122,77,0,0.975929978118162,0.024070021881838075,0.0,True,3031.0,31.06118582770255,0.874927815883397,3031,177,0.05517456359102244,,0.3090169943749474,0.3827822185373187,
33,227,36.26210522782667,34.72518092685073,9.0,222.8942061,10.0,954.1298233770124,8.793658709585866,3272,0.04970294307251312,2959,313,0,0.9043398533007335,0.09566014669926651,0.0,True,855.0,16.497119526970184,0.46479082158525864,882,0,0.0,,0.148748395941096,0.1557104466440276,
33,242,36.26210522782667,35.11354848262679,2.863703305156273,70.92254163430594,3.863703305156273,891.4308887358341,53.07005184160069,3637,0.055247433971494564,3517,120,0,0.9670057739895518,0.03299422601044817,0.0,True,2768.0,29.683021493047715,0.8317407953547171,2771,0,0.0,,0.27718637277259645,0.29310293440626656,
33,289,36.26210522782667,34.14987401789476,1.0,24.7660229,2.0,891.0804476734461,47.242682893568414,4177,0.06345024242478219,3972,205,0,0.9509217141489107,0.049078285851089296,0.0,True,3294.0,32.380746827233715,0.9197510757148991,3294,113,0.033167009098914,,0.3090169943749474,0.3827822185373187,
34,41,36.53623158556259,36.22503035801237,3.6855577202829677,91.27660689979977,4.685557720282968,1124.671316303188,41.02126220211147,4911,0.0745999857668435,4827,84,0,0.982895540623091,0.01710445937690898,0.0,True,1700.0,23.26213245840639,0.639409813327475,1701,0,0.0,,0.2791745113185196,0.29737570037465744,
34,51,36.53623158556259,36.15077387506734,1.0,24.7660229,2.0,1094.0381551915661,87.53003952646922,3200,0.04860923527874144,3165,35,0,0.9890625,0.0109375,0.0,True,2509.0,28.26021062262507,0.7775863221640595,2511,0,0.0,,0.3090169943749474,0.3761785115301142,
34,64,36.53623158556259,35.98444645931026,1.0,24.7660229,2.0,1091.432260774629,83.4598777841896,3273,0.049718133458537726,3239,34,0,0.9896119767797128,0.010388023220287198,0.0,True,2316.0,27.151532118863187,0.7487942156873636,2316,0,0.0,,0.3090169943749474,0.41094162271764856,
34,84,36.53623158556259,35.88164534512529,8.22446323827975,203.68724489944444,9.22446323827975,1093.486124526457,87.01821228530397,7539,0.1145203202395099,7047,492,0,0.9347393553521687,0.06526064464783128,0.0,True,1285.0,20.22444569688304,0.5585484290361102,1287,0,0.0,,0.2612038749637414,0.34969198659055584,
34,95,36.53623158556259,35.71323254136755,1.0,24.7660229,2.0,1062.5176469284938,27.746452736506118,3008,0.045692681162016954,2993,15,0,0.9950132978723404,0.004986702127659575,0.0,True,2651.0,29.048915784814227,0.8041282004190418,2651,0,0.0,,0.2989350844248255,0.3483314773547883,
34,109,36.53623158556259,35.273399530514254,5.324555320336759,131.868058995777,6.324555320336759,1094.3715192760571,88.19803395808586,4979,0.07563293201651676,4847,132,0,0.9734886523398273,0.026511347660172727,0.0,True,973.0,17.598736297155778,0.4901497479831991,975,0,0.0,,0.2711923793731366,0.359419319326655,
34,114,36.53623158556259,35.708739722130034,1.414213562373095,35.02444547122265,2.414213562373095,1064.875445312266,33.30233821964796,3799,0.05770827650748085,3765,34,0,0.9910502763885233,0.008949723611476704,0.0,True,1743.0,23.554492811740758,0.6520728677826378,1743,0,0.0,,0.2989350844248255,0.3789154633348925,
34,135,36.53623158556259,35.00958694434186,6.330293345472711,156.77618995769478,7.330293345472711,1109.7951125353004,69.14173737268918,5701,0.0866003907262828,5600,101,0,0.9822838098579196,0.017716190142080337,0.0,True,1626.0,22.750206041591,0.6359618635736749,1627,0,0.0,,0.26968623182294527,0.33084104297902905,
34,145,36.53623158556259,35.059378977226274,1.0,24.7660229,2.0,1097.0205012013112,87.7958963543316,3205,0.04868518720886447,3158,47,0,0.9853354134165366,0.014664586583463339,0.0,True,2601.0,28.77366876093557,0.8037830401823659,2601,0,0.0,,0.3090169943749474,0.37406669614897287,
34,196,36.53623158556259,35.320601368371406,1.0,24.7660229,2.0,1128.4259440687154,27.708029477100233,3175,0.048229475628126274,3099,76,0,0.9760629921259842,0.02393700787401575,0.0,True,2071.0,25.67527554451228,0.7146230772784599,2071,0,0.0,,0.3090169943749474,0.38221731683849475,
35,120,36.57850803947399,35.02503242869986,1.0,24.7660229,2.0,758.9238748982943,86.81318924319307,3057,0.04643701007722268,2769,288,0,0.9057899901864573,0.09421000981354269,0.0,True,2001.0,25.237632263224796,0.7049269379198464,2005,169,0.07773689052437903,,0.3008613653919205,0.4,
31,278,37.14009314376468,57.06931329903934,10.366600265340756,256.73945956657525,11.366600265340756,1185.321678984083,24.303297680521926,2645,0.04017857103508472,2626,19,0,0.9928166351606805,0.007183364839319471,0.0,True,1608.0,22.623931952327283,0.4802902981044175,1608,0,0.0,,0.25,0.2713826494922688,
32,110,36.85493756031004,36.12298610796072,2.0,49.5320458,3.0,799.3007534513663,77.62696604882042,3769,0.057252564926742654,3743,26,0,0.9931016184664367,0.00689838153356328,0.0,True,2455.0,27.9544409813755,0.7661067779468627,2457,833,0.2531914893617021,,0.2898979485566356,0.39410230168585086,
32,117,36.85493756031004,35.65010467869589,8.657737169873558,214.41771701126973,9.657737169873558,763.9533962171062,49.10168629141858,7535,0.11445955869541148,6388,167,988,0.8477770404777704,0.02216323822163238,0.13112143331121434,True,1650.0,22.917489221187704,0.6321626334798177,1650,442,0.2112810707456979,0.3239523640086023,0.2516199005721805,0.36832604467353036,0.0723324634364218
32,121,36.85493756031004,34.87532591967524,1.0,24.7660229,2.0,794.2407946374216,85.03489403898304,3207,0.048715567980913685,3166,41,0,0.987215466167758,0.01278453383224197,0.0,True,2763.0,29.656200288064785,0.8268811196083138,2781,955,0.2556209850107066,,0.3090169943749474,0.3585701736362872,
36,80,36.76761244237651,37.098972009298166,1.0,24.7660229,2.0,939.9271307700121,64.12981575576288,3462,0.05258911641718839,3406,56,0,0.9838243789716926,0.016175621028307337,0.0,True,2620.0,28.878571671769564,0.7819116556191287,2620,3,0.001143728555089592,,0.3090169943749474,0.3525603248400596,
36,86,36.76761244237651,36.07021804436654,4.0,99.0640916,5.0,963.2012721459232,79.49058638509467,5194,0.07889886501180719,5025,169,0,0.9674624566807856,0.032537543319214476,0.0,True,2389.0,27.576118619071032,0.7571922017663626,2389,0,0.0,,0.27792629762666365,0.33905673891492605,
36,119,36.76761244237651,36.68093515788354,8.449489742783179,209.26025646308332,9.449489742783179,938.5781771031707,65.41122775376786,7083,0.10759350421228925,5786,1297,0,0.8168855004941409,0.1831144995058591,0.0,True,1649.0,22.91054347493902,0.6238528663528782,1651,0,0.0,,0.24956846721675383,0.31533400590656396,
36,150,36.76761244237651,34.74127587752717,4.55269276785519,112.752093345366,5.55269276785519,990.7537403268637,26.51352621107968,4803,0.07295942407618598,4659,144,0,0.9700187382885697,0.029981261711430358,0.0,True,2038.0,25.469894935836805,0.7123560590648296,2038,0,0.0,,0.2791745113185196,0.2563405337185794,
36,166,36.76761244237651,34.965316634264894,4.55269276785519,112.752093345366,5.55269276785519,974.0056385970431,62.508543263404604,5252,0.07977990740123439,5125,127,0,0.9758187357197258,0.02418126428027418,0.0,True,2168.0,26.26967516446403,0.7324300151300611,2168,0,0.0,,0.27792629762666365,0.27669677546737487,
36,213,36.76761244237651,34.46687961923308,1.0,24.7660229,2.0,948.3682245038007,77.51186722832492,3478,0.0528321625935821,3378,100,0,0.9712478435882691,0.02875215641173088,0.0,True,2682.0,29.218266799126305,0.820340426484852,2683,84,0.030357788218286955,,0.3090169943749474,0.3875911169306514,
36,233,36.76761244237651,34.87591474809508,9.507015194961,235.45095602905207,10.507015194961,979.5306001649949,55.641979474372334,8287,0.1258827289859157,8256,31,0,0.9962592011584409,0.0037407988415590686,0.0,True,2190.0,26.40262583044538,0.7370554428525363,2190,0,0.0,,0.267982878680112,0.14942992956379245,
36,322,36.76761244237651,35.40358484036005,1.0,24.7660229,2.0,920.1163845971007,5.403781846766645,3410,0.05179921634390885,2910,500,1,0.8533724340175953,0.1466275659824047,0.0002932551319648094,True,2489.0,28.147349905656394,0.7800161550704737,2490,396,0.13721413721413722,0.2674788903885893,0.27429188517743175,0.4,-0.0068129947888424525
37,48,36.496008003616595,36.14797266019773,1.414213562373095,35.02444547122265,2.414213562373095,1034.4648565800608,74.83122619719002,3720,0.05650823601153692,3607,113,0,0.9696236559139785,0.030376344086021505,0.0,True,2913.0,30.450561545780765,0.8383505768138312,2919,0,0.0,,0.29581631632448924,0.3613020955135854,
37,84,36.496008003616595,35.88164534512529,1.0,24.7660229,2.0,1067.7388832364813,49.84077931467957,3235,0.04914089878960267,3141,94,0,0.9709428129829984,0.029057187017001544,0.0,True,2018.0,25.344611859700862,0.7003435642650997,2019,408,0.1681087762669963,,0.3090169943749474,0.34833147735478825,
37,88,36.496008003616595,36.22745587059799,1.0,24.7660229,2.0,1067.5433867432093,50.2471196287203,3235,0.04914089878960267,3187,48,0,0.98516228748068,0.014837712519319939,0.0,True,1977.0,25.085825579106505,0.6898963344896759,1977,229,0.10380779691749774,,0.3090169943749474,0.3599573858244808,
37,91,36.496008003616595,35.37734461040603,1.0,24.7660229,2.0,1034.931508708228,75.50994238438714,3235,0.04914089878960267,3170,65,0,0.9799072642967542,0.02009273570324575,0.0,True,2406.0,27.67405980621926,0.770078444923411,2406,0,0.0,,0.30484544052339907,0.3516287047744073,
37,140,36.496008003616595,35.643153216226196,7.0,173.3621603,8.0,1035.8748965121695,78.12502923065828,7333,0.11139110071844092,6743,254,339,0.9195417973544252,0.03463793808809491,0.04622937406245738,True,1224.0,19.738573927438622,0.5472360253063013,1226,387,0.23992560446373218,0.3491066134789189,0.2588283628687876,0.3317578651626855,0.09027825061013134
37,163,36.496008003616595,35.13670369587606,1.0,24.7660229,2.0,1079.1697599264878,15.736615988276228,3125,0.047469956326895935,3091,34,0,0.98912,0.01088,0.0,True,2300.0,27.05758189903005,0.7554532351794714,2300,0,0.0,,0.3090169943749474,0.3567891723253309,
37,225,36.496008003616595,34.56866590278551,4.841619252963779,119.90765329198184,5.841619252963779,1007.1102847859453,17.462060107647368,5035,0.07648359363389473,4912,123,0,0.975571002979146,0.02442899702085402,0.0,True,2405.0,27.668308157023564,0.7786796627946243,2405,0,0.0,,0.2791745113185196,0.22281267964860224,
38,111,36.239881527985794,35.54894744328227,1.0,24.7660229,2.0,527.2316230251436,54.54447282788998,3031,0.04604206004058291,1717,0,1323,0.5664797096667766,0.0,0.43648960739030024,True,188.0,7.735777827895049,0.21551480749159813,263,1528,0.8531546621998883,0.39352981872163206,0.22901628833426058,,0.1645135303873715
38,262,36.239881527985794,36.34591029267852,7.4852813742385695,185.38064992733587,8.48528137423857,534.0907919302871,45.373504580551746,9158,0.13911355521334814,4468,664,4045,0.48787944966149815,0.07250491373662371,0.4416903253985586,True,241.0,8.758577656805558,0.24133036058751364,278,1223,0.8147901399067289,0.32389954026393436,0.1626594145291569,0.3302081494994596,0.16124012573477747
38,319,36.239881527985794,31.405054970984555,1.8284271247461903,45.2828680424453,2.8284271247461903,490.5577538350374,63.988603451386524,3327,0.05053841430386649,2063,0,1279,0.6200781484821161,0.0,0.3844304177938082,True,225.0,8.462843753216344,0.25021366538928336,408,1340,0.7665903890160183,0.39564392373895996,0.22400923773979592,,0.17163468599916404
38,323,36.239881527985794,30.89445563054656,1.7320508075688772,42.89600996421431,2.732050807568877,531.4774812626472,45.220047502344435,3674,0.055809478254405014,3629,36,9,0.987751769188895,0.00979858464888405,0.0024496461622210124,True,941.0,17.30692355385402,0.5155908075173248,1092,883,0.4470886075949367,0.407669683062202,0.28989794855663564,0.3420988687076606,0.11777173450556638
38,342,36.239881527985794,23.97139044161701,7.79385036540706,193.0226766288446,8.79385036540706,494.27430059241715,69.8805298245843,3964,0.06021469020154096,1037,862,2072,0.2616044399596367,0.21745711402623613,0.5227043390514632,False,1.0,0.5641895835477563,0.018740331007542344,27,380,0.9336609336609336,0.3133921657949117,0.1023021629920016,0.31991432538082964,0.2110900028029101
38,139,36.239881527985794,35.28861499221115,1.0,24.7660229,2.0,506.6306219360538,89.20885368096805,3237,0.04917127956165189,2127,0,1116,0.6570898980537535,0.0,0.3447636700648749,True,405.0,11.354096349090721,0.317470571910728,438,1492,0.7730569948186529,0.3827822185373187,0.25,,0.1327822185373187
38,171,36.239881527985794,34.48769978943581,1.8284271247461903,45.2828680424453,2.8284271247461903,532.2635171140269,44.438530663884436,3252,0.049399135352020986,1398,0,1863,0.42988929889298894,0.0,0.5728782287822878,True,62.0,4.442433223290478,0.12562095693200862,136,2335,0.9449615540267098,0.37268226712382524,0.19406069118450275,,0.17862157593932249
38,181,36.239881527985794,37.075367069063354,6.713293552551451,166.2615818569116,7.713293552551451,490.5463783368317,67.33936626872479,8297,0.1260346328461618,2214,190,5903,0.26684343738700733,0.022899843316861516,0.7114619742075449,False,19.0,2.4592453796829674,0.0670868728332171,384,1054,0.7329624478442281,0.32701293398312375,0.10960059084055324,0.27043930559804097,0.21741234314257052
38,195,36.239881527985794,36.356629704558465,4.0197648378370845,99.55358802648801,5.0197648378370845,511.504523854278,81.94792081962301,5444,0.08269646151795887,1730,1214,2510,0.3177810433504776,0.22299779573842762,0.46105804555473917,False,1.0,0.5641895835477563,0.015543159690980742,45,1364,0.9680624556422995,0.34709207640227174,0.14459058185587106,0.34584360247796153,0.20250149454640068
39,73,36.957762940717856,36.962889207680576,8.45791845713346,209.46900219569991,9.45791845713346,680.863773986614,79.36035696921786,7126,0.10824669081134734,7072,29,25,0.9924221161942184,0.00406960426606792,0.0035082795397137242,True,2115.0,25.9465876230135,0.7020118699960809,2115,453,0.1764018691588785,0.4039936203984453,0.2661832955178855,0.35714285714285715,0.13781032488055978
39,87,36.957762940717856,35.47233635906005,1.0,24.7660229,2.0,678.4710406154351,81.50400708332384,3483,0.052908114523705134,3384,4,96,0.9715762273901809,0.0011484352569623888,0.02756244616709733,True,1678.0,23.11112262561905,0.638163494156356,1952,1225,0.3855838841674536,0.4068781988545112,0.3090169943749474,0.42583274182484154,0.09786120447956381
39,117,36.957762940717856,35.65010467869589,1.0,24.7660229,2.0,704.9371070644683,28.61194536145032,3427,0.052057452906327156,3263,164,0,0.9521447330026263,0.047855266997373795,0.0,True,2610.0,28.823407205597565,0.7939472167583893,2610,322,0.10982264665757162,,0.3090169943749474,0.39564392373895996,
39,129,36.957762940717856,35.38954829840609,6.894954260780955,170.7605951169537,7.894954260780955,705.4886615820367,35.864117661081394,6907,0.10491999627195847,3327,8,3585,0.4816852468510207,0.0011582452584334732,0.5190386564355002,True,1028.0,18.089294154193436,0.5000681806792874,1525,762,0.3331875819851334,0.3234518715067226,0.1757340838011157,0.32929588759687933,0.14771778770560692
39,206,36.957762940717856,35.3918355531094,9.86645922562615,244.35295512377348,10.86645922562615,682.7397445955096,76.7669852417488,7089,0.1076846465284369,4600,2,2492,0.648892650585414,0.0002821272393849626,0.3515305402736634,True,650.0,14.38406847937898,0.3976267672198956,778,1418,0.6457194899817851,0.3727805914607075,0.19675422795565722,0.17021984288938993,0.1760263635050503
39,211,36.957762940717856,34.46607576449437,3.4721359549995796,85.99099857343296,4.47213595499958,647.8991457588895,48.79154559983066,4427,0.06724783893093386,4377,50,0,0.9887056697537836,0.0112943302462164,0.0,True,3050.0,31.158388162107514,0.8724926782697188,3052,0,0.0,,0.27718637277259645,0.36190006242730716,
39,307,36.957762940717856,33.98517876129603,1.0,24.7660229,2.0,641.010430726461,25.23048932658372,5039,0.07654435517799316,4994,45,0,0.9910696566779122,0.008930343322087716,0.0,True,2752.0,29.597108081327676,0.8343919034439332,2757,4,0.0014487504527345165,,0.3090169943749474,0.4142135623730951,
40,88,36.17000527975616,36.22745587059799,9.298325725798339,230.28254785678078,10.298325725798339,1085.6484942645932,82.65232263826714,8264,0.12553335010734976,7930,27,307,0.9595837366892546,0.003267182962245886,0.037149080348499515,True,1411.0,21.19281126715681,0.5854573055578244,1411,266,0.15861657722122838,0.3419386880420044,0.26533119314590375,0.17843295907368986,0.07660749489610064
40,159,36.17000527975616,34.29845816888291,1.0,24.7660229,2.0,1073.470472540603,78.96506854698697,3106,0.04718133899242841,3103,0,3,0.9990341274951706,0.0,0.0009658725048293626,True,3116.0,31.493707392885515,0.8938383455980901,3152,54,0.01684341859014348,0.3288130902060995,0.3090169943749474,,0.019796095831152105
40,180,36.17000527975616,34.46594178505902,1.8284271247461903,45.2828680424453,2.8284271247461903,1085.4496407662464,81.90631235337848,4015,0.0609893998887959,3975,28,13,0.9900373599003736,0.006973848069738481,0.0032378580323785804,True,2293.0,27.016375941629036,0.7649469445589495,2293,187,0.07540322580645162,0.3524704450894247,0.2898979485566356,0.4206322727489687,0.06257249653278912
41,56,36.22503035801237,35.81600875983135,9.055385138137417,224.26587569943092,10.055385138137417,1156.9729888947443,85.45141020757318,7894,0.11991290727824529,5638,2256,0,0.7142133265771472,0.2857866734228528,0.0,True,1188.0,19.44613444328572,0.5398626860858019,1189,0,0.0,,0.22842953916891223,0.3388032545433175,
41,77,36.22503035801237,35.594919349440815,8.899494936611665,220.40509539855856,9.899494936611665,1153.8344187091789,89.83867218064803,6841,0.10391743079433444,6344,497,0,0.9273498026604298,0.07265019733957023,0.0,True,1615.0,22.673122109379246,0.6313878581573643,1617,0,0.0,,0.25783218979627226,0.36602540378443865,
40,100,36.17000527975616,35.3063072377907,7.79385036540706,193.0226766288446,8.79385036540706,1113.7598019757884,33.49110838175325,7189,0.10920368513089757,7047,74,69,0.9802476005007651,0.01029350396439004,0.009597996939769092,True,2220.0,26.582850624566497,0.7438226648315306,2220,250,0.10121457489878542,0.3786695003500701,0.26968623182294527,0.16713378703580756,0.10898326852712481
40,107,36.17000527975616,35.75710289054902,1.0,24.7660229,2.0,1112.058787929559,30.029281119780094,3335,0.05065993739206334,3330,5,0,0.9985007496251874,0.0014992503748125937,0.0,True,2649.0,29.03795599729536,0.807427317348581,2649,146,0.052236135957066186,,0.3090169943749474,0.27429188517743175,
40,140,36.17000527975616,35.643153216226196,1.414213562373095,35.02444547122265,2.414213562373095,1053.9800040335533,45.28809925878948,2749,0.04175837118164382,2655,94,0,0.9658057475445616,0.03419425245543834,0.0,True,2179.0,26.336234392837557,0.733465424565916,2180,0,0.0,,0.29339977411634566,0.29581631632448924,
40,142,36.17000527975616,35.37880695443504,7.4852813742385695,185.38064992733587,8.48528137423857,1051.7537103047812,44.06655425188542,7276,0.11052524871503834,7177,99,0,0.9863936228697087,0.013606377130291369,0.0,True,2202.0,26.47486297182116,0.7400503836503817,2208,0,0.0,,0.2711923793731366,0.17176743283130236,
42,66,37.29017340010135,35.56971554910023,1.0,24.7660229,2.0,644.6380611328705,44.25608254111845,3130,0.047545908257018966,2284,0,847,0.7297124600638978,0.0,0.2706070287539936,True,714.0,15.07558485549488,0.4138239866384008,1009,1781,0.6383512544802867,0.37406669614897287,0.27429188517743175,,0.09977481097154112
42,154,37.29017340010135,35.33029437183157,1.0,24.7660229,2.0,624.542691485083,81.44555971374467,3009,0.04570787154804156,2428,2,588,0.8069125955466933,0.0006646726487205051,0.19541375872382852,True,939.0,17.288521716057144,0.4761335817982429,1429,1910,0.5720275531596286,0.3797958971132712,0.28172904669025317,0.2831506344112098,0.09806685042301805
42,240,37.29017340010135,34.47284037191177,3.6855577202829677,91.27660689979977,4.685557720282968,617.8492723371935,88.13931537648439,3784,0.05748042071711175,1395,817,1575,0.36865750528541225,0.2159090909090909,0.4162262156448203,True,9.0,1.692568750643269,0.04717106101537096,356,997,0.7368810051736882,0.34514099850039526,0.14548268842493628,0.35598994968529596,0.19965831007545898
42,275,37.29017340010135,33.85640203978972,2.0,49.5320458,3.0,582.0881731816191,9.015259891938317,3584,0.05444234351219041,1385,1090,1111,0.38643973214285715,0.3041294642857143,0.3099888392857143,True,117.0,6.102643417692329,0.17155129055644316,675,688,0.5047688921496698,0.36602540378443865,0.16952084719853724,0.36366374964901205,0.1965045565859014
44,82,36.38862987825694,35.64309057811344,2.4641016151377544,61.02599702842861,3.4641016151377544,925.9530870657218,51.89593338947439,3999,0.06074635371240219,3928,7,67,0.9822455613903476,0.0017504376094023505,0.016754188547136784,True,1974.0,25.0667851015403,0.6959929581780087,1974,156,0.07323943661971831,0.2801868778094689,0.28172904669025317,0.3288130902060995,-0.0015421688807842893
44,95,36.38862987825694,35.71323254136755,8.306623862918075,205.7220368107155,9.306623862918075,989.3935657444258,11.255108297963766,8088,0.12285984216701899,6165,53,1883,0.762240356083086,0.006552917903066271,0.23281404549950543,True,1001.0,17.850159553067712,0.49513726702874467,1014,910,0.47297297297297297,0.3008613653919205,0.2517564787261065,0.31286629854136827,0.049104886665813974
44,156,36.38862987825694,35.115097416151045,1.0,24.7660229,2.0,929.7832421450764,57.88642364473306,2932,0.04453821182414684,2861,71,0,0.9757844474761255,0.024215552523874487,0.0,True,2532.0,28.38944578214513,0.7940689767193536,2536,311,0.10923779416930102,,0.3090169943749474,0.3333333333333333,
44,191,36.38862987825694,34.925827427854074,1.0,24.7660229,2.0,959.2703357632431,73.91317391396372,3209,0.0487459487529629,3192,9,9,0.9947023995014023,0.0028046120286693674,0.0028046120286693674,True,1588.0,22.48279562821002,0.6305256038534964,1589,648,0.28967367009387573,0.3333333333333333,0.3090169943749474,0.46410161513775455,0.02431633895838592
42,304,37.29017340010135,36.45330032828756,1.0,24.7660229,2.0,604.2542620359638,65.1209552866303,6416,0.09746151673387658,5450,252,727,0.8494389027431422,0.03927680798004988,0.11331047381546135,True,665.0,14.549091872423544,0.39458656168030776,1576,1284,0.4489510489510489,0.3816524151396708,0.3090169943749474,0.39564392373896,0.0726354207647234
43,112,37.36008814073452,35.53817623683374,1.0,24.7660229,2.0,834.0392725861059,17.212431985155423,3050,0.046330677375050436,3006,44,0,0.9855737704918033,0.014426229508196721,0.0,True,1974.0,25.0667851015403,0.687719668378104,1977,19,0.009519038076152305,,0.3090169943749474,0.3064247145378173,
43,132,37.36008814073452,34.69373956573465,1.0,24.7660229,2.0,827.0337580708369,40.91125892553091,2952,0.04484201954463898,2940,12,0,0.9959349593495935,0.0040650406504065045,0.0,True,1520.0,21.996159369293583,0.6105479769624705,1536,43,0.027232425585813805,,0.29581631632448924,0.23618851057268442,
43,247,37.36008814073452,35.01302766448857,1.0,24.7660229,2.0,792.5385055143702,80.92654550166064,4455,0.06767316973962284,4135,42,281,0.9281705948372615,0.009427609427609427,0.06307519640852974,True,2232.0,26.654599339742866,0.7365884152750333,2458,389,0.13663505444327362,0.3827822185373187,0.3090169943749474,0.3985677739148772,0.0737652241623713
44,227,36.38862987825694,34.72518092685073,2.1462643699419726,53.15443253543696,3.1462643699419726,971.6356457502407,52.98026653652471,4151,0.0630552923881424,3699,440,12,0.891110575764876,0.10599855456516502,0.002890869669959046,True,4.0,1.1283791670955126,0.03173445929336887,1616,520,0.24344569288389514,0.35995738582448084,0.2708131845707603,0.38742588672279316,0.08914420125372052
45,115,34.23291951092856,35.825187565631715,1.0,24.7660229,2.0,646.0443899731292,35.59456512255634,3176,0.04824466601415088,3173,3,0,0.9990554156171285,0.0009445843828715365,0.0,True,3361.0,32.708401481327705,0.9337506491742233,3361,7,0.0020783847980997625,,0.3090169943749474,0.3827822185373187,
45,157,34.23291951092856,35.512891801430825,1.414213562373095,35.02444547122265,2.414213562373095,692.1744030286832,61.204955026811255,3002,0.04560153884586931,2666,245,92,0.8880746169220519,0.0816122584943371,0.030646235842771485,True,2516.0,28.299605538565682,0.8115069566493326,2548,216,0.07814761215629522,0.3911884503169498,0.28172904669025317,0.37406669614897287,0.10945940362669665
45,182,34.23291951092856,34.15014695868493,1.0,24.7660229,2.0,669.1265030954982,80.36016525658674,3013,0.045768633092139986,2995,14,4,0.994025887819449,0.004646531695984069,0.001327580484566877,True,3942.0,35.42283968482062,1.03601202793563,4047,466,0.10325725681364946,0.4509526540072415,0.3090169943749474,0.43827036295401023,0.1419356596322941
46,89,37.44887435999587,35.66037034902895,1.0,24.7660229,2.0,586.7596974676228,78.86155353716985,4199,0.06378443091732353,3914,51,237,0.9321266968325792,0.012145748987854251,0.05644201000238152,True,3319.0,32.50339231901805,0.8891732488382754,3323,615,0.15617064499746064,0.3900959445746376,0.3090169943749474,0.3827822185373187,0.08107895019969019
46,104,37.44887435999587,35.61023787789007,1.0,24.7660229,2.0,584.0411181829031,74.52904121311599,3493,0.053060018383951205,3291,17,186,0.9421700543945033,0.004866876610363584,0.05324935585456628,True,3155.0,31.69018287908512,0.8675217069679005,3168,789,0.19939347990902198,0.38072415612647104,0.30383243470068705,0.4494897427831781,0.07689172142578399
46,162,37.44887435999587,35.76973302962812,1.7320508075688772,42.89600996421431,2.732050807568877,556.3746727116608,14.427683890608304,3429,0.052087833678376376,3410,19,0,0.994459025955089,0.005540974044911053,0.0,True,2793.0,29.816765621229397,0.8144586925168645,2797,472,0.14438666258794738,,0.2898979485566356,0.4026997478492772,
46,175,37.44887435999587,36.1669028609871,1.0,24.7660229,2.0,585.4535210453314,76.93885843251861,3660,0.05559681285006052,3628,32,0,0.9912568306010929,0.008743169398907104,0.0,True,2581.0,28.662829871461817,0.7787143178675004,2581,0,0.0,,0.3090169943749474,0.4278112058481355,
47,122,37.24204057989186,36.06624197611151,6.4031242374328485,158.57992149580696,7.4031242374328485,546.8707983219898,27.886881028100905,4637,0.07043781999610127,2509,1106,1026,0.5410825965063619,0.23851628207893033,0.2212637481130041,True,240.0,8.740387444736633,0.2384556598515174,255,677,0.7263948497854077,0.3316630500434423,0.18795247918520225,0.34618367080469853,0.14371057085824007
47,182,37.24204057989186,34.15014695868493,1.0,24.7660229,2.0,623.532870903523,7.142410958529632,2930,0.04450783105209763,2929,1,0,0.9996587030716724,0.00034129692832764505,0.0,True,2204.0,26.486883341553696,0.7420106948604566,2206,9,0.004063205417607223,,0.3090169943749474,0.32449979983983984,
47,244,37.24204057989186,34.033683084531305,8.657737169873558,214.41771701126973,9.657737169873558,585.922769675851,86.7356996078255,7466,0.11341142205971362,7386,80,0,0.98928475756764,0.010715242432360031,0.0,True,1904.0,24.61832697999475,0.6907913582442611,1904,40,0.0205761316872428,,0.2659858398756301,0.40591124351191277,
47,270,37.24204057989186,33.93515360543263,1.0,24.7660229,2.0,604.8556834683696,52.536340343748726,3223,0.048958614157307394,2569,420,235,0.7970834626124729,0.13031337263419174,0.07291343468817872,True,1252.0,19.963065333312567,0.5609399348149244,1439,348,0.19473978735310576,0.38742588672279304,0.2843646522044218,0.38510405263005587,0.10306123451837124
46,184,37.44887435999587,39.94887713154465,1.0,24.7660229,2.0,601.0509129013946,78.06148472418678,4667,0.07089353157683946,4486,181,0,0.9612170559245768,0.03878294407542318,0.0,True,2853.0,30.135329851892358,0.7787133158561103,2877,0,0.0,,0.2850394689593537,0.3900959445746376,
46,217,37.44887435999587,35.43707512359517,1.0,24.7660229,2.0,628.0223243558876,20.632852295599143,3439,0.05223973753862244,3418,21,0,0.9938935737132888,0.0061064262867112536,0.0,True,3709.0,34.36002572548047,0.9428436061799814,3710,0,0.0,,0.3090169943749474,0.4,
47,106,37.24204057989186,33.742301716237634,1.0,24.7660229,2.0,572.7634074254233,72.21563738975713,2946,0.04475087722849134,2245,84,620,0.7620502376103191,0.028513238289205704,0.21045485403937542,True,627.0,14.127289146798006,0.39803958703631787,707,862,0.5493945188017846,0.3816524151396708,0.28172904669025317,0.4,0.09992336844941763
47,115,37.24204057989186,35.825187565631715,1.0,24.7660229,2.0,600.4507577811539,62.06334248371914,4799,0.07289866253208756,4430,92,281,0.9231089810377162,0.019170660554282144,0.05855386538862263,True,1711.0,23.337270947145164,0.6387890040297063,1723,681,0.2832778702163062,0.39564392373896,0.2989350844248255,0.4142135623730951,0.09670883931413449
41,84,36.22503035801237,35.88164534512529,1.0,24.7660229,2.0,1122.5336009110954,32.18071847228847,3216,0.04885228145513515,3072,144,0,0.9552238805970149,0.04477611940298507,0.0,True,2980.0,30.798757455905527,0.8542553697164921,2980,0,0.0,,0.30484544052339907,0.39564392373896,
41,109,36.22503035801237,35.273399530514254,2.1462643699419726,53.15443253543696,3.1462643699419726,1123.4189956606956,36.567750508787206,3488,0.052984066453828166,3349,139,0,0.9601490825688074,0.03985091743119266,0.0,True,1977.0,25.085825579106505,0.7017168242216753,1977,0,0.0,,0.28436465220442186,0.34833147735478825,
41,298,36.22503035801237,48.37173272759542,13.341664064126334,330.41995773625985,14.341664064126334,1191.475288162607,28.091570552625736,1082,0.01643599767862445,1070,12,0,0.988909426987061,0.011090573012939002,0.0,True,1740.0,23.534213434057992,0.5563856718783086,1752,0,0.0,,0.10359446124830737,0.11584804865872458,
41,339,36.22503035801237,29.431240655020467,10.099504938362077,250.1245705821383,11.099504938362077,1178.7988172417836,32.824538534711465,346,0.005255873564513918,211,135,0,0.6098265895953757,0.3901734104046243,0.0,False,1127.0,18.940307329321033,0.5769534893494442,1153,0,0.0,,0.09132524868434898,0.19728333462286507,
48,114,36.14797266019773,35.708739722130034,4.242640687119285,105.07333641366795,5.242640687119285,1029.463703263753,83.03560072809407,4904,0.07449365306467126,4771,133,0,0.9728792822185971,0.027120717781402938,0.0,True,1559.0,22.276559711062426,0.6200272451245921,1559,0,0.0,,0.2798057840438667,0.31451985913875646,
48,178,36.14797266019773,35.00166422487947,4.449489742783178,110.1961648630833,5.449489742783178,1027.3091106576717,86.2607654770383,5024,0.07631649938762405,4960,64,0,0.9872611464968153,0.012738853503184714,0.0,True,2304.0,27.081100010292303,0.7612435198800641,2305,182,0.0731805388017692,,0.27792629762666365,0.32665644502296964,
48,191,36.14797266019773,34.925827427854074,1.0,24.7660229,2.0,996.9826748987978,38.462437292014044,3210,0.048761139138987504,3121,89,0,0.9722741433021806,0.027725856697819316,0.0,True,1984.0,25.13019725725687,0.7071578338606803,1984,152,0.07116104868913857,,0.3090169943749474,0.38742588672279316,
49,108,35.94778165902972,35.555054525553416,1.0,24.7660229,2.0,885.4287783541672,67.76240481681891,3177,0.04825985640017549,3141,28,8,0.9886685552407932,0.00881334592382751,0.0025180988353792886,True,2204.0,26.486883341553696,0.7408624539921279,2204,257,0.10442909386428281,0.30559323681345485,0.3090169943749474,0.4008197245479441,-0.0034237575614925464
47,294,37.24204057989186,31.65114622483413,1.0,24.7660229,2.0,569.0132537446841,65.12742495036224,2716,0.041257088442831796,2217,328,172,0.8162739322533137,0.12076583210603829,0.06332842415316642,True,1108.0,18.77997214831907,0.5451909838791429,1153,290,0.20097020097020096,0.4,0.2989350844248255,0.3827822185373187,0.1010649155751745
48,51,36.14797266019773,36.15077387506734,3.6855577202829677,91.27660689979977,4.685557720282968,1058.626413143053,28.605778718094317,4631,0.07034667767995363,4457,174,0,0.9624271215720147,0.03757287842798532,0.0,True,2401.0,27.645289593840058,0.7647515598449705,2401,0,0.0,,0.2742918851774318,0.30234690004630377,
48,84,36.14797266019773,35.88164534512529,2.6502815398728847,65.63693330793913,3.6502815398728847,1058.0743824779438,29.461147018584967,3750,0.056963947592275126,3682,68,0,0.9818666666666667,0.018133333333333335,0.0,True,1749.0,23.594999278140484,0.6551471445092714,1749,0,0.0,,0.28172904669025317,0.3126480851423008,
48,95,36.14797266019773,35.71323254136755,1.0,24.7660229,2.0,1027.1059048799807,86.38873307101773,3267,0.04962699114239009,3206,61,0,0.9813284358738904,0.01867156412610958,0.0,True,2449.0,27.920259870998752,0.7770607184414601,2449,367,0.13032670454545456,,0.3090169943749474,0.3567891723253309,
49,143,35.94778165902972,35.31626330181178,1.0,24.7660229,2.0,933.0530129143549,17.909371427123013,3387,0.051449837465342894,3172,215,0,0.9365219958665486,0.06347800413345143,0.0,True,2989.0,30.845230584376417,0.8656603930165737,3011,0,0.0,,0.3090169943749474,0.4,
49,148,35.94778165902972,35.77408618257428,1.0,24.7660229,2.0,892.583679626666,79.31957050961108,3235,0.04914089878960267,3190,45,0,0.9860896445131375,0.013910355486862442,0.0,True,2210.0,26.52291176447596,0.7396046021291907,2233,334,0.13011297234125438,,0.3090169943749474,0.4305008740430604,
49,213,35.94778165902972,34.46687961923308,1.0,24.7660229,2.0,919.9887656206615,54.20271414450553,3246,0.04930799303587335,3238,8,0,0.9975354282193469,0.0024645717806531116,0.0,True,2689.0,29.256371681194732,0.8309738668082255,2689,0,0.0,,0.3090169943749474,0.4455040914477155,
49,222,35.94778165902972,35.664062041282264,5.414213562373095,134.08853707122265,6.414213562373095,863.4236953151944,17.727643419633687,7813,0.11868248601025215,7676,92,48,0.9824651222321772,0.011775246384231408,0.006143606809164213,True,2441.0,27.87461985704259,0.778491892310298,2621,414,0.13640856672158155,0.21551468935838852,0.2758872381516119,0.19779076577875643,-0.0603725487932234
50,63,36.056206151739175,35.60295694253179,6.0,148.5961374,7.0,924.17106850451,2.2368649029418672,6135,0.0931930182609621,6101,34,0,0.9944580277098615,0.0055419722901385495,0.0,True,2616.0,28.856518540128786,0.8053825161805669,2616,0,0.0,,0.26968623182294527,0.1680743603534397,
50,71,36.056206151739175,35.623223189488876,1.0,24.7660229,2.0,942.7379171894629,57.02598806040235,2488,0.03779368042922147,2484,4,0,0.9983922829581994,0.001607717041800643,0.0,True,1852.0,24.279825147895533,0.6774558718181769,1865,0,0.0,,0.2989350844248255,0.22555222311556125,
50,124,36.056206151739175,35.27678898369645,1.0,24.7660229,2.0,978.2970233071558,66.77822314799629,2515,0.03820382085188585,2499,16,0,0.9936381709741551,0.006361829025844931,0.0,True,1740.0,23.534213434057992,0.6598408881997738,1750,37,0.020705092333519866,,0.30383243470068705,0.44317475868633727,
50,140,36.056206151739175,35.643153216226196,8.917213725368399,220.84391932666807,9.917213725368399,995.5400076559075,38.80532250146717,6689,0.10160849211859421,6408,281,0,0.9579907310509792,0.04200926894902078,0.0,True,1942.0,24.862779389459288,0.6935286342479583,1943,6,0.0030785017957927143,,0.27139903897415774,0.1757340838011157,
50,142,36.056206151739175,35.37880695443504,2.449489742783178,60.66411906308329,3.449489742783178,993.3137139271354,37.2947906206894,4043,0.06141473069748489,3962,81,0,0.9799653722483305,0.020034627751669552,0.0,True,3439.0,33.08576277775769,0.9263178192067286,3445,0,0.0,,0.28172904669025317,0.3797958971132712,
50,231,36.056206151739175,34.500072863257465,1.414213562373095,35.02444547122265,2.414213562373095,961.5211309134509,86.95410156187805,3137,0.04765224095919122,3086,51,0,0.9837424290723621,0.01625757092763787,0.0,True,1915.0,24.68933842860029,0.699848086471584,1917,0,0.0,,0.29339977411634566,0.41421356237309503,
51,84,36.15077387506734,35.88164534512529,1.0,24.7660229,2.0,1091.9004397994736,89.12369739811503,3291,0.04999156040698065,3162,129,0,0.9608021877848678,0.03919781221513218,0.0,True,2737.0,29.516337145469713,0.8195292471086544,2737,0,0.0,,0.3090169943749474,0.3797958971132712,
51,135,36.15077387506734,35.00958694434186,1.0,24.7660229,2.0,1108.209427808317,63.764590105870234,3139,0.04768262173124043,3095,44,0,0.9859827970691303,0.014017202930869704,0.0,True,1947.0,24.894765481920903,0.6996806985028885,1948,0,0.0,,0.3090169943749474,0.3516287047744073,
53,119,36.04255090884687,36.68093515788354,4.65685424949238,115.33175898489058,5.65685424949238,892.9763056080816,45.40401991593474,4763,0.07235180863520171,4674,89,0,0.9813142977115263,0.01868570228847365,0.0,True,2491.0,28.158656333067857,0.7744033696962693,2491,0,0.0,,0.27718637277259645,0.21290885543182678,
53,121,36.04255090884687,34.87532591967524,1.0,24.7660229,2.0,831.1252248082537,21.761013949736345,2726,0.04140899230307786,2574,152,0,0.9442406456346295,0.05575935436537051,0.0,True,4258.0,36.81526171807802,1.038250533277992,4258,0,0.0,,0.3090169943749474,0.3090169943749474,
53,322,36.04255090884687,35.40358484036005,1.0,24.7660229,2.0,874.5145131020116,74.27100847924451,3683,0.05594619172862648,3670,13,0,0.9964702688026066,0.0035297311973934292,0.0,True,2834.0,30.03481675397509,0.8407681238186067,2834,0,0.0,,0.3090169943749474,0.392280956059262,
54,68,36.57940015033765,36.008582263413984,1.0,24.7660229,2.0,566.7260822928243,58.07763842672413,3477,0.052816972207557496,3230,247,0,0.9289617486338798,0.07103825136612021,0.0,True,1471.0,21.638711666278937,0.5962064503443074,1477,490,0.2491103202846975,,0.30216947925196225,0.37406669614897287,
54,72,36.57940015033765,37.02266829031923,1.0,24.7660229,2.0,531.2335015532027,64.88195639360694,3131,0.04756109864304358,2706,20,407,0.8642606196103482,0.0063877355477483235,0.12999041839667838,True,827.0,16.224742705941285,0.4408773571091362,1012,1715,0.6288962229556289,0.39564392373896,0.2857142857142857,0.4390050566079807,0.10992963802467431
54,154,36.57940015033765,35.33029437183157,10.181782043891005,252.16224726181343,11.181782043891005,588.7389177718728,9.62764632485326,7656,0.11629759540438889,1152,839,5675,0.15047021943573669,0.10958725182863113,0.7412486938349008,False,130.0,6.432750982580687,0.1789119262799126,206,1163,0.8495252008765523,0.27598206241955514,0.07142857142857142,0.45499546279118214,0.20455349099098372
54,243,36.57940015033765,34.038354210100614,2.1462643699419726,53.15443253543696,3.1462643699419726,526.0382721943017,54.47603786424792,3561,0.05409296463362446,3464,32,67,0.9727604605447908,0.008986239820275204,0.018814939623701208,True,1776.0,23.77642441290137,0.6733837581847969,1959,1343,0.40672319806178076,0.40369821609784007,0.28172904669025317,0.39782196186948005,0.1219691694075869
54,275,36.57940015033765,33.85640203978972,1.0,24.7660229,2.0,546.284399468409,88.07435722351852,2685,0.04078618647606899,1733,364,592,0.6454376163873371,0.1355679702048417,0.22048417132216014,True,357.0,10.660048281673648,0.302688347408864,514,1452,0.7385554425228891,0.38742588672279316,0.25,0.38742588672279316,0.13742588672279316
51,163,36.15077387506734,35.13670369587606,10.015099296692402,248.0341785276579,11.015099296692402,1103.3313164894803,74.64670309853325,8561,0.13004489475665795,8249,307,5,0.9635556593855858,0.035860296694311414,0.0005840439201027917,True,1395.0,21.072311008201925,0.5911924990537454,1395,156,0.10058027079303675,0.18045735190554077,0.26045368819824943,0.34918856211173505,-0.07999633629270866
51,165,36.15077387506734,35.75199853007004,1.0,24.7660229,2.0,1124.8930194409204,27.601132435823587,3227,0.04901937570140582,3137,90,0,0.9721103191819027,0.027889680818097305,0.0,True,2583.0,28.673933040528837,0.7975751721773698,2584,217,0.07747233131024633,,0.3090169943749474,0.37004604996670576,
51,178,36.15077387506734,35.00166422487947,3.6855577202829677,91.27660689979977,4.685557720282968,1061.1351679792015,34.76698443988138,4444,0.06750607549335218,4341,103,0,0.9768226822682268,0.023177317731773176,0.0,True,2204.0,26.486883341553696,0.7445109134376521,2204,50,0.022182786157941437,,0.2791745113185196,0.2572842744474721,
51,193,36.15077387506734,34.34399097529891,1.414213562373095,35.02444547122265,2.414213562373095,1074.958911854719,61.01789311825825,3410,0.05179921634390885,3341,69,0,0.9797653958944281,0.020234604105571846,0.0,True,2217.0,26.564883166870207,0.7536696724432635,2217,0,0.0,,0.29581631632448924,0.4,
52,125,36.36529696535297,35.605342404496575,8.16515138991168,202.21832630451948,9.16515138991168,729.394429218987,35.15676876897989,6941,0.1054364693967951,6817,106,20,0.9821351390289583,0.015271574701051721,0.0028814291888776835,True,4383.0,37.35173665498774,1.0379715112169865,4383,327,0.06942675159235669,0.2107855960490806,0.26747889038858935,0.3148361566680043,-0.05669329433950876
52,194,36.36529696535297,36.829845387931286,1.0,24.7660229,2.0,670.4615122277955,48.23268702221219,3387,0.051449837465342894,3292,95,0,0.9719515795689401,0.028048420431059935,0.0,True,3750.0,34.54941494713355,0.9440357334200422,3756,588,0.13535911602209943,,0.3090169943749474,0.40453726661826384,
52,201,36.36529696535297,35.12967650967651,9.839639641948533,243.68874070024518,10.839639641948533,667.7087961781415,46.292003986753365,9858,0.14974682543057286,9682,176,0,0.9821464800162305,0.017853519983769526,0.0,True,4053.0,35.91810085044731,1.0047727582692836,4053,0,0.0,,0.2640379757271236,0.3228287342177362,
52,226,36.36529696535297,35.041890092227234,2.863703305156273,70.92254163430594,3.863703305156273,674.8584639418291,55.83364252265067,4263,0.06475661562289836,4186,77,0,0.9819376026272578,0.0180623973727422,0.0,True,3276.0,32.29215364663835,0.9044510777493338,3277,0,0.0,,0.2801868778094689,0.33971422738143603,
54,284,36.57940015033765,35.32685141397506,1.0,24.7660229,2.0,527.8033204542674,55.91464486041054,3047,0.04628510621697662,1995,286,770,0.6547423695438136,0.09386281588447654,0.2527075812274368,True,331.0,10.264529815185629,0.28549756361601103,346,1026,0.7478134110787172,0.3816524151396708,0.2612038749637414,0.38221731683849475,0.12044854017592938
55,90,35.901845222042596,35.56323598646882,1.0,24.7660229,2.0,793.5048329926925,34.58331676525256,3620,0.054989197409076256,3022,1,607,0.8348066298342541,0.00027624309392265195,0.16767955801104972,True,1641.0,22.85490151428355,0.6396103139546019,1676,612,0.2674825174825175,0.38742588672279316,0.28989794855663564,0.2572842744474721,0.09752793816615751
55,98,35.901845222042596,36.01888999398882,1.0,24.7660229,2.0,824.8179012961375,86.69724906709627,4063,0.06171853841797702,4052,11,0,0.9972926409057347,0.002707359094265321,0.0,True,2670.0,29.15282826949593,0.8106932773122612,2730,14,0.00510204081632653,,0.3090169943749474,0.3483314773547883,
55,148,35.901845222042596,35.77408618257428,1.8284271247461903,45.2828680424453,2.8284271247461903,854.2926372763666,31.4751804105139,3570,0.054229678107845916,2549,228,807,0.7140056022408964,0.06386554621848739,0.22605042016806723,True,8.0,1.5957691216057308,0.04452733547604635,2306,282,0.10896445131375579,0.375,0.25000000000000006,0.3310732117697164,0.12499999999999994
55,151,35.901845222042596,34.792364223190646,1.414213562373095,35.02444547122265,2.414213562373095,814.8429321631074,77.32304411241152,3465,0.05263468757526221,3345,74,48,0.9653679653679653,0.021356421356421358,0.013852813852813853,True,2298.0,27.045815174447064,0.7651493774861274,2312,653,0.2202360876897133,0.3108325397586241,0.29581631632448924,0.4142135623730951,0.01501622343413489
55,187,35.901845222042596,34.86472360632535,6.8173377998059435,168.8383440670296,7.8173377998059435,792.3437413956422,40.238102537960096,5170,0.07853429574721664,2706,763,1709,0.5234042553191489,0.14758220502901354,0.33056092843326884,True,1661.0,22.99375395517827,0.6498479249699286,1670,590,0.2610619469026549,0.3090169943749474,0.19160741797296416,0.3581925966928192,0.11740957640198324
55,222,35.901845222042596,35.664062041282264,5.0,123.8301145,6.0,825.1326529648951,86.46226207281667,5669,0.08611429837349538,2543,1,3136,0.44857999647204094,0.0001763979537837361,0.5531839830657964,True,1438.0,21.394616526881034,0.5978996800294897,1953,666,0.2542955326460481,0.349586663902989,0.14548268842493628,0.3632995963024343,0.2041039754780527
56,64,35.81600875983135,35.98444645931026,1.0,24.7660229,2.0,1123.7339333661853,8.729608236888932,3125,0.047469956326895935,3079,46,0,0.98528,0.01472,0.0,True,2775.0,29.72053051612671,0.8278646820669009,2776,0,0.0,,0.3090169943749474,0.3333333333333333,
57,110,35.920850640183694,36.12298610796072,8.657737169873558,214.41771701126973,9.657737169873558,811.4257292677636,84.54759800932341,7460,0.11332027974356598,6580,880,0,0.8820375335120644,0.11796246648793565,0.0,True,1189.0,19.454317121722035,0.5400688802772045,1190,0,0.0,,0.25477784062024067,0.3464047759419222,
57,118,35.920850640183694,35.739293549720855,4.242640687119285,105.07333641366795,5.242640687119285,809.6240807360243,81.5142260560681,4467,0.06785545437191813,4416,51,0,0.9885829415715245,0.011417058428475487,0.0,True,2313.0,27.133941231290155,0.7572951893421609,2313,0,0.0,,0.28172904669025317,0.3008613653919205,
57,125,35.920850640183694,35.605342404496575,8.018397960625059,198.5838275141535,9.018397960625059,789.0660587161165,50.01161615891159,6353,0.09650452241432636,6265,88,0,0.9861482764048481,0.013851723595151896,0.0,True,2083.0,25.749553256723427,0.720003460568311,2087,0,0.0,,0.269128646713734,0.26784339619099595,
57,167,35.920850640183694,35.24875845540225,1.0,24.7660229,2.0,812.6247954818361,85.6656447077753,3050,0.046330677375050436,2991,59,0,0.980655737704918,0.019344262295081967,0.0,True,2669.0,29.147368427090246,0.8190959258450673,2669,0,0.0,,0.30484544052339907,0.31339216579491175,
57,185,35.920850640183694,34.68573802823606,1.0,24.7660229,2.0,827.0550888556976,70.88425151948677,3039,0.04616358312877976,2863,176,0,0.9420862125699243,0.057913787430075685,0.0,True,1830.0,24.135183689301744,0.6836524506981796,1832,0,0.0,,0.3090169943749474,0.34734951779583045,
57,188,35.920850640183694,34.395525530844665,1.0,24.7660229,2.0,835.923110800997,54.35300642040596,3111,0.047257290922551445,2865,246,0,0.9209257473481196,0.07907425265188042,0.0,True,2479.0,28.090749506725825,0.7989817176699082,2479,0,0.0,,0.3008613653919205,0.3660254037844387,
57,289,35.920850640183694,34.14987401789476,1.0,24.7660229,2.0,841.5869440402084,42.99261162568045,3167,0.048107952539929416,2957,210,0,0.9336911904010105,0.06630880959898958,0.0,True,2046.0,25.519835954254013,0.7284022272862802,2047,0,0.0,,0.3008613653919205,0.41421356237309503,
58,70,39.08702976639758,37.305218042709804,10.0,247.660229,11.0,1158.7911166804247,87.64963422841475,9428,0.14321495943999196,8646,782,0,0.9170555791260077,0.08294442087399237,0.0,True,1323.0,20.521305499922637,0.53726146535712,1324,0,0.0,,0.25477784062024067,0.3534959180103599,
59,88,35.88003826238517,36.22745587059799,1.0,24.7660229,2.0,1120.9496438053625,34.74875916527608,3045,0.0462547254449274,2941,104,0,0.9658456486042692,0.034154351395730705,0.0,True,2128.0,26.026206750102993,0.7218724506527588,2128,0,0.0,,0.3090169943749474,0.3516287047744073,
59,100,35.88003826238517,35.3063072377907,2.863703305156273,70.92254163430594,3.863703305156273,1149.0609515165577,87.140002819114,4103,0.062326153858961286,3932,171,0,0.9583231781623203,0.04167682183767975,0.0,True,1483.0,21.726793624705916,0.610420256077122,1484,0,0.0,,0.27669677546737487,0.3827822185373187,
59,130,35.88003826238517,35.41272483695998,1.0,24.7660229,2.0,1123.7654020071277,41.33768964219477,3153,0.04789528713558493,3036,117,0,0.9628924833491912,0.037107516650808754,0.0,True,2979.0,30.793589445556886,0.8638629815103838,2979,0,0.0,,0.30383243470068705,0.38742588672279316,
59,163,35.88003826238517,35.13670369587606,1.0,24.7660229,2.0,1132.5760169886407,59.418926482876884,2950,0.044811638772589764,2913,37,0,0.987457627118644,0.012542372881355932,0.0,True,1875.0,24.430125595146,0.6880103176094546,1877,0,0.0,,0.3090169943749474,0.34833147735478825,
60,115,36.832309217041164,35.825187565631715,1.0,24.7660229,2.0,620.6671831447879,84.66721299006011,3430,0.05210302406440098,3333,97,0,0.9717201166180758,0.0282798833819242,0.0,True,2416.0,27.73151068766428,0.7633489155458381,2416,84,0.0336,,0.3090169943749474,0.38742588672279316,
60,141,36.832309217041164,37.17467522203558,1.0,24.7660229,2.0,592.0610814107849,32.752373262438375,3354,0.05094855472653087,3346,8,0,0.9976147883124628,0.002385211687537269,0.0,True,3123.0,31.529062379842163,0.8520564003198154,3123,0,0.0,,0.30383243470068705,0.42882814135516556,
60,164,36.832309217041164,35.93441363578625,4.65685424949238,115.33175898489058,5.65685424949238,612.1173963346303,72.48975000491919,5178,0.07865581883541349,5088,90,0,0.9826187717265353,0.01738122827346466,0.0,True,2674.0,29.174657421389824,0.8018681143686057,2674,0,0.0,,0.27669677546737487,0.31904289725932955,
60,182,36.832309217041164,34.15014695868493,7.79385036540706,193.0226766288446,8.79385036540706,643.749296267157,60.2659109312062,7573,0.11503679336434654,7551,22,0,0.9970949425590915,0.0029050574409084907,0.0,True,1655.0,22.95218642382842,0.6467002597658036,1658,533,0.24326791419443178,,0.26900052367845045,0.3671111365059479,
61,198,36.00373313519125,34.740220927764916,1.0,24.7660229,2.0,967.6040196440015,63.6864446740574,3229,0.04904975647345503,3229,0,0,1.0,0.0,0.0,True,2455.0,27.9544409813755,0.7902990821377726,2456,397,0.13915177006659657,,0.3090169943749474,,
61,227,36.00373313519125,34.72518092685073,3.1815405503520555,78.79410612729761,4.1815405503520555,972.9049767969711,56.3354117286704,3846,0.058422224650637365,3776,62,9,0.9817992719708788,0.01612064482579303,0.00234009360374415,True,2480.0,28.096414677602564,0.7944817208124234,2481,255,0.09320175438596491,0.22966848451216434,0.2801868778094689,0.2393517477920136,-0.05051839329730454
62,64,35.7574140849054,35.98444645931026,1.8284271247461903,45.2828680424453,2.8284271247461903,1060.5590640018527,45.16144203157963,3473,0.05275621066345907,3368,105,0,0.9697667722430175,0.030233227756982436,0.0,True,3569.0,33.705310913711344,0.9396274548229265,3569,0,0.0,,0.2857142857142857,0.3443593434156103,
62,95,35.7574140849054,35.71323254136755,1.0,24.7660229,2.0,1031.6444501557175,86.40297409559426,3396,0.05158655093956435,3384,12,0,0.9964664310954063,0.0035335689045936395,0.0,True,2013.0,25.313194205551593,0.708352180942668,2013,258,0.11360634081902246,,0.3090169943749474,0.5,
60,194,36.832309217041164,36.829845387931286,8.719749027788248,215.9535041044565,9.719749027788248,634.466162331243,75.6406971799659,8361,0.12700681755173662,8219,142,0,0.9830163855998086,0.016983614400191364,0.0,True,2248.0,26.749964937194992,0.7262878768791615,2248,350,0.13471901462663588,,0.2680748568360903,0.3062170434674297,
60,244,36.832309217041164,34.033683084531305,1.0,24.7660229,2.0,606.139195039485,59.57184199928197,3462,0.05258911641718839,3419,43,0,0.987579433853264,0.01242056614673599,0.0,True,3622.0,33.954652225544734,0.9582777612440573,3649,0,0.0,,0.3090169943749474,0.41421356237309503,
61,62,36.00373313519125,35.7574140849054,10.04987562112089,248.8954497748317,11.04987562112089,992.8958930084361,7.36430735117997,7906,0.12009519191054056,6436,1179,293,0.8140652668859094,0.1491272451302808,0.03706046040981533,True,1113.0,18.822298035111416,0.5245818598017131,1153,454,0.28251400124455506,0.20521309615767266,0.3076923076923077,0.16778977572266515,-0.10247921153463505
61,82,36.00373313519125,35.64309057811344,1.414213562373095,35.02444547122265,2.414213562373095,927.2224181124523,48.18697693628184,3130,0.047545908257018966,2964,145,21,0.9469648562300319,0.0463258785942492,0.00670926517571885,True,2708.0,29.35954992478095,0.8195631963327059,2708,160,0.05578800557880056,0.3008613653919205,0.29339977411634566,0.3516287047744073,0.00746159127557483
56,77,35.81600875983135,35.594919349440815,1.0,24.7660229,2.0,1157.088614916097,84.9532461052034,3406,0.051738454799810416,3336,70,0,0.9794480328831474,0.020551967116852612,0.0,True,2026.0,25.394799259067984,0.7112300576799439,2037,0,0.0,,0.3090169943749474,0.4317713281142754,
56,196,35.81600875983135,35.320601368371406,1.0,24.7660229,2.0,1160.7276166602717,89.19962122568265,2789,0.04236598662262808,2713,76,0,0.972750089637863,0.027249910362136965,0.0,True,2676.0,29.185565874723483,0.8205498075358133,2676,0,0.0,,0.3090169943749474,0.39614047802963104,
56,292,35.81600875983135,59.46250142215923,16.0,396.2563664,17.0,1193.698021628362,37.34817862332785,2514,0.03818863046586124,1908,606,0,0.7589498806682577,0.24105011933174225,0.0,True,922.0,17.131308037083887,0.3596048679678458,922,0,0.0,,0.08179977728257458,0.14560586162474884,
57,81,35.920850640183694,35.51364896558651,1.0,24.7660229,2.0,780.9527198277653,20.146514501347358,2874,0.04365716943471965,2621,253,0,0.9119693806541406,0.08803061934585943,0.0,True,3274.0,32.28229495196602,0.9038292458160756,3274,0,0.0,,0.3090169943749474,0.3266316347104093,
62,114,35.7574140849054,35.708739722130034,1.0,24.7660229,2.0,1034.0022485394902,89.80319707819852,3068,0.04660410432349336,3052,16,0,0.9947848761408083,0.005215123859191656,0.0,True,1795.0,23.903268514994018,0.6689395536671761,1795,200,0.10025062656641603,,0.3090169943749474,0.4208637565600508,
62,145,35.7574140849054,35.059378977226274,7.246211251235321,179.45983378633161,8.246211251235321,1066.147304428535,36.61185260109623,5969,0.09067141418087739,5781,188,0,0.968503937007874,0.031496062992125984,0.0,True,3584.0,33.77606596515802,0.9538999015536985,3584,0,0.0,,0.2687959533979826,0.29238453959110045,
62,198,35.7574140849054,34.740220927764916,5.414213562373095,134.08853707122265,6.414213562373095,1008.5855730085627,48.735041917028404,6904,0.10487442511388466,6848,56,0,0.9918887601390498,0.008111239860950173,0.0,True,2766.0,29.672295920342346,0.8417954989556583,2766,173,0.058863559033684926,,0.27669677546737487,0.24878805843174823,
62,227,35.7574140849054,34.72518092685073,4.449489742783178,110.1961648630833,5.449489742783178,1013.8865301615324,58.38368812445929,5181,0.07870138999348732,5066,115,0,0.9778035128353599,0.02219648716464003,0.0,True,2989.0,30.845230584376417,0.8752580854672446,2989,147,0.046875,,0.2801868778094689,0.24210172369314836,
63,71,35.60295694253179,35.623223189488876,1.0,24.7660229,2.0,903.449406067899,58.994021440560466,3627,0.0550955301112485,3627,0,0,1.0,0.0,0.0,True,2043.0,25.501119533728012,0.7160602881260973,2066,0,0.0,,0.3090169943749474,,
63,132,35.60295694253179,34.69373956573465,1.0,24.7660229,2.0,870.3631977292101,65.89328413115996,2941,0.044674925298368307,1600,0,1349,0.5440326419585175,0.0,0.4586875212512751,True,515.0,12.80349918517013,0.3642702949395216,1030,1271,0.5523685354193829,0.37268226712382524,0.23582845781094003,,0.1368538093128852
63,208,35.60295694253179,34.30826400849537,1.0,24.7660229,2.0,880.0401022556598,81.93084434502059,3265,0.049596610370340875,3165,100,0,0.9693721286370597,0.030627871362940276,0.0,True,2199.0,26.456822177241087,0.7568691210749731,2206,31,0.013857845328565042,,0.3090169943749474,0.4072739409583566,
64,109,35.98444645931026,35.273399530514254,1.414213562373095,35.02444547122265,2.414213562373095,1090.1799401321364,85.41375386178409,3346,0.05082703163833402,3258,88,0,0.9736999402271369,0.02630005977286312,0.0,True,2031.0,25.42611607853781,0.7136369539480216,2031,0,0.0,,0.29339977411634566,0.3991718357941186,
64,114,35.98444645931026,35.708739722130034,1.0,24.7660229,2.0,1060.6838661683455,41.905352320673344,3419,0.051935929818130305,3301,118,0,0.9654869844983913,0.03451301550160866,0.0,True,2357.0,27.39080870903951,0.7641119098743684,2357,0,0.0,,0.30484544052339907,0.3660254037844387,
65,116,35.67394450600643,35.246068253205905,1.0,24.7660229,2.0,1053.983801067634,64.11867956689984,3285,0.04990041809083301,3265,20,0,0.9939117199391172,0.0060882800608828,0.0,True,2279.0,26.933774904622243,0.7595535831632689,2280,632,0.21703296703296704,,0.3090169943749474,0.4364916731037084,
65,150,35.67394450600643,34.74127587752717,1.0,24.7660229,2.0,1031.7835541248578,79.68658083869568,3257,0.04947508728214402,3183,74,0,0.9772797052502302,0.022720294749769727,0.0,True,1815.0,24.03606547302574,0.6826951713594722,1816,0,0.0,,0.3090169943749474,0.4,
65,153,35.67394450600643,35.08486852960442,4.65685424949238,115.33175898489058,5.65685424949238,1014.549619912832,52.03797602722677,5092,0.07734944563729731,5029,63,0,0.9876276512175962,0.01237234878240377,0.0,True,2364.0,27.431452220735256,0.7753508303461735,2364,0,0.0,,0.27792629762666365,0.2588283628687876,
65,166,35.67394450600643,34.965316634264894,1.414213562373095,35.02444547122265,2.414213562373095,1015.0354523950373,50.79355302350238,3120,0.0473940043967729,2989,131,0,0.9580128205128206,0.041987179487179484,0.0,True,2638.0,28.97760307121415,0.8204390194193034,2638,0,0.0,,0.28989794855663564,0.3516287047744073,
65,178,35.67394450600643,35.00166422487947,6.28538328578604,155.6639463910543,7.28538328578604,1033.9885851631693,83.90493130255103,6133,0.09316263748891289,6010,123,0,0.9799445622044677,0.020055437795532365,0.0,True,1441.0,21.41692195416611,0.6060626102483562,1441,0,0.0,,0.2687959533979826,0.41421356237309503,
65,233,35.67394450600643,34.87591474809508,1.0,24.7660229,2.0,1020.5604139629891,60.16583981330757,3458,0.05252835487308997,3362,96,0,0.9722382880277617,0.027761711972238288,0.0,True,2081.0,25.737188524554668,0.7296170055238885,2081,0,0.0,,0.30484544052339907,0.41054588061380315,
66,147,35.56971554910023,35.588700283162204,1.0,24.7660229,2.0,690.783268613274,54.68088688811781,3240,0.04921685071972571,2692,16,538,0.8308641975308642,0.0049382716049382715,0.16604938271604938,True,1281.0,20.192943425895987,0.5675489874169102,1424,1345,0.48573492235464066,0.37406669614897287,0.28989794855663564,0.4072384349238177,0.08416874759233722
67,193,35.90388247938357,34.34399097529891,1.0,24.7660229,2.0,1075.071061424693,59.92012626266984,3266,0.04961180075636548,3251,15,0,0.9954072259644825,0.004592774035517453,0.0,True,2225.0,26.612769430462027,0.7576818520387001,2226,0,0.0,,0.3090169943749474,0.42480768092719207,
67,204,35.90388247938357,34.80228796220674,5.0990195135927845,126.28243404118575,6.0990195135927845,1056.0074414829776,19.63036120461609,5228,0.07941533813664382,5223,5,0,0.999043611323642,0.0009563886763580719,0.0,True,2478.0,28.085083193101518,0.7944167536637369,2478,0,0.0,,0.2758872381516119,0.36602540378443865,
67,221,35.90388247938357,35.32021864065531,1.414213562373095,35.02444547122265,2.414213562373095,1073.0916234284703,58.14806960411137,3168,0.04812314292595402,3162,6,0,0.9981060606060606,0.001893939393939394,0.0,True,2503.0,28.226399790232335,0.7926081016497615,2506,0,0.0,,0.29339977411634566,0.4401754077045811,
68,72,36.008582263413984,37.02266829031923,1.414213562373095,35.02444547122265,2.414213562373095,550.4793988893641,21.5247117117952,3022,0.045905346566361444,2530,1,493,0.8371939113170086,0.00033090668431502316,0.16313699536730641,True,917.0,17.08479340321492,0.4678762385602222,1426,1644,0.5355048859934853,0.356789172325331,0.27429188517743175,0.4494897427831781,0.08249728714789928
66,304,35.56971554910023,36.45330032828756,10.364905678081108,256.6974913796967,11.364905678081108,629.8045907857509,13.02496914941792,5624,0.08543073100238807,5149,1,479,0.9155405405405406,0.00017780938833570413,0.08517069701280228,True,641.0,14.284139352575984,0.3966548520237849,694,639,0.47936984246061515,0.32898981184718795,0.2585688584788905,0.3276586455612436,0.07042095336829746
66,326,35.56971554910023,28.396674494236546,4.0197648378370845,99.55358802648801,5.0197648378370845,643.5770966469879,43.50202955056831,1995,0.030304820119090366,1549,0,450,0.7764411027568923,0.0,0.22556390977443608,True,864.0,16.583719174624104,0.5185135244739856,1027,973,0.4865,0.35337239550595406,0.25428627101618895,,0.09908612448976511
67,93,35.90388247938357,35.476889250593025,1.0,24.7660229,2.0,1086.9709100915145,80.81608902620778,3413,0.05184478750198267,3409,4,0,0.998828010547905,0.0011719894520949312,0.0,True,2893.0,30.345848162964675,0.8502527341048859,2894,0,0.0,,0.3090169943749474,0.42786600124267404,
67,135,35.90388247938357,35.00958694434186,6.28538328578604,155.6639463910543,7.28538328578604,1108.321577378291,66.41449396584298,6174,0.09378544331592176,6097,77,0,0.9875283446712018,0.012471655328798186,0.0,True,1812.0,24.016192740836935,0.6773379707974595,1812,0,0.0,,0.27149702790318514,0.29807335387954476,
68,154,36.008582263413984,35.33029437183157,10.366600265340756,256.73945956657525,11.366600265340756,607.9848151080341,57.68712992954827,9370,0.14233391705056478,1825,259,7294,0.19477054429028814,0.027641408751334046,0.7784418356456777,False,35.0,3.3377905890622728,0.09357564196387164,670,1239,0.6490309062336301,0.30294814289336836,0.08179977728257459,0.4555334217802518,0.22114836561079376
68,155,36.008582263413984,35.86674340347741,1.0,24.7660229,2.0,585.6368538906557,89.46738433063082,3151,0.04786490636353571,2838,15,301,0.9006664550936211,0.004760393525864805,0.09552523008568709,True,2336.0,27.26851470332286,0.7587726232977282,2454,753,0.23479887745556596,0.3827822185373187,0.30484544052339907,0.4,0.07793677801391963
68,240,36.008582263413984,34.47284037191177,1.0,24.7660229,2.0,601.2913959601447,64.32725776036021,3081,0.04680157934181324,2753,288,41,0.8935410580980201,0.0934761441090555,0.013307367737747485,True,3821.0,34.874949105457695,0.9896210320811016,3830,233,0.05734678808761998,0.35977525015625467,0.2989350844248255,0.38742588672279316,0.06084016573142914
68,253,36.008582263413984,36.95071200079368,1.0,24.7660229,2.0,600.4521869109496,67.04365259172248,3254,0.0494295161240702,3046,18,190,0.9360786724031961,0.005531653349723417,0.05838967424708052,True,2688.0,29.25093116572581,0.8018424920558946,3002,1041,0.2574820677714568,0.3827822185373187,0.30216947925196225,0.4270509831248423,0.08061273928535645
59,170,35.88003826238517,34.72346501130035,1.0,24.7660229,2.0,1145.0215683902156,80.45741158573826,3344,0.050796650866284807,3253,91,0,0.9727870813397129,0.02721291866028708,0.0,True,2466.0,28.016998042781598,0.7936432823787019,2472,62,0.0244672454617206,,0.3090169943749474,0.4,
59,278,35.88003826238517,57.06931329903934,1.8284271247461903,45.2828680424453,2.8284271247461903,1187.6230573187765,41.508241433749156,3185,0.04838137948837234,3142,43,0,0.9864992150706436,0.013500784929356358,0.0,True,1195.0,19.50334109812034,0.4196552374059712,1195,0,0.0,,0.2702497081968528,0.3704152082810797,
59,285,35.88003826238517,61.042041869484365,20.024984394500787,495.9392220863491,21.024984394500787,1188.6543613771928,19.343913423646576,1430,0.02172225201518758,1343,87,0,0.9391608391608391,0.06083916083916084,0.0,False,536.0,13.061933202803933,0.26953472696896774,647,0,0.0,,0.06725659952165407,0.09699797699431081,
60,94,36.832309217041164,35.70586871784906,1.0,24.7660229,2.0,655.9517073305135,28.48633522610932,3243,0.04926242187779953,3241,2,0,0.9993832870798643,0.0006167129201356768,0.0,True,3193.0,31.880455871659734,0.878997978148153,3329,526,0.1364461738002594,,0.3090169943749474,0.38771991042611564,
58,74,39.08702976639758,35.63118533971885,1.0,24.7660229,2.0,1151.2315229752257,74.9734584506066,3594,0.054594247372436476,3544,50,0,0.9860879243183083,0.013912075681691708,0.0,True,1783.0,23.82323502519544,0.6376821231974337,1793,0,0.0,,0.3090169943749474,0.3420988687076606,
58,93,39.08702976639758,35.476889250593025,1.0,24.7660229,2.0,1120.885965335303,20.070838089492735,3386,0.05143464707931829,3121,265,0,0.9217365623154165,0.07826343768458358,0.0,True,2060.0,25.60699837034026,0.6868469015021941,2060,0,0.0,,0.29339977411634566,0.3797958971132712,
58,172,39.08702976639758,37.708709508631,4.0197648378370845,99.55358802648801,5.0197648378370845,1162.5234977481223,86.81254460666366,4924,0.07479746078516339,4559,365,0,0.9258732737611698,0.07412672623883022,0.0,True,1284.0,20.216574731145414,0.5265025096963725,1284,0,0.0,,0.269128646713734,0.3412253527198434,
58,370,39.08702976639758,38.51743392797106,13.038404810405298,322.9094321139678,14.038404810405298,1184.2773010950793,57.06428389561017,590,0.008962327754517952,528,62,0,0.8949152542372881,0.10508474576271186,0.0,True,204.0,8.058239062071396,0.20767462793911792,305,0,0.0,,0.12433837659840366,0.132100388124179,
68,341,36.008582263413984,24.396169889881307,1.0,24.7660229,2.0,562.99500808121,42.00942025401068,2877,0.04370274059279348,1876,696,307,0.6520681265206812,0.24191866527632952,0.10670837678136948,True,368.0,10.823032759612019,0.35835037389592483,418,397,0.48711656441717793,0.3827822185373187,0.2553967929896867,0.3827822185373187,0.127385425547632
69,90,35.54800286176792,35.56323598646882,1.414213562373095,35.02444547122265,2.414213562373095,753.1562428854922,72.336989359088,3422,0.051981500976204124,3387,20,16,0.9897720631209819,0.0058445353594389245,0.004675628287551139,True,1988.0,25.15551736167189,0.7074976549166291,2017,647,0.24286786786786788,0.4079883299942573,0.29339977411634566,0.401656803400581,0.11458855587791167
69,102,35.54800286176792,35.621843557636225,5.422466567392307,134.29293118252227,6.422466567392307,709.9237164650056,34.86938261302483,5295,0.08043309400029247,5295,0,0,1.0,0.0,0.0,True,2587.0,28.696126490477184,0.8064124888332853,2592,0,0.0,,0.2758872381516119,,
69,186,35.54800286176792,35.70106187281894,1.0,24.7660229,2.0,714.093482057589,37.74610270198638,3533,0.053667633824935466,3488,45,0,0.9872629493348429,0.01273705066515709,0.0,True,3170.0,31.76542679081483,0.8916728074718081,3180,0,0.0,,0.3090169943749474,0.42480768092719207,
72,83,37.02266829031923,35.8758344421339,1.7320508075688772,42.89600996421431,2.732050807568877,516.6480412943763,87.51257231602398,3325,0.05050803353181728,1586,565,1180,0.4769924812030075,0.1699248120300752,0.3548872180451128,True,110.0,5.917270272703197,0.16234271078022933,161,1200,0.881704628949302,0.3827822185373187,0.1951941016011038,0.3613020955135854,0.1875881169362149
72,223,37.02266829031923,35.63995839173449,1.0,24.7660229,2.0,509.8266580320345,82.06252177064933,3017,0.04582939463623841,2346,175,506,0.7775936360623136,0.058004640371229696,0.16771627444481274,True,449.0,11.954962939989485,0.3290539713710111,660,1622,0.7107800175284837,0.39564392373896,0.2612038749637414,0.3827822185373187,0.1344400487752186
72,274,37.02266829031923,35.88102725341571,8.126822193908446,201.2690645585648,9.126822193908446,500.85648213392517,69.73393257514365,7744,0.11763434937455428,1926,3497,2331,0.24870867768595042,0.4515754132231405,0.30100723140495866,False,2.0,0.7978845608028654,0.021888727446586417,30,755,0.9617834394904459,0.3160252912843454,0.1,0.32389954026393436,0.21602529128434542
72,288,37.02266829031923,32.390212785829576,1.0,24.7660229,2.0,505.28043811077794,73.43484453228531,2842,0.04317107708193224,1474,284,1088,0.5186488388458832,0.09992962702322308,0.3828289936664321,True,185.0,7.673807981960539,0.22110616539722802,344,1047,0.7526959022286125,0.3827822185373187,0.22224522347566916,0.37406669614897287,0.16053699506164953
72,341,37.02266829031923,24.396169889881307,12.092384255969128,299.4802653989309,13.092384255969128,527.5024273415884,69.60430818988357,9483,0.14405043067134532,1899,3729,3859,0.20025308446694084,0.3932299905093325,0.40693873246862805,False,38.0,3.477898169151024,0.11325183843259955,46,681,0.936726272352132,0.2859088742524856,0.0730536096278095,0.32037724101704074,0.21285526462467613
73,206,36.962889207680576,35.3918355531094,1.0,24.7660229,2.0,690.509022982712,87.10358431681833,3320,0.05043208160169424,3271,49,0,0.9852409638554217,0.014759036144578313,0.0,True,2130.0,26.038434238092623,0.7197438543005338,2142,383,0.15168316831683168,,0.3090169943749474,0.41421356237309503,
73,273,36.962889207680576,34.46580780458202,1.0,24.7660229,2.0,659.4206452334166,35.355579229219025,3450,0.05240683178489312,3416,0,36,0.9901449275362318,0.0,0.010434782608695653,True,2216.0,26.558891313141824,0.7436476493077369,2220,319,0.12564001575423395,0.41094162271764856,0.3090169943749474,,0.10192462834270116
73,317,36.962889207680576,30.08610870559266,5.414213562373095,134.08853707122265,6.414213562373095,681.5888932468868,76.30654040220794,9758,0.14822778682811216,9512,35,212,0.9747899159663865,0.003586800573888092,0.021725763476122158,True,4657.0,38.501547241090364,1.1484600348805056,4664,452,0.08835027365129007,0.3624692295749745,0.2708131845707603,0.44708844906984874,0.0916560450042142
75,197,36.83729452951498,36.55636975448627,1.0,24.7660229,2.0,620.313639775577,28.479260768404995,3443,0.052300499082720865,3350,93,0,0.9729886726691839,0.02701132733081615,0.0,True,3956.0,35.485685983831225,0.9669958934470748,3956,0,0.0,,0.3090169943749474,0.40269974784927715,
75,217,36.83729452951498,35.43707512359517,4.123105625617661,102.1129283431658,5.123105625617661,657.4832754130937,82.9650039844864,4823,0.07326323179667811,4792,31,0,0.9935724652705785,0.006427534729421522,0.0,True,2333.0,27.250999329690345,0.7540985680120053,2337,0,0.0,,0.27669677546737487,0.3273531727209286,
75,279,36.83729452951498,35.64446856574113,1.0,24.7660229,2.0,664.2708858971239,71.56055897373398,4003,0.06080711525650062,3968,35,0,0.9912565575818136,0.00874344241818636,0.0,True,2666.0,29.130982760044088,0.8038155120967442,2666,0,0.0,,0.3090169943749474,0.4,
75,333,36.83729452951498,31.258738512821964,1.0,24.7660229,2.0,659.899230354607,77.76578056224558,3019,0.045859775408287624,2922,97,0,0.967870155680689,0.03212984431931103,0.0,True,3226.0,32.04477637352005,0.94116426293429,3227,367,0.10211463550361714,,0.30216947925196225,0.40269974784927715,
76,110,35.97768508820217,36.12298610796072,1.0,24.7660229,2.0,821.716728876694,67.10676400845,3234,0.049125708403578064,3165,20,53,0.9786641929499073,0.006184291898577613,0.016388373531230675,True,1758.0,23.655628926560038,0.6561833207405414,1906,346,0.15364120781527532,0.30901699437494745,0.30484544052339907,0.39011948307876687,0.004171553851548382
76,121,35.97768508820217,34.87532591967524,1.0,24.7660229,2.0,816.6567700627493,56.936569625584525,3233,0.04911051801755346,3159,61,13,0.9771110423755026,0.018867924528301886,0.004021033096195484,True,2913.0,30.450561545780765,0.8595417784685334,2913,217,0.06932907348242812,0.3008613653919205,0.30484544052339907,0.37406669614897287,-0.003984075131478582
76,176,35.97768508820217,34.95020919528266,6.4031242374328485,158.57992149580696,7.4031242374328485,797.6568969182102,15.080636009281386,5886,0.08941061214083504,4182,1399,307,0.7104994903160041,0.23768263676520557,0.05215766224940537,True,583.0,13.622579184763433,0.3841247318104966,1062,352,0.24893917963224893,0.2680748568360903,0.2585688584788905,0.2958163163244893,0.009505998357199785
76,320,35.97768508820217,27.640729586576867,1.0,24.7660229,2.0,851.5185195901339,54.50295023937598,4925,0.074812651171188,4668,257,0,0.9478172588832487,0.052182741116751266,0.0,True,1972.0,25.05408341078227,0.7876362068706104,1974,0,0.0,,0.3090169943749474,0.3516287047744073,
69,267,35.54800286176792,34.752019529092614,5.6332495807108,139.51318811729905,6.6332495807108,759.0608944870186,64.36201086922908,4345,0.06600222727691611,4296,36,14,0.988722669735328,0.008285385500575374,0.003222094361334868,True,2021.0,25.363443772040124,0.7215771178854572,2026,245,0.10788199031263761,0.1881248017746962,0.2711923793731366,0.26656012402310963,-0.08306757759844041
70,74,37.305218042709804,35.63118533971885,1.0,24.7660229,2.0,1149.5157595635428,78.20125380940394,3297,0.050082702723128286,3257,34,6,0.9878677585683955,0.010312405216863815,0.0018198362147406734,True,1916.0,24.695783889727878,0.6771867749014183,1917,653,0.25408560311284045,0.3245951656115701,0.3090169943749474,0.32793442287247493,0.015578171236622695
70,165,37.305218042709804,35.75199853007004,2.6502815398728847,65.63693330793913,3.6502815398728847,1157.204460843,89.79909955791892,4145,0.06296415007199477,4062,83,0,0.9799758745476478,0.020024125452352232,0.0,True,1510.0,21.923684182580352,0.6001784686319086,1541,202,0.11589213998852553,,0.2801868778094689,0.3577747210701756,
70,172,37.305218042709804,37.708709508631,1.0,24.7660229,2.0,1160.8077343364394,84.38146784328372,3324,0.05049284314579267,3272,52,0,0.9843561973525873,0.015643802647412757,0.0,True,1800.0,23.936536824085962,0.638189136482779,1802,0,0.0,,0.3008613653919205,0.41421356237309503,
78,161,35.61739038025937,35.076915108180465,1.0,24.7660229,2.0,829.0268644405153,75.92569095181888,2989,0.045404063827549426,2956,23,10,0.9889595182335229,0.007694881231180997,0.0033456005352960855,True,1332.0,20.590987552733093,0.5825359598758686,1338,959,0.4175010883761428,0.32195108971916253,0.3090169943749474,0.44151844011225294,0.012934095344215135
78,179,35.61739038025937,34.45441565467942,1.0,24.7660229,2.0,811.1748860515775,41.97259101611504,2986,0.04535849266947561,2539,447,0,0.8503014065639651,0.14969859343603484,0.0,True,1628.0,22.764193258431348,0.6497390190594146,1628,231,0.1242603550295858,,0.28989794855663564,0.37268226712382524,
78,188,35.61739038025937,34.395525530844665,9.954451150103322,246.53216514039022,10.954451150103322,847.1145084233965,76.75721821766508,7861,0.11941162453943327,6804,977,81,0.8655387355298308,0.12428444218292838,0.010304032565831319,True,756.0,15.512648837479231,0.4431367737111754,758,237,0.23819095477386934,0.3819834574163685,0.25,0.35085799814639324,0.13198345741636852
78,209,35.61739038025937,34.12699972576709,1.0,24.7660229,2.0,871.4543271659231,17.265301864220483,2948,0.04478125800054055,2242,17,694,0.7605156037991859,0.005766621438263229,0.23541383989145184,True,1211.0,19.633473257897354,0.563012257417414,1235,1296,0.5120505728960885,0.4,0.2612038749637414,0.27792629762666365,0.1387961250362586
78,263,35.61739038025937,35.54812880887022,1.0,24.7660229,2.0,843.6603371442561,80.5959511553899,3346,0.05082703163833402,3233,113,0,0.9662283323371189,0.033771667662881054,0.0,True,2004.0,25.25654394235911,0.7097972228724218,2005,395,0.16458333333333333,,0.30484544052339907,0.41421356237309503,
79,89,36.01318465796191,35.66037034902895,1.0,24.7660229,2.0,577.6220666438916,86.56386482665027,3491,0.053029637611901985,3341,2,148,0.9570323689487253,0.0005729017473503294,0.04239472930392438,True,1723.0,23.418965260973238,0.6534897078480065,1829,577,0.2398171238570241,0.3761785115301142,0.3090169943749474,0.29756060624258246,0.06716151715516683
79,200,36.01318465796191,35.7658142858577,1.0,24.7660229,2.0,600.8497289011743,44.826639681405794,3662,0.05562719362210974,3662,0,0,1.0,0.0,0.0,True,3490.0,33.3301890600913,0.9286891584035147,3520,0,0.0,,0.3090169943749474,,
79,252,36.01318465796191,35.21054470549252,3.3166247903554,82.13960550864952,4.3166247903554,567.2077914669247,77.40028046091685,4436,0.06738455240515533,4391,0,45,0.9898557258791705,0.0,0.010144274120829576,True,2579.0,28.651722399674266,0.8045555225973814,2593,383,0.12869623655913978,0.3443593434156103,0.27792629762666365,,0.06643304578894665
79,258,36.01318465796191,34.64255862788785,1.0,24.7660229,2.0,548.7309821516067,42.100622597841316,2877,0.04370274059279348,2429,1,449,0.8442822384428224,0.0003475842891901286,0.15606534584636775,True,1386.0,21.004225818885445,0.5945511247092624,1432,881,0.3808906182447038,0.3761785115301142,0.28989794855663564,0.4721359549995794,0.08628056297347858
79,265,36.01318465796191,36.05461459326985,1.8284271247461903,45.2828680424453,2.8284271247461903,550.4993407203448,45.74382627535744,3309,0.05026498735542357,3297,0,12,0.9963735267452403,0.0,0.003626473254759746,True,2940.0,30.591356056578213,0.8489604615213877,2941,596,0.16850438224484027,0.3955620514103166,0.28989794855663564,,0.10566410285368094
80,213,37.098972009298166,34.46687961923308,1.0,24.7660229,2.0,932.195678037283,76.59055697616631,3129,0.04753071787099436,3098,31,0,0.9900926813678491,0.009907318632150847,0.0,True,2757.0,29.62398278774667,0.8278803958489174,2760,0,0.0,,0.3090169943749474,0.35388936786452296,
80,233,37.098972009298166,34.87591474809508,8.306623862918075,205.7220368107155,9.306623862918075,963.3580536984772,12.51786754337361,7951,0.12077875928164787,7795,155,1,0.9803798264369262,0.01949440321972079,0.00012577034335303736,True,3312.0,32.46909827883606,0.9022340914069125,3312,0,0.0,0.12043886815418244,0.27149702790318514,0.1652960191502465,-0.15105815974900272
70,370,37.305218042709804,38.51743392797106,10.392304845413264,257.37605978528586,11.392304845413264,1182.5615376833964,54.367950899727205,1182,0.017955036281085118,747,435,0,0.631979695431472,0.3680203045685279,0.0,True,157.0,7.069275219628611,0.18646868807390596,510,53,0.0941385435168739,,0.10414144201428255,0.2149851662190087,
71,124,35.623223189488876,35.27678898369645,1.0,24.7660229,2.0,957.5753608705446,4.342525034483781,3533,0.053667633824935466,3533,0,0,1.0,0.0,0.0,True,2566.0,28.579418607585545,0.8061893850673948,2566,0,0.0,,0.3090169943749474,,
71,208,35.623223189488876,34.30826400849537,1.0,24.7660229,2.0,898.6069509406126,48.084223313335706,3328,0.0505536046898911,3307,21,0,0.9936899038461539,0.006310096153846154,0.0,True,2086.0,25.768089230274473,0.7369524162219514,2089,0,0.0,,0.3090169943749474,0.36602540378443865,
71,231,35.623223189488876,34.500072863257465,1.7320508075688772,42.89600996421431,2.732050807568877,940.7994684768398,58.7787250229383,3277,0.04977889500263615,3176,101,0,0.969179127250534,0.030820872749465975,0.0,True,1911.0,24.663539739810748,0.7034335556976379,1911,13,0.006756756756756757,,0.28989794855663564,0.3126480851423008,
80,322,37.098972009298166,35.40358484036005,7.194052389321207,178.16806621772872,8.194052389321207,903.9438381305829,61.01256248014394,6245,0.09486396072366884,6153,92,0,0.9852682145716574,0.014731785428342675,0.0,True,1887.0,24.508177313476683,0.6760638073577736,1887,26,0.013591217982226868,,0.27429188517743175,0.1883032358745047,
81,118,35.51364896558651,35.739293549720855,6.0710678118654755,150.35620445611326,7.0710678118654755,775.1997750263074,43.77327975167878,5710,0.08673710420050426,5627,65,19,0.9854640980735552,0.01138353765323993,0.003327495621716287,True,2163.0,26.239365156488432,0.7365131664801462,2164,335,0.13405362144857944,0.44529898352355535,0.2711923793731366,0.3150371094195804,0.17410660415041873
81,131,35.51364896558651,35.94414801937112,1.0,24.7660229,2.0,726.4987693752423,56.69784523067097,3318,0.05040170082964503,3090,228,0,0.9312839059674503,0.06871609403254973,0.0,True,3332.0,32.56698544176895,0.9115026439626882,3333,0,0.0,,0.28989794855663564,0.41421356237309503,
81,144,35.51364896558651,35.13199772612573,4.766114533138578,118.03770167173282,5.766114533138578,735.6485981972472,73.65322430766174,4778,0.07257966442557082,4761,17,0,0.9964420259522813,0.0035579740477187107,0.0,True,2403.0,27.656801270205655,0.7829725557158839,2421,333,0.12091503267973856,,0.27718637277259645,0.3577747210701756,
82,103,35.64309057811344,35.93700177135905,8.43650317030929,208.9386307118025,9.43650317030929,910.7489243738037,78.33242457112098,7660,0.11635835694848731,7316,344,0,0.9550913838120104,0.04490861618798955,0.0,True,1302.0,20.357786515515272,0.56881140683986,1302,0,0.0,,0.264908564940645,0.33256792049197315,
82,156,35.64309057811344,35.115097416151045,1.0,24.7660229,2.0,906.3606516603845,83.83895235867371,3170,0.048153523698003235,2892,278,0,0.9123028391167193,0.08769716088328075,0.0,True,2072.0,25.68147355921802,0.7258940424336391,2072,0,0.0,,0.2989350844248255,0.38742588672279316,
82,188,35.64309057811344,34.395525530844665,1.0,24.7660229,2.0,879.499846322771,49.0571485440857,3138,0.047667431345215824,3049,89,0,0.9716379859783302,0.028362014021669855,0.0,True,2779.0,29.741943004866954,0.8493012757019021,2779,0,0.0,,0.3090169943749474,0.36602540378443865,
82,191,35.64309057811344,34.925827427854074,6.834654549917682,169.2672110968505,7.834654549917682,935.8477452785512,31.52676548943794,6524,0.09910207842453411,6220,304,0,0.9534028203556101,0.04659717964438995,0.0,True,1992.0,25.180812005932435,0.7136516392047579,1992,80,0.03861003861003861,,0.2775144043792301,0.19021241890538226,
82,242,35.64309057811344,35.11354848262679,1.0,24.7660229,2.0,885.5141206243702,61.55915808239782,3124,0.04745476594087133,3108,16,0,0.9948783610755442,0.005121638924455826,0.0,True,2796.0,29.83277462405867,0.8432501888182977,2796,0,0.0,,0.3090169943749474,0.41421356237309503,
82,289,35.64309057811344,34.14987401789476,1.0,24.7660229,2.0,885.1636795619822,60.54935253855545,3070,0.04663448509554257,3020,50,0,0.9837133550488599,0.016286644951140065,0.0,True,2604.0,28.79025779013781,0.8250189100517007,2604,0,0.0,,0.3090169943749474,0.3836108919180322,
83,155,35.8758344421339,35.86674340347741,1.0,24.7660229,2.0,551.8054962956678,23.648952573328053,2906,0.04414326178750707,1917,67,930,0.6596696490020647,0.023055746730901584,0.32002752924982797,True,386.0,11.084566571000565,0.3090094307693918,1013,1299,0.5618512110726643,0.38072415612647104,0.25000000000000006,0.39564392373896,0.13072415612647098
83,248,35.8758344421339,34.8520185181369,11.091589177747522,274.69455157348733,12.091589177747522,522.0516523970311,84.75417165479328,9855,0.14970125427249903,1562,6194,2103,0.15849822425164892,0.6285134449518012,0.21339421613394216,False,2.0,0.7978845608028654,0.02256210325657849,11,237,0.9556451612903226,0.2916309306731069,0.07142857142857142,0.3077696896900046,0.2202023592445355
83,274,35.8758344421339,35.88102725341571,1.0,24.7660229,2.0,502.517705278559,64.42590796553839,3116,0.04733324285267448,1954,775,392,0.6270860077021823,0.24871630295250322,0.1258023106546855,True,255.0,9.009385160867895,0.25110867303793083,260,667,0.7195253505933118,0.40361850723377046,0.23166247903554,0.39564392373896,0.17195602819823047
83,288,35.8758344421339,32.390212785829576,1.8284271247461903,45.2828680424453,2.8284271247461903,506.94166125541176,71.20185089856135,3158,0.04797123906570796,1691,842,632,0.5354654844838506,0.26662444585180495,0.20012666244458518,True,115.0,6.050259243299904,0.17725529714928528,442,380,0.46228710462287104,0.3851040526300559,0.21393876913398138,0.375,0.17116528349607454
84,109,35.88164534512529,35.273399530514254,1.0,24.7660229,2.0,1092.2338038839646,88.57603531522342,3312,0.05031055851349739,3288,24,0,0.9927536231884058,0.007246376811594203,0.0,True,2382.0,27.535688640195463,0.7739630742506216,2382,0,0.0,,0.3090169943749474,0.41421356237309503,
84,163,35.88164534512529,35.13670369587606,1.0,24.7660229,2.0,1102.779285824371,71.44304514854777,3125,0.047469956326895935,3117,8,0,0.99744,0.00256,0.0,True,2529.0,28.372622405389436,0.7990223030673083,2529,0,0.0,,0.3090169943749474,0.3453347047573091,
74,192,35.63118533971885,35.33494767432279,1.0,24.7660229,2.0,1139.9526933187822,86.84638279342727,3115,0.04731805246664987,3081,31,4,0.9890850722311396,0.009951845906902087,0.0012841091492776886,True,1911.0,24.663539739810748,0.6950791509220524,1941,485,0.19991755976916736,0.3801921582290878,0.2989350844248255,0.3761785115301142,0.08125707380426228
74,370,35.63118533971885,38.51743392797106,2.4641016151377544,61.02599702842861,3.4641016151377544,1175.0019439781975,4.408881520630303,3538,0.053743585755058505,2383,1155,0,0.6735443753533069,0.32645562464669303,0.0,True,1932.0,24.798683434954437,0.6688913072117152,1980,0,0.0,,0.21712927295533244,0.3761785115301142,
75,113,36.83729452951498,35.0394272918605,1.0,24.7660229,2.0,686.1670616473763,21.55406767895193,3214,0.04882190068308593,3107,107,0,0.9667081518357187,0.03329184816428127,0.0,True,3580.0,33.757212452126,0.9393086272358881,3580,271,0.07037133212152688,,0.3090169943749474,0.39352981872163206,
75,184,36.83729452951498,39.94887713154465,1.0,24.7660229,2.0,630.5118639586007,51.0619958288129,3980,0.06045773637793467,3649,331,0,0.9168341708542713,0.08316582914572865,0.0,True,2538.0,28.423062662817685,0.7403172224363361,2582,0,0.0,,0.28989794855663564,0.3900959445746376,
85,316,35.83795564687584,28.85350440000192,1.0,24.7660229,2.0,1049.293980654013,44.43981026147848,2555,0.038811436292870115,2555,0,0,1.0,0.0,0.0,True,2570.0,28.60168539601018,0.8842491845224816,2572,0,0.0,,0.3090169943749474,,
85,321,35.83795564687584,27.524522576173496,1.0,24.7660229,2.0,1014.7094149664849,74.21407897015891,2400,0.03645692645905608,2331,69,0,0.97125,0.02875,0.0,True,1861.0,24.338748903508463,0.7682385407285023,1864,228,0.1089866156787763,,0.3090169943749474,0.3761785115301142,
86,119,36.07021804436654,36.68093515788354,2.6502815398728847,65.63693330793913,3.6502815398728847,945.679772012564,49.536788088300064,4465,0.06782507359986892,4402,63,0,0.9858902575587906,0.014109742441209407,0.0,True,2882.0,30.288101491867806,0.8326493851627644,2882,0,0.0,,0.2801868778094689,0.3288130902060995,
86,150,36.07021804436654,34.74127587752717,1.0,24.7660229,2.0,997.855335236257,39.39239691406313,3339,0.05072069893616177,3170,169,0,0.9493860437256664,0.050613956274333634,0.0,True,2164.0,26.245429958408437,0.7412759851488967,2164,0,0.0,,0.3090169943749474,0.3761785115301142,
85,91,35.83795564687584,35.37734461040603,3.2426406871192857,80.30731351366796,4.242640687119286,1024.9471106333117,88.80398492982768,4618,0.07014920266163374,4151,467,0,0.8988739714161975,0.10112602858380251,0.0,True,1609.0,22.630965663659147,0.6355647053905413,1609,250,0.13448090371167296,,0.2653311931459037,0.3577747210701756,
85,168,35.83795564687584,35.63262692341111,1.0,24.7660229,2.0,1061.310558679972,6.977806369332986,3432,0.052133404836450195,3391,41,0,0.9880536130536131,0.011946386946386946,0.0,True,3228.0,32.05470811910906,0.8970042489183634,3228,0,0.0,,0.30216947925196225,0.3090169943749474,
85,202,35.83795564687584,35.21176420943346,1.0,24.7660229,2.0,1006.3109831546155,59.6313406135683,3886,0.059029840091621634,3879,5,2,0.9981986618630982,0.0012866700977869274,0.000514668039114771,True,2611.0,28.828928402316265,0.811514203310577,2700,665,0.1976225854383358,0.44213369097683675,0.3090169943749474,0.35977525015625467,0.13311669660188935
85,257,35.83795564687584,36.46042522394956,1.7320508075688772,42.89600996421431,2.732050807568877,1042.6307394003545,63.43063661557959,1182,0.017955036281085118,1182,0,0,1.0,0.0,0.0,True,2120.0,25.977239243415305,0.7186119227159045,2165,0,0.0,,0.28989794855663564,,
86,204,36.07021804436654,34.80228796220674,6.6212327846342935,163.98160277048368,7.6212327846342935,994.8204902083705,51.4220851572352,6077,0.09231197587153492,6063,14,0,0.9976962316932697,0.0023037683067302947,0.0,True,2341.0,27.297682018007574,0.7703320668659797,2342,0,0.0,,0.26747889038858924,0.18670291924628934,
86,233,36.07021804436654,34.87591474809508,1.0,24.7660229,2.0,986.6321950743882,63.25140376816515,2965,0.045039494562958866,2828,137,0,0.9537942664418212,0.04620573355817875,0.0,True,2679.0,29.201920914323004,0.8232138881973242,2679,0,0.0,,0.3090169943749474,0.339056738914926,
87,102,35.47233635906005,35.621843557636225,4.242640687119285,105.07333641366795,5.242640687119285,680.8167620031085,85.4876249546473,5001,0.0759671205090581,4988,13,0,0.9974005198960207,0.002599480103979204,0.0,True,3702.0,34.327586554437424,0.9656932985136153,3728,113,0.02941942202551419,,0.27999633092666776,0.3704152082810797,
87,129,35.47233635906005,35.38954829840609,1.0,24.7660229,2.0,710.8652065980602,40.747797612226904,3065,0.04655853316541953,1531,0,1545,0.49951060358890703,0.0,0.5040783034257749,True,161.0,7.158763278359629,0.20204834553762802,1014,1879,0.6494987901832008,0.3797958971132712,0.21712927295533246,,0.16266662415793876
88,159,36.22745587059799,34.29845816888291,7.79385036540706,193.0226766288446,8.79385036540706,1078.7793944238306,72.20748635075721,6597,0.1002109766043304,6323,274,0,0.9584659693800213,0.041534030619978776,0.0,True,1266.0,20.074369626682653,0.5692764113753954,1269,0,0.0,,0.2658626798938589,0.3755569569950947,
88,163,36.22745587059799,35.13670369587606,1.0,24.7660229,2.0,1102.583789331099,71.6312647965651,2874,0.04365716943471965,2851,23,0,0.9919972164231037,0.008002783576896311,0.0,True,2017.0,25.33833144531632,0.7101136368519622,2017,0,0.0,,0.30383243470068705,0.40269974784927715,
88,316,36.22745587059799,28.85350440000192,1.0,24.7660229,2.0,1082.6924081335405,75.19903689088957,2861,0.04345969441639977,2860,1,0,0.999650471862985,0.0003495281370150297,0.0,True,1782.0,23.816553427805523,0.7319054091635634,1790,0,0.0,,0.31451985913875646,0.36602540378443865,
89,104,35.66037034902895,35.61023787789007,1.8284271247461903,45.2828680424453,2.8284271247461903,577.0253521088356,85.88053852924872,3000,0.045571158073820096,2789,57,154,0.9296666666666666,0.019,0.051333333333333335,True,2102.0,25.866723425249052,0.7258735141670687,2108,485,0.1870420362514462,0.37329685990559697,0.2801868778094689,0.36602540378443865,0.09310998209612809
87,206,35.47233635906005,35.3918355531094,9.633758019665983,238.58987172810637,10.633758019665983,688.1162896115331,84.0029795559083,7947,0.12071799773754945,7480,5,465,0.9412356864225494,0.0006291682395872657,0.058512646281615704,True,1587.0,22.475715547534318,0.6343322709081027,1628,825,0.336322869955157,0.3299230723708768,0.26579002698214405,0.19754962595599873,0.06413304538873277
87,314,35.47233635906005,30.584031535841703,1.0,24.7660229,2.0,692.5983496953608,74.75413051043697,1895,0.028785781516629697,1859,0,37,0.9810026385224274,0.0,0.019525065963060684,True,2129.0,26.032321212010473,0.7881850619891456,2155,732,0.2535503983373744,0.37268226712382524,0.3090169943749474,,0.06366527274887784
88,100,36.22745587059799,35.3063072377907,1.0,24.7660229,2.0,1119.068723859016,39.09614731797964,3385,0.051419456693293675,3353,32,0,0.9905465288035451,0.009453471196454948,0.0,True,2188.0,26.390567083147985,0.7378492598847548,2188,160,0.06814310051107325,,0.3090169943749474,0.4364916731037084,
88,140,36.22745587059799,35.643153216226196,1.414213562373095,35.02444547122265,2.414213562373095,1059.288925916781,28.65517791209606,3981,0.060472926763959274,3649,332,0,0.9166038683747803,0.08339613162521979,0.0,True,1752.0,23.615226456547084,0.657159491385927,1755,209,0.10641547861507128,,0.28989794855663564,0.4,
90,98,35.56323598646882,36.01888999398882,4.0197648378370845,99.55358802648801,5.0197648378370845,795.5640595191769,34.9908764869563,5104,0.07753173026959259,3640,116,1359,0.713166144200627,0.022727272727272728,0.2662617554858934,True,1294.0,20.295147023902665,0.5670451036741592,1321,870,0.3970789593792789,0.3613020955135854,0.23497542908541058,0.24179033438163733,0.1263266664281748
90,151,35.56323598646882,34.792364223190646,2.4641016151377544,61.02599702842861,3.4641016151377544,785.5890903861471,54.470643757730834,3695,0.056128476360921754,3296,88,316,0.8920162381596752,0.023815967523680648,0.08552097428958051,True,1168.0,19.281751659604673,0.5481227251887587,1223,1055,0.4631255487269535,0.3900959445746376,0.27429188517743175,0.34475017095800276,0.11580405939720584
91,105,35.37734461040603,35.407330270704115,5.708203932499369,141.36950931014943,6.708203932499369,1025.6503627218663,89.87676562652652,6051,0.09191702583489514,5750,58,246,0.9502561560072715,0.009585192530160304,0.0406544372830937,True,2009.0,25.288031978452484,0.7145058452532624,2009,248,0.10988037217545414,0.36605070083157965,0.2658626798938589,0.32367570588532846,0.10018802093772072
91,130,35.37734461040603,35.41272483695998,1.0,24.7660229,2.0,1061.1612963146044,15.870112080772387,2627,0.0399051440866418,2521,106,0,0.9596497906357061,0.04035020936429387,0.0,True,2794.0,29.82210291038362,0.8425504634532678,2794,0,0.0,,0.28989794855663564,0.30901699437494745,
77,109,35.594919349440815,35.273399530514254,1.414213562373095,35.02444547122265,2.414213562373095,1123.534621682048,32.74272193039003,3411,0.051814406729933454,3155,256,0,0.9249486953972442,0.07505130460275579,0.0,True,2472.0,28.05106127486678,0.7916389641578179,2472,0,0.0,,0.28989794855663564,0.38742588672279316,
77,292,35.594919349440815,59.46250142215923,24.1039415863879,596.9587693087451,25.1039415863879,1190.5594514427967,34.749553928579694,3721,0.05652342639756153,2522,1199,0,0.6777747917226552,0.3222252082773448,0.0,False,326.0,10.186708148166206,0.21432746787107546,326,0,0.0,,0.05337846204455566,0.13559000170583552,
77,298,35.594919349440815,48.37173272759542,17.0,421.0223893,18.0,1191.5909141839597,34.60027737026862,1305,0.019823453762111743,1300,5,0,0.9961685823754789,0.0038314176245210726,0.0,False,853.0,16.4778133535604,0.3924847054385979,853,0,0.0,,0.08677706232277535,0.11624350569540995,
78,138,35.61739038025937,35.141666161293315,1.0,24.7660229,2.0,846.0490781946876,76.49963324029257,3318,0.05040170082964503,3302,16,0,0.995177817962628,0.004822182037371911,0.0,True,1289.0,20.255898975135768,0.5725316295940337,1293,402,0.23716814159292035,,0.3090169943749474,0.44151844011225294,
91,225,35.37734461040603,34.56866590278551,2.863703305156273,70.92254163430594,3.863703305156273,997.9124361555752,41.91283854013622,3354,0.05094855472653087,3204,55,96,0.9552772808586762,0.016398330351818723,0.028622540250447227,True,1816.0,24.04268606686374,0.6874641138347523,1816,307,0.14460668864813941,0.2510563714639914,0.28172904669025317,0.29339977411634566,-0.03067267522626177
91,255,35.37734461040603,35.92547553924652,14.399670763949972,356.62257589244547,15.399670763949972,990.7146039665681,30.80865943005025,13823,0.20997670601813842,10173,213,3450,0.7359473341532229,0.015409100774072199,0.24958402662229617,True,924.0,17.14987856615383,0.4810434855215864,925,996,0.5184799583550235,0.33268188266868204,0.22840800034714642,0.42136965686424716,0.10427388232153562
91,316,35.37734461040603,28.85350440000192,1.8284271247461903,45.2828680424453,2.8284271247461903,1050.0805300985592,47.91206901149871,1981,0.030092154714745873,1895,86,0,0.9565875820292782,0.04341241797072186,0.0,True,1293.0,20.287303488528025,0.6316996832858515,1293,0,0.0,,0.2898979485566356,0.376931296631122,
91,321,35.37734461040603,27.524522576173496,1.0,24.7660229,2.0,1015.4959644110311,66.53411108810468,4633,0.07037705845200284,4522,44,70,0.9760414418303475,0.009497086121303691,0.0151090006475286,True,2084.0,25.75573339679963,0.8189179287922558,2208,594,0.21199143468950749,0.3516287047744073,0.3090169943749474,0.4206322727489687,0.04261171039945988
89,239,35.66037034902895,35.56568969083513,10.180339887498949,252.12653078358238,11.180339887498949,559.9295239103583,61.54034548439749,6716,0.10201863254125859,5933,12,773,0.8834127456819535,0.001786777843954735,0.11509827278141752,True,1312.0,20.435815879801165,0.5738297434496186,1503,544,0.26575476306790424,0.31298554607855406,0.25987517556175926,0.31841862192185555,0.05311037051679479
89,265,35.66037034902895,36.05461459326985,1.414213562373095,35.02444547122265,2.414213562373095,552.6212054700085,45.854001530358474,3175,0.048229475628126274,3028,29,120,0.9537007874015748,0.009133858267716535,0.03779527559055118,True,1473.0,21.65341687468109,0.6038742639938702,1484,1195,0.44606196341918625,0.39564392373896,0.28989794855663564,0.4142135623730951,0.10574597518232437
89,268,35.66037034902895,34.94753798777513,1.0,24.7660229,2.0,600.0880428384203,53.58626914604449,3707,0.05631076099321704,3674,33,0,0.9910979228486647,0.008902077151335312,0.0,True,3841.0,34.96610176773985,0.9904301824364881,3868,288,0.06929740134744947,,0.3090169943749474,0.41421356237309503,
89,329,35.66037034902895,26.471093397285866,6.89920048531124,170.86575721090927,7.89920048531124,545.7610991253528,16.09677956482444,5215,0.07921786311832393,1358,0,3869,0.26040268456375837,0.0,0.7418983700862896,False,4.0,1.1283791670955126,0.03632231076038152,67,1892,0.96579887697805,0.3273531727209286,0.10745035092526581,,0.2199028217956628
92,101,37.29772584049016,35.47454971619172,6.834654549917682,169.2672110968505,7.834654549917682,744.5392372948027,28.593179837550448,6534,0.09925398228478018,3640,1022,1878,0.5570860116314662,0.1564126109580655,0.2874196510560147,True,2761.0,29.64546501159066,0.8147461319524079,2761,623,0.1841016548463357,0.3203772410170407,0.22988724851481165,0.2775144043792301,0.09048999250222903
92,157,37.29772584049016,35.512891801430825,1.0,24.7660229,2.0,709.3359537086073,89.66664994013588,3216,0.04885228145513515,3173,43,0,0.9866293532338308,0.013370646766169154,0.0,True,2812.0,29.918011296689148,0.8218035299143992,2814,257,0.08368609573428851,,0.3090169943749474,0.3516287047744073,
92,246,37.29772584049016,35.197060347528684,4.773112505913769,118.21101362573678,5.773112505913769,689.0603428967934,59.255365197317374,5500,0.08354712313533685,5497,3,0,0.9994545454545455,0.0005454545454545455,0.0,True,2086.0,25.768089230274473,0.7108949645963131,2087,148,0.06621923937360179,,0.27669677546737487,0.269128646713734,
93,150,35.476889250593025,34.74127587752717,1.0,24.7660229,2.0,1053.3364269978479,38.24289983414971,3040,0.046178773514804365,2956,84,0,0.9723684210526315,0.02763157894736842,0.0,True,1935.0,24.817929602721396,0.7068806072456765,1936,0,0.0,,0.3090169943749474,0.3542089385498691,
93,204,35.476889250593025,34.80228796220674,4.0197648378370845,99.55358802648801,5.0197648378370845,1050.3015819699613,36.81384407241793,3106,0.04718133899242841,3044,62,0,0.9800386349001932,0.019961365099806824,0.0,True,2315.0,27.14566975625165,0.7725096061969171,2315,0,0.0,,0.28330039409901914,0.188016384535936,
94,117,35.70586871784906,35.65010467869589,1.0,24.7660229,2.0,712.3200332202168,46.66701966629719,3285,0.04990041809083301,3189,4,92,0.9707762557077626,0.0012176560121765602,0.028006088280060883,True,2476.0,28.07374713484229,0.7868646673440689,2478,709,0.22246626921870097,0.3869666855994664,0.3090169943749474,0.4072384349238177,0.077949691224519
94,133,35.70586871784906,35.017246492591674,8.16515138991168,202.21832630451948,9.16515138991168,709.8049348806185,56.663795723120195,7236,0.10991763327405407,6454,103,680,0.8919292426755113,0.014234383637368711,0.09397457158651189,True,1756.0,23.642169108157916,0.6685839286860955,1762,930,0.34546805349182763,0.35112487130673964,0.25669854634830647,0.24772028023557968,0.09442632495843317
94,182,35.70586871784906,34.15014695868493,6.89920048531124,170.86575721090927,7.89920048531124,675.6579368475523,71.97856623124503,4916,0.07467593769696654,4825,91,0,0.9814890154597233,0.018510984540276647,0.0,True,1718.0,23.384960647043055,0.6695188788128529,1725,718,0.2939009414654114,,0.2711923793731366,0.2680748568360903,
94,317,35.70586871784906,30.08610870559266,1.0,24.7660229,2.0,681.202541015433,79.001856138956,2518,0.03824939200995967,2511,7,0,0.9972200158856235,0.0027799841143764893,0.0,True,2479.0,28.090749506725825,0.853926287271526,2483,50,0.01973943939992104,,0.3090169943749474,0.4494897427831781,
95,114,35.71323254136755,35.708739722130034,2.1462643699419726,53.15443253543696,3.1462643699419726,1031.7692523222104,86.38416043755169,4006,0.06085268641457444,3989,17,0,0.9957563654518222,0.004243634548177734,0.0,True,1493.0,21.79992339602136,0.6104542539260817,1493,266,0.1512222853894258,,0.28330039409901914,0.3816524151396708,
95,191,35.71323254136755,34.925827427854074,8.288221436384907,205.2662818937795,9.288221436384907,999.2882239572552,42.089760974635006,6114,0.09287402015444536,4659,8,1453,0.7620215897939157,0.0013084723585214263,0.23765129211645403,True,687.0,14.787795366729423,0.4186860746213968,702,689,0.4953271028037383,0.32109155103767556,0.2455083338405087,0.32805058352239647,0.07558321719716685
95,193,35.71323254136755,34.34399097529891,1.0,24.7660229,2.0,1043.4384035916464,66.98821196576003,2975,0.04519139842320493,2963,12,0,0.9959663865546219,0.004033613445378151,0.0,True,3139.0,31.60972528717893,0.9023973175202711,3139,13,0.004124365482233503,,0.3090169943749474,0.33588631660540225,
95,221,35.71323254136755,35.32021864065531,3.3166247903554,82.13960550864952,4.3166247903554,1041.4589655954237,71.45941285572037,4346,0.06601741766294071,4301,45,0,0.9896456511734929,0.010354348826507133,0.0,True,2330.0,27.233472690941056,0.7667788130174167,2330,0,0.0,,0.2801868778094689,0.27149702790318514,
95,227,35.71323254136755,34.72518092685073,1.7320508075688772,42.89600996421431,2.732050807568877,1011.6535339442528,60.64236554378346,3498,0.053135970314074236,3468,30,0,0.9914236706689536,0.008576329331046312,0.0,True,2067.0,25.65046850920847,0.7283090929009048,2067,153,0.06891891891891892,,0.28989794855663564,0.3911884503169498,
96,144,35.64672322479585,35.13199772612573,5.19114712955712,128.56406868788088,6.19114712955712,695.7036522128798,41.14601599112476,5442,0.08266608074590966,5325,50,68,0.9785005512679162,0.009187798603454611,0.012495406100698273,True,1729.0,23.45970573583083,0.6629027883139607,1743,677,0.27975206611570247,0.2817695817614707,0.27429188517743175,0.35977525015625467,0.007477696584038962
96,201,35.64672322479585,35.12967650967651,8.306623862918075,205.7220368107155,9.306623862918075,653.0111739811866,70.18105693385614,7285,0.1106619621892598,6666,619,0,0.9150308853809197,0.0849691146190803,0.0,True,4178.0,36.46777624802309,1.0305066769385585,4178,0,0.0,,0.2588283628687876,0.32159487274576776,
96,253,35.64672322479585,36.95071200079368,1.0,24.7660229,2.0,640.7854581711135,44.37172531168684,3390,0.051495408623416714,3280,110,0,0.967551622418879,0.032448377581120944,0.0,True,3654.0,34.104315329816714,0.93954601078787,3670,408,0.10004904364884748,,0.30484544052339907,0.3985677739148772,
96,266,35.64672322479585,34.97872006442841,5.0,123.8301145,6.0,638.3143800870796,42.39816043095158,5494,0.0834559808191892,5342,152,0,0.9723334546778304,0.02766654532216964,0.0,True,2272.0,26.89237924411993,0.7615493225009764,2293,220,0.08754476721050537,,0.2711923793731366,0.3488353678128412,
96,333,35.64672322479585,31.258738512821964,5.708203932499369,141.36950931014943,6.708203932499369,666.8698086012124,89.65483644759527,2953,0.04485720993066358,2793,160,0,0.9458178123941754,0.054182187605824585,0.0,True,2065.0,25.638055990451534,0.7663965040999472,2068,0,0.0,,0.2687959533979827,0.3397235997780477,
97,127,36.249331444115654,35.13554343686632,1.0,24.7660229,2.0,1018.1242812462486,68.16789586820629,3219,0.04889785261320897,3163,56,0,0.9826032929481205,0.017396707051879467,0.0,True,3607.0,33.88427008900934,0.9493403230167075,3607,0,0.0,,0.3090169943749474,0.3436113505989281,
97,142,36.249331444115654,35.37880695443504,1.0,24.7660229,2.0,1013.8960015395323,75.12712626786377,3018,0.04584458502226302,2971,46,1,0.9844267726971504,0.015241882041086813,0.0003313452617627568,True,3572.0,33.71947380147709,0.9415147330468485,3572,282,0.07317073170731707,0.32449979983983984,0.30901699437494745,0.3288130902060995,0.01548280546489239
97,212,36.249331444115654,34.00397770543357,1.0,24.7660229,2.0,1039.5572108243434,6.292995868338949,3415,0.05187516827403188,3241,166,8,0.9490483162518302,0.048609077598828695,0.002342606149341142,True,2776.0,29.72588508432008,0.8462486805010754,2776,160,0.05449591280653951,0.29129520604108683,0.30383243470068705,0.4206322727489687,-0.01253722865960022
97,303,36.249331444115654,35.494141691078184,5.0990195135927845,126.28243404118575,6.0990195135927845,968.6245477285161,23.384299771545233,4902,0.07446327229262203,4842,60,0,0.9877600979192166,0.012239902080783354,0.0,True,4216.0,36.63324282875953,1.021228586459081,4217,0,0.0,,0.2742918851774318,0.33742756052868733,
98,220,36.01888999398882,35.02503242869986,1.0,24.7660229,2.0,829.7602691007764,85.41911817101631,3273,0.049718133458537726,2971,40,264,0.9077299113962726,0.012221203788573174,0.08065994500458296,True,2200.0,26.462837142006137,0.7449711738763717,2200,1018,0.3163455562461156,0.4142135623730951,0.28989794855663564,0.4144171463344124,0.12431561381645945
99,164,36.36499608802977,35.93441363578625,1.0,24.7660229,2.0,568.8358958234442,34.26598028307062,3528,0.053591681894812435,3501,27,0,0.9923469387755102,0.007653061224489796,0.0,True,2436.0,27.846056861676377,0.7702983182863707,2474,863,0.25861552292478274,,0.29339977411634566,0.37406669614897287,
99,223,36.36499608802977,35.63995839173449,10.051815009825805,248.94348071990962,11.051815009825805,521.0732818210363,66.82500177005926,8321,0.12639920211075234,1625,625,6079,0.19528902776108642,0.07511116452349477,0.7305612306213195,False,2.0,0.7978845608028654,0.022161935010377574,254,1432,0.8493475682087782,0.2925107885545495,0.08063375388365411,0.465749119617228,0.21187703467089536
99,266,36.36499608802977,34.97872006442841,3.8989794855663558,96.56221522616659,4.898979485566356,573.735151876296,24.92693736112428,1697,0.02577808508375757,1644,53,0,0.9687684148497349,0.031231585150265175,0.0,True,3092.0,31.372187811504013,0.8794660413949595,3092,194,0.05903834449178332,,0.28251472039463615,0.39564392373895996,
99,332,36.36499608802977,34.05030096237162,1.7320508075688772,42.89600996421431,2.732050807568877,514.7689622818983,53.86224722928395,3610,0.054837293548830185,2129,3,1491,0.5897506925207756,0.0008310249307479224,0.41301939058171744,True,216.0,8.291859587312052,0.2355130187515068,653,1801,0.7339038304808476,0.3797958971132712,0.21290885543182678,0.44579905519622387,0.16688704168144444
101,167,35.47454971619172,35.24875845540225,9.36010638213575,231.81260900641016,10.36010638213575,794.9152291245732,68.43952551748343,7917,0.12026228615681124,3142,3297,1480,0.39686750031577617,0.41644562334217505,0.18693949728432488,True,507.0,12.70366530947592,0.3592497477254139,1072,617,0.36530491415038485,0.29721412368509437,0.1530988741343153,0.3011615132981879,0.14411524955077906
102,268,35.621843557636225,34.94753798777513,1.0,24.7660229,2.0,649.1090463290218,36.75960022647086,3415,0.05187516827403188,3407,8,0,0.9976573938506589,0.002342606149341142,0.0,True,3972.0,35.55737431141417,1.0077280977312526,4016,27,0.006678209250556517,,0.3090169943749474,0.4317713281142754,
103,138,35.93700177135905,35.141666161293315,4.55269276785519,112.752093345366,5.55269276785519,886.6528438868359,32.71247312515096,5037,0.07651397440594394,4597,440,0,0.9126464165177686,0.08735358348223149,0.0,True,2398.0,27.628013085792652,0.7773925395442252,2398,174,0.06765163297045101,,0.2791745113185196,0.2728944565403084,
103,146,35.93700177135905,35.172376481356224,1.0,24.7660229,2.0,921.1745205316348,86.49976063848722,3153,0.04789528713558493,3115,38,0,0.9879479860450364,0.012052013954963527,0.0,True,2800.0,29.854106607209232,0.8396672096080173,2800,0,0.0,,0.3090169943749474,0.3892130711381393,
103,156,35.93700177135905,35.115097416151045,8.45791845713346,209.46900219569991,9.45791845713346,914.5790794531583,83.7573747476012,7471,0.11348737398983666,6870,106,495,0.9195556150448401,0.014188194351492437,0.06625619060366751,True,967.0,17.544391124793293,0.49384582089524914,983,311,0.2403400309119011,0.3464047759419222,0.26011507300415426,0.3195656556661711,0.08628970293776794
103,188,35.93700177135905,34.395525530844665,1.0,24.7660229,2.0,887.7182741155448,28.143776187261093,3101,0.047105387062305375,3046,55,0,0.982263785875524,0.017736214124475975,0.0,True,2346.0,27.326818200939037,0.7770748258063183,2346,171,0.06793802145411204,,0.3090169943749474,0.40269974784927715,
103,191,35.93700177135905,34.925827427854074,1.0,24.7660229,2.0,944.066173071325,46.42609748480197,3196,0.048548473734643015,3157,39,0,0.9877972465581978,0.012202753441802253,0.0,True,2916.0,30.46623751157884,0.8598651184510466,2917,0,0.0,,0.2989350844248255,0.43649167310370846,
104,126,35.61023787789007,39.77268208815821,2.863703305156273,70.92254163430594,3.863703305156273,596.6013806292108,50.53822538936392,8886,0.13498177021465513,8369,23,500,0.9418185910420886,0.0025883412108935406,0.05626828719333783,True,3806.0,34.80642795254215,0.9234566124055321,3812,281,0.06865379916931347,0.35388936786452296,0.2708131845707603,0.3063869780689344,0.08307618329376265
104,139,35.61023787789007,35.28861499221115,4.977725364273731,123.27846036151405,5.977725364273731,540.719009476695,30.388334617519,4642,0.0705137719262243,3534,146,964,0.7613097802671263,0.031451960361912966,0.2076691081430418,True,366.0,10.793582275744573,0.30447833325372003,426,1257,0.7468805704099821,0.3606449097327238,0.23800671553691075,0.3758117006589069,0.12263819419581304
104,239,35.61023787789007,35.56568969083513,1.0,24.7660229,2.0,557.2109446256386,60.66263067280363,3284,0.0498852277048084,3284,0,0,1.0,0.0,0.0,True,2367.0,27.44885244590441,0.7712959530987685,2428,357,0.1281867145421903,,0.3090169943749474,,
104,280,35.61023787789007,33.81754955360479,1.0,24.7660229,2.0,576.1813339429222,86.80783958083326,3976,0.060396974833836235,3468,74,438,0.8722334004024145,0.018611670020120725,0.11016096579476861,True,1126.0,18.931902488734416,0.5453696045668955,1286,559,0.3029810298102981,0.40453726661826384,0.3090169943749474,0.38742588672279316,0.09552027224331644
104,286,35.61023787789007,33.39235957204234,7.6602540378443855,189.7140269210715,8.660254037844386,601.3044770343731,45.16649732749286,6745,0.10245915373597218,6717,28,0,0.9958487768717569,0.004151223128243143,0.0,True,2607.0,28.80683726619676,0.8349493593222693,2609,174,0.06252245777937478,,0.26820790199340255,0.3660627074368075,
105,143,35.407330270704115,35.31626330181178,1.0,24.7660229,2.0,996.1661658621663,33.226898443358195,3142,0.04772819288931425,3109,33,0,0.9894971355824316,0.010502864417568428,0.0,True,2193.0,26.4207036318311,0.7471538788464088,2209,0,0.0,,0.3090169943749474,0.3228287342177362,
105,166,35.407330270704115,34.965316634264894,4.65685424949238,115.33175898489058,5.65685424949238,1008.7393326617155,63.91638049496632,4852,0.0737037529913917,4715,25,112,0.9717642209398186,0.005152514427040396,0.023083264633140973,True,1803.0,23.9564756337274,0.6808462289638799,1803,219,0.1083086053412463,0.3861818547187177,0.2742918851774318,0.30709660648848247,0.11188996954128588
105,199,35.407330270704115,34.31792910836131,1.0,24.7660229,2.0,1059.9387353433349,11.54345269031414,3131,0.04756109864304358,3124,7,0,0.9977642925582881,0.002235707441711913,0.0,True,2321.0,27.180824966004586,0.77965504059969,2324,28,0.011904761904761904,,0.3090169943749474,0.39564392373895996,
105,202,35.407330270704115,35.21176420943346,3.8989794855663558,96.56221522616659,4.898979485566356,1007.0142352431701,60.433318977977194,4878,0.07409870302803148,4822,56,0,0.988519885198852,0.011480114801148012,0.0,True,1888.0,24.514670406003766,0.6942788090520984,1889,0,0.0,,0.27669677546737487,0.29946754221241273,
105,255,35.407330270704115,35.92547553924652,3.4721359549995796,85.99099857343296,4.47213595499958,990.6313066105765,27.279409921447115,4646,0.07057453347032272,4519,124,3,0.9726646577701248,0.02668962548428756,0.0006457167455876022,True,1614.0,22.6661014799775,0.6355028719987816,1614,175,0.09782001117942984,0.23006275550355906,0.2742918851774318,0.280957962249861,-0.04422912967387274
105,257,35.407330270704115,36.46042522394956,1.0,24.7660229,2.0,1043.3339914889089,58.88001017322978,3939,0.05983493055092579,3849,90,0,0.9771515613099772,0.02284843869002285,0.0,True,2702.0,29.327006537807478,0.8161380951987335,2749,128,0.04449078901633646,,0.3008613653919205,0.32449979983983984,
106,115,33.742301716237634,35.825187565631715,1.0,24.7660229,2.0,589.6039491837271,36.72420553839281,2986,0.04535849266947561,2522,42,427,0.8446081714668453,0.01406563965170797,0.14300066979236437,True,1585.0,22.461548691069996,0.6457484357401962,1596,751,0.31998295696634,0.3761785115301142,0.28989794855663564,0.3733744816363991,0.08628056297347858
106,122,33.742301716237634,36.06624197611151,2.4641016151377544,61.02599702842861,3.4641016151377544,536.0239897245629,44.930067550684065,3937,0.05980454977887658,3910,15,12,0.9931419862839725,0.00381000762001524,0.003048006096012192,True,798.0,15.937731619482898,0.4566126372646171,811,483,0.3732612055641422,0.35651901714353207,0.28989794855663564,0.3516287047744073,0.06662106858689643
100,107,35.3063072377907,35.75710289054902,1.0,24.7660229,2.0,1145.4790175239818,87.28092912335269,3141,0.047713002503289643,3094,47,0,0.9850366125437758,0.014963387456224133,0.0,True,3014.0,30.973956753342723,0.8717272840524852,3017,333,0.09940298507462686,,0.3090169943749474,0.3585701736362872,
100,170,35.3063072377907,34.72346501130035,1.0,24.7660229,2.0,1143.140648443869,83.39942005008757,3138,0.047667431345215824,3125,13,0,0.9958572339069471,0.0041427660930529,0.0,True,2943.0,30.606959911740596,0.8741127931381458,2949,0,0.0,,0.3090169943749474,0.3585701736362872,
100,285,35.3063072377907,61.042041869484365,22.293496809607955,552.1212525078275,23.293496809607955,1186.7734414308463,33.33675447992493,2209,0.0335555627283562,1990,219,0,0.9008601177003169,0.09913988229968311,0.0,False,572.0,13.493452297211721,0.28009721852500036,575,0,0.0,,0.0786581525071737,0.08386461751083908,
101,157,35.47454971619172,35.512891801430825,7.613903745752154,188.56611452569362,8.613903745752154,744.7546092367609,27.4220387637512,7392,0.11228733349389272,4084,672,2643,0.5524891774891775,0.09090909090909091,0.3575487012987013,True,749.0,15.440663999700893,0.4350252289587805,1765,724,0.290879871434311,0.2989350844248255,0.2255557268480057,0.31865491512201105,0.07337935757681982
106,183,33.742301716237634,34.91858457314275,1.414213562373095,35.02444547122265,2.414213562373095,543.3468771065475,58.37536112481342,2840,0.04314069630988303,2477,116,249,0.8721830985915493,0.04084507042253521,0.08767605633802816,True,613.0,13.968677826861914,0.40688894600017467,654,977,0.5990190067443286,0.3900959445746376,0.28172904669025317,0.3629003269703467,0.10836689788438442
106,241,33.742301716237634,36.125303388342154,1.0,24.7660229,2.0,583.2246782878083,54.91936597017905,2682,0.040740615317995166,2421,127,135,0.9026845637583892,0.04735272184936615,0.050335570469798654,True,1702.0,23.275812043510143,0.6662833800777989,1716,312,0.15384615384615385,0.3827822185373187,0.28989794855663564,0.39564392373895996,0.09288426998068305
107,180,35.75710289054902,34.46594178505902,1.0,24.7660229,2.0,1117.1688563144398,40.92088661921996,3256,0.04945989689611941,3244,12,0,0.9963144963144963,0.0036855036855036856,0.0,True,2243.0,26.72019975056778,0.7610094342676382,2243,223,0.09042984590429846,,0.3090169943749474,0.35717844056961345,
108,148,35.555054525553416,35.77408618257428,1.0,24.7660229,2.0,878.6716985105815,78.79102566398191,3056,0.046421819691198074,3034,22,0,0.9928010471204188,0.007198952879581152,0.0,True,1968.0,25.028660691489268,0.7017793973967597,1968,133,0.06330318895763921,,0.30383243470068705,0.42063227274896864,
109,127,35.273399530514254,35.13554343686632,6.330293345472711,156.77618995769478,7.330293345472711,1062.371803137597,37.72788174200085,6039,0.09173474120259986,5990,49,0,0.991886073853287,0.008113926146713033,0.0,True,1949.0,24.907548417542184,0.7075109316463247,1949,0,0.0,,0.2742918851774317,0.2612038749637415,
109,212,35.273399530514254,34.00397770543357,1.0,24.7660229,2.0,1083.804732715692,74.49281056439953,2934,0.044568592596196055,2899,35,0,0.9880708929788684,0.011929107021131561,0.0,True,2789.0,29.79540690386007,0.8601771052152165,2789,0,0.0,,0.3090169943749474,0.407669683062202,
110,125,36.12298610796072,35.605342404496575,3.414213562373095,84.55649127122264,4.414213562373095,785.1147624463979,54.30194350398473,4421,0.06715669661478622,4166,62,198,0.9423207419135942,0.014023976475910428,0.04478624745532685,True,3178.0,31.805484091459554,0.8868318766395286,3181,169,0.05044776119402985,0.28436465220442186,0.27669677546737487,0.32556571727512457,0.007667876737046997
110,167,36.12298610796072,35.24875845540225,1.0,24.7660229,2.0,808.6734992121176,88.11913692718812,3051,0.04634586776107504,3012,39,0,0.9872173058013766,0.012782694198623401,0.0,True,2709.0,29.364970316209906,0.8228738276150737,2715,358,0.11649853563293198,,0.3090169943749474,0.41421356237309503,
108,151,35.555054525553416,34.792364223190646,4.0197648378370845,99.55358802648801,5.0197648378370845,839.2219933973223,31.410015170933093,4720,0.07169862203614362,4229,95,400,0.8959745762711865,0.020127118644067795,0.0847457627118644,True,1972.0,25.05408341078227,0.712295741803023,1972,223,0.10159453302961276,0.2612038749637414,0.28172904669025317,0.2742918851774318,-0.02052517172651175
108,152,35.555054525553416,34.711448851125965,1.0,24.7660229,2.0,841.7544314749855,35.20404185930561,2656,0.04034566528135539,2426,187,43,0.9134036144578314,0.0704066265060241,0.01618975903614458,True,1935.0,24.817929602721396,0.7063943247518467,1936,243,0.11151904543368518,0.31451985913875646,0.28989794855663564,0.36602540378443865,0.02462191058212082
108,213,35.555054525553416,34.46687961923308,1.0,24.7660229,2.0,906.0767845045771,10.452680810753833,3091,0.04695348320205931,2916,175,0,0.9433840181171143,0.056615981882885795,0.0,True,2123.0,25.9956128677165,0.7424991378834116,2123,2,0.0009411764705882353,,0.3090169943749474,0.4,
108,222,35.555054525553416,35.664062041282264,10.70736817189021,265.17892534376404,11.70736817189021,849.51171419911,57.51557015791534,9526,0.14470361727040343,3832,11,5697,0.4022674784799496,0.0011547344110854503,0.59804744908671,False,255.0,9.009385160867895,0.2530046873696622,674,1414,0.6772030651340997,0.33171322267475806,0.1453927797473059,0.1749172031072142,0.18632044292745215
108,237,35.555054525553416,33.74921981698591,1.0,24.7660229,2.0,894.9796661634457,48.87786046743975,2812,0.042715365501194036,2779,33,0,0.9882645803698435,0.011735419630156473,0.0,True,1671.0,23.06286668680011,0.6655539475909066,1671,375,0.18328445747800587,,0.3090169943749474,0.39352981872163206,
108,263,35.555054525553416,35.54812880887022,1.0,24.7660229,2.0,860.5388253721569,72.74799419220024,3204,0.048669996822839866,3015,133,57,0.9410112359550562,0.041510611735330834,0.017790262172284643,True,1734.0,23.493602164050813,0.660831233210812,1736,531,0.23423026025584473,0.37268226712382524,0.30484544052339907,0.37268226712382524,0.06783682660042617
108,322,35.555054525553416,35.40358484036005,1.0,24.7660229,2.0,877.824944597877,79.79765396028192,3455,0.05248278371501615,3309,146,0,0.9577424023154848,0.042257597684515195,0.0,True,2085.0,25.761912054294488,0.7261106550098194,2087,527,0.20160673297628157,,0.2989350844248255,0.40361850723377046,
109,114,35.273399530514254,35.708739722130034,1.0,24.7660229,2.0,1063.623124669774,36.63594091248835,2713,0.04121151728475798,2679,34,0,0.987467747880575,0.012532252119424991,0.0,True,1703.0,23.282648822051918,0.6560142894308324,1703,0,0.0,,0.3090169943749474,0.38221731683849475,
110,289,36.12298610796072,34.14987401789476,2.0,49.5320458,3.0,837.6356477704899,30.80392715314977,3589,0.054518295442313444,3023,566,0,0.8422959041515743,0.15770409584842573,0.0,True,1939.0,24.84356796658584,0.7070601060520988,1939,0,0.0,,0.2612038749637414,0.38742588672279304,
110,320,36.12298610796072,27.640729586576867,1.414213562373095,35.02444547122265,2.414213562373095,837.2762237114849,36.07831519228875,1759,0.026719889017283185,1586,173,0,0.9016486640136441,0.09835133598635588,0.0,True,1514.0,21.9527029698454,0.6885641067409128,1514,0,0.0,,0.28172904669025317,0.38742588672279304,
111,139,35.54894744328227,35.28861499221115,1.0,24.7660229,2.0,527.7322472183638,54.99965371921787,3015,0.0457990138641892,2119,32,872,0.7028192371475953,0.010613598673300166,0.2892205638474295,True,471.0,12.244343853084386,0.345702009840737,545,1552,0.7401049117787315,0.392280956059262,0.2612038749637414,0.41421356237309503,0.13107708109552058
111,169,35.54894744328227,36.74116290534641,1.0,24.7660229,2.0,542.8041287866322,81.27299866133525,2992,0.045449634985623245,2390,54,552,0.7987967914438503,0.01804812834224599,0.18449197860962566,True,1193.0,19.48701347608869,0.5391335932981698,1219,1261,0.5084677419354838,0.38742588672279316,0.2804517790043864,0.40492874305602755,0.10697410771840676
111,319,35.54894744328227,31.405054970984555,1.0,24.7660229,2.0,511.65937911734744,3.5945471261499358,1832,0.027828787197079475,1531,14,290,0.8356986899563319,0.007641921397379912,0.15829694323144106,True,375.0,10.925484305920792,0.32635791474634074,386,1213,0.758599124452783,0.4,0.2612038749637414,0.4270509831248423,0.1387961250362586
112,132,35.53817623683374,34.69373956573465,1.0,24.7660229,2.0,862.849352590743,78.44710760347495,3317,0.05038651044362042,3309,3,5,0.9975881820922521,0.0009044317154054868,0.0015073861923424782,True,2193.0,26.4207036318311,0.7523845342935922,2246,396,0.14988644965934897,0.3288130902060995,0.30901699437494745,0.43405783005789966,0.01979609583115205
112,303,35.53817623683374,35.494141691078184,3.3166247903554,82.13960550864952,4.3166247903554,901.2399038560881,34.37675110850809,3359,0.0510245066566539,1395,1743,221,0.41530217326585295,0.5189044358440011,0.06579339089014588,True,507.0,12.70366530947592,0.3576869143526585,508,180,0.2616279069767442,0.3451409985003952,0.1639607805437114,0.3524704450894247,0.1811802179566838
113,123,35.0394272918605,35.83721212468131,1.0,24.7660229,2.0,750.8241518505035,30.091522618939077,2952,0.04484201954463898,2673,26,260,0.9054878048780488,0.008807588075880758,0.08807588075880758,True,2931.0,30.544496663141963,0.8619058949347765,2933,759,0.20557963163596965,0.40149162409079436,0.2989350844248255,0.41736033309352216,0.10255653966596884
111,171,35.54894744328227,34.48769978943581,4.773112505913769,118.21101362573678,5.773112505913769,553.365142396337,82.46554431415612,4992,0.07583040703483665,4878,5,111,0.9771634615384616,0.001001602564102564,0.022235576923076924,True,1836.0,24.17471718621419,0.6903447878047712,1836,444,0.19473684210526315,0.36602540378443865,0.27429188517743175,0.349586663902989,0.0917335186070069
111,184,35.54894744328227,39.94887713154465,1.0,24.7660229,2.0,578.3298052842762,46.6001797766366,3692,0.056082905202847935,3624,68,0,0.9815817984832069,0.018418201516793065,0.0,True,3638.0,34.02956605566152,0.9014714330459774,3639,0,0.0,,0.30383243470068705,0.42298614526690737,
111,197,35.54894744328227,36.55636975448627,6.117215614703381,151.4991019979815,7.117215614703381,568.1315811012526,60.0454241225485,6680,0.10147177864437275,6147,23,513,0.9202095808383234,0.0034431137724550897,0.07679640718562875,True,1603.0,22.588730543184948,0.6265482608232394,1606,432,0.21197252208047104,0.36363636363636365,0.2588283628687876,0.3443593434156103,0.10480800076757607
111,214,35.54894744328227,35.328254181517394,1.0,24.7660229,2.0,526.893579404275,53.55221776653627,2772,0.042107750060209774,2028,0,747,0.7316017316017316,0.0,0.2694805194805195,True,428.0,11.67204486311899,0.32935964162092385,432,1354,0.7581187010078387,0.37406669614897287,0.27429188517743175,,0.09977481097154112
115,241,35.825187565631715,36.125303388342154,1.0,24.7660229,2.0,610.9120286435389,79.57134833638399,3422,0.051981500976204124,3362,60,0,0.9824663939216832,0.017533606078316773,0.0,True,2826.0,29.992394675240465,0.8336953446065115,2826,30,0.01050420168067227,,0.3090169943749474,0.394586871230296,
116,153,35.246068253205905,35.08486852960442,7.0710678118654755,175.12222735611326,8.071067811865476,1030.3741161479477,4.735095245191004,6333,0.09620071469383423,6226,107,0,0.9831043739144165,0.01689562608558345,0.0,True,2148.0,26.148224328293928,0.7435767394665174,2153,0,0.0,,0.27572628937504057,0.17192062304130262,
116,192,35.246068253205905,35.33494767432279,1.0,24.7660229,2.0,1103.8787590409852,14.483701014805643,3317,0.05038651044362042,3264,25,28,0.9840217063611697,0.007536930961712391,0.008441362677117878,True,2045.0,25.513598672979317,0.7229592359275819,2045,292,0.12494651262302096,0.28780611713546067,0.3090169943749474,0.4142135623730951,-0.021210877239486725
116,199,35.246068253205905,34.31792910836131,1.0,24.7660229,2.0,1082.0593513117724,69.54948095618705,3077,0.046740817797714815,3028,49,0,0.9840753981150471,0.015924601884952875,0.0,True,1939.0,24.84356796658584,0.7142651057689632,1962,439,0.18284048313202833,,0.3090169943749474,0.4142135623730951,
113,144,35.0394272918605,35.13199772612573,1.0,24.7660229,2.0,722.2027699575481,85.90448046527685,3088,0.04690791204398549,3026,62,0,0.9799222797927462,0.020077720207253884,0.0,True,3417.0,32.97976472156848,0.9399770551364793,3417,568,0.142534504391468,,0.3090169943749474,0.3991718357941185,
113,279,35.0394272918605,35.64446856574113,10.00566930306458,247.80063508952443,11.00566930306458,697.7405818883976,57.45945121928341,7632,0.11593302613979833,7441,191,0,0.9749737945492662,0.02502620545073375,0.0,True,2863.0,30.188097060666024,0.8541718504447566,2875,4,0.0013893713094824591,,0.2640945837331134,0.34969198659055584,
114,127,35.708739722130034,35.13554343686632,1.0,24.7660229,2.0,1032.8757291738061,88.00848143659705,3206,0.04870037759488908,3137,69,0,0.9784778540237056,0.021522145976294448,0.0,True,2934.0,30.560124444498616,0.86274073451805,2934,0,0.0,,0.30383243470068705,0.41421356237309503,
114,191,35.708739722130034,34.925827427854074,2.0,49.5320458,3.0,1001.6460223410277,27.880702650676714,3531,0.053637253052886254,3294,21,225,0.9328802039082413,0.00594732370433305,0.0637213254035684,True,2573.0,28.618374117879117,0.8103220639014154,2573,371,0.12601902173913043,0.392280956059262,0.2801868778094689,0.3126480851423008,0.11209407824979312
114,198,35.708739722130034,34.740220927764916,4.0197648378370845,99.55358802648801,5.0197648378370845,1008.7103751750554,47.367278630567206,4952,0.07522279159385238,4882,60,10,0.9858642972536349,0.012116316639741519,0.0020193861066235864,True,2702.0,29.327006537807478,0.8325745693694974,2702,194,0.06698895027624309,0.20456955687994635,0.2801868778094689,0.2576760293558727,-0.07561732092952253
115,141,35.825187565631715,37.17467522203558,2.863703305156273,70.92254163430594,3.863703305156273,588.6851978054547,41.814784356874405,4323,0.06566803878437476,4002,124,197,0.9257460097154754,0.02868378440897525,0.045570205875549386,True,1763.0,23.68924501418361,0.649021631262181,1763,689,0.28099510603588906,0.36602540378443865,0.27429188517743175,0.4,0.0917335186070069
115,182,35.825187565631715,34.15014695868493,5.0,123.8301145,6.0,640.3734126618267,52.704247472375314,4783,0.07265561635569384,4703,80,0,0.9832740957558018,0.016725904244198203,0.0,True,1892.0,24.54062559633988,0.7014078821677354,1892,129,0.06382978723404255,,0.269128646713734,0.284031278157143,
115,194,35.825187565631715,36.829845387931286,1.0,24.7660229,2.0,631.0902787259128,65.15620517936911,7632,0.11593302613979833,7533,99,0,0.9870283018867925,0.012971698113207548,0.0,True,4050.0,35.904805236128944,0.9883638827630089,4137,100,0.023601604909133822,,0.3090169943749474,0.40453726661826384,
117,129,35.65010467869589,35.38954829840609,2.0,49.5320458,3.0,737.3312730470934,89.1475447305659,3558,0.05404739347555064,3372,13,176,0.9477234401349073,0.0036537380550871277,0.04946599213041034,True,1531.0,22.07560725659395,0.6215009880104432,1651,598,0.2658959537572254,0.3682203060327592,0.2687959533979827,0.3874258867227931,0.0994243526347765
117,152,35.65010467869589,34.711448851125965,4.123105625617661,102.1129283431658,5.123105625617661,774.3858921207066,10.268600377151415,4368,0.06635160615548207,4338,19,11,0.9931318681318682,0.00434981684981685,0.0025183150183150185,True,1987.0,25.149189725460182,0.7148560105285627,2065,981,0.32206172028890345,0.38742588672279304,0.2801868778094689,0.28571428571428575,0.10723900891332416
117,207,35.65010467869589,34.770064455549026,4.39834563766817,108.929528784605,5.39834563766817,751.0446883745888,67.79132308255026,5320,0.08081285365090764,3158,2,2168,0.593609022556391,0.00037593984962406017,0.4075187969924812,True,408.0,11.396070970426017,0.3236592899599889,1000,1518,0.6028594122319301,0.33971422738143603,0.20799159651347812,0.19787315997444488,0.1317226308679579
118,123,35.739293549720855,35.83721212468131,6.348469228349534,157.22633428924988,7.348469228349534,792.9413409984618,74.07180218627833,6199,0.09416520296653694,5828,362,10,0.9401516373608646,0.05839651556702694,0.0016131634134537829,True,2576.0,28.635053113438516,0.8001243660510027,2576,219,0.07835420393559929,0.41423792465875403,0.264908564940645,0.3430703308172536,0.149329359718109
118,144,35.739293549720855,35.13199772612573,10.04987562112089,248.8954497748317,11.04987562112089,764.3199591055063,15.548843005504368,8090,0.1228902229390682,8004,86,0,0.9893695920889988,0.010630407911001236,0.0,True,2607.0,28.80683726619676,0.8129338903696347,2607,161,0.058164739884393066,,0.2700508010092918,0.2576884445409745,
118,188,35.739293549720855,34.395525530844665,1.0,24.7660229,2.0,830.1701659995392,41.74010220758466,3209,0.0487459487529629,3020,189,0,0.9411031473979433,0.058896852602056717,0.0,True,2548.0,28.479002615897535,0.8121216533882559,2548,0,0.0,,0.3090169943749474,0.37268226712382524,
118,210,35.739293549720855,34.608309513248216,1.0,24.7660229,2.0,824.5493689947436,54.79472484375832,2964,0.04502430417693426,2858,106,0,0.9642375168690959,0.03576248313090418,0.0,True,2545.0,28.46223217419441,0.809188399744551,2545,0,0.0,,0.3090169943749474,0.3333333333333333,
118,218,35.739293549720855,35.167744397611905,1.414213562373095,35.02444547122265,2.414213562373095,826.6762411143998,50.97174407761693,3422,0.051981500976204124,3212,210,0,0.9386323787258913,0.061367621274108705,0.0,True,3285.0,32.33648057710907,0.9120809869713489,3285,0,0.0,,0.29339977411634566,0.36053867283492,
119,189,36.68093515788354,34.74074841065479,1.0,24.7660229,2.0,925.551395085886,82.80257144936911,3602,0.054715770460633334,3572,23,7,0.991671293725708,0.006385341476957246,0.001943364797334814,True,2047.0,25.526071711452577,0.7147989360109949,2054,364,0.15053763440860216,0.42705098312484235,0.3090169943749474,0.4211646096066227,0.11803398874989496
119,322,36.68093515788354,35.40358484036005,4.155870949147037,102.92439509602025,5.155870949147037,902.5948844637413,62.28145639641468,5046,0.07665068788016541,4650,396,0,0.9215219976218787,0.07847800237812129,0.0,True,1905.0,24.62479102815131,0.6832199487144068,1905,0,0.0,,0.2702497081968528,0.33084104297902905,
120,144,35.02503242869986,35.13199772612573,6.483314773547883,160.56592214959517,7.483314773547883,742.853798850191,62.13496129826198,5946,0.09032203530231143,3135,1,2820,0.5272452068617558,0.00016818028927009755,0.47426841574167505,True,382.0,11.026984017500345,0.31435150527796046,1271,2161,0.6296620046620046,0.33171322267475806,0.1907435698305462,0.22547340809847533,0.14096965284421187
121,133,34.87532591967524,35.017246492591674,1.0,24.7660229,2.0,764.5520186102419,19.579283677410235,2957,0.04491797147476201,2521,71,368,0.8525532634426783,0.024010821778829895,0.12445045654379439,True,1770.0,23.7362275550541,0.6792203158597188,1886,904,0.3240143369175627,0.3797958971132712,0.30484544052339907,0.3827822185373187,0.07495045658987215
122,183,36.06624197611151,34.91858457314275,1.0,24.7660229,2.0,517.454268003114,78.09841811358105,3105,0.0471661486064038,1901,364,842,0.6122383252818036,0.11723027375201288,0.2711755233494364,True,237.0,8.685588237163813,0.2447167559432477,269,845,0.7585278276481149,0.3898534213910276,0.24025307335204216,0.40149162409079436,0.14960034803898542
123,138,35.83721212468131,35.141666161293315,1.0,24.7660229,2.0,818.1749408347256,3.4209700103851928,3059,0.04646739084927189,3003,56,0,0.9816933638443935,0.018306636155606407,0.0,True,2583.0,28.673933040528837,0.8079567818753425,2583,0,0.0,,0.30484544052339907,0.41421356237309503,
123,144,35.83721212468131,35.13199772612573,8.70820393249937,215.66757801014944,9.70820393249937,753.3901641694015,44.951569012614364,7354,0.11171009882495767,6913,76,367,0.9400326353005167,0.010334511830296437,0.049904813706826215,True,1997.0,25.212394624649004,0.7105164247326702,1997,315,0.13624567474048443,0.34958666390298904,0.26383210493946546,0.2307748637751758,0.08575455896352357
123,161,35.83721212468131,35.076915108180465,1.0,24.7660229,2.0,801.1527270805532,57.982233932295465,3034,0.04608763119865673,2978,17,40,0.981542518127884,0.005603164139749505,0.013183915622940013,True,1180.0,19.38054864282415,0.546592037414039,1307,740,0.361504640937958,0.39749035195426957,0.3090169943749474,0.30901699437494745,0.08847335757932218
123,179,35.83721212468131,34.45441565467942,1.0,24.7660229,2.0,783.3007486916154,87.90991383008945,3131,0.04756109864304358,2781,151,201,0.8882146279144043,0.04822740338549984,0.06419674225487065,True,1340.0,20.65272978291924,0.5876298624850843,1340,493,0.26895799236224766,0.37268226712382524,0.3008613653919205,0.3816524151396708,0.07182090173190475
124,140,35.27678898369645,35.643153216226196,4.766114533138578,118.03770167173282,5.766114533138578,1010.3774513369892,63.31528566638437,5355,0.08134451716176888,5118,109,129,0.9557422969187676,0.02035480859010271,0.024089635854341738,True,1455.0,21.520708268953776,0.6069014610386202,1458,97,0.062379421221864954,0.36602540378443865,0.2758872381516119,0.21712927295533246,0.09013816563282673
124,159,35.27678898369645,34.29845816888291,3.0,74.2980687,4.0,1029.8679198440389,7.896958699745418,3873,0.058832365073301744,3855,18,0,0.9953524399690162,0.004647560030983733,0.0,True,3251.0,32.168702802312424,0.924716881903878,3262,0,0.0,,0.2857142857142857,0.2553967929896867,
124,231,35.27678898369645,34.500072863257465,1.0,24.7660229,2.0,976.3585745945327,61.90479154424072,2821,0.0428520789754155,2817,4,0,0.9985820630981921,0.0014179369018078695,0.0,True,1692.0,23.207333483685147,0.6651870797682844,1692,0,0.0,,0.3090169943749474,0.39104893973523347,
121,176,34.87532591967524,34.95020919528266,3.8989794855663558,96.56221522616659,4.898979485566356,778.3546422256165,59.63133845567563,4387,0.0666402234899496,3467,8,918,0.7902894916799635,0.0018235696375655346,0.2092546159106451,True,638.0,14.250673927406327,0.4081794404853354,1147,975,0.4594721960414703,0.3522420639608962,0.2449655295864104,0.35882705427942296,0.10727653437448578
121,207,34.87532591967524,34.770064455549026,6.559265477474685,162.44691902231747,7.559265477474685,781.3320867949042,65.29085328601089,6184,0.09393734717616783,3019,385,2791,0.4881953428201811,0.06225743855109961,0.45132600258732214,True,1.0,0.5641895835477563,0.01620177819402278,1609,1078,0.401190919240789,0.3305953784295673,0.18001097668719743,0.3169844364313081,0.1505844017423699
122,141,36.06624197611151,37.17467522203558,1.0,24.7660229,2.0,535.1052383462905,48.2841900831417,2998,0.045540777301770884,1968,0,1039,0.6564376250833889,0.0,0.3465643762508339,True,337.0,10.357143990692485,0.2828239838305714,360,1781,0.8318542737038767,0.3797958971132712,0.25,,0.12979589711327122
122,174,36.06624197611151,36.37943258714717,1.0,24.7660229,2.0,514.3769181650052,83.30915042502704,3055,0.04640662930517347,2358,512,187,0.7718494271685761,0.16759410801963995,0.06121112929623568,True,480.0,12.360774464742066,0.34124258043725686,528,414,0.4394904458598726,0.3827822185373187,0.27429188517743175,0.38742588672279304,0.10849033335988695
124,321,35.27678898369645,27.524522576173496,5.477225575051661,135.6490940201951,6.477225575051661,999.1963678662208,79.19704485629794,4552,0.0691466371840097,4483,69,0,0.9848418277680141,0.01515817223198594,0.0,True,1736.0,23.507147049675353,0.7486196216544123,1738,0,0.0,,0.2742918851774318,0.4007871454417938,
125,131,35.605342404496575,35.94414801937112,2.6502815398728847,65.63693330793913,3.6502815398728847,734.6121082635934,41.748126171149366,3829,0.05816398808821905,3768,61,0,0.9840689475058763,0.01593105249412379,0.0,True,2342.0,27.30351174194334,0.7632063227898365,2342,179,0.07100357001190004,,0.28172904669025317,0.32992307237087687,
125,179,35.605342404496575,34.45441565467942,1.0,24.7660229,2.0,773.6725216078122,71.94109050018874,2938,0.04462935414029448,2930,8,0,0.9972770592239619,0.002722940776038121,0.0,True,2178.0,26.330190506494557,0.7516494842661247,2178,222,0.0925,,0.3090169943749474,0.4724505099150167,
125,185,35.605342404496575,34.68573802823606,7.14142842854285,176.86478000000324,8.14142842854285,800.7441220343319,14.32859927812437,6717,0.1020338229272832,6342,206,172,0.9441715051362215,0.03066845317850231,0.025606669644186394,True,1910.0,24.6570858499345,0.7015708308405051,1910,0,0.0,0.18781779611256325,0.28172904669025317,0.2204812092115424,-0.09391125057768993
130,173,35.41272483695998,34.43154160317679,3.6055512754639896,89.29516545526538,4.60555127546399,1116.837703986586,54.288655487373795,891,0.01353463394792457,885,6,0,0.9932659932659933,0.006734006734006734,0.0,True,524.0,12.914889870235298,0.3698196152236661,790,0,0.0,,0.25728427444747204,0.3387894220414094,
130,199,35.41272483695998,34.31792910836131,1.0,24.7660229,2.0,1095.4496689360733,88.20351166901841,2714,0.041226707670782584,2662,52,0,0.9808400884303611,0.01915991156963891,0.0,True,1515.0,21.95995167500245,0.6298507308485064,1515,0,0.0,,0.2989350844248255,0.37798720432169275,
130,257,35.41272483695998,36.46042522394956,1.0,24.7660229,2.0,1078.8449250816473,62.887916435847146,2534,0.038492438186353374,2530,4,0,0.9984214680347278,0.0015785319652722968,0.0,True,2142.0,26.11167892353304,0.7266045498605381,2142,0,0.0,,0.30484544052339907,0.3028534029576598,
130,316,35.41272483695998,28.85350440000192,1.0,24.7660229,2.0,1085.5081663353058,70.68241533841362,1562,0.023727382970435664,1533,29,0,0.9814340588988476,0.01856594110115237,0.0,True,2137.0,26.081185302335488,0.8116606688146946,2138,0,0.0,,0.3090169943749474,0.3761785115301142,
129,151,35.38954829840609,34.792364223190646,1.0,24.7660229,2.0,772.4050085606119,16.392768466291,3033,0.04607244081263212,2889,144,0,0.9525222551928784,0.04747774480712166,0.0,True,1909.0,24.650630270337032,0.7024781566832171,1966,897,0.31330771917568984,,0.29581631632448924,0.3622977887103629,
129,282,35.38954829840609,36.683419029928984,1.0,24.7660229,2.0,763.3834304671332,48.99866162779615,2889,0.043885025225088754,2835,54,0,0.9813084112149533,0.018691588785046728,0.0,True,1901.0,24.598924643882018,0.6826116796834336,1901,0,0.0,,0.30484544052339907,0.31744855007789863,
130,163,35.41272483695998,35.13670369587606,8.565401897601228,212.13093954369546,9.565401897601228,1105.3995475328643,77.3916859676734,7033,0.10683398491105892,6918,115,0,0.9836485141475899,0.01635148585241007,0.0,True,1473.0,21.65341687468109,0.6138509503192608,1473,0,0.0,,0.2692803301885514,0.3076923076923077,
130,168,35.41272483695998,35.63262692341111,1.0,24.7660229,2.0,1097.5247443612648,88.4988339769141,3443,0.052300499082720865,3426,17,0,0.9950624455416788,0.004937554458321232,0.0,True,3011.0,30.958537874056546,0.8715148030648541,3011,0,0.0,,0.3090169943749474,0.38742588672279316,
128,183,35.798071705600336,34.91858457314275,1.7320508075688772,42.89600996421431,2.732050807568877,552.7345852278579,40.23445681310233,3553,0.0539714415454276,3045,0,513,0.8570222347312131,0.0,0.1443850267379679,True,563.0,13.38687663054658,0.37860604092421085,1058,1714,0.6183261183261183,0.36602540378443865,0.27429188517743175,,0.0917335186070069
128,194,35.798071705600336,36.829845387931286,1.8284271247461903,45.2828680424453,2.8284271247461903,612.7906364914927,25.86619522678552,3996,0.06070078255432837,3964,32,0,0.991991991991992,0.008008008008008008,0.0,True,3397.0,32.88310635214284,0.9055224951528031,3397,0,0.0,,0.28989794855663564,0.3751055526971755,
128,241,35.798071705600336,36.125303388342154,4.55269276785519,112.752093345366,5.55269276785519,592.6123864091187,72.10678438353413,5205,0.07906595925807787,5127,70,8,0.985014409221902,0.013448607108549471,0.001536983669548511,True,2350.0,27.350104799285653,0.76053452062177,2350,123,0.04973716134249899,0.4433413449504883,0.27718637277259645,0.40925878349915623,0.16615497217789188
128,271,35.798071705600336,33.97470293029857,1.414213562373095,35.02444547122265,2.414213562373095,572.0802057102535,76.06874354561452,3030,0.0460268696545583,2950,4,78,0.9735973597359736,0.0013201320132013201,0.02574257425742574,True,2366.0,27.443053596690888,0.7866407417477451,2409,669,0.21734892787524365,0.3789154633348925,0.28989794855663564,0.3465940314540915,0.08901751477825687
125,282,35.605342404496575,36.683419029928984,1.8284271247461903,45.2828680424453,2.8284271247461903,775.8195626321776,70.01044045046113,3658,0.055566432078011305,3620,38,0,0.9896118097320941,0.01038819026790596,0.0,True,1859.0,24.325667070312107,0.6730138015264892,1859,92,0.04715530497180933,,0.28989794855663564,0.38072415612647104,
126,279,39.77268208815821,35.64446856574113,1.0,24.7660229,2.0,647.3701972862253,44.69894991979561,3177,0.04825985640017549,2932,195,51,0.9228832231665093,0.061378659112370164,0.016052880075542966,True,2762.0,29.650833135674784,0.7863153905600841,2784,282,0.09197651663405088,0.3816524151396708,0.30484544052339907,0.38742588672279316,0.07680697461627173
126,280,39.77268208815821,33.81754955360479,1.0,24.7660229,2.0,598.475941748017,55.88441207093196,3555,0.05400182231747682,2628,295,635,0.739240506329114,0.0829817158931083,0.17862165963431786,True,1.0,0.5641895835477563,0.015333273750087625,905,309,0.2545304777594728,0.3827822185373187,0.25,0.39564392373895996,0.1327822185373187
126,286,39.77268208815821,33.39235957204234,3.4721359549995796,85.99099857343296,4.47213595499958,623.5990848394679,83.62192417468985,1645,0.02498818501047802,1546,0,101,0.9398176291793313,0.0,0.06139817629179331,True,2003.0,25.25024162312378,0.6902269458245687,2121,186,0.08062418725617686,0.40149162409079436,0.269241092610464,,0.1322505314803304
126,323,39.77268208815821,30.89445563054656,1.0,24.7660229,2.0,587.8604766083831,26.92083227860166,14028,0.21309073515318278,13264,481,285,0.9455374964357001,0.03428856572569147,0.02031650983746792,True,6.0,1.381976597885342,0.039112284507302156,1330,551,0.29292929292929293,0.38742588672279316,0.3090169943749474,0.4494897427831781,0.07840889234784576
127,212,35.13554343686632,34.00397770543357,2.863703305156273,70.92254163430594,3.863703305156273,1053.057337219724,54.325719230743154,3514,0.053379016490467945,3444,70,0,0.9800796812749004,0.0199203187250996,0.0,True,2363.0,27.425649692437503,0.7933421938515094,2363,0,0.0,,0.27669677546737487,0.39108666439743894,
128,134,35.798071705600336,44.4526147691647,1.0,24.7660229,2.0,570.8257747818659,75.4955574932795,3496,0.053105589542025024,3083,18,397,0.8818649885583524,0.005148741418764302,0.11355835240274599,True,2732.0,29.489364337912,0.7349311422322844,3511,1670,0.3223315962169465,0.375,0.2843646522044218,0.4170409888650807,0.09063534779557819
128,141,35.798071705600336,37.17467522203558,1.0,24.7660229,2.0,570.3855555710346,73.90087329414139,4000,0.060761544098426795,3357,196,450,0.83925,0.049,0.1125,True,1486.0,21.748758375344394,0.5960789278471796,1495,998,0.40032089851584435,0.40269974784927715,0.29339977411634566,0.4057077327363875,0.10929997373293149
131,179,35.94414801937112,34.45441565467942,9.645764924552132,238.88723500947486,10.645764924552132,745.5295379766549,17.736832440084395,6945,0.10549723094089353,5153,30,1773,0.7419726421886249,0.004319654427645789,0.2552915766738661,True,906.0,16.982012745328934,0.4824533870877436,940,893,0.48717948717948717,0.35516780508233187,0.23076923076923078,0.16379126180943104,0.12439857431310108
131,226,35.94414801937112,35.041890092227234,1.0,24.7660229,2.0,680.0761429864356,43.63774926214746,2997,0.04552558691574628,2977,20,0,0.9933266599933267,0.00667334000667334,0.0,True,2927.0,30.523647174935622,0.8599901610778411,2927,0,0.0,,0.2989350844248255,0.4259293320260172,
131,333,35.94414801937112,31.258738512821964,1.0,24.7660229,2.0,686.7851098427736,48.423958863251364,5762,0.0875270042737838,5720,42,0,0.992710864283235,0.007289135716765012,0.0,True,3030.0,31.05606148784623,0.9242478438175133,3031,12,0.003943476832073612,,0.30216947925196225,0.38815601862947535,
132,247,34.69373956573465,35.01302766448857,2.449489742783178,60.66411906308329,3.449489742783178,821.3485855190074,18.38211737435295,4374,0.0664427484716297,4299,75,0,0.9828532235939643,0.017146776406035666,0.0,True,2278.0,26.9278651349615,0.7726040441963348,2284,0,0.0,,0.2843646522044218,0.30383243470068705,
133,176,35.017246492591674,34.95020919528266,5.0990195135927845,126.28243404118575,6.0990195135927845,745.5521454657028,68.50710210125189,6073,0.09225121432743649,3415,1,2665,0.5623250452823975,0.00016466326362588507,0.4388275975629837,True,1514.0,21.9527029698454,0.6275118268635257,1781,1535,0.4629071170084439,0.3516287047744073,0.1886378647726465,0.5,0.16299084000176078
133,182,35.017246492591674,34.15014695868493,1.0,24.7660229,2.0,697.6025238172618,17.135238155598923,2697,0.04096847110836427,2557,140,0,0.9480904708935854,0.05190952910641453,0.0,True,3591.0,33.80903431460284,0.9776003584237664,3604,426,0.10570719602977667,,0.28989794855663564,0.4,
133,207,35.017246492591674,34.770064455549026,5.19114712955712,128.56406868788088,6.19114712955712,748.5295900349904,64.05326830043794,4868,0.07394679916778542,3733,245,900,0.7668447000821693,0.050328677074774036,0.1848808545603944,True,888.0,16.812470934731934,0.48182028240708014,904,432,0.32335329341317365,0.3437148371164319,0.25211274292798275,0.2597106754733818,0.09160209418844917
134,201,44.4526147691647,35.12967650967651,1.0,24.7660229,2.0,600.171680153087,26.742281463476527,5541,0.08416992896234572,5052,489,0,0.9117487818083378,0.08825121819166215,0.0,True,2714.0,29.392057279183568,0.7386582317968049,2726,253,0.08492782813024505,,0.27255253487409603,0.4,
138,188,35.141666161293315,34.395525530844665,1.0,24.7660229,2.0,855.403765835803,88.24487766459123,3137,0.04765224095919122,3117,20,0,0.9936244819891616,0.006375518010838381,0.0,True,1988.0,25.15551736167189,0.7235126052557002,1995,135,0.06338028169014084,,0.3090169943749474,0.35882705427942296,
139,181,35.28861499221115,37.075367069063354,1.0,24.7660229,2.0,491.04700253005205,65.58022424326829,2838,0.043110315537833815,1929,0,919,0.6797040169133193,0.0,0.3238195912614517,True,322.0,10.124020118074668,0.27980826454525715,674,1313,0.6607951685958732,0.39564392373896,0.2402530733520421,,0.1553908503869179
139,319,35.28861499221115,31.405054970984555,1.0,24.7660229,2.0,491.0583780282577,62.126520096087745,2650,0.040254522965207755,1665,0,999,0.6283018867924528,0.0,0.3769811320754717,True,261.0,9.114761669619748,0.2733321370573743,583,1711,0.7458587619877942,0.4,0.24336073281110826,,0.15663926718889176
139,323,35.28861499221115,30.89445563054656,1.0,24.7660229,2.0,531.9781054558674,47.13937182729473,3141,0.047713002503289643,3135,0,7,0.9980897803247374,0.0,0.002228589621139764,True,1131.0,18.97388946088459,0.5733759187159935,1159,655,0.36108048511576624,0.4211646096066227,0.3090169943749474,,0.11214761523167532
135,172,35.00958694434186,37.708709508631,1.0,24.7660229,2.0,1144.2532502780941,57.44715678458773,3480,0.052862543365631315,3469,11,0,0.9968390804597701,0.003160919540229885,0.0,True,2388.0,27.570346537664197,0.7582781193311925,2389,0,0.0,,0.3090169943749474,0.39564392373895996,
135,193,35.00958694434186,34.34399097529891,1.0,24.7660229,2.0,1090.7158691984532,21.087871363294816,2869,0.04358121750459662,2848,21,0,0.9926803764377832,0.0073196235622168,0.0,True,2577.0,28.64061062016012,0.8259302974489847,2577,0,0.0,,0.3090169943749474,0.3333333333333333,
135,196,35.00958694434186,35.320601368371406,1.0,24.7660229,2.0,1142.5972166854663,57.71354373619577,2921,0.04437111757787617,2904,17,0,0.9941800753166724,0.005819924683327628,0.0,True,2502.0,28.22076071320269,0.8025219721500833,2503,0,0.0,,0.3090169943749474,0.4142135623730951,
136,187,35.71628950814358,34.86472360632535,1.0,24.7660229,2.0,766.4077699355306,82.89894579303481,2915,0.04427997526172853,2909,6,0,0.9979416809605489,0.002058319039451115,0.0,True,1886.0,24.50168250024127,0.6942853727674386,1902,446,0.1899488926746167,,0.3090169943749474,0.2800030854458587,
137,219,39.32260053824134,35.27595766867479,1.0,24.7660229,2.0,470.88775664493807,69.17750623766509,2880,0.0437483117508673,1684,490,712,0.5847222222222223,0.1701388888888889,0.24722222222222223,True,297.0,9.72306722164286,0.26067708157773545,354,725,0.6719184430027804,0.40269974784927715,0.23166247903554,0.38072415612647104,0.17103726881373715
137,252,39.32260053824134,35.21054470549252,13.533000645649388,335.1586038958675,14.533000645649388,521.9995999633741,28.134527053511622,9104,0.1382932743680194,5168,3936,0,0.5676625659050967,0.43233743409490333,0.0,True,2.0,0.7978845608028654,0.021410194301975875,1643,0,0.0,,0.2007184589378145,0.2960522815230986,
137,343,39.32260053824134,21.116751542704144,1.0,24.7660229,2.0,491.997288091232,74.88202416640918,4643,0.07052896231224891,4013,483,149,0.8643118673271591,0.1040275683825113,0.03209132026706871,True,341.0,10.418429401242426,0.34475648869594716,793,133,0.14362850971922247,0.40269974784927715,0.28989794855663564,0.40269974784927715,0.1128017992926415
138,161,35.141666161293315,35.076915108180465,1.414213562373095,35.02444547122265,2.414213562373095,837.3161218529217,62.156228218239875,2927,0.04446225989402381,2906,21,0,0.9928254185172531,0.00717458148274684,0.0,True,1589.0,22.48987347999191,0.6405675840610856,1589,410,0.2051025512756378,,0.29581631632448924,0.4068781988545112,
136,207,35.71628950814358,34.770064455549026,6.0710678118654755,150.35620445611326,7.0710678118654755,768.0981950345413,85.86381634230096,6223,0.09452977223112749,2571,503,3157,0.4131447854732444,0.0808291820665274,0.5073115860517435,False,1813.0,24.022818811521944,0.6816303429142059,1885,637,0.25257731958762886,0.349586663902989,0.1482675827043134,0.3333333333333333,0.2013190811986756
136,222,35.71628950814358,35.664062041282264,1.0,24.7660229,2.0,799.1966815047836,38.46990007472167,2975,0.04519139842320493,2832,49,95,0.9519327731092437,0.01647058823529412,0.031932773109243695,True,2048.0,25.532305945691693,0.715387509068581,2221,716,0.24378617637044603,0.38742588672279316,0.3090169943749474,0.3333333333333333,0.07840889234784576
137,149,39.32260053824134,35.31722031987345,8.00692826708518,198.29976882128886,9.00692826708518,515.7348376580851,43.07339839629837,2804,0.042593842412997185,2393,251,163,0.8534236804564908,0.08951497860199714,0.05813124108416548,True,1759.0,23.66235596463902,0.6340410706402831,1790,1,0.0005583472920156337,0.35434772234002576,0.19900804996708035,0.2474401533514073,0.1553396723729454
137,177,39.32260053824134,34.03910971289511,3.414213562373095,84.55649127122264,4.414213562373095,511.83460034274907,50.7284001878327,3550,0.05392587038735378,3116,217,219,0.8777464788732394,0.06112676056338028,0.06169014084507042,True,2425.0,27.783114908082073,0.7574282227874228,2486,435,0.14892160219103046,0.3358925990916108,0.2612038749637414,0.35107148320064946,0.07468872412786937
134,223,44.4526147691647,35.63995839173449,2.4641016151377544,61.02599702842861,3.4641016151377544,532.8130162037205,50.38127115198645,4929,0.07487341271528643,4044,25,871,0.8204503956177723,0.005072022722661797,0.17670927165753703,True,1896.0,24.566553364370574,0.6134539669494312,1913,1808,0.485890889545821,0.37268226712382524,0.23582845781094003,0.31339216579491175,0.1368538093128852
134,253,44.4526147691647,36.95071200079368,1.0,24.7660229,2.0,587.9459643430139,54.54761559862943,5084,0.07722792254910046,4601,483,0,0.9049960660896932,0.09500393391030684,0.0,True,3950.0,35.45876549495164,0.8711871345296808,3974,399,0.09124171049622684,,0.28989794855663564,0.3816524151396708,
134,274,44.4526147691647,35.88102725341571,1.0,24.7660229,2.0,523.8428403056112,15.095359260897672,3621,0.05500438779510086,1765,0,1868,0.48743441038387186,0.0,0.515879591273129,True,530.0,12.988619621707652,0.32336688079090886,1969,2393,0.5486015589179275,0.3704152082810797,0.21089672205953397,,0.15951848622154574
135,145,35.00958694434186,35.059378977226274,5.6332495807108,139.51318811729905,6.6332495807108,1111.191773818062,70.65070870730428,5416,0.08227113070926989,5337,79,0,0.9854135893648449,0.014586410635155096,0.0,True,1806.0,23.976397862229554,0.6843656830633862,1806,0,0.0,,0.27669677546737487,0.23845042223198504,
139,325,35.28861499221115,28.228606479485165,1.0,24.7660229,2.0,503.60259386794405,83.39371532291217,2834,0.04304955399373539,1749,0,1089,0.6171489061397318,0.0,0.3842625264643613,True,406.0,11.368105109938904,0.35795347612944955,836,2049,0.7102253032928942,0.38742588672279304,0.2402530733520421,,0.14717281337075094
139,328,35.28861499221115,29.05803831316734,1.0,24.7660229,2.0,490.12072887830766,62.918284376191465,2738,0.04159127693537314,2642,0,98,0.9649379108838568,0.0,0.03579254930606282,True,2092.0,25.805121233904135,0.8020656835542738,2300,634,0.21608725289706884,0.376931296631122,0.2898979485566356,,0.08703334807448643
140,142,35.643153216226196,35.37880695443504,1.8284271247461903,45.2828680424453,2.8284271247461903,1025.394141956969,86.52517402621163,3624,0.05504995895317468,3540,84,0,0.9768211920529801,0.023178807947019868,0.0,True,2892.0,30.340603007249587,0.8544006088917585,2896,108,0.03595206391478029,,0.2857142857142857,0.34475017095800276,
140,231,35.643153216226196,34.500072863257465,2.0,49.5320458,3.0,993.6015589432845,21.358084193033157,3449,0.05239164139886851,3180,269,0,0.9220063786604813,0.0779936213395187,0.0,True,2127.0,26.02009085135797,0.741913148444954,2127,0,0.0,,0.28172904669025317,0.3288130902060995,
143,153,35.31626330181178,35.08486852960442,5.708203932499369,141.36950931014943,6.708203932499369,978.8526006758018,71.80827349845094,5522,0.0838813116278782,5011,511,0,0.9074610648315827,0.09253893516841724,0.0,True,2688.0,29.25093116572581,0.8309790028879255,2689,0,0.0,,0.26618329551788555,0.33996830356244234,
143,202,35.31626330181178,35.21176420943346,1.0,24.7660229,2.0,977.6133357394617,71.81018098559686,6241,0.09480319917957042,6204,37,0,0.9940714629065854,0.005928537093414517,0.0,True,2257.0,26.80345897672193,0.7600796427334733,2305,28,0.012001714530647235,,0.3090169943749474,0.3228287342177362,
143,213,35.31626330181178,34.46687961923308,5.5725953684008385,138.0110245062491,6.5725953684008385,953.7010190647646,70.05700255028259,5249,0.07973433624316056,5157,92,0,0.9824728519718041,0.017527148028195848,0.0,True,1562.0,22.297982918171794,0.6390650230070758,1563,0,0.0,,0.27429188517743175,0.34718675410303174,
143,255,35.31626330181178,35.92547553924652,1.0,24.7660229,2.0,961.2304071068681,81.24265569691602,3181,0.04832061794427391,3156,25,0,0.9921408362150267,0.00785916378497328,0.0,True,2462.0,27.994266194785187,0.7858950848249491,2462,0,0.0,,0.3090169943749474,0.34514099850039526,
141,164,37.17467522203558,35.93441363578625,1.0,24.7660229,2.0,580.135410995297,56.94658022209379,4268,0.0648325675530214,4148,9,113,0.971883786316776,0.0021087160262417996,0.02647610121836926,True,2452.0,27.937355653723827,0.7642649112493993,2453,813,0.24892835272504593,0.38742588672279316,0.3090169943749474,0.4364916731037084,0.07840889234784576
141,183,37.17467522203558,34.91858457314275,1.0,24.7660229,2.0,542.4281257282751,61.34473420371609,2916,0.04429516564775313,1722,0,1197,0.5905349794238683,0.0,0.4104938271604938,True,271.0,9.287732724180174,0.2576588366392983,458,1659,0.783656117146906,0.3827822185373187,0.23166247903554,,0.1511197395017787
141,234,37.17467522203558,34.56620180703997,3.8989794855663558,96.56221522616659,4.898979485566356,530.5381405131391,40.60868469912559,6273,0.09528929153235782,4859,18,1402,0.7745895106009884,0.0028694404591104736,0.223497529092938,True,528.0,12.964089628857149,0.36141430564343363,538,1312,0.7091891891891892,0.37268226712382524,0.23329952500316292,0.40528820747617567,0.13938274212066232
142,180,35.37880695443504,34.46594178505902,7.152147760599405,177.13025522318858,8.152147760599405,1056.863778689662,31.37200758439096,5465,0.08301545962447561,5378,84,3,0.9840805123513267,0.015370539798719121,0.0005489478499542544,True,1731.0,23.473270180870447,0.6721556195561877,1732,315,0.1538837322911578,0.38098029324828786,0.2711923793731366,0.280957962249861,0.10978791387515124
148,205,35.77408618257428,34.86531279291435,1.0,24.7660229,2.0,905.3554839854064,56.73085109025603,3592,0.05456386660038726,3589,3,0,0.9991648106904232,0.0008351893095768374,0.0,True,2062.0,25.619425936405687,0.725357981748838,2109,85,0.038742023701002735,,0.3090169943749474,0.30484544052339907,
148,237,35.77408618257428,33.74921981698591,10.88347087483978,269.540288917765,11.88347087483978,902.1345674359445,66.39976817043787,8808,0.13379692010473582,2711,344,5762,0.30778837420526794,0.03905540417801998,0.6541780199818347,True,148.0,6.863662517577698,0.1974492558688483,559,997,0.640745501285347,0.3121276210634696,0.11060039876245883,0.4548781666277967,0.20152722230101075
148,255,35.77408618257428,35.92547553924652,1.0,24.7660229,2.0,920.7610738191793,10.643881508363346,3074,0.046695246639640996,2517,338,223,0.8188028627195836,0.1099544567338972,0.07254391672088484,True,2003.0,25.25024162312378,0.7043346156309686,2010,303,0.1309987029831388,0.41421356237309503,0.2612038749637415,0.40269974784927715,0.15300968740935356
148,263,35.77408618257428,35.54812880887022,7.0990195135927845,175.81447984118574,8.099019513592784,867.6937266446557,64.19797088329943,5891,0.08948656407095806,5725,41,125,0.9718214225089119,0.006959769139365133,0.02121880835172297,True,1247.0,19.923163104065253,0.5586804365639836,1248,332,0.21012658227848102,0.3625686785136399,0.2680748568360903,0.24496552958641038,0.0944938216775496
149,312,35.31722031987345,36.24478883025076,1.0,24.7660229,2.0,551.373586136967,82.53893333560805,3247,0.049323183421897954,3171,76,0,0.9765937788728056,0.023406221127194333,0.0,True,3705.0,34.34149280842265,0.9597688275179749,3709,317,0.07873820168902136,,0.3090169943749474,0.40074581204539717,
149,343,35.31722031987345,21.116751542704144,1.0,24.7660229,2.0,522.6483068621906,13.852867917977713,5945,0.09030684491628684,5783,39,125,0.9727502102607233,0.00656013456686291,0.021026072329688814,True,2656.0,29.076297180076903,1.0304536866864737,2663,737,0.21676470588235294,0.4,0.3090169943749474,0.4270509831248423,0.09098300562505263
150,178,34.74127587752717,35.00166422487947,1.8284271247461903,45.2828680424453,2.8284271247461903,1027.612834455509,86.52555300327982,3197,0.04856366412066762,3159,38,0,0.9881138567406944,0.0118861432593056,0.0,True,1922.0,24.734421384888826,0.7093025143066863,1922,0,0.0,,0.2857142857142857,0.3644926909586834,
150,204,34.74127587752717,34.80228796220674,1.0,24.7660229,2.0,1022.372958389311,85.03114798098338,3125,0.047469956326895935,3069,56,0,0.98208,0.01792,0.0,True,2070.0,25.669076033243712,0.7382157202181696,2070,0,0.0,,0.3090169943749474,0.41421356237309503,
145,196,35.059378977226274,35.320601368371406,1.0,24.7660229,2.0,1129.822605351477,31.73643269833678,2761,0.0419406558139391,2708,53,0,0.9808040565012677,0.019195943498732344,0.0,True,1618.0,22.694170966249754,0.6449041575405694,1618,0,0.0,,0.2989350844248255,0.41421356237309503,
145,221,35.059378977226274,35.32021864065531,1.0,24.7660229,2.0,1075.9618198682413,50.36290487094989,3432,0.052133404836450195,3370,62,0,0.9819347319347319,0.018065268065268064,0.0,True,3641.0,34.04359404638679,0.967427925099055,3647,0,0.0,,0.3090169943749474,0.37004604996670576,
146,218,35.172376481356224,35.167744397611905,5.6332495807108,139.51318811729905,6.6332495807108,886.4315175954625,18.038235730100908,5231,0.07946090929471765,4710,521,0,0.900401452877079,0.09959854712292104,0.0,True,2268.0,26.86869594648831,0.7639650205526479,2268,0,0.0,,0.27718637277259645,0.25477784062024067,
146,303,35.172376481356224,35.494141691078184,1.0,24.7660229,2.0,928.0033147514282,82.63544815253732,3255,0.049444706510094805,3223,32,0,0.9901689708141321,0.009831029185867896,0.0,True,3145.0,31.639920860331205,0.8954713399951635,3146,0,0.0,,0.3090169943749474,0.4270509831248423,
149,177,35.31722031987345,34.03910971289511,7.547442467302883,186.92013298165568,8.547442467302883,542.4856191137077,84.27741028276537,6335,0.09623109546588345,6011,324,0,0.9488555643251776,0.051144435674822415,0.0,True,2298.0,27.045815174447064,0.7799090627104639,2314,5,0.0021561017680034496,,0.26533119314590375,0.3368702499140705,
149,252,35.31722031987345,35.21054470549252,11.36931687685298,281.5727621294974,12.36931687685298,552.6506187343326,81.18481155617147,10164,0.1543950835541025,10135,29,0,0.9971467926013381,0.002853207398661944,0.0,True,3508.0,33.416030295843605,0.9475992974915686,3512,25,0.007068136839129205,,0.2663346240702891,0.2734080747519443,
149,287,35.31722031987345,35.431878132861556,4.0197648378370845,99.55358802648801,5.0197648378370845,520.4464180843729,50.91792037283139,3566,0.05416891656374749,2507,0,1065,0.7030286034772855,0.0,0.29865395401009537,True,172.0,7.399277020331919,0.2091695069520954,702,1034,0.5956221198156681,0.3602425986153711,0.21712927295533246,,0.14311332566003865
149,307,35.31722031987345,33.98517876129603,1.0,24.7660229,2.0,577.6561111412769,24.471925265182826,4531,0.06882763907749295,4483,48,0,0.9894063120723902,0.010593687927609799,0.0,True,4228.0,36.68534037984474,1.0587033310889435,4228,0,0.0,,0.30216947925196225,0.41421356237309503,
159,316,34.29845816888291,28.85350440000192,1.0,24.7660229,2.0,1070.5143864095503,82.32830734081271,2605,0.039570955594100454,2604,1,0,0.999616122840691,0.00038387715930902113,0.0,True,2746.0,29.56482618688446,0.9363074395236972,2754,0,0.0,,0.3164309725825327,0.20521309615767266,
150,233,34.74127587752717,34.87591474809508,1.0,24.7660229,2.0,1014.1846632553288,71.29593188762307,3297,0.050082702723128286,3254,43,0,0.9869578404610252,0.013042159538974826,0.0,True,1938.0,24.837160856752256,0.7135352815461378,1939,0,0.0,,0.3090169943749474,0.3430703308172536,
151,152,34.792364223190646,34.711448851125965,4.39834563766817,108.929528784605,5.39834563766817,809.4596276342252,86.13660364906018,4929,0.07487341271528643,4849,80,0,0.9837695272874822,0.016230472712517752,0.0,True,1984.0,25.13019725725687,0.7231314699349382,2012,526,0.20724980299448384,,0.27718637277259645,0.328392602420028,
151,263,34.792364223190646,35.54812880887022,1.0,24.7660229,2.0,828.2440215313966,47.92909221827002,6702,0.1018059671369141,6530,172,0,0.9743360190987765,0.025663980901223515,0.0,True,2567.0,28.58498693079622,0.81276049395239,2569,114,0.04248975027953783,,0.30484544052339907,0.38742588672279316,
151,282,34.792364223190646,36.683419029928984,1.7320508075688772,42.89600996421431,2.732050807568877,797.9056114630832,77.0260574929956,2784,0.04229003469250505,2621,163,0,0.9414511494252874,0.058548850574712645,0.0,True,1365.0,20.844495547766904,0.5832603603362997,1365,0,0.0,,0.28172904669025317,0.4,
154,240,35.33029437183157,34.47284037191177,1.0,24.7660229,2.0,623.3042314391931,78.77168717798412,3279,0.04980927577468537,3098,2,179,0.9448002439768222,0.000609942055504727,0.05458981396767307,True,1883.0,24.4821877225888,0.7014638472173547,1883,586,0.23734305386796273,0.3816524151396708,0.3090169943749474,0.3333333333333333,0.0726354207647234
154,253,35.33029437183157,36.95071200079368,1.0,24.7660229,2.0,622.465022389998,78.28996531270754,3337,0.050690318164112555,3120,37,183,0.9349715313155529,0.011087803416242133,0.05483967635600839,True,2519.0,28.316472296120658,0.7835107372507437,2541,1336,0.34459633737425843,0.39352981872163206,0.29339977411634566,0.4270509831248423,0.1001300446052864
154,281,35.33029437183157,33.50091196630528,1.0,24.7660229,2.0,657.5321730191401,25.062783854214008,5048,0.07668106865221462,4756,41,251,0.9421553090332805,0.00812202852614897,0.049722662440570525,True,2616.0,28.856518540128786,0.8384719686117268,2720,1078,0.2838335966298052,0.353889367864523,0.3090169943749474,0.4142135623730951,0.04487237348957562
155,261,35.86674340347741,34.99809133386001,1.0,24.7660229,2.0,616.5333801566908,29.776891428018402,3468,0.05268025873333603,3208,239,22,0.9250288350634371,0.06891580161476356,0.006343713956170703,True,2218.0,26.570873669408158,0.7499029319095678,2584,197,0.07083782811938152,0.377167341131748,0.2989350844248255,0.3797958971132712,0.07823225670692247
155,269,35.86674340347741,35.61682581345766,1.0,24.7660229,2.0,585.2292015836922,89.8852654073938,3334,0.050644747006038736,2106,355,879,0.6316736652669466,0.10647870425914817,0.2636472705458908,True,408.0,11.396070970426017,0.31884448678945343,1180,1077,0.4771821001329198,0.39352981872163206,0.23166247903554,0.4,0.16186733968609207
156,185,35.115097416151045,34.68573802823606,3.0,74.2980687,4.0,874.4619794568262,14.250122216135521,3877,0.05889312661740018,3139,17,730,0.8096466339953572,0.004384833634253288,0.1882899148826412,True,1844.0,24.22732816723524,0.6941844753860588,1848,773,0.29492560091568104,0.3483314773547883,0.2588283628687876,0.3126480851423008,0.08950311448600073
156,188,35.115097416151045,34.395525530844665,2.4641016151377544,61.02599702842861,3.4641016151377544,883.3300014021256,43.65109114395987,2987,0.045373683055500214,2921,48,19,0.9779042517576163,0.016069635085369936,0.0063608972212922665,True,1661.0,22.99375395517827,0.661589638542351,1663,230,0.12150026413100898,0.21290885543182678,0.28436465220442186,0.3127239834787401,-0.07145579677259509
156,191,35.115097416151045,34.925827427854074,1.0,24.7660229,2.0,939.6779003579059,33.81122039958772,2895,0.04397616754123639,2854,41,0,0.9858376511226252,0.014162348877374784,0.0,True,2072.0,25.68147355921802,0.733327654265437,2072,0,0.0,,0.3090169943749474,0.339056738914926,
152,282,34.711448851125965,36.683419029928984,1.0,24.7660229,2.0,800.4380495407465,71.11835182279512,3663,0.055642384008134343,3594,69,0,0.9811629811629812,0.018837018837018837,0.0,True,2231.0,26.648627658399917,0.7465138167297117,2233,473,0.17479674796747968,,0.2989350844248255,0.29581631632448924,
152,322,34.711448851125965,35.40358484036005,6.032065437739018,149.39027076534305,7.032065437739018,848.0625788347799,21.45973079353259,6412,0.09740075518977816,6294,109,9,0.9815970056144728,0.016999376169681845,0.0014036182158452901,True,1994.0,25.19344980447256,0.7186318961301953,1994,400,0.1670843776106934,0.36157394554464634,0.27149702790318514,0.2063099139372659,0.0900769176414612
153,213,35.08486852960442,34.46687961923308,3.7320508075688767,92.42805576421429,4.732050807568877,965.7883533821084,47.813608949784665,4392,0.06671617542007262,4175,217,0,0.950591985428051,0.049408014571948995,0.0,True,2781.0,29.75264347040649,0.855554152477583,2781,0,0.0,,0.2791745113185196,0.25355482027512377,
153,233,35.08486852960442,34.87591474809508,1.0,24.7660229,2.0,996.9507290433028,80.06988762652892,3413,0.05184478750198267,3346,67,0,0.9803691766774099,0.019630823322590096,0.0,True,3198.0,31.905407316249114,0.9120940567404765,3200,0,0.0,,0.30484544052339907,0.407669683062202,
156,209,35.115097416151045,34.12699972576709,4.0197648378370845,99.55358802648801,5.0197648378370845,907.6698201446522,86.12661472626151,4389,0.0666706042619988,4288,94,7,0.9769879243563454,0.021417179311916154,0.001594896331738437,True,1354.0,20.760336844397603,0.5996449472593921,1354,666,0.3297029702970297,0.22547340809847533,0.27669677546737487,0.3660254037844387,-0.05122336736889954
157,176,35.512891801430825,34.95020919528266,1.0,24.7660229,2.0,734.4530473658215,46.045325027156224,3112,0.04727248130857605,2655,2,462,0.8531491002570694,0.0006426735218508997,0.14845758354755784,True,2323.0,27.192533269354396,0.7718233482407396,2649,1548,0.3688348820586133,0.3898534213910276,0.28989794855663564,0.39285714285714285,0.09995547283439193
157,194,35.512891801430825,36.829845387931286,3.1815405503520555,78.79410612729761,4.1815405503520555,677.2202917814667,32.581496355803075,2603,0.03954057482205124,2252,351,0,0.8651555897041875,0.1348444102958125,0.0,True,2297.0,27.039929891998003,0.7475506441294617,2387,793,0.24937106918238994,,0.2588283628687876,0.3577747210701756,
157,246,35.512891801430825,35.197060347528684,1.8284271247461903,45.2828680424453,2.8284271247461903,689.2757148387516,56.62739097266203,3280,0.04982446616070998,3279,1,0,0.9996951219512196,0.0003048780487804878,0.0,True,2340.0,27.29185104880338,0.771938043213765,2350,44,0.018379281537176273,,0.28989794855663564,0.439607805437114,
160,171,35.91178238175537,34.48769978943581,1.0,24.7660229,2.0,534.5415612479865,47.27944894508798,2825,0.042912840519513926,1522,0,1307,0.5387610619469027,0.0,0.4626548672566372,True,210.0,8.175883811466258,0.23227113493775065,704,2503,0.7804801995634549,0.3827822185373187,0.23166247903554,,0.1511197395017787
160,190,35.91178238175537,34.68011490514391,2.6502815398728847,65.63693330793913,3.6502815398728847,520.7341370728577,75.04120693712855,3133,0.04759147941509279,1199,0,1947,0.3827002872646026,0.0,0.6214490903287584,True,38.0,3.477898169151024,0.09853533628700091,145,1782,0.9247535028541775,0.36602540378443865,0.16952084719853724,,0.1965045565859014
160,195,35.91178238175537,36.356629704558465,1.0,24.7660229,2.0,513.7825679882376,85.22613007805646,3131,0.04756109864304358,2321,53,762,0.7412967103161929,0.016927499201533056,0.24337272436921112,True,446.0,11.914957374576321,0.32974177875516847,638,1566,0.7105263157894737,0.3827822185373187,0.2612038749637414,0.339056738914926,0.12157834357357727
160,216,35.91178238175537,35.67544516095276,2.6502815398728847,65.63693330793913,3.6502815398728847,495.1086086909395,63.99112792918782,5460,0.08293950769435258,2068,843,2555,0.37875457875457874,0.1543956043956044,0.46794871794871795,True,38.0,3.477898169151024,0.09716532651236282,121,1238,0.9109639440765268,0.3660254037844387,0.1782670569531119,0.3516287047744073,0.1877583468313268
160,224,35.91178238175537,35.489214133874235,9.298325725798339,230.28254785678078,10.298325725798339,529.4593859186759,62.82710671648763,8044,0.1221914651819363,1598,32,6424,0.19865738438587768,0.003978120338140228,0.7986076578816509,False,3.0,0.9772050238058398,0.0273723077125942,324,1836,0.85,0.3090169943749474,0.085296537673365,0.46980406059154023,0.22372045670158242
160,318,35.91178238175537,31.73196327248236,3.7320508075688767,92.42805576421429,4.732050807568877,531.8967273102822,57.51842772268884,4321,0.06563765801232554,3774,1,550,0.8734089331173339,0.00023142791020597085,0.12728535061328397,True,525.0,12.927207364566026,0.3822144158203092,549,978,0.6404715127701375,0.3704152082810797,0.25355482027512377,0.375,0.11686038800595594
161,208,35.076915108180465,34.30826400849537,1.414213562373095,35.02444547122265,2.414213562373095,847.7457776135614,39.79614915883766,3042,0.04620915428685358,3016,26,0,0.9914529914529915,0.008547008547008548,0.0,True,2532.0,28.38944578214513,0.8183144049943685,2532,245,0.08822470291681671,,0.3015154223219414,0.3918128816481348,
161,230,35.076915108180465,34.692483370232985,1.0,24.7660229,2.0,803.5703968916521,61.651950061828174,3114,0.047302862080625264,2953,118,44,0.9482980089916506,0.03789338471419396,0.014129736673089274,True,2357.0,27.39080870903951,0.7851811626988353,2358,366,0.1343612334801762,0.38742588672279316,0.30484544052339907,0.4,0.08258044619939409
161,267,35.076915108180465,34.752019529092614,1.0,24.7660229,2.0,798.1771012587669,51.31870045138599,2996,0.04551039652972167,2925,55,16,0.9763017356475301,0.018357810413885182,0.0053404539385847796,True,1629.0,22.77118364497979,0.6521990851862447,1631,494,0.23247058823529412,0.3729674688847186,0.3090169943749474,0.40269974784927715,0.0639504745097712
162,169,35.76973302962812,36.74116290534641,1.0,24.7660229,2.0,528.124445573721,75.59437917723632,3047,0.04628510621697662,1997,6,1051,0.655398752871677,0.001969149983590417,0.3449294387922547,True,677.0,14.679774962390475,0.40489845762090243,678,1508,0.6898444647758463,0.38742588672279304,0.25,0.4360096570776567,0.13742588672279304
162,175,35.76973302962812,36.1669028609871,4.449489742783178,110.1961648630833,5.449489742783178,548.0527302153018,42.370546351339044,4951,0.07520760120782777,3766,8,1179,0.7606544132498485,0.0016158351848111492,0.23813371036154313,True,1006.0,17.89468483938439,0.49751241819521647,1009,751,0.42670454545454545,0.34654620645552786,0.24179033438163733,0.3813976270001619,0.10475587207389053
162,265,35.76973302962812,36.05461459326985,1.0,24.7660229,2.0,522.2361807140464,84.94139494999914,3034,0.04608763119865673,2217,1,819,0.7307185234014503,0.0003295978905735003,0.26994067237969677,True,821.0,16.165779181867237,0.4501476091852035,829,1595,0.658003300330033,0.3827822185373187,0.2612038749637414,0.407669683062202,0.12157834357357727
166,237,34.965316634264894,33.74921981698591,6.28538328578604,155.6639463910543,7.28538328578604,955.1770675231826,14.208648349717677,6137,0.09322339903301131,5928,209,0,0.9659442724458205,0.034055727554179564,0.0,True,1329.0,20.567786432629493,0.5986444061140166,1329,0,0.0,,0.2727272727272727,0.22772999919644132,
166,255,34.965316634264894,35.92547553924652,1.0,24.7660229,2.0,973.8035739064173,58.97942610056364,3749,0.05694875720625052,3604,140,5,0.9613230194718592,0.03734329154441184,0.0013336889837289945,True,1593.0,22.518162640206207,0.6352916069858843,1593,333,0.17289719626168223,0.28172904669025317,0.3090169943749474,0.37406669614897287,-0.027287947684694225
167,242,35.24875845540225,35.11354848262679,1.0,24.7660229,2.0,839.1851550469504,35.342773678836295,3123,0.04743957555484672,3055,68,0,0.9782260646813961,0.021773935318603905,0.0,True,2702.0,29.327006537807478,0.8335999148986679,2702,0,0.0,,0.3090169943749474,0.38510405263005587,
167,289,35.24875845540225,34.14987401789476,6.032065437739018,149.39027076534305,7.032065437739018,838.8347139845624,41.50319126138656,4790,0.0727619490578661,4574,216,0,0.9549060542797495,0.04509394572025052,0.0,True,1860.0,24.33220886606579,0.701230211573067,1860,0,0.0,,0.2742918851774318,0.28989794855663564,
162,287,35.76973302962812,35.431878132861556,3.3166247903554,82.13960550864952,4.3166247903554,506.7404308106667,71.04758829271228,3571,0.05424486849387052,1430,0,2144,0.400448053766452,0.0,0.6003920470456455,False,74.0,4.853342309955121,0.13632675527185123,550,1765,0.7624190064794817,0.36602540378443865,0.1566130288262323,,0.20941237495820636
162,329,35.76973302962812,26.471093397285866,1.0,24.7660229,2.0,515.3760743693907,83.92369487935824,3072,0.04666486586759178,2453,1,621,0.7985026041666666,0.0003255208333333333,0.2021484375,True,312.0,9.965574970333758,0.3202263061862069,642,1302,0.6697530864197531,0.40453726661826384,0.29581631632448924,0.5,0.1087209502937746
163,165,35.13670369587606,35.75199853007004,1.0,24.7660229,2.0,1135.7718654658179,53.6980876596779,3108,0.04721171976447762,3101,7,0,0.9977477477477478,0.0022522522522522522,0.0,True,2687.0,29.24548963816208,0.82511003079015,2687,320,0.10641835716661124,,0.3090169943749474,0.38742588672279316,
164,194,35.93441363578625,36.829845387931286,3.8989794855663558,96.56221522616659,4.898979485566356,622.540491915755,57.57288699056704,5148,0.07820010725467529,5062,86,0,0.9832944832944833,0.016705516705516704,0.0,True,2667.0,29.136445672939754,0.8008449770221042,2667,0,0.0,,0.27669677546737487,0.3378034132365234,
164,201,35.93441363578625,35.12967650967651,1.0,24.7660229,2.0,619.7877758661009,57.47410721457839,3069,0.046619294709517964,2974,95,0,0.9690452916259368,0.030954708374063212,0.0,True,2592.0,28.723844188903154,0.8083926531700509,2592,21,0.008036739380022962,,0.30484544052339907,0.4,
164,226,35.93441363578625,35.041890092227234,1.0,24.7660229,2.0,626.9374436297885,42.52145198020514,3111,0.047257290922551445,3077,34,0,0.9890710382513661,0.01092896174863388,0.0,True,3129.0,31.5593351303395,0.8892921573171024,3133,474,0.13141114499584142,,0.3090169943749474,0.4,
164,266,35.93441363578625,34.97872006442841,4.39834563766817,108.929528784605,5.39834563766817,605.0909819719939,82.66162654924128,4701,0.07141000470167609,4601,100,0,0.9787279302276112,0.021272069772388852,0.0,True,1659.0,22.979906465843346,0.6481142566055795,1660,375,0.18427518427518427,,0.2742918851774318,0.35817065916081336,
165,172,35.75199853007004,37.708709508631,3.3166247903554,82.13960550864952,4.3166247903554,1160.9368419106977,84.67772094166916,4548,0.06908587563991127,4532,16,0,0.9964819700967458,0.003518029903254178,0.0,True,1876.0,24.436639426909572,0.665298227565019,1876,0,0.0,,0.27792629762666365,0.3490072625225872,
168,170,35.63262692341111,34.72346501130035,1.0,24.7660229,2.0,1118.7809107443527,55.64215784188576,3050,0.046330677375050436,3038,12,0,0.9960655737704918,0.003934426229508197,0.0,True,2333.0,27.250999329690345,0.7746592677426862,2395,351,0.12782228696285505,,0.3090169943749474,0.42063227274896864,
168,257,35.63262692341111,36.46042522394956,2.6502815398728847,65.63693330793913,3.6502815398728847,1079.7807368915608,60.778971006390485,5105,0.0775469206556172,5089,16,0,0.9968658178256611,0.0031341821743388833,0.0,True,2270.0,26.88054020359719,0.7457179132505708,2318,0,0.0,,0.2801868778094689,0.4251414927432092,
168,316,35.63262692341111,28.85350440000192,1.0,24.7660229,2.0,1086.4439781452193,67.37503494687967,2618,0.03976843061242034,2601,17,0,0.9935064935064936,0.006493506493506494,0.0,True,2470.0,28.039711462031185,0.8696354049029696,2470,0,0.0,,0.3090169943749474,0.3266316347104093,
169,184,36.74116290534641,39.94887713154465,1.0,24.7660229,2.0,572.8006857634548,11.182041288093203,3930,0.05969821707670433,3787,143,0,0.9636132315521628,0.03638676844783715,0.0,True,3537.0,33.55386814410625,0.8750515224132225,3537,243,0.06428571428571428,,0.30383243470068705,0.3761785115301142,
165,278,35.75199853007004,57.06931329903934,2.1462643699419726,53.15443253543696,3.1462643699419726,1190.8189057959535,41.67272754838613,1384,0.02102349425805567,1384,0,0,1.0,0.0,0.0,True,1324.0,20.529059630371258,0.44233504624814424,1338,0,0.0,,0.284031278157143,,
166,178,34.965316634264894,35.00166422487947,1.0,24.7660229,2.0,1010.8647327256883,57.792276969623316,3062,0.04651296200734571,3015,47,0,0.9846505551926845,0.01534944480731548,0.0,True,2017.0,25.33833144531632,0.7242939779358712,2019,0,0.0,,0.3090169943749474,0.40269974784927715,
166,213,34.965316634264894,34.46687961923308,1.0,24.7660229,2.0,966.274185864314,42.94552657532727,2944,0.044720496456442126,2930,14,0,0.9952445652173914,0.004755434782608696,0.0,True,2364.0,27.431452220735256,0.7901651885123328,2364,0,0.0,,0.30901699437494745,0.4270509831248423,
166,225,34.965316634264894,34.56866590278551,1.7320508075688772,42.89600996421431,2.732050807568877,981.0014060954245,72.52875976754986,3107,0.04719652937845301,2928,179,0,0.9423881557772771,0.057611844222722884,0.0,True,1743.0,23.554492811740758,0.6774958646785407,1743,188,0.09735888140859658,,0.28172904669025317,0.3816524151396708,
173,199,34.43154160317679,34.31792910836131,3.0,74.2980687,4.0,1115.698440371308,50.73067560378539,967,0.014689103285794678,964,3,0,0.9968976215098242,0.0031023784901758012,0.0,True,422.0,11.589942707777277,0.3371645654235461,575,0,0.0,,0.2791745113185196,0.3430703308172536,
173,257,34.43154160317679,36.46042522394956,4.977725364273731,123.27846036151405,5.977725364273731,1099.093696516882,14.262878355332697,3301,0.05014346426722672,3048,253,0,0.9233565586186004,0.07664344138139957,0.0,True,1020.0,18.01877032173579,0.5083444888946438,1054,0,0.0,,0.28129889578118483,0.34604203085127516,
174,177,36.37943258714717,34.03910971289511,4.55269276785519,112.752093345366,5.55269276785519,528.6039187536264,74.94175277496254,4481,0.06806811977626262,3949,521,11,0.8812765007810757,0.1162686900245481,0.002454809194376255,True,1943.0,24.86917989912625,0.7063247572823251,1943,84,0.041440552540700545,0.3412253527198434,0.26618329551788555,0.35285542314738516,0.07504205720195783
174,234,36.37943258714717,34.56620180703997,1.0,24.7660229,2.0,509.80982033185364,76.09820146766602,2772,0.042107750060209774,2200,327,247,0.7936507936507936,0.11796536796536797,0.0891053391053391,True,480.0,12.360774464742066,0.34845764845975735,482,957,0.665045170257123,0.392280956059262,0.28172904669025317,0.3827822185373187,0.11055190936900883
175,211,36.1669028609871,34.46607576449437,1.0,24.7660229,2.0,599.9176872336698,50.24892896573055,3374,0.051252362447023005,3259,115,0,0.9659158269116775,0.03408417308832246,0.0,True,2366.0,27.443053596690888,0.7770606345855153,2388,345,0.12623490669593854,,0.30383243470068705,0.40149162409079436,
175,312,36.1669028609871,36.24478883025076,1.0,24.7660229,2.0,566.7464471969313,73.42957583309908,6800,0.10329462496732555,6432,115,255,0.9458823529411765,0.016911764705882352,0.0375,True,3455.0,33.162639472228335,0.9159470990854136,3467,1053,0.23296460176991152,0.3816524151396708,0.28989794855663564,0.40149162409079436,0.09175446658303515
177,244,34.03910971289511,34.033683084531305,7.944271909999159,196.74802004686592,8.94427190999916,563.4103525636118,49.65732979961694,6861,0.10422123851482656,6777,84,0,0.9877568867512024,0.012243113248797552,0.0,True,1941.0,24.85637723166306,0.7302881580202418,1941,0,0.0,,0.267982878680112,0.2519451650219696,
177,256,34.03910971289511,34.87133444730795,1.0,24.7660229,2.0,572.4488295314422,17.530139044405672,3046,0.04626991583095201,3009,37,0,0.9878529218647406,0.012147078135259356,0.0,True,3323.0,32.522972677612614,0.9439199840884257,3346,0,0.0,,0.3090169943749474,0.4142135623730951,
169,197,36.74116290534641,36.55636975448627,3.1815405503520555,78.79410612729761,4.1815405503520555,562.6024615804313,49.30595777586486,4950,0.07519241082180317,4409,94,449,0.8907070707070707,0.01898989898989899,0.09070707070707071,True,1249.0,19.93913357805586,0.5440601574023399,1466,1120,0.43310131477184843,0.3550392228080413,0.26618329551788555,0.39564392373895996,0.08885592729015573
169,214,36.74116290534641,35.328254181517394,1.0,24.7660229,2.0,521.3644598834536,64.47246652935155,3135,0.047621860187142005,2452,0,687,0.7821371610845295,0.0,0.21913875598086124,True,475.0,12.296226898414837,0.34123286673997777,509,1417,0.7357217030114226,0.392280956059262,0.27429188517743175,,0.11798907088183025
169,272,36.74116290534641,33.78544111387506,1.0,24.7660229,2.0,521.565348682949,64.34211345382482,3258,0.04949027766816863,2594,71,594,0.7961939840392879,0.021792510742786986,0.18232044198895028,True,528.0,12.964089628857149,0.36763686013646396,588,1580,0.7287822878228782,0.38742588672279316,0.2612038749637414,0.4068781988545112,0.12622201175905173
169,332,36.74116290534641,34.05030096237162,1.0,24.7660229,2.0,514.6664340509307,56.26870536269515,2791,0.0423963673946773,2420,0,377,0.8670727337871731,0.0,0.13507703332139018,True,890.0,16.83139324903241,0.4755204181250949,936,1514,0.6179591836734694,0.4,0.2612038749637414,,0.1387961250362586
174,244,36.37943258714717,34.033683084531305,1.0,24.7660229,2.0,553.4288895188665,14.990621070214523,3034,0.04608763119865673,2852,135,47,0.9400131839156229,0.044495715227422544,0.015491100856954515,True,2840.0,30.066594033278285,0.8540055001534794,2840,482,0.14509331727874775,0.40149162409079436,0.2989350844248255,0.4068781988545112,0.10255653966596884
174,254,36.37943258714717,36.52018858402313,1.0,24.7660229,2.0,494.90808023182194,50.285190018033674,3085,0.046862340885911666,2450,431,206,0.7941653160453809,0.13970826580226905,0.06677471636952999,True,445.0,11.901592303208293,0.3265200041372788,453,273,0.3760330578512397,0.39564392373895996,0.27429188517743175,0.392280956059262,0.12135203856152821
174,294,36.37943258714717,31.65114622483413,7.246211251235321,179.45983378633161,8.246211251235321,536.5193735876996,61.41086965820869,6491,0.09860079568572208,6358,133,0,0.9795100908950855,0.020489909104914498,0.0,True,1445.0,21.44662643717136,0.6304996021405086,1445,17,0.011627906976744186,,0.26857492567190105,0.28835257001779385,
175,184,36.1669028609871,39.94887713154465,1.0,24.7660229,2.0,592.7289704050356,67.43011765468326,3444,0.05231568946874547,3375,69,0,0.9799651567944251,0.02003484320557491,0.0,True,2942.0,30.601759510732585,0.8040845016298891,2942,581,0.16491626454726085,,0.28989794855663564,0.4,
180,212,34.46594178505902,34.00397770543357,1.0,24.7660229,2.0,1082.524987974473,76.5706055801263,2896,0.043991357927261,2881,15,0,0.9948204419889503,0.0051795580110497235,0.0,True,2666.0,29.130982760044088,0.8509133054870636,2666,138,0.049215406562054205,,0.3090169943749474,0.43649167310370846,
181,311,37.075367069063354,29.530766241273234,1.0,24.7660229,2.0,446.82797221800365,36.84738583972747,2088,0.031717526019378786,1772,151,166,0.8486590038314177,0.07231800766283525,0.07950191570881227,True,647.0,14.350836085779552,0.4309163547721648,740,324,0.30451127819548873,0.40269974784927715,0.2612038749637414,0.4068781988545112,0.14149587288553572
181,342,37.075367069063354,23.97139044161701,1.0,24.7660229,2.0,478.69068118641536,82.2221362056454,9684,0.14710369826229128,7984,710,998,0.8244527054935977,0.07331681123502685,0.10305658818669972,True,1000.0,17.841241161527712,0.5845106894794967,1061,189,0.1512,0.40453726661826384,0.28989794855663564,0.40269974784927715,0.11463931806162819
182,270,34.15014695868493,33.93515360543263,1.0,24.7660229,2.0,644.7783383490423,56.50635395935366,2939,0.04464454452631909,2906,33,0,0.988771691051378,0.01122830894862198,0.0,True,3042.0,31.11749787131175,0.9140738929986115,3159,5,0.0015802781289506952,,0.3090169943749474,0.38742588672279304,
177,294,34.03910971289511,31.65114622483413,4.0197648378370845,99.55358802648801,5.0197648378370845,546.5008366324449,77.1646232800787,3442,0.05228530869669626,2986,81,379,0.8675188843695526,0.023532829750145264,0.11011040092969204,True,1600.0,22.56758334191025,0.687090741838579,1617,154,0.08695652173913043,0.356789172325331,0.25824569976124334,0.35388936786452296,0.09854347256408769
178,193,35.00166422487947,34.34399097529891,1.0,24.7660229,2.0,1043.6416093693379,66.8652269488189,2891,0.04391540599713797,2869,22,0,0.9923901764095469,0.007609823590453131,0.0,True,2271.0,26.88646037550106,0.7754331629829895,2271,2,0.0008798944126704796,,0.3090169943749474,0.3621554859491163,
179,185,34.45441565467942,34.68573802823606,3.2426406871192857,80.30731351366796,4.242640687119286,811.6615517473933,42.32383843783342,4335,0.06585032341667005,4094,241,0,0.9444059976931949,0.05559400230680508,0.0,True,1846.0,24.24046307097448,0.701197835982372,1846,0,0.0,,0.2801868778094689,0.3333333333333333,
179,282,34.45441565467942,36.683419029928984,6.1587762089111235,152.52839262586807,7.1587762089111235,786.7369923452391,86.93968400307233,6742,0.10241358257789837,6403,37,305,0.9497181845149807,0.005487985760901809,0.04523880154256897,True,1438.0,21.394616526881034,0.6014975468886471,1438,265,0.15560775102759836,0.353219120813669,0.26618329551788555,0.3394788959936531,0.08703582529578346
185,282,34.68573802823606,36.683419029928984,4.65685424949238,115.33175898489058,5.65685424949238,813.8085927717589,50.80565853322049,5155,0.07830643995684754,4761,104,291,0.9235693501454898,0.02017458777885548,0.05645004849660524,True,1841.0,24.207612448656697,0.6783774237077725,1841,303,0.14132462686567165,0.23329952500316292,0.27718637277259645,0.3613020955135854,-0.043886847769433524
185,289,34.68573802823606,34.14987401789476,6.117215614703381,151.4991019979815,7.117215614703381,853.2650073584239,68.24015953695844,5102,0.07750134949754338,4964,138,0,0.9729517836142689,0.027048216385731086,0.0,True,1593.0,22.518162640206207,0.6542590955715031,1593,74,0.04439112177564487,,0.2713447036381609,0.3121755001407557,
186,203,35.70106187281894,36.18514474625734,1.8284271247461903,45.2828680424453,2.8284271247461903,703.1148880780585,63.297427727010465,3533,0.053667633824935466,3529,4,0,0.9988678177186527,0.0011321822813472968,0.0,True,2622.0,28.88959192466898,0.8037589763987522,2635,287,0.09822039698836413,,0.2857142857142857,0.30189026247411227,
186,217,35.70106187281894,35.43707512359517,1.7320508075688772,42.89600996421431,2.732050807568877,674.1973273650051,71.46261361056766,2957,0.04491797147476201,2844,113,0,0.9617855935069327,0.038214406493067295,0.0,True,3228.0,32.05470811910906,0.9011961648848029,3228,0,0.0,,0.2843646522044218,0.35388936786452296,
186,286,35.70106187281894,33.39235957204234,6.834654549917682,169.2672110968505,7.834654549917682,657.2138254022777,40.89974162578504,6146,0.09336011250723278,5802,213,132,0.9440286365115522,0.03465668727627726,0.021477383664171817,True,2712.0,29.381225490616288,0.8504782329838284,2855,29,0.010055478502080445,0.34781434737713207,0.2612038749637414,0.3679776429393676,0.08661047241339065
187,206,34.86472360632535,35.3918355531094,4.39834563766817,108.929528784605,5.39834563766817,727.1569008066194,24.979355266141305,4821,0.0732328510246289,4776,45,0,0.9906658369632856,0.009334163036714374,0.0,True,1732.0,23.480049464818542,0.6684087506060395,1797,315,0.14914772727272727,,0.2801868778094689,0.21393876913398135,
187,222,34.86472360632535,35.664062041282264,1.0,24.7660229,2.0,794.7177195908843,22.507152716777874,3156,0.047940858293658746,2716,440,0,0.8605830164765526,0.1394169835234474,0.0,True,2216.0,26.558891313141824,0.753136214363354,2217,262,0.10568777732956837,,0.28989794855663564,0.38742588672279316,
187,314,34.86472360632535,30.584031535841703,2.863703305156273,70.92254163430594,3.863703305156273,731.6389608904472,32.19976901100115,3128,0.047515527484969754,3122,6,0,0.9980818414322251,0.0019181585677749361,0.0,True,1708.0,23.31680264534386,0.7125208904186295,1762,512,0.22515391380826738,,0.2838325231517205,0.2084685069017459,
189,320,34.74074841065479,27.640729586576867,2.6502815398728847,65.63693330793913,3.6502815398728847,898.5620638134428,2.9638766563526096,2915,0.04427997526172853,2558,357,0,0.8775300171526587,0.12246998284734134,0.0,True,2737.0,29.516337145469713,0.946317339476297,2737,135,0.04700557103064067,,0.27792629762666365,0.30901699437494745,
190,216,34.68011490514391,35.67544516095276,1.0,24.7660229,2.0,505.1566597530445,43.957158728468514,3039,0.04616358312877976,1659,8,1376,0.5459032576505429,0.0026324448831852583,0.45278051990786444,True,232.0,8.593479713983122,0.244287152455608,235,1400,0.8562691131498471,0.3874258867227931,0.23166247903554,0.3998442115303734,0.1557634076872531
190,224,34.68011490514391,35.489214133874235,1.0,24.7660229,2.0,539.507436980781,75.61776871177524,3142,0.04772819288931425,2919,58,167,0.9290260980267345,0.018459579885423297,0.05315085932527053,True,2348.0,27.33846397952051,0.7792140627230101,2473,1243,0.3344994617868676,0.37406669614897287,0.30484544052339907,0.4144171463344124,0.0692212556255738
190,228,34.68011490514391,34.946039326709304,1.0,24.7660229,2.0,504.71439560861074,42.074720435566796,2584,0.039251957487583714,1283,685,617,0.4965170278637771,0.26509287925696595,0.23877708978328174,True,139.0,6.651697090182843,0.19106892125717218,157,800,0.8359456635318704,0.37406669614897287,0.21712927295533244,0.3797958971132712,0.15693742319364043
184,197,39.94887713154465,36.55636975448627,2.1462643699419726,53.15443253543696,3.1462643699419726,598.1281380780752,72.59625682847475,5269,0.0800381439636527,5200,69,0,0.9869045359650788,0.013095464034921237,0.0,True,3884.0,35.16127981086358,0.9191861013988487,3902,245,0.05907885218230046,,0.28172904669025317,0.3827822185373187,
184,217,39.94887713154465,35.43707512359517,1.0,24.7660229,2.0,635.2977737155918,47.044400155678886,3633,0.05518667242739614,3581,52,0,0.9856867602532342,0.014313239746765759,0.0,True,2271.0,26.88646037550106,0.7133016051718825,2291,0,0.0,,0.29339977411634566,0.39564392373895996,
184,333,39.94887713154465,31.258738512821964,1.0,24.7660229,2.0,637.7137286571051,37.13766224160868,3156,0.047940858293658746,3145,11,0,0.9965145754119138,0.003485424588086185,0.0,True,2710.0,29.370389707289768,0.8249227120305445,2710,350,0.11437908496732026,,0.30484544052339907,0.37268226712382524,
185,188,34.68573802823606,34.395525530844665,1.0,24.7660229,2.0,847.6011741192125,75.32425646480591,2958,0.044933161860786615,2902,56,0,0.9810682893847193,0.018931710615280595,0.0,True,2135.0,26.068977866467897,0.7547336722980694,2135,0,0.0,,0.3090169943749474,0.4211646096066227,
190,275,34.68011490514391,33.85640203978972,1.0,24.7660229,2.0,537.9354010575588,77.99578446100524,2522,0.0383101535540581,1438,476,609,0.5701823949246629,0.1887390959555908,0.2414750198255353,True,225.0,8.462843753216344,0.24695867635105834,593,1326,0.6909848879624805,0.38742588672279316,0.23166247903554,0.3827822185373187,0.15576340768725316
190,304,34.68011490514391,36.45330032828756,3.2426406871192857,80.30731351366796,4.242640687119286,560.1014899119034,24.21955227406497,3764,0.057176612996619615,2689,0,1081,0.7143995749202976,0.0,0.2871944739638682,True,2019.0,25.35089071817938,0.7127702398370127,2471,2763,0.5278945357279328,0.356789172325331,0.23582845781094003,,0.120960714514391
190,318,34.68011490514391,31.73196327248236,1.0,24.7660229,2.0,541.9447783723872,69.61845624172088,3333,0.05062955662001413,2727,0,611,0.8181818181818182,0.0,0.18331833183318333,True,514.0,12.791062563308351,0.3852029002645354,556,1414,0.7177664974619289,0.39564392373895996,0.28989794855663564,,0.10574597518232431
192,199,35.33494767432279,34.31792910836131,1.414213562373095,35.02444547122265,2.414213562373095,1116.1298130500081,52.31226503147884,3261,0.04953584882624245,2981,99,182,0.9141367678626189,0.03035878564857406,0.05581110088929776,True,2051.0,25.550999521798648,0.7336667400405404,2078,530,0.20322085889570551,0.3333333333333333,0.28989794855663564,0.392280956059262,0.04343538477669767
192,406,35.33494767432279,35.1279998847818,1.8284271247461903,45.2828680424453,2.8284271247461903,1174.1631416609516,24.489252468983434,691,0.010496556743003229,577,114,0,0.8350217076700435,0.1649782923299566,0.0,True,58.0,4.296739856991561,0.12195742601847415,1404,0,0.0,,0.23166247903554,0.32449979983983984,
193,221,34.34399097529891,35.32021864065531,1.0,24.7660229,2.0,1055.4859152486324,86.75721192292657,2910,0.044204023331605495,2895,15,0,0.9948453608247423,0.005154639175257732,0.0,True,2633.0,28.950128329973268,0.8311334755556669,2633,0,0.0,,0.3090169943749474,0.3430703308172536,
195,250,36.356629704558465,38.41950974002072,8.851841083363698,219.22489897774616,9.851841083363698,553.4050639987909,29.097031194425156,8764,0.1331285431196531,2537,5199,1029,0.28947968963943405,0.593222272934733,0.11741214057507987,True,3.0,0.9772050238058398,0.026136813990781153,858,953,0.526228602981778,0.27598206241955514,0.09785171972967723,0.3259156091181791,0.17813034268987793
195,262,36.356629704558465,36.34591029267852,1.0,24.7660229,2.0,539.4653180417315,52.037700040934496,3442,0.05228530869669626,2166,539,740,0.6292852992446252,0.15659500290528763,0.21499128413712956,True,278.0,9.40692023773423,0.2587783105814937,453,1292,0.7404011461318052,0.3797958971132712,0.25,0.3827822185373187,0.12979589711327122
170,316,34.72346501130035,28.85350440000192,1.8284271247461903,45.2828680424453,2.8284271247461903,1106.7643327183937,24.78188820872395,2206,0.03350999157028238,2182,24,0,0.9891205802357208,0.010879419764279238,0.0,True,2188.0,26.390567083147985,0.8301926728346524,2190,0,0.0,,0.29460804522041745,0.3226220313943161,
170,435,34.72346501130035,38.09354879990975,12.593884669100337,311.90043611489784,13.593884669100337,1180.0121915512657,9.712497977988276,3319,0.05041689121566963,1401,1918,0,0.42211509490810484,0.5778849050918952,0.0,False,429.0,11.685672474138842,0.32095994775165704,1267,0,0.0,,0.08121030314161229,0.22573507622105465,
171,195,34.48769978943581,36.356629704558465,5.414213562373095,134.08853707122265,6.414213562373095,537.6380432254714,57.39322367817157,4453,0.06764278896757363,1552,0,2909,0.3485290815180777,0.0,0.653267460139232,True,52.0,4.068428945128219,0.11485545771092699,65,2007,0.9686293436293436,0.32992307237087687,0.1329928290410277,,0.19693024332984918
171,250,34.48769978943581,38.41950974002072,8.00692826708518,198.29976882128886,9.00692826708518,574.1640572585397,66.72019909416024,7498,0.11389751441250104,5733,17,1751,0.7646038943718325,0.0022672712723392904,0.23352894105094693,True,1746.0,23.574754744787878,0.6467057207905624,1760,893,0.33660007538635506,0.3301203136098242,0.24025307335204216,0.26968623182294527,0.08986724025778203
200,252,35.7658142858577,35.21054470549252,1.0,24.7660229,2.0,592.5573184738712,22.5608232498834,3764,0.057176612996619615,3750,14,0,0.9962805526036131,0.0037194473963868225,0.0,True,2014.0,25.31948085514698,0.7134623757815648,2207,0,0.0,,0.3090169943749474,0.40492874305602755,
200,273,35.7658142858577,34.46580780458202,1.414213562373095,35.02444547122265,2.414213562373095,628.2037470005688,86.88583926168154,3525,0.053546110736738615,3508,17,0,0.995177304964539,0.004822695035460993,0.0,True,2164.0,26.245429958408437,0.7473963772219665,2170,434,0.16666666666666666,,0.30383243470068705,0.3827822185373187,
201,253,35.12967650967651,36.95071200079368,5.5725953684008385,138.0110245062491,6.5725953684008385,627.1581100029865,71.87869365915599,5849,0.08884856785792458,5371,478,0,0.9182766284835014,0.08172337151649854,0.0,True,2188.0,26.390567083147985,0.7322537413714014,2188,162,0.06893617021276596,,0.2588283628687876,0.3577747210701756,
201,266,35.12967650967651,34.97872006442841,1.0,24.7660229,2.0,624.6870319189527,66.11462042443064,2941,0.044674925298368307,2866,75,0,0.9744984699081944,0.02550153009180551,0.0,True,2226.0,26.61874915628302,0.7593598044464438,2228,169,0.07050479766374634,,0.2989350844248255,0.4142135623730951,
202,205,35.21176420943346,34.86531279291435,1.0,24.7660229,2.0,956.6728866540991,25.29525439856197,3680,0.05590062057055265,3653,26,1,0.9926630434782608,0.007065217391304348,0.0002717391304347826,True,2891.0,30.335356944617264,0.8657711834527839,2919,406,0.12210526315789473,0.30484544052339907,0.3090169943749474,0.30433893761204306,-0.004171553851548326
202,255,35.21176420943346,35.92547553924652,1.0,24.7660229,2.0,972.0784764878719,63.65252754075797,3148,0.04781933520546189,3109,39,0,0.9876111817026684,0.01238881829733164,0.0,True,1824.0,24.095585330081406,0.6774394231546923,1826,475,0.20643198609300303,,0.3090169943749474,0.32793442287247493,
202,257,35.21176420943346,36.46042522394956,1.0,24.7660229,2.0,1024.7811613662043,10.106202407840263,7909,0.12014076306861439,7865,44,0,0.9944367176634215,0.005563282336578581,0.0,True,1867.0,24.37795228285463,0.6802625251322384,1870,0,0.0,,0.2989350844248255,0.36140728805488476,
203,217,36.18514474625734,35.43707512359517,2.6502815398728847,65.63693330793913,3.6502815398728847,691.1867458831382,39.73223736572628,4193,0.06369328860117589,4173,20,0,0.9952301454805629,0.004769854519437157,0.0,True,2522.0,28.333329012940222,0.7911882391924127,2522,13,0.005128205128205128,,0.28172904669025317,0.3918128816481348,
197,224,36.55636975448627,35.489214133874235,1.0,24.7660229,2.0,568.0812998608254,56.489307551644615,3393,0.05154097978149053,3192,165,36,0.9407603890362511,0.04862953138815208,0.010610079575596816,True,2602.0,28.77919949981624,0.7989164067130485,2603,341,0.11582880434782608,0.3816524151396708,0.3008613653919205,0.4211646096066227,0.08079104974775031
197,236,36.55636975448627,34.31988849973817,3.4721359549995796,85.99099857343296,4.47213595499958,581.1682677012745,79.65810269237879,5517,0.08380535969775516,5302,215,0,0.9610295450425956,0.03897045495740439,0.0,True,2585.0,28.685031911871718,0.8094397931951213,2585,708,0.21500151837230488,,0.2708131845707603,0.3827822185373187,
199,257,34.31792910836131,36.46042522394956,2.1462643699419726,53.15443253543696,3.1462643699419726,1077.7056614663693,64.56467819751073,3739,0.05679685334600445,3708,31,0,0.9917090131051083,0.008290986894891682,0.0,True,1491.0,21.785317080548356,0.6155926423003364,1512,163,0.09731343283582089,,0.2898979485566356,0.29893508442482547,
200,206,35.7658142858577,35.3918355531094,1.7320508075688772,42.89600996421431,2.732050807568877,659.2921247498642,30.737678309661533,2791,0.0423963673946773,2785,6,0,0.9978502328914367,0.002149767108563239,0.0,True,1733.0,23.486826791980846,0.6601349776203281,1774,574,0.2444633730834753,,0.28989794855663564,0.37693129663112207,
216,228,35.67544516095276,34.946039326709304,1.0,24.7660229,2.0,479.08886722669257,89.29611949270105,3025,0.04595091772443527,2422,135,472,0.8006611570247933,0.04462809917355372,0.15603305785123966,True,608.0,13.911592676604096,0.39397621779062214,634,603,0.4874696847210994,0.39564392373895996,0.28172904669025317,0.37268226712382524,0.11391487704870679
216,318,35.67544516095276,31.73196327248236,2.23606797749979,55.37851073671648,3.23606797749979,516.3192499904691,8.25975778717017,3249,0.049353564193947166,1598,1161,492,0.49184364419821486,0.3573407202216066,0.15143120960295475,True,112.0,5.970821321441846,0.17715623431326655,237,310,0.56672760511883,0.37406669614897287,0.1907435698305462,0.375,0.18332312631842668
203,230,36.18514474625734,34.692483370232985,2.1462643699419726,53.15443253543696,3.1462643699419726,753.4755961403732,26.62022641499324,3250,0.04936875457997177,3190,37,23,0.9815384615384616,0.011384615384615385,0.007076923076923077,True,3091.0,31.36711427903589,0.8851062066434484,3103,345,0.10005800464037123,0.3090169943749474,0.28172904669025317,0.40453726661826384,0.027287947684694225
203,267,36.18514474625734,34.752019529092614,2.4641016151377544,61.02599702842861,3.4641016151377544,748.0823005074881,39.79052907067583,4242,0.06443761751638162,3118,4,1140,0.7350306459217351,0.000942951438000943,0.26874115983026875,True,1.0,0.5641895835477563,0.01590674195426803,1678,948,0.361005331302361,0.3797958971132712,0.23582845781094003,0.31703812283699595,0.1439674393023312
203,279,36.18514474625734,35.64446856574113,1.414213562373095,35.02444547122265,2.414213562373095,697.9743563671684,51.52688035249576,3790,0.057571563033259394,3785,5,0,0.9986807387862797,0.0013192612137203166,0.0,True,3965.0,35.52602846813488,0.9891749887006726,3971,0,0.0,,0.29339977411634566,0.4364916731037084,
205,255,34.86531279291435,35.92547553924652,2.4641016151377544,61.02599702842861,3.4641016151377544,940.2899580215055,65.78245454488241,3686,0.0559917628867003,3599,87,0,0.9763971785132936,0.023602821486706456,0.0,True,1657.0,22.966050627100454,0.6488429121410639,1661,562,0.2528115159694107,,0.2898979485566356,0.339056738914926,
213,255,34.46687961923308,35.92547553924652,1.0,24.7660229,2.0,948.1661598131748,77.82613392884312,2919,0.04434073680582696,2859,60,0,0.9794450154162384,0.020554984583761562,0.0,True,2170.0,26.28178938007886,0.7467228315037532,2170,0,0.0,,0.3090169943749474,0.3516287047744073,
214,224,35.328254181517394,35.489214133874235,3.414213562373095,84.55649127122264,4.414213562373095,526.8432981638477,55.673943636246435,4277,0.06496928102724285,3422,13,845,0.8000935234977788,0.00303951367781155,0.19756838905775076,True,488.0,12.463355264843006,0.3519853381184538,497,1635,0.7668855534709194,0.3597752501562547,0.25000000000000006,0.3704152082810797,0.10977525015625467
214,272,35.328254181517394,33.78544111387506,1.0,24.7660229,2.0,505.65479930059183,89.67510633989978,2931,0.044523021438122236,2058,5,870,0.7021494370522006,0.0017059024223814397,0.2968270214943705,True,324.0,10.155412503859614,0.2938755469651942,336,1165,0.776149233844104,0.4,0.25,0.4,0.15000000000000002
214,319,35.328254181517394,31.405054970984555,1.414213562373095,35.02444547122265,2.414213562373095,490.21971021416886,61.809718326091776,3296,0.05006751233710368,1643,76,1583,0.4984830097087379,0.023058252427184466,0.48027912621359226,True,344.0,10.464157913908982,0.3136112399280491,350,1247,0.7808390732623669,0.37268226712382524,0.2,0.3562297707504051,0.17268226712382523
206,273,35.3918355531094,34.46580780458202,1.0,24.7660229,2.0,661.2966158423122,28.90614638633852,3527,0.05357649150878783,3502,25,0,0.9929118230791041,0.007088176920895945,0.0,True,1581.0,22.433188138482972,0.6422543635953631,1592,529,0.2494106553512494,,0.3090169943749474,0.38742588672279316,
206,314,35.3918355531094,30.584031535841703,1.0,24.7660229,2.0,696.8670536754353,82.70809265503685,2971,0.045130636879106505,2957,14,0,0.995287781891619,0.004712218108381017,0.0,True,1751.0,23.608485989317856,0.7156703513267365,1765,323,0.15469348659003831,,0.3090169943749474,0.42088534942122,
208,220,34.30826400849537,35.02503242869986,1.0,24.7660229,2.0,853.9205287536522,52.22437855993925,3193,0.04850290257656919,3152,35,7,0.9871594112120263,0.01096147823363608,0.002192295646727216,True,1887.0,24.508177313476683,0.7069670294899979,1887,260,0.12109920819748486,0.48912529307605734,0.3090169943749474,0.4364916731037084,0.18010829870110995
208,229,34.30826400849537,34.62338481649344,1.0,24.7660229,2.0,851.0567032252914,47.14084530353979,2844,0.043201457853981454,2839,5,0,0.9982419127988749,0.0017580872011251757,0.0,True,2452.0,27.937355653723827,0.8105813840215612,2453,0,0.0,,0.30484544052339907,0.3333333333333333,
209,225,34.12699972576709,34.56866590278551,2.6502815398728847,65.63693330793913,3.6502815398728847,937.6200228914288,26.926257277308267,3541,0.053789156913132324,3499,42,0,0.988138943801186,0.011861056198813894,0.0,True,1744.0,23.56124872549269,0.6859602715807943,1744,0,0.0,,0.28172904669025317,0.35852080526971775,
209,237,34.12699972576709,33.74921981698591,1.0,24.7660229,2.0,911.795684319187,78.65351804699982,3159,0.047986429451732565,3091,68,0,0.9784742006964229,0.021525799303577082,0.0,True,1677.0,23.104235090784048,0.680775542492653,1677,307,0.15473790322580644,,0.3090169943749474,0.3981147832854546,
209,263,34.12699972576709,35.54812880887022,4.766114533138578,118.03770167173282,5.766114533138578,877.3548435278981,42.146636595431644,5184,0.07874696115156113,5123,61,0,0.988233024691358,0.011766975308641976,0.0,True,1263.0,20.05057072130685,0.5755445635479293,1263,450,0.2626970227670753,,0.27718637277259645,0.28172904669025317,
210,218,34.608309513248216,35.167744397611905,1.0,24.7660229,2.0,847.3544741745768,86.58287487908433,3247,0.049323183421897954,3201,46,0,0.9858330766861718,0.014166923313828149,0.0,True,2259.0,26.81533204883324,0.7686113084895915,2259,0,0.0,,0.3090169943749474,0.35509943920534726,
211,226,34.46607576449437,35.041890092227234,1.0,24.7660229,2.0,638.1934786294012,63.57354443068826,3273,0.049718133458537726,3208,52,13,0.9801405438435686,0.015887564925145127,0.003971891231286282,True,2502.0,28.22076071320269,0.8120151515115492,2505,713,0.22156619018023618,0.4142135623730951,0.3090169943749474,0.4142135623730951,0.1051965679981477
211,307,34.46607576449437,33.98517876129603,9.770329614269007,241.9722069675344,10.770329614269007,615.8150808859388,80.06480449669122,7400,0.11240885658208957,7206,194,0,0.9737837837837838,0.026216216216216216,0.0,True,2128.0,26.026206750102993,0.7604303801414506,2128,0,0.0,,0.26342817331279195,0.3286388491747826,
211,312,34.46607576449437,36.24478883025076,4.55269276785519,112.752093345366,5.55269276785519,589.5325558816288,15.943267033157765,9263,0.14070854574593186,9055,208,0,0.9775450717909965,0.022454928209003563,0.0,True,4513.0,37.90161627618864,1.072016768382303,4513,158,0.03382573324769857,,0.2708131845707603,0.3844998779892558,
213,237,34.46687961923308,33.74921981698591,1.0,24.7660229,2.0,929.5396534299401,71.40567144917961,2817,0.042791317431317075,2773,44,0,0.9843805466808662,0.01561945331913383,0.0,True,2005.0,25.262844689355557,0.7406710409461604,2005,97,0.0461465271170314,,0.3090169943749474,0.3621554859491163,
219,254,35.27595766867479,36.52018858402313,1.0,24.7660229,2.0,463.9426995787563,78.66697888952856,2720,0.04131784998693022,1469,270,986,0.5400735294117647,0.09926470588235294,0.3625,True,122.0,6.231677632421503,0.17359365251968054,147,819,0.8478260869565217,0.392280956059262,0.21712927295533244,0.3629003269703467,0.17515168310392956
219,308,35.27595766867479,31.17790228842765,1.0,24.7660229,2.0,431.5947778743223,43.19535722494642,2549,0.03872029397672248,1653,874,23,0.6484896037661828,0.3428795606120047,0.009023146331894862,True,536.0,13.061933202803933,0.3931128518715309,538,68,0.11221122112211221,0.3761785115301142,0.25000000000000006,0.37406669614897287,0.12617851153011417
219,407,35.27595766867479,19.667576904026934,1.0,24.7660229,2.0,430.75849978869087,30.738192787586105,1440,0.02187415587543365,847,593,0,0.5881944444444445,0.41180555555555554,0.0,True,204.0,8.058239062071396,0.29332801847353557,210,0,0.0,,0.25,0.392280956059262,
220,229,35.02503242869986,34.62338481649344,1.0,24.7660229,2.0,829.7795848505702,85.3910358278573,2903,0.04409769062943325,2900,3,0,0.9989665862900448,0.0010334137099552187,0.0,True,1981.0,25.11119042439226,0.7210843093817836,1981,215,0.09790528233151184,,0.3090169943749474,0.4,
220,263,35.02503242869986,35.54812880887022,1.0,24.7660229,2.0,841.1021319425811,76.24498414955067,3261,0.04953584882624245,3188,73,0,0.9776142287641828,0.022385771235817233,0.0,True,2225.0,26.612769430462027,0.7541895237164054,2226,304,0.12015810276679842,,0.3090169943749474,0.407669683062202,
220,267,35.02503242869986,34.752019529092614,1.414213562373095,35.02444547122265,2.414213562373095,804.3518523988578,34.06181993344815,4812,0.07309613755040743,4046,766,0,0.8408146300914381,0.15918536990856194,0.0,True,2120.0,25.977239243415305,0.7445782965760349,2121,575,0.21327893175074183,,0.27255253487409603,0.36602540378443865,
221,227,35.32021864065531,34.72518092685073,1.0,24.7660229,2.0,1023.7010456012385,33.780553150797886,3008,0.045692681162016954,2774,234,0,0.9222074468085106,0.07779255319148937,0.0,True,4921.0,39.577808806330275,1.130061618627424,4921,0,0.0,,0.2989350844248255,0.37406669614897287,
223,243,35.63995839173449,34.038354210100614,1.0,24.7660229,2.0,504.6314286731336,89.94392582479121,2666,0.040497569141601464,1774,152,744,0.6654163540885222,0.05701425356339085,0.27906976744186046,True,274.0,9.338999347593866,0.26806043369505783,325,1285,0.7981366459627329,0.4,0.24025307335204213,0.37798720432169275,0.1597469266479579
223,272,35.63995839173449,33.78544111387506,1.414213562373095,35.02444547122265,2.414213562373095,505.2610930072069,89.05519586400656,2590,0.03934309980373135,1356,3,1237,0.5235521235521235,0.0011583011583011582,0.47760617760617763,True,110.0,5.917270272703197,0.17046413315129957,559,1416,0.7169620253164557,0.38742588672279316,0.21712927295533244,0.46410161513775455,0.17029661376746072
223,274,35.63995839173449,35.88102725341571,1.0,24.7660229,2.0,495.6963220162172,75.63876322571892,2828,0.042958411677587745,1704,364,770,0.6025459688826026,0.12871287128712872,0.2722772277227723,True,213.0,8.234075889688375,0.23025621963717227,314,1136,0.783448275862069,0.4,0.22901628833426058,0.3827822185373187,0.17098371166573945
224,236,35.489214133874235,34.31988849973817,1.0,24.7660229,2.0,561.3196536670482,68.00662783144158,4271,0.06487813871109521,3752,149,371,0.8784827909154764,0.03488644345586514,0.08686490283306017,True,2302.0,27.069343508757026,0.7755247521466748,2302,428,0.15677655677655677,0.4068781988545112,0.28989794855663564,0.41421356237309503,0.11698025029787557
224,243,35.489214133874235,34.038354210100614,1.0,24.7660229,2.0,526.4145226292699,52.89727140592437,2885,0.04382426368099033,2664,57,168,0.9233968804159446,0.01975736568457539,0.058232235701906415,True,1139.0,19.040876039808087,0.5477216158519124,1144,1312,0.5342019543973942,0.4142135623730951,0.28989794855663564,0.4142135623730951,0.12431561381645945
225,231,34.56866590278551,34.500072863257465,1.7320508075688772,42.89600996421431,2.732050807568877,964.8369472170602,81.44938499913798,3665,0.055672764780183556,3576,83,7,0.9757162346521145,0.022646657571623464,0.0019099590723055935,True,1746.0,23.574754744787878,0.6826461628217307,1746,102,0.05519480519480519,0.3524704450894247,0.28989794855663564,0.40149162409079436,0.06257249653278907
225,237,34.56866590278551,33.74921981698591,4.0197648378370845,99.55358802648801,5.0197648378370845,944.2668736610507,45.25083829369992,4676,0.07103024505106093,4575,101,0,0.9784003421727973,0.021599657827202738,0.0,True,1475.0,21.668112103298046,0.6343320457010929,1475,0,0.0,,0.2742918851774318,0.34514099850039526,
225,255,34.56866590278551,35.92547553924652,1.0,24.7660229,2.0,962.8933800442853,78.82604861355026,2675,0.04063428261582292,2638,32,5,0.9861682242990654,0.011962616822429906,0.001869158878504673,True,1363.0,20.829219257295907,0.5909489450105286,1365,429,0.2391304347826087,0.3816524151396708,0.3090169943749474,0.3789154633348925,0.0726354207647234
226,266,35.041890092227234,34.97872006442841,6.713293552551451,166.2615818569116,7.713293552551451,631.8366996826403,56.82660786093794,4931,0.07490379348733564,2928,1,2007,0.593794362198337,0.00020279862096937742,0.4070168322855405,True,390.0,11.141851534268367,0.3182449141571585,932,1506,0.6177194421657096,0.3483314773547883,0.2018613557458832,0.25428627101618895,0.1464701216089051
228,275,34.946039326709304,33.85640203978972,1.0,24.7660229,2.0,511.8676085312069,21.42714211046094,2331,0.03540878982335822,1096,1235,0,0.4701844701844702,0.5298155298155298,0.0,True,85.0,5.201570947860099,0.15120309234819754,178,238,0.5721153846153846,,0.20799159651347812,0.3797958971132712,
229,230,34.62338481649344,34.692483370232985,1.0,24.7660229,2.0,806.8813225033821,57.17425131350285,2226,0.033813799290774514,2219,7,0,0.9968553459119497,0.0031446540880503146,0.0,True,3069.0,31.25528820372728,0.9018220220377325,3081,0,0.0,,0.30484544052339907,0.32449979983983984,
229,267,34.62338481649344,34.752019529092614,2.863703305156273,70.92254163430594,3.863703305156273,801.4880268704969,47.52342655966343,3289,0.049961179634931435,3140,136,13,0.9546974764366069,0.041349954393432656,0.003952569169960474,True,1938.0,24.837160856752256,0.7160220856668059,1942,140,0.06724303554274735,0.23582845781094,0.27718637277259645,0.339385483148181,-0.041357914961656445
230,267,34.692483370232985,34.752019529092614,1.0,24.7660229,2.0,781.4535900516696,81.08252119277219,2952,0.04484201954463898,2915,37,0,0.9874661246612466,0.012533875338753388,0.0,True,2146.0,26.136048204547198,0.7527175546907404,2151,91,0.040588760035682424,,0.3090169943749474,0.4,
237,263,33.74921981698591,35.54812880887022,3.0,74.2980687,4.0,884.0016942975201,15.303530400182556,4389,0.0666706042619988,4331,49,9,0.9867851446798815,0.011164274322169059,0.002050580997949419,True,1483.0,21.726793624705916,0.6270598819591561,1484,671,0.311368909512761,0.3090169943749474,0.28172904669025317,0.32449979983983984,0.027287947684694225
235,299,34.946886411801124,30.778044735322858,3.6855577202829677,91.27660689979977,4.685557720282968,454.8382918880761,58.97479991950583,2454,0.03727720730438484,1560,584,316,0.6356968215158925,0.23797881010594946,0.12876935615321924,True,722.0,15.159806655254442,0.46131068958655913,1942,477,0.19718892104175278,0.37923269873167065,0.20799159651347812,0.37019145587544516,0.17124110221819253
235,325,34.946886411801124,28.228606479485165,1.0,24.7660229,2.0,487.3528597829354,69.00737752692618,1745,0.02650722361293869,1337,2,408,0.766189111747851,0.001146131805157593,0.233810888252149,True,309.0,9.91754782346883,0.31396819777995727,1403,790,0.3602371181030552,0.39564392373895996,0.2612038749637414,0.35364100918857927,0.13444004877521853
235,329,34.946886411801124,26.471093397285866,1.0,24.7660229,2.0,493.2050224082035,57.55952234499562,1592,0.024183094551173866,1325,0,269,0.832286432160804,0.0,0.16896984924623115,True,355.0,10.630146264057032,0.34615747040524664,478,1079,0.6929993577392421,0.41421356237309503,0.28989794855663564,,0.12431561381645939
236,243,34.31988849973817,34.038354210100614,7.79385036540706,193.0226766288446,8.79385036540706,539.501490469719,26.267596010578213,5648,0.08579530026697864,3065,21,2569,0.5426699716713881,0.003718130311614731,0.4548512747875354,True,644.0,14.317526556719258,0.4188968583494187,718,1075,0.5995538204127161,0.3349814812274482,0.1856154626682773,0.46087296727040983,0.1493660185591709
234,312,34.56620180703997,36.24478883025076,3.6855577202829677,91.27660689979977,4.685557720282968,528.6792503998583,41.14875689337856,4918,0.07470631846901575,4084,32,805,0.8304188694591297,0.0065067100447336315,0.16368442456283042,True,1018.0,18.00109619259613,0.5084266165630037,1180,2304,0.661308840413318,0.36904443083571475,0.2508782393630533,0.3531607283058913,0.11816619147266144
235,239,34.946886411801124,35.56568969083513,6.330293345472711,156.77618995769478,7.330293345472711,507.3734471932091,33.20806292282454,6069,0.09219045278333805,4063,923,1102,0.6694677871148459,0.15208436315702753,0.18157851375844455,True,663.0,14.527197064122632,0.41204556313407775,822,1055,0.5620671283963772,0.3090169943749474,0.23845042223198504,0.32756034947555174,0.07056657214296236
235,258,34.946886411801124,34.64255862788785,1.0,24.7660229,2.0,498.2967701841211,48.927217659741544,3183,0.048350998716323125,2460,80,644,0.7728557964184731,0.025133521834747093,0.2023248507697141,True,801.0,15.967661658277217,0.45891044681188004,883,1077,0.5494897959183673,0.39352981872163206,0.2708131845707603,0.4057077327363875,0.12271663415087175
235,295,34.946886411801124,31.66488249704925,1.0,24.7660229,2.0,471.993498742695,85.72225815662573,2043,0.03103395864827149,1989,0,54,0.973568281938326,0.0,0.02643171806167401,True,1853.0,24.286379291663962,0.7291918437084818,1917,818,0.2990859232175503,0.4068781988545112,0.28989794855663564,,0.11698025029787557
239,325,35.56568969083513,28.228606479485165,3.1815405503520555,78.79410612729761,4.1815405503520555,520.0945290168877,55.9961644158253,4219,0.06408823863781567,3889,10,329,0.9217824128940507,0.002370229912301493,0.07798056411471913,True,907.0,16.991382132383997,0.5326928315666277,1000,752,0.4292237442922374,0.3430703308172536,0.28172904669025317,0.40342344011905673,0.061341284127000406
241,246,36.125303388342154,35.197060347528684,1.414213562373095,35.02444547122265,2.414213562373095,636.7664308872788,31.984716717800445,3456,0.052497974101040755,3439,17,0,0.9950810185185185,0.004918981481481482,0.0,True,3188.0,31.85548488335917,0.8932818043252201,3190,0,0.0,,0.29339977411634566,0.37268226712382524,
241,271,36.125303388342154,33.97470293029857,1.0,24.7660229,2.0,584.0005770487548,54.411955984005665,3106,0.04718133899242841,2650,139,322,0.8531873792659369,0.04475209272376046,0.10367031551835158,True,1763.0,23.68924501418361,0.675869982279424,1870,558,0.2298187808896211,0.39564392373895996,0.3030009569763247,0.392280956059262,0.09264296676263528
242,289,35.11354848262679,34.14987401789476,4.123105625617661,102.1129283431658,5.123105625617661,868.1473036053227,89.45677860688718,5347,0.08122299407357202,5162,185,0,0.9654011595287076,0.034598840471292316,0.0,True,1938.0,24.837160856752256,0.7171797165109833,1938,0,0.0,,0.27149702790318514,0.33333333333333337,
236,253,34.31988849973817,36.95071200079368,1.414213562373095,35.02444547122265,2.414213562373095,594.6695078502054,58.435854806634985,2670,0.04055833068569989,2574,96,0,0.9640449438202248,0.035955056179775284,0.0,True,3769.0,34.6368295464049,0.9719808533434883,3769,154,0.03925567167983686,,0.29339977411634566,0.37512260383954354,
236,266,34.31988849973817,34.97872006442841,4.196152422706632,103.92200699264292,5.196152422706632,592.1984297661716,61.66751225233589,4390,0.0666857946480234,4114,276,0,0.937129840546697,0.06287015945330296,0.0,True,3035.0,31.081674738787882,0.8970360410630183,3036,517,0.14551083591331268,,0.27669677546737487,0.29182567426912626,
236,272,34.31988849973817,33.78544111387506,8.16515138991168,202.21832630451948,9.16515138991168,540.1311548037922,28.765312235137014,5900,0.08962327754517953,4186,1,1722,0.7094915254237288,0.00016949152542372882,0.291864406779661,True,320.0,10.092530088080641,0.2963800379600041,608,1707,0.7373650107991361,0.31970559562136214,0.23392365820125377,0.30484544052339907,0.08578193742010837
237,255,33.74921981698591,35.92547553924652,1.0,24.7660229,2.0,937.0690414720436,59.055267310659524,3119,0.047378814010748296,3103,10,6,0.9948701506893235,0.0032061558191728116,0.0019236934915036871,True,1552.0,22.22649192646566,0.6380075811692082,1552,222,0.12514092446448705,0.4519745226940926,0.3090169943749474,0.4317713281142753,0.1429575283191452
243,272,34.038354210100614,33.78544111387506,1.0,24.7660229,2.0,505.22602376601395,88.98132876023003,2456,0.037307588076434056,1341,66,1056,0.5460097719869706,0.02687296416938111,0.42996742671009774,True,166.0,7.269074295019226,0.21435174072158159,174,1210,0.8742774566473989,0.4,0.21089672205953397,0.34514099850039526,0.18910327794046605
244,256,34.033683084531305,34.87133444730795,3.8989794855663558,96.56221522616659,4.898979485566356,597.2738002966823,75.72395549845243,3900,0.05924250549596613,3893,7,0,0.9982051282051282,0.0017948717948717949,0.0,True,1864.0,24.35835848013133,0.7070126197667956,1865,0,0.0,,0.27718637277259645,0.3333333333333333,
244,270,34.033683084531305,33.93515360543263,8.126822193908446,201.2690645585648,9.126822193908446,607.1682371213706,60.421170211609024,6593,0.10015021506023197,6566,27,0,0.9959047474594267,0.004095252540573335,0.0,True,1891.0,24.534139372995096,0.7219231803217762,1891,41,0.021221532091097308,,0.2674788903885893,0.4428098386487856,
244,294,34.033683084531305,31.65114622483413,10.051815009825805,248.94348071990962,11.051815009825805,571.325807397685,63.38123762497679,7394,0.11231771426594193,4900,18,2478,0.6626994860697863,0.002434406275358399,0.3351365972410062,True,1168.0,19.281751659604673,0.5870990870293837,1168,453,0.2794571252313387,0.33015069987258105,0.22241846975351037,0.24571914063492883,0.10773223011907068
248,269,34.8520185181369,35.61682581345766,1.0,24.7660229,2.0,555.4753576850555,31.294198175998783,5099,0.07745577833946957,3857,629,622,0.7564228280054913,0.1233575210825652,0.12198470288291823,True,433.0,11.740024732409271,0.33319759515754266,491,608,0.5532302092811647,0.3827822185373187,0.27792629762666365,0.37268226712382524,0.10485592091065504
248,271,34.8520185181369,33.97470293029857,1.0,24.7660229,2.0,544.6312183524709,57.438219940388784,2923,0.044401498349925385,2361,343,220,0.8077317824153267,0.11734519329456038,0.0752651385562778,True,485.0,12.424986712231869,0.36105124436416997,819,513,0.38513513513513514,0.39396243989911095,0.28989794855663564,0.39352981872163206,0.10406449134247531
249,252,32.49666107608434,35.21054470549252,1.0,24.7660229,2.0,531.6599423615628,40.87127954056988,2331,0.03540878982335822,1830,188,315,0.7850707850707851,0.08065208065208065,0.13513513513513514,True,392.0,11.170383851240114,0.3299614486315009,762,683,0.4726643598615917,0.40453726661826384,0.28989794855663564,0.4013498739246386,0.11463931806162819
249,258,32.49666107608434,34.64255862788785,1.0,24.7660229,2.0,513.1831330462446,75.85818774927768,3374,0.051252362447023005,2035,353,997,0.6031416716064019,0.1046235921754594,0.2954949614700652,True,695.0,14.873646859386387,0.4430688031516223,827,603,0.4216783216783217,0.4068781988545112,0.21712927295533246,0.4,0.18974892589917874
249,416,32.49666107608434,17.03941469191891,1.0,24.7660229,2.0,480.00141219498266,17.34591974525505,1430,0.02172225201518758,1162,268,0,0.8125874125874126,0.1874125874125874,0.0,True,206.0,8.097643889049511,0.326939256430967,260,0,0.0,,0.3090169943749474,0.4142135623730951,
250,326,38.41950974002072,28.396674494236546,1.0,24.7660229,2.0,603.4484407215888,68.11599816186246,1480,0.022481771316417914,1410,10,60,0.9527027027027027,0.006756756756756757,0.04054054054054054,True,391.0,11.156126814350138,0.33393486749368395,622,347,0.35810113519091846,0.40453726661826384,0.2612038749637414,0.3640636872340297,0.1433333916545224
254,293,36.52018858402313,32.15881020743967,2.1462643699419726,53.15443253543696,3.1462643699419726,442.2215006488871,34.803807529816396,3258,0.04949027766816863,2637,207,416,0.8093922651933702,0.06353591160220995,0.12768569674647023,True,925.0,17.159156293944243,0.4996915096577449,926,150,0.13940520446096655,0.41094162271764856,0.25000000000000006,0.40369821609784007,0.1609416227176485
244,307,34.033683084531305,33.98517876129603,1.0,24.7660229,2.0,598.5808445911811,72.43946176617199,2812,0.042715365501194036,2722,90,0,0.9679943100995733,0.032005689900426744,0.0,True,2689.0,29.256371681194732,0.8602429057842134,2689,0,0.0,,0.3090169943749474,0.392905387390447,
245,246,36.24969480404355,35.197060347528684,2.6502815398728847,65.63693330793913,3.6502815398728847,658.012922452056,73.20105589430042,4414,0.06705036391261397,4209,3,204,0.9535568645219755,0.0006796556411418215,0.046216583597643864,True,3048.0,31.14817062185505,0.8719268091538966,3052,306,0.09112567004169149,0.3550392228080413,0.27718637277259645,0.3660254037844387,0.07785285003544484
245,261,36.24969480404355,34.99809133386001,1.7320508075688772,42.89600996421431,2.732050807568877,647.3953865191152,89.4464012391351,3413,0.05184478750198267,3107,0,310,0.9103428069147378,0.0,0.09082918253735717,True,1083.0,18.566895452310956,0.5211922070497411,1313,718,0.3535204332840965,0.38072415612647104,0.27718637277259645,,0.10353778335387459
245,269,36.24969480404355,35.61682581345766,1.0,24.7660229,2.0,616.0912079461166,32.43398424923573,3539,0.05375877614108311,3167,109,267,0.8948855608929076,0.030799660921164172,0.07544504097202599,True,1805.0,23.96975895919152,0.6670632932618784,1903,579,0.23327961321514906,0.3827822185373187,0.3090169943749474,0.3797958971132712,0.0737652241623713
254,308,36.52018858402313,31.17790228842765,1.0,24.7660229,2.0,438.8457830503288,28.24791358726883,2538,0.038553199730451806,1462,970,107,0.5760441292356187,0.3821907013396375,0.042159180457052796,True,209.0,8.156394191823509,0.24096378750741673,232,122,0.3446327683615819,0.37268226712382524,0.23374546842324,0.39782196186948,0.13893679870058523
256,270,34.87133444730795,33.93515360543263,1.0,24.7660229,2.0,616.2067140892009,73.39929465584112,3104,0.047150958220379194,3097,7,0,0.9977448453608248,0.0022551546391752575,0.0,True,2143.0,26.117773375459546,0.759166006421956,2146,0,0.0,,0.30901699437494745,0.4142135623730951,
256,273,34.87133444730795,34.46580780458202,2.863703305156273,70.92254163430594,3.863703305156273,618.2602576787647,71.4236516873539,3253,0.04941432573804559,2805,448,0,0.8622809714110052,0.13771902858899476,0.0,True,1969.0,25.035018791602372,0.7221243327466377,2065,0,0.0,,0.2612038749637415,0.3696030018711294,
256,307,34.87133444730795,33.98517876129603,1.0,24.7660229,2.0,607.6193215590115,87.87477745766236,3057,0.04643701007722268,3038,19,0,0.9937847562970232,0.0062152437029767745,0.0,True,2545.0,28.46223217419441,0.8267113987595266,2545,0,0.0,,0.3090169943749474,0.4142135623730951,
262,323,36.34591029267852,30.89445563054656,1.0,24.7660229,2.0,559.4382754501007,85.00849920615545,5366,0.08151161140803954,4210,605,555,0.7845695117405889,0.11274692508386135,0.10342899739098024,True,906.0,16.982012745328934,0.5051136326271324,1007,695,0.4083431257344301,0.39564392373895996,0.2553967929896867,0.4,0.14024713074927325
263,282,35.54812880887022,36.683419029928984,1.0,24.7660229,2.0,819.222443437918,37.46687635072755,3248,0.04933837380792256,3194,54,0,0.9833743842364532,0.0166256157635468,0.0,True,1811.0,24.00956484151358,0.6647944162873617,1813,543,0.2304753820033956,,0.30383243470068705,0.35509943920534726,
258,265,34.64255862788785,36.05461459326985,1.0,24.7660229,2.0,523.7301209777236,87.50308585750221,859,0.013048541595137155,650,0,210,0.7566938300349243,0.0,0.24447031431897556,True,245.0,8.83096382707056,0.24982508987863458,398,1053,0.7257064093728464,0.4211646096066227,0.28989794855663564,,0.13126666104998708
258,295,34.64255862788785,31.66488249704925,3.2426406871192857,80.30731351366796,4.242640687119286,495.6584909675594,46.00866029144808,2273,0.03452774743393103,1829,30,418,0.8046634403871535,0.013198416190057193,0.18389793224813022,True,290.0,9.607802401865856,0.2897956017866153,499,662,0.570198105081826,0.3577747210701756,0.25428627101618895,0.42063227274896864,0.10348845005398666
259,261,34.08862500564362,34.99809133386001,1.0,24.7660229,2.0,656.786009785591,74.61506144292349,2991,0.04543444459959864,2990,1,0,0.9996656636576395,0.00033433634236041456,0.0,True,4077.0,36.024289111255406,1.0428716552173662,4137,173,0.04013921113689095,,0.3090169943749474,0.3333333333333333,
261,269,34.99809133386001,35.61682581345766,1.0,24.7660229,2.0,616.4608535880573,30.916889972249166,3091,0.04695348320205931,2676,243,173,0.8657392429634423,0.07861533484309285,0.05596894208993853,True,1487.0,21.756075031018273,0.6161892107196131,1510,413,0.21476859074362975,0.36602540378443865,0.2989350844248255,0.3827822185373187,0.06709031935961313
275,284,33.85640203978972,35.32685141397506,5.19114712955712,128.56406868788088,6.19114712955712,526.6075349660133,61.92670546325164,5073,0.07706082830282979,1454,1917,1704,0.286615414941849,0.3778829095209935,0.33589591957421644,False,3.0,0.9772050238058398,0.028249756263888537,66,805,0.9242250287026407,0.3305953784295673,0.12729683913915313,0.339056738914926,0.2032985392904142
231,321,34.500072863257465,27.524522576173496,1.414213562373095,35.02444547122265,2.414213562373095,982.420475472516,45.61314235712043,2366,0.03594045333421945,2343,23,0,0.9902789518174133,0.009721048182586645,0.0,True,1871.0,24.404052881639814,0.7869153424941293,1871,191,0.09262851600387972,,0.2989350844248255,0.34514099850039526,
232,421,35.312051806026176,19.801414371001805,1.414213562373095,35.02444547122265,2.414213562373095,331.36106926559694,71.81300031515633,1594,0.02421347532322308,1061,533,0,0.6656210790464241,0.3343789209535759,0.0,True,130.0,6.432750982580687,0.2334366327793022,207,0,0.0,,0.25,0.3827822185373187,
232,441,35.312051806026176,40.0082756823312,1.0,24.7660229,2.0,326.3834974948568,69.21060311987871,2911,0.0442192137176301,1487,1424,0,0.5108210237031948,0.48917897629680523,0.0,True,134.0,6.530966601401967,0.17341843348759972,170,0,0.0,,0.21089672205953397,0.36602540378443865,
232,446,35.312051806026176,22.542527753680595,4.123105625617661,102.1129283431658,5.123105625617661,327.71224917212606,61.291624972603636,257,0.003903929208323922,80,177,0,0.311284046692607,0.688715953307393,0.0,True,112.0,5.970821321441846,0.20640790640539947,113,0,0.0,,0.12736595377840193,0.30901699437494745,
289,320,34.14987401789476,27.640729586576867,8.222125139210444,203.62933948435153,9.222125139210444,867.4374384839298,89.42968711156934,6597,0.1002109766043304,6464,133,0,0.979839320903441,0.020160679096559043,0.0,True,1951.0,24.920324796129275,0.8066056436556919,1951,103,0.0501460564751704,,0.2692803301885514,0.2612038749637414,
268,286,34.94753798777513,33.39235957204234,1.7320508075688772,42.89600996421431,2.732050807568877,624.3671677639577,84.06802475655502,4527,0.06876687753339453,4496,31,0,0.9931521979235697,0.0068478020764303075,0.0,True,3340.0,32.60605802383755,0.9542319841874997,3355,0,0.0,,0.28989794855663564,0.3288130902060995,
270,294,33.93515360543263,31.65114622483413,3.0,74.2980687,4.0,590.2587211902037,6.009715188448839,3553,0.0539714415454276,3361,134,58,0.9459611595834506,0.0377146073740501,0.016324233042499296,True,1101.0,18.720555138359373,0.5708678546222914,1141,289,0.2020979020979021,0.3484148942525175,0.27792629762666365,0.38960549622588037,0.07048859662585383
270,317,33.93515360543263,30.08610870559266,2.1462643699419726,53.15443253543696,3.1462643699419726,650.3229425169231,41.751981667576416,3160,0.04800161983775717,3160,0,0,1.0,0.0,0.0,True,3795.0,34.75609325093207,1.0857671965942044,3795,0,0.0,,0.28989794855663564,,
273,307,34.46580780458202,33.98517876129603,1.0,24.7660229,2.0,619.5673019732635,70.74105243450283,6737,0.10233763064777533,6721,16,0,0.9976250556627579,0.0023749443372420957,0.0,True,3162.0,31.725318912709863,0.9269499390538961,3183,224,0.06574699148811271,,0.3090169943749474,0.3827822185373187,
287,301,35.431878132861556,35.507780098671546,3.6855577202829677,91.27660689979977,4.685557720282968,463.6282372368688,39.630302654287355,4240,0.06440723674433241,2503,1396,342,0.5903301886792452,0.3292452830188679,0.08066037735849056,True,163.0,7.203090409536582,0.20307654671882153,165,139,0.45723684210526316,0.37268226712382524,0.18151291824946006,0.3602425986153711,0.19116934887436518
287,332,35.431878132861556,34.05030096237162,1.0,24.7660229,2.0,493.28241928787634,87.88915405548833,11450,0.1739299199817467,8879,539,2056,0.7754585152838428,0.047074235807860264,0.17956331877729256,True,968.0,17.55346033766304,0.5052651072904331,1146,1540,0.573343261355175,0.41421356237309503,0.2553967929896867,0.4,0.15881676938340833
288,341,32.390212785829576,24.396169889881307,1.0,24.7660229,2.0,517.7960473026238,33.0972323105431,2709,0.04115075574065955,2472,143,94,0.9125138427464009,0.05278700627537837,0.034699150978220746,True,484.0,12.412170838050638,0.4371530727333921,502,521,0.509286412512219,0.4,0.2989350844248255,0.4,0.1010649155751745
265,287,36.05461459326985,35.431878132861556,1.7320508075688772,42.89600996421431,2.732050807568877,510.0027296430819,64.311656079796,4944,0.07510126850565552,2822,467,1659,0.5707928802588996,0.09445792880258899,0.33555825242718446,True,226.0,8.481629223064205,0.23729319762707574,465,1991,0.8106677524429967,0.375,0.21089672205953397,0.3827822185373187,0.16410327794046603
265,295,36.05461459326985,31.66488249704925,1.0,24.7660229,2.0,497.4268495362975,27.928463525965622,7629,0.11588745498172451,6632,2,1011,0.8693144579892516,0.00026215755669157164,0.13252064490758947,True,1243.0,19.89118368841965,0.5874581041820292,1307,1219,0.4825811559778306,0.40269974784927715,0.27429188517743175,0.3116548391159554,0.1284078626718454
265,329,36.05461459326985,26.471093397285866,1.0,24.7660229,2.0,518.638373201806,77.50636168355977,1761,0.026750269789332398,1310,0,454,0.7438955139125497,0.0,0.2578080636002271,True,230.0,8.556358677747903,0.2736909009983641,366,1793,0.8304770727188513,0.4195106216501436,0.28172904669025317,,0.1377815749598904
266,333,34.97872006442841,31.258738512821964,4.841619252963779,119.90765329198184,5.841619252963779,638.5456665389785,42.758853111509836,3914,0.05945517090031062,3826,87,3,0.9775166070516096,0.02222789984670414,0.0007664793050587634,True,2112.0,25.928179257714298,0.7828856908051565,2114,323,0.13254000820681167,0.3916982318703404,0.27718637277259645,0.34654620645552786,0.11451185909774397
295,329,31.66488249704925,26.471093397285866,2.6502815398728847,65.63693330793913,3.6502815398728847,490.56674319164176,47.2518877512184,7514,0.11414056058889474,5528,1,2009,0.7356933723715731,0.00013308490817141337,0.26736758051636944,True,727.0,15.212208493693998,0.5233320077517201,732,883,0.5467492260061919,0.4,0.23582845781094003,0.2801868778094689,0.16417154218906
297,324,36.17505317664497,24.30086770953325,1.0,24.7660229,2.0,394.6150475789293,44.7120638963464,3861,0.05865008044100647,3639,222,0,0.9425019425019425,0.057498057498057496,0.0,True,791.0,15.867675317177952,0.5247601056639556,791,0,0.0,,0.3090169943749474,0.39564392373895996,
293,309,32.15881020743967,31.15930792791533,1.414213562373095,35.02444547122265,2.414213562373095,380.5475819373254,27.083361669878897,2348,0.03566702638577653,1275,1073,0,0.543015332197615,0.456984667802385,0.0,True,374.0,10.910907269000948,0.3446377621544824,391,0,0.0,,0.21089672205953397,0.3797958971132712,
293,324,32.15881020743967,24.30086770953325,1.414213562373095,35.02444547122265,2.414213562373095,392.774146699414,50.733982000667254,1896,0.028800971902654304,1311,585,0,0.6914556962025317,0.30854430379746833,0.0,True,445.0,11.901592303208293,0.4215961812857042,449,0,0.0,,0.2553967929896867,0.3827822185373187,
295,299,31.66488249704925,30.778044735322858,1.8284271247461903,45.2828680424453,2.8284271247461903,452.2000126715144,58.57059523610177,2043,0.03103395864827149,2003,0,41,0.9804209495839452,0.0,0.020068526676456193,True,1371.0,20.890257393291662,0.6690992341070643,3159,785,0.19903651115618662,0.3516287047744073,0.28989794855663564,,0.06173075621777163
295,301,31.66488249704925,35.507780098671546,1.0,24.7660229,2.0,451.0523571300844,59.96297176959899,2426,0.03685187649569585,2228,2,203,0.9183841714756801,0.0008244023083264633,0.08367683429513603,True,1348.0,20.71428798138497,0.6167475630988183,1413,949,0.40177815410668927,0.4068781988545112,0.28989794855663564,0.40343909942725564,0.11698025029787557
304,318,36.45330032828756,31.73196327248236,1.0,24.7660229,2.0,571.264080149328,44.858206614985065,8266,0.12556373087939898,6443,440,1398,0.7794580208081296,0.05323009920154851,0.16912654246310185,True,252.0,8.95623198216277,0.26270286302923784,675,847,0.5565045992115637,0.3827822185373187,0.2612038749637414,0.4,0.12157834357357727
304,326,36.45330032828756,28.396674494236546,1.0,24.7660229,2.0,603.1932975500813,51.41322331158655,12452,0.18915068677840263,11639,224,598,0.934709283649213,0.017989078059749437,0.048024413748795375,True,2197.0,26.444788143333426,0.8155681853602957,2443,1700,0.41033067825247405,0.4068781988545112,0.3090169943749474,0.4270509831248423,0.09786120447956381
318,326,31.73196327248236,28.396674494236546,1.0,24.7660229,2.0,585.0365860105651,16.629685947905738,2855,0.04336855210025213,2758,87,10,0.9660245183887916,0.030472854640980734,0.0035026269702276708,True,66.0,4.583497844237541,0.15245640062627522,277,102,0.2691292875989446,0.35345082549553775,0.3090169943749474,0.40453726661826384,0.04443383112059035
324,338,24.30086770953325,26.168167856740794,1.0,24.7660229,2.0,347.7730395949747,26.99542706988287,2109,0.03203652412589553,2052,57,0,0.972972972972973,0.02702702702702703,0.0,True,1118.0,18.864528956575565,0.7475684345821657,1122,0,0.0,,0.3333333333333333,0.41421356237309503,
325,328,28.228606479485165,29.05803831316734,1.0,24.7660229,2.0,486.5920766169777,63.42129207501946,3776,0.0573588976289149,3681,1,98,0.9748411016949152,0.00026483050847457627,0.025953389830508475,True,2205.0,26.492891481211682,0.9249238309243629,2392,1024,0.2997658079625293,0.41421356237309503,0.2989350844248255,0.4852813742385704,0.11527847794826951
325,329,28.228606479485165,26.471093397285866,1.0,24.7660229,2.0,505.92610423188216,69.5365158967386,10154,0.15424317969385642,8507,146,1511,0.8377979121528462,0.014378570021666339,0.1488083513886153,True,2548.0,28.479002615897535,1.0412855163759875,2560,495,0.16202945990180032,0.41421356237309503,0.28172904669025317,0.41421356237309503,0.13248451568284186
277,279,33.40013673632612,35.64446856574113,1.0,24.7660229,2.0,671.8623568412975,83.40423870548543,2816,0.04277612704529247,2016,10,794,0.7159090909090909,0.0035511363636363635,0.2819602272727273,True,1220.0,19.706294962377495,0.5708279416230502,1506,842,0.358603066439523,0.38510405263005587,0.2572842744474721,0.2286497509725448,0.12781977818258378
278,285,57.06931329903934,61.042041869484365,18.469755917113876,457.4223980006527,19.469755917113876,1225.3355472330652,88.54054200807872,2298,0.034907507084546194,2113,185,0,0.9194952132288947,0.08050478677110531,0.0,True,1086.0,18.592593589803354,0.31483160214824496,1086,0,0.0,,0.16308953050448227,0.44836522827289294,
280,286,33.81754955360479,33.39235957204234,1.0,24.7660229,2.0,603.1790381531794,42.771402871009215,3698,0.05617404751899557,3502,175,21,0.9469983775013521,0.04732287723093564,0.005678745267712277,True,1610.0,22.637997189590404,0.6736505817101842,1962,98,0.04757281553398058,0.41421356237309503,0.3154754158606446,0.40453726661826384,0.09873814651245044
280,323,33.81754955360479,30.89445563054656,1.0,24.7660229,2.0,567.4404299220946,68.83891113484489,4037,0.061323588381337245,3451,319,269,0.8548427049789448,0.07901907356948229,0.0666336388407233,True,340.0,10.403141895720198,0.3215212344638653,623,298,0.32356134636264927,0.3797958971132712,0.3090169943749474,0.39564392373895996,0.07077890273832382
284,341,35.32685141397506,24.396169889881307,1.0,24.7660229,2.0,524.0722462426529,62.4203628513302,1426,0.021661490471089152,857,361,210,0.6009817671809257,0.25315568022440393,0.14726507713884993,True,129.0,6.407961869245868,0.21458934023594353,148,620,0.8072916666666666,0.40453726661826384,0.25,0.38742588672279304,0.15453726661826384
285,435,61.042041869484365,38.09354879990975,29.427877939124322,728.8114989387577,30.427877939124322,1223.644984538243,86.327329879749,3148,0.04781933520546189,1199,1949,0,0.3808767471410419,0.6191232528589581,0.0,True,349.0,10.539931227391522,0.21263667581385562,444,0,0.0,,0.0403034660769988,0.1649284179430896,
371,406,32.14880401892912,35.1279998847818,5.414213562373095,134.08853707122265,6.414213562373095,1215.9555952595008,79.82911988671125,87,0.0013215635841407828,57,30,0,0.6551724137931034,0.3448275862068966,0.0,True,5.0,1.2615662610100802,0.037503751302326464,5,0,0.0,,0.2857142857142857,0.43176557601269827,
371,445,32.14880401892912,29.1043329764232,88.10221336606703,2181.941433764702,89.10221336606703,1253.3713761111028,16.70584711430709,86,0.0013063731981161762,47,39,0,0.5465116279069767,0.45348837209302323,0.0,False,2.0,0.7978845608028654,0.02605203912620528,4,0,0.0,,0.011218065267466689,0.022211007437331065,
334,337,49.91889762711288,45.43784247088081,42.42106569301658,1050.601084395653,43.42106569301658,1226.3182275331183,67.53592127009158,462,0.007017958343368295,155,307,0,0.3354978354978355,0.6645021645021645,0.0,True,,,,0,0,,,0.1968304406471232,0.20582008566696544,
334,452,49.91889762711288,34.29602274657371,97.61542086836701,2417.5457486191153,98.61542086836701,1251.7382374832619,23.292218189353374,214,0.0032507426092658336,81,133,0,0.37850467289719625,0.6214953271028038,0.0,True,,,,0,0,,,0.0896852303722009,0.08985694648263935,
406,447,35.1279998847818,37.962858999469155,32.55764119219941,806.3232873359939,33.55764119219941,1220.2342149003744,73.07744805421666,653,0.009919322074068175,544,109,0,0.8330781010719756,0.1669218989280245,0.0,True,182.0,7.611333607551958,0.20827046565714905,211,0,0.0,,0.05559005914341855,0.12545921247009306,
292,310,59.46250142215923,60.33957932937884,27.035668847618197,669.5659937969289,28.035668847618197,1226.8666879307716,89.5863298064736,408,0.006197677498039534,63,345,0,0.15441176470588236,0.8455882352941176,0.0,True,,,,0,0,,,0.4534927947628635,0.4877252632729445,
293,308,32.15881020743967,31.17790228842765,9.273618495495704,229.67064802531016,10.273618495495704,409.87357894445313,84.7999164701716,5354,0.08132932677574427,1312,4042,0,0.24505042958535675,0.7549495704146433,0.0,False,78.0,4.982787485166879,0.1573427886864827,78,0,0.0,,0.09785171972967723,0.3142184082857886,
458,461,29.24401571972457,30.88653309819186,28.073972741361768,695.2806518065413,29.073972741361768,1216.9164737179208,44.36836995317766,286,0.004344450403037516,232,54,0,0.8111888111888111,0.1888111888111888,0.0,True,,,,0,0,,,0.19315208469998468,0.10121712581435105,
308,309,31.17790228842765,31.15930792791533,1.0,24.7660229,2.0,377.1718643387671,36.45399447321117,1315,0.01997535762235781,533,782,0,0.4053231939163498,0.5946768060836501,0.0,True,102.0,5.698035485213008,0.18281329772178836,104,0,0.0,,0.2402530733520421,0.3516287047744073,
308,407,31.17790228842765,19.667576904026934,1.0,24.7660229,2.0,405.66158326026346,88.41697424133626,581,0.008825614280296493,319,262,0,0.5490533562822719,0.4509466437177281,0.0,True,87.0,5.262410103554244,0.2069961847988712,116,0,0.0,,0.2553967929896867,0.3797958971132712,
309,338,31.15930792791533,26.168167856740794,1.0,24.7660229,2.0,335.546474832886,66.5417783020154,687,0.010435795198904802,678,9,0,0.9868995633187773,0.013100436681222707,0.0,True,403.0,11.32602684669552,0.39513432927835157,517,0,0.0,,0.3090169943749474,0.3516287047744073,
310,443,60.33957932937884,25.10563337598954,63.0,1560.2594427,64.0,1238.1031329838625,63.17419561616377,917,0.013929583984564344,491,426,0,0.5354416575790621,0.46455834242093785,0.0,True,20.0,2.5231325220201604,0.059058487705341875,60,0,0.0,,0.021443390264914024,0.07469883937508334,
421,441,19.801414371001805,40.0082756823312,1.0,24.7660229,2.0,316.8172132978288,76.4909875822239,1727,0.02623379666449577,1167,560,0,0.6757382744643892,0.3242617255356109,0.0,True,28.0,2.985410660720923,0.09983033378232849,117,0,0.0,,0.28172904669025317,0.40453726661826384,
441,446,40.0082756823312,22.542527753680595,1.0,24.7660229,2.0,313.1683932043579,87.49707417171834,3297,0.050082702723128286,2415,882,0,0.732484076433121,0.267515923566879,0.0,True,21.0,2.5854414729132054,0.0826669309070685,28,0,0.0,,0.3090169943749474,0.4270509831248423,
370,371,38.51743392797106,32.14880401892912,2.1462643699419726,53.15443253543696,3.1462643699419726,1214.790925037185,74.5249373767546,835,0.012683972330546594,560,275,0,0.6706586826347305,0.32934131736526945,0.0,True,14.0,2.111004122822376,0.059745762167461657,79,0,0.0,,0.16598134290845656,0.356789172325331,
370,447,38.51743392797106,37.962858999469155,29.829390832507748,738.755376450937,30.829390832507748,1219.0695446780585,69.70261549610184,2174,0.03302389921749496,802,1372,0,0.3689052437902484,0.6310947562097516,0.0,True,2.0,0.7978845608028654,0.02086510211355621,5,0,0.0,,0.2528959249240452,0.24858212924646425,
427,435,29.4810416657847,38.09354879990975,86.09878047916823,2132.324369009153,87.09878047916823,1254.5246732418393,19.455360286302763,318,0.004830542755824931,221,97,0,0.6949685534591195,0.3050314465408805,0.0,True,776.0,15.716503163191918,0.46516014540023604,897,0,0.0,,0.01145603868626172,0.025192934589461737,
429,435,27.748528412764156,38.09354879990975,90.38252043398657,2238.4155708278295,91.38252043398657,1254.2045055834528,29.053392631670043,54,0.0008202808453287618,49,5,0,0.9074074074074074,0.09259259259259259,0.0,False,4.0,1.1283791670955126,0.03427532103675221,144,0,0.0,,0.010880617865049992,0.02619343706343152,
