bead_a,bead_b,r_a_vox,r_b_vox,gap_vox,gap_um,dsum_min,z_mid,axis_dip_deg,lens_vox,lens_mm3,binder_vox,pore_vox,crack_vox,binder_frac,pore_frac,crack_frac,connected,bond_area_vox,r_bond_vox,r_bond_over_R,neck_binder_vox,neck_crack_vox,neck_severed,q_crack_med,q_binder_med,q_pore_med,dq_paired,cls
2,259,38.124781253291445,34.08862500564362,9.392304845413264,232.6100368852859,10.392304845413264,682.9764455099562,65.31104256729286,7125,0.1082315004253227,5938,132,1059,0.8334035087719298,0.0185263157894736,0.1486315789473684,True,2735.0,29.50555098134362,0.8171765468463235,2921,907,0.2369383490073145,0.3203772410170408,0.252015475778655,0.3802306873401831,0.0683617652383857,cohesive
4,81,37.78762103501022,35.51364896558651,2.6502815398728847,65.63693330793913,3.6502815398728847,770.4896434238673,51.78076895765379,4181,0.0635110039688806,4072,109,0,0.9739296818942836,0.0260703181057163,0.0,True,2387.0,27.56457324757103,0.7520899227897861,2388,278,0.1042760690172543,,0.2742918851774317,0.4014916240907943,,intact
4,167,37.78762103501022,35.24875845540225,1.0,24.7660229,2.0,802.1617190779382,77.89985143678727,3359,0.0510245066566539,3315,44,0,0.9869008633521882,0.0130991366478118,0.0,True,2364.0,27.431452220735256,0.7511722900869203,2446,102,0.0400313971742543,,0.3090169943749474,0.3272830287914421,,intact
4,210,37.78762103501022,34.608309513248216,1.0,24.7660229,2.0,819.8392373923034,46.65551888703273,3312,0.0503105585134973,3248,64,0,0.9806763285024156,0.0193236714975845,0.0,True,2998.0,30.89163379912116,0.8534080179694379,2998,0,0.0,,0.3090169943749474,0.3874258867227931,,intact
4,242,37.78762103501022,35.11354848262679,5.6332495807108,139.51318811729905,6.6332495807108,831.4743086986985,22.375279609778424,5924,0.0899878468097701,5792,132,0,0.9777177582714384,0.0222822417285617,0.0,True,2133.0,26.05676471149144,0.714851761196712,2133,0,0.0,,0.2742918851774318,0.2063099139372659,,intact
5,185,37.39409397547984,34.68573802823606,1.414213562373095,35.02444547122265,2.414213562373095,852.7699395992175,68.09201466087787,3090,0.0469382928160347,3041,49,0,0.9841423948220064,0.0158576051779935,0.0,True,1846.0,24.24046307097448,0.6726004319689542,1846,640,0.2574416733708769,,0.2898979485566356,0.4083069769263126,,intact
5,289,37.39409397547984,34.14987401789476,1.0,24.7660229,2.0,867.3017947837284,89.22550566098067,3137,0.0476522409591912,3105,12,21,0.9897991711826586,0.003825310806503,0.0066942939113803,True,1564.0,22.31225362870028,0.6237354246487007,1576,694,0.305726872246696,0.3333333333333333,0.3090169943749474,0.4034234401190567,0.0243163389583859,intact
5,320,37.39409397547984,27.640729586576867,1.414213562373095,35.02444547122265,2.414213562373095,866.9423707247234,89.7888549359051,2237,0.0339808935370451,2224,13,0,0.994188645507376,0.005811354492624,0.0,True,1220.0,19.70629496237749,0.6060228623077175,1220,166,0.1197691197691197,,0.2958163163244892,0.3228287342177362,,intact
5,322,37.39409397547984,35.40358484036005,1.0,24.7660229,2.0,875.4699094910967,76.33033307733531,3561,0.0540929646336244,3540,19,2,0.9941027801179444,0.0053355798932884,0.0005616399887672,True,3349.0,32.64995878756228,0.8970054902480777,3351,633,0.1588855421686747,0.2991226073198724,0.3090169943749474,0.3279344228724749,-0.009894387055075,intact
3,119,38.1572743999063,36.68093515788354,1.0,24.7660229,2.0,952.0822847620796,33.73748339630982,3924,0.0596070747605566,3835,89,0,0.9773190621814476,0.0226809378185525,0.0,True,3319.0,32.50339231901805,0.8686309443017615,3319,328,0.0899369344666849,,0.3008613653919205,0.414213562373095,,intact
3,150,38.1572743999063,34.74127587752717,1.414213562373095,35.02444547122265,2.414213562373095,1004.2578479857729,55.87192922490426,3178,0.0482750467862,3131,47,0,0.9852108244178728,0.0147891755821271,0.0,True,2191.0,26.4086531392399,0.724531641266808,2191,0,0.0,,0.2933997741163456,0.2933997741163456,,intact
3,178,38.1572743999063,35.00166422487947,3.1815405503520555,78.79410612729761,4.181540550352056,1006.4628790240844,52.95003719587767,4773,0.0725037124954477,4676,97,0,0.9796773517703752,0.0203226482296249,0.0,True,2043.0,25.50111953372801,0.6971429606029959,2045,168,0.0759150474469046,,0.2771863727725964,0.2933997741163456,,intact
3,193,38.1572743999063,34.34399097529891,2.23606797749979,55.37851073671648,3.23606797749979,1020.2866228996016,11.001373927060824,4072,0.0618552518921984,4032,40,0,0.9901768172888016,0.0098231827111984,0.0,True,2903.0,30.398249942908627,0.8385577764910173,2903,20,0.0068422853232979,,0.2801868778094689,0.3585701736362872,,intact
2,283,38.124781253291445,33.543259604694235,2.449489742783178,60.66411906308329,3.449489742783178,717.9593551194608,61.71079143771627,3838,0.0583007015624405,3813,25,0,0.9934861907243356,0.0065138092756644,0.0,True,1403.0,21.13264702577172,0.5897369810247016,1620,401,0.198416625432954,,0.2833003940990191,0.4189796981099955,,intact
3,19,38.1572743999063,37.52995471997314,7.547442467302883,186.92013298165568,8.547442467302883,974.2655728922952,78.01755784281445,7562,0.1148696991180758,7431,121,10,0.9826765405977256,0.0160010579211848,0.0013224014810896,True,2429.0,27.80601937603489,0.7347611928557591,2429,220,0.083050207625519,0.3259891711935034,0.2684174228519758,0.2795346469030054,0.0575717483415276,intact
3,36,38.1572743999063,36.76761244237651,2.23606797749979,55.37851073671648,3.23606797749979,969.603784895439,69.91710274771367,4027,0.0611716845210911,3864,163,0,0.9595232182766328,0.0404767817233672,0.0,True,2857.0,30.15644781513715,0.8049781343978963,2857,0,0.0,,0.2791745113185196,0.3524704450894247,,intact
3,44,38.1572743999063,36.38862987825694,1.0,24.7660229,2.0,966.2417850523808,63.170845286634105,3932,0.0597285978487535,3800,92,40,0.9664292980671414,0.0233977619532044,0.0101729399796541,True,2760.0,29.64009591528445,0.7952172879863216,2760,863,0.2382003864200938,0.3499800910645978,0.2989350844248255,0.4195106216501436,0.0510450066397722,intact
3,204,38.1572743999063,34.80228796220674,1.0,24.7660229,2.0,1001.2230029578864,60.70582128994507,4470,0.0679010255299919,4455,15,0,0.9966442953020134,0.0033557046979865,0.0,True,3282.0,32.321711688201184,0.88601714817811,3284,0,0.0,,0.3090169943749474,0.414213562373095,,intact
4,6,37.78762103501022,37.25878656814979,1.0,24.7660229,2.0,764.2570276284937,36.66660346434743,3491,0.0530296376119019,2934,280,279,0.8404468633629333,0.0802062446290461,0.0799197937553709,True,2486.0,28.130381743817548,0.7496796353682639,2955,146,0.0470815865849725,0.3761785115301142,0.2898979485566356,0.3726822671238252,0.0862805629734785,cohesive
4,35,37.78762103501022,36.57850803947399,1.0,24.7660229,2.0,775.6799035511693,60.288621474947405,3598,0.0546550089165349,3583,15,0,0.9958310172317956,0.0041689827682045,0.0,True,3414.0,32.96528403383568,0.8865671628764771,3422,141,0.0395733932079708,,0.304845440523399,0.3228287342177362,,intact
4,57,37.78762103501022,35.920850640183694,1.0,24.7660229,2.0,804.9139491335841,73.85529758809274,3278,0.0497940853886607,3128,150,0,0.9542403904820012,0.0457596095179987,0.0,True,2481.0,28.10207870642285,0.7625196417111553,2481,0,0.0,,0.303832434700687,0.3567891723253309,,intact
5,32,37.39409397547984,36.85493756031004,4.55269276785519,112.752093345366,5.55269276785519,828.9669004646048,19.528815292334087,5445,0.0827116519039834,4825,620,0,0.8861340679522498,0.1138659320477502,0.0,True,2629.0,28.928129749038145,0.7792190457082009,2629,202,0.0713528788413987,,0.2916309306731069,0.2171292729553324,,intact
5,76,37.39409397547984,35.97768508820217,1.0,24.7660229,2.0,851.3828758899325,65.19418424730881,3508,0.0532878741743203,3292,216,0,0.9384264538198404,0.0615735461801596,0.0,True,2358.0,27.39661861656249,0.7467889961557014,2358,20,0.0084104289318755,,0.3090169943749474,0.3585701736362872,,intact
5,110,37.39409397547984,36.12298610796072,1.8284271247461903,45.2828680424453,2.8284271247461903,837.1405800112835,38.78405929402901,3895,0.0591665535658431,3753,142,0,0.9635430038510912,0.0364569961489088,0.0,True,1853.0,24.28637929166396,0.6607003233561333,1853,6,0.0032275416890801,,0.2817290466902531,0.3244997998398398,,intact
5,119,37.39409397547984,36.68093515788354,1.0,24.7660229,2.0,893.9317019971667,39.08516723678383,5150,0.0782304880267245,4680,172,308,0.90873786407767,0.0333980582524271,0.0598058252427184,True,3494.0,33.34928398520971,0.9004190582272535,3497,454,0.1149076183244748,0.4014916240907943,0.303832434700687,0.339056738914926,0.0976591893901073,cohesive
7,180,37.32779083617935,34.46594178505902,1.0,24.7660229,2.0,1118.388266245229,39.72748583662049,3414,0.0518599778880072,3377,37,0,0.989162272993556,0.010837727006444,0.0,True,2953.0,30.6589154064643,0.8540833381156345,2953,0,0.0,,0.3090169943749474,0.3567891723253309,,intact
7,212,37.32779083617935,34.00397770543357,2.0,49.5320458,3.0,1110.353545068575,16.410900774384476,3385,0.0514194566932936,3329,56,0,0.9834564254062038,0.0165435745937961,0.0,True,3071.0,31.265470738026977,0.8766212131636016,3071,0,0.0,,0.2817290466902531,0.3174485500778986,,intact
8,17,37.96352159114911,37.55361251910914,1.0,24.7660229,2.0,996.1748356256544,34.91302512886468,3496,0.053105589542025,3453,43,0,0.987700228832952,0.012299771167048,0.0,True,4560.0,38.09846559899868,1.0090018920308417,4560,0,0.0,,0.2989350844248255,0.4,,intact
8,48,37.96352159114911,36.14797266019773,2.0,49.5320458,3.0,1026.2894228908217,87.83022187443751,3679,0.055885430184528,3638,41,0,0.988855667300897,0.011144332699103,0.0,True,2057.0,25.58834570424703,0.6905364940413952,2057,0,0.0,,0.2817290466902531,0.3126480851423008,,intact
6,92,37.25878656814979,37.29772584049016,1.0,24.7660229,2.0,721.5918821469752,70.3022357013638,3611,0.0548524839348547,3589,22,0,0.993907504846303,0.006092495153697,0.0,True,3348.0,32.64508384034771,0.8757138118645327,3379,435,0.1140534871525957,,0.3090169943749474,0.4330809334540098,,intact
6,259,37.25878656814979,34.08862500564362,1.0,24.7660229,2.0,699.9350849687137,16.80553647982957,3574,0.0542904396519443,3546,28,0,0.9921656407386682,0.0078343592613318,0.0,True,3826.0,34.89775959197357,0.9782487919937898,3833,143,0.0359657947686116,,0.3090169943749474,0.4436587476542384,,intact
7,77,37.32779083617935,35.594919349440815,1.0,24.7660229,2.0,1150.083434034931,84.02566642462348,3282,0.0498548469327591,3238,44,0,0.9865935405240708,0.0134064594759293,0.0,True,3784.0,34.70568554746418,0.9518484833907858,3784,0,0.0,,0.3090169943749474,0.369353835454132,,intact
7,107,37.32779083617935,35.75710289054902,1.0,24.7660229,2.0,1144.9974134085414,88.13850134216594,3185,0.0483813794883723,3180,5,0,0.998430141287284,0.0015698587127158,0.0,True,3406.0,32.926637732115786,0.9010518057324332,3406,0,0.0,,0.3090169943749474,0.3827822185373187,,intact
9,103,38.02927913163687,35.93700177135905,1.0,24.7660229,2.0,916.3008208751318,85.88928668503877,3526,0.0535613011227632,3480,46,0,0.9869540555870676,0.0130459444129325,0.0,True,2721.0,29.429937144107093,0.7957663082372192,2721,0,0.0,,0.304845440523399,0.3483314773547882,,intact
9,146,38.02927913163687,35.172376481356224,1.0,24.7660229,2.0,918.5079892401892,82.3561612772707,3691,0.0560677148168233,3641,50,0,0.9864535356272012,0.0135464643727987,0.0,True,3188.0,31.85548488335917,0.8703487541804973,3188,0,0.0,,0.3090169943749474,0.3310732117697164,,intact
9,198,38.02927913163687,34.74022092776492,1.0,24.7660229,2.0,948.4639946139072,18.850552685039077,3565,0.0541537261777228,3513,52,0,0.985413744740533,0.014586255259467,0.0,True,3949.0,35.454276759508005,0.974426833510376,3949,0,0.0,,0.3090169943749474,0.4142135623730951,,intact
9,210,38.02927913163687,34.608309513248216,1.0,24.7660229,2.0,879.4309458193034,18.555845571743475,3743,0.0568576148901028,3716,27,0,0.9927865348650816,0.0072134651349185,0.0,True,3157.0,31.70022571973624,0.8728325460999035,3157,0,0.0,,0.3090169943749474,0.4142135623730951,,intact
8,127,37.96352159114911,35.13554343686632,6.28538328578604,155.6639463910543,7.28538328578604,1029.7014488008745,87.308438859763,5396,0.0819673229887777,4971,425,0,0.9212379540400296,0.0787620459599703,0.0,True,1882.0,24.47568601281472,0.669657977251401,1882,0,0.0,,0.2588283628687876,0.3780780313179009,,intact
8,180,37.96352159114911,34.46594178505902,10.06225774829855,249.2021058200643,11.06225774829855,1059.1690995556237,41.72613375758128,8333,0.1265814867430476,6045,110,2181,0.7254290171606864,0.0132005280211208,0.2617304692187687,True,950.0,17.38949084575512,0.4801772658574542,953,910,0.4884594739667203,0.3232117085825545,0.2334837886975944,0.4481591494910178,0.08972791988496,cohesive
8,212,37.96352159114911,34.00397770543357,9.392304845413264,232.6100368852859,10.392304845413264,1051.1343783789694,55.68394010766531,8571,0.130196798616904,8162,174,238,0.9522809473807023,0.0203010150507525,0.0277680550694201,True,1426.0,21.30516129246821,0.5920772988003452,1427,258,0.1531157270029673,0.3841980121139594,0.2594349101486891,0.2777518567624034,0.1247631019652703,cohesive
9,82,38.02927913163687,35.64309057811344,1.0,24.7660229,2.0,908.082393082358,81.36399023185392,3825,0.0581032265441206,3661,164,0,0.957124183006536,0.042875816993464,0.0,True,3172.0,31.77544585013693,0.8626150068288503,3172,0,0.0,,0.304845440523399,0.387425886722793,,intact
8,84,37.96352159114911,35.88164534512529,3.7320508075688767,92.42805576421428,4.732050807568877,1059.563449547242,36.22779028455144,5110,0.0776228725857402,4963,147,0,0.9712328767123288,0.0287671232876712,0.0,True,1789.0,23.86328532249492,0.6463059483117706,1789,225,0.1117179741807348,,0.2771863727725964,0.2843646522044218,,intact
8,97,37.96352159114911,36.24933144411565,1.0,24.7660229,2.0,1016.2013224054938,71.90454345280217,3582,0.0544119627401412,3518,64,0,0.9821328866554996,0.0178671133445002,0.0,True,4173.0,36.4459484036972,0.9822004386862384,4173,321,0.0714285714285714,,0.3090169943749474,0.3538893678645229,,intact
8,109,37.96352159114911,35.273399530514254,3.1815405503520555,78.79410612729761,4.181540550352056,1060.4488442968425,32.297712587037466,4507,0.0684630698129024,4453,54,0,0.9880186376747282,0.0119813623252718,0.0,True,2050.0,25.544769849751454,0.6975926748017088,2050,0,0.0,,0.2817290466902531,0.2402530733520421,,intact
8,114,37.96352159114911,35.708739722130034,1.0,24.7660229,2.0,1030.9527703330514,85.13864222093328,3386,0.0514346470793182,3341,45,0,0.9867099822799764,0.0132900177200236,0.0,True,2706.0,29.34870613865861,0.7967369431992342,2706,0,0.0,,0.3090169943749474,0.3266316347104093,,intact
9,218,38.02927913163687,35.167744397611905,8.22446323827975,203.68724489944444,9.22446323827975,881.5578179389595,39.693353218096895,7312,0.1110721026119241,6729,583,0,0.9202680525164114,0.0797319474835886,0.0,True,2893.0,30.345848162964675,0.8291552497579027,2893,0,0.0,,0.2642788416911127,0.3155266322090722,,intact
10,17,37.26847172235991,37.55361251910914,2.863703305156273,70.92254163430594,3.863703305156273,938.7257157222688,49.01648930302116,5030,0.0764076417037717,4961,69,0,0.9862823061630218,0.0137176938369781,0.0,True,3690.0,34.27190511217881,0.9160906291135928,3690,160,0.0415584415584415,,0.2771863727725964,0.3516287047744073,,intact
10,50,37.26847172235991,36.056206151739175,7.840676900366725,194.1823836659833,8.840676900366725,938.169914889711,52.55940597190584,6686,0.1015629209605204,6059,627,0,0.9062219563266528,0.0937780436733472,0.0,True,2355.0,27.379185195378387,0.746793194029147,2355,0,0.0,,0.2640379757271236,0.3041291760771312,,intact
10,63,37.26847172235991,35.60295694253179,1.0,24.7660229,2.0,898.881403768147,67.82339080518311,3304,0.0501890354253005,3286,18,0,0.99455205811138,0.0054479418886198,0.0,True,2230.0,26.64265463856508,0.7312236119614075,2230,367,0.1413169041201386,,0.3090169943749474,0.4401340257325756,,intact
10,138,37.26847172235991,35.141666161293315,2.146264369941973,53.15443253543696,3.146264369941973,883.6092928802211,38.58904130342182,4081,0.0619919653664199,3732,339,10,0.914481744670424,0.0830678755207057,0.0024503798088703,True,2214.0,26.546903548453862,0.7332372047435888,2215,686,0.2364701826956222,0.3422031778902925,0.2742918851774317,0.3797958971132712,0.0679112927128607,intact
10,208,37.26847172235991,34.30826400849537,1.0,24.7660229,2.0,894.0389486408608,59.06698354148711,3095,0.0470142447461577,3063,32,0,0.9896607431340873,0.0103392568659127,0.0,True,1656.0,22.959119571977435,0.6415246333196563,1658,398,0.193579766536965,,0.3090169943749474,0.4380497392704112,,intact
10,209,37.26847172235991,34.12699972576709,9.770329614269007,241.9722069675344,10.770329614269007,909.0145418514566,84.58934076657256,8179,0.1242421672952582,3711,292,4183,0.4537229490157721,0.0357011859640542,0.511431715368627,True,2.0,0.7978845608028654,0.0223511252077822,523,754,0.5904463586530931,0.3,0.1820021359817107,0.463470479111575,0.1179978640182892,cohesive
10,231,37.26847172235991,34.500072863257465,1.414213562373095,35.02444547122265,2.414213562373095,936.231466177088,51.05345046975462,3198,0.0485788545066922,3112,86,0,0.9731081926203876,0.0268918073796122,0.0,True,2723.0,29.44075101077522,0.820436060972462,2724,60,0.021551724137931,,0.2973757003746574,0.3090169943749474,,intact
10,303,37.26847172235991,35.494141691078184,1.7320508075688772,42.89600996421431,2.732050807568877,922.752595379756,74.88386215385545,3681,0.0559158109565772,3465,216,0,0.941320293398533,0.0586797066014669,0.0,True,4626.0,38.373187689925054,1.054750122068544,4626,199,0.0412435233160621,,0.2898979485566356,0.3567891723253309,,intact
11,29,37.437579088509445,36.480168784002366,8.018397960625059,198.5838275141535,9.01839796062506,1082.4074761178313,79.00313824846687,7648,0.116176072316192,5915,1668,65,0.7734048117154811,0.2180962343096234,0.0084989539748953,True,1097.0,18.68651773722484,0.5056030053689958,1105,484,0.3045940843297671,0.398629343471749,0.2393461226828726,0.325813820780599,0.1592832207888763,intact
11,51,37.437579088509445,36.15077387506734,5.0,123.8301145,6.0,1091.413146038872,88.51184311171801,5846,0.0888029966998507,5697,149,0,0.974512487170715,0.0254875128292849,0.0,True,1271.0,20.113971893676243,0.5466618312175524,1277,352,0.2160834868017188,,0.2742918851774317,0.3632995963024343,,intact
11,65,37.437579088509445,35.67394450600643,5.741657386773941,142.19801832479757,6.741657386773941,1064.26656322284,49.78710188160301,5859,0.0890004717181706,5344,310,208,0.9121010411332992,0.0529100529100529,0.0355009387267451,True,981.0,17.670936544119517,0.4833967526685498,982,562,0.3639896373056995,0.3638926188203999,0.264908564940645,0.3390005005807729,0.0989840538797549,cohesive
11,178,37.437579088509445,35.00166422487947,1.0,24.7660229,2.0,1060.0958435534908,34.69570553959809,3306,0.0502194161973497,3264,42,0,0.9872958257713248,0.0127041742286751,0.0,True,2056.0,25.582125126616702,0.7063056972017919,2056,71,0.0333803479078514,,0.3090169943749474,0.3629003269703467,,intact
11,193,37.437579088509445,34.34399097529891,1.0,24.7660229,2.0,1073.9195874290083,62.98054108873823,3145,0.047773764047388,3105,40,0,0.9872813990461048,0.012718600953895,0.0,True,2203.0,26.480873838732943,0.73781818411588,2203,0,0.0,,0.3090169943749474,0.3794803650337164,,intact
12,21,36.956015024628776,38.3501073562135,11.04536101718726,273.549663890427,12.04536101718726,645.7436586218319,85.60896494427446,10616,0.1612611380372247,10336,280,0,0.9736247174076864,0.0263752825923134,0.0,True,3470.0,33.23454986994338,0.8826520027646033,3471,606,0.1486387049300956,,0.2612038749637414,0.3440927475428355,,intact
12,147,36.956015024628776,35.588700283162204,2.0,49.5320458,3.0,676.8911889028375,24.227873491622685,3702,0.056234809063094,3609,34,59,0.9748784440842788,0.0091842247433819,0.0159373311723392,True,3536.0,33.549124542167775,0.924922632884459,3573,1265,0.2614716825134353,0.3613020955135854,0.2817290466902531,0.3776904959776587,0.0795730488233322,intact
12,250,36.956015024628776,38.41950974002072,1.0,24.7660229,2.0,616.1676542468219,46.34375541264024,3882,0.0589690785475232,3838,42,2,0.988665636269964,0.0108191653786707,0.0005151983513652,True,4482.0,37.77121800889865,1.0022143959019716,4537,510,0.1010501287893798,0.3273509348149655,0.3090169943749474,0.3660254037844386,0.0183339404400181,intact
12,326,36.956015024628776,28.396674494236542,1.0,24.7660229,2.0,629.6850169365514,66.45023257468952,3360,0.0510396970426785,3210,4,148,0.9553571428571428,0.0011904761904761,0.044047619047619,True,1462.0,21.57241418109485,0.6601844343335724,1951,1005,0.3399864682002706,0.3779872043216927,0.3090169943749474,0.390472447501742,0.0689702099467453,intact
13,16,37.9581097487636,36.83060803692901,1.0,24.7660229,2.0,717.1201928915208,89.55742324017731,3148,0.0478193352054618,2835,130,187,0.900571791613723,0.0412960609911054,0.059402795425667,True,1958.0,24.96499062983726,0.6676138157997183,1959,433,0.1810200668896321,0.3827822185373187,0.2857142857142857,0.387425886722793,0.097067932823033,intact
13,22,37.9581097487636,37.84815851732274,3.898979485566356,96.5622152261666,4.898979485566356,685.1501256950273,38.12145193418184,5598,0.0850357809657483,4800,798,0,0.857449088960343,0.142550911039657,0.0,True,2276.0,26.916041702938184,0.710127073092706,2278,43,0.0185264971994829,,0.269128646713734,0.3090169943749474,,intact
13,23,37.9581097487636,36.99815199889097,4.449489742783178,110.1961648630833,5.449489742783178,748.2515233978045,39.2812375820343,5302,0.0805394267024647,4294,110,902,0.8098830629950962,0.0207468879668049,0.1701244813278008,True,1112.0,18.81384047546846,0.5019951645616094,1113,959,0.4628378378378378,0.3501310200931333,0.2519346108270446,0.2790565877180663,0.0981964092660887,cohesive
13,25,37.9581097487636,37.37792471159302,3.414213562373095,84.55649127122264,4.414213562373095,714.9070847001484,87.24423958860079,5709,0.0867219138144796,5604,95,10,0.9816079873883342,0.0166403923629357,0.00175162024873,True,1976.0,25.079480359432697,0.6658030393842946,1976,384,0.1627118644067796,0.4366207073508286,0.2785504044725916,0.3364707442038019,0.1580703028782369,intact
13,131,37.9581097487636,35.94414801937112,1.0,24.7660229,2.0,711.6453957077531,81.99086907668712,3538,0.0537435857550585,3516,22,0,0.9937817976257772,0.0062182023742227,0.0,True,1765.0,23.702678100045794,0.6414601885212213,1769,611,0.2567226890756302,,0.3090169943749474,0.3915349052308766,,intact
13,179,37.9581097487636,34.45441565467942,9.86645922562615,244.35295512377348,10.86645922562615,750.705809051972,35.72611047303841,8809,0.1338121104907604,2385,104,6339,0.2707458281303213,0.0118061073901691,0.7196049494834827,False,11.0,1.8712051592547776,0.0516818091574474,138,1570,0.9192037470725996,0.3189369804511973,0.1047778297960768,0.4332788150412326,0.2141591506551204,cohesive
11,70,37.437579088509445,37.30521804270981,1.0,24.7660229,2.0,1123.7245874409516,34.09744084504926,3641,0.0553081955155929,3520,121,0,0.9667673716012084,0.0332326283987915,0.0,True,1941.0,24.85637723166306,0.6651176617868593,1944,703,0.2655836796373252,,0.3015154223219414,0.392280956059262,,intact
11,93,37.437579088509445,35.476889250593025,1.0,24.7660229,2.0,1085.8194360958298,82.9344330219473,3203,0.0486548064368152,3169,34,0,0.9893849516078675,0.0106150483921323,0.0,True,2404.0,27.66255531193445,0.7587672499588017,2404,0,0.0,,0.3090169943749474,0.3851040526300558,,intact
11,150,37.437579088509445,34.74127587752717,1.0,24.7660229,2.0,1057.8908125151795,25.426647788696187,3308,0.0502497969693989,3169,139,0,0.9579806529625152,0.0420193470374848,0.0,True,1577.0,22.404791686419177,0.6208131646577556,1581,0,0.0,,0.3090169943749474,0.3874258867227931,,intact
11,172,37.437579088509445,37.708709508631,1.0,24.7660229,2.0,1127.4569685086494,22.518252280936235,3637,0.0552474339714945,3618,19,0,0.9947759142150124,0.0052240857849876,0.0,True,2497.0,28.19254840912622,0.7503377461598026,2502,0,0.0,,0.3090169943749474,0.3660254037844386,,intact
13,217,37.9581097487636,35.43707512359517,2.4641016151377544,61.02599702842861,3.4641016151377544,689.5454259765775,45.52847751006109,3942,0.0598805017089996,3864,78,0,0.9802130898021308,0.0197869101978691,0.0,True,2317.0,27.15739321598896,0.7400320133594118,2317,29,0.0123614663256607,,0.2801868778094689,0.3499800910645977,,intact
13,333,37.9581097487636,31.258738512821964,1.0,24.7660229,2.0,691.9613809180908,47.06485040410818,2429,0.0368974476537696,2408,21,0,0.9913544668587896,0.0086455331412103,0.0,True,2915.0,30.461013086004705,0.8801618060067079,2917,2,0.000685166152792,,0.3090169943749474,0.439607805437114,,intact
14,15,37.09943455106695,37.170298383798624,9.071067811865476,224.65427315611325,10.071067811865476,935.4452939915006,56.75450827736044,8417,0.1278574791691145,7372,117,930,0.8758465011286681,0.013900439586551,0.1104906736366876,True,1278.0,20.16928443308995,0.5431360430709608,1279,518,0.2882582081246522,0.3314643584960202,0.2586614385690867,0.1820021359817107,0.0728029199269334,cohesive
14,27,37.09943455106695,37.01343492231761,1.0,24.7660229,2.0,922.5572009410592,2.1670641142516858,3902,0.0592728862680153,3515,387,0,0.9008200922603792,0.0991799077396207,0.0,True,2504.0,28.2320377409108,0.7618660009122842,2505,0,0.0,,0.2898979485566356,0.414213562373095,,intact
14,321,37.09943455106695,27.524522576173496,1.0,24.7660229,2.0,981.9823533164192,43.72914087022113,2474,0.0375810150248769,2473,0,1,0.9995957962813258,0.0,0.0004042037186742,True,1750.0,23.60174359706574,0.7304332525040339,1753,751,0.2999201277955272,0.3228287342177362,0.3090169943749474,,0.0138117398427888,intact
15,27,37.170298383798624,37.01343492231761,1.0,24.7660229,2.0,899.2960570439254,69.57560093747392,3701,0.0562196186770693,3674,27,0,0.992704674412321,0.007295325587679,0.0,True,2443.0,27.88603686340174,0.7518100160403389,2443,212,0.07984934086629,,0.3090169943749474,0.3827822185373187,,intact
15,148,37.170298383798624,35.77408618257428,1.0,24.7660229,2.0,899.0053749387235,68.753043473156,3619,0.0549740070230516,3442,23,155,0.9510914617297596,0.0063553467808786,0.0428295109146173,True,1813.0,24.022818811521944,0.6586612240086367,1813,699,0.278264331210191,0.3660254037844386,0.303832434700687,0.3451409985003952,0.0621929690837516,intact
15,205,37.170298383798624,34.86531279291435,6.6212327846342935,163.98160277048368,7.621232784634293,918.5342591410496,80.86691535080935,6682,0.1015021594164219,6471,211,0,0.968422627955702,0.0315773720442981,0.0,True,1241.0,19.875174684869677,0.5518152580426704,1241,178,0.1254404510218463,,0.2711923793731366,0.2653311931459037,,intact
14,71,37.09943455106695,35.62322318948888,3.1815405503520555,78.79410612729761,4.181540550352056,940.361346320743,61.55961194463188,4790,0.0727619490578661,4661,129,0,0.9730688935281836,0.0269311064718162,0.0,True,2463.0,27.99995088693329,0.7700475135775554,2463,17,0.0068548387096774,,0.2742918851774317,0.3299230723708768,,intact
14,85,37.09943455106695,35.83795564687584,1.0,24.7660229,2.0,991.4334995387,29.40662318582443,3408,0.0517688355718596,3406,2,0,0.999413145539906,0.0005868544600938,0.0,True,3843.0,34.97520396801579,0.9590473109360655,3857,539,0.1226114649681528,,0.2989350844248255,0.4370648079258189,,intact
14,124,37.09943455106695,35.27678898369645,1.0,24.7660229,2.0,975.920452438436,61.1756049349134,4040,0.061369159539411,4006,34,0,0.9915841584158416,0.0084158415841584,0.0,True,3217.0,32.00004537267493,0.8842695517901629,3231,1,0.000309405940594,,0.3090169943749474,0.2916488613364906,,intact
14,205,37.09943455106695,34.86531279291435,1.0,24.7660229,2.0,941.7954030381836,62.38240773750648,3832,0.0582095592462928,3792,35,5,0.9895615866388308,0.0091336116910229,0.0013048016701461,True,2731.0,29.48396681533766,0.8194002731478642,2750,649,0.1909385113268608,0.4387496113528984,0.3090169943749474,0.3483314773547883,0.129732616977951,intact
15,208,37.170298383798624,34.30826400849537,1.0,24.7660229,2.0,893.6908986113701,59.2537873195276,3116,0.0473332428526744,3102,4,11,0.9955070603337612,0.0012836970474967,0.0035301668806161,True,2060.0,25.60699837034026,0.7164944988625265,2060,286,0.1219096334185848,0.2708131845707603,0.3090169943749474,0.4318516525781365,-0.038203809804187,intact
15,209,37.170298383798624,34.12699972576709,1.414213562373095,35.02444547122265,2.414213562373095,908.666491821966,84.55029131220888,3329,0.0505687950759157,3283,36,10,0.986182036647642,0.0108140582757584,0.0030039050765995,True,1453.0,21.5059123178964,0.6032742582993064,1454,624,0.300288739172281,0.380724156126471,0.2898979485566356,0.4530624961333702,0.0908262075698354,intact
15,220,37.170298383798624,35.02503242869986,7.944271909999159,196.74802004686592,8.94427190999916,872.4137802366489,5.224218055314667,8817,0.1339336335789572,6955,24,1868,0.7888170579562209,0.002722014290575,0.2118634456164228,True,3.0,0.9772050238058398,0.0270711419369704,1339,665,0.3318363273453094,0.236306813464682,0.2874819881360409,0.3073422292734756,-0.0511751746713588,mixed
15,225,37.170298383798624,34.56866590278551,1.0,24.7660229,2.0,941.1376811638296,37.11034623129365,3305,0.0502042258113251,3282,23,0,0.9930408472012104,0.0069591527987897,0.0,True,1709.0,23.323627408447816,0.6502359670338747,1709,225,0.1163391933815925,,0.3090169943749474,0.414213562373095,,intact
15,231,37.170298383798624,34.500072863257465,2.4641016151377544,61.02599702842861,3.4641016151377544,935.8834161475974,51.05997336654337,4094,0.0621894403847398,3885,209,0,0.9489496824621396,0.0510503175378602,0.0,True,2233.0,26.66056968349335,0.7439774405965128,2233,233,0.0944849959448499,,0.2801868778094689,0.3660254037844386,,intact
15,237,37.170298383798624,33.74921981698591,7.547442467302883,186.92013298165568,8.547442467302883,915.3133425915878,85.53147600870861,6026,0.0915372661842799,3937,49,2043,0.6533355459674742,0.0081314304679721,0.3390308662462661,True,558.0,13.327299669871431,0.3758429275320148,559,466,0.4546341463414634,0.3228287342177362,0.2231098489254858,0.4045372666182638,0.0997188852922503,cohesive
15,255,37.170298383798624,35.92547553924652,1.0,24.7660229,2.0,933.9398489748226,54.34152277836667,3487,0.0529688760678035,3408,57,23,0.9773444221393748,0.0163464295956409,0.0065959277315744,True,1485.0,21.74143925739345,0.5948754104521208,1485,405,0.2142857142857142,0.3483314773547882,0.3090169943749474,0.3874258867227931,0.0393144829798408,intact
16,23,36.83060803692901,36.99815199889097,2.146264369941973,53.15443253543696,3.146264369941973,748.550049506255,34.79090818750194,4544,0.0690251140958128,4108,69,371,0.904049295774648,0.0151848591549295,0.0816461267605633,True,1939.0,24.84356796658584,0.6730051528572963,1940,436,0.1835016835016835,0.3660254037844386,0.2791745113185196,0.414213562373095,0.086850892465919,cohesive
17,103,37.55361251910914,35.93700177135905,1.0,24.7660229,2.0,941.7692667288834,52.28453033240567,3560,0.0540777742475998,3532,24,4,0.9921348314606742,0.0067415730337078,0.0011235955056179,True,2487.0,28.13603893477345,0.7657042795578516,2487,293,0.1053956834532374,0.4436587476542384,0.3090169943749474,0.3283737565392872,0.134641753279291,intact
17,191,37.55361251910914,34.925827427854074,1.0,24.7660229,2.0,966.8680876336308,86.37955644045955,3379,0.051328314377146,3278,101,0,0.9701094998520272,0.0298905001479727,0.0,True,2034.0,25.44488766919261,0.7021270497623021,2034,0,0.0,,0.3090169943749474,0.3797958971132712,,intact
17,209,37.55361251910914,34.12699972576709,1.0,24.7660229,2.0,934.8600074203772,35.026133058407204,3375,0.0512675528330476,3354,21,0,0.9937777777777778,0.0062222222222222,0.0,True,2045.0,25.51359867297932,0.7118688826434527,2045,249,0.1085440278988666,,0.3090169943749474,0.3956439237389599,,intact
17,225,37.55361251910914,34.56866590278551,1.0,24.7660229,2.0,967.3311967622408,85.63473894427591,3284,0.0498852277048084,3122,162,0,0.9506699147381242,0.0493300852618757,0.0,True,2142.0,26.11167892353304,0.7240946762881563,2142,0,0.0,,0.3090169943749474,0.387425886722793,,intact
16,69,36.83060803692901,35.54800286176792,1.0,24.7660229,2.0,729.740106777612,70.26213825890807,3332,0.0506143662339895,3299,33,0,0.9900960384153662,0.0099039615846338,0.0,True,2297.0,27.039929891998003,0.7471801283902456,2301,154,0.0627291242362525,,0.304845440523399,0.4270509831248423,,intact
16,90,36.83060803692901,35.56323598646882,8.288221436384907,205.2662818937795,9.288221436384909,740.8348551078517,55.539708894908856,7736,0.1175128262863574,7502,140,94,0.969751809720786,0.0180972078593588,0.0121509824198552,True,1627.0,22.7572007246284,0.6287054108433096,1631,339,0.1720812182741116,0.3683143208792159,0.2642788416911127,0.3658111204080464,0.1040354791881031,intact
16,129,36.83060803692901,35.38954829840609,8.061187436893428,199.6435526632949,9.061187436893428,727.6507732823165,75.48090650420626,7491,0.1137911817103287,7284,38,171,0.97236684020825,0.0050727539714323,0.0228273928714457,True,1535.0,22.104426599487237,0.6121400927699797,1549,633,0.2901008249312557,0.3217311600325895,0.2653311931459037,0.3310104171252223,0.0563999668866858,intact
16,186,36.83060803692901,35.70106187281894,7.639192214932638,189.19240933252345,8.639192214932638,701.7720942799483,67.48373336150301,6916,0.1050567097461799,6822,94,0,0.9864083285135916,0.0135916714864083,0.0,True,2247.0,26.744014550081623,0.7374437837529324,2247,0,0.0,,0.2688982385382165,0.2505244796224848,,intact
16,217,36.83060803692901,35.43707512359517,1.0,24.7660229,2.0,689.8439520850281,41.36086950049577,3290,0.049976370020956,3249,41,0,0.9875379939209726,0.0124620060790273,0.0,True,3150.0,31.665061842335643,0.8763270235742802,3150,5,0.0015847860538827,,0.3090169943749474,0.4142135623730951,,intact
16,267,36.83060803692901,34.752019529092614,1.414213562373095,35.02444547122265,2.414213562373095,746.739506709378,37.716852731685215,3345,0.0508118412523094,3117,203,27,0.9318385650224216,0.0606875934230194,0.0080717488789237,True,1715.0,23.36453412343591,0.6527990077449024,1717,553,0.2436123348017621,0.2958163163244892,0.2898979485566356,0.3660254037844386,0.0059183677678535,intact
17,19,37.55361251910914,37.52995471997314,2.23606797749979,55.37851073671648,3.23606797749979,964.9972172607158,89.37901395308117,4375,0.0664579388576543,4268,107,0,0.9755428571428572,0.0244571428571428,0.0,True,1986.0,25.142860496789307,0.6697300467019373,1999,0,0.0,,0.280957962249861,0.4068781988545112,,intact
17,48,37.55361251910914,36.14797266019773,3.685557720282968,91.27660689979976,4.685557720282968,994.6857685563562,39.70849931561552,5281,0.0802204285959479,5200,81,0,0.9846619958341224,0.0153380041658776,0.0,True,1971.0,25.04773015002061,0.6797066871515061,1971,0,0.0,,0.2791745113185196,0.3451409985003952,,intact
18,59,36.96108352586385,35.88003826238517,3.0,74.2980687,4.0,1149.964432369845,88.53478111977904,4707,0.0715011470178237,4607,100,0,0.9787550456766518,0.0212449543233482,0.0,True,1864.0,24.35835848013133,0.6688078898878492,1864,0,0.0,,0.2801868778094689,0.2742918851774318,,intact
18,84,36.96108352586385,35.88164534512529,3.685557720282968,91.27660689979976,4.685557720282968,1120.1677012055754,42.16034282849768,5011,0.0761190243693041,4849,154,8,0.967671123528238,0.0307323887447615,0.0015964877270005,True,2236.0,26.678472698169134,0.7324951470563124,2237,321,0.1254886630179828,0.3007684720382281,0.2742918851774318,0.3633002698206782,0.0264765868607962,intact
18,88,36.96108352586385,36.22745587059799,1.0,24.7660229,2.0,1119.9722047123037,37.53085784066747,3590,0.054533485828338,3540,15,36,0.9860724233983288,0.0041782729805013,0.0100278551532033,True,1670.0,23.055964736417568,0.6300430347850928,1672,389,0.1887433284813197,0.3874258867227931,0.3090169943749474,0.3874258867227931,0.0784088923478457,intact
18,100,36.96108352586385,35.3063072377907,3.16227766016838,78.31704094788851,4.16227766016838,1148.0835124234989,88.64744913758359,4647,0.0705897238563473,4631,16,0,0.9965569184420056,0.0034430815579944,0.0,True,1770.0,23.7362275550541,0.6569000846504,1771,337,0.1598671726755218,,0.2791745113185196,0.3934479147484602,,intact
19,156,37.52995471997314,35.115097416151045,1.0,24.7660229,2.0,937.807029984991,41.00495416702529,3270,0.0496725623004639,2233,0,1053,0.6828746177370031,0.0,0.3220183486238532,True,2860.0,30.172276587716105,0.8306767137059387,2861,665,0.1885989790130459,0.3874258867227931,0.2535548202751237,,0.1338710664476693,cohesive
19,166,37.52995471997314,34.965316634264894,1.0,24.7660229,2.0,978.6674265938996,68.70902665529009,3278,0.0497940853886607,3260,18,0,0.99450884685784,0.0054911531421598,0.0,True,1983.0,25.12386324398493,0.6931172964708463,1983,0,0.0,,0.3090169943749474,0.3585701736362872,,intact
19,178,37.52995471997314,35.00166422487947,1.0,24.7660229,2.0,997.6205593620316,28.222869249866484,3448,0.0523764510128439,3364,84,0,0.9756380510440836,0.0243619489559164,0.0,True,2230.0,26.64265463856508,0.7346493853617709,2230,113,0.0482287665386256,,0.3090169943749474,0.3779872043216927,,intact
19,209,37.52995471997314,34.12699972576709,10.31370849898476,255.4295408697812,11.31370849898476,935.286043389904,43.48641907240194,8523,0.1294676600877229,8060,463,0,0.945676405021706,0.054323594978294,0.0,True,1148.0,19.11595536035256,0.53354082679658,1148,100,0.0801282051282051,,0.2752232308476545,0.1779738764024757,,intact
19,225,37.52995471997314,34.56866590278551,1.0,24.7660229,2.0,967.7572327317675,86.33242613986361,3166,0.0480927621539048,3069,97,0,0.9693619709412508,0.0306380290587492,0.0,True,2197.0,26.444788143333422,0.7335726513188204,2197,0,0.0,,0.3090169943749474,0.3761785115301142,,intact
19,237,37.52995471997314,33.74921981698591,1.0,24.7660229,2.0,941.9328941595256,50.188985630014415,2997,0.0455255869157462,2986,11,0,0.9963296629963296,0.0036703370036703,0.0,True,1685.0,23.159278015941847,0.6498189174155911,1685,355,0.1740196078431372,,0.3090169943749474,0.304845440523399,,intact
20,53,36.73302599349984,36.04255090884687,10.180339887498947,252.1265307835824,11.180339887498947,856.9051932388227,79.02668666426429,9165,0.1392198879155204,9066,99,0,0.9891980360065468,0.0108019639934533,0.0,True,1943.0,24.86917989912625,0.683448512747532,1943,0,0.0,,0.2663346240702891,0.3813570972530607,,intact
20,80,36.73302599349984,37.098972009298166,1.0,24.7660229,2.0,886.334518267394,5.606283163865879,3248,0.0493383738079225,3220,28,0,0.9913793103448276,0.0086206896551724,0.0,True,3290.0,32.361080413741924,0.876613969258032,3290,0,0.0,,0.304845440523399,0.4,,intact
20,108,36.73302599349984,35.555054525553416,2.23606797749979,55.37851073671648,3.23606797749979,860.215624734688,72.61263126873227,3805,0.0577994188236284,3772,33,0,0.9913272010512484,0.0086727989487516,0.0,True,1978.0,25.092169194223484,0.6942270154098181,1982,399,0.1675766484670306,,0.2817290466902531,0.3203772410170407,,intact
20,152,36.73302599349984,34.711448851125965,1.0,24.7660229,2.0,830.4532589715909,59.04786968413006,3228,0.0490345660874304,3103,94,31,0.961276332094176,0.0291201982651796,0.0096034696406443,True,3123.0,31.529062379842163,0.8826172338283719,3123,47,0.0148264984227129,0.3451409985003952,0.304845440523399,0.376931296631122,0.0402955579769961,intact
20,222,36.73302599349984,35.664062041282264,2.146264369941973,53.15443253543696,3.146264369941973,838.2105416957154,73.79998018567952,3782,0.0574500399450625,2118,7,1666,0.5600211528291908,0.0018508725542041,0.4405076679005817,True,14.0,2.111004122822376,0.058317376572057,1690,1210,0.4172413793103448,0.3740666961489728,0.2108967220595339,0.3699677034698106,0.1631699740894389,cohesive
20,322,36.73302599349984,35.40358484036005,6.483314773547883,160.56592214959517,7.483314773547883,866.5237720944824,64.44056596989235,6360,0.0966108551164986,6285,75,0,0.9882075471698112,0.0117924528301886,0.0,True,1443.0,21.431779341977418,0.5941997854969269,1443,0,0.0,,0.266756504300101,0.3885620414102133,,intact
21,96,38.3501073562135,35.64672322479585,1.0,24.7660229,2.0,657.8608044655964,76.85806071729202,3008,0.0456926811620169,2968,40,0,0.9867021276595744,0.0132978723404255,0.0,True,2591.0,28.71830278937461,0.7762035904479649,2595,1122,0.3018563357546408,,0.2933997741163456,0.4432564360883089,,intact
21,154,38.3501073562135,35.33029437183157,3.16227766016838,78.31704094788851,4.16227766016838,639.5403686844809,76.0019583205155,4120,0.0625843904213796,4032,88,0,0.9786407766990292,0.0213592233009708,0.0,True,3635.0,34.015532279799466,0.923326460823356,3635,937,0.2049431321084864,,0.2742918851774317,0.3745333480744864,,intact
22,25,37.84815851732274,37.37792471159302,1.0,24.7660229,2.0,683.2355436121055,39.03182301610893,3623,0.05503476856715,3610,13,0,0.9964118134142976,0.0035881865857024,0.0,True,2900.0,30.38253889873249,0.8077660724745512,2900,228,0.0728900255754475,,0.3090169943749474,0.392280956059262,,intact
22,28,37.84815851732274,37.57600067464897,1.0,24.7660229,2.0,634.7000350174173,60.78423550268196,3682,0.0559310013426018,3622,60,0,0.9837045084193372,0.0162954915806626,0.0,True,3308.0,32.44948541188257,0.8604533549864631,3308,116,0.0338785046728971,,0.3008613653919205,0.414213562373095,,intact
22,46,37.84815851732274,37.44887435999587,6.894954260780955,170.7605951169537,7.894954260780955,623.6270240743374,44.64585190504295,7109,0.107988454248929,3052,4057,0,0.4293149528766352,0.5706850471233648,0.0,True,691.0,14.83078323464406,0.3939274276267391,1317,0,0.0,,0.1440053834963787,0.3492898867672912,,intact
22,175,37.84815851732274,36.1669028609871,3.0,74.2980687,4.0,615.3050815779784,9.926673837945012,4775,0.0725340932674969,4157,618,0,0.8705759162303665,0.1294240837696335,0.0,True,1325.0,20.53681083307539,0.554935994124399,1641,6,0.0036429872495446,,0.2572842744474721,0.356789172325331,,intact
22,184,37.84815851732274,39.94887713154465,1.0,24.7660229,2.0,630.9024734340417,55.40328088642864,3541,0.0537891569131323,3496,45,0,0.9872917255012708,0.0127082744987291,0.0,True,2497.0,28.19254840912622,0.7247717904412637,2499,360,0.1259181532004197,,0.2958163163244892,0.4014916240907943,,intact
22,211,37.84815851732274,34.46607576449437,1.0,24.7660229,2.0,638.0911902626758,65.698408495761,3004,0.0456319196179185,2971,33,0,0.9890146471371504,0.0109853528628495,0.0,True,2631.0,28.939131129830997,0.8003716396152875,2631,4,0.0015180265654648,,0.303832434700687,0.387425886722793,,intact
22,217,37.84815851732274,35.43707512359517,1.0,24.7660229,2.0,657.8738848885346,83.22196495894033,3387,0.0514498374653428,3306,81,0,0.9760850310008856,0.0239149689991142,0.0,True,2144.0,26.123866405607867,0.7129367024633985,2145,0,0.0,,0.304845440523399,0.4045372666182638,,intact
22,226,37.84815851732274,35.041890092227234,9.6878320578688,239.9290705965328,10.6878320578688,653.5808729737097,89.8617266706557,8384,0.1273561964303025,8080,304,0,0.9637404580152672,0.0362595419847328,0.0,True,1932.0,24.79868343495444,0.6804408532581315,1933,273,0.1237533998186763,,0.2576674052298064,0.4093666436665462,,intact
23,78,36.99815199889097,35.61739038025937,3.2426406871192857,80.30731351366796,4.242640687119286,808.72060039741,40.646359254785786,4679,0.0710758162091347,4045,634,0,0.8645009617439624,0.1354990382560376,0.0,True,1766.0,23.70939178892142,0.6530114907116346,1766,299,0.1447941888619854,,0.2742918851774318,0.3008613653919205,,intact
23,129,36.99815199889097,35.38954829840609,1.0,24.7660229,2.0,758.7821037886004,55.46236935941153,3099,0.0470750062902561,2962,68,69,0.9557921910293644,0.0219425621168118,0.0222652468538238,True,2122.0,25.989489769558844,0.7180636948768847,2122,34,0.0157699443413729,0.3451409985003952,0.2946080452204174,0.4195106216501436,0.0505329532799778,intact
23,151,36.99815199889097,34.792364223190646,1.0,24.7660229,2.0,793.3042847845504,68.18952565305042,3118,0.0473636236247236,3086,32,0,0.989737010904426,0.010262989095574,0.0,True,1579.0,22.41899440840747,0.6245670204976671,1579,373,0.1910860655737705,,0.3090169943749474,0.3527590363194651,,intact
23,220,36.99815199889097,35.02503242869986,2.146264369941973,53.15443253543696,3.146264369941973,806.1623951957349,46.02961448870764,3261,0.0495358488262424,3052,209,0,0.9359092302974548,0.0640907697025452,0.0,True,1579.0,22.41899440840747,0.6225493800804272,1580,378,0.1930541368743616,,0.2843646522044218,0.3090169943749474,,intact
23,263,36.99815199889097,35.54812880887022,1.0,24.7660229,2.0,814.6211167593849,20.04156655731669,3436,0.0521941663805486,3297,139,0,0.9595459837019792,0.0404540162980209,0.0,True,1493.0,21.79992339602136,0.600993549312018,1493,76,0.0484384958572339,,0.2989350844248255,0.414213562373095,,intact
23,267,36.99815199889097,34.752019529092614,1.0,24.7660229,2.0,777.8708372156616,87.16876371006117,3079,0.046771198569764,2883,168,31,0.936342968496265,0.0545631698603442,0.0100682039623254,True,1344.0,20.683531783305643,0.5765430616493724,1344,689,0.338908017707821,0.4068781988545112,0.3021694792519622,0.381289057825295,0.1047087196025489,intact
18,163,36.96108352586385,35.13670369587606,1.0,24.7660229,2.0,1131.598577895582,61.45051566139489,3260,0.0495206584402178,3204,56,0,0.9828220858895704,0.0171779141104294,0.0,True,2514.0,28.288355446473904,0.7847218766776247,2514,0,0.0,,0.3090169943749474,0.3090169943749474,,intact
18,285,36.96108352586385,61.042041869484365,15.03329637837291,372.3149623692705,16.03329637837291,1187.676922284134,36.65087878319191,3253,0.0494143257380455,2160,1093,0,0.6640024592683677,0.3359975407316323,0.0,False,15.0,2.1850968611841584,0.0445923913624059,1470,127,0.0795241077019411,,0.07823042940333,0.1798840923788151,,intact
19,36,37.52995471997314,36.76761244237651,10.06225774829855,249.2021058200643,11.06225774829855,960.7614652333864,83.76837847209448,9579,0.1455087077297076,9110,104,366,0.9510387305564256,0.0108570832028395,0.0382085812715314,True,2179.0,26.33623439283756,0.7089393475102497,2179,477,0.1795933734939759,0.3423663834464335,0.2604976170671217,0.2260547353685169,0.0818687663793117,cohesive
19,48,37.52995471997314,36.14797266019773,1.0,24.7660229,2.0,995.1118045258828,37.62792948907279,3366,0.0511308393588261,3187,179,0,0.9468211527035056,0.0531788472964943,0.0,True,2258.0,26.809396170055734,0.727745666126624,2261,370,0.1406309388065374,,0.3090169943749474,0.3660254037844387,,intact
23,282,36.99815199889097,36.68341902992898,1.0,24.7660229,2.0,784.2827066910717,81.30259560007883,7726,0.1173609224261113,7535,136,56,0.9752782811286564,0.0176028993010613,0.0072482526533782,True,2084.0,25.75573339679963,0.6991092355163134,2086,250,0.1070205479452054,0.3831060429227286,0.3203772410170407,0.3874258867227931,0.0627288019056879,intact
24,92,36.67543395805506,37.29772584049016,1.0,24.7660229,2.0,672.9208333726781,15.865012781206136,3078,0.0467560081837394,3036,12,30,0.98635477582846,0.0038986354775828,0.0097465886939571,True,3423.0,33.00870703931185,0.8924509140668345,3423,307,0.0823056300268096,0.377167341131748,0.3090169943749474,0.414213562373095,0.0681503467568006,intact
24,128,36.67543395805506,35.798071705600336,1.0,24.7660229,2.0,608.7065500246622,39.88781034526262,3485,0.0529384952957543,3445,40,0,0.988522238163558,0.0114777618364418,0.0,True,3934.0,35.38687740175774,0.9765465897561468,3934,0,0.0,,0.3090169943749474,0.439607805437114,,intact
24,134,36.67543395805506,44.4526147691647,12.676621819175889,313.9495062683497,13.676621819175889,598.8403097359108,28.12215838261333,11495,0.174613487352854,5402,170,5936,0.4699434536755111,0.0147890387124836,0.5163984341017834,True,3000.0,30.90193616185517,0.761806468827028,3001,1284,0.2996499416569428,0.3133921657949117,0.1680743603534396,0.4575237861092833,0.145317805441472,cohesive
24,194,36.67543395805506,36.829845387931286,1.0,24.7660229,2.0,640.8051714455373,83.63379667522534,3209,0.0487459487529629,3206,3,0,0.9990651293237768,0.0009348706762231,0.0,True,3103.0,31.42794261208173,0.8551206904241991,3103,0,0.0,,0.3090169943749474,0.3451409985003952,,intact
24,201,36.67543395805506,35.12967650967651,1.0,24.7660229,2.0,638.0524553958833,87.85866465370711,3341,0.0507510797082109,3197,144,0,0.9568991319964084,0.0431008680035917,0.0,True,3454.0,33.15783990067527,0.9235509752631336,3454,87,0.024569330697543,,0.304845440523399,0.414213562373095,,intact
24,245,36.67543395805506,36.24969480404355,1.0,24.7660229,2.0,641.8734129279408,81.4680504937092,3594,0.0545942473724364,3584,10,0,0.9972175848636616,0.0027824151363383,0.0,True,3870.0,35.09785263418932,0.9625722499219151,3870,238,0.057935735150925,,0.3090169943749474,0.3306338781029041,,intact
24,259,36.67543395805506,34.08862500564362,3.7320508075688767,92.42805576421428,4.732050807568877,651.2640361944166,65.6790190625543,6223,0.0945297722311274,6154,69,0,0.98891210027318,0.0110878997268198,0.0,True,4565.0,38.11934719311185,1.0773646325931283,4566,328,0.0670208418471597,,0.2766967754673748,0.3405424265831667,,intact
25,117,37.37792471159302,35.65010467869589,10.06225774829855,249.2021058200643,11.06225774829855,724.8861105733757,73.56420553204978,9964,0.1513570063491811,4712,5252,0,0.4729024488157367,0.5270975511842634,0.0,True,3.0,0.9772050238058398,0.0267624645485993,2249,0,0.0,,0.1652960191502464,0.3362510372077005,,intact
25,125,37.37792471159302,35.605342404496575,5.741657386773941,142.19801832479757,6.741657386773941,737.8737972559886,51.17516005720651,6268,0.0952133396022348,6058,154,57,0.9664964901084876,0.0245692405871091,0.0090938098276962,True,2387.0,27.56457324757103,0.7553669309905217,2387,166,0.0650215432824128,0.2,0.2742918851774317,0.2843646522044218,-0.0742918851774317,intact
25,129,37.37792471159302,35.38954829840609,1.0,24.7660229,2.0,725.4376650909442,70.17867442382425,3313,0.0503257488995219,3289,24,0,0.9927558104437066,0.0072441895562933,0.0,True,2458.0,27.97151587311201,0.7687917338910037,2458,319,0.1148721642059776,,0.3090169943749474,0.4258327418248415,,intact
25,131,37.37792471159302,35.94414801937112,2.6502815398728847,65.63693330793913,3.6502815398728847,709.7308136248314,85.15627402109045,4383,0.0665794619458511,4270,111,2,0.974218571754506,0.0253251197809719,0.000456308464522,True,1929.0,24.7794223187009,0.6759062147526136,1929,301,0.1349775784753363,0.2223268253655865,0.2766967754673748,0.387425886722793,-0.0543699501017883,intact
25,226,37.37792471159302,35.041890092227234,1.414213562373095,35.02444547122265,2.414213562373095,683.3378319788308,37.149898642661405,3778,0.0573892784009641,3761,17,0,0.9955002646903124,0.0044997353096876,0.0,True,2755.0,29.613235831910423,0.817821363176098,2766,0,0.0,,0.2989350844248255,0.4211646096066227,,intact
25,282,37.37792471159302,36.68341902992898,1.0,24.7660229,2.0,750.9382679934156,7.915572747947196,3595,0.054609437758461,3521,74,0,0.9794158553546592,0.0205841446453407,0.0,True,2345.0,27.32099345011065,0.7377936199878404,2346,296,0.1120363361090083,,0.3090169943749474,0.3069312174491732,,intact
26,126,36.92773407455952,39.77268208815821,1.0,24.7660229,2.0,616.6922649369039,86.39552752046083,4744,0.0720631913007341,4317,176,254,0.909991568296796,0.0370994940978077,0.0535413153456998,True,1959.0,24.97136494134924,0.6511402725214216,2020,326,0.1389599317988064,0.3797958971132713,0.2958163163244892,0.4,0.083979580788782,cohesive
26,171,36.92773407455952,34.48769978943581,1.0,24.7660229,2.0,586.4427889623614,38.61432914532154,3240,0.0492168507197257,3240,0,0,1.0,0.0,0.0,True,3957.0,35.490170746690694,0.9939075862586996,3958,43,0.010747313171707,,0.3090169943749474,,,intact
26,262,36.92773407455952,36.34591029267852,1.0,24.7660229,2.0,588.2700637786215,43.48307772866652,3562,0.054108155019649,3112,83,370,0.8736664795058956,0.0233015160022459,0.1038742279618192,True,1137.0,19.02415150778005,0.5192631449429064,1250,723,0.3664470349721236,0.3851040526300559,0.3015154223219414,0.39564392373896,0.0835886303081145,cohesive
26,277,36.92773407455952,33.40013673632612,1.414213562373095,35.02444547122265,2.414213562373095,641.1844244919762,44.41912539634951,2246,0.0341176070112666,2225,15,6,0.9906500445235976,0.0066785396260017,0.0026714158504007,True,2234.0,26.666538690549785,0.7583490978208948,2479,299,0.1076313894888408,0.3429009476767126,0.2898979485566356,0.339056738914926,0.053002999120077,intact
26,279,36.92773407455952,35.64446856574113,1.0,24.7660229,2.0,645.1664737888239,17.638233842731825,4950,0.0751924108218031,4740,64,149,0.9575757575757576,0.0129292929292929,0.0301010101010101,True,3516.0,33.454111254406506,0.9219538621480076,3531,1128,0.2421120412105602,0.3956439237389599,0.3090169943749474,0.4142135623730951,0.0866269293640125,intact
27,71,37.01343492231761,35.62322318948888,2.449489742783178,60.66411906308329,3.449489742783178,904.212109373168,62.98282058983908,3809,0.0578601803677269,3788,21,0,0.9944867419270148,0.005513258072985,0.0,True,2526.0,28.35578904739304,0.7807569837187772,2541,0,0.0,,0.2817290466902531,0.25,,intact
27,98,37.01343492231761,36.01888999398882,1.7320508075688772,42.89600996421431,2.732050807568877,856.6425459080531,37.783816911578405,4986,0.075739264718689,4894,92,0,0.981548335338949,0.0184516646610509,0.0,True,3008.0,30.9431113115802,0.8473812478800414,3018,260,0.0793166564978645,,0.2898979485566356,0.3562297707504051,,intact
27,205,37.01343492231761,34.86531279291435,1.0,24.7660229,2.0,905.6461660906084,58.22390070674554,4024,0.0611261133630173,4016,8,0,0.9980119284294234,0.0019880715705765,0.0,True,2984.0,30.81942083122964,0.8575391700848634,3009,0,0.0,,0.3090169943749474,0.2746350338634948,,intact
27,208,37.01343492231761,34.30826400849537,6.6212327846342935,163.98160277048368,7.621232784634293,880.8028055609288,81.92572448186002,5886,0.089410612140835,5883,3,0,0.9994903160040776,0.0005096839959225,0.0,True,1498.0,21.836396440423,0.6123352855519,1498,0,0.0,,0.2711923793731366,0.1959691289492877,,intact
27,229,37.01343492231761,34.62338481649344,1.0,24.7660229,2.0,856.6618616578468,33.69954397349968,3704,0.0562651898351432,3491,213,0,0.9424946004319654,0.0575053995680345,0.0,True,2878.0,30.26707538625015,0.8450144910565368,2890,0,0.0,,0.3090169943749474,0.3333333333333333,,intact
29,116,36.480168784002366,35.246068253205905,6.817337799805944,168.8383440670296,7.817337799805943,1072.1247139626255,86.64912511163453,8019,0.1218117055313211,7822,25,173,0.9754333458037162,0.0031175957101883,0.021573762314503,True,2423.0,27.77165559024749,0.7743792714468162,2433,488,0.1670660732625813,0.3678838318374983,0.2658626798938589,0.3377053396747006,0.1020211519436393,intact
29,150,36.480168784002366,34.74127587752717,6.817337799805944,168.8383440670296,7.817337799805943,1049.9244670198495,52.10963419546308,5711,0.0867522945865288,4439,1272,0,0.7772719313605323,0.2227280686394677,0.0,True,966.0,17.535317221354788,0.4924167799372521,967,0,0.0,,0.2402530733520421,0.3413777695585852,,intact
29,233,36.480168784002366,34.87591474809508,1.0,24.7660229,2.0,1038.7013268579806,3.404145674645782,3216,0.0488522814551351,3051,165,0,0.9486940298507462,0.0513059701492537,0.0,True,2110.0,25.915899749917973,0.7263823479958921,2110,0,0.0,,0.304845440523399,0.4,,intact
30,31,37.47291796875051,37.14009314376468,6.348469228349534,157.22633428924988,7.348469228349534,1106.1227842642584,13.141768314192973,6635,0.1007882112732654,5982,576,79,0.9015825169555388,0.0868123587038432,0.0119065561416729,True,887.0,16.80300178673508,0.4504040658913077,887,359,0.2881219903691814,0.367798623311118,0.2612038749637414,0.3443593434156103,0.1065947483473765,intact
28,211,37.57600067464897,34.46607576449437,10.06225774829855,249.2021058200643,11.06225774829855,619.3126406731087,85.35469262780062,7654,0.1162672146323396,7555,99,0,0.9870655866213744,0.0129344133786255,0.0,True,1959.0,24.97136494134924,0.6932438978891314,1959,0,0.0,,0.266978077589994,0.3363030276091882,,intact
29,65,36.480168784002366,35.67394450600643,1.0,24.7660229,2.0,1056.3002177275098,59.89521848836085,3365,0.0511156489728015,3287,78,0,0.976820208023774,0.0231797919762258,0.0,True,1508.0,21.90916037563184,0.6072879112954358,1512,503,0.2496277915632754,,0.3090169943749474,0.3585701736362872,,intact
29,74,36.480168784002366,35.63118533971885,1.0,24.7660229,2.0,1108.1986482404227,20.03868304853229,3205,0.0486851872088644,3190,15,0,0.9953198127925116,0.0046801872074883,0.0,True,3064.0,31.229817342839755,0.866155343283635,3066,463,0.1311986398413148,,0.3090169943749474,0.3090169943749474,,intact
29,93,36.480168784002366,35.476889250593025,1.0,24.7660229,2.0,1077.8530906005,84.7144842499626,3023,0.045920536952386,3017,6,0,0.99801521667218,0.00198478332782,0.0,True,2379.0,27.5183433227954,0.7648545972951027,2379,0,0.0,,0.3090169943749474,0.3303228495746774,,intact
28,39,37.57600067464897,36.957762940717856,10.23606797749979,253.5066939367165,11.23606797749979,644.5079905136308,48.3927155684015,9499,0.144293476847739,5955,17,3537,0.6269080955890094,0.0017896620696915,0.3723549847352352,True,1590.0,22.496949104983702,0.6036713568116517,1659,874,0.3450454007106198,0.3244997998398398,0.2089454172900136,0.4127437634319275,0.1155543825498261,cohesive
28,79,37.57600067464897,36.01318465796191,1.0,24.7660229,2.0,595.710843661039,56.79685358515024,3815,0.0579513226838745,3763,52,0,0.9863695937090432,0.0136304062909567,0.0,True,3766.0,34.62304191384916,0.9409817966419596,3770,0,0.0,,0.3090169943749474,0.3733744816363991,,intact
28,87,37.57600067464897,35.47233635906005,1.0,24.7660229,2.0,649.8845355296544,22.512196910074685,3376,0.0512827432190722,3279,5,92,0.9712677725118484,0.0014810426540284,0.0272511848341232,True,2732.0,29.489364337912,0.8073931737639362,2899,996,0.2557124518613607,0.3956439237389599,0.3090169943749474,0.392280956059262,0.0866269293640125,intact
28,175,37.57600067464897,36.1669028609871,1.0,24.7660229,2.0,596.5265319884113,59.24408911569362,3256,0.0494598968961194,3215,41,0,0.9874078624078624,0.0125921375921375,0.0,True,2971.0,30.752214096745004,0.8340386022875836,2971,0,0.0,,0.2933997741163456,0.414213562373095,,intact
30,37,37.47291796875051,36.4960080036166,2.863703305156273,70.92254163430594,3.863703305156273,1055.017905536799,74.00065762475383,4154,0.0631008635462162,4103,51,0,0.9877226769378912,0.0122773230621088,0.0,True,2726.0,29.45696436731072,0.796468624630702,2726,0,0.0,,0.2771863727725964,0.3550392228080413,,intact
30,65,37.47291796875051,35.67394450600643,1.0,24.7660229,2.0,1052.032879283759,67.80375025594188,3533,0.0536676338249354,3510,23,0,0.9934899518822532,0.0065100481177469,0.0,True,1959.0,24.97136494134924,0.6827733711741056,1960,563,0.2231470471660721,,0.3090169943749474,0.3538893678645229,,intact
30,91,37.47291796875051,35.37734461040603,4.977725364273731,123.27846036151404,5.977725364273731,1045.8200569064288,59.74465559204664,5335,0.0810407094412767,5281,54,0,0.9898781630740392,0.0101218369259606,0.0,True,1804.0,23.96311821686732,0.6578732146869021,1806,136,0.0700308959835221,,0.2742918851774318,0.3418063787002101,,intact
30,105,37.47291796875051,35.407330270704115,2.863703305156273,70.92254163430594,3.863703305156273,1045.7367595504372,58.651993366198106,4055,0.0615970153297801,3930,125,0,0.969173859432799,0.0308261405672009,0.0,True,1946.0,24.888371552065365,0.682993599865148,1946,61,0.0303936223218734,,0.2771863727725964,0.3613020955135854,,intact
30,130,37.47291796875051,35.41272483695998,1.0,24.7660229,2.0,1081.2476931431756,65.75407358248621,3179,0.0482902371722247,3104,75,0,0.976407675369613,0.0235923246303869,0.0,True,2189.0,26.3965971453958,0.7243291306563785,2189,0,0.0,,0.2958163163244892,0.3740666961489728,,intact
30,163,37.47291796875051,35.13670369587606,1.7320508075688772,42.89600996421431,2.732050807568877,1090.058308124689,49.413024776866045,3944,0.0599108824810488,3921,21,2,0.9941683569979716,0.0053245436105476,0.0005070993914807,True,2118.0,25.964982937357547,0.7151940016238091,2118,345,0.1400730816077953,0.3389950506376359,0.2898979485566356,0.392280956059262,0.0490971020810002,intact
30,166,37.47291796875051,34.965316634264894,1.0,24.7660229,2.0,1028.909026846278,9.409465879823292,2949,0.0447964483865651,2800,149,0,0.9494743981010512,0.0505256018989487,0.0,True,2177.0,26.324145232506837,0.7268025063496242,2177,114,0.0497599301615015,,0.2898979485566356,0.3660254037844386,,intact
30,178,37.47291796875051,35.00166422487947,2.146264369941973,53.15443253543696,3.146264369941973,1047.86215961441,61.812889439712926,3639,0.0552778147435437,3617,22,0,0.9939543830722726,0.0060456169277273,0.0,True,2478.0,28.08508319310152,0.7750326346985139,2478,110,0.0425038639876352,,0.2898979485566356,0.3687853090917234,,intact
30,199,37.47291796875051,34.31792910836131,1.0,24.7660229,2.0,1080.1084295278974,66.96255427947918,3283,0.0498700373187838,3234,49,0,0.9850746268656716,0.0149253731343283,0.0,True,1730.0,23.466488938440666,0.6537459827778572,1734,447,0.2049518569463548,,0.3090169943749474,0.387425886722793,,intact
31,59,37.14009314376468,35.88003826238517,7.071067811865476,175.12222735611326,8.071067811865476,1148.6404931282104,86.78130890325355,6310,0.0958513358152682,6198,112,0,0.9822503961965134,0.0177496038034865,0.0,True,2048.0,25.532305945691693,0.6993223773777357,2048,0,0.0,,0.2711923793731366,0.2990366769397724,,intact
31,70,37.14009314376468,37.30521804270981,1.0,24.7660229,2.0,1151.7072340311292,81.15250510839,3631,0.0551562916553469,3613,14,4,0.995042687964748,0.0038556871385293,0.0011016248967226,True,1324.0,20.529059630371258,0.5515205538989286,1336,999,0.4278372591006424,0.4019754503326363,0.304845440523399,0.304338937612043,0.0971300098092372,intact
31,130,37.14009314376468,35.41272483695998,1.0,24.7660229,2.0,1121.464023672434,47.07024578604811,3589,0.0545182954423134,3534,55,0,0.9846753970465312,0.0153246029534689,0.0,True,1691.0,23.200474511026496,0.6395471645826422,1691,0,0.0,,0.3090169943749474,0.3538893678645229,,intact
32,125,36.85493756031004,35.605342404496575,1.0,24.7660229,2.0,776.941082899719,67.18269376863752,3610,0.0548372935488301,3458,152,0,0.9578947368421052,0.0421052631578947,0.0,True,3532.0,33.53014342350997,0.9254765076755236,3532,0,0.0,,0.2958163163244892,0.3751226038395435,,intact
32,152,36.85493756031004,34.711448851125965,1.0,24.7660229,2.0,801.559569808288,73.46332488475564,2770,0.0420773692881605,2678,92,0,0.9667870036101084,0.0332129963898917,0.0,True,3026.0,31.03555566752673,0.867322138890818,3026,235,0.072063784115302,,0.3090169943749474,0.3585701736362872,,intact
32,282,36.85493756031004,36.68341902992898,1.0,24.7660229,2.0,790.005553637146,88.20613510732434,3578,0.0543512011960427,3532,46,0,0.9871436556735608,0.0128563443264393,0.0,True,2409.0,27.69130758589691,0.7531119505483336,2409,170,0.0659170221015897,,0.3090169943749474,0.396764909360816,,intact
33,44,36.26210522782667,36.38862987825694,5.741657386773941,142.19801832479757,6.741657386773941,931.8698551771856,63.61382990918657,6616,0.1004995939387979,5901,56,669,0.8919286577992744,0.0084643288996372,0.1011185006045949,True,1766.0,23.70939178892142,0.6526951655561719,1766,272,0.1334641805691854,0.2433607328111082,0.2771863727725964,0.383140618213747,-0.0338256399614881,mixed
31,163,37.14009314376468,35.13670369587606,1.0,24.7660229,2.0,1130.2746386539472,63.90662430911517,3373,0.0512371720609984,3351,22,0,0.9934776163652534,0.0065223836347465,0.0,True,2105.0,25.885175495191827,0.7162789893033807,2105,187,0.081588132635253,,0.3090169943749474,0.3402208974902534,,intact
31,165,37.14009314376468,35.75199853007004,4.0197648378370845,99.553588026488,5.0197648378370845,1151.8363416053876,82.05281734933665,4788,0.0727315682858168,4768,20,0,0.9958228905597326,0.0041771094402673,0.0,True,1407.0,21.16275052682409,0.5806597133066125,1450,240,0.1420118343195266,,0.2742918851774317,0.3079619067151862,,intact
31,173,37.14009314376468,34.43154160317679,9.0,222.8942061,10.0,1141.7127951076686,83.27038315754142,664,0.0100864163203388,662,2,0,0.9969879518072288,0.003012048192771,0.0,False,1826.0,24.10879200979597,0.673696838001209,1839,0,0.0,,0.1407800774583959,0.2016232825612032,,intact
31,199,37.14009314376468,34.31792910836131,1.414213562373095,35.02444547122265,2.414213562373095,1120.3247600571565,44.84723769512643,3549,0.0539106800013291,3425,124,0,0.9650605804451958,0.0349394195548041,0.0,True,1587.0,22.47571554753432,0.6290606663652974,1593,567,0.2625,,0.2958163163244892,0.4041849114726528,,intact
33,61,36.26210522782667,36.00373313519125,4.196152422706632,103.92200699264292,5.196152422706632,933.139186223916,61.248378633027535,4808,0.073035376006309,4579,102,128,0.952371048252912,0.0212146422628951,0.0266222961730449,True,2580.0,28.65727667372076,0.793107153334739,2580,117,0.0433815350389321,0.2419460290373928,0.2771863727725964,0.272087832927982,-0.0352403437352036,intact
33,189,36.26210522782667,34.74074841065479,1.0,24.7660229,2.0,922.2050730029592,77.39161276360186,3199,0.0485940448927168,3122,77,0,0.975929978118162,0.024070021881838,0.0,True,3031.0,31.06118582770255,0.874927815883397,3031,177,0.0551745635910224,,0.3090169943749474,0.3827822185373187,,intact
33,227,36.26210522782667,34.72518092685073,9.0,222.8942061,10.0,954.1298233770124,8.793658709585866,3272,0.0497029430725131,2959,313,0,0.9043398533007336,0.0956601466992665,0.0,True,855.0,16.497119526970184,0.4647908215852586,882,0,0.0,,0.148748395941096,0.1557104466440276,,intact
33,242,36.26210522782667,35.11354848262679,2.863703305156273,70.92254163430594,3.863703305156273,891.4308887358341,53.07005184160069,3637,0.0552474339714945,3517,120,0,0.9670057739895518,0.0329942260104481,0.0,True,2768.0,29.683021493047715,0.8317407953547171,2771,0,0.0,,0.2771863727725964,0.2931029344062665,,intact
33,289,36.26210522782667,34.14987401789476,1.0,24.7660229,2.0,891.0804476734461,47.242682893568414,4177,0.0634502424247821,3972,205,0,0.9509217141489108,0.0490782858510892,0.0,True,3294.0,32.380746827233715,0.9197510757148992,3294,113,0.033167009098914,,0.3090169943749474,0.3827822185373187,,intact
34,41,36.53623158556259,36.22503035801237,3.685557720282968,91.27660689979976,4.685557720282968,1124.671316303188,41.02126220211147,4911,0.0745999857668435,4827,84,0,0.982895540623091,0.0171044593769089,0.0,True,1700.0,23.26213245840639,0.639409813327475,1701,0,0.0,,0.2791745113185196,0.2973757003746574,,intact
34,51,36.53623158556259,36.15077387506734,1.0,24.7660229,2.0,1094.038155191566,87.53003952646922,3200,0.0486092352787414,3165,35,0,0.9890625,0.0109375,0.0,True,2509.0,28.26021062262507,0.7775863221640595,2511,0,0.0,,0.3090169943749474,0.3761785115301142,,intact
34,64,36.53623158556259,35.98444645931026,1.0,24.7660229,2.0,1091.432260774629,83.4598777841896,3273,0.0497181334585377,3239,34,0,0.9896119767797128,0.0103880232202871,0.0,True,2316.0,27.151532118863187,0.7487942156873636,2316,0,0.0,,0.3090169943749474,0.4109416227176485,,intact
34,84,36.53623158556259,35.88164534512529,8.22446323827975,203.68724489944444,9.22446323827975,1093.486124526457,87.01821228530397,7539,0.1145203202395099,7047,492,0,0.9347393553521688,0.0652606446478312,0.0,True,1285.0,20.22444569688304,0.5585484290361102,1287,0,0.0,,0.2612038749637414,0.3496919865905558,,intact
34,95,36.53623158556259,35.71323254136755,1.0,24.7660229,2.0,1062.5176469284938,27.74645273650612,3008,0.0456926811620169,2993,15,0,0.9950132978723404,0.0049867021276595,0.0,True,2651.0,29.048915784814227,0.8041282004190418,2651,0,0.0,,0.2989350844248255,0.3483314773547883,,intact
34,109,36.53623158556259,35.273399530514254,5.324555320336759,131.868058995777,6.324555320336759,1094.3715192760571,88.19803395808586,4979,0.0756329320165167,4847,132,0,0.9734886523398272,0.0265113476601727,0.0,True,973.0,17.598736297155778,0.4901497479831991,975,0,0.0,,0.2711923793731366,0.359419319326655,,intact
34,114,36.53623158556259,35.708739722130034,1.414213562373095,35.02444547122265,2.414213562373095,1064.875445312266,33.30233821964796,3799,0.0577082765074808,3765,34,0,0.9910502763885232,0.0089497236114767,0.0,True,1743.0,23.55449281174076,0.6520728677826378,1743,0,0.0,,0.2989350844248255,0.3789154633348925,,intact
34,135,36.53623158556259,35.00958694434186,6.330293345472711,156.77618995769478,7.330293345472711,1109.7951125353004,69.14173737268918,5701,0.0866003907262828,5600,101,0,0.9822838098579196,0.0177161901420803,0.0,True,1626.0,22.750206041591,0.6359618635736749,1627,0,0.0,,0.2696862318229452,0.330841042979029,,intact
34,145,36.53623158556259,35.059378977226274,1.0,24.7660229,2.0,1097.0205012013112,87.7958963543316,3205,0.0486851872088644,3158,47,0,0.9853354134165366,0.0146645865834633,0.0,True,2601.0,28.77366876093557,0.8037830401823659,2601,0,0.0,,0.3090169943749474,0.3740666961489728,,intact
34,196,36.53623158556259,35.320601368371406,1.0,24.7660229,2.0,1128.4259440687154,27.708029477100236,3175,0.0482294756281262,3099,76,0,0.9760629921259842,0.0239370078740157,0.0,True,2071.0,25.67527554451228,0.7146230772784599,2071,0,0.0,,0.3090169943749474,0.3822173168384947,,intact
35,120,36.57850803947399,35.02503242869986,1.0,24.7660229,2.0,758.9238748982943,86.81318924319307,3057,0.0464370100772226,2769,288,0,0.9057899901864572,0.0942100098135426,0.0,True,2001.0,25.2376322632248,0.7049269379198464,2005,169,0.077736890524379,,0.3008613653919205,0.4,,intact
31,278,37.14009314376468,57.06931329903934,10.366600265340756,256.73945956657525,11.366600265340756,1185.321678984083,24.30329768052193,2645,0.0401785710350847,2626,19,0,0.9928166351606804,0.0071833648393194,0.0,True,1608.0,22.623931952327283,0.4802902981044175,1608,0,0.0,,0.25,0.2713826494922688,,intact
32,110,36.85493756031004,36.12298610796072,2.0,49.5320458,3.0,799.3007534513663,77.62696604882042,3769,0.0572525649267426,3743,26,0,0.9931016184664369,0.0068983815335632,0.0,True,2455.0,27.9544409813755,0.7661067779468627,2457,833,0.2531914893617021,,0.2898979485566356,0.3941023016858508,,intact
32,117,36.85493756031004,35.65010467869589,8.657737169873558,214.41771701126973,9.657737169873558,763.9533962171062,49.10168629141858,7535,0.1144595586954114,6388,167,988,0.8477770404777704,0.0221632382216323,0.1311214333112143,True,1650.0,22.917489221187704,0.6321626334798177,1650,442,0.2112810707456979,0.3239523640086023,0.2516199005721805,0.3683260446735303,0.0723324634364218,cohesive
32,121,36.85493756031004,34.87532591967524,1.0,24.7660229,2.0,794.2407946374216,85.03489403898304,3207,0.0487155679809136,3166,41,0,0.987215466167758,0.0127845338322419,0.0,True,2763.0,29.656200288064785,0.8268811196083138,2781,955,0.2556209850107066,,0.3090169943749474,0.3585701736362872,,intact
36,80,36.76761244237651,37.098972009298166,1.0,24.7660229,2.0,939.927130770012,64.12981575576288,3462,0.0525891164171883,3406,56,0,0.9838243789716926,0.0161756210283073,0.0,True,2620.0,28.878571671769564,0.7819116556191287,2620,3,0.0011437285550895,,0.3090169943749474,0.3525603248400596,,intact
36,86,36.76761244237651,36.07021804436654,4.0,99.0640916,5.0,963.2012721459232,79.49058638509467,5194,0.0788988650118071,5025,169,0,0.9674624566807856,0.0325375433192144,0.0,True,2389.0,27.576118619071032,0.7571922017663626,2389,0,0.0,,0.2779262976266636,0.339056738914926,,intact
36,119,36.76761244237651,36.68093515788354,8.449489742783179,209.26025646308327,9.44948974278318,938.5781771031708,65.41122775376786,7083,0.1075935042122892,5786,1297,0,0.8168855004941409,0.1831144995058591,0.0,True,1649.0,22.91054347493902,0.6238528663528782,1651,0,0.0,,0.2495684672167538,0.3153340059065639,,intact
36,150,36.76761244237651,34.74127587752717,4.55269276785519,112.752093345366,5.55269276785519,990.7537403268636,26.51352621107968,4803,0.0729594240761859,4659,144,0,0.9700187382885695,0.0299812617114303,0.0,True,2038.0,25.469894935836805,0.7123560590648296,2038,0,0.0,,0.2791745113185196,0.2563405337185794,,intact
36,166,36.76761244237651,34.965316634264894,4.55269276785519,112.752093345366,5.55269276785519,974.0056385970432,62.50854326340461,5252,0.0797799074012343,5125,127,0,0.9758187357197258,0.0241812642802741,0.0,True,2168.0,26.26967516446403,0.7324300151300611,2168,0,0.0,,0.2779262976266636,0.2766967754673748,,intact
36,213,36.76761244237651,34.46687961923308,1.0,24.7660229,2.0,948.3682245038008,77.51186722832492,3478,0.0528321625935821,3378,100,0,0.9712478435882692,0.0287521564117308,0.0,True,2682.0,29.218266799126305,0.820340426484852,2683,84,0.0303577882182869,,0.3090169943749474,0.3875911169306514,,intact
36,233,36.76761244237651,34.87591474809508,9.507015194961,235.4509560290521,10.507015194961,979.5306001649948,55.641979474372334,8287,0.1258827289859157,8256,31,0,0.9962592011584408,0.003740798841559,0.0,True,2190.0,26.40262583044538,0.7370554428525363,2190,0,0.0,,0.267982878680112,0.1494299295637924,,intact
36,322,36.76761244237651,35.40358484036005,1.0,24.7660229,2.0,920.1163845971008,5.403781846766645,3410,0.0517992163439088,2910,500,1,0.8533724340175953,0.1466275659824047,0.0002932551319648,True,2489.0,28.147349905656394,0.7800161550704737,2490,396,0.1372141372141372,0.2674788903885893,0.2742918851774317,0.4,-0.0068129947888424,intact
37,48,36.4960080036166,36.14797266019773,1.414213562373095,35.02444547122265,2.414213562373095,1034.4648565800608,74.83122619719002,3720,0.0565082360115369,3607,113,0,0.9696236559139784,0.0303763440860215,0.0,True,2913.0,30.450561545780765,0.8383505768138312,2919,0,0.0,,0.2958163163244892,0.3613020955135854,,intact
37,84,36.4960080036166,35.88164534512529,1.0,24.7660229,2.0,1067.7388832364811,49.84077931467957,3235,0.0491408987896026,3141,94,0,0.9709428129829984,0.0290571870170015,0.0,True,2018.0,25.344611859700866,0.7003435642650997,2019,408,0.1681087762669963,,0.3090169943749474,0.3483314773547882,,intact
37,88,36.4960080036166,36.22745587059799,1.0,24.7660229,2.0,1067.543386743209,50.2471196287203,3235,0.0491408987896026,3187,48,0,0.98516228748068,0.0148377125193199,0.0,True,1977.0,25.085825579106505,0.6898963344896759,1977,229,0.1038077969174977,,0.3090169943749474,0.3599573858244808,,intact
37,91,36.4960080036166,35.37734461040603,1.0,24.7660229,2.0,1034.931508708228,75.50994238438714,3235,0.0491408987896026,3170,65,0,0.9799072642967542,0.0200927357032457,0.0,True,2406.0,27.67405980621926,0.770078444923411,2406,0,0.0,,0.304845440523399,0.3516287047744073,,intact
37,140,36.4960080036166,35.6431532162262,7.0,173.3621603,8.0,1035.8748965121697,78.12502923065828,7333,0.1113911007184409,6743,254,339,0.9195417973544252,0.0346379380880949,0.0462293740624573,True,1224.0,19.738573927438622,0.5472360253063013,1226,387,0.2399256044637321,0.3491066134789189,0.2588283628687876,0.3317578651626855,0.0902782506101313,cohesive
37,163,36.4960080036166,35.13670369587606,1.0,24.7660229,2.0,1079.1697599264878,15.736615988276228,3125,0.0474699563268959,3091,34,0,0.98912,0.01088,0.0,True,2300.0,27.05758189903005,0.7554532351794714,2300,0,0.0,,0.3090169943749474,0.3567891723253309,,intact
37,225,36.4960080036166,34.56866590278551,4.841619252963779,119.90765329198184,5.841619252963779,1007.1102847859452,17.462060107647368,5035,0.0764835936338947,4912,123,0,0.975571002979146,0.024428997020854,0.0,True,2405.0,27.668308157023564,0.7786796627946243,2405,0,0.0,,0.2791745113185196,0.2228126796486022,,intact
38,111,36.239881527985794,35.54894744328227,1.0,24.7660229,2.0,527.2316230251436,54.54447282788998,3031,0.0460420600405829,1717,0,1323,0.5664797096667766,0.0,0.4364896073903002,True,188.0,7.735777827895049,0.2155148074915981,263,1528,0.8531546621998883,0.393529818721632,0.2290162883342605,,0.1645135303873715,cohesive
38,262,36.239881527985794,36.34591029267852,7.4852813742385695,185.38064992733587,8.48528137423857,534.0907919302871,45.37350458055175,9158,0.1391135552133481,4468,664,4045,0.4878794496614981,0.0725049137366237,0.4416903253985586,True,241.0,8.758577656805558,0.2413303605875136,278,1223,0.8147901399067289,0.3238995402639343,0.1626594145291569,0.3302081494994596,0.1612401257347774,cohesive
38,319,36.239881527985794,31.405054970984555,1.8284271247461903,45.2828680424453,2.8284271247461903,490.5577538350374,63.98860345138653,3327,0.0505384143038664,2063,0,1279,0.6200781484821161,0.0,0.3844304177938082,True,225.0,8.462843753216344,0.2502136653892833,408,1340,0.7665903890160183,0.3956439237389599,0.2240092377397959,,0.171634685999164,cohesive
38,323,36.239881527985794,30.89445563054656,1.7320508075688772,42.89600996421431,2.732050807568877,531.4774812626472,45.22004750234444,3674,0.055809478254405,3629,36,9,0.987751769188895,0.009798584648884,0.002449646162221,True,941.0,17.30692355385402,0.5155908075173248,1092,883,0.4470886075949367,0.407669683062202,0.2898979485566356,0.3420988687076606,0.1177717345055663,intact
38,342,36.239881527985794,23.97139044161701,7.79385036540706,193.0226766288446,8.79385036540706,494.2743005924172,69.8805298245843,3964,0.0602146902015409,1037,862,2072,0.2616044399596367,0.2174571140262361,0.5227043390514632,False,1.0,0.5641895835477563,0.0187403310075423,27,380,0.9336609336609336,0.3133921657949117,0.1023021629920016,0.3199143253808296,0.2110900028029101,cohesive
38,139,36.239881527985794,35.28861499221115,1.0,24.7660229,2.0,506.6306219360538,89.20885368096805,3237,0.0491712795616518,2127,0,1116,0.6570898980537535,0.0,0.3447636700648749,True,405.0,11.35409634909072,0.317470571910728,438,1492,0.7730569948186529,0.3827822185373187,0.25,,0.1327822185373187,cohesive
38,171,36.239881527985794,34.48769978943581,1.8284271247461903,45.2828680424453,2.8284271247461903,532.2635171140269,44.43853066388444,3252,0.0493991353520209,1398,0,1863,0.4298892988929889,0.0,0.5728782287822878,True,62.0,4.442433223290478,0.1256209569320086,136,2335,0.9449615540267098,0.3726822671238252,0.1940606911845027,,0.1786215759393224,cohesive
38,181,36.239881527985794,37.07536706906336,6.713293552551451,166.2615818569116,7.713293552551451,490.5463783368317,67.33936626872479,8297,0.1260346328461618,2214,190,5903,0.2668434373870073,0.0228998433168615,0.7114619742075449,False,19.0,2.4592453796829674,0.0670868728332171,384,1054,0.7329624478442281,0.3270129339831237,0.1096005908405532,0.2704393055980409,0.2174123431425705,cohesive
38,195,36.239881527985794,36.35662970455847,4.0197648378370845,99.553588026488,5.0197648378370845,511.504523854278,81.94792081962301,5444,0.0826964615179588,1730,1214,2510,0.3177810433504776,0.2229977957384276,0.4610580455547391,False,1.0,0.5641895835477563,0.0155431596909807,45,1364,0.9680624556422996,0.3470920764022717,0.144590581855871,0.3458436024779615,0.2025014945464006,cohesive
39,73,36.957762940717856,36.962889207680576,8.45791845713346,209.46900219569991,9.45791845713346,680.863773986614,79.36035696921786,7126,0.1082466908113473,7072,29,25,0.9924221161942184,0.0040696042660679,0.0035082795397137,True,2115.0,25.9465876230135,0.7020118699960809,2115,453,0.1764018691588785,0.4039936203984453,0.2661832955178855,0.3571428571428571,0.1378103248805597,intact
39,87,36.957762940717856,35.47233635906005,1.0,24.7660229,2.0,678.4710406154351,81.50400708332384,3483,0.0529081145237051,3384,4,96,0.9715762273901808,0.0011484352569623,0.0275624461670973,True,1678.0,23.11112262561905,0.638163494156356,1952,1225,0.3855838841674536,0.4068781988545112,0.3090169943749474,0.4258327418248415,0.0978612044795638,intact
39,117,36.957762940717856,35.65010467869589,1.0,24.7660229,2.0,704.9371070644683,28.61194536145032,3427,0.0520574529063271,3263,164,0,0.9521447330026264,0.0478552669973737,0.0,True,2610.0,28.823407205597565,0.7939472167583893,2610,322,0.1098226466575716,,0.3090169943749474,0.3956439237389599,,intact
39,129,36.957762940717856,35.38954829840609,6.894954260780955,170.7605951169537,7.894954260780955,705.4886615820367,35.864117661081394,6907,0.1049199962719584,3327,8,3585,0.4816852468510207,0.0011582452584334,0.5190386564355002,True,1028.0,18.08929415419344,0.5000681806792874,1525,762,0.3331875819851334,0.3234518715067226,0.1757340838011157,0.3292958875968793,0.1477177877056069,cohesive
39,206,36.957762940717856,35.3918355531094,9.86645922562615,244.35295512377348,10.86645922562615,682.7397445955096,76.7669852417488,7089,0.1076846465284369,4600,2,2492,0.648892650585414,0.0002821272393849,0.3515305402736634,True,650.0,14.38406847937898,0.3976267672198956,778,1418,0.6457194899817851,0.3727805914607075,0.1967542279556572,0.1702198428893899,0.1760263635050503,cohesive
39,211,36.957762940717856,34.46607576449437,3.47213595499958,85.99099857343296,4.47213595499958,647.8991457588895,48.79154559983066,4427,0.0672478389309338,4377,50,0,0.9887056697537836,0.0112943302462164,0.0,True,3050.0,31.158388162107517,0.8724926782697188,3052,0,0.0,,0.2771863727725964,0.3619000624273071,,intact
39,307,36.957762940717856,33.98517876129603,1.0,24.7660229,2.0,641.010430726461,25.23048932658372,5039,0.0765443551779931,4994,45,0,0.9910696566779122,0.0089303433220877,0.0,True,2752.0,29.59710808132768,0.8343919034439332,2757,4,0.0014487504527345,,0.3090169943749474,0.4142135623730951,,intact
40,88,36.17000527975616,36.22745587059799,9.29832572579834,230.2825478567808,10.29832572579834,1085.6484942645932,82.65232263826714,8264,0.1255333501073497,7930,27,307,0.9595837366892546,0.0032671829622458,0.0371490803484995,True,1411.0,21.19281126715681,0.5854573055578244,1411,266,0.1586165772212283,0.3419386880420044,0.2653311931459037,0.1784329590736898,0.0766074948961006,cohesive
40,159,36.17000527975616,34.29845816888291,1.0,24.7660229,2.0,1073.470472540603,78.96506854698697,3106,0.0471813389924284,3103,0,3,0.9990341274951706,0.0,0.0009658725048293,True,3116.0,31.493707392885515,0.8938383455980901,3152,54,0.0168434185901434,0.3288130902060995,0.3090169943749474,,0.0197960958311521,intact
40,180,36.17000527975616,34.46594178505902,1.8284271247461903,45.2828680424453,2.8284271247461903,1085.4496407662464,81.90631235337848,4015,0.0609893998887959,3975,28,13,0.9900373599003736,0.0069738480697384,0.0032378580323785,True,2293.0,27.01637594162904,0.7649469445589495,2293,187,0.0754032258064516,0.3524704450894247,0.2898979485566356,0.4206322727489687,0.0625724965327891,intact
41,56,36.22503035801237,35.81600875983135,9.055385138137416,224.2658756994309,10.055385138137416,1156.9729888947445,85.45141020757318,7894,0.1199129072782452,5638,2256,0,0.7142133265771472,0.2857866734228528,0.0,True,1188.0,19.44613444328572,0.5398626860858019,1189,0,0.0,,0.2284295391689122,0.3388032545433175,,intact
41,77,36.22503035801237,35.594919349440815,8.899494936611665,220.40509539855856,9.899494936611664,1153.8344187091789,89.83867218064803,6841,0.1039174307943344,6344,497,0,0.9273498026604298,0.0726501973395702,0.0,True,1615.0,22.673122109379246,0.6313878581573643,1617,0,0.0,,0.2578321897962722,0.3660254037844386,,intact
40,100,36.17000527975616,35.3063072377907,7.79385036540706,193.0226766288446,8.79385036540706,1113.7598019757884,33.49110838175325,7189,0.1092036851308975,7047,74,69,0.9802476005007652,0.01029350396439,0.009597996939769,True,2220.0,26.582850624566497,0.7438226648315306,2220,250,0.1012145748987854,0.3786695003500701,0.2696862318229452,0.1671337870358075,0.1089832685271248,intact
40,107,36.17000527975616,35.75710289054902,1.0,24.7660229,2.0,1112.058787929559,30.02928111978009,3335,0.0506599373920633,3330,5,0,0.9985007496251874,0.0014992503748125,0.0,True,2649.0,29.03795599729536,0.807427317348581,2649,146,0.0522361359570661,,0.3090169943749474,0.2742918851774317,,intact
40,140,36.17000527975616,35.6431532162262,1.414213562373095,35.02444547122265,2.414213562373095,1053.980004033553,45.28809925878948,2749,0.0417583711816438,2655,94,0,0.9658057475445616,0.0341942524554383,0.0,True,2179.0,26.33623439283756,0.733465424565916,2180,0,0.0,,0.2933997741163456,0.2958163163244892,,intact
40,142,36.17000527975616,35.37880695443504,7.4852813742385695,185.38064992733587,8.48528137423857,1051.7537103047812,44.06655425188542,7276,0.1105252487150383,7177,99,0,0.9863936228697088,0.0136063771302913,0.0,True,2202.0,26.47486297182116,0.7400503836503817,2208,0,0.0,,0.2711923793731366,0.1717674328313023,,intact
42,66,37.29017340010135,35.56971554910023,1.0,24.7660229,2.0,644.6380611328705,44.25608254111845,3130,0.0475459082570189,2284,0,847,0.7297124600638978,0.0,0.2706070287539936,True,714.0,15.07558485549488,0.4138239866384008,1009,1781,0.6383512544802867,0.3740666961489728,0.2742918851774317,,0.0997748109715411,cohesive
42,154,37.29017340010135,35.33029437183157,1.0,24.7660229,2.0,624.542691485083,81.44555971374467,3009,0.0457078715480415,2428,2,588,0.8069125955466933,0.0006646726487205,0.1954137587238285,True,939.0,17.288521716057144,0.4761335817982429,1429,1910,0.5720275531596286,0.3797958971132712,0.2817290466902531,0.2831506344112098,0.098066850423018,cohesive
42,240,37.29017340010135,34.47284037191177,3.685557720282968,91.27660689979976,4.685557720282968,617.8492723371935,88.13931537648439,3784,0.0574804207171117,1395,817,1575,0.3686575052854122,0.2159090909090909,0.4162262156448203,True,9.0,1.692568750643269,0.0471710610153709,356,997,0.7368810051736882,0.3451409985003952,0.1454826884249362,0.3559899496852959,0.1996583100754589,cohesive
42,275,37.29017340010135,33.85640203978972,2.0,49.5320458,3.0,582.0881731816191,9.015259891938316,3584,0.0544423435121904,1385,1090,1111,0.3864397321428571,0.3041294642857143,0.3099888392857143,True,117.0,6.102643417692329,0.1715512905564431,675,688,0.5047688921496698,0.3660254037844386,0.1695208471985372,0.363663749649012,0.1965045565859014,cohesive
44,82,36.38862987825694,35.64309057811344,2.4641016151377544,61.02599702842861,3.4641016151377544,925.9530870657218,51.89593338947439,3999,0.0607463537124021,3928,7,67,0.9822455613903476,0.0017504376094023,0.0167541885471367,True,1974.0,25.0667851015403,0.6959929581780087,1974,156,0.0732394366197183,0.2801868778094689,0.2817290466902531,0.3288130902060995,-0.0015421688807842,intact
44,95,36.38862987825694,35.71323254136755,8.306623862918075,205.7220368107155,9.306623862918077,989.3935657444258,11.255108297963766,8088,0.1228598421670189,6165,53,1883,0.762240356083086,0.0065529179030662,0.2328140454995054,True,1001.0,17.850159553067712,0.4951372670287446,1014,910,0.4729729729729729,0.3008613653919205,0.2517564787261065,0.3128662985413682,0.0491048866658139,cohesive
44,156,36.38862987825694,35.115097416151045,1.0,24.7660229,2.0,929.7832421450764,57.88642364473306,2932,0.0445382118241468,2861,71,0,0.9757844474761256,0.0242155525238744,0.0,True,2532.0,28.38944578214513,0.7940689767193536,2536,311,0.109237794169301,,0.3090169943749474,0.3333333333333333,,intact
44,191,36.38862987825694,34.925827427854074,1.0,24.7660229,2.0,959.2703357632432,73.91317391396372,3209,0.0487459487529629,3192,9,9,0.9947023995014024,0.0028046120286693,0.0028046120286693,True,1588.0,22.48279562821002,0.6305256038534964,1589,648,0.2896736700938757,0.3333333333333333,0.3090169943749474,0.4641016151377545,0.0243163389583859,intact
42,304,37.29017340010135,36.45330032828756,1.0,24.7660229,2.0,604.2542620359638,65.1209552866303,6416,0.0974615167338765,5450,252,727,0.8494389027431422,0.0392768079800498,0.1133104738154613,True,665.0,14.549091872423544,0.3945865616803077,1576,1284,0.4489510489510489,0.3816524151396708,0.3090169943749474,0.39564392373896,0.0726354207647234,cohesive
43,112,37.36008814073452,35.53817623683374,1.0,24.7660229,2.0,834.0392725861059,17.212431985155423,3050,0.0463306773750504,3006,44,0,0.9855737704918032,0.0144262295081967,0.0,True,1974.0,25.0667851015403,0.687719668378104,1977,19,0.0095190380761523,,0.3090169943749474,0.3064247145378173,,intact
43,132,37.36008814073452,34.69373956573465,1.0,24.7660229,2.0,827.0337580708369,40.91125892553091,2952,0.0448420195446389,2940,12,0,0.9959349593495936,0.0040650406504065,0.0,True,1520.0,21.996159369293583,0.6105479769624705,1536,43,0.0272324255858138,,0.2958163163244892,0.2361885105726844,,intact
43,247,37.36008814073452,35.01302766448857,1.0,24.7660229,2.0,792.5385055143702,80.92654550166064,4455,0.0676731697396228,4135,42,281,0.9281705948372616,0.0094276094276094,0.0630751964085297,True,2232.0,26.654599339742862,0.7365884152750333,2458,389,0.1366350544432736,0.3827822185373187,0.3090169943749474,0.3985677739148772,0.0737652241623713,cohesive
44,227,36.38862987825694,34.72518092685073,2.146264369941973,53.15443253543696,3.146264369941973,971.6356457502408,52.98026653652471,4151,0.0630552923881424,3699,440,12,0.891110575764876,0.105998554565165,0.002890869669959,True,4.0,1.1283791670955126,0.0317344592933688,1616,520,0.2434456928838951,0.3599573858244808,0.2708131845707603,0.3874258867227931,0.0891442012537205,intact
45,115,34.23291951092856,35.825187565631715,1.0,24.7660229,2.0,646.0443899731292,35.59456512255634,3176,0.0482446660141508,3173,3,0,0.9990554156171284,0.0009445843828715,0.0,True,3361.0,32.708401481327705,0.9337506491742232,3361,7,0.0020783847980997,,0.3090169943749474,0.3827822185373187,,intact
45,157,34.23291951092856,35.512891801430825,1.414213562373095,35.02444547122265,2.414213562373095,692.1744030286832,61.204955026811255,3002,0.0456015388458693,2666,245,92,0.8880746169220519,0.0816122584943371,0.0306462358427714,True,2516.0,28.29960553856568,0.8115069566493326,2548,216,0.0781476121562952,0.3911884503169498,0.2817290466902531,0.3740666961489728,0.1094594036266966,intact
45,182,34.23291951092856,34.15014695868493,1.0,24.7660229,2.0,669.1265030954982,80.36016525658674,3013,0.0457686330921399,2995,14,4,0.994025887819449,0.004646531695984,0.0013275804845668,True,3942.0,35.42283968482062,1.03601202793563,4047,466,0.1032572568136494,0.4509526540072415,0.3090169943749474,0.4382703629540102,0.1419356596322941,intact
46,89,37.44887435999587,35.66037034902895,1.0,24.7660229,2.0,586.7596974676228,78.86155353716985,4199,0.0637844309173235,3914,51,237,0.9321266968325792,0.0121457489878542,0.0564420100023815,True,3319.0,32.50339231901805,0.8891732488382754,3323,615,0.1561706449974606,0.3900959445746376,0.3090169943749474,0.3827822185373187,0.0810789501996901,cohesive
46,104,37.44887435999587,35.61023787789007,1.0,24.7660229,2.0,584.0411181829031,74.52904121311599,3493,0.0530600183839512,3291,17,186,0.9421700543945032,0.0048668766103635,0.0532493558545662,True,3155.0,31.69018287908512,0.8675217069679005,3168,789,0.1993934799090219,0.380724156126471,0.303832434700687,0.4494897427831781,0.0768917214257839,intact
46,162,37.44887435999587,35.76973302962812,1.7320508075688772,42.89600996421431,2.732050807568877,556.3746727116608,14.427683890608304,3429,0.0520878336783763,3410,19,0,0.994459025955089,0.005540974044911,0.0,True,2793.0,29.8167656212294,0.8144586925168645,2797,472,0.1443866625879473,,0.2898979485566356,0.4026997478492772,,intact
46,175,37.44887435999587,36.1669028609871,1.0,24.7660229,2.0,585.4535210453314,76.93885843251861,3660,0.0555968128500605,3628,32,0,0.9912568306010928,0.0087431693989071,0.0,True,2581.0,28.662829871461817,0.7787143178675004,2581,0,0.0,,0.3090169943749474,0.4278112058481355,,intact
47,122,37.24204057989186,36.06624197611151,6.4031242374328485,158.57992149580696,7.403124237432848,546.8707983219898,27.886881028100905,4637,0.0704378199961012,2509,1106,1026,0.5410825965063619,0.2385162820789303,0.2212637481130041,True,240.0,8.740387444736633,0.2384556598515174,255,677,0.7263948497854077,0.3316630500434423,0.1879524791852022,0.3461836708046985,0.14371057085824,cohesive
47,182,37.24204057989186,34.15014695868493,1.0,24.7660229,2.0,623.532870903523,7.142410958529632,2930,0.0445078310520976,2929,1,0,0.9996587030716724,0.0003412969283276,0.0,True,2204.0,26.486883341553696,0.7420106948604566,2206,9,0.0040632054176072,,0.3090169943749474,0.3244997998398398,,intact
47,244,37.24204057989186,34.033683084531305,8.657737169873558,214.41771701126973,9.657737169873558,585.922769675851,86.7356996078255,7466,0.1134114220597136,7386,80,0,0.98928475756764,0.01071524243236,0.0,True,1904.0,24.61832697999475,0.6907913582442611,1904,40,0.0205761316872428,,0.2659858398756301,0.4059112435119127,,intact
47,270,37.24204057989186,33.93515360543263,1.0,24.7660229,2.0,604.8556834683696,52.536340343748726,3223,0.0489586141573073,2569,420,235,0.7970834626124729,0.1303133726341917,0.0729134346881787,True,1252.0,19.963065333312567,0.5609399348149244,1439,348,0.1947397873531057,0.387425886722793,0.2843646522044218,0.3851040526300558,0.1030612345183712,cohesive
46,184,37.44887435999587,39.94887713154465,1.0,24.7660229,2.0,601.0509129013946,78.06148472418678,4667,0.0708935315768394,4486,181,0,0.9612170559245768,0.0387829440754231,0.0,True,2853.0,30.13532985189236,0.7787133158561103,2877,0,0.0,,0.2850394689593537,0.3900959445746376,,intact
46,217,37.44887435999587,35.43707512359517,1.0,24.7660229,2.0,628.0223243558876,20.632852295599143,3439,0.0522397375386224,3418,21,0,0.9938935737132888,0.0061064262867112,0.0,True,3709.0,34.36002572548047,0.9428436061799814,3710,0,0.0,,0.3090169943749474,0.4,,intact
47,106,37.24204057989186,33.742301716237634,1.0,24.7660229,2.0,572.7634074254233,72.21563738975713,2946,0.0447508772284913,2245,84,620,0.7620502376103191,0.0285132382892057,0.2104548540393754,True,627.0,14.127289146798006,0.3980395870363178,707,862,0.5493945188017846,0.3816524151396708,0.2817290466902531,0.4,0.0999233684494176,cohesive
47,115,37.24204057989186,35.825187565631715,1.0,24.7660229,2.0,600.4507577811539,62.06334248371914,4799,0.0728986625320875,4430,92,281,0.9231089810377162,0.0191706605542821,0.0585538653886226,True,1711.0,23.337270947145164,0.6387890040297063,1723,681,0.2832778702163062,0.39564392373896,0.2989350844248255,0.4142135623730951,0.0967088393141344,cohesive
41,84,36.22503035801237,35.88164534512529,1.0,24.7660229,2.0,1122.5336009110954,32.18071847228847,3216,0.0488522814551351,3072,144,0,0.9552238805970148,0.044776119402985,0.0,True,2980.0,30.798757455905527,0.8542553697164921,2980,0,0.0,,0.304845440523399,0.39564392373896,,intact
41,109,36.22503035801237,35.273399530514254,2.146264369941973,53.15443253543696,3.146264369941973,1123.4189956606956,36.567750508787206,3488,0.0529840664538281,3349,139,0,0.9601490825688074,0.0398509174311926,0.0,True,1977.0,25.085825579106505,0.7017168242216753,1977,0,0.0,,0.2843646522044218,0.3483314773547882,,intact
41,298,36.22503035801237,48.37173272759542,13.341664064126334,330.41995773625985,14.341664064126334,1191.475288162607,28.091570552625736,1082,0.0164359976786244,1070,12,0,0.988909426987061,0.011090573012939,0.0,True,1740.0,23.534213434057992,0.5563856718783086,1752,0,0.0,,0.1035944612483073,0.1158480486587245,,intact
41,339,36.22503035801237,29.431240655020467,10.099504938362076,250.1245705821383,11.099504938362076,1178.7988172417836,32.824538534711465,346,0.0052558735645139,211,135,0,0.6098265895953757,0.3901734104046243,0.0,False,1127.0,18.940307329321037,0.5769534893494442,1153,0,0.0,,0.0913252486843489,0.197283334622865,,intact
48,114,36.14797266019773,35.708739722130034,4.242640687119285,105.07333641366796,5.242640687119285,1029.463703263753,83.03560072809407,4904,0.0744936530646712,4771,133,0,0.9728792822185972,0.0271207177814029,0.0,True,1559.0,22.276559711062426,0.6200272451245921,1559,0,0.0,,0.2798057840438667,0.3145198591387564,,intact
48,178,36.14797266019773,35.00166422487947,4.449489742783178,110.1961648630833,5.449489742783178,1027.3091106576717,86.2607654770383,5024,0.076316499387624,4960,64,0,0.9872611464968152,0.0127388535031847,0.0,True,2304.0,27.081100010292303,0.7612435198800641,2305,182,0.0731805388017692,,0.2779262976266636,0.3266564450229696,,intact
48,191,36.14797266019773,34.925827427854074,1.0,24.7660229,2.0,996.9826748987978,38.462437292014044,3210,0.0487611391389875,3121,89,0,0.9722741433021806,0.0277258566978193,0.0,True,1984.0,25.13019725725687,0.7071578338606803,1984,152,0.0711610486891385,,0.3090169943749474,0.3874258867227931,,intact
49,108,35.94778165902972,35.555054525553416,1.0,24.7660229,2.0,885.4287783541672,67.76240481681891,3177,0.0482598564001754,3141,28,8,0.9886685552407932,0.0088133459238275,0.0025180988353792,True,2204.0,26.486883341553696,0.7408624539921279,2204,257,0.1044290938642828,0.3055932368134548,0.3090169943749474,0.4008197245479441,-0.0034237575614925,intact
47,294,37.24204057989186,31.65114622483413,1.0,24.7660229,2.0,569.0132537446841,65.12742495036224,2716,0.0412570884428317,2217,328,172,0.8162739322533137,0.1207658321060382,0.0633284241531664,True,1108.0,18.77997214831907,0.5451909838791429,1153,290,0.2009702009702009,0.4,0.2989350844248255,0.3827822185373187,0.1010649155751745,intact
48,51,36.14797266019773,36.15077387506734,3.685557720282968,91.27660689979976,4.685557720282968,1058.626413143053,28.60577871809432,4631,0.0703466776799536,4457,174,0,0.9624271215720148,0.0375728784279853,0.0,True,2401.0,27.645289593840054,0.7647515598449705,2401,0,0.0,,0.2742918851774318,0.3023469000463037,,intact
48,84,36.14797266019773,35.88164534512529,2.6502815398728847,65.63693330793913,3.6502815398728847,1058.0743824779438,29.461147018584967,3750,0.0569639475922751,3682,68,0,0.9818666666666668,0.0181333333333333,0.0,True,1749.0,23.594999278140484,0.6551471445092714,1749,0,0.0,,0.2817290466902531,0.3126480851423008,,intact
48,95,36.14797266019773,35.71323254136755,1.0,24.7660229,2.0,1027.1059048799807,86.38873307101773,3267,0.04962699114239,3206,61,0,0.9813284358738904,0.0186715641261095,0.0,True,2449.0,27.920259870998752,0.7770607184414601,2449,367,0.1303267045454545,,0.3090169943749474,0.3567891723253309,,intact
49,143,35.94778165902972,35.31626330181178,1.0,24.7660229,2.0,933.0530129143548,17.909371427123013,3387,0.0514498374653428,3172,215,0,0.9365219958665486,0.0634780041334514,0.0,True,2989.0,30.845230584376417,0.8656603930165737,3011,0,0.0,,0.3090169943749474,0.4,,intact
49,148,35.94778165902972,35.77408618257428,1.0,24.7660229,2.0,892.583679626666,79.31957050961108,3235,0.0491408987896026,3190,45,0,0.9860896445131376,0.0139103554868624,0.0,True,2210.0,26.52291176447596,0.7396046021291907,2233,334,0.1301129723412543,,0.3090169943749474,0.4305008740430604,,intact
49,213,35.94778165902972,34.46687961923308,1.0,24.7660229,2.0,919.9887656206616,54.20271414450553,3246,0.0493079930358733,3238,8,0,0.9975354282193468,0.0024645717806531,0.0,True,2689.0,29.25637168119473,0.8309738668082255,2689,0,0.0,,0.3090169943749474,0.4455040914477155,,intact
49,222,35.94778165902972,35.664062041282264,5.414213562373095,134.08853707122265,6.414213562373095,863.4236953151944,17.727643419633687,7813,0.1186824860102521,7676,92,48,0.9824651222321772,0.0117752463842314,0.0061436068091642,True,2441.0,27.87461985704259,0.778491892310298,2621,414,0.1364085667215815,0.2155146893583885,0.2758872381516119,0.1977907657787564,-0.0603725487932234,intact
50,63,36.056206151739175,35.60295694253179,6.0,148.5961374,7.0,924.17106850451,2.2368649029418672,6135,0.0931930182609621,6101,34,0,0.9944580277098616,0.0055419722901385,0.0,True,2616.0,28.856518540128786,0.8053825161805669,2616,0,0.0,,0.2696862318229452,0.1680743603534397,,intact
50,71,36.056206151739175,35.62322318948888,1.0,24.7660229,2.0,942.7379171894628,57.02598806040235,2488,0.0377936804292214,2484,4,0,0.9983922829581994,0.0016077170418006,0.0,True,1852.0,24.279825147895533,0.6774558718181769,1865,0,0.0,,0.2989350844248255,0.2255522231155612,,intact
50,124,36.056206151739175,35.27678898369645,1.0,24.7660229,2.0,978.2970233071558,66.77822314799629,2515,0.0382038208518858,2499,16,0,0.9936381709741552,0.0063618290258449,0.0,True,1740.0,23.534213434057992,0.6598408881997738,1750,37,0.0207050923335198,,0.303832434700687,0.4431747586863372,,intact
50,140,36.056206151739175,35.6431532162262,8.917213725368399,220.84391932666807,9.9172137253684,995.5400076559076,38.80532250146717,6689,0.1016084921185942,6408,281,0,0.9579907310509792,0.0420092689490207,0.0,True,1942.0,24.862779389459288,0.6935286342479583,1943,6,0.0030785017957927,,0.2713990389741577,0.1757340838011157,,intact
50,142,36.056206151739175,35.37880695443504,2.449489742783178,60.66411906308329,3.449489742783178,993.3137139271354,37.2947906206894,4043,0.0614147306974848,3962,81,0,0.9799653722483304,0.0200346277516695,0.0,True,3439.0,33.08576277775769,0.9263178192067286,3445,0,0.0,,0.2817290466902531,0.3797958971132712,,intact
50,231,36.056206151739175,34.500072863257465,1.414213562373095,35.02444547122265,2.414213562373095,961.5211309134507,86.95410156187805,3137,0.0476522409591912,3086,51,0,0.983742429072362,0.0162575709276378,0.0,True,1915.0,24.68933842860029,0.699848086471584,1917,0,0.0,,0.2933997741163456,0.414213562373095,,intact
51,84,36.15077387506734,35.88164534512529,1.0,24.7660229,2.0,1091.9004397994736,89.12369739811503,3291,0.0499915604069806,3162,129,0,0.9608021877848678,0.0391978122151321,0.0,True,2737.0,29.516337145469716,0.8195292471086544,2737,0,0.0,,0.3090169943749474,0.3797958971132712,,intact
51,135,36.15077387506734,35.00958694434186,1.0,24.7660229,2.0,1108.209427808317,63.76459010587024,3139,0.0476826217312404,3095,44,0,0.9859827970691304,0.0140172029308697,0.0,True,1947.0,24.894765481920903,0.6996806985028885,1948,0,0.0,,0.3090169943749474,0.3516287047744073,,intact
53,119,36.04255090884687,36.68093515788354,4.65685424949238,115.33175898489058,5.65685424949238,892.9763056080816,45.40401991593474,4763,0.0723518086352017,4674,89,0,0.9813142977115265,0.0186857022884736,0.0,True,2491.0,28.158656333067857,0.7744033696962693,2491,0,0.0,,0.2771863727725964,0.2129088554318267,,intact
53,121,36.04255090884687,34.87532591967524,1.0,24.7660229,2.0,831.1252248082537,21.761013949736345,2726,0.0414089923030778,2574,152,0,0.9442406456346296,0.0557593543653705,0.0,True,4258.0,36.81526171807802,1.038250533277992,4258,0,0.0,,0.3090169943749474,0.3090169943749474,,intact
53,322,36.04255090884687,35.40358484036005,1.0,24.7660229,2.0,874.5145131020116,74.27100847924451,3683,0.0559461917286264,3670,13,0,0.9964702688026066,0.0035297311973934,0.0,True,2834.0,30.03481675397509,0.8407681238186067,2834,0,0.0,,0.3090169943749474,0.392280956059262,,intact
54,68,36.57940015033765,36.008582263413984,1.0,24.7660229,2.0,566.7260822928243,58.07763842672413,3477,0.0528169722075574,3230,247,0,0.9289617486338798,0.0710382513661202,0.0,True,1471.0,21.638711666278937,0.5962064503443074,1477,490,0.2491103202846975,,0.3021694792519622,0.3740666961489728,,intact
54,72,36.57940015033765,37.02266829031923,1.0,24.7660229,2.0,531.2335015532027,64.88195639360694,3131,0.0475610986430435,2706,20,407,0.8642606196103482,0.0063877355477483,0.1299904183966783,True,827.0,16.224742705941285,0.4408773571091362,1012,1715,0.6288962229556289,0.39564392373896,0.2857142857142857,0.4390050566079807,0.1099296380246743,cohesive
54,154,36.57940015033765,35.33029437183157,10.181782043891005,252.16224726181343,11.181782043891005,588.7389177718728,9.62764632485326,7656,0.1162975954043888,1152,839,5675,0.1504702194357366,0.1095872518286311,0.7412486938349008,False,130.0,6.432750982580687,0.1789119262799126,206,1163,0.8495252008765523,0.2759820624195551,0.0714285714285714,0.4549954627911821,0.2045534909909837,mixed
54,243,36.57940015033765,34.038354210100614,2.146264369941973,53.15443253543696,3.146264369941973,526.0382721943017,54.47603786424792,3561,0.0540929646336244,3464,32,67,0.9727604605447908,0.0089862398202752,0.0188149396237012,True,1776.0,23.77642441290137,0.6733837581847969,1959,1343,0.4067231980617807,0.40369821609784,0.2817290466902531,0.39782196186948,0.1219691694075869,intact
54,275,36.57940015033765,33.85640203978972,1.0,24.7660229,2.0,546.284399468409,88.07435722351852,2685,0.0407861864760689,1733,364,592,0.6454376163873371,0.1355679702048417,0.2204841713221601,True,357.0,10.660048281673648,0.302688347408864,514,1452,0.7385554425228891,0.3874258867227931,0.25,0.3874258867227931,0.1374258867227931,cohesive
51,163,36.15077387506734,35.13670369587606,10.015099296692402,248.0341785276579,11.015099296692402,1103.3313164894803,74.64670309853325,8561,0.1300448947566579,8249,307,5,0.9635556593855858,0.0358602966943114,0.0005840439201027,True,1395.0,21.072311008201925,0.5911924990537454,1395,156,0.1005802707930367,0.1804573519055407,0.2604536881982494,0.349188562111735,-0.0799963362927086,intact
51,165,36.15077387506734,35.75199853007004,1.0,24.7660229,2.0,1124.8930194409204,27.601132435823587,3227,0.0490193757014058,3137,90,0,0.9721103191819028,0.0278896808180973,0.0,True,2583.0,28.67393304052884,0.7975751721773698,2584,217,0.0774723313102463,,0.3090169943749474,0.3700460499667057,,intact
51,178,36.15077387506734,35.00166422487947,3.685557720282968,91.27660689979976,4.685557720282968,1061.1351679792017,34.76698443988138,4444,0.0675060754933521,4341,103,0,0.9768226822682268,0.0231773177317731,0.0,True,2204.0,26.486883341553696,0.7445109134376521,2204,50,0.0221827861579414,,0.2791745113185196,0.2572842744474721,,intact
51,193,36.15077387506734,34.34399097529891,1.414213562373095,35.02444547122265,2.414213562373095,1074.958911854719,61.01789311825825,3410,0.0517992163439088,3341,69,0,0.979765395894428,0.0202346041055718,0.0,True,2217.0,26.564883166870207,0.7536696724432635,2217,0,0.0,,0.2958163163244892,0.4,,intact
52,125,36.36529696535297,35.605342404496575,8.16515138991168,202.21832630451948,9.16515138991168,729.394429218987,35.15676876897989,6941,0.1054364693967951,6817,106,20,0.9821351390289584,0.0152715747010517,0.0028814291888776,True,4383.0,37.35173665498774,1.0379715112169865,4383,327,0.0694267515923566,0.2107855960490806,0.2674788903885893,0.3148361566680043,-0.0566932943395087,intact
52,194,36.36529696535297,36.829845387931286,1.0,24.7660229,2.0,670.4615122277955,48.23268702221219,3387,0.0514498374653428,3292,95,0,0.97195157956894,0.0280484204310599,0.0,True,3750.0,34.54941494713355,0.9440357334200422,3756,588,0.1353591160220994,,0.3090169943749474,0.4045372666182638,,intact
52,201,36.36529696535297,35.12967650967651,9.839639641948532,243.6887407002452,10.839639641948532,667.7087961781415,46.292003986753365,9858,0.1497468254305728,9682,176,0,0.9821464800162304,0.0178535199837695,0.0,True,4053.0,35.91810085044731,1.0047727582692836,4053,0,0.0,,0.2640379757271236,0.3228287342177362,,intact
52,226,36.36529696535297,35.041890092227234,2.863703305156273,70.92254163430594,3.863703305156273,674.8584639418291,55.83364252265067,4263,0.0647566156228983,4186,77,0,0.9819376026272578,0.0180623973727422,0.0,True,3276.0,32.29215364663835,0.9044510777493338,3277,0,0.0,,0.2801868778094689,0.339714227381436,,intact
54,284,36.57940015033765,35.32685141397506,1.0,24.7660229,2.0,527.8033204542674,55.91464486041054,3047,0.0462851062169766,1995,286,770,0.6547423695438136,0.0938628158844765,0.2527075812274368,True,331.0,10.264529815185629,0.285497563616011,346,1026,0.7478134110787172,0.3816524151396708,0.2612038749637414,0.3822173168384947,0.1204485401759293,cohesive
55,90,35.9018452220426,35.56323598646882,1.0,24.7660229,2.0,793.5048329926925,34.58331676525256,3620,0.0549891974090762,3022,1,607,0.8348066298342541,0.0002762430939226,0.1676795580110497,True,1641.0,22.85490151428355,0.6396103139546019,1676,612,0.2674825174825175,0.3874258867227931,0.2898979485566356,0.2572842744474721,0.0975279381661575,cohesive
55,98,35.9018452220426,36.01888999398882,1.0,24.7660229,2.0,824.8179012961375,86.69724906709627,4063,0.061718538417977,4052,11,0,0.9972926409057348,0.0027073590942653,0.0,True,2670.0,29.15282826949593,0.8106932773122612,2730,14,0.0051020408163265,,0.3090169943749474,0.3483314773547883,,intact
55,148,35.9018452220426,35.77408618257428,1.8284271247461903,45.2828680424453,2.8284271247461903,854.2926372763666,31.4751804105139,3570,0.0542296781078459,2549,228,807,0.7140056022408964,0.0638655462184873,0.2260504201680672,True,8.0,1.5957691216057308,0.0445273354760463,2306,282,0.1089644513137557,0.375,0.25,0.3310732117697164,0.1249999999999999,cohesive
55,151,35.9018452220426,34.792364223190646,1.414213562373095,35.02444547122265,2.414213562373095,814.8429321631074,77.32304411241152,3465,0.0526346875752622,3345,74,48,0.9653679653679652,0.0213564213564213,0.0138528138528138,True,2298.0,27.045815174447064,0.7651493774861274,2312,653,0.2202360876897133,0.3108325397586241,0.2958163163244892,0.4142135623730951,0.0150162234341348,intact
55,187,35.9018452220426,34.86472360632535,6.817337799805944,168.8383440670296,7.817337799805943,792.3437413956422,40.238102537960096,5170,0.0785342957472166,2706,763,1709,0.5234042553191489,0.1475822050290135,0.3305609284332688,True,1661.0,22.99375395517827,0.6498479249699286,1670,590,0.2610619469026549,0.3090169943749474,0.1916074179729641,0.3581925966928192,0.1174095764019832,cohesive
55,222,35.9018452220426,35.664062041282264,5.0,123.8301145,6.0,825.1326529648951,86.46226207281667,5669,0.0861142983734953,2543,1,3136,0.4485799964720409,0.0001763979537837,0.5531839830657964,True,1438.0,21.394616526881038,0.5978996800294897,1953,666,0.2542955326460481,0.349586663902989,0.1454826884249362,0.3632995963024343,0.2041039754780527,cohesive
56,64,35.81600875983135,35.98444645931026,1.0,24.7660229,2.0,1123.7339333661853,8.729608236888932,3125,0.0474699563268959,3079,46,0,0.98528,0.01472,0.0,True,2775.0,29.72053051612671,0.8278646820669009,2776,0,0.0,,0.3090169943749474,0.3333333333333333,,intact
57,110,35.920850640183694,36.12298610796072,8.657737169873558,214.41771701126973,9.657737169873558,811.4257292677636,84.54759800932341,7460,0.1133202797435659,6580,880,0,0.8820375335120644,0.1179624664879356,0.0,True,1189.0,19.454317121722035,0.5400688802772045,1190,0,0.0,,0.2547778406202406,0.3464047759419222,,intact
57,118,35.920850640183694,35.739293549720855,4.242640687119285,105.07333641366796,5.242640687119285,809.6240807360243,81.5142260560681,4467,0.0678554543719181,4416,51,0,0.9885829415715244,0.0114170584284754,0.0,True,2313.0,27.133941231290155,0.7572951893421609,2313,0,0.0,,0.2817290466902531,0.3008613653919205,,intact
57,125,35.920850640183694,35.605342404496575,8.018397960625059,198.5838275141535,9.01839796062506,789.0660587161165,50.01161615891159,6353,0.0965045224143263,6265,88,0,0.986148276404848,0.0138517235951518,0.0,True,2083.0,25.749553256723427,0.720003460568311,2087,0,0.0,,0.269128646713734,0.2678433961909959,,intact
57,167,35.920850640183694,35.24875845540225,1.0,24.7660229,2.0,812.6247954818361,85.6656447077753,3050,0.0463306773750504,2991,59,0,0.980655737704918,0.0193442622950819,0.0,True,2669.0,29.14736842709025,0.8190959258450673,2669,0,0.0,,0.304845440523399,0.3133921657949117,,intact
57,185,35.920850640183694,34.68573802823606,1.0,24.7660229,2.0,827.0550888556976,70.88425151948677,3039,0.0461635831287797,2863,176,0,0.9420862125699244,0.0579137874300756,0.0,True,1830.0,24.135183689301744,0.6836524506981796,1832,0,0.0,,0.3090169943749474,0.3473495177958304,,intact
57,188,35.920850640183694,34.395525530844665,1.0,24.7660229,2.0,835.923110800997,54.35300642040596,3111,0.0472572909225514,2865,246,0,0.9209257473481196,0.0790742526518804,0.0,True,2479.0,28.090749506725825,0.7989817176699082,2479,0,0.0,,0.3008613653919205,0.3660254037844387,,intact
57,289,35.920850640183694,34.14987401789476,1.0,24.7660229,2.0,841.5869440402084,42.99261162568045,3167,0.0481079525399294,2957,210,0,0.9336911904010105,0.0663088095989895,0.0,True,2046.0,25.519835954254013,0.7284022272862802,2047,0,0.0,,0.3008613653919205,0.414213562373095,,intact
58,70,39.08702976639758,37.30521804270981,10.0,247.660229,11.0,1158.7911166804247,87.64963422841475,9428,0.1432149594399919,8646,782,0,0.9170555791260075,0.0829444208739923,0.0,True,1323.0,20.52130549992264,0.53726146535712,1324,0,0.0,,0.2547778406202406,0.3534959180103599,,intact
59,88,35.88003826238517,36.22745587059799,1.0,24.7660229,2.0,1120.9496438053625,34.74875916527608,3045,0.0462547254449274,2941,104,0,0.9658456486042692,0.0341543513957307,0.0,True,2128.0,26.026206750102997,0.7218724506527588,2128,0,0.0,,0.3090169943749474,0.3516287047744073,,intact
59,100,35.88003826238517,35.3063072377907,2.863703305156273,70.92254163430594,3.863703305156273,1149.0609515165577,87.140002819114,4103,0.0623261538589612,3932,171,0,0.9583231781623204,0.0416768218376797,0.0,True,1483.0,21.72679362470592,0.610420256077122,1484,0,0.0,,0.2766967754673748,0.3827822185373187,,intact
59,130,35.88003826238517,35.41272483695998,1.0,24.7660229,2.0,1123.7654020071277,41.33768964219477,3153,0.0478952871355849,3036,117,0,0.9628924833491912,0.0371075166508087,0.0,True,2979.0,30.793589445556886,0.8638629815103838,2979,0,0.0,,0.303832434700687,0.3874258867227931,,intact
59,163,35.88003826238517,35.13670369587606,1.0,24.7660229,2.0,1132.5760169886407,59.41892648287688,2950,0.0448116387725897,2913,37,0,0.987457627118644,0.0125423728813559,0.0,True,1875.0,24.430125595146,0.6880103176094546,1877,0,0.0,,0.3090169943749474,0.3483314773547882,,intact
60,115,36.83230921704117,35.825187565631715,1.0,24.7660229,2.0,620.6671831447879,84.66721299006011,3430,0.0521030240644009,3333,97,0,0.9717201166180758,0.0282798833819242,0.0,True,2416.0,27.73151068766428,0.7633489155458381,2416,84,0.0336,,0.3090169943749474,0.3874258867227931,,intact
60,141,36.83230921704117,37.17467522203558,1.0,24.7660229,2.0,592.0610814107849,32.752373262438375,3354,0.0509485547265308,3346,8,0,0.9976147883124628,0.0023852116875372,0.0,True,3123.0,31.529062379842163,0.8520564003198154,3123,0,0.0,,0.303832434700687,0.4288281413551655,,intact
60,164,36.83230921704117,35.93441363578625,4.65685424949238,115.33175898489058,5.65685424949238,612.1173963346303,72.48975000491919,5178,0.0786558188354134,5088,90,0,0.9826187717265352,0.0173812282734646,0.0,True,2674.0,29.174657421389824,0.8018681143686057,2674,0,0.0,,0.2766967754673748,0.3190428972593295,,intact
60,182,36.83230921704117,34.15014695868493,7.79385036540706,193.0226766288446,8.79385036540706,643.749296267157,60.2659109312062,7573,0.1150367933643465,7551,22,0,0.9970949425590916,0.0029050574409084,0.0,True,1655.0,22.95218642382842,0.6467002597658036,1658,533,0.2432679141944317,,0.2690005236784504,0.3671111365059479,,intact
61,198,36.00373313519125,34.74022092776492,1.0,24.7660229,2.0,967.6040196440016,63.6864446740574,3229,0.049049756473455,3229,0,0,1.0,0.0,0.0,True,2455.0,27.9544409813755,0.7902990821377726,2456,397,0.1391517700665965,,0.3090169943749474,,,intact
61,227,36.00373313519125,34.72518092685073,3.1815405503520555,78.79410612729761,4.181540550352056,972.9049767969713,56.3354117286704,3846,0.0584222246506373,3776,62,9,0.9817992719708788,0.016120644825793,0.0023400936037441,True,2480.0,28.096414677602564,0.7944817208124234,2481,255,0.0932017543859649,0.2296684845121643,0.2801868778094689,0.2393517477920136,-0.0505183932973045,intact
62,64,35.7574140849054,35.98444645931026,1.8284271247461903,45.2828680424453,2.8284271247461903,1060.559064001853,45.16144203157963,3473,0.052756210663459,3368,105,0,0.9697667722430175,0.0302332277569824,0.0,True,3569.0,33.705310913711344,0.9396274548229264,3569,0,0.0,,0.2857142857142857,0.3443593434156103,,intact
62,95,35.7574140849054,35.71323254136755,1.0,24.7660229,2.0,1031.6444501557175,86.40297409559426,3396,0.0515865509395643,3384,12,0,0.9964664310954064,0.0035335689045936,0.0,True,2013.0,25.313194205551596,0.708352180942668,2013,258,0.1136063408190224,,0.3090169943749474,0.5,,intact
60,194,36.83230921704117,36.829845387931286,8.719749027788248,215.9535041044565,9.719749027788248,634.466162331243,75.6406971799659,8361,0.1270068175517366,8219,142,0,0.9830163855998086,0.0169836144001913,0.0,True,2248.0,26.749964937194992,0.7262878768791615,2248,350,0.1347190146266358,,0.2680748568360903,0.3062170434674297,,intact
60,244,36.83230921704117,34.033683084531305,1.0,24.7660229,2.0,606.139195039485,59.57184199928197,3462,0.0525891164171883,3419,43,0,0.987579433853264,0.0124205661467359,0.0,True,3622.0,33.954652225544734,0.9582777612440572,3649,0,0.0,,0.3090169943749474,0.414213562373095,,intact
61,62,36.00373313519125,35.7574140849054,10.04987562112089,248.8954497748317,11.04987562112089,992.895893008436,7.36430735117997,7906,0.1200951919105405,6436,1179,293,0.8140652668859094,0.1491272451302808,0.0370604604098153,True,1113.0,18.822298035111416,0.5245818598017131,1153,454,0.282514001244555,0.2052130961576726,0.3076923076923077,0.1677897757226651,-0.102479211534635,mixed
61,82,36.00373313519125,35.64309057811344,1.414213562373095,35.02444547122265,2.414213562373095,927.2224181124524,48.18697693628184,3130,0.0475459082570189,2964,145,21,0.946964856230032,0.0463258785942492,0.0067092651757188,True,2708.0,29.35954992478095,0.8195631963327059,2708,160,0.0557880055788005,0.3008613653919205,0.2933997741163456,0.3516287047744073,0.0074615912755748,intact
56,77,35.81600875983135,35.594919349440815,1.0,24.7660229,2.0,1157.088614916097,84.9532461052034,3406,0.0517384547998104,3336,70,0,0.9794480328831474,0.0205519671168526,0.0,True,2026.0,25.394799259067984,0.7112300576799439,2037,0,0.0,,0.3090169943749474,0.4317713281142754,,intact
56,196,35.81600875983135,35.320601368371406,1.0,24.7660229,2.0,1160.7276166602717,89.19962122568265,2789,0.042365986622628,2713,76,0,0.972750089637863,0.0272499103621369,0.0,True,2676.0,29.185565874723483,0.8205498075358133,2676,0,0.0,,0.3090169943749474,0.396140478029631,,intact
56,292,35.81600875983135,59.46250142215923,16.0,396.2563664,17.0,1193.698021628362,37.34817862332785,2514,0.0381886304658612,1908,606,0,0.7589498806682577,0.2410501193317422,0.0,True,922.0,17.131308037083887,0.3596048679678458,922,0,0.0,,0.0817997772825745,0.1456058616247488,,intact
57,81,35.920850640183694,35.51364896558651,1.0,24.7660229,2.0,780.9527198277653,20.14651450134736,2874,0.0436571694347196,2621,253,0,0.9119693806541406,0.0880306193458594,0.0,True,3274.0,32.28229495196602,0.9038292458160756,3274,0,0.0,,0.3090169943749474,0.3266316347104093,,intact
62,114,35.7574140849054,35.708739722130034,1.0,24.7660229,2.0,1034.0022485394902,89.80319707819852,3068,0.0466041043234933,3052,16,0,0.9947848761408083,0.0052151238591916,0.0,True,1795.0,23.903268514994014,0.6689395536671761,1795,200,0.100250626566416,,0.3090169943749474,0.4208637565600508,,intact
62,145,35.7574140849054,35.059378977226274,7.246211251235321,179.4598337863316,8.246211251235321,1066.147304428535,36.61185260109623,5969,0.0906714141808773,5781,188,0,0.968503937007874,0.0314960629921259,0.0,True,3584.0,33.77606596515802,0.9538999015536984,3584,0,0.0,,0.2687959533979826,0.2923845395911004,,intact
62,198,35.7574140849054,34.74022092776492,5.414213562373095,134.08853707122265,6.414213562373095,1008.5855730085628,48.7350419170284,6904,0.1048744251138846,6848,56,0,0.9918887601390498,0.0081112398609501,0.0,True,2766.0,29.672295920342343,0.8417954989556583,2766,173,0.0588635590336849,,0.2766967754673748,0.2487880584317482,,intact
62,227,35.7574140849054,34.72518092685073,4.449489742783178,110.1961648630833,5.449489742783178,1013.8865301615324,58.38368812445929,5181,0.0787013899934873,5066,115,0,0.97780351283536,0.02219648716464,0.0,True,2989.0,30.845230584376417,0.8752580854672446,2989,147,0.046875,,0.2801868778094689,0.2421017236931483,,intact
63,71,35.60295694253179,35.62322318948888,1.0,24.7660229,2.0,903.449406067899,58.99402144056047,3627,0.0550955301112485,3627,0,0,1.0,0.0,0.0,True,2043.0,25.50111953372801,0.7160602881260973,2066,0,0.0,,0.3090169943749474,,,intact
63,132,35.60295694253179,34.69373956573465,1.0,24.7660229,2.0,870.3631977292101,65.89328413115996,2941,0.0446749252983683,1600,0,1349,0.5440326419585175,0.0,0.4586875212512751,True,515.0,12.80349918517013,0.3642702949395216,1030,1271,0.5523685354193829,0.3726822671238252,0.23582845781094,,0.1368538093128852,cohesive
63,208,35.60295694253179,34.30826400849537,1.0,24.7660229,2.0,880.0401022556598,81.93084434502059,3265,0.0495966103703408,3165,100,0,0.9693721286370596,0.0306278713629402,0.0,True,2199.0,26.456822177241087,0.7568691210749731,2206,31,0.013857845328565,,0.3090169943749474,0.4072739409583566,,intact
64,109,35.98444645931026,35.273399530514254,1.414213562373095,35.02444547122265,2.414213562373095,1090.1799401321364,85.41375386178409,3346,0.050827031638334,3258,88,0,0.9736999402271368,0.0263000597728631,0.0,True,2031.0,25.42611607853781,0.7136369539480216,2031,0,0.0,,0.2933997741163456,0.3991718357941186,,intact
64,114,35.98444645931026,35.708739722130034,1.0,24.7660229,2.0,1060.6838661683455,41.905352320673344,3419,0.0519359298181303,3301,118,0,0.9654869844983912,0.0345130155016086,0.0,True,2357.0,27.39080870903951,0.7641119098743684,2357,0,0.0,,0.304845440523399,0.3660254037844387,,intact
65,116,35.67394450600643,35.246068253205905,1.0,24.7660229,2.0,1053.983801067634,64.11867956689984,3285,0.049900418090833,3265,20,0,0.9939117199391172,0.0060882800608828,0.0,True,2279.0,26.933774904622243,0.7595535831632689,2280,632,0.217032967032967,,0.3090169943749474,0.4364916731037084,,intact
65,150,35.67394450600643,34.74127587752717,1.0,24.7660229,2.0,1031.7835541248578,79.68658083869568,3257,0.049475087282144,3183,74,0,0.9772797052502302,0.0227202947497697,0.0,True,1815.0,24.03606547302574,0.6826951713594722,1816,0,0.0,,0.3090169943749474,0.4,,intact
65,153,35.67394450600643,35.08486852960442,4.65685424949238,115.33175898489058,5.65685424949238,1014.549619912832,52.03797602722677,5092,0.0773494456372973,5029,63,0,0.9876276512175962,0.0123723487824037,0.0,True,2364.0,27.431452220735256,0.7753508303461735,2364,0,0.0,,0.2779262976266636,0.2588283628687876,,intact
65,166,35.67394450600643,34.965316634264894,1.414213562373095,35.02444547122265,2.414213562373095,1015.0354523950372,50.79355302350238,3120,0.0473940043967729,2989,131,0,0.9580128205128206,0.0419871794871794,0.0,True,2638.0,28.97760307121415,0.8204390194193034,2638,0,0.0,,0.2898979485566356,0.3516287047744073,,intact
65,178,35.67394450600643,35.00166422487947,6.28538328578604,155.6639463910543,7.28538328578604,1033.988585163169,83.90493130255103,6133,0.0931626374889128,6010,123,0,0.9799445622044676,0.0200554377955323,0.0,True,1441.0,21.41692195416611,0.6060626102483562,1441,0,0.0,,0.2687959533979826,0.414213562373095,,intact
65,233,35.67394450600643,34.87591474809508,1.0,24.7660229,2.0,1020.5604139629892,60.16583981330757,3458,0.0525283548730899,3362,96,0,0.9722382880277616,0.0277617119722382,0.0,True,2081.0,25.737188524554668,0.7296170055238885,2081,0,0.0,,0.304845440523399,0.4105458806138031,,intact
66,147,35.56971554910023,35.588700283162204,1.0,24.7660229,2.0,690.783268613274,54.68088688811781,3240,0.0492168507197257,2692,16,538,0.8308641975308642,0.0049382716049382,0.1660493827160493,True,1281.0,20.192943425895987,0.5675489874169102,1424,1345,0.4857349223546406,0.3740666961489728,0.2898979485566356,0.4072384349238177,0.0841687475923372,cohesive
67,193,35.90388247938357,34.34399097529891,1.0,24.7660229,2.0,1075.071061424693,59.92012626266984,3266,0.0496118007563654,3251,15,0,0.9954072259644824,0.0045927740355174,0.0,True,2225.0,26.612769430462027,0.7576818520387001,2226,0,0.0,,0.3090169943749474,0.424807680927192,,intact
67,204,35.90388247938357,34.80228796220674,5.0990195135927845,126.28243404118577,6.0990195135927845,1056.0074414829776,19.63036120461609,5228,0.0794153381366438,5223,5,0,0.999043611323642,0.000956388676358,0.0,True,2478.0,28.08508319310152,0.7944167536637369,2478,0,0.0,,0.2758872381516119,0.3660254037844386,,intact
67,221,35.90388247938357,35.32021864065531,1.414213562373095,35.02444547122265,2.414213562373095,1073.0916234284705,58.14806960411137,3168,0.048123142925954,3162,6,0,0.9981060606060606,0.0018939393939393,0.0,True,2503.0,28.226399790232332,0.7926081016497615,2506,0,0.0,,0.2933997741163456,0.4401754077045811,,intact
68,72,36.008582263413984,37.02266829031923,1.414213562373095,35.02444547122265,2.414213562373095,550.4793988893641,21.5247117117952,3022,0.0459053465663614,2530,1,493,0.8371939113170086,0.000330906684315,0.1631369953673064,True,917.0,17.08479340321492,0.4678762385602222,1426,1644,0.5355048859934853,0.356789172325331,0.2742918851774317,0.4494897427831781,0.0824972871478992,cohesive
66,304,35.56971554910023,36.45330032828756,10.364905678081108,256.6974913796967,11.364905678081108,629.8045907857509,13.02496914941792,5624,0.085430731002388,5149,1,479,0.9155405405405406,0.0001778093883357,0.0851706970128022,True,641.0,14.284139352575984,0.3966548520237849,694,639,0.4793698424606151,0.3289898118471879,0.2585688584788905,0.3276586455612436,0.0704209533682974,cohesive
66,326,35.56971554910023,28.396674494236542,4.0197648378370845,99.553588026488,5.0197648378370845,643.5770966469879,43.50202955056831,1995,0.0303048201190903,1549,0,450,0.7764411027568923,0.0,0.225563909774436,True,864.0,16.583719174624104,0.5185135244739856,1027,973,0.4865,0.353372395505954,0.2542862710161889,,0.0990861244897651,cohesive
67,93,35.90388247938357,35.476889250593025,1.0,24.7660229,2.0,1086.9709100915145,80.81608902620778,3413,0.0518447875019826,3409,4,0,0.998828010547905,0.0011719894520949,0.0,True,2893.0,30.345848162964675,0.8502527341048859,2894,0,0.0,,0.3090169943749474,0.427866001242674,,intact
67,135,35.90388247938357,35.00958694434186,6.28538328578604,155.6639463910543,7.28538328578604,1108.321577378291,66.41449396584298,6174,0.0937854433159217,6097,77,0,0.9875283446712018,0.0124716553287981,0.0,True,1812.0,24.01619274083693,0.6773379707974595,1812,0,0.0,,0.2714970279031851,0.2980733538795447,,intact
68,154,36.008582263413984,35.33029437183157,10.366600265340756,256.73945956657525,11.366600265340756,607.9848151080341,57.68712992954827,9370,0.1423339170505647,1825,259,7294,0.1947705442902881,0.027641408751334,0.7784418356456777,False,35.0,3.3377905890622728,0.0935756419638716,670,1239,0.6490309062336301,0.3029481428933683,0.0817997772825745,0.4555334217802518,0.2211483656107937,cohesive
68,155,36.008582263413984,35.86674340347741,1.0,24.7660229,2.0,585.6368538906557,89.46738433063082,3151,0.0478649063635357,2838,15,301,0.9006664550936211,0.0047603935258648,0.095525230085687,True,2336.0,27.26851470332286,0.7587726232977282,2454,753,0.2347988774555659,0.3827822185373187,0.304845440523399,0.4,0.0779367780139196,cohesive
68,240,36.008582263413984,34.47284037191177,1.0,24.7660229,2.0,601.2913959601447,64.32725776036021,3081,0.0468015793418132,2753,288,41,0.8935410580980201,0.0934761441090555,0.0133073677377474,True,3821.0,34.874949105457695,0.9896210320811016,3830,233,0.0573467880876199,0.3597752501562546,0.2989350844248255,0.3874258867227931,0.0608401657314291,intact
68,253,36.008582263413984,36.95071200079368,1.0,24.7660229,2.0,600.4521869109496,67.04365259172248,3254,0.0494295161240702,3046,18,190,0.936078672403196,0.0055316533497234,0.0583896742470805,True,2688.0,29.25093116572581,0.8018424920558946,3002,1041,0.2574820677714568,0.3827822185373187,0.3021694792519622,0.4270509831248423,0.0806127392853564,intact
59,170,35.88003826238517,34.72346501130035,1.0,24.7660229,2.0,1145.0215683902156,80.45741158573826,3344,0.0507966508662848,3253,91,0,0.9727870813397128,0.027212918660287,0.0,True,2466.0,28.0169980427816,0.7936432823787019,2472,62,0.0244672454617206,,0.3090169943749474,0.4,,intact
59,278,35.88003826238517,57.06931329903934,1.8284271247461903,45.2828680424453,2.8284271247461903,1187.6230573187763,41.50824143374916,3185,0.0483813794883723,3142,43,0,0.9864992150706436,0.0135007849293563,0.0,True,1195.0,19.50334109812034,0.4196552374059712,1195,0,0.0,,0.2702497081968528,0.3704152082810797,,intact
59,285,35.88003826238517,61.042041869484365,20.024984394500787,495.9392220863491,21.024984394500787,1188.6543613771928,19.343913423646576,1430,0.0217222520151875,1343,87,0,0.9391608391608391,0.0608391608391608,0.0,False,536.0,13.061933202803932,0.2695347269689677,647,0,0.0,,0.067256599521654,0.0969979769943108,,intact
60,94,36.83230921704117,35.70586871784906,1.0,24.7660229,2.0,655.9517073305135,28.48633522610932,3243,0.0492624218777995,3241,2,0,0.9993832870798643,0.0006167129201356,0.0,True,3193.0,31.88045587165973,0.878997978148153,3329,526,0.1364461738002594,,0.3090169943749474,0.3877199104261156,,intact
58,74,39.08702976639758,35.63118533971885,1.0,24.7660229,2.0,1151.2315229752255,74.9734584506066,3594,0.0545942473724364,3544,50,0,0.9860879243183084,0.0139120756816917,0.0,True,1783.0,23.82323502519544,0.6376821231974337,1793,0,0.0,,0.3090169943749474,0.3420988687076606,,intact
58,93,39.08702976639758,35.476889250593025,1.0,24.7660229,2.0,1120.885965335303,20.07083808949273,3386,0.0514346470793182,3121,265,0,0.9217365623154165,0.0782634376845835,0.0,True,2060.0,25.60699837034026,0.6868469015021941,2060,0,0.0,,0.2933997741163456,0.3797958971132712,,intact
58,172,39.08702976639758,37.708709508631,4.0197648378370845,99.553588026488,5.0197648378370845,1162.5234977481225,86.81254460666366,4924,0.0747974607851633,4559,365,0,0.9258732737611698,0.0741267262388302,0.0,True,1284.0,20.21657473114541,0.5265025096963725,1284,0,0.0,,0.269128646713734,0.3412253527198434,,intact
58,370,39.08702976639758,38.51743392797106,13.038404810405298,322.9094321139678,14.038404810405298,1184.277301095079,57.06428389561017,590,0.0089623277545179,528,62,0,0.8949152542372881,0.1050847457627118,0.0,True,204.0,8.058239062071396,0.2076746279391179,305,0,0.0,,0.1243383765984036,0.132100388124179,,intact
68,341,36.008582263413984,24.396169889881307,1.0,24.7660229,2.0,562.99500808121,42.00942025401068,2877,0.0437027405927934,1876,696,307,0.6520681265206812,0.2419186652763295,0.1067083767813694,True,368.0,10.82303275961202,0.3583503738959248,418,397,0.4871165644171779,0.3827822185373187,0.2553967929896867,0.3827822185373187,0.127385425547632,cohesive
69,90,35.54800286176792,35.56323598646882,1.414213562373095,35.02444547122265,2.414213562373095,753.1562428854922,72.336989359088,3422,0.0519815009762041,3387,20,16,0.989772063120982,0.0058445353594389,0.0046756282875511,True,1988.0,25.15551736167189,0.7074976549166291,2017,647,0.2428678678678678,0.4079883299942573,0.2933997741163456,0.401656803400581,0.1145885558779116,intact
69,102,35.54800286176792,35.621843557636225,5.422466567392307,134.29293118252227,6.422466567392307,709.9237164650056,34.86938261302483,5295,0.0804330940002924,5295,0,0,1.0,0.0,0.0,True,2587.0,28.696126490477184,0.8064124888332853,2592,0,0.0,,0.2758872381516119,,,intact
69,186,35.54800286176792,35.70106187281894,1.0,24.7660229,2.0,714.093482057589,37.74610270198638,3533,0.0536676338249354,3488,45,0,0.9872629493348428,0.012737050665157,0.0,True,3170.0,31.76542679081483,0.8916728074718081,3180,0,0.0,,0.3090169943749474,0.424807680927192,,intact
72,83,37.02266829031923,35.8758344421339,1.7320508075688772,42.89600996421431,2.732050807568877,516.6480412943763,87.51257231602398,3325,0.0505080335318172,1586,565,1180,0.4769924812030075,0.1699248120300752,0.3548872180451128,True,110.0,5.917270272703197,0.1623427107802293,161,1200,0.881704628949302,0.3827822185373187,0.1951941016011038,0.3613020955135854,0.1875881169362149,cohesive
72,223,37.02266829031923,35.63995839173449,1.0,24.7660229,2.0,509.8266580320345,82.06252177064933,3017,0.0458293946362384,2346,175,506,0.7775936360623136,0.0580046403712296,0.1677162744448127,True,449.0,11.954962939989484,0.3290539713710111,660,1622,0.7107800175284837,0.39564392373896,0.2612038749637414,0.3827822185373187,0.1344400487752186,cohesive
72,274,37.02266829031923,35.88102725341571,8.126822193908446,201.2690645585648,9.126822193908446,500.8564821339252,69.73393257514365,7744,0.1176343493745542,1926,3497,2331,0.2487086776859504,0.4515754132231405,0.3010072314049586,False,2.0,0.7978845608028654,0.0218887274465864,30,755,0.961783439490446,0.3160252912843454,0.1,0.3238995402639343,0.2160252912843454,cohesive
72,288,37.02266829031923,32.390212785829576,1.0,24.7660229,2.0,505.28043811077794,73.43484453228531,2842,0.0431710770819322,1474,284,1088,0.5186488388458832,0.099929627023223,0.3828289936664321,True,185.0,7.673807981960539,0.221106165397228,344,1047,0.7526959022286125,0.3827822185373187,0.2222452234756691,0.3740666961489728,0.1605369950616495,cohesive
72,341,37.02266829031923,24.396169889881307,12.092384255969128,299.4802653989309,13.092384255969128,527.5024273415884,69.60430818988357,9483,0.1440504306713453,1899,3729,3859,0.2002530844669408,0.3932299905093325,0.406938732468628,False,38.0,3.477898169151024,0.1132518384325995,46,681,0.936726272352132,0.2859088742524856,0.0730536096278095,0.3203772410170407,0.2128552646246761,mixed
73,206,36.962889207680576,35.3918355531094,1.0,24.7660229,2.0,690.509022982712,87.10358431681833,3320,0.0504320816016942,3271,49,0,0.9852409638554216,0.0147590361445783,0.0,True,2130.0,26.038434238092623,0.7197438543005338,2142,383,0.1516831683168316,,0.3090169943749474,0.414213562373095,,intact
73,273,36.962889207680576,34.46580780458202,1.0,24.7660229,2.0,659.4206452334166,35.355579229219025,3450,0.0524068317848931,3416,0,36,0.9901449275362318,0.0,0.0104347826086956,True,2216.0,26.558891313141824,0.7436476493077369,2220,319,0.1256400157542339,0.4109416227176485,0.3090169943749474,,0.1019246283427011,intact
73,317,36.962889207680576,30.08610870559266,5.414213562373095,134.08853707122265,6.414213562373095,681.5888932468868,76.30654040220794,9758,0.1482277868281121,9512,35,212,0.9747899159663864,0.003586800573888,0.0217257634761221,True,4657.0,38.50154724109037,1.1484600348805056,4664,452,0.08835027365129,0.3624692295749745,0.2708131845707603,0.4470884490698487,0.0916560450042142,cohesive
75,197,36.83729452951498,36.55636975448627,1.0,24.7660229,2.0,620.313639775577,28.479260768404995,3443,0.0523004990827208,3350,93,0,0.972988672669184,0.0270113273308161,0.0,True,3956.0,35.485685983831225,0.9669958934470748,3956,0,0.0,,0.3090169943749474,0.4026997478492771,,intact
75,217,36.83729452951498,35.43707512359517,4.123105625617661,102.1129283431658,5.123105625617661,657.4832754130937,82.9650039844864,4823,0.0732632317966781,4792,31,0,0.9935724652705784,0.0064275347294215,0.0,True,2333.0,27.250999329690345,0.7540985680120053,2337,0,0.0,,0.2766967754673748,0.3273531727209286,,intact
75,279,36.83729452951498,35.64446856574113,1.0,24.7660229,2.0,664.2708858971239,71.56055897373398,4003,0.0608071152565006,3968,35,0,0.9912565575818136,0.0087434424181863,0.0,True,2666.0,29.130982760044088,0.8038155120967442,2666,0,0.0,,0.3090169943749474,0.4,,intact
75,333,36.83729452951498,31.258738512821964,1.0,24.7660229,2.0,659.899230354607,77.76578056224558,3019,0.0458597754082876,2922,97,0,0.967870155680689,0.032129844319311,0.0,True,3226.0,32.04477637352005,0.94116426293429,3227,367,0.1021146355036171,,0.3021694792519622,0.4026997478492771,,intact
76,110,35.97768508820217,36.12298610796072,1.0,24.7660229,2.0,821.716728876694,67.10676400845,3234,0.049125708403578,3165,20,53,0.9786641929499073,0.0061842918985776,0.0163883735312306,True,1758.0,23.65562892656004,0.6561833207405414,1906,346,0.1536412078152753,0.3090169943749474,0.304845440523399,0.3901194830787668,0.0041715538515483,intact
76,121,35.97768508820217,34.87532591967524,1.0,24.7660229,2.0,816.6567700627493,56.936569625584525,3233,0.0491105180175534,3159,61,13,0.9771110423755026,0.0188679245283018,0.0040210330961954,True,2913.0,30.450561545780765,0.8595417784685334,2913,217,0.0693290734824281,0.3008613653919205,0.304845440523399,0.3740666961489728,-0.0039840751314785,intact
76,176,35.97768508820217,34.95020919528266,6.4031242374328485,158.57992149580696,7.403124237432848,797.6568969182102,15.080636009281386,5886,0.089410612140835,4182,1399,307,0.7104994903160041,0.2376826367652055,0.0521576622494053,True,583.0,13.622579184763431,0.3841247318104966,1062,352,0.2489391796322489,0.2680748568360903,0.2585688584788905,0.2958163163244893,0.0095059983571997,mixed
76,320,35.97768508820217,27.640729586576867,1.0,24.7660229,2.0,851.5185195901339,54.50295023937598,4925,0.074812651171188,4668,257,0,0.9478172588832487,0.0521827411167512,0.0,True,1972.0,25.05408341078227,0.7876362068706104,1974,0,0.0,,0.3090169943749474,0.3516287047744073,,intact
69,267,35.54800286176792,34.752019529092614,5.6332495807108,139.51318811729905,6.6332495807108,759.0608944870186,64.36201086922908,4345,0.0660022272769161,4296,36,14,0.988722669735328,0.0082853855005753,0.0032220943613348,True,2021.0,25.363443772040124,0.7215771178854572,2026,245,0.1078819903126376,0.1881248017746962,0.2711923793731366,0.2665601240231096,-0.0830675775984404,intact
70,74,37.30521804270981,35.63118533971885,1.0,24.7660229,2.0,1149.5157595635428,78.20125380940394,3297,0.0500827027231282,3257,34,6,0.9878677585683956,0.0103124052168638,0.0018198362147406,True,1916.0,24.69578388972788,0.6771867749014183,1917,653,0.2540856031128404,0.3245951656115701,0.3090169943749474,0.3279344228724749,0.0155781712366226,intact
70,165,37.30521804270981,35.75199853007004,2.6502815398728847,65.63693330793913,3.6502815398728847,1157.204460843,89.79909955791892,4145,0.0629641500719947,4062,83,0,0.9799758745476478,0.0200241254523522,0.0,True,1510.0,21.923684182580352,0.6001784686319086,1541,202,0.1158921399885255,,0.2801868778094689,0.3577747210701756,,intact
70,172,37.30521804270981,37.708709508631,1.0,24.7660229,2.0,1160.8077343364394,84.38146784328372,3324,0.0504928431457926,3272,52,0,0.9843561973525872,0.0156438026474127,0.0,True,1800.0,23.93653682408596,0.638189136482779,1802,0,0.0,,0.3008613653919205,0.414213562373095,,intact
78,161,35.61739038025937,35.076915108180465,1.0,24.7660229,2.0,829.0268644405153,75.92569095181888,2989,0.0454040638275494,2956,23,10,0.9889595182335228,0.0076948812311809,0.003345600535296,True,1332.0,20.590987552733093,0.5825359598758686,1338,959,0.4175010883761428,0.3219510897191625,0.3090169943749474,0.4415184401122529,0.0129340953442151,intact
78,179,35.61739038025937,34.45441565467942,1.0,24.7660229,2.0,811.1748860515775,41.97259101611504,2986,0.0453584926694756,2539,447,0,0.8503014065639651,0.1496985934360348,0.0,True,1628.0,22.764193258431348,0.6497390190594146,1628,231,0.1242603550295858,,0.2898979485566356,0.3726822671238252,,intact
78,188,35.61739038025937,34.395525530844665,9.954451150103322,246.53216514039025,10.954451150103322,847.1145084233965,76.75721821766508,7861,0.1194116245394332,6804,977,81,0.8655387355298308,0.1242844421829283,0.0103040325658313,True,756.0,15.512648837479231,0.4431367737111754,758,237,0.2381909547738693,0.3819834574163685,0.25,0.3508579981463932,0.1319834574163685,intact
78,209,35.61739038025937,34.12699972576709,1.0,24.7660229,2.0,871.4543271659231,17.265301864220483,2948,0.0447812580005405,2242,17,694,0.7605156037991859,0.0057666214382632,0.2354138398914518,True,1211.0,19.633473257897357,0.563012257417414,1235,1296,0.5120505728960885,0.4,0.2612038749637414,0.2779262976266636,0.1387961250362586,cohesive
78,263,35.61739038025937,35.54812880887022,1.0,24.7660229,2.0,843.6603371442561,80.5959511553899,3346,0.050827031638334,3233,113,0,0.9662283323371188,0.033771667662881,0.0,True,2004.0,25.25654394235911,0.7097972228724218,2005,395,0.1645833333333333,,0.304845440523399,0.414213562373095,,intact
79,89,36.01318465796191,35.66037034902895,1.0,24.7660229,2.0,577.6220666438916,86.56386482665027,3491,0.0530296376119019,3341,2,148,0.9570323689487252,0.0005729017473503,0.0423947293039243,True,1723.0,23.41896526097324,0.6534897078480065,1829,577,0.2398171238570241,0.3761785115301142,0.3090169943749474,0.2975606062425824,0.0671615171551668,intact
79,200,36.01318465796191,35.7658142858577,1.0,24.7660229,2.0,600.8497289011743,44.826639681405794,3662,0.0556271936221097,3662,0,0,1.0,0.0,0.0,True,3490.0,33.3301890600913,0.9286891584035148,3520,0,0.0,,0.3090169943749474,,,intact
79,252,36.01318465796191,35.21054470549252,3.3166247903554,82.13960550864952,4.3166247903554,567.2077914669247,77.40028046091685,4436,0.0673845524051553,4391,0,45,0.9898557258791704,0.0,0.0101442741208295,True,2579.0,28.651722399674263,0.8045555225973814,2593,383,0.1286962365591397,0.3443593434156103,0.2779262976266636,,0.0664330457889466,intact
79,258,36.01318465796191,34.64255862788785,1.0,24.7660229,2.0,548.7309821516067,42.10062259784132,2877,0.0437027405927934,2429,1,449,0.8442822384428224,0.0003475842891901,0.1560653458463677,True,1386.0,21.004225818885445,0.5945511247092624,1432,881,0.3808906182447038,0.3761785115301142,0.2898979485566356,0.4721359549995794,0.0862805629734785,cohesive
79,265,36.01318465796191,36.05461459326985,1.8284271247461903,45.2828680424453,2.8284271247461903,550.4993407203448,45.74382627535744,3309,0.0502649873554235,3297,0,12,0.9963735267452404,0.0,0.0036264732547597,True,2940.0,30.591356056578213,0.8489604615213877,2941,596,0.1685043822448402,0.3955620514103166,0.2898979485566356,,0.1056641028536809,intact
80,213,37.098972009298166,34.46687961923308,1.0,24.7660229,2.0,932.195678037283,76.59055697616631,3129,0.0475307178709943,3098,31,0,0.9900926813678492,0.0099073186321508,0.0,True,2757.0,29.62398278774667,0.8278803958489174,2760,0,0.0,,0.3090169943749474,0.3538893678645229,,intact
80,233,37.098972009298166,34.87591474809508,8.306623862918075,205.7220368107155,9.306623862918077,963.3580536984772,12.51786754337361,7951,0.1207787592816478,7795,155,1,0.9803798264369262,0.0194944032197207,0.000125770343353,True,3312.0,32.46909827883606,0.9022340914069124,3312,0,0.0,0.1204388681541824,0.2714970279031851,0.1652960191502465,-0.1510581597490027,intact
70,370,37.30521804270981,38.51743392797106,10.392304845413264,257.37605978528586,11.392304845413264,1182.5615376833964,54.367950899727205,1182,0.0179550362810851,747,435,0,0.631979695431472,0.3680203045685279,0.0,True,157.0,7.069275219628611,0.1864686880739059,510,53,0.0941385435168739,,0.1041414420142825,0.2149851662190087,,intact
71,124,35.62322318948888,35.27678898369645,1.0,24.7660229,2.0,957.5753608705446,4.342525034483781,3533,0.0536676338249354,3533,0,0,1.0,0.0,0.0,True,2566.0,28.579418607585545,0.8061893850673948,2566,0,0.0,,0.3090169943749474,,,intact
71,208,35.62322318948888,34.30826400849537,1.0,24.7660229,2.0,898.6069509406126,48.084223313335706,3328,0.0505536046898911,3307,21,0,0.993689903846154,0.0063100961538461,0.0,True,2086.0,25.768089230274477,0.7369524162219514,2089,0,0.0,,0.3090169943749474,0.3660254037844386,,intact
71,231,35.62322318948888,34.500072863257465,1.7320508075688772,42.89600996421431,2.732050807568877,940.7994684768398,58.7787250229383,3277,0.0497788950026361,3176,101,0,0.969179127250534,0.0308208727494659,0.0,True,1911.0,24.663539739810748,0.7034335556976379,1911,13,0.0067567567567567,,0.2898979485566356,0.3126480851423008,,intact
80,322,37.098972009298166,35.40358484036005,7.194052389321207,178.16806621772872,8.194052389321207,903.9438381305828,61.01256248014394,6245,0.0948639607236688,6153,92,0,0.9852682145716574,0.0147317854283426,0.0,True,1887.0,24.508177313476683,0.6760638073577736,1887,26,0.0135912179822268,,0.2742918851774317,0.1883032358745047,,intact
81,118,35.51364896558651,35.739293549720855,6.071067811865476,150.35620445611326,7.071067811865476,775.1997750263074,43.77327975167878,5710,0.0867371042005042,5627,65,19,0.9854640980735552,0.0113835376532399,0.0033274956217162,True,2163.0,26.239365156488432,0.7365131664801462,2164,335,0.1340536214485794,0.4452989835235553,0.2711923793731366,0.3150371094195804,0.1741066041504187,intact
81,131,35.51364896558651,35.94414801937112,1.0,24.7660229,2.0,726.4987693752423,56.69784523067097,3318,0.050401700829645,3090,228,0,0.9312839059674504,0.0687160940325497,0.0,True,3332.0,32.56698544176895,0.9115026439626882,3333,0,0.0,,0.2898979485566356,0.414213562373095,,intact
81,144,35.51364896558651,35.13199772612573,4.766114533138578,118.03770167173282,5.766114533138578,735.6485981972472,73.65322430766174,4778,0.0725796644255708,4761,17,0,0.9964420259522812,0.0035579740477187,0.0,True,2403.0,27.65680127020565,0.7829725557158839,2421,333,0.1209150326797385,,0.2771863727725964,0.3577747210701756,,intact
82,103,35.64309057811344,35.93700177135905,8.43650317030929,208.9386307118025,9.43650317030929,910.7489243738036,78.33242457112098,7660,0.1163583569484873,7316,344,0,0.9550913838120104,0.0449086161879895,0.0,True,1302.0,20.357786515515272,0.56881140683986,1302,0,0.0,,0.264908564940645,0.3325679204919731,,intact
82,156,35.64309057811344,35.115097416151045,1.0,24.7660229,2.0,906.3606516603844,83.83895235867371,3170,0.0481535236980032,2892,278,0,0.9123028391167192,0.0876971608832807,0.0,True,2072.0,25.68147355921802,0.7258940424336391,2072,0,0.0,,0.2989350844248255,0.3874258867227931,,intact
82,188,35.64309057811344,34.395525530844665,1.0,24.7660229,2.0,879.499846322771,49.0571485440857,3138,0.0476674313452158,3049,89,0,0.9716379859783302,0.0283620140216698,0.0,True,2779.0,29.741943004866958,0.8493012757019021,2779,0,0.0,,0.3090169943749474,0.3660254037844386,,intact
82,191,35.64309057811344,34.925827427854074,6.834654549917682,169.2672110968505,7.834654549917682,935.8477452785512,31.52676548943794,6524,0.0991020784245341,6220,304,0,0.95340282035561,0.0465971796443899,0.0,True,1992.0,25.180812005932435,0.7136516392047579,1992,80,0.0386100386100386,,0.2775144043792301,0.1902124189053822,,intact
82,242,35.64309057811344,35.11354848262679,1.0,24.7660229,2.0,885.5141206243702,61.55915808239782,3124,0.0474547659408713,3108,16,0,0.9948783610755442,0.0051216389244558,0.0,True,2796.0,29.83277462405867,0.8432501888182977,2796,0,0.0,,0.3090169943749474,0.414213562373095,,intact
82,289,35.64309057811344,34.14987401789476,1.0,24.7660229,2.0,885.1636795619822,60.54935253855545,3070,0.0466344850955425,3020,50,0,0.98371335504886,0.01628664495114,0.0,True,2604.0,28.79025779013781,0.8250189100517007,2604,0,0.0,,0.3090169943749474,0.3836108919180322,,intact
83,155,35.8758344421339,35.86674340347741,1.0,24.7660229,2.0,551.8054962956678,23.648952573328053,2906,0.044143261787507,1917,67,930,0.6596696490020647,0.0230557467309015,0.3200275292498279,True,386.0,11.084566571000565,0.3090094307693918,1013,1299,0.5618512110726643,0.380724156126471,0.25,0.39564392373896,0.1307241561264709,cohesive
83,248,35.8758344421339,34.8520185181369,11.091589177747522,274.69455157348733,12.091589177747522,522.0516523970311,84.75417165479328,9855,0.149701254272499,1562,6194,2103,0.1584982242516489,0.6285134449518012,0.2133942161339421,False,2.0,0.7978845608028654,0.0225621032565784,11,237,0.9556451612903226,0.2916309306731069,0.0714285714285714,0.3077696896900046,0.2202023592445355,mixed
83,274,35.8758344421339,35.88102725341571,1.0,24.7660229,2.0,502.517705278559,64.42590796553839,3116,0.0473332428526744,1954,775,392,0.6270860077021823,0.2487163029525032,0.1258023106546855,True,255.0,9.009385160867897,0.2511086730379308,260,667,0.7195253505933118,0.4036185072337704,0.23166247903554,0.39564392373896,0.1719560281982304,cohesive
83,288,35.8758344421339,32.390212785829576,1.8284271247461903,45.2828680424453,2.8284271247461903,506.94166125541176,71.20185089856135,3158,0.0479712390657079,1691,842,632,0.5354654844838506,0.2666244458518049,0.2001266624445851,True,115.0,6.050259243299904,0.1772552971492852,442,380,0.462287104622871,0.3851040526300559,0.2139387691339813,0.375,0.1711652834960745,cohesive
84,109,35.88164534512529,35.273399530514254,1.0,24.7660229,2.0,1092.2338038839646,88.57603531522342,3312,0.0503105585134973,3288,24,0,0.9927536231884058,0.0072463768115942,0.0,True,2382.0,27.535688640195463,0.7739630742506216,2382,0,0.0,,0.3090169943749474,0.414213562373095,,intact
84,163,35.88164534512529,35.13670369587606,1.0,24.7660229,2.0,1102.779285824371,71.44304514854777,3125,0.0474699563268959,3117,8,0,0.99744,0.00256,0.0,True,2529.0,28.37262240538944,0.7990223030673083,2529,0,0.0,,0.3090169943749474,0.3453347047573091,,intact
74,192,35.63118533971885,35.33494767432279,1.0,24.7660229,2.0,1139.9526933187822,86.84638279342727,3115,0.0473180524666498,3081,31,4,0.9890850722311396,0.009951845906902,0.0012841091492776,True,1911.0,24.663539739810748,0.6950791509220524,1941,485,0.1999175597691673,0.3801921582290878,0.2989350844248255,0.3761785115301142,0.0812570738042622,intact
74,370,35.63118533971885,38.51743392797106,2.4641016151377544,61.02599702842861,3.4641016151377544,1175.0019439781977,4.408881520630303,3538,0.0537435857550585,2383,1155,0,0.6735443753533069,0.326455624646693,0.0,True,1932.0,24.79868343495444,0.6688913072117152,1980,0,0.0,,0.2171292729553324,0.3761785115301142,,intact
75,113,36.83729452951498,35.0394272918605,1.0,24.7660229,2.0,686.1670616473763,21.55406767895193,3214,0.0488219006830859,3107,107,0,0.9667081518357188,0.0332918481642812,0.0,True,3580.0,33.757212452126,0.939308627235888,3580,271,0.0703713321215268,,0.3090169943749474,0.393529818721632,,intact
75,184,36.83729452951498,39.94887713154465,1.0,24.7660229,2.0,630.5118639586007,51.0619958288129,3980,0.0604577363779346,3649,331,0,0.9168341708542712,0.0831658291457286,0.0,True,2538.0,28.423062662817685,0.7403172224363361,2582,0,0.0,,0.2898979485566356,0.3900959445746376,,intact
85,316,35.83795564687584,28.85350440000192,1.0,24.7660229,2.0,1049.293980654013,44.43981026147848,2555,0.0388114362928701,2555,0,0,1.0,0.0,0.0,True,2570.0,28.60168539601018,0.8842491845224816,2572,0,0.0,,0.3090169943749474,,,intact
85,321,35.83795564687584,27.524522576173496,1.0,24.7660229,2.0,1014.7094149664848,74.21407897015891,2400,0.036456926459056,2331,69,0,0.97125,0.02875,0.0,True,1861.0,24.338748903508463,0.7682385407285023,1864,228,0.1089866156787763,,0.3090169943749474,0.3761785115301142,,intact
86,119,36.07021804436654,36.68093515788354,2.6502815398728847,65.63693330793913,3.6502815398728847,945.679772012564,49.536788088300064,4465,0.0678250735998689,4402,63,0,0.9858902575587906,0.0141097424412094,0.0,True,2882.0,30.28810149186781,0.8326493851627644,2882,0,0.0,,0.2801868778094689,0.3288130902060995,,intact
86,150,36.07021804436654,34.74127587752717,1.0,24.7660229,2.0,997.855335236257,39.39239691406313,3339,0.0507206989361617,3170,169,0,0.9493860437256664,0.0506139562743336,0.0,True,2164.0,26.24542995840844,0.7412759851488967,2164,0,0.0,,0.3090169943749474,0.3761785115301142,,intact
85,91,35.83795564687584,35.37734461040603,3.2426406871192857,80.30731351366796,4.242640687119286,1024.9471106333117,88.80398492982768,4618,0.0701492026616337,4151,467,0,0.8988739714161975,0.1011260285838025,0.0,True,1609.0,22.630965663659147,0.6355647053905413,1609,250,0.1344809037116729,,0.2653311931459037,0.3577747210701756,,intact
85,168,35.83795564687584,35.63262692341111,1.0,24.7660229,2.0,1061.310558679972,6.977806369332986,3432,0.0521334048364501,3391,41,0,0.9880536130536132,0.0119463869463869,0.0,True,3228.0,32.05470811910906,0.8970042489183634,3228,0,0.0,,0.3021694792519622,0.3090169943749474,,intact
85,202,35.83795564687584,35.21176420943346,1.0,24.7660229,2.0,1006.3109831546157,59.6313406135683,3886,0.0590298400916216,3879,5,2,0.9981986618630982,0.0012866700977869,0.0005146680391147,True,2611.0,28.828928402316265,0.811514203310577,2700,665,0.1976225854383358,0.4421336909768367,0.3090169943749474,0.3597752501562546,0.1331166966018893,intact
85,257,35.83795564687584,36.46042522394956,1.7320508075688772,42.89600996421431,2.732050807568877,1042.6307394003543,63.43063661557959,1182,0.0179550362810851,1182,0,0,1.0,0.0,0.0,True,2120.0,25.977239243415305,0.7186119227159045,2165,0,0.0,,0.2898979485566356,,,intact
86,204,36.07021804436654,34.80228796220674,6.6212327846342935,163.98160277048368,7.621232784634293,994.8204902083704,51.4220851572352,6077,0.0923119758715349,6063,14,0,0.9976962316932696,0.0023037683067302,0.0,True,2341.0,27.29768201800757,0.7703320668659797,2342,0,0.0,,0.2674788903885892,0.1867029192462893,,intact
86,233,36.07021804436654,34.87591474809508,1.0,24.7660229,2.0,986.6321950743882,63.25140376816515,2965,0.0450394945629588,2828,137,0,0.9537942664418212,0.0462057335581787,0.0,True,2679.0,29.201920914323004,0.8232138881973242,2679,0,0.0,,0.3090169943749474,0.339056738914926,,intact
87,102,35.47233635906005,35.621843557636225,4.242640687119285,105.07333641366796,5.242640687119285,680.8167620031085,85.4876249546473,5001,0.0759671205090581,4988,13,0,0.9974005198960209,0.0025994801039792,0.0,True,3702.0,34.327586554437424,0.9656932985136152,3728,113,0.0294194220255141,,0.2799963309266677,0.3704152082810797,,intact
87,129,35.47233635906005,35.38954829840609,1.0,24.7660229,2.0,710.8652065980602,40.7477976122269,3065,0.0465585331654195,1531,0,1545,0.499510603588907,0.0,0.5040783034257749,True,161.0,7.158763278359629,0.202048345537628,1014,1879,0.6494987901832008,0.3797958971132712,0.2171292729553324,,0.1626666241579387,cohesive
88,159,36.22745587059799,34.29845816888291,7.79385036540706,193.0226766288446,8.79385036540706,1078.7793944238306,72.20748635075721,6597,0.1002109766043304,6323,274,0,0.9584659693800212,0.0415340306199787,0.0,True,1266.0,20.074369626682653,0.5692764113753954,1269,0,0.0,,0.2658626798938589,0.3755569569950947,,intact
88,163,36.22745587059799,35.13670369587606,1.0,24.7660229,2.0,1102.583789331099,71.6312647965651,2874,0.0436571694347196,2851,23,0,0.9919972164231036,0.0080027835768963,0.0,True,2017.0,25.33833144531632,0.7101136368519622,2017,0,0.0,,0.303832434700687,0.4026997478492771,,intact
88,316,36.22745587059799,28.85350440000192,1.0,24.7660229,2.0,1082.6924081335403,75.19903689088957,2861,0.0434596944163997,2860,1,0,0.999650471862985,0.000349528137015,0.0,True,1782.0,23.816553427805523,0.7319054091635634,1790,0,0.0,,0.3145198591387564,0.3660254037844386,,intact
89,104,35.66037034902895,35.61023787789007,1.8284271247461903,45.2828680424453,2.8284271247461903,577.0253521088356,85.88053852924872,3000,0.04557115807382,2789,57,154,0.9296666666666666,0.019,0.0513333333333333,True,2102.0,25.86672342524905,0.7258735141670687,2108,485,0.1870420362514462,0.3732968599055969,0.2801868778094689,0.3660254037844386,0.093109982096128,intact
87,206,35.47233635906005,35.3918355531094,9.633758019665985,238.5898717281064,10.633758019665985,688.1162896115331,84.0029795559083,7947,0.1207179977375494,7480,5,465,0.9412356864225494,0.0006291682395872,0.0585126462816157,True,1587.0,22.47571554753432,0.6343322709081027,1628,825,0.336322869955157,0.3299230723708768,0.265790026982144,0.1975496259559987,0.0641330453887327,cohesive
87,314,35.47233635906005,30.584031535841703,1.0,24.7660229,2.0,692.5983496953608,74.75413051043697,1895,0.0287857815166296,1859,0,37,0.9810026385224274,0.0,0.0195250659630606,True,2129.0,26.032321212010476,0.7881850619891456,2155,732,0.2535503983373744,0.3726822671238252,0.3090169943749474,,0.0636652727488778,intact
88,100,36.22745587059799,35.3063072377907,1.0,24.7660229,2.0,1119.068723859016,39.09614731797964,3385,0.0514194566932936,3353,32,0,0.9905465288035452,0.0094534711964549,0.0,True,2188.0,26.390567083147985,0.7378492598847548,2188,160,0.0681431005110732,,0.3090169943749474,0.4364916731037084,,intact
88,140,36.22745587059799,35.6431532162262,1.414213562373095,35.02444547122265,2.414213562373095,1059.288925916781,28.65517791209606,3981,0.0604729267639592,3649,332,0,0.9166038683747804,0.0833961316252197,0.0,True,1752.0,23.615226456547084,0.657159491385927,1755,209,0.1064154786150712,,0.2898979485566356,0.4,,intact
90,98,35.56323598646882,36.01888999398882,4.0197648378370845,99.553588026488,5.0197648378370845,795.5640595191769,34.9908764869563,5104,0.0775317302695925,3640,116,1359,0.713166144200627,0.0227272727272727,0.2662617554858934,True,1294.0,20.295147023902665,0.5670451036741592,1321,870,0.3970789593792789,0.3613020955135854,0.2349754290854105,0.2417903343816373,0.1263266664281748,cohesive
90,151,35.56323598646882,34.792364223190646,2.4641016151377544,61.02599702842861,3.4641016151377544,785.5890903861471,54.470643757730834,3695,0.0561284763609217,3296,88,316,0.8920162381596752,0.0238159675236806,0.0855209742895805,True,1168.0,19.281751659604677,0.5481227251887587,1223,1055,0.4631255487269535,0.3900959445746376,0.2742918851774317,0.3447501709580027,0.1158040593972058,cohesive
91,105,35.37734461040603,35.407330270704115,5.708203932499369,141.36950931014945,6.708203932499369,1025.6503627218665,89.87676562652652,6051,0.0919170258348951,5750,58,246,0.9502561560072716,0.0095851925301603,0.0406544372830937,True,2009.0,25.288031978452484,0.7145058452532624,2009,248,0.1098803721754541,0.3660507008315796,0.2658626798938589,0.3236757058853284,0.1001880209377207,cohesive
91,130,35.37734461040603,35.41272483695998,1.0,24.7660229,2.0,1061.1612963146044,15.870112080772389,2627,0.0399051440866418,2521,106,0,0.959649790635706,0.0403502093642938,0.0,True,2794.0,29.82210291038362,0.8425504634532678,2794,0,0.0,,0.2898979485566356,0.3090169943749474,,intact
77,109,35.594919349440815,35.273399530514254,1.414213562373095,35.02444547122265,2.414213562373095,1123.534621682048,32.74272193039003,3411,0.0518144067299334,3155,256,0,0.9249486953972442,0.0750513046027557,0.0,True,2472.0,28.05106127486678,0.7916389641578179,2472,0,0.0,,0.2898979485566356,0.3874258867227931,,intact
77,292,35.594919349440815,59.46250142215923,24.1039415863879,596.9587693087451,25.1039415863879,1190.559451442797,34.749553928579694,3721,0.0565234263975615,2522,1199,0,0.6777747917226552,0.3222252082773448,0.0,False,326.0,10.186708148166206,0.2143274678710754,326,0,0.0,,0.0533784620445556,0.1355900017058355,,intact
77,298,35.594919349440815,48.37173272759542,17.0,421.0223893,18.0,1191.5909141839595,34.60027737026862,1305,0.0198234537621117,1300,5,0,0.9961685823754788,0.003831417624521,0.0,False,853.0,16.4778133535604,0.3924847054385979,853,0,0.0,,0.0867770623227753,0.1162435056954099,,intact
78,138,35.61739038025937,35.141666161293315,1.0,24.7660229,2.0,846.0490781946876,76.49963324029257,3318,0.050401700829645,3302,16,0,0.995177817962628,0.0048221820373719,0.0,True,1289.0,20.255898975135768,0.5725316295940337,1293,402,0.2371681415929203,,0.3090169943749474,0.4415184401122529,,intact
91,225,35.37734461040603,34.56866590278551,2.863703305156273,70.92254163430594,3.863703305156273,997.9124361555752,41.91283854013622,3354,0.0509485547265308,3204,55,96,0.9552772808586762,0.0163983303518187,0.0286225402504472,True,1816.0,24.04268606686374,0.6874641138347523,1816,307,0.1446066886481394,0.2510563714639914,0.2817290466902531,0.2933997741163456,-0.0306726752262617,intact
91,255,35.37734461040603,35.92547553924652,14.399670763949972,356.62257589244547,15.399670763949972,990.714603966568,30.80865943005025,13823,0.2099767060181384,10173,213,3450,0.7359473341532229,0.0154091007740721,0.2495840266222961,True,924.0,17.14987856615383,0.4810434855215864,925,996,0.5184799583550235,0.332681882668682,0.2284080003471464,0.4213696568642471,0.1042738823215356,cohesive
91,316,35.37734461040603,28.85350440000192,1.8284271247461903,45.2828680424453,2.8284271247461903,1050.0805300985592,47.91206901149871,1981,0.0300921547147458,1895,86,0,0.9565875820292782,0.0434124179707218,0.0,True,1293.0,20.287303488528025,0.6316996832858515,1293,0,0.0,,0.2898979485566356,0.376931296631122,,intact
91,321,35.37734461040603,27.524522576173496,1.0,24.7660229,2.0,1015.4959644110312,66.53411108810468,4633,0.0703770584520028,4522,44,70,0.9760414418303476,0.0094970861213036,0.0151090006475286,True,2084.0,25.75573339679963,0.8189179287922558,2208,594,0.2119914346895074,0.3516287047744073,0.3090169943749474,0.4206322727489687,0.0426117103994598,intact
89,239,35.66037034902895,35.56568969083513,10.180339887498947,252.1265307835824,11.180339887498947,559.9295239103583,61.54034548439749,6716,0.1020186325412585,5933,12,773,0.8834127456819535,0.0017867778439547,0.1150982727814175,True,1312.0,20.435815879801165,0.5738297434496186,1503,544,0.2657547630679042,0.312985546078554,0.2598751755617592,0.3184186219218555,0.0531103705167947,cohesive
89,265,35.66037034902895,36.05461459326985,1.414213562373095,35.02444547122265,2.414213562373095,552.6212054700085,45.85400153035848,3175,0.0482294756281262,3028,29,120,0.9537007874015748,0.0091338582677165,0.0377952755905511,True,1473.0,21.65341687468109,0.6038742639938702,1484,1195,0.4460619634191862,0.39564392373896,0.2898979485566356,0.4142135623730951,0.1057459751823243,intact
89,268,35.66037034902895,34.94753798777513,1.0,24.7660229,2.0,600.0880428384203,53.58626914604449,3707,0.056310760993217,3674,33,0,0.9910979228486648,0.0089020771513353,0.0,True,3841.0,34.96610176773985,0.990430182436488,3868,288,0.0692974013474494,,0.3090169943749474,0.414213562373095,,intact
89,329,35.66037034902895,26.471093397285863,6.89920048531124,170.8657572109093,7.89920048531124,545.7610991253528,16.09677956482444,5215,0.0792178631183239,1358,0,3869,0.2604026845637583,0.0,0.7418983700862896,False,4.0,1.1283791670955126,0.0363223107603815,67,1892,0.96579887697805,0.3273531727209286,0.1074503509252658,,0.2199028217956628,cohesive
92,101,37.29772584049016,35.47454971619172,6.834654549917682,169.2672110968505,7.834654549917682,744.5392372948027,28.593179837550448,6534,0.0992539822847801,3640,1022,1878,0.5570860116314662,0.1564126109580655,0.2874196510560147,True,2761.0,29.64546501159066,0.8147461319524079,2761,623,0.1841016548463357,0.3203772410170407,0.2298872485148116,0.2775144043792301,0.090489992502229,cohesive
92,157,37.29772584049016,35.512891801430825,1.0,24.7660229,2.0,709.3359537086073,89.66664994013588,3216,0.0488522814551351,3173,43,0,0.9866293532338308,0.0133706467661691,0.0,True,2812.0,29.918011296689148,0.8218035299143992,2814,257,0.0836860957342885,,0.3090169943749474,0.3516287047744073,,intact
92,246,37.29772584049016,35.197060347528684,4.773112505913769,118.21101362573678,5.773112505913769,689.0603428967934,59.255365197317374,5500,0.0835471231353368,5497,3,0,0.9994545454545456,0.0005454545454545,0.0,True,2086.0,25.768089230274477,0.7108949645963131,2087,148,0.0662192393736017,,0.2766967754673748,0.269128646713734,,intact
93,150,35.476889250593025,34.74127587752717,1.0,24.7660229,2.0,1053.336426997848,38.24289983414971,3040,0.0461787735148043,2956,84,0,0.9723684210526315,0.0276315789473684,0.0,True,1935.0,24.8179296027214,0.7068806072456765,1936,0,0.0,,0.3090169943749474,0.3542089385498691,,intact
93,204,35.476889250593025,34.80228796220674,4.0197648378370845,99.553588026488,5.0197648378370845,1050.3015819699613,36.81384407241793,3106,0.0471813389924284,3044,62,0,0.9800386349001932,0.0199613650998068,0.0,True,2315.0,27.14566975625165,0.7725096061969171,2315,0,0.0,,0.2833003940990191,0.188016384535936,,intact
94,117,35.70586871784906,35.65010467869589,1.0,24.7660229,2.0,712.3200332202168,46.66701966629719,3285,0.049900418090833,3189,4,92,0.9707762557077626,0.0012176560121765,0.0280060882800608,True,2476.0,28.07374713484229,0.7868646673440689,2478,709,0.2224662692187009,0.3869666855994664,0.3090169943749474,0.4072384349238177,0.077949691224519,intact
94,133,35.70586871784906,35.017246492591674,8.16515138991168,202.21832630451948,9.16515138991168,709.8049348806185,56.6637957231202,7236,0.109917633274054,6454,103,680,0.8919292426755113,0.0142343836373687,0.0939745715865118,True,1756.0,23.64216910815792,0.6685839286860955,1762,930,0.3454680534918276,0.3511248713067396,0.2566985463483064,0.2477202802355796,0.0944263249584331,cohesive
94,182,35.70586871784906,34.15014695868493,6.89920048531124,170.8657572109093,7.89920048531124,675.6579368475523,71.97856623124503,4916,0.0746759376969665,4825,91,0,0.9814890154597232,0.0185109845402766,0.0,True,1718.0,23.38496064704305,0.6695188788128529,1725,718,0.2939009414654114,,0.2711923793731366,0.2680748568360903,,intact
94,317,35.70586871784906,30.08610870559266,1.0,24.7660229,2.0,681.202541015433,79.001856138956,2518,0.0382493920099596,2511,7,0,0.9972200158856236,0.0027799841143764,0.0,True,2479.0,28.090749506725825,0.853926287271526,2483,50,0.019739439399921,,0.3090169943749474,0.4494897427831781,,intact
95,114,35.71323254136755,35.708739722130034,2.146264369941973,53.15443253543696,3.146264369941973,1031.7692523222104,86.38416043755169,4006,0.0608526864145744,3989,17,0,0.9957563654518222,0.0042436345481777,0.0,True,1493.0,21.79992339602136,0.6104542539260817,1493,266,0.1512222853894258,,0.2833003940990191,0.3816524151396708,,intact
95,191,35.71323254136755,34.925827427854074,8.288221436384907,205.2662818937795,9.288221436384909,999.2882239572552,42.089760974635006,6114,0.0928740201544453,4659,8,1453,0.7620215897939157,0.0013084723585214,0.237651292116454,True,687.0,14.787795366729425,0.4186860746213968,702,689,0.4953271028037383,0.3210915510376755,0.2455083338405087,0.3280505835223964,0.0755832171971668,cohesive
95,193,35.71323254136755,34.34399097529891,1.0,24.7660229,2.0,1043.4384035916464,66.98821196576003,2975,0.0451913984232049,2963,12,0,0.995966386554622,0.0040336134453781,0.0,True,3139.0,31.60972528717893,0.9023973175202712,3139,13,0.0041243654822335,,0.3090169943749474,0.3358863166054022,,intact
95,221,35.71323254136755,35.32021864065531,3.3166247903554,82.13960550864952,4.3166247903554,1041.4589655954237,71.45941285572037,4346,0.0660174176629407,4301,45,0,0.9896456511734928,0.0103543488265071,0.0,True,2330.0,27.233472690941056,0.7667788130174167,2330,0,0.0,,0.2801868778094689,0.2714970279031851,,intact
95,227,35.71323254136755,34.72518092685073,1.7320508075688772,42.89600996421431,2.732050807568877,1011.6535339442528,60.64236554378346,3498,0.0531359703140742,3468,30,0,0.9914236706689536,0.0085763293310463,0.0,True,2067.0,25.65046850920847,0.7283090929009048,2067,153,0.0689189189189189,,0.2898979485566356,0.3911884503169498,,intact
96,144,35.64672322479585,35.13199772612573,5.19114712955712,128.56406868788088,6.19114712955712,695.7036522128798,41.14601599112476,5442,0.0826660807459096,5325,50,68,0.9785005512679162,0.0091877986034546,0.0124954061006982,True,1729.0,23.45970573583083,0.6629027883139607,1743,677,0.2797520661157024,0.2817695817614707,0.2742918851774317,0.3597752501562546,0.0074776965840389,intact
96,201,35.64672322479585,35.12967650967651,8.306623862918075,205.7220368107155,9.306623862918077,653.0111739811866,70.18105693385614,7285,0.1106619621892598,6666,619,0,0.9150308853809196,0.0849691146190803,0.0,True,4178.0,36.46777624802309,1.0305066769385585,4178,0,0.0,,0.2588283628687876,0.3215948727457677,,intact
96,253,35.64672322479585,36.95071200079368,1.0,24.7660229,2.0,640.7854581711135,44.37172531168684,3390,0.0514954086234167,3280,110,0,0.967551622418879,0.0324483775811209,0.0,True,3654.0,34.104315329816714,0.93954601078787,3670,408,0.1000490436488474,,0.304845440523399,0.3985677739148772,,intact
96,266,35.64672322479585,34.97872006442841,5.0,123.8301145,6.0,638.3143800870796,42.39816043095158,5494,0.0834559808191892,5342,152,0,0.9723334546778304,0.0276665453221696,0.0,True,2272.0,26.89237924411993,0.7615493225009764,2293,220,0.0875447672105053,,0.2711923793731366,0.3488353678128412,,intact
96,333,35.64672322479585,31.258738512821964,5.708203932499369,141.36950931014945,6.708203932499369,666.8698086012124,89.65483644759527,2953,0.0448572099306635,2793,160,0,0.9458178123941754,0.0541821876058245,0.0,True,2065.0,25.638055990451534,0.7663965040999472,2068,0,0.0,,0.2687959533979827,0.3397235997780477,,intact
97,127,36.24933144411565,35.13554343686632,1.0,24.7660229,2.0,1018.1242812462486,68.16789586820629,3219,0.0488978526132089,3163,56,0,0.9826032929481204,0.0173967070518794,0.0,True,3607.0,33.88427008900934,0.9493403230167076,3607,0,0.0,,0.3090169943749474,0.3436113505989281,,intact
97,142,36.24933144411565,35.37880695443504,1.0,24.7660229,2.0,1013.8960015395324,75.12712626786377,3018,0.045844585022263,2971,46,1,0.9844267726971504,0.0152418820410868,0.0003313452617627,True,3572.0,33.71947380147709,0.9415147330468484,3572,282,0.073170731707317,0.3244997998398398,0.3090169943749474,0.3288130902060995,0.0154828054648923,intact
97,212,36.24933144411565,34.00397770543357,1.0,24.7660229,2.0,1039.5572108243434,6.292995868338949,3415,0.0518751682740318,3241,166,8,0.9490483162518302,0.0486090775988286,0.0023426061493411,True,2776.0,29.72588508432008,0.8462486805010754,2776,160,0.0544959128065395,0.2912952060410868,0.303832434700687,0.4206322727489687,-0.0125372286596002,intact
97,303,36.24933144411565,35.494141691078184,5.0990195135927845,126.28243404118577,6.0990195135927845,968.624547728516,23.384299771545237,4902,0.074463272292622,4842,60,0,0.9877600979192166,0.0122399020807833,0.0,True,4216.0,36.63324282875953,1.021228586459081,4217,0,0.0,,0.2742918851774318,0.3374275605286873,,intact
98,220,36.01888999398882,35.02503242869986,1.0,24.7660229,2.0,829.7602691007764,85.41911817101631,3273,0.0497181334585377,2971,40,264,0.9077299113962726,0.0122212037885731,0.0806599450045829,True,2200.0,26.462837142006137,0.7449711738763717,2200,1018,0.3163455562461156,0.4142135623730951,0.2898979485566356,0.4144171463344124,0.1243156138164594,cohesive
99,164,36.36499608802977,35.93441363578625,1.0,24.7660229,2.0,568.8358958234442,34.26598028307062,3528,0.0535916818948124,3501,27,0,0.9923469387755102,0.0076530612244897,0.0,True,2436.0,27.846056861676377,0.7702983182863707,2474,863,0.2586155229247827,,0.2933997741163456,0.3740666961489728,,intact
99,223,36.36499608802977,35.63995839173449,10.051815009825804,248.9434807199096,11.051815009825804,521.0732818210363,66.82500177005926,8321,0.1263992021107523,1625,625,6079,0.1952890277610864,0.0751111645234947,0.7305612306213195,False,2.0,0.7978845608028654,0.0221619350103775,254,1432,0.8493475682087782,0.2925107885545495,0.0806337538836541,0.465749119617228,0.2118770346708953,mixed
99,266,36.36499608802977,34.97872006442841,3.898979485566356,96.5622152261666,4.898979485566356,573.735151876296,24.92693736112428,1697,0.0257780850837575,1644,53,0,0.9687684148497347,0.0312315851502651,0.0,True,3092.0,31.372187811504013,0.8794660413949595,3092,194,0.0590383444917833,,0.2825147203946361,0.3956439237389599,,intact
99,332,36.36499608802977,34.05030096237162,1.7320508075688772,42.89600996421431,2.732050807568877,514.7689622818983,53.86224722928395,3610,0.0548372935488301,2129,3,1491,0.5897506925207756,0.0008310249307479,0.4130193905817174,True,216.0,8.291859587312052,0.2355130187515068,653,1801,0.7339038304808476,0.3797958971132712,0.2129088554318267,0.4457990551962238,0.1668870416814444,cohesive
101,167,35.47454971619172,35.24875845540225,9.36010638213575,231.81260900641016,10.36010638213575,794.9152291245732,68.43952551748343,7917,0.1202622861568112,3142,3297,1480,0.3968675003157761,0.416445623342175,0.1869394972843248,True,507.0,12.70366530947592,0.3592497477254139,1072,617,0.3653049141503848,0.2972141236850943,0.1530988741343153,0.3011615132981879,0.144115249550779,mixed
102,268,35.621843557636225,34.94753798777513,1.0,24.7660229,2.0,649.1090463290218,36.75960022647086,3415,0.0518751682740318,3407,8,0,0.9976573938506588,0.0023426061493411,0.0,True,3972.0,35.55737431141417,1.0077280977312526,4016,27,0.0066782092505565,,0.3090169943749474,0.4317713281142754,,intact
103,138,35.93700177135905,35.141666161293315,4.55269276785519,112.752093345366,5.55269276785519,886.6528438868359,32.71247312515096,5037,0.0765139744059439,4597,440,0,0.9126464165177686,0.0873535834822314,0.0,True,2398.0,27.62801308579265,0.7773925395442252,2398,174,0.067651632970451,,0.2791745113185196,0.2728944565403084,,intact
103,146,35.93700177135905,35.172376481356224,1.0,24.7660229,2.0,921.1745205316348,86.49976063848722,3153,0.0478952871355849,3115,38,0,0.9879479860450364,0.0120520139549635,0.0,True,2800.0,29.854106607209232,0.8396672096080173,2800,0,0.0,,0.3090169943749474,0.3892130711381393,,intact
103,156,35.93700177135905,35.115097416151045,8.45791845713346,209.46900219569991,9.45791845713346,914.5790794531584,83.7573747476012,7471,0.1134873739898366,6870,106,495,0.91955561504484,0.0141881943514924,0.0662561906036675,True,967.0,17.544391124793293,0.4938458208952491,983,311,0.2403400309119011,0.3464047759419222,0.2601150730041542,0.3195656556661711,0.0862897029377679,cohesive
103,188,35.93700177135905,34.395525530844665,1.0,24.7660229,2.0,887.7182741155448,28.143776187261093,3101,0.0471053870623053,3046,55,0,0.982263785875524,0.0177362141244759,0.0,True,2346.0,27.32681820093904,0.7770748258063183,2346,171,0.067938021454112,,0.3090169943749474,0.4026997478492771,,intact
103,191,35.93700177135905,34.925827427854074,1.0,24.7660229,2.0,944.066173071325,46.42609748480197,3196,0.048548473734643,3157,39,0,0.9877972465581978,0.0122027534418022,0.0,True,2916.0,30.46623751157884,0.8598651184510466,2917,0,0.0,,0.2989350844248255,0.4364916731037084,,intact
104,126,35.61023787789007,39.77268208815821,2.863703305156273,70.92254163430594,3.863703305156273,596.6013806292108,50.53822538936392,8886,0.1349817702146551,8369,23,500,0.9418185910420886,0.0025883412108935,0.0562682871933378,True,3806.0,34.80642795254215,0.923456612405532,3812,281,0.0686537991693134,0.3538893678645229,0.2708131845707603,0.3063869780689344,0.0830761832937626,cohesive
104,139,35.61023787789007,35.28861499221115,4.977725364273731,123.27846036151404,5.977725364273731,540.719009476695,30.388334617519,4642,0.0705137719262243,3534,146,964,0.7613097802671263,0.0314519603619129,0.2076691081430418,True,366.0,10.793582275744573,0.30447833325372,426,1257,0.7468805704099821,0.3606449097327238,0.2380067155369107,0.3758117006589069,0.122638194195813,cohesive
104,239,35.61023787789007,35.56568969083513,1.0,24.7660229,2.0,557.2109446256386,60.66263067280363,3284,0.0498852277048084,3284,0,0,1.0,0.0,0.0,True,2367.0,27.44885244590441,0.7712959530987685,2428,357,0.1281867145421903,,0.3090169943749474,,,intact
104,280,35.61023787789007,33.81754955360479,1.0,24.7660229,2.0,576.1813339429222,86.80783958083326,3976,0.0603969748338362,3468,74,438,0.8722334004024145,0.0186116700201207,0.1101609657947686,True,1126.0,18.931902488734416,0.5453696045668955,1286,559,0.3029810298102981,0.4045372666182638,0.3090169943749474,0.3874258867227931,0.0955202722433164,cohesive
104,286,35.61023787789007,33.39235957204234,7.6602540378443855,189.7140269210715,8.660254037844386,601.3044770343731,45.16649732749286,6745,0.1024591537359721,6717,28,0,0.9958487768717568,0.0041512231282431,0.0,True,2607.0,28.80683726619676,0.8349493593222693,2609,174,0.0625224577793747,,0.2682079019934025,0.3660627074368075,,intact
105,143,35.407330270704115,35.31626330181178,1.0,24.7660229,2.0,996.1661658621664,33.226898443358195,3142,0.0477281928893142,3109,33,0,0.9894971355824316,0.0105028644175684,0.0,True,2193.0,26.4207036318311,0.7471538788464088,2209,0,0.0,,0.3090169943749474,0.3228287342177362,,intact
105,166,35.407330270704115,34.965316634264894,4.65685424949238,115.33175898489058,5.65685424949238,1008.7393326617156,63.91638049496632,4852,0.0737037529913917,4715,25,112,0.9717642209398186,0.0051525144270403,0.0230832646331409,True,1803.0,23.9564756337274,0.6808462289638799,1803,219,0.1083086053412463,0.3861818547187177,0.2742918851774318,0.3070966064884824,0.1118899695412858,intact
105,199,35.407330270704115,34.31792910836131,1.0,24.7660229,2.0,1059.9387353433349,11.54345269031414,3131,0.0475610986430435,3124,7,0,0.997764292558288,0.0022357074417119,0.0,True,2321.0,27.180824966004582,0.77965504059969,2324,28,0.0119047619047619,,0.3090169943749474,0.3956439237389599,,intact
105,202,35.407330270704115,35.21176420943346,3.898979485566356,96.5622152261666,4.898979485566356,1007.01423524317,60.4333189779772,4878,0.0740987030280314,4822,56,0,0.988519885198852,0.011480114801148,0.0,True,1888.0,24.514670406003766,0.6942788090520984,1889,0,0.0,,0.2766967754673748,0.2994675422124127,,intact
105,255,35.407330270704115,35.92547553924652,3.47213595499958,85.99099857343296,4.47213595499958,990.6313066105764,27.279409921447115,4646,0.0705745334703227,4519,124,3,0.9726646577701248,0.0266896254842875,0.0006457167455876,True,1614.0,22.6661014799775,0.6355028719987816,1614,175,0.0978200111794298,0.230062755503559,0.2742918851774318,0.280957962249861,-0.0442291296738727,intact
105,257,35.407330270704115,36.46042522394956,1.0,24.7660229,2.0,1043.3339914889089,58.88001017322978,3939,0.0598349305509257,3849,90,0,0.9771515613099772,0.0228484386900228,0.0,True,2702.0,29.32700653780748,0.8161380951987335,2749,128,0.0444907890163364,,0.3008613653919205,0.3244997998398398,,intact
106,115,33.742301716237634,35.825187565631715,1.0,24.7660229,2.0,589.6039491837271,36.72420553839281,2986,0.0453584926694756,2522,42,427,0.8446081714668453,0.0140656396517079,0.1430006697923643,True,1585.0,22.46154869107,0.6457484357401962,1596,751,0.31998295696634,0.3761785115301142,0.2898979485566356,0.3733744816363991,0.0862805629734785,cohesive
106,122,33.742301716237634,36.06624197611151,2.4641016151377544,61.02599702842861,3.4641016151377544,536.0239897245629,44.93006755068407,3937,0.0598045497788765,3910,15,12,0.9931419862839724,0.0038100076200152,0.0030480060960121,True,798.0,15.937731619482898,0.4566126372646171,811,483,0.3732612055641422,0.356519017143532,0.2898979485566356,0.3516287047744073,0.0666210685868964,intact
100,107,35.3063072377907,35.75710289054902,1.0,24.7660229,2.0,1145.4790175239818,87.28092912335269,3141,0.0477130025032896,3094,47,0,0.9850366125437758,0.0149633874562241,0.0,True,3014.0,30.973956753342723,0.8717272840524852,3017,333,0.0994029850746268,,0.3090169943749474,0.3585701736362872,,intact
100,170,35.3063072377907,34.72346501130035,1.0,24.7660229,2.0,1143.140648443869,83.39942005008757,3138,0.0476674313452158,3125,13,0,0.9958572339069472,0.0041427660930529,0.0,True,2943.0,30.6069599117406,0.8741127931381458,2949,0,0.0,,0.3090169943749474,0.3585701736362872,,intact
100,285,35.3063072377907,61.042041869484365,22.293496809607955,552.1212525078275,23.293496809607955,1186.7734414308463,33.33675447992493,2209,0.0335555627283562,1990,219,0,0.9008601177003168,0.0991398822996831,0.0,False,572.0,13.49345229721172,0.2800972185250003,575,0,0.0,,0.0786581525071737,0.083864617510839,,intact
101,157,35.47454971619172,35.512891801430825,7.613903745752154,188.5661145256936,8.613903745752154,744.7546092367609,27.4220387637512,7392,0.1122873334938927,4084,672,2643,0.5524891774891775,0.0909090909090909,0.3575487012987013,True,749.0,15.440663999700892,0.4350252289587805,1765,724,0.290879871434311,0.2989350844248255,0.2255557268480057,0.318654915122011,0.0733793575768198,mixed
106,183,33.742301716237634,34.91858457314275,1.414213562373095,35.02444547122265,2.414213562373095,543.3468771065475,58.37536112481342,2840,0.043140696309883,2477,116,249,0.8721830985915493,0.0408450704225352,0.0876760563380281,True,613.0,13.968677826861914,0.4068889460001746,654,977,0.5990190067443286,0.3900959445746376,0.2817290466902531,0.3629003269703467,0.1083668978843844,cohesive
106,241,33.742301716237634,36.12530338834216,1.0,24.7660229,2.0,583.2246782878083,54.91936597017905,2682,0.0407406153179951,2421,127,135,0.9026845637583892,0.0473527218493661,0.0503355704697986,True,1702.0,23.275812043510143,0.6662833800777989,1716,312,0.1538461538461538,0.3827822185373187,0.2898979485566356,0.3956439237389599,0.092884269980683,intact
107,180,35.75710289054902,34.46594178505902,1.0,24.7660229,2.0,1117.1688563144398,40.92088661921996,3256,0.0494598968961194,3244,12,0,0.9963144963144964,0.0036855036855036,0.0,True,2243.0,26.72019975056778,0.7610094342676382,2243,223,0.0904298459042984,,0.3090169943749474,0.3571784405696134,,intact
108,148,35.555054525553416,35.77408618257428,1.0,24.7660229,2.0,878.6716985105815,78.79102566398191,3056,0.046421819691198,3034,22,0,0.9928010471204188,0.0071989528795811,0.0,True,1968.0,25.028660691489268,0.7017793973967597,1968,133,0.0633031889576392,,0.303832434700687,0.4206322727489686,,intact
109,127,35.273399530514254,35.13554343686632,6.330293345472711,156.77618995769478,7.330293345472711,1062.371803137597,37.72788174200085,6039,0.0917347412025998,5990,49,0,0.991886073853287,0.008113926146713,0.0,True,1949.0,24.907548417542184,0.7075109316463247,1949,0,0.0,,0.2742918851774317,0.2612038749637415,,intact
109,212,35.273399530514254,34.00397770543357,1.0,24.7660229,2.0,1083.804732715692,74.49281056439953,2934,0.044568592596196,2899,35,0,0.9880708929788684,0.0119291070211315,0.0,True,2789.0,29.79540690386007,0.8601771052152165,2789,0,0.0,,0.3090169943749474,0.407669683062202,,intact
110,125,36.12298610796072,35.605342404496575,3.414213562373095,84.55649127122264,4.414213562373095,785.1147624463979,54.30194350398473,4421,0.0671566966147862,4166,62,198,0.9423207419135942,0.0140239764759104,0.0447862474553268,True,3178.0,31.805484091459554,0.8868318766395286,3181,169,0.0504477611940298,0.2843646522044218,0.2766967754673748,0.3255657172751245,0.0076678767370469,intact
110,167,36.12298610796072,35.24875845540225,1.0,24.7660229,2.0,808.6734992121176,88.11913692718812,3051,0.046345867761075,3012,39,0,0.9872173058013766,0.0127826941986234,0.0,True,2709.0,29.364970316209902,0.8228738276150737,2715,358,0.1164985356329319,,0.3090169943749474,0.414213562373095,,intact
108,151,35.555054525553416,34.792364223190646,4.0197648378370845,99.553588026488,5.0197648378370845,839.2219933973223,31.410015170933093,4720,0.0716986220361436,4229,95,400,0.8959745762711865,0.0201271186440677,0.0847457627118644,True,1972.0,25.05408341078227,0.712295741803023,1972,223,0.1015945330296127,0.2612038749637414,0.2817290466902531,0.2742918851774318,-0.0205251717265117,mixed
108,152,35.555054525553416,34.711448851125965,1.0,24.7660229,2.0,841.7544314749855,35.20404185930561,2656,0.0403456652813553,2426,187,43,0.9134036144578314,0.0704066265060241,0.0161897590361445,True,1935.0,24.8179296027214,0.7063943247518467,1936,243,0.1115190454336851,0.3145198591387564,0.2898979485566356,0.3660254037844386,0.0246219105821208,intact
108,213,35.555054525553416,34.46687961923308,1.0,24.7660229,2.0,906.0767845045772,10.452680810753831,3091,0.0469534832020593,2916,175,0,0.9433840181171144,0.0566159818828857,0.0,True,2123.0,25.9956128677165,0.7424991378834116,2123,2,0.0009411764705882,,0.3090169943749474,0.4,,intact
108,222,35.555054525553416,35.664062041282264,10.70736817189021,265.17892534376404,11.70736817189021,849.51171419911,57.51557015791534,9526,0.1447036172704034,3832,11,5697,0.4022674784799496,0.0011547344110854,0.59804744908671,False,255.0,9.009385160867897,0.2530046873696622,674,1414,0.6772030651340997,0.331713222674758,0.1453927797473059,0.1749172031072142,0.1863204429274521,cohesive
108,237,35.555054525553416,33.74921981698591,1.0,24.7660229,2.0,894.9796661634457,48.87786046743975,2812,0.042715365501194,2779,33,0,0.9882645803698435,0.0117354196301564,0.0,True,1671.0,23.06286668680011,0.6655539475909066,1671,375,0.1832844574780058,,0.3090169943749474,0.393529818721632,,intact
108,263,35.555054525553416,35.54812880887022,1.0,24.7660229,2.0,860.5388253721569,72.74799419220024,3204,0.0486699968228398,3015,133,57,0.9410112359550562,0.0415106117353308,0.0177902621722846,True,1734.0,23.493602164050813,0.660831233210812,1736,531,0.2342302602558447,0.3726822671238252,0.304845440523399,0.3726822671238252,0.0678368266004261,intact
108,322,35.555054525553416,35.40358484036005,1.0,24.7660229,2.0,877.824944597877,79.79765396028192,3455,0.0524827837150161,3309,146,0,0.9577424023154848,0.0422575976845151,0.0,True,2085.0,25.761912054294488,0.7261106550098194,2087,527,0.2016067329762815,,0.2989350844248255,0.4036185072337704,,intact
109,114,35.273399530514254,35.708739722130034,1.0,24.7660229,2.0,1063.623124669774,36.63594091248835,2713,0.0412115172847579,2679,34,0,0.987467747880575,0.0125322521194249,0.0,True,1703.0,23.28264882205192,0.6560142894308324,1703,0,0.0,,0.3090169943749474,0.3822173168384947,,intact
110,289,36.12298610796072,34.14987401789476,2.0,49.5320458,3.0,837.6356477704899,30.80392715314977,3589,0.0545182954423134,3023,566,0,0.8422959041515743,0.1577040958484257,0.0,True,1939.0,24.84356796658584,0.7070601060520988,1939,0,0.0,,0.2612038749637414,0.387425886722793,,intact
110,320,36.12298610796072,27.640729586576867,1.414213562373095,35.02444547122265,2.414213562373095,837.2762237114849,36.07831519228875,1759,0.0267198890172831,1586,173,0,0.901648664013644,0.0983513359863558,0.0,True,1514.0,21.9527029698454,0.6885641067409128,1514,0,0.0,,0.2817290466902531,0.387425886722793,,intact
111,139,35.54894744328227,35.28861499221115,1.0,24.7660229,2.0,527.7322472183638,54.99965371921787,3015,0.0457990138641892,2119,32,872,0.7028192371475953,0.0106135986733001,0.2892205638474295,True,471.0,12.244343853084386,0.345702009840737,545,1552,0.7401049117787315,0.392280956059262,0.2612038749637414,0.414213562373095,0.1310770810955205,cohesive
111,169,35.54894744328227,36.74116290534641,1.0,24.7660229,2.0,542.8041287866322,81.27299866133525,2992,0.0454496349856232,2390,54,552,0.7987967914438503,0.0180481283422459,0.1844919786096256,True,1193.0,19.48701347608869,0.5391335932981698,1219,1261,0.5084677419354838,0.3874258867227931,0.2804517790043864,0.4049287430560275,0.1069741077184067,cohesive
111,319,35.54894744328227,31.405054970984555,1.0,24.7660229,2.0,511.6593791173474,3.594547126149936,1832,0.0278287871970794,1531,14,290,0.8356986899563319,0.0076419213973799,0.158296943231441,True,375.0,10.925484305920792,0.3263579147463407,386,1213,0.758599124452783,0.4,0.2612038749637414,0.4270509831248423,0.1387961250362586,cohesive
112,132,35.53817623683374,34.69373956573465,1.0,24.7660229,2.0,862.849352590743,78.44710760347495,3317,0.0503865104436204,3309,3,5,0.997588182092252,0.0009044317154054,0.0015073861923424,True,2193.0,26.4207036318311,0.7523845342935922,2246,396,0.1498864496593489,0.3288130902060995,0.3090169943749474,0.4340578300578996,0.019796095831152,intact
112,303,35.53817623683374,35.494141691078184,3.3166247903554,82.13960550864952,4.3166247903554,901.239903856088,34.37675110850809,3359,0.0510245066566539,1395,1743,221,0.4153021732658529,0.5189044358440011,0.0657933908901458,True,507.0,12.70366530947592,0.3576869143526585,508,180,0.2616279069767442,0.3451409985003952,0.1639607805437114,0.3524704450894247,0.1811802179566838,cohesive
113,123,35.0394272918605,35.83721212468131,1.0,24.7660229,2.0,750.8241518505035,30.09152261893908,2952,0.0448420195446389,2673,26,260,0.9054878048780488,0.0088075880758807,0.0880758807588075,True,2931.0,30.544496663141963,0.8619058949347765,2933,759,0.2055796316359696,0.4014916240907943,0.2989350844248255,0.4173603330935221,0.1025565396659688,cohesive
111,171,35.54894744328227,34.48769978943581,4.773112505913769,118.21101362573678,5.773112505913769,553.365142396337,82.46554431415612,4992,0.0758304070348366,4878,5,111,0.9771634615384616,0.0010016025641025,0.0222355769230769,True,1836.0,24.17471718621419,0.6903447878047712,1836,444,0.1947368421052631,0.3660254037844386,0.2742918851774317,0.349586663902989,0.0917335186070069,intact
111,184,35.54894744328227,39.94887713154465,1.0,24.7660229,2.0,578.3298052842762,46.6001797766366,3692,0.0560829052028479,3624,68,0,0.9815817984832068,0.018418201516793,0.0,True,3638.0,34.02956605566152,0.9014714330459774,3639,0,0.0,,0.303832434700687,0.4229861452669073,,intact
111,197,35.54894744328227,36.55636975448627,6.117215614703381,151.4991019979815,7.117215614703381,568.1315811012526,60.0454241225485,6680,0.1014717786443727,6147,23,513,0.9202095808383234,0.003443113772455,0.0767964071856287,True,1603.0,22.588730543184948,0.6265482608232394,1606,432,0.211972522080471,0.3636363636363636,0.2588283628687876,0.3443593434156103,0.104808000767576,cohesive
111,214,35.54894744328227,35.328254181517394,1.0,24.7660229,2.0,526.893579404275,53.55221776653627,2772,0.0421077500602097,2028,0,747,0.7316017316017316,0.0,0.2694805194805195,True,428.0,11.67204486311899,0.3293596416209238,432,1354,0.7581187010078387,0.3740666961489728,0.2742918851774317,,0.0997748109715411,cohesive
115,241,35.825187565631715,36.12530338834216,1.0,24.7660229,2.0,610.9120286435389,79.57134833638399,3422,0.0519815009762041,3362,60,0,0.9824663939216832,0.0175336060783167,0.0,True,2826.0,29.992394675240465,0.8336953446065115,2826,30,0.0105042016806722,,0.3090169943749474,0.394586871230296,,intact
116,153,35.246068253205905,35.08486852960442,7.071067811865476,175.12222735611326,8.071067811865476,1030.3741161479477,4.735095245191004,6333,0.0962007146938342,6226,107,0,0.9831043739144164,0.0168956260855834,0.0,True,2148.0,26.148224328293928,0.7435767394665174,2153,0,0.0,,0.2757262893750405,0.1719206230413026,,intact
116,192,35.246068253205905,35.33494767432279,1.0,24.7660229,2.0,1103.8787590409852,14.483701014805645,3317,0.0503865104436204,3264,25,28,0.9840217063611696,0.0075369309617123,0.0084413626771178,True,2045.0,25.51359867297932,0.7229592359275819,2045,292,0.1249465126230209,0.2878061171354606,0.3090169943749474,0.4142135623730951,-0.0212108772394867,intact
116,199,35.246068253205905,34.31792910836131,1.0,24.7660229,2.0,1082.0593513117724,69.54948095618705,3077,0.0467408177977148,3028,49,0,0.9840753981150472,0.0159246018849528,0.0,True,1939.0,24.84356796658584,0.7142651057689632,1962,439,0.1828404831320283,,0.3090169943749474,0.4142135623730951,,intact
113,144,35.0394272918605,35.13199772612573,1.0,24.7660229,2.0,722.2027699575481,85.90448046527685,3088,0.0469079120439854,3026,62,0,0.9799222797927462,0.0200777202072538,0.0,True,3417.0,32.97976472156848,0.9399770551364792,3417,568,0.142534504391468,,0.3090169943749474,0.3991718357941185,,intact
113,279,35.0394272918605,35.64446856574113,10.00566930306458,247.80063508952443,11.00566930306458,697.7405818883976,57.45945121928341,7632,0.1159330261397983,7441,191,0,0.9749737945492662,0.0250262054507337,0.0,True,2863.0,30.188097060666024,0.8541718504447566,2875,4,0.0013893713094824,,0.2640945837331134,0.3496919865905558,,intact
114,127,35.708739722130034,35.13554343686632,1.0,24.7660229,2.0,1032.875729173806,88.00848143659705,3206,0.048700377594889,3137,69,0,0.9784778540237056,0.0215221459762944,0.0,True,2934.0,30.560124444498616,0.86274073451805,2934,0,0.0,,0.303832434700687,0.414213562373095,,intact
114,191,35.708739722130034,34.925827427854074,2.0,49.5320458,3.0,1001.6460223410276,27.880702650676717,3531,0.0536372530528862,3294,21,225,0.9328802039082412,0.005947323704333,0.0637213254035684,True,2573.0,28.61837411787912,0.8103220639014154,2573,371,0.1260190217391304,0.392280956059262,0.2801868778094689,0.3126480851423008,0.1120940782497931,cohesive
114,198,35.708739722130034,34.74022092776492,4.0197648378370845,99.553588026488,5.0197648378370845,1008.7103751750554,47.367278630567206,4952,0.0752227915938523,4882,60,10,0.9858642972536348,0.0121163166397415,0.0020193861066235,True,2702.0,29.32700653780748,0.8325745693694974,2702,194,0.066988950276243,0.2045695568799463,0.2801868778094689,0.2576760293558727,-0.0756173209295225,intact
115,141,35.825187565631715,37.17467522203558,2.863703305156273,70.92254163430594,3.863703305156273,588.6851978054547,41.814784356874405,4323,0.0656680387843747,4002,124,197,0.9257460097154754,0.0286837844089752,0.0455702058755493,True,1763.0,23.68924501418361,0.649021631262181,1763,689,0.280995106035889,0.3660254037844386,0.2742918851774317,0.4,0.0917335186070069,intact
115,182,35.825187565631715,34.15014695868493,5.0,123.8301145,6.0,640.3734126618267,52.704247472375314,4783,0.0726556163556938,4703,80,0,0.9832740957558018,0.0167259042441982,0.0,True,1892.0,24.54062559633988,0.7014078821677354,1892,129,0.0638297872340425,,0.269128646713734,0.284031278157143,,intact
115,194,35.825187565631715,36.829845387931286,1.0,24.7660229,2.0,631.0902787259128,65.15620517936911,7632,0.1159330261397983,7533,99,0,0.9870283018867924,0.0129716981132075,0.0,True,4050.0,35.904805236128944,0.9883638827630088,4137,100,0.0236016049091338,,0.3090169943749474,0.4045372666182638,,intact
117,129,35.65010467869589,35.38954829840609,2.0,49.5320458,3.0,737.3312730470934,89.1475447305659,3558,0.0540473934755506,3372,13,176,0.9477234401349072,0.0036537380550871,0.0494659921304103,True,1531.0,22.07560725659395,0.6215009880104432,1651,598,0.2658959537572254,0.3682203060327592,0.2687959533979827,0.3874258867227931,0.0994243526347765,intact
117,152,35.65010467869589,34.711448851125965,4.123105625617661,102.1129283431658,5.123105625617661,774.3858921207066,10.268600377151415,4368,0.066351606155482,4338,19,11,0.9931318681318682,0.0043498168498168,0.002518315018315,True,1987.0,25.149189725460182,0.7148560105285627,2065,981,0.3220617202889034,0.387425886722793,0.2801868778094689,0.2857142857142857,0.1072390089133241,intact
117,207,35.65010467869589,34.770064455549026,4.39834563766817,108.929528784605,5.39834563766817,751.0446883745888,67.79132308255026,5320,0.0808128536509076,3158,2,2168,0.593609022556391,0.000375939849624,0.4075187969924812,True,408.0,11.396070970426017,0.3236592899599889,1000,1518,0.6028594122319301,0.339714227381436,0.2079915965134781,0.1978731599744448,0.1317226308679579,cohesive
118,123,35.739293549720855,35.83721212468131,6.348469228349534,157.22633428924988,7.348469228349534,792.9413409984618,74.07180218627833,6199,0.0941652029665369,5828,362,10,0.9401516373608646,0.0583965155670269,0.0016131634134537,True,2576.0,28.63505311343852,0.8001243660510027,2576,219,0.0783542039355992,0.414237924658754,0.264908564940645,0.3430703308172536,0.149329359718109,intact
118,144,35.739293549720855,35.13199772612573,10.04987562112089,248.8954497748317,11.04987562112089,764.3199591055063,15.548843005504368,8090,0.1228902229390682,8004,86,0,0.9893695920889988,0.0106304079110012,0.0,True,2607.0,28.80683726619676,0.8129338903696347,2607,161,0.058164739884393,,0.2700508010092918,0.2576884445409745,,intact
118,188,35.739293549720855,34.395525530844665,1.0,24.7660229,2.0,830.1701659995392,41.74010220758466,3209,0.0487459487529629,3020,189,0,0.9411031473979432,0.0588968526020567,0.0,True,2548.0,28.47900261589753,0.8121216533882559,2548,0,0.0,,0.3090169943749474,0.3726822671238252,,intact
118,210,35.739293549720855,34.608309513248216,1.0,24.7660229,2.0,824.5493689947436,54.79472484375832,2964,0.0450243041769342,2858,106,0,0.964237516869096,0.0357624831309041,0.0,True,2545.0,28.46223217419441,0.809188399744551,2545,0,0.0,,0.3090169943749474,0.3333333333333333,,intact
118,218,35.739293549720855,35.167744397611905,1.414213562373095,35.02444547122265,2.414213562373095,826.6762411143998,50.97174407761693,3422,0.0519815009762041,3212,210,0,0.9386323787258912,0.0613676212741087,0.0,True,3285.0,32.33648057710907,0.9120809869713488,3285,0,0.0,,0.2933997741163456,0.36053867283492,,intact
119,189,36.68093515788354,34.74074841065479,1.0,24.7660229,2.0,925.551395085886,82.80257144936911,3602,0.0547157704606333,3572,23,7,0.991671293725708,0.0063853414769572,0.0019433647973348,True,2047.0,25.526071711452577,0.7147989360109949,2054,364,0.1505376344086021,0.4270509831248423,0.3090169943749474,0.4211646096066227,0.1180339887498949,intact
119,322,36.68093515788354,35.40358484036005,4.155870949147037,102.92439509602023,5.155870949147037,902.5948844637412,62.28145639641468,5046,0.0766506878801654,4650,396,0,0.9215219976218788,0.0784780023781212,0.0,True,1905.0,24.62479102815131,0.6832199487144068,1905,0,0.0,,0.2702497081968528,0.330841042979029,,intact
120,144,35.02503242869986,35.13199772612573,6.483314773547883,160.56592214959517,7.483314773547883,742.853798850191,62.13496129826198,5946,0.0903220353023114,3135,1,2820,0.5272452068617558,0.00016818028927,0.474268415741675,True,382.0,11.026984017500345,0.3143515052779604,1271,2161,0.6296620046620046,0.331713222674758,0.1907435698305462,0.2254734080984753,0.1409696528442118,cohesive
121,133,34.87532591967524,35.017246492591674,1.0,24.7660229,2.0,764.5520186102419,19.579283677410235,2957,0.044917971474762,2521,71,368,0.8525532634426783,0.0240108217788298,0.1244504565437943,True,1770.0,23.7362275550541,0.6792203158597188,1886,904,0.3240143369175627,0.3797958971132712,0.304845440523399,0.3827822185373187,0.0749504565898721,cohesive
122,183,36.06624197611151,34.91858457314275,1.0,24.7660229,2.0,517.454268003114,78.09841811358105,3105,0.0471661486064038,1901,364,842,0.6122383252818036,0.1172302737520128,0.2711755233494364,True,237.0,8.685588237163813,0.2447167559432477,269,845,0.7585278276481149,0.3898534213910276,0.2402530733520421,0.4014916240907943,0.1496003480389854,cohesive
123,138,35.83721212468131,35.141666161293315,1.0,24.7660229,2.0,818.1749408347256,3.4209700103851928,3059,0.0464673908492718,3003,56,0,0.9816933638443937,0.0183066361556064,0.0,True,2583.0,28.67393304052884,0.8079567818753425,2583,0,0.0,,0.304845440523399,0.414213562373095,,intact
123,144,35.83721212468131,35.13199772612573,8.70820393249937,215.66757801014944,9.70820393249937,753.3901641694015,44.95156901261437,7354,0.1117100988249576,6913,76,367,0.9400326353005168,0.0103345118302964,0.0499048137068262,True,1997.0,25.212394624649004,0.7105164247326702,1997,315,0.1362456747404844,0.349586663902989,0.2638321049394654,0.2307748637751758,0.0857545589635235,cohesive
123,161,35.83721212468131,35.076915108180465,1.0,24.7660229,2.0,801.1527270805532,57.982233932295465,3034,0.0460876311986567,2978,17,40,0.981542518127884,0.0056031641397495,0.01318391562294,True,1180.0,19.38054864282415,0.546592037414039,1307,740,0.361504640937958,0.3974903519542695,0.3090169943749474,0.3090169943749474,0.0884733575793221,intact
123,179,35.83721212468131,34.45441565467942,1.0,24.7660229,2.0,783.3007486916154,87.90991383008945,3131,0.0475610986430435,2781,151,201,0.8882146279144043,0.0482274033854998,0.0641967422548706,True,1340.0,20.65272978291924,0.5876298624850843,1340,493,0.2689579923622476,0.3726822671238252,0.3008613653919205,0.3816524151396708,0.0718209017319047,cohesive
124,140,35.27678898369645,35.6431532162262,4.766114533138578,118.03770167173282,5.766114533138578,1010.3774513369892,63.31528566638437,5355,0.0813445171617688,5118,109,129,0.9557422969187676,0.0203548085901027,0.0240896358543417,True,1455.0,21.520708268953776,0.6069014610386202,1458,97,0.0623794212218649,0.3660254037844386,0.2758872381516119,0.2171292729553324,0.0901381656328267,intact
124,159,35.27678898369645,34.29845816888291,3.0,74.2980687,4.0,1029.8679198440389,7.896958699745418,3873,0.0588323650733017,3855,18,0,0.9953524399690162,0.0046475600309837,0.0,True,3251.0,32.168702802312424,0.924716881903878,3262,0,0.0,,0.2857142857142857,0.2553967929896867,,intact
124,231,35.27678898369645,34.500072863257465,1.0,24.7660229,2.0,976.3585745945328,61.90479154424072,2821,0.0428520789754155,2817,4,0,0.998582063098192,0.0014179369018078,0.0,True,1692.0,23.207333483685147,0.6651870797682844,1692,0,0.0,,0.3090169943749474,0.3910489397352334,,intact
121,176,34.87532591967524,34.95020919528266,3.898979485566356,96.5622152261666,4.898979485566356,778.3546422256165,59.63133845567563,4387,0.0666402234899496,3467,8,918,0.7902894916799635,0.0018235696375655,0.2092546159106451,True,638.0,14.250673927406329,0.4081794404853354,1147,975,0.4594721960414703,0.3522420639608962,0.2449655295864104,0.3588270542794229,0.1072765343744857,cohesive
121,207,34.87532591967524,34.770064455549026,6.559265477474685,162.44691902231747,7.559265477474685,781.3320867949042,65.29085328601089,6184,0.0939373471761678,3019,385,2791,0.4881953428201811,0.0622574385510996,0.4513260025873221,True,1.0,0.5641895835477563,0.0162017781940227,1609,1078,0.401190919240789,0.3305953784295673,0.1800109766871974,0.3169844364313081,0.1505844017423699,cohesive
122,141,36.06624197611151,37.17467522203558,1.0,24.7660229,2.0,535.1052383462905,48.2841900831417,2998,0.0455407773017708,1968,0,1039,0.6564376250833889,0.0,0.3465643762508339,True,337.0,10.357143990692483,0.2828239838305714,360,1781,0.8318542737038767,0.3797958971132712,0.25,,0.1297958971132712,cohesive
122,174,36.06624197611151,36.37943258714717,1.0,24.7660229,2.0,514.3769181650052,83.30915042502704,3055,0.0464066293051734,2358,512,187,0.7718494271685761,0.1675941080196399,0.0612111292962356,True,480.0,12.360774464742066,0.3412425804372568,528,414,0.4394904458598726,0.3827822185373187,0.2742918851774317,0.387425886722793,0.1084903333598869,intact
124,321,35.27678898369645,27.524522576173496,5.477225575051661,135.6490940201951,6.477225575051661,999.1963678662208,79.19704485629794,4552,0.0691466371840097,4483,69,0,0.984841827768014,0.0151581722319859,0.0,True,1736.0,23.507147049675357,0.7486196216544123,1738,0,0.0,,0.2742918851774318,0.4007871454417938,,intact
125,131,35.605342404496575,35.94414801937112,2.6502815398728847,65.63693330793913,3.6502815398728847,734.6121082635934,41.748126171149366,3829,0.058163988088219,3768,61,0,0.9840689475058764,0.0159310524941237,0.0,True,2342.0,27.30351174194334,0.7632063227898365,2342,179,0.0710035700119,,0.2817290466902531,0.3299230723708768,,intact
125,179,35.605342404496575,34.45441565467942,1.0,24.7660229,2.0,773.6725216078122,71.94109050018874,2938,0.0446293541402944,2930,8,0,0.997277059223962,0.0027229407760381,0.0,True,2178.0,26.33019050649456,0.7516494842661247,2178,222,0.0925,,0.3090169943749474,0.4724505099150167,,intact
125,185,35.605342404496575,34.68573802823606,7.14142842854285,176.86478000000324,8.14142842854285,800.7441220343319,14.32859927812437,6717,0.1020338229272832,6342,206,172,0.9441715051362216,0.0306684531785023,0.0256066696441863,True,1910.0,24.6570858499345,0.7015708308405051,1910,0,0.0,0.1878177961125632,0.2817290466902531,0.2204812092115424,-0.0939112505776899,intact
130,173,35.41272483695998,34.43154160317679,3.6055512754639896,89.29516545526538,4.60555127546399,1116.837703986586,54.2886554873738,891,0.0135346339479245,885,6,0,0.9932659932659932,0.0067340067340067,0.0,True,524.0,12.914889870235298,0.3698196152236661,790,0,0.0,,0.257284274447472,0.3387894220414094,,intact
130,199,35.41272483695998,34.31792910836131,1.0,24.7660229,2.0,1095.4496689360733,88.20351166901841,2714,0.0412267076707825,2662,52,0,0.9808400884303612,0.0191599115696389,0.0,True,1515.0,21.95995167500245,0.6298507308485064,1515,0,0.0,,0.2989350844248255,0.3779872043216927,,intact
130,257,35.41272483695998,36.46042522394956,1.0,24.7660229,2.0,1078.8449250816473,62.887916435847146,2534,0.0384924381863533,2530,4,0,0.9984214680347278,0.0015785319652722,0.0,True,2142.0,26.11167892353304,0.7266045498605381,2142,0,0.0,,0.304845440523399,0.3028534029576598,,intact
130,316,35.41272483695998,28.85350440000192,1.0,24.7660229,2.0,1085.5081663353058,70.68241533841362,1562,0.0237273829704356,1533,29,0,0.9814340588988476,0.0185659411011523,0.0,True,2137.0,26.081185302335488,0.8116606688146946,2138,0,0.0,,0.3090169943749474,0.3761785115301142,,intact
129,151,35.38954829840609,34.792364223190646,1.0,24.7660229,2.0,772.4050085606119,16.392768466291,3033,0.0460724408126321,2889,144,0,0.9525222551928784,0.0474777448071216,0.0,True,1909.0,24.650630270337032,0.7024781566832171,1966,897,0.3133077191756898,,0.2958163163244892,0.3622977887103629,,intact
129,282,35.38954829840609,36.68341902992898,1.0,24.7660229,2.0,763.3834304671332,48.99866162779615,2889,0.0438850252250887,2835,54,0,0.9813084112149532,0.0186915887850467,0.0,True,1901.0,24.598924643882015,0.6826116796834336,1901,0,0.0,,0.304845440523399,0.3174485500778986,,intact
130,163,35.41272483695998,35.13670369587606,8.565401897601228,212.13093954369543,9.565401897601228,1105.3995475328643,77.3916859676734,7033,0.1068339849110589,6918,115,0,0.98364851414759,0.01635148585241,0.0,True,1473.0,21.65341687468109,0.6138509503192608,1473,0,0.0,,0.2692803301885514,0.3076923076923077,,intact
130,168,35.41272483695998,35.63262692341111,1.0,24.7660229,2.0,1097.5247443612648,88.4988339769141,3443,0.0523004990827208,3426,17,0,0.9950624455416788,0.0049375544583212,0.0,True,3011.0,30.958537874056542,0.8715148030648541,3011,0,0.0,,0.3090169943749474,0.3874258867227931,,intact
128,183,35.798071705600336,34.91858457314275,1.7320508075688772,42.89600996421431,2.732050807568877,552.7345852278579,40.23445681310233,3553,0.0539714415454276,3045,0,513,0.8570222347312131,0.0,0.1443850267379679,True,563.0,13.38687663054658,0.3786060409242108,1058,1714,0.6183261183261183,0.3660254037844386,0.2742918851774317,,0.0917335186070069,cohesive
128,194,35.798071705600336,36.829845387931286,1.8284271247461903,45.2828680424453,2.8284271247461903,612.7906364914927,25.86619522678552,3996,0.0607007825543283,3964,32,0,0.991991991991992,0.008008008008008,0.0,True,3397.0,32.88310635214284,0.9055224951528033,3397,0,0.0,,0.2898979485566356,0.3751055526971755,,intact
128,241,35.798071705600336,36.12530338834216,4.55269276785519,112.752093345366,5.55269276785519,592.6123864091187,72.10678438353413,5205,0.0790659592580778,5127,70,8,0.985014409221902,0.0134486071085494,0.0015369836695485,True,2350.0,27.350104799285653,0.76053452062177,2350,123,0.0497371613424989,0.4433413449504883,0.2771863727725964,0.4092587834991562,0.1661549721778918,intact
128,271,35.798071705600336,33.97470293029857,1.414213562373095,35.02444547122265,2.414213562373095,572.0802057102535,76.06874354561452,3030,0.0460268696545583,2950,4,78,0.9735973597359736,0.0013201320132013,0.0257425742574257,True,2366.0,27.443053596690888,0.7866407417477451,2409,669,0.2173489278752436,0.3789154633348925,0.2898979485566356,0.3465940314540915,0.0890175147782568,intact
125,282,35.605342404496575,36.68341902992898,1.8284271247461903,45.2828680424453,2.8284271247461903,775.8195626321776,70.01044045046113,3658,0.0555664320780113,3620,38,0,0.989611809732094,0.0103881902679059,0.0,True,1859.0,24.325667070312107,0.6730138015264892,1859,92,0.0471553049718093,,0.2898979485566356,0.380724156126471,,intact
126,279,39.77268208815821,35.64446856574113,1.0,24.7660229,2.0,647.3701972862253,44.69894991979561,3177,0.0482598564001754,2932,195,51,0.9228832231665092,0.0613786591123701,0.0160528800755429,True,2762.0,29.650833135674784,0.7863153905600841,2784,282,0.0919765166340508,0.3816524151396708,0.304845440523399,0.3874258867227931,0.0768069746162717,intact
126,280,39.77268208815821,33.81754955360479,1.0,24.7660229,2.0,598.475941748017,55.88441207093196,3555,0.0540018223174768,2628,295,635,0.739240506329114,0.0829817158931083,0.1786216596343178,True,1.0,0.5641895835477563,0.0153332737500876,905,309,0.2545304777594728,0.3827822185373187,0.25,0.3956439237389599,0.1327822185373187,cohesive
126,286,39.77268208815821,33.39235957204234,3.47213595499958,85.99099857343296,4.47213595499958,623.5990848394679,83.62192417468985,1645,0.024988185010478,1546,0,101,0.9398176291793312,0.0,0.0613981762917933,True,2003.0,25.25024162312378,0.6902269458245687,2121,186,0.0806241872561768,0.4014916240907943,0.269241092610464,,0.1322505314803304,intact
126,323,39.77268208815821,30.89445563054656,1.0,24.7660229,2.0,587.8604766083831,26.92083227860166,14028,0.2130907351531827,13264,481,285,0.9455374964357,0.0342885657256914,0.0203165098374679,True,6.0,1.381976597885342,0.0391122845073021,1330,551,0.2929292929292929,0.3874258867227931,0.3090169943749474,0.4494897427831781,0.0784088923478457,cohesive
127,212,35.13554343686632,34.00397770543357,2.863703305156273,70.92254163430594,3.863703305156273,1053.057337219724,54.325719230743154,3514,0.0533790164904679,3444,70,0,0.9800796812749004,0.0199203187250996,0.0,True,2363.0,27.425649692437503,0.7933421938515094,2363,0,0.0,,0.2766967754673748,0.3910866643974389,,intact
128,134,35.798071705600336,44.4526147691647,1.0,24.7660229,2.0,570.8257747818659,75.4955574932795,3496,0.053105589542025,3083,18,397,0.8818649885583524,0.0051487414187643,0.1135583524027459,True,2732.0,29.489364337912,0.7349311422322844,3511,1670,0.3223315962169465,0.375,0.2843646522044218,0.4170409888650807,0.0906353477955781,cohesive
128,141,35.798071705600336,37.17467522203558,1.0,24.7660229,2.0,570.3855555710346,73.90087329414139,4000,0.0607615440984267,3357,196,450,0.83925,0.049,0.1125,True,1486.0,21.748758375344394,0.5960789278471796,1495,998,0.4003208985158443,0.4026997478492771,0.2933997741163456,0.4057077327363875,0.1092999737329314,cohesive
131,179,35.94414801937112,34.45441565467942,9.645764924552132,238.8872350094749,10.645764924552132,745.5295379766549,17.736832440084395,6945,0.1054972309408935,5153,30,1773,0.7419726421886249,0.0043196544276457,0.2552915766738661,True,906.0,16.982012745328934,0.4824533870877436,940,893,0.4871794871794871,0.3551678050823318,0.2307692307692307,0.163791261809431,0.124398574313101,cohesive
131,226,35.94414801937112,35.041890092227234,1.0,24.7660229,2.0,680.0761429864356,43.63774926214746,2997,0.0455255869157462,2977,20,0,0.9933266599933268,0.0066733400066733,0.0,True,2927.0,30.523647174935626,0.8599901610778411,2927,0,0.0,,0.2989350844248255,0.4259293320260172,,intact
131,333,35.94414801937112,31.258738512821964,1.0,24.7660229,2.0,686.7851098427736,48.42395886325136,5762,0.0875270042737838,5720,42,0,0.992710864283235,0.007289135716765,0.0,True,3030.0,31.05606148784623,0.9242478438175132,3031,12,0.0039434768320736,,0.3021694792519622,0.3881560186294753,,intact
132,247,34.69373956573465,35.01302766448857,2.449489742783178,60.66411906308329,3.449489742783178,821.3485855190074,18.38211737435295,4374,0.0664427484716297,4299,75,0,0.9828532235939644,0.0171467764060356,0.0,True,2278.0,26.9278651349615,0.7726040441963348,2284,0,0.0,,0.2843646522044218,0.303832434700687,,intact
133,176,35.017246492591674,34.95020919528266,5.0990195135927845,126.28243404118577,6.0990195135927845,745.5521454657028,68.50710210125189,6073,0.0922512143274364,3415,1,2665,0.5623250452823975,0.0001646632636258,0.4388275975629837,True,1514.0,21.9527029698454,0.6275118268635257,1781,1535,0.4629071170084439,0.3516287047744073,0.1886378647726465,0.5,0.1629908400017607,cohesive
133,182,35.017246492591674,34.15014695868493,1.0,24.7660229,2.0,697.6025238172618,17.135238155598923,2697,0.0409684711083642,2557,140,0,0.9480904708935854,0.0519095291064145,0.0,True,3591.0,33.80903431460284,0.9776003584237664,3604,426,0.1057071960297766,,0.2898979485566356,0.4,,intact
133,207,35.017246492591674,34.770064455549026,5.19114712955712,128.56406868788088,6.19114712955712,748.5295900349904,64.05326830043794,4868,0.0739467991677854,3733,245,900,0.7668447000821693,0.050328677074774,0.1848808545603944,True,888.0,16.812470934731934,0.4818202824070801,904,432,0.3233532934131736,0.3437148371164319,0.2521127429279827,0.2597106754733818,0.0916020941884491,cohesive
134,201,44.4526147691647,35.12967650967651,1.0,24.7660229,2.0,600.171680153087,26.742281463476527,5541,0.0841699289623457,5052,489,0,0.9117487818083378,0.0882512181916621,0.0,True,2714.0,29.392057279183568,0.7386582317968049,2726,253,0.084927828130245,,0.272552534874096,0.4,,intact
138,188,35.141666161293315,34.395525530844665,1.0,24.7660229,2.0,855.403765835803,88.24487766459123,3137,0.0476522409591912,3117,20,0,0.9936244819891616,0.0063755180108383,0.0,True,1988.0,25.15551736167189,0.7235126052557002,1995,135,0.0633802816901408,,0.3090169943749474,0.3588270542794229,,intact
139,181,35.28861499221115,37.07536706906336,1.0,24.7660229,2.0,491.04700253005205,65.58022424326829,2838,0.0431103155378338,1929,0,919,0.6797040169133193,0.0,0.3238195912614517,True,322.0,10.124020118074668,0.2798082645452571,674,1313,0.6607951685958732,0.39564392373896,0.2402530733520421,,0.1553908503869179,cohesive
139,319,35.28861499221115,31.405054970984555,1.0,24.7660229,2.0,491.0583780282577,62.12652009608775,2650,0.0402545229652077,1665,0,999,0.6283018867924528,0.0,0.3769811320754717,True,261.0,9.114761669619748,0.2733321370573743,583,1711,0.7458587619877942,0.4,0.2433607328111082,,0.1566392671888917,cohesive
139,323,35.28861499221115,30.89445563054656,1.0,24.7660229,2.0,531.9781054558674,47.13937182729473,3141,0.0477130025032896,3135,0,7,0.9980897803247374,0.0,0.0022285896211397,True,1131.0,18.97388946088459,0.5733759187159935,1159,655,0.3610804851157662,0.4211646096066227,0.3090169943749474,,0.1121476152316753,intact
135,172,35.00958694434186,37.708709508631,1.0,24.7660229,2.0,1144.253250278094,57.44715678458773,3480,0.0528625433656313,3469,11,0,0.99683908045977,0.0031609195402298,0.0,True,2388.0,27.5703465376642,0.7582781193311925,2389,0,0.0,,0.3090169943749474,0.3956439237389599,,intact
135,193,35.00958694434186,34.34399097529891,1.0,24.7660229,2.0,1090.7158691984532,21.087871363294816,2869,0.0435812175045966,2848,21,0,0.9926803764377832,0.0073196235622168,0.0,True,2577.0,28.64061062016012,0.8259302974489847,2577,0,0.0,,0.3090169943749474,0.3333333333333333,,intact
135,196,35.00958694434186,35.320601368371406,1.0,24.7660229,2.0,1142.5972166854665,57.71354373619577,2921,0.0443711175778761,2904,17,0,0.9941800753166724,0.0058199246833276,0.0,True,2502.0,28.22076071320269,0.8025219721500833,2503,0,0.0,,0.3090169943749474,0.4142135623730951,,intact
136,187,35.71628950814358,34.86472360632535,1.0,24.7660229,2.0,766.4077699355306,82.89894579303481,2915,0.0442799752617285,2909,6,0,0.9979416809605488,0.0020583190394511,0.0,True,1886.0,24.50168250024127,0.6942853727674386,1902,446,0.1899488926746167,,0.3090169943749474,0.2800030854458587,,intact
137,219,39.32260053824134,35.27595766867479,1.0,24.7660229,2.0,470.88775664493807,69.17750623766509,2880,0.0437483117508673,1684,490,712,0.5847222222222223,0.1701388888888889,0.2472222222222222,True,297.0,9.72306722164286,0.2606770815777354,354,725,0.6719184430027804,0.4026997478492771,0.23166247903554,0.380724156126471,0.1710372688137371,cohesive
137,252,39.32260053824134,35.21054470549252,13.533000645649388,335.1586038958675,14.533000645649388,521.9995999633741,28.134527053511626,9104,0.1382932743680194,5168,3936,0,0.5676625659050967,0.4323374340949033,0.0,True,2.0,0.7978845608028654,0.0214101943019758,1643,0,0.0,,0.2007184589378145,0.2960522815230986,,intact
137,343,39.32260053824134,21.116751542704144,1.0,24.7660229,2.0,491.997288091232,74.88202416640918,4643,0.0705289623122489,4013,483,149,0.8643118673271591,0.1040275683825113,0.0320913202670687,True,341.0,10.418429401242426,0.3447564886959471,793,133,0.1436285097192224,0.4026997478492771,0.2898979485566356,0.4026997478492771,0.1128017992926415,intact
138,161,35.141666161293315,35.076915108180465,1.414213562373095,35.02444547122265,2.414213562373095,837.3161218529217,62.15622821823988,2927,0.0444622598940238,2906,21,0,0.9928254185172533,0.0071745814827468,0.0,True,1589.0,22.48987347999191,0.6405675840610856,1589,410,0.2051025512756378,,0.2958163163244892,0.4068781988545112,,intact
136,207,35.71628950814358,34.770064455549026,6.071067811865476,150.35620445611326,7.071067811865476,768.0981950345413,85.86381634230096,6223,0.0945297722311274,2571,503,3157,0.4131447854732444,0.0808291820665274,0.5073115860517435,False,1813.0,24.022818811521944,0.6816303429142059,1885,637,0.2525773195876288,0.349586663902989,0.1482675827043134,0.3333333333333333,0.2013190811986756,cohesive
136,222,35.71628950814358,35.664062041282264,1.0,24.7660229,2.0,799.1966815047836,38.46990007472167,2975,0.0451913984232049,2832,49,95,0.9519327731092436,0.0164705882352941,0.0319327731092436,True,2048.0,25.532305945691693,0.715387509068581,2221,716,0.243786176370446,0.3874258867227931,0.3090169943749474,0.3333333333333333,0.0784088923478457,intact
137,149,39.32260053824134,35.31722031987345,8.00692826708518,198.2997688212889,9.00692826708518,515.7348376580851,43.07339839629837,2804,0.0425938424129971,2393,251,163,0.8534236804564908,0.0895149786019971,0.0581312410841654,True,1759.0,23.66235596463902,0.6340410706402831,1790,1,0.0005583472920156,0.3543477223400257,0.1990080499670803,0.2474401533514073,0.1553396723729454,intact
137,177,39.32260053824134,34.03910971289511,3.414213562373095,84.55649127122264,4.414213562373095,511.834600342749,50.7284001878327,3550,0.0539258703873537,3116,217,219,0.8777464788732394,0.0611267605633802,0.0616901408450704,True,2425.0,27.783114908082077,0.7574282227874228,2486,435,0.1489216021910304,0.3358925990916108,0.2612038749637414,0.3510714832006494,0.0746887241278693,cohesive
134,223,44.4526147691647,35.63995839173449,2.4641016151377544,61.02599702842861,3.4641016151377544,532.8130162037205,50.38127115198645,4929,0.0748734127152864,4044,25,871,0.8204503956177723,0.0050720227226617,0.176709271657537,True,1896.0,24.566553364370574,0.6134539669494312,1913,1808,0.485890889545821,0.3726822671238252,0.23582845781094,0.3133921657949117,0.1368538093128852,cohesive
134,253,44.4526147691647,36.95071200079368,1.0,24.7660229,2.0,587.9459643430139,54.54761559862943,5084,0.0772279225491004,4601,483,0,0.9049960660896932,0.0950039339103068,0.0,True,3950.0,35.45876549495164,0.8711871345296808,3974,399,0.0912417104962268,,0.2898979485566356,0.3816524151396708,,intact
134,274,44.4526147691647,35.88102725341571,1.0,24.7660229,2.0,523.8428403056112,15.095359260897672,3621,0.0550043877951008,1765,0,1868,0.4874344103838718,0.0,0.515879591273129,True,530.0,12.988619621707652,0.3233668807909088,1969,2393,0.5486015589179275,0.3704152082810797,0.2108967220595339,,0.1595184862215457,cohesive
135,145,35.00958694434186,35.059378977226274,5.6332495807108,139.51318811729905,6.6332495807108,1111.191773818062,70.65070870730428,5416,0.0822711307092698,5337,79,0,0.9854135893648448,0.014586410635155,0.0,True,1806.0,23.976397862229557,0.6843656830633862,1806,0,0.0,,0.2766967754673748,0.238450422231985,,intact
139,325,35.28861499221115,28.228606479485165,1.0,24.7660229,2.0,503.6025938679441,83.39371532291217,2834,0.0430495539937353,1749,0,1089,0.6171489061397318,0.0,0.3842625264643613,True,406.0,11.368105109938904,0.3579534761294495,836,2049,0.7102253032928942,0.387425886722793,0.2402530733520421,,0.1471728133707509,cohesive
139,328,35.28861499221115,29.05803831316734,1.0,24.7660229,2.0,490.12072887830766,62.918284376191465,2738,0.0415912769353731,2642,0,98,0.9649379108838568,0.0,0.0357925493060628,True,2092.0,25.80512123390413,0.8020656835542738,2300,634,0.2160872528970688,0.376931296631122,0.2898979485566356,,0.0870333480744864,intact
140,142,35.6431532162262,35.37880695443504,1.8284271247461903,45.2828680424453,2.8284271247461903,1025.394141956969,86.52517402621163,3624,0.0550499589531746,3540,84,0,0.97682119205298,0.0231788079470198,0.0,True,2892.0,30.340603007249587,0.8544006088917585,2896,108,0.0359520639147802,,0.2857142857142857,0.3447501709580027,,intact
140,231,35.6431532162262,34.500072863257465,2.0,49.5320458,3.0,993.6015589432844,21.35808419303316,3449,0.0523916413988685,3180,269,0,0.9220063786604812,0.0779936213395187,0.0,True,2127.0,26.02009085135797,0.741913148444954,2127,0,0.0,,0.2817290466902531,0.3288130902060995,,intact
143,153,35.31626330181178,35.08486852960442,5.708203932499369,141.36950931014945,6.708203932499369,978.8526006758018,71.80827349845094,5522,0.0838813116278782,5011,511,0,0.9074610648315828,0.0925389351684172,0.0,True,2688.0,29.25093116572581,0.8309790028879255,2689,0,0.0,,0.2661832955178855,0.3399683035624423,,intact
143,202,35.31626330181178,35.21176420943346,1.0,24.7660229,2.0,977.6133357394616,71.81018098559686,6241,0.0948031991795704,6204,37,0,0.9940714629065854,0.0059285370934145,0.0,True,2257.0,26.80345897672193,0.7600796427334733,2305,28,0.0120017145306472,,0.3090169943749474,0.3228287342177362,,intact
143,213,35.31626330181178,34.46687961923308,5.572595368400839,138.0110245062491,6.572595368400839,953.7010190647646,70.05700255028259,5249,0.0797343362431605,5157,92,0,0.982472851971804,0.0175271480281958,0.0,True,1562.0,22.297982918171797,0.6390650230070758,1563,0,0.0,,0.2742918851774317,0.3471867541030317,,intact
143,255,35.31626330181178,35.92547553924652,1.0,24.7660229,2.0,961.230407106868,81.24265569691602,3181,0.0483206179442739,3156,25,0,0.9921408362150268,0.0078591637849732,0.0,True,2462.0,27.994266194785187,0.7858950848249491,2462,0,0.0,,0.3090169943749474,0.3451409985003952,,intact
141,164,37.17467522203558,35.93441363578625,1.0,24.7660229,2.0,580.135410995297,56.94658022209379,4268,0.0648325675530214,4148,9,113,0.971883786316776,0.0021087160262417,0.0264761012183692,True,2452.0,27.937355653723827,0.7642649112493993,2453,813,0.2489283527250459,0.3874258867227931,0.3090169943749474,0.4364916731037084,0.0784088923478457,intact
141,183,37.17467522203558,34.91858457314275,1.0,24.7660229,2.0,542.4281257282751,61.34473420371609,2916,0.0442951656477531,1722,0,1197,0.5905349794238683,0.0,0.4104938271604938,True,271.0,9.287732724180174,0.2576588366392983,458,1659,0.783656117146906,0.3827822185373187,0.23166247903554,,0.1511197395017787,cohesive
141,234,37.17467522203558,34.56620180703997,3.898979485566356,96.5622152261666,4.898979485566356,530.5381405131391,40.60868469912559,6273,0.0952892915323578,4859,18,1402,0.7745895106009884,0.0028694404591104,0.223497529092938,True,528.0,12.964089628857147,0.3614143056434336,538,1312,0.7091891891891892,0.3726822671238252,0.2332995250031629,0.4052882074761756,0.1393827421206623,cohesive
142,180,35.37880695443504,34.46594178505902,7.152147760599405,177.13025522318858,8.152147760599405,1056.863778689662,31.37200758439096,5465,0.0830154596244756,5378,84,3,0.9840805123513268,0.0153705397987191,0.0005489478499542,True,1731.0,23.473270180870447,0.6721556195561877,1732,315,0.1538837322911578,0.3809802932482878,0.2711923793731366,0.280957962249861,0.1097879138751512,intact
148,205,35.77408618257428,34.86531279291435,1.0,24.7660229,2.0,905.3554839854064,56.73085109025603,3592,0.0545638666003872,3589,3,0,0.9991648106904232,0.0008351893095768,0.0,True,2062.0,25.619425936405687,0.725357981748838,2109,85,0.0387420237010027,,0.3090169943749474,0.304845440523399,,intact
148,237,35.77408618257428,33.74921981698591,10.88347087483978,269.540288917765,11.88347087483978,902.1345674359444,66.39976817043787,8808,0.1337969201047358,2711,344,5762,0.3077883742052679,0.0390554041780199,0.6541780199818347,True,148.0,6.863662517577698,0.1974492558688483,559,997,0.640745501285347,0.3121276210634696,0.1106003987624588,0.4548781666277967,0.2015272223010107,cohesive
148,255,35.77408618257428,35.92547553924652,1.0,24.7660229,2.0,920.7610738191792,10.643881508363346,3074,0.0466952466396409,2517,338,223,0.8188028627195836,0.1099544567338972,0.0725439167208848,True,2003.0,25.25024162312378,0.7043346156309686,2010,303,0.1309987029831388,0.414213562373095,0.2612038749637415,0.4026997478492771,0.1530096874093535,cohesive
148,263,35.77408618257428,35.54812880887022,7.0990195135927845,175.81447984118574,8.099019513592784,867.6937266446557,64.19797088329943,5891,0.089486564070958,5725,41,125,0.971821422508912,0.0069597691393651,0.0212188083517229,True,1247.0,19.923163104065253,0.5586804365639836,1248,332,0.210126582278481,0.3625686785136399,0.2680748568360903,0.2449655295864103,0.0944938216775496,intact
149,312,35.31722031987345,36.24478883025076,1.0,24.7660229,2.0,551.373586136967,82.53893333560805,3247,0.0493231834218979,3171,76,0,0.9765937788728056,0.0234062211271943,0.0,True,3705.0,34.34149280842265,0.9597688275179748,3709,317,0.0787382016890213,,0.3090169943749474,0.4007458120453971,,intact
149,343,35.31722031987345,21.116751542704144,1.0,24.7660229,2.0,522.6483068621906,13.852867917977711,5945,0.0903068449162868,5783,39,125,0.9727502102607232,0.0065601345668629,0.0210260723296888,True,2656.0,29.076297180076903,1.0304536866864735,2663,737,0.2167647058823529,0.4,0.3090169943749474,0.4270509831248423,0.0909830056250526,intact
150,178,34.74127587752717,35.00166422487947,1.8284271247461903,45.2828680424453,2.8284271247461903,1027.612834455509,86.52555300327982,3197,0.0485636641206676,3159,38,0,0.9881138567406944,0.0118861432593056,0.0,True,1922.0,24.734421384888822,0.7093025143066863,1922,0,0.0,,0.2857142857142857,0.3644926909586834,,intact
150,204,34.74127587752717,34.80228796220674,1.0,24.7660229,2.0,1022.372958389311,85.03114798098338,3125,0.0474699563268959,3069,56,0,0.98208,0.01792,0.0,True,2070.0,25.669076033243712,0.7382157202181696,2070,0,0.0,,0.3090169943749474,0.414213562373095,,intact
145,196,35.059378977226274,35.320601368371406,1.0,24.7660229,2.0,1129.822605351477,31.73643269833678,2761,0.0419406558139391,2708,53,0,0.9808040565012676,0.0191959434987323,0.0,True,1618.0,22.694170966249757,0.6449041575405694,1618,0,0.0,,0.2989350844248255,0.414213562373095,,intact
145,221,35.059378977226274,35.32021864065531,1.0,24.7660229,2.0,1075.9618198682413,50.36290487094989,3432,0.0521334048364501,3370,62,0,0.981934731934732,0.018065268065268,0.0,True,3641.0,34.04359404638679,0.967427925099055,3647,0,0.0,,0.3090169943749474,0.3700460499667057,,intact
146,218,35.172376481356224,35.167744397611905,5.6332495807108,139.51318811729905,6.6332495807108,886.4315175954625,18.038235730100908,5231,0.0794609092947176,4710,521,0,0.900401452877079,0.099598547122921,0.0,True,2268.0,26.86869594648831,0.7639650205526479,2268,0,0.0,,0.2771863727725964,0.2547778406202406,,intact
146,303,35.172376481356224,35.494141691078184,1.0,24.7660229,2.0,928.0033147514282,82.63544815253732,3255,0.0494447065100948,3223,32,0,0.990168970814132,0.0098310291858678,0.0,True,3145.0,31.639920860331205,0.8954713399951635,3146,0,0.0,,0.3090169943749474,0.4270509831248423,,intact
149,177,35.31722031987345,34.03910971289511,7.547442467302883,186.92013298165568,8.547442467302883,542.4856191137077,84.27741028276537,6335,0.0962310954658834,6011,324,0,0.9488555643251776,0.0511444356748224,0.0,True,2298.0,27.045815174447064,0.7799090627104639,2314,5,0.0021561017680034,,0.2653311931459037,0.3368702499140705,,intact
149,252,35.31722031987345,35.21054470549252,11.36931687685298,281.5727621294974,12.36931687685298,552.6506187343326,81.18481155617147,10164,0.1543950835541025,10135,29,0,0.997146792601338,0.0028532073986619,0.0,True,3508.0,33.416030295843605,0.9475992974915686,3512,25,0.0070681368391292,,0.2663346240702891,0.2734080747519443,,intact
149,287,35.31722031987345,35.43187813286156,4.0197648378370845,99.553588026488,5.0197648378370845,520.4464180843729,50.91792037283139,3566,0.0541689165637474,2507,0,1065,0.7030286034772855,0.0,0.2986539540100953,True,172.0,7.399277020331919,0.2091695069520954,702,1034,0.5956221198156681,0.3602425986153711,0.2171292729553324,,0.1431133256600386,cohesive
149,307,35.31722031987345,33.98517876129603,1.0,24.7660229,2.0,577.6561111412769,24.471925265182826,4531,0.0688276390774929,4483,48,0,0.9894063120723902,0.0105936879276097,0.0,True,4228.0,36.68534037984474,1.0587033310889435,4228,0,0.0,,0.3021694792519622,0.414213562373095,,intact
159,316,34.29845816888291,28.85350440000192,1.0,24.7660229,2.0,1070.5143864095503,82.32830734081271,2605,0.0395709555941004,2604,1,0,0.999616122840691,0.000383877159309,0.0,True,2746.0,29.56482618688446,0.9363074395236972,2754,0,0.0,,0.3164309725825327,0.2052130961576726,,intact
150,233,34.74127587752717,34.87591474809508,1.0,24.7660229,2.0,1014.1846632553288,71.29593188762307,3297,0.0500827027231282,3254,43,0,0.9869578404610252,0.0130421595389748,0.0,True,1938.0,24.837160856752256,0.7135352815461378,1939,0,0.0,,0.3090169943749474,0.3430703308172536,,intact
151,152,34.792364223190646,34.711448851125965,4.39834563766817,108.929528784605,5.39834563766817,809.4596276342252,86.13660364906018,4929,0.0748734127152864,4849,80,0,0.9837695272874822,0.0162304727125177,0.0,True,1984.0,25.13019725725687,0.7231314699349382,2012,526,0.2072498029944838,,0.2771863727725964,0.328392602420028,,intact
151,263,34.792364223190646,35.54812880887022,1.0,24.7660229,2.0,828.2440215313966,47.92909221827002,6702,0.1018059671369141,6530,172,0,0.9743360190987764,0.0256639809012235,0.0,True,2567.0,28.58498693079622,0.81276049395239,2569,114,0.0424897502795378,,0.304845440523399,0.3874258867227931,,intact
151,282,34.792364223190646,36.68341902992898,1.7320508075688772,42.89600996421431,2.732050807568877,797.9056114630832,77.0260574929956,2784,0.042290034692505,2621,163,0,0.9414511494252874,0.0585488505747126,0.0,True,1365.0,20.844495547766904,0.5832603603362997,1365,0,0.0,,0.2817290466902531,0.4,,intact
154,240,35.33029437183157,34.47284037191177,1.0,24.7660229,2.0,623.3042314391931,78.77168717798412,3279,0.0498092757746853,3098,2,179,0.9448002439768222,0.0006099420555047,0.054589813967673,True,1883.0,24.4821877225888,0.7014638472173547,1883,586,0.2373430538679627,0.3816524151396708,0.3090169943749474,0.3333333333333333,0.0726354207647234,intact
154,253,35.33029437183157,36.95071200079368,1.0,24.7660229,2.0,622.465022389998,78.28996531270754,3337,0.0506903181641125,3120,37,183,0.9349715313155528,0.0110878034162421,0.0548396763560083,True,2519.0,28.316472296120654,0.7835107372507437,2541,1336,0.3445963373742584,0.393529818721632,0.2933997741163456,0.4270509831248423,0.1001300446052864,intact
154,281,35.33029437183157,33.50091196630528,1.0,24.7660229,2.0,657.5321730191401,25.062783854214008,5048,0.0766810686522146,4756,41,251,0.9421553090332804,0.0081220285261489,0.0497226624405705,True,2616.0,28.856518540128786,0.8384719686117268,2720,1078,0.2838335966298052,0.353889367864523,0.3090169943749474,0.4142135623730951,0.0448723734895756,cohesive
155,261,35.86674340347741,34.99809133386001,1.0,24.7660229,2.0,616.5333801566908,29.7768914280184,3468,0.052680258733336,3208,239,22,0.9250288350634372,0.0689158016147635,0.0063437139561707,True,2218.0,26.57087366940816,0.7499029319095678,2584,197,0.0708378281193815,0.377167341131748,0.2989350844248255,0.3797958971132712,0.0782322567069224,intact
155,269,35.86674340347741,35.61682581345766,1.0,24.7660229,2.0,585.2292015836922,89.8852654073938,3334,0.0506447470060387,2106,355,879,0.6316736652669466,0.1064787042591481,0.2636472705458908,True,408.0,11.396070970426017,0.3188444867894534,1180,1077,0.4771821001329198,0.393529818721632,0.23166247903554,0.4,0.161867339686092,cohesive
156,185,35.115097416151045,34.68573802823606,3.0,74.2980687,4.0,874.4619794568262,14.25012221613552,3877,0.0588931266174001,3139,17,730,0.8096466339953572,0.0043848336342532,0.1882899148826412,True,1844.0,24.22732816723524,0.6941844753860588,1848,773,0.294925600915681,0.3483314773547883,0.2588283628687876,0.3126480851423008,0.0895031144860007,cohesive
156,188,35.115097416151045,34.395525530844665,2.4641016151377544,61.02599702842861,3.4641016151377544,883.3300014021256,43.65109114395987,2987,0.0453736830555002,2921,48,19,0.9779042517576164,0.0160696350853699,0.0063608972212922,True,1661.0,22.99375395517827,0.661589638542351,1663,230,0.1215002641310089,0.2129088554318267,0.2843646522044218,0.3127239834787401,-0.071455796772595,intact
156,191,35.115097416151045,34.925827427854074,1.0,24.7660229,2.0,939.677900357906,33.81122039958772,2895,0.0439761675412363,2854,41,0,0.9858376511226252,0.0141623488773747,0.0,True,2072.0,25.68147355921802,0.733327654265437,2072,0,0.0,,0.3090169943749474,0.339056738914926,,intact
152,282,34.711448851125965,36.68341902992898,1.0,24.7660229,2.0,800.4380495407465,71.11835182279512,3663,0.0556423840081343,3594,69,0,0.9811629811629812,0.0188370188370188,0.0,True,2231.0,26.64862765839992,0.7465138167297117,2233,473,0.1747967479674796,,0.2989350844248255,0.2958163163244892,,intact
152,322,34.711448851125965,35.40358484036005,6.032065437739018,149.39027076534305,7.032065437739018,848.0625788347799,21.45973079353259,6412,0.0974007551897781,6294,109,9,0.9815970056144728,0.0169993761696818,0.0014036182158452,True,1994.0,25.19344980447256,0.7186318961301953,1994,400,0.1670843776106934,0.3615739455446463,0.2714970279031851,0.2063099139372659,0.0900769176414612,intact
153,213,35.08486852960442,34.46687961923308,3.7320508075688767,92.42805576421428,4.732050807568877,965.7883533821084,47.813608949784665,4392,0.0667161754200726,4175,217,0,0.950591985428051,0.0494080145719489,0.0,True,2781.0,29.75264347040649,0.855554152477583,2781,0,0.0,,0.2791745113185196,0.2535548202751237,,intact
153,233,35.08486852960442,34.87591474809508,1.0,24.7660229,2.0,996.9507290433028,80.06988762652892,3413,0.0518447875019826,3346,67,0,0.98036917667741,0.01963082332259,0.0,True,3198.0,31.905407316249114,0.9120940567404764,3200,0,0.0,,0.304845440523399,0.407669683062202,,intact
156,209,35.115097416151045,34.12699972576709,4.0197648378370845,99.553588026488,5.0197648378370845,907.6698201446522,86.12661472626151,4389,0.0666706042619988,4288,94,7,0.9769879243563454,0.0214171793119161,0.0015948963317384,True,1354.0,20.760336844397603,0.5996449472593921,1354,666,0.3297029702970297,0.2254734080984753,0.2766967754673748,0.3660254037844387,-0.0512233673688995,intact
157,176,35.512891801430825,34.95020919528266,1.0,24.7660229,2.0,734.4530473658215,46.045325027156224,3112,0.047272481308576,2655,2,462,0.8531491002570694,0.0006426735218508,0.1484575835475578,True,2323.0,27.1925332693544,0.7718233482407396,2649,1548,0.3688348820586133,0.3898534213910276,0.2898979485566356,0.3928571428571428,0.0999554728343919,cohesive
157,194,35.512891801430825,36.829845387931286,3.1815405503520555,78.79410612729761,4.181540550352056,677.2202917814667,32.581496355803075,2603,0.0395405748220512,2252,351,0,0.8651555897041875,0.1348444102958125,0.0,True,2297.0,27.039929891998003,0.7475506441294617,2387,793,0.2493710691823899,,0.2588283628687876,0.3577747210701756,,intact
157,246,35.512891801430825,35.197060347528684,1.8284271247461903,45.2828680424453,2.8284271247461903,689.2757148387516,56.62739097266203,3280,0.0498244661607099,3279,1,0,0.9996951219512196,0.0003048780487804,0.0,True,2340.0,27.29185104880338,0.771938043213765,2350,44,0.0183792815371762,,0.2898979485566356,0.439607805437114,,intact
160,171,35.91178238175537,34.48769978943581,1.0,24.7660229,2.0,534.5415612479865,47.27944894508798,2825,0.0429128405195139,1522,0,1307,0.5387610619469027,0.0,0.4626548672566372,True,210.0,8.175883811466258,0.2322711349377506,704,2503,0.7804801995634549,0.3827822185373187,0.23166247903554,,0.1511197395017787,cohesive
160,190,35.91178238175537,34.68011490514391,2.6502815398728847,65.63693330793913,3.6502815398728847,520.7341370728577,75.04120693712855,3133,0.0475914794150927,1199,0,1947,0.3827002872646026,0.0,0.6214490903287584,True,38.0,3.477898169151024,0.0985353362870009,145,1782,0.9247535028541776,0.3660254037844386,0.1695208471985372,,0.1965045565859014,cohesive
160,195,35.91178238175537,36.35662970455847,1.0,24.7660229,2.0,513.7825679882376,85.22613007805646,3131,0.0475610986430435,2321,53,762,0.7412967103161929,0.016927499201533,0.2433727243692111,True,446.0,11.91495737457632,0.3297417787551684,638,1566,0.7105263157894737,0.3827822185373187,0.2612038749637414,0.339056738914926,0.1215783435735772,cohesive
160,216,35.91178238175537,35.67544516095276,2.6502815398728847,65.63693330793913,3.6502815398728847,495.1086086909395,63.99112792918782,5460,0.0829395076943525,2068,843,2555,0.3787545787545787,0.1543956043956044,0.4679487179487179,True,38.0,3.477898169151024,0.0971653265123628,121,1238,0.9109639440765268,0.3660254037844387,0.1782670569531119,0.3516287047744073,0.1877583468313268,cohesive
160,224,35.91178238175537,35.489214133874235,9.29832572579834,230.2825478567808,10.29832572579834,529.4593859186759,62.82710671648763,8044,0.1221914651819363,1598,32,6424,0.1986573843858776,0.0039781203381402,0.7986076578816509,False,3.0,0.9772050238058398,0.0273723077125942,324,1836,0.85,0.3090169943749474,0.085296537673365,0.4698040605915402,0.2237204567015824,cohesive
160,318,35.91178238175537,31.73196327248236,3.7320508075688767,92.42805576421428,4.732050807568877,531.8967273102822,57.51842772268884,4321,0.0656376580123255,3774,1,550,0.8734089331173339,0.0002314279102059,0.1272853506132839,True,525.0,12.927207364566026,0.3822144158203092,549,978,0.6404715127701375,0.3704152082810797,0.2535548202751237,0.375,0.1168603880059559,cohesive
161,208,35.076915108180465,34.30826400849537,1.414213562373095,35.02444547122265,2.414213562373095,847.7457776135614,39.79614915883766,3042,0.0462091542868535,3016,26,0,0.9914529914529916,0.0085470085470085,0.0,True,2532.0,28.38944578214513,0.8183144049943685,2532,245,0.0882247029168167,,0.3015154223219414,0.3918128816481348,,intact
161,230,35.076915108180465,34.692483370232985,1.0,24.7660229,2.0,803.5703968916521,61.651950061828174,3114,0.0473028620806252,2953,118,44,0.9482980089916506,0.0378933847141939,0.0141297366730892,True,2357.0,27.39080870903951,0.7851811626988353,2358,366,0.1343612334801762,0.3874258867227931,0.304845440523399,0.4,0.082580446199394,intact
161,267,35.076915108180465,34.752019529092614,1.0,24.7660229,2.0,798.1771012587669,51.31870045138599,2996,0.0455103965297216,2925,55,16,0.97630173564753,0.0183578104138851,0.0053404539385847,True,1629.0,22.77118364497979,0.6521990851862447,1631,494,0.2324705882352941,0.3729674688847186,0.3090169943749474,0.4026997478492771,0.0639504745097712,intact
162,169,35.76973302962812,36.74116290534641,1.0,24.7660229,2.0,528.124445573721,75.59437917723632,3047,0.0462851062169766,1997,6,1051,0.655398752871677,0.0019691499835904,0.3449294387922547,True,677.0,14.679774962390477,0.4048984576209024,678,1508,0.6898444647758463,0.387425886722793,0.25,0.4360096570776567,0.137425886722793,cohesive
162,175,35.76973302962812,36.1669028609871,4.449489742783178,110.1961648630833,5.449489742783178,548.0527302153018,42.37054635133904,4951,0.0752076012078277,3766,8,1179,0.7606544132498485,0.0016158351848111,0.2381337103615431,True,1006.0,17.89468483938439,0.4975124181952164,1009,751,0.4267045454545454,0.3465462064555278,0.2417903343816373,0.3813976270001619,0.1047558720738905,cohesive
162,265,35.76973302962812,36.05461459326985,1.0,24.7660229,2.0,522.2361807140464,84.94139494999914,3034,0.0460876311986567,2217,1,819,0.7307185234014503,0.0003295978905735,0.2699406723796967,True,821.0,16.165779181867237,0.4501476091852035,829,1595,0.658003300330033,0.3827822185373187,0.2612038749637414,0.407669683062202,0.1215783435735772,cohesive
166,237,34.965316634264894,33.74921981698591,6.28538328578604,155.6639463910543,7.28538328578604,955.1770675231826,14.208648349717675,6137,0.0932233990330113,5928,209,0,0.9659442724458204,0.0340557275541795,0.0,True,1329.0,20.567786432629493,0.5986444061140166,1329,0,0.0,,0.2727272727272727,0.2277299991964413,,intact
166,255,34.965316634264894,35.92547553924652,1.0,24.7660229,2.0,973.8035739064172,58.97942610056364,3749,0.0569487572062505,3604,140,5,0.9613230194718592,0.0373432915444118,0.0013336889837289,True,1593.0,22.518162640206207,0.6352916069858843,1593,333,0.1728971962616822,0.2817290466902531,0.3090169943749474,0.3740666961489728,-0.0272879476846942,intact
167,242,35.24875845540225,35.11354848262679,1.0,24.7660229,2.0,839.1851550469504,35.342773678836295,3123,0.0474395755548467,3055,68,0,0.978226064681396,0.0217739353186039,0.0,True,2702.0,29.32700653780748,0.8335999148986679,2702,0,0.0,,0.3090169943749474,0.3851040526300558,,intact
167,289,35.24875845540225,34.14987401789476,6.032065437739018,149.39027076534305,7.032065437739018,838.8347139845624,41.50319126138656,4790,0.0727619490578661,4574,216,0,0.9549060542797496,0.0450939457202505,0.0,True,1860.0,24.33220886606579,0.701230211573067,1860,0,0.0,,0.2742918851774318,0.2898979485566356,,intact
162,287,35.76973302962812,35.43187813286156,3.3166247903554,82.13960550864952,4.3166247903554,506.7404308106667,71.04758829271228,3571,0.0542448684938705,1430,0,2144,0.400448053766452,0.0,0.6003920470456455,False,74.0,4.853342309955121,0.1363267552718512,550,1765,0.7624190064794817,0.3660254037844386,0.1566130288262323,,0.2094123749582063,cohesive
162,329,35.76973302962812,26.471093397285863,1.0,24.7660229,2.0,515.3760743693907,83.92369487935824,3072,0.0466648658675917,2453,1,621,0.7985026041666666,0.0003255208333333,0.2021484375,True,312.0,9.965574970333758,0.3202263061862069,642,1302,0.6697530864197531,0.4045372666182638,0.2958163163244892,0.5,0.1087209502937746,cohesive
163,165,35.13670369587606,35.75199853007004,1.0,24.7660229,2.0,1135.771865465818,53.6980876596779,3108,0.0472117197644776,3101,7,0,0.9977477477477478,0.0022522522522522,0.0,True,2687.0,29.24548963816208,0.82511003079015,2687,320,0.1064183571666112,,0.3090169943749474,0.3874258867227931,,intact
164,194,35.93441363578625,36.829845387931286,3.898979485566356,96.5622152261666,4.898979485566356,622.540491915755,57.57288699056704,5148,0.0782001072546752,5062,86,0,0.9832944832944832,0.0167055167055167,0.0,True,2667.0,29.136445672939757,0.8008449770221042,2667,0,0.0,,0.2766967754673748,0.3378034132365234,,intact
164,201,35.93441363578625,35.12967650967651,1.0,24.7660229,2.0,619.7877758661009,57.47410721457839,3069,0.0466192947095179,2974,95,0,0.9690452916259368,0.0309547083740632,0.0,True,2592.0,28.723844188903158,0.8083926531700509,2592,21,0.0080367393800229,,0.304845440523399,0.4,,intact
164,226,35.93441363578625,35.041890092227234,1.0,24.7660229,2.0,626.9374436297885,42.52145198020514,3111,0.0472572909225514,3077,34,0,0.989071038251366,0.0109289617486338,0.0,True,3129.0,31.5593351303395,0.8892921573171024,3133,474,0.1314111449958414,,0.3090169943749474,0.4,,intact
164,266,35.93441363578625,34.97872006442841,4.39834563766817,108.929528784605,5.39834563766817,605.0909819719939,82.66162654924128,4701,0.071410004701676,4601,100,0,0.9787279302276112,0.0212720697723888,0.0,True,1659.0,22.979906465843342,0.6481142566055795,1660,375,0.1842751842751842,,0.2742918851774318,0.3581706591608133,,intact
165,172,35.75199853007004,37.708709508631,3.3166247903554,82.13960550864952,4.3166247903554,1160.9368419106977,84.67772094166916,4548,0.0690858756399112,4532,16,0,0.9964819700967458,0.0035180299032541,0.0,True,1876.0,24.43663942690957,0.665298227565019,1876,0,0.0,,0.2779262976266636,0.3490072625225872,,intact
168,170,35.63262692341111,34.72346501130035,1.0,24.7660229,2.0,1118.7809107443527,55.64215784188576,3050,0.0463306773750504,3038,12,0,0.9960655737704918,0.0039344262295081,0.0,True,2333.0,27.250999329690345,0.7746592677426862,2395,351,0.127822286962855,,0.3090169943749474,0.4206322727489686,,intact
168,257,35.63262692341111,36.46042522394956,2.6502815398728847,65.63693330793913,3.6502815398728847,1079.7807368915608,60.778971006390485,5105,0.0775469206556172,5089,16,0,0.9968658178256612,0.0031341821743388,0.0,True,2270.0,26.88054020359719,0.7457179132505708,2318,0,0.0,,0.2801868778094689,0.4251414927432092,,intact
168,316,35.63262692341111,28.85350440000192,1.0,24.7660229,2.0,1086.4439781452193,67.37503494687967,2618,0.0397684306124203,2601,17,0,0.9935064935064936,0.0064935064935064,0.0,True,2470.0,28.039711462031185,0.8696354049029696,2470,0,0.0,,0.3090169943749474,0.3266316347104093,,intact
169,184,36.74116290534641,39.94887713154465,1.0,24.7660229,2.0,572.8006857634548,11.182041288093204,3930,0.0596982170767043,3787,143,0,0.9636132315521628,0.0363867684478371,0.0,True,3537.0,33.55386814410625,0.8750515224132225,3537,243,0.0642857142857142,,0.303832434700687,0.3761785115301142,,intact
165,278,35.75199853007004,57.06931329903934,2.146264369941973,53.15443253543696,3.146264369941973,1190.8189057959537,41.67272754838613,1384,0.0210234942580556,1384,0,0,1.0,0.0,0.0,True,1324.0,20.529059630371258,0.4423350462481442,1338,0,0.0,,0.284031278157143,,,intact
166,178,34.965316634264894,35.00166422487947,1.0,24.7660229,2.0,1010.8647327256884,57.79227696962332,3062,0.0465129620073457,3015,47,0,0.9846505551926844,0.0153494448073154,0.0,True,2017.0,25.33833144531632,0.7242939779358712,2019,0,0.0,,0.3090169943749474,0.4026997478492771,,intact
166,213,34.965316634264894,34.46687961923308,1.0,24.7660229,2.0,966.274185864314,42.94552657532727,2944,0.0447204964564421,2930,14,0,0.9952445652173914,0.0047554347826086,0.0,True,2364.0,27.431452220735256,0.7901651885123328,2364,0,0.0,,0.3090169943749474,0.4270509831248423,,intact
166,225,34.965316634264894,34.56866590278551,1.7320508075688772,42.89600996421431,2.732050807568877,981.0014060954244,72.52875976754986,3107,0.047196529378453,2928,179,0,0.9423881557772772,0.0576118442227228,0.0,True,1743.0,23.55449281174076,0.6774958646785407,1743,188,0.0973588814085965,,0.2817290466902531,0.3816524151396708,,intact
173,199,34.43154160317679,34.31792910836131,3.0,74.2980687,4.0,1115.698440371308,50.73067560378539,967,0.0146891032857946,964,3,0,0.9968976215098242,0.0031023784901758,0.0,True,422.0,11.589942707777276,0.3371645654235461,575,0,0.0,,0.2791745113185196,0.3430703308172536,,intact
173,257,34.43154160317679,36.46042522394956,4.977725364273731,123.27846036151404,5.977725364273731,1099.093696516882,14.262878355332695,3301,0.0501434642672267,3048,253,0,0.9233565586186004,0.0766434413813995,0.0,True,1020.0,18.01877032173579,0.5083444888946438,1054,0,0.0,,0.2812988957811848,0.3460420308512751,,intact
174,177,36.37943258714717,34.03910971289511,4.55269276785519,112.752093345366,5.55269276785519,528.6039187536264,74.94175277496254,4481,0.0680681197762626,3949,521,11,0.8812765007810757,0.1162686900245481,0.0024548091943762,True,1943.0,24.86917989912625,0.7063247572823251,1943,84,0.0414405525407005,0.3412253527198434,0.2661832955178855,0.3528554231473851,0.0750420572019578,intact
174,234,36.37943258714717,34.56620180703997,1.0,24.7660229,2.0,509.8098203318536,76.09820146766602,2772,0.0421077500602097,2200,327,247,0.7936507936507936,0.1179653679653679,0.0891053391053391,True,480.0,12.360774464742066,0.3484576484597573,482,957,0.665045170257123,0.392280956059262,0.2817290466902531,0.3827822185373187,0.1105519093690088,cohesive
175,211,36.1669028609871,34.46607576449437,1.0,24.7660229,2.0,599.9176872336698,50.24892896573055,3374,0.051252362447023,3259,115,0,0.9659158269116777,0.0340841730883224,0.0,True,2366.0,27.443053596690888,0.7770606345855153,2388,345,0.1262349066959385,,0.303832434700687,0.4014916240907943,,intact
175,312,36.1669028609871,36.24478883025076,1.0,24.7660229,2.0,566.7464471969313,73.42957583309908,6800,0.1032946249673255,6432,115,255,0.9458823529411764,0.0169117647058823,0.0375,True,3455.0,33.162639472228335,0.9159470990854136,3467,1053,0.2329646017699115,0.3816524151396708,0.2898979485566356,0.4014916240907943,0.0917544665830351,cohesive
177,244,34.03910971289511,34.033683084531305,7.944271909999159,196.74802004686592,8.94427190999916,563.4103525636118,49.65732979961694,6861,0.1042212385148265,6777,84,0,0.9877568867512024,0.0122431132487975,0.0,True,1941.0,24.85637723166306,0.7302881580202418,1941,0,0.0,,0.267982878680112,0.2519451650219696,,intact
177,256,34.03910971289511,34.87133444730795,1.0,24.7660229,2.0,572.4488295314422,17.530139044405672,3046,0.046269915830952,3009,37,0,0.9878529218647406,0.0121470781352593,0.0,True,3323.0,32.522972677612614,0.9439199840884256,3346,0,0.0,,0.3090169943749474,0.4142135623730951,,intact
169,197,36.74116290534641,36.55636975448627,3.1815405503520555,78.79410612729761,4.181540550352056,562.6024615804313,49.30595777586486,4950,0.0751924108218031,4409,94,449,0.8907070707070707,0.0189898989898989,0.0907070707070707,True,1249.0,19.93913357805586,0.5440601574023399,1466,1120,0.4331013147718484,0.3550392228080413,0.2661832955178855,0.3956439237389599,0.0888559272901557,cohesive
169,214,36.74116290534641,35.328254181517394,1.0,24.7660229,2.0,521.3644598834536,64.47246652935155,3135,0.047621860187142,2452,0,687,0.7821371610845295,0.0,0.2191387559808612,True,475.0,12.296226898414837,0.3412328667399777,509,1417,0.7357217030114226,0.392280956059262,0.2742918851774317,,0.1179890708818302,cohesive
169,272,36.74116290534641,33.78544111387506,1.0,24.7660229,2.0,521.565348682949,64.34211345382482,3258,0.0494902776681686,2594,71,594,0.7961939840392879,0.0217925107427869,0.1823204419889502,True,528.0,12.964089628857147,0.3676368601364639,588,1580,0.7287822878228782,0.3874258867227931,0.2612038749637414,0.4068781988545112,0.1262220117590517,cohesive
169,332,36.74116290534641,34.05030096237162,1.0,24.7660229,2.0,514.6664340509307,56.26870536269515,2791,0.0423963673946773,2420,0,377,0.8670727337871731,0.0,0.1350770333213901,True,890.0,16.83139324903241,0.4755204181250949,936,1514,0.6179591836734694,0.4,0.2612038749637414,,0.1387961250362586,cohesive
174,244,36.37943258714717,34.033683084531305,1.0,24.7660229,2.0,553.4288895188665,14.990621070214525,3034,0.0460876311986567,2852,135,47,0.9400131839156228,0.0444957152274225,0.0154911008569545,True,2840.0,30.066594033278285,0.8540055001534794,2840,482,0.1450933172787477,0.4014916240907943,0.2989350844248255,0.4068781988545112,0.1025565396659688,intact
174,254,36.37943258714717,36.52018858402313,1.0,24.7660229,2.0,494.90808023182194,50.28519001803368,3085,0.0468623408859116,2450,431,206,0.7941653160453809,0.139708265802269,0.0667747163695299,True,445.0,11.901592303208291,0.3265200041372788,453,273,0.3760330578512397,0.3956439237389599,0.2742918851774317,0.392280956059262,0.1213520385615282,cohesive
174,294,36.37943258714717,31.65114622483413,7.246211251235321,179.4598337863316,8.246211251235321,536.5193735876996,61.41086965820869,6491,0.098600795685722,6358,133,0,0.9795100908950856,0.0204899091049144,0.0,True,1445.0,21.44662643717136,0.6304996021405086,1445,17,0.0116279069767441,,0.268574925671901,0.2883525700177938,,intact
175,184,36.1669028609871,39.94887713154465,1.0,24.7660229,2.0,592.7289704050356,67.43011765468326,3444,0.0523156894687454,3375,69,0,0.9799651567944252,0.0200348432055749,0.0,True,2942.0,30.601759510732585,0.8040845016298891,2942,581,0.1649162645472608,,0.2898979485566356,0.4,,intact
180,212,34.46594178505902,34.00397770543357,1.0,24.7660229,2.0,1082.524987974473,76.5706055801263,2896,0.043991357927261,2881,15,0,0.9948204419889504,0.0051795580110497,0.0,True,2666.0,29.130982760044088,0.8509133054870636,2666,138,0.0492154065620542,,0.3090169943749474,0.4364916731037084,,intact
181,311,37.07536706906336,29.530766241273238,1.0,24.7660229,2.0,446.8279722180037,36.84738583972747,2088,0.0317175260193787,1772,151,166,0.8486590038314177,0.0723180076628352,0.0795019157088122,True,647.0,14.350836085779552,0.4309163547721648,740,324,0.3045112781954887,0.4026997478492771,0.2612038749637414,0.4068781988545112,0.1414958728855357,intact
181,342,37.07536706906336,23.97139044161701,1.0,24.7660229,2.0,478.69068118641536,82.2221362056454,9684,0.1471036982622912,7984,710,998,0.8244527054935977,0.0733168112350268,0.1030565881866997,True,1000.0,17.841241161527712,0.5845106894794967,1061,189,0.1512,0.4045372666182638,0.2898979485566356,0.4026997478492771,0.1146393180616281,cohesive
182,270,34.15014695868493,33.93515360543263,1.0,24.7660229,2.0,644.7783383490423,56.50635395935366,2939,0.044644544526319,2906,33,0,0.988771691051378,0.0112283089486219,0.0,True,3042.0,31.11749787131175,0.9140738929986116,3159,5,0.0015802781289506,,0.3090169943749474,0.387425886722793,,intact
177,294,34.03910971289511,31.65114622483413,4.0197648378370845,99.553588026488,5.0197648378370845,546.5008366324449,77.1646232800787,3442,0.0522853086966962,2986,81,379,0.8675188843695526,0.0235328297501452,0.110110400929692,True,1600.0,22.56758334191025,0.687090741838579,1617,154,0.0869565217391304,0.356789172325331,0.2582456997612433,0.3538893678645229,0.0985434725640876,cohesive
178,193,35.00166422487947,34.34399097529891,1.0,24.7660229,2.0,1043.641609369338,66.8652269488189,2891,0.0439154059971379,2869,22,0,0.9923901764095469,0.0076098235904531,0.0,True,2271.0,26.88646037550106,0.7754331629829895,2271,2,0.0008798944126704,,0.3090169943749474,0.3621554859491163,,intact
179,185,34.45441565467942,34.68573802823606,3.2426406871192857,80.30731351366796,4.242640687119286,811.6615517473933,42.32383843783342,4335,0.06585032341667,4094,241,0,0.9444059976931948,0.055594002306805,0.0,True,1846.0,24.24046307097448,0.701197835982372,1846,0,0.0,,0.2801868778094689,0.3333333333333333,,intact
179,282,34.45441565467942,36.68341902992898,6.158776208911124,152.5283926258681,7.158776208911124,786.7369923452391,86.93968400307233,6742,0.1024135825778983,6403,37,305,0.9497181845149808,0.0054879857609018,0.0452388015425689,True,1438.0,21.394616526881038,0.6014975468886471,1438,265,0.1556077510275983,0.353219120813669,0.2661832955178855,0.3394788959936531,0.0870358252957834,cohesive
185,282,34.68573802823606,36.68341902992898,4.65685424949238,115.33175898489058,5.65685424949238,813.8085927717589,50.80565853322049,5155,0.0783064399568475,4761,104,291,0.9235693501454898,0.0201745877788554,0.0564500484966052,True,1841.0,24.207612448656697,0.6783774237077725,1841,303,0.1413246268656716,0.2332995250031629,0.2771863727725964,0.3613020955135854,-0.0438868477694335,mixed
185,289,34.68573802823606,34.14987401789476,6.117215614703381,151.4991019979815,7.117215614703381,853.2650073584239,68.24015953695844,5102,0.0775013494975433,4964,138,0,0.9729517836142688,0.027048216385731,0.0,True,1593.0,22.518162640206207,0.6542590955715031,1593,74,0.0443911217756448,,0.2713447036381609,0.3121755001407557,,intact
186,203,35.70106187281894,36.18514474625734,1.8284271247461903,45.2828680424453,2.8284271247461903,703.1148880780585,63.29742772701047,3533,0.0536676338249354,3529,4,0,0.9988678177186529,0.0011321822813472,0.0,True,2622.0,28.88959192466898,0.8037589763987522,2635,287,0.0982203969883641,,0.2857142857142857,0.3018902624741122,,intact
186,217,35.70106187281894,35.43707512359517,1.7320508075688772,42.89600996421431,2.732050807568877,674.1973273650051,71.46261361056766,2957,0.044917971474762,2844,113,0,0.9617855935069328,0.0382144064930672,0.0,True,3228.0,32.05470811910906,0.9011961648848028,3228,0,0.0,,0.2843646522044218,0.3538893678645229,,intact
186,286,35.70106187281894,33.39235957204234,6.834654549917682,169.2672110968505,7.834654549917682,657.2138254022777,40.89974162578504,6146,0.0933601125072327,5802,213,132,0.9440286365115522,0.0346566872762772,0.0214773836641718,True,2712.0,29.381225490616288,0.8504782329838284,2855,29,0.0100554785020804,0.347814347377132,0.2612038749637414,0.3679776429393676,0.0866104724133906,intact
187,206,34.86472360632535,35.3918355531094,4.39834563766817,108.929528784605,5.39834563766817,727.1569008066194,24.979355266141305,4821,0.0732328510246289,4776,45,0,0.9906658369632856,0.0093341630367143,0.0,True,1732.0,23.480049464818546,0.6684087506060395,1797,315,0.1491477272727272,,0.2801868778094689,0.2139387691339813,,intact
187,222,34.86472360632535,35.664062041282264,1.0,24.7660229,2.0,794.7177195908843,22.507152716777878,3156,0.0479408582936587,2716,440,0,0.8605830164765526,0.1394169835234474,0.0,True,2216.0,26.558891313141824,0.753136214363354,2217,262,0.1056877773295683,,0.2898979485566356,0.3874258867227931,,intact
187,314,34.86472360632535,30.584031535841703,2.863703305156273,70.92254163430594,3.863703305156273,731.6389608904472,32.19976901100115,3128,0.0475155274849697,3122,6,0,0.9980818414322252,0.0019181585677749,0.0,True,1708.0,23.31680264534386,0.7125208904186295,1762,512,0.2251539138082673,,0.2838325231517205,0.2084685069017459,,intact
189,320,34.74074841065479,27.640729586576867,2.6502815398728847,65.63693330793913,3.6502815398728847,898.5620638134428,2.9638766563526096,2915,0.0442799752617285,2558,357,0,0.8775300171526587,0.1224699828473413,0.0,True,2737.0,29.516337145469716,0.946317339476297,2737,135,0.0470055710306406,,0.2779262976266636,0.3090169943749474,,intact
190,216,34.68011490514391,35.67544516095276,1.0,24.7660229,2.0,505.1566597530445,43.957158728468514,3039,0.0461635831287797,1659,8,1376,0.5459032576505429,0.0026324448831852,0.4527805199078644,True,232.0,8.593479713983122,0.244287152455608,235,1400,0.8562691131498471,0.3874258867227931,0.23166247903554,0.3998442115303734,0.1557634076872531,cohesive
190,224,34.68011490514391,35.489214133874235,1.0,24.7660229,2.0,539.507436980781,75.61776871177524,3142,0.0477281928893142,2919,58,167,0.9290260980267344,0.0184595798854232,0.0531508593252705,True,2348.0,27.33846397952051,0.7792140627230101,2473,1243,0.3344994617868676,0.3740666961489728,0.304845440523399,0.4144171463344124,0.0692212556255738,intact
190,228,34.68011490514391,34.946039326709304,1.0,24.7660229,2.0,504.71439560861074,42.0747204355668,2584,0.0392519574875837,1283,685,617,0.4965170278637771,0.2650928792569659,0.2387770897832817,True,139.0,6.651697090182843,0.1910689212571721,157,800,0.8359456635318704,0.3740666961489728,0.2171292729553324,0.3797958971132712,0.1569374231936404,cohesive
184,197,39.94887713154465,36.55636975448627,2.146264369941973,53.15443253543696,3.146264369941973,598.1281380780752,72.59625682847475,5269,0.0800381439636527,5200,69,0,0.9869045359650788,0.0130954640349212,0.0,True,3884.0,35.16127981086358,0.9191861013988488,3902,245,0.0590788521823004,,0.2817290466902531,0.3827822185373187,,intact
184,217,39.94887713154465,35.43707512359517,1.0,24.7660229,2.0,635.2977737155918,47.044400155678886,3633,0.0551866724273961,3581,52,0,0.9856867602532342,0.0143132397467657,0.0,True,2271.0,26.88646037550106,0.7133016051718825,2291,0,0.0,,0.2933997741163456,0.3956439237389599,,intact
184,333,39.94887713154465,31.258738512821964,1.0,24.7660229,2.0,637.7137286571051,37.13766224160868,3156,0.0479408582936587,3145,11,0,0.9965145754119138,0.0034854245880861,0.0,True,2710.0,29.370389707289768,0.8249227120305445,2710,350,0.1143790849673202,,0.304845440523399,0.3726822671238252,,intact
185,188,34.68573802823606,34.395525530844665,1.0,24.7660229,2.0,847.6011741192125,75.32425646480591,2958,0.0449331618607866,2902,56,0,0.9810682893847192,0.0189317106152805,0.0,True,2135.0,26.068977866467897,0.7547336722980694,2135,0,0.0,,0.3090169943749474,0.4211646096066227,,intact
190,275,34.68011490514391,33.85640203978972,1.0,24.7660229,2.0,537.9354010575588,77.99578446100524,2522,0.0383101535540581,1438,476,609,0.5701823949246629,0.1887390959555908,0.2414750198255353,True,225.0,8.462843753216344,0.2469586763510583,593,1326,0.6909848879624805,0.3874258867227931,0.23166247903554,0.3827822185373187,0.1557634076872531,cohesive
190,304,34.68011490514391,36.45330032828756,3.2426406871192857,80.30731351366796,4.242640687119286,560.1014899119034,24.21955227406497,3764,0.0571766129966196,2689,0,1081,0.7143995749202976,0.0,0.2871944739638682,True,2019.0,25.35089071817938,0.7127702398370127,2471,2763,0.5278945357279328,0.356789172325331,0.23582845781094,,0.120960714514391,cohesive
190,318,34.68011490514391,31.73196327248236,1.0,24.7660229,2.0,541.9447783723872,69.61845624172088,3333,0.0506295566200141,2727,0,611,0.8181818181818182,0.0,0.1833183318331833,True,514.0,12.791062563308351,0.3852029002645354,556,1414,0.7177664974619289,0.3956439237389599,0.2898979485566356,,0.1057459751823243,cohesive
192,199,35.33494767432279,34.31792910836131,1.414213562373095,35.02444547122265,2.414213562373095,1116.129813050008,52.31226503147884,3261,0.0495358488262424,2981,99,182,0.9141367678626188,0.030358785648574,0.0558111008892977,True,2051.0,25.550999521798648,0.7336667400405404,2078,530,0.2032208588957055,0.3333333333333333,0.2898979485566356,0.392280956059262,0.0434353847766976,intact
192,406,35.33494767432279,35.1279998847818,1.8284271247461903,45.2828680424453,2.8284271247461903,1174.1631416609516,24.489252468983437,691,0.0104965567430032,577,114,0,0.8350217076700435,0.1649782923299566,0.0,True,58.0,4.296739856991561,0.1219574260184741,1404,0,0.0,,0.23166247903554,0.3244997998398398,,intact
193,221,34.34399097529891,35.32021864065531,1.0,24.7660229,2.0,1055.4859152486324,86.75721192292657,2910,0.0442040233316054,2895,15,0,0.9948453608247424,0.0051546391752577,0.0,True,2633.0,28.950128329973268,0.8311334755556669,2633,0,0.0,,0.3090169943749474,0.3430703308172536,,intact
195,250,36.35662970455847,38.41950974002072,8.851841083363698,219.22489897774616,9.851841083363698,553.4050639987909,29.09703119442516,8764,0.1331285431196531,2537,5199,1029,0.289479689639434,0.593222272934733,0.1174121405750798,True,3.0,0.9772050238058398,0.0261368139907811,858,953,0.526228602981778,0.2759820624195551,0.0978517197296772,0.3259156091181791,0.1781303426898779,mixed
195,262,36.35662970455847,36.34591029267852,1.0,24.7660229,2.0,539.4653180417315,52.037700040934496,3442,0.0522853086966962,2166,539,740,0.6292852992446252,0.1565950029052876,0.2149912841371295,True,278.0,9.40692023773423,0.2587783105814937,453,1292,0.7404011461318052,0.3797958971132712,0.25,0.3827822185373187,0.1297958971132712,cohesive
170,316,34.72346501130035,28.85350440000192,1.8284271247461903,45.2828680424453,2.8284271247461903,1106.7643327183937,24.78188820872395,2206,0.0335099915702823,2182,24,0,0.9891205802357208,0.0108794197642792,0.0,True,2188.0,26.390567083147985,0.8301926728346524,2190,0,0.0,,0.2946080452204174,0.3226220313943161,,intact
170,435,34.72346501130035,38.09354879990975,12.593884669100335,311.90043611489784,13.593884669100335,1180.0121915512657,9.712497977988276,3319,0.0504168912156696,1401,1918,0,0.4221150949081048,0.5778849050918952,0.0,False,429.0,11.685672474138842,0.320959947751657,1267,0,0.0,,0.0812103031416122,0.2257350762210546,,intact
171,195,34.48769978943581,36.35662970455847,5.414213562373095,134.08853707122265,6.414213562373095,537.6380432254714,57.39322367817157,4453,0.0676427889675736,1552,0,2909,0.3485290815180777,0.0,0.653267460139232,True,52.0,4.068428945128219,0.1148554577109269,65,2007,0.9686293436293436,0.3299230723708768,0.1329928290410277,,0.1969302433298491,cohesive
171,250,34.48769978943581,38.41950974002072,8.00692826708518,198.2997688212889,9.00692826708518,574.1640572585397,66.72019909416024,7498,0.113897514412501,5733,17,1751,0.7646038943718325,0.0022672712723392,0.2335289410509469,True,1746.0,23.57475474478788,0.6467057207905624,1760,893,0.336600075386355,0.3301203136098242,0.2402530733520421,0.2696862318229452,0.089867240257782,cohesive
200,252,35.7658142858577,35.21054470549252,1.0,24.7660229,2.0,592.5573184738712,22.5608232498834,3764,0.0571766129966196,3750,14,0,0.9962805526036131,0.0037194473963868,0.0,True,2014.0,25.31948085514698,0.7134623757815648,2207,0,0.0,,0.3090169943749474,0.4049287430560275,,intact
200,273,35.7658142858577,34.46580780458202,1.414213562373095,35.02444547122265,2.414213562373095,628.2037470005688,86.88583926168154,3525,0.0535461107367386,3508,17,0,0.995177304964539,0.0048226950354609,0.0,True,2164.0,26.24542995840844,0.7473963772219665,2170,434,0.1666666666666666,,0.303832434700687,0.3827822185373187,,intact
201,253,35.12967650967651,36.95071200079368,5.572595368400839,138.0110245062491,6.572595368400839,627.1581100029865,71.87869365915599,5849,0.0888485678579245,5371,478,0,0.9182766284835014,0.0817233715164985,0.0,True,2188.0,26.390567083147985,0.7322537413714014,2188,162,0.0689361702127659,,0.2588283628687876,0.3577747210701756,,intact
201,266,35.12967650967651,34.97872006442841,1.0,24.7660229,2.0,624.6870319189527,66.11462042443064,2941,0.0446749252983683,2866,75,0,0.9744984699081944,0.0255015300918055,0.0,True,2226.0,26.61874915628302,0.7593598044464438,2228,169,0.0705047976637463,,0.2989350844248255,0.4142135623730951,,intact
202,205,35.21176420943346,34.86531279291435,1.0,24.7660229,2.0,956.6728866540992,25.29525439856197,3680,0.0559006205705526,3653,26,1,0.9926630434782608,0.0070652173913043,0.0002717391304347,True,2891.0,30.335356944617264,0.8657711834527839,2919,406,0.1221052631578947,0.304845440523399,0.3090169943749474,0.304338937612043,-0.0041715538515483,intact
202,255,35.21176420943346,35.92547553924652,1.0,24.7660229,2.0,972.078476487872,63.65252754075797,3148,0.0478193352054618,3109,39,0,0.9876111817026684,0.0123888182973316,0.0,True,1824.0,24.09558533008141,0.6774394231546923,1826,475,0.206431986093003,,0.3090169943749474,0.3279344228724749,,intact
202,257,35.21176420943346,36.46042522394956,1.0,24.7660229,2.0,1024.7811613662043,10.106202407840264,7909,0.1201407630686143,7865,44,0,0.9944367176634216,0.0055632823365785,0.0,True,1867.0,24.37795228285463,0.6802625251322384,1870,0,0.0,,0.2989350844248255,0.3614072880548847,,intact
203,217,36.18514474625734,35.43707512359517,2.6502815398728847,65.63693330793913,3.6502815398728847,691.1867458831382,39.73223736572628,4193,0.0636932886011758,4173,20,0,0.9952301454805628,0.0047698545194371,0.0,True,2522.0,28.333329012940226,0.7911882391924127,2522,13,0.0051282051282051,,0.2817290466902531,0.3918128816481348,,intact
197,224,36.55636975448627,35.489214133874235,1.0,24.7660229,2.0,568.0812998608254,56.489307551644615,3393,0.0515409797814905,3192,165,36,0.9407603890362513,0.048629531388152,0.0106100795755968,True,2602.0,28.77919949981624,0.7989164067130485,2603,341,0.115828804347826,0.3816524151396708,0.3008613653919205,0.4211646096066227,0.0807910497477503,intact
197,236,36.55636975448627,34.31988849973817,3.47213595499958,85.99099857343296,4.47213595499958,581.1682677012745,79.65810269237879,5517,0.0838053596977551,5302,215,0,0.9610295450425956,0.0389704549574043,0.0,True,2585.0,28.68503191187172,0.8094397931951213,2585,708,0.2150015183723048,,0.2708131845707603,0.3827822185373187,,intact
199,257,34.31792910836131,36.46042522394956,2.146264369941973,53.15443253543696,3.146264369941973,1077.7056614663693,64.56467819751073,3739,0.0567968533460044,3708,31,0,0.9917090131051084,0.0082909868948916,0.0,True,1491.0,21.78531708054836,0.6155926423003364,1512,163,0.0973134328358208,,0.2898979485566356,0.2989350844248254,,intact
200,206,35.7658142858577,35.3918355531094,1.7320508075688772,42.89600996421431,2.732050807568877,659.2921247498642,30.737678309661533,2791,0.0423963673946773,2785,6,0,0.9978502328914368,0.0021497671085632,0.0,True,1733.0,23.48682679198085,0.6601349776203281,1774,574,0.2444633730834753,,0.2898979485566356,0.376931296631122,,intact
216,228,35.67544516095276,34.946039326709304,1.0,24.7660229,2.0,479.08886722669257,89.29611949270105,3025,0.0459509177244352,2422,135,472,0.8006611570247933,0.0446280991735537,0.1560330578512396,True,608.0,13.911592676604096,0.3939762177906221,634,603,0.4874696847210994,0.3956439237389599,0.2817290466902531,0.3726822671238252,0.1139148770487067,cohesive
216,318,35.67544516095276,31.73196327248236,2.23606797749979,55.37851073671648,3.23606797749979,516.3192499904691,8.25975778717017,3249,0.0493535641939471,1598,1161,492,0.4918436441982148,0.3573407202216066,0.1514312096029547,True,112.0,5.970821321441846,0.1771562343132665,237,310,0.56672760511883,0.3740666961489728,0.1907435698305462,0.375,0.1833231263184266,cohesive
203,230,36.18514474625734,34.692483370232985,2.146264369941973,53.15443253543696,3.146264369941973,753.4755961403732,26.62022641499324,3250,0.0493687545799717,3190,37,23,0.9815384615384616,0.0113846153846153,0.007076923076923,True,3091.0,31.36711427903589,0.8851062066434484,3103,345,0.1000580046403712,0.3090169943749474,0.2817290466902531,0.4045372666182638,0.0272879476846942,intact
203,267,36.18514474625734,34.752019529092614,2.4641016151377544,61.02599702842861,3.4641016151377544,748.0823005074881,39.79052907067583,4242,0.0644376175163816,3118,4,1140,0.7350306459217351,0.0009429514380009,0.2687411598302687,True,1.0,0.5641895835477563,0.015906741954268,1678,948,0.361005331302361,0.3797958971132712,0.23582845781094,0.3170381228369959,0.1439674393023312,cohesive
203,279,36.18514474625734,35.64446856574113,1.414213562373095,35.02444547122265,2.414213562373095,697.9743563671684,51.52688035249576,3790,0.0575715630332593,3785,5,0,0.9986807387862796,0.0013192612137203,0.0,True,3965.0,35.52602846813488,0.9891749887006726,3971,0,0.0,,0.2933997741163456,0.4364916731037084,,intact
205,255,34.86531279291435,35.92547553924652,2.4641016151377544,61.02599702842861,3.4641016151377544,940.2899580215056,65.78245454488241,3686,0.0559917628867003,3599,87,0,0.9763971785132936,0.0236028214867064,0.0,True,1657.0,22.96605062710045,0.6488429121410639,1661,562,0.2528115159694107,,0.2898979485566356,0.339056738914926,,intact
213,255,34.46687961923308,35.92547553924652,1.0,24.7660229,2.0,948.1661598131748,77.82613392884312,2919,0.0443407368058269,2859,60,0,0.9794450154162384,0.0205549845837615,0.0,True,2170.0,26.28178938007886,0.7467228315037532,2170,0,0.0,,0.3090169943749474,0.3516287047744073,,intact
214,224,35.328254181517394,35.489214133874235,3.414213562373095,84.55649127122264,4.414213562373095,526.8432981638477,55.67394363624644,4277,0.0649692810272428,3422,13,845,0.8000935234977788,0.0030395136778115,0.1975683890577507,True,488.0,12.463355264843006,0.3519853381184538,497,1635,0.7668855534709194,0.3597752501562547,0.25,0.3704152082810797,0.1097752501562546,cohesive
214,272,35.328254181517394,33.78544111387506,1.0,24.7660229,2.0,505.65479930059183,89.67510633989978,2931,0.0445230214381222,2058,5,870,0.7021494370522006,0.0017059024223814,0.2968270214943705,True,324.0,10.155412503859614,0.2938755469651942,336,1165,0.776149233844104,0.4,0.25,0.4,0.15,cohesive
214,319,35.328254181517394,31.405054970984555,1.414213562373095,35.02444547122265,2.414213562373095,490.21971021416886,61.809718326091776,3296,0.0500675123371036,1643,76,1583,0.4984830097087379,0.0230582524271844,0.4802791262135922,True,344.0,10.464157913908982,0.3136112399280491,350,1247,0.7808390732623669,0.3726822671238252,0.2,0.3562297707504051,0.1726822671238252,cohesive
206,273,35.3918355531094,34.46580780458202,1.0,24.7660229,2.0,661.2966158423122,28.90614638633852,3527,0.0535764915087878,3502,25,0,0.992911823079104,0.0070881769208959,0.0,True,1581.0,22.43318813848297,0.6422543635953631,1592,529,0.2494106553512494,,0.3090169943749474,0.3874258867227931,,intact
206,314,35.3918355531094,30.584031535841703,1.0,24.7660229,2.0,696.8670536754353,82.70809265503685,2971,0.0451306368791065,2957,14,0,0.995287781891619,0.004712218108381,0.0,True,1751.0,23.608485989317856,0.7156703513267365,1765,323,0.1546934865900383,,0.3090169943749474,0.42088534942122,,intact
208,220,34.30826400849537,35.02503242869986,1.0,24.7660229,2.0,853.9205287536522,52.22437855993925,3193,0.0485029025765691,3152,35,7,0.9871594112120264,0.010961478233636,0.0021922956467272,True,1887.0,24.508177313476683,0.7069670294899979,1887,260,0.1210992081974848,0.4891252930760573,0.3090169943749474,0.4364916731037084,0.1801082987011099,intact
208,229,34.30826400849537,34.62338481649344,1.0,24.7660229,2.0,851.0567032252914,47.14084530353979,2844,0.0432014578539814,2839,5,0,0.9982419127988748,0.0017580872011251,0.0,True,2452.0,27.937355653723827,0.8105813840215612,2453,0,0.0,,0.304845440523399,0.3333333333333333,,intact
209,225,34.12699972576709,34.56866590278551,2.6502815398728847,65.63693330793913,3.6502815398728847,937.6200228914288,26.926257277308267,3541,0.0537891569131323,3499,42,0,0.988138943801186,0.0118610561988138,0.0,True,1744.0,23.56124872549269,0.6859602715807943,1744,0,0.0,,0.2817290466902531,0.3585208052697177,,intact
209,237,34.12699972576709,33.74921981698591,1.0,24.7660229,2.0,911.795684319187,78.65351804699982,3159,0.0479864294517325,3091,68,0,0.9784742006964228,0.021525799303577,0.0,True,1677.0,23.104235090784048,0.680775542492653,1677,307,0.1547379032258064,,0.3090169943749474,0.3981147832854546,,intact
209,263,34.12699972576709,35.54812880887022,4.766114533138578,118.03770167173282,5.766114533138578,877.3548435278981,42.14663659543165,5184,0.0787469611515611,5123,61,0,0.988233024691358,0.0117669753086419,0.0,True,1263.0,20.05057072130685,0.5755445635479293,1263,450,0.2626970227670753,,0.2771863727725964,0.2817290466902531,,intact
210,218,34.608309513248216,35.167744397611905,1.0,24.7660229,2.0,847.3544741745768,86.58287487908433,3247,0.0493231834218979,3201,46,0,0.9858330766861718,0.0141669233138281,0.0,True,2259.0,26.81533204883324,0.7686113084895915,2259,0,0.0,,0.3090169943749474,0.3550994392053472,,intact
211,226,34.46607576449437,35.041890092227234,1.0,24.7660229,2.0,638.1934786294012,63.57354443068826,3273,0.0497181334585377,3208,52,13,0.9801405438435686,0.0158875649251451,0.0039718912312862,True,2502.0,28.22076071320269,0.8120151515115492,2505,713,0.2215661901802361,0.4142135623730951,0.3090169943749474,0.4142135623730951,0.1051965679981477,intact
211,307,34.46607576449437,33.98517876129603,9.770329614269007,241.9722069675344,10.770329614269007,615.8150808859388,80.06480449669122,7400,0.1124088565820895,7206,194,0,0.9737837837837838,0.0262162162162162,0.0,True,2128.0,26.026206750102997,0.7604303801414506,2128,0,0.0,,0.2634281733127919,0.3286388491747826,,intact
211,312,34.46607576449437,36.24478883025076,4.55269276785519,112.752093345366,5.55269276785519,589.5325558816288,15.943267033157763,9263,0.1407085457459318,9055,208,0,0.9775450717909964,0.0224549282090035,0.0,True,4513.0,37.90161627618864,1.072016768382303,4513,158,0.0338257332476985,,0.2708131845707603,0.3844998779892558,,intact
213,237,34.46687961923308,33.74921981698591,1.0,24.7660229,2.0,929.53965342994,71.40567144917961,2817,0.042791317431317,2773,44,0,0.9843805466808662,0.0156194533191338,0.0,True,2005.0,25.26284468935556,0.7406710409461604,2005,97,0.0461465271170314,,0.3090169943749474,0.3621554859491163,,intact
219,254,35.27595766867479,36.52018858402313,1.0,24.7660229,2.0,463.9426995787563,78.66697888952856,2720,0.0413178499869302,1469,270,986,0.5400735294117647,0.0992647058823529,0.3625,True,122.0,6.231677632421503,0.1735936525196805,147,819,0.8478260869565217,0.392280956059262,0.2171292729553324,0.3629003269703467,0.1751516831039295,cohesive
219,308,35.27595766867479,31.17790228842765,1.0,24.7660229,2.0,431.5947778743223,43.19535722494642,2549,0.0387202939767224,1653,874,23,0.6484896037661828,0.3428795606120047,0.0090231463318948,True,536.0,13.061933202803932,0.3931128518715309,538,68,0.1122112211221122,0.3761785115301142,0.25,0.3740666961489728,0.1261785115301141,intact
219,407,35.27595766867479,19.667576904026934,1.0,24.7660229,2.0,430.75849978869087,30.738192787586105,1440,0.0218741558754336,847,593,0,0.5881944444444445,0.4118055555555555,0.0,True,204.0,8.058239062071396,0.2933280184735355,210,0,0.0,,0.25,0.392280956059262,,intact
220,229,35.02503242869986,34.62338481649344,1.0,24.7660229,2.0,829.7795848505702,85.3910358278573,2903,0.0440976906294332,2900,3,0,0.9989665862900448,0.0010334137099552,0.0,True,1981.0,25.11119042439226,0.7210843093817836,1981,215,0.0979052823315118,,0.3090169943749474,0.4,,intact
220,263,35.02503242869986,35.54812880887022,1.0,24.7660229,2.0,841.1021319425811,76.24498414955067,3261,0.0495358488262424,3188,73,0,0.9776142287641828,0.0223857712358172,0.0,True,2225.0,26.612769430462027,0.7541895237164054,2226,304,0.1201581027667984,,0.3090169943749474,0.407669683062202,,intact
220,267,35.02503242869986,34.752019529092614,1.414213562373095,35.02444547122265,2.414213562373095,804.3518523988578,34.06181993344815,4812,0.0730961375504074,4046,766,0,0.8408146300914381,0.1591853699085619,0.0,True,2120.0,25.977239243415305,0.7445782965760349,2121,575,0.2132789317507418,,0.272552534874096,0.3660254037844386,,intact
221,227,35.32021864065531,34.72518092685073,1.0,24.7660229,2.0,1023.7010456012384,33.780553150797886,3008,0.0456926811620169,2774,234,0,0.9222074468085106,0.0777925531914893,0.0,True,4921.0,39.57780880633028,1.130061618627424,4921,0,0.0,,0.2989350844248255,0.3740666961489728,,intact
223,243,35.63995839173449,34.038354210100614,1.0,24.7660229,2.0,504.6314286731336,89.94392582479121,2666,0.0404975691416014,1774,152,744,0.6654163540885222,0.0570142535633908,0.2790697674418604,True,274.0,9.338999347593866,0.2680604336950578,325,1285,0.7981366459627329,0.4,0.2402530733520421,0.3779872043216927,0.1597469266479579,cohesive
223,272,35.63995839173449,33.78544111387506,1.414213562373095,35.02444547122265,2.414213562373095,505.2610930072069,89.05519586400656,2590,0.0393430998037313,1356,3,1237,0.5235521235521235,0.0011583011583011,0.4776061776061776,True,110.0,5.917270272703197,0.1704641331512995,559,1416,0.7169620253164557,0.3874258867227931,0.2171292729553324,0.4641016151377545,0.1702966137674607,cohesive
223,274,35.63995839173449,35.88102725341571,1.0,24.7660229,2.0,495.6963220162172,75.63876322571892,2828,0.0429584116775877,1704,364,770,0.6025459688826026,0.1287128712871287,0.2722772277227723,True,213.0,8.234075889688375,0.2302562196371722,314,1136,0.783448275862069,0.4,0.2290162883342605,0.3827822185373187,0.1709837116657394,cohesive
224,236,35.489214133874235,34.31988849973817,1.0,24.7660229,2.0,561.3196536670482,68.00662783144158,4271,0.0648781387110952,3752,149,371,0.8784827909154764,0.0348864434558651,0.0868649028330601,True,2302.0,27.069343508757026,0.7755247521466748,2302,428,0.1567765567765567,0.4068781988545112,0.2898979485566356,0.414213562373095,0.1169802502978755,cohesive
224,243,35.489214133874235,34.038354210100614,1.0,24.7660229,2.0,526.4145226292699,52.89727140592437,2885,0.0438242636809903,2664,57,168,0.9233968804159446,0.0197573656845753,0.0582322357019064,True,1139.0,19.040876039808087,0.5477216158519124,1144,1312,0.5342019543973942,0.4142135623730951,0.2898979485566356,0.4142135623730951,0.1243156138164594,intact
225,231,34.56866590278551,34.500072863257465,1.7320508075688772,42.89600996421431,2.732050807568877,964.8369472170602,81.44938499913798,3665,0.0556727647801835,3576,83,7,0.9757162346521144,0.0226466575716234,0.0019099590723055,True,1746.0,23.57475474478788,0.6826461628217307,1746,102,0.0551948051948051,0.3524704450894247,0.2898979485566356,0.4014916240907943,0.062572496532789,intact
225,237,34.56866590278551,33.74921981698591,4.0197648378370845,99.553588026488,5.0197648378370845,944.2668736610508,45.25083829369992,4676,0.0710302450510609,4575,101,0,0.9784003421727973,0.0215996578272027,0.0,True,1475.0,21.668112103298046,0.6343320457010929,1475,0,0.0,,0.2742918851774318,0.3451409985003952,,intact
225,255,34.56866590278551,35.92547553924652,1.0,24.7660229,2.0,962.8933800442852,78.82604861355026,2675,0.0406342826158229,2638,32,5,0.9861682242990654,0.0119626168224299,0.0018691588785046,True,1363.0,20.829219257295907,0.5909489450105286,1365,429,0.2391304347826087,0.3816524151396708,0.3090169943749474,0.3789154633348925,0.0726354207647234,intact
226,266,35.041890092227234,34.97872006442841,6.713293552551451,166.2615818569116,7.713293552551451,631.8366996826403,56.82660786093794,4931,0.0749037934873356,2928,1,2007,0.593794362198337,0.0002027986209693,0.4070168322855405,True,390.0,11.141851534268367,0.3182449141571585,932,1506,0.6177194421657096,0.3483314773547883,0.2018613557458832,0.2542862710161889,0.1464701216089051,cohesive
228,275,34.946039326709304,33.85640203978972,1.0,24.7660229,2.0,511.8676085312069,21.42714211046094,2331,0.0354087898233582,1096,1235,0,0.4701844701844702,0.5298155298155298,0.0,True,85.0,5.201570947860099,0.1512030923481975,178,238,0.5721153846153846,,0.2079915965134781,0.3797958971132712,,intact
229,230,34.62338481649344,34.692483370232985,1.0,24.7660229,2.0,806.8813225033821,57.17425131350285,2226,0.0338137992907745,2219,7,0,0.9968553459119496,0.0031446540880503,0.0,True,3069.0,31.25528820372728,0.9018220220377324,3081,0,0.0,,0.304845440523399,0.3244997998398398,,intact
229,267,34.62338481649344,34.752019529092614,2.863703305156273,70.92254163430594,3.863703305156273,801.4880268704969,47.52342655966343,3289,0.0499611796349314,3140,136,13,0.9546974764366069,0.0413499543934326,0.0039525691699604,True,1938.0,24.837160856752256,0.7160220856668059,1942,140,0.0672430355427473,0.23582845781094,0.2771863727725964,0.339385483148181,-0.0413579149616564,intact
230,267,34.692483370232985,34.752019529092614,1.0,24.7660229,2.0,781.4535900516696,81.08252119277219,2952,0.0448420195446389,2915,37,0,0.9874661246612466,0.0125338753387533,0.0,True,2146.0,26.1360482045472,0.7527175546907404,2151,91,0.0405887600356824,,0.3090169943749474,0.4,,intact
237,263,33.74921981698591,35.54812880887022,3.0,74.2980687,4.0,884.0016942975201,15.303530400182556,4389,0.0666706042619988,4331,49,9,0.9867851446798817,0.011164274322169,0.0020505809979494,True,1483.0,21.72679362470592,0.6270598819591561,1484,671,0.311368909512761,0.3090169943749474,0.2817290466902531,0.3244997998398398,0.0272879476846942,intact
235,299,34.946886411801124,30.778044735322855,3.685557720282968,91.27660689979976,4.685557720282968,454.8382918880761,58.97479991950583,2454,0.0372772073043848,1560,584,316,0.6356968215158925,0.2379788101059494,0.1287693561532192,True,722.0,15.159806655254442,0.4613106895865591,1942,477,0.1971889210417527,0.3792326987316706,0.2079915965134781,0.3701914558754451,0.1712411022181925,cohesive
235,325,34.946886411801124,28.228606479485165,1.0,24.7660229,2.0,487.3528597829354,69.00737752692618,1745,0.0265072236129386,1337,2,408,0.766189111747851,0.0011461318051575,0.233810888252149,True,309.0,9.91754782346883,0.3139681977799572,1403,790,0.3602371181030552,0.3956439237389599,0.2612038749637414,0.3536410091885792,0.1344400487752185,cohesive
235,329,34.946886411801124,26.471093397285863,1.0,24.7660229,2.0,493.2050224082035,57.55952234499562,1592,0.0241830945511738,1325,0,269,0.832286432160804,0.0,0.1689698492462311,True,355.0,10.630146264057032,0.3461574704052466,478,1079,0.6929993577392421,0.414213562373095,0.2898979485566356,,0.1243156138164593,cohesive
236,243,34.31988849973817,34.038354210100614,7.79385036540706,193.0226766288446,8.79385036540706,539.501490469719,26.267596010578213,5648,0.0857953002669786,3065,21,2569,0.5426699716713881,0.0037181303116147,0.4548512747875354,True,644.0,14.317526556719258,0.4188968583494187,718,1075,0.5995538204127161,0.3349814812274482,0.1856154626682773,0.4608729672704098,0.1493660185591709,cohesive
234,312,34.56620180703997,36.24478883025076,3.685557720282968,91.27660689979976,4.685557720282968,528.6792503998583,41.14875689337856,4918,0.0747063184690157,4084,32,805,0.8304188694591297,0.0065067100447336,0.1636844245628304,True,1018.0,18.00109619259613,0.5084266165630037,1180,2304,0.661308840413318,0.3690444308357147,0.2508782393630533,0.3531607283058913,0.1181661914726614,cohesive
235,239,34.946886411801124,35.56568969083513,6.330293345472711,156.77618995769478,7.330293345472711,507.3734471932091,33.20806292282454,6069,0.092190452783338,4063,923,1102,0.6694677871148459,0.1520843631570275,0.1815785137584445,True,663.0,14.527197064122632,0.4120455631340777,822,1055,0.5620671283963772,0.3090169943749474,0.238450422231985,0.3275603494755517,0.0705665721429623,cohesive
235,258,34.946886411801124,34.64255862788785,1.0,24.7660229,2.0,498.2967701841211,48.92721765974154,3183,0.0483509987163231,2460,80,644,0.7728557964184731,0.025133521834747,0.2023248507697141,True,801.0,15.967661658277216,0.45891044681188,883,1077,0.5494897959183673,0.393529818721632,0.2708131845707603,0.4057077327363875,0.1227166341508717,cohesive
235,295,34.946886411801124,31.66488249704925,1.0,24.7660229,2.0,471.993498742695,85.72225815662573,2043,0.0310339586482714,1989,0,54,0.973568281938326,0.0,0.026431718061674,True,1853.0,24.28637929166396,0.7291918437084818,1917,818,0.2990859232175503,0.4068781988545112,0.2898979485566356,,0.1169802502978755,intact
239,325,35.56568969083513,28.228606479485165,3.1815405503520555,78.79410612729761,4.181540550352056,520.0945290168877,55.9961644158253,4219,0.0640882386378156,3889,10,329,0.9217824128940508,0.0023702299123014,0.0779805641147191,True,907.0,16.991382132383997,0.5326928315666277,1000,752,0.4292237442922374,0.3430703308172536,0.2817290466902531,0.4034234401190567,0.0613412841270004,cohesive
241,246,36.12530338834216,35.197060347528684,1.414213562373095,35.02444547122265,2.414213562373095,636.7664308872788,31.984716717800445,3456,0.0524979741010407,3439,17,0,0.9950810185185184,0.0049189814814814,0.0,True,3188.0,31.85548488335917,0.8932818043252201,3190,0,0.0,,0.2933997741163456,0.3726822671238252,,intact
241,271,36.12530338834216,33.97470293029857,1.0,24.7660229,2.0,584.0005770487548,54.41195598400567,3106,0.0471813389924284,2650,139,322,0.8531873792659369,0.0447520927237604,0.1036703155183515,True,1763.0,23.68924501418361,0.675869982279424,1870,558,0.2298187808896211,0.3956439237389599,0.3030009569763247,0.392280956059262,0.0926429667626352,cohesive
242,289,35.11354848262679,34.14987401789476,4.123105625617661,102.1129283431658,5.123105625617661,868.1473036053227,89.45677860688718,5347,0.081222994073572,5162,185,0,0.9654011595287076,0.0345988404712923,0.0,True,1938.0,24.837160856752256,0.7171797165109833,1938,0,0.0,,0.2714970279031851,0.3333333333333333,,intact
236,253,34.31988849973817,36.95071200079368,1.414213562373095,35.02444547122265,2.414213562373095,594.6695078502054,58.435854806634985,2670,0.0405583306856998,2574,96,0,0.9640449438202248,0.0359550561797752,0.0,True,3769.0,34.6368295464049,0.9719808533434884,3769,154,0.0392556716798368,,0.2933997741163456,0.3751226038395435,,intact
236,266,34.31988849973817,34.97872006442841,4.196152422706632,103.92200699264292,5.196152422706632,592.1984297661716,61.66751225233589,4390,0.0666857946480234,4114,276,0,0.937129840546697,0.0628701594533029,0.0,True,3035.0,31.08167473878788,0.8970360410630183,3036,517,0.1455108359133126,,0.2766967754673748,0.2918256742691262,,intact
236,272,34.31988849973817,33.78544111387506,8.16515138991168,202.21832630451948,9.16515138991168,540.1311548037922,28.765312235137014,5900,0.0896232775451795,4186,1,1722,0.7094915254237288,0.0001694915254237,0.291864406779661,True,320.0,10.09253008808064,0.2963800379600041,608,1707,0.7373650107991361,0.3197055956213621,0.2339236582012537,0.304845440523399,0.0857819374201083,cohesive
237,255,33.74921981698591,35.92547553924652,1.0,24.7660229,2.0,937.0690414720436,59.05526731065952,3119,0.0473788140107482,3103,10,6,0.9948701506893236,0.0032061558191728,0.0019236934915036,True,1552.0,22.22649192646566,0.6380075811692082,1552,222,0.125140924464487,0.4519745226940926,0.3090169943749474,0.4317713281142753,0.1429575283191452,intact
243,272,34.038354210100614,33.78544111387506,1.0,24.7660229,2.0,505.226023766014,88.98132876023003,2456,0.037307588076434,1341,66,1056,0.5460097719869706,0.0268729641693811,0.4299674267100977,True,166.0,7.269074295019226,0.2143517407215815,174,1210,0.8742774566473989,0.4,0.2108967220595339,0.3451409985003952,0.189103277940466,cohesive
244,256,34.033683084531305,34.87133444730795,3.898979485566356,96.5622152261666,4.898979485566356,597.2738002966823,75.72395549845243,3900,0.0592425054959661,3893,7,0,0.9982051282051282,0.0017948717948717,0.0,True,1864.0,24.35835848013133,0.7070126197667956,1865,0,0.0,,0.2771863727725964,0.3333333333333333,,intact
244,270,34.033683084531305,33.93515360543263,8.126822193908446,201.2690645585648,9.126822193908446,607.1682371213706,60.421170211609024,6593,0.1001502150602319,6566,27,0,0.9959047474594268,0.0040952525405733,0.0,True,1891.0,24.534139372995096,0.7219231803217762,1891,41,0.0212215320910973,,0.2674788903885893,0.4428098386487856,,intact
244,294,34.033683084531305,31.65114622483413,10.051815009825804,248.9434807199096,11.051815009825804,571.325807397685,63.38123762497679,7394,0.1123177142659419,4900,18,2478,0.6626994860697863,0.0024344062753583,0.3351365972410062,True,1168.0,19.281751659604677,0.5870990870293837,1168,453,0.2794571252313387,0.330150699872581,0.2224184697535103,0.2457191406349288,0.1077322301190706,cohesive
248,269,34.8520185181369,35.61682581345766,1.0,24.7660229,2.0,555.4753576850555,31.294198175998783,5099,0.0774557783394695,3857,629,622,0.7564228280054913,0.1233575210825652,0.1219847028829182,True,433.0,11.740024732409273,0.3331975951575426,491,608,0.5532302092811647,0.3827822185373187,0.2779262976266636,0.3726822671238252,0.104855920910655,cohesive
248,271,34.8520185181369,33.97470293029857,1.0,24.7660229,2.0,544.6312183524709,57.438219940388784,2923,0.0444014983499253,2361,343,220,0.8077317824153267,0.1173451932945603,0.0752651385562778,True,485.0,12.424986712231869,0.3610512443641699,819,513,0.3851351351351351,0.3939624398991109,0.2898979485566356,0.393529818721632,0.1040644913424753,cohesive
249,252,32.49666107608434,35.21054470549252,1.0,24.7660229,2.0,531.6599423615628,40.87127954056988,2331,0.0354087898233582,1830,188,315,0.7850707850707851,0.0806520806520806,0.1351351351351351,True,392.0,11.170383851240114,0.3299614486315009,762,683,0.4726643598615917,0.4045372666182638,0.2898979485566356,0.4013498739246386,0.1146393180616281,cohesive
249,258,32.49666107608434,34.64255862788785,1.0,24.7660229,2.0,513.1831330462446,75.85818774927768,3374,0.051252362447023,2035,353,997,0.6031416716064019,0.1046235921754594,0.2954949614700652,True,695.0,14.873646859386389,0.4430688031516223,827,603,0.4216783216783217,0.4068781988545112,0.2171292729553324,0.4,0.1897489258991787,cohesive
249,416,32.49666107608434,17.03941469191891,1.0,24.7660229,2.0,480.00141219498266,17.34591974525505,1430,0.0217222520151875,1162,268,0,0.8125874125874126,0.1874125874125874,0.0,True,206.0,8.097643889049511,0.326939256430967,260,0,0.0,,0.3090169943749474,0.4142135623730951,,intact
250,326,38.41950974002072,28.396674494236542,1.0,24.7660229,2.0,603.4484407215888,68.11599816186246,1480,0.0224817713164179,1410,10,60,0.9527027027027029,0.0067567567567567,0.0405405405405405,True,391.0,11.156126814350138,0.3339348674936839,622,347,0.3581011351909184,0.4045372666182638,0.2612038749637414,0.3640636872340297,0.1433333916545224,intact
254,293,36.52018858402313,32.15881020743967,2.146264369941973,53.15443253543696,3.146264369941973,442.2215006488871,34.8038075298164,3258,0.0494902776681686,2637,207,416,0.8093922651933702,0.0635359116022099,0.1276856967464702,True,925.0,17.159156293944243,0.4996915096577449,926,150,0.1394052044609665,0.4109416227176485,0.25,0.40369821609784,0.1609416227176485,cohesive
244,307,34.033683084531305,33.98517876129603,1.0,24.7660229,2.0,598.5808445911811,72.43946176617199,2812,0.042715365501194,2722,90,0,0.9679943100995732,0.0320056899004267,0.0,True,2689.0,29.25637168119473,0.8602429057842134,2689,0,0.0,,0.3090169943749474,0.392905387390447,,intact
245,246,36.24969480404355,35.197060347528684,2.6502815398728847,65.63693330793913,3.6502815398728847,658.012922452056,73.20105589430042,4414,0.0670503639126139,4209,3,204,0.9535568645219756,0.0006796556411418,0.0462165835976438,True,3048.0,31.14817062185505,0.8719268091538966,3052,306,0.0911256700416914,0.3550392228080413,0.2771863727725964,0.3660254037844387,0.0778528500354448,cohesive
245,261,36.24969480404355,34.99809133386001,1.7320508075688772,42.89600996421431,2.732050807568877,647.3953865191152,89.4464012391351,3413,0.0518447875019826,3107,0,310,0.9103428069147378,0.0,0.0908291825373571,True,1083.0,18.56689545231096,0.5211922070497411,1313,718,0.3535204332840965,0.380724156126471,0.2771863727725964,,0.1035377833538745,cohesive
245,269,36.24969480404355,35.61682581345766,1.0,24.7660229,2.0,616.0912079461166,32.43398424923573,3539,0.0537587761410831,3167,109,267,0.8948855608929076,0.0307996609211641,0.0754450409720259,True,1805.0,23.96975895919152,0.6670632932618784,1903,579,0.233279613215149,0.3827822185373187,0.3090169943749474,0.3797958971132712,0.0737652241623713,cohesive
254,308,36.52018858402313,31.17790228842765,1.0,24.7660229,2.0,438.8457830503288,28.24791358726883,2538,0.0385531997304518,1462,970,107,0.5760441292356187,0.3821907013396375,0.0421591804570527,True,209.0,8.156394191823509,0.2409637875074167,232,122,0.3446327683615819,0.3726822671238252,0.23374546842324,0.39782196186948,0.1389367987005852,intact
256,270,34.87133444730795,33.93515360543263,1.0,24.7660229,2.0,616.2067140892009,73.39929465584112,3104,0.0471509582203791,3097,7,0,0.9977448453608248,0.0022551546391752,0.0,True,2143.0,26.117773375459542,0.759166006421956,2146,0,0.0,,0.3090169943749474,0.4142135623730951,,intact
256,273,34.87133444730795,34.46580780458202,2.863703305156273,70.92254163430594,3.863703305156273,618.2602576787647,71.4236516873539,3253,0.0494143257380455,2805,448,0,0.8622809714110052,0.1377190285889947,0.0,True,1969.0,25.03501879160237,0.7221243327466377,2065,0,0.0,,0.2612038749637415,0.3696030018711294,,intact
256,307,34.87133444730795,33.98517876129603,1.0,24.7660229,2.0,607.6193215590115,87.87477745766236,3057,0.0464370100772226,3038,19,0,0.9937847562970232,0.0062152437029767,0.0,True,2545.0,28.46223217419441,0.8267113987595266,2545,0,0.0,,0.3090169943749474,0.4142135623730951,,intact
262,323,36.34591029267852,30.89445563054656,1.0,24.7660229,2.0,559.4382754501007,85.00849920615545,5366,0.0815116114080395,4210,605,555,0.7845695117405889,0.1127469250838613,0.1034289973909802,True,906.0,16.982012745328934,0.5051136326271324,1007,695,0.4083431257344301,0.3956439237389599,0.2553967929896867,0.4,0.1402471307492732,cohesive
263,282,35.54812880887022,36.68341902992898,1.0,24.7660229,2.0,819.222443437918,37.46687635072755,3248,0.0493383738079225,3194,54,0,0.9833743842364532,0.0166256157635468,0.0,True,1811.0,24.00956484151358,0.6647944162873617,1813,543,0.2304753820033956,,0.303832434700687,0.3550994392053472,,intact
258,265,34.64255862788785,36.05461459326985,1.0,24.7660229,2.0,523.7301209777236,87.50308585750221,859,0.0130485415951371,650,0,210,0.7566938300349243,0.0,0.2444703143189755,True,245.0,8.83096382707056,0.2498250898786345,398,1053,0.7257064093728464,0.4211646096066227,0.2898979485566356,,0.131266661049987,cohesive
258,295,34.64255862788785,31.66488249704925,3.2426406871192857,80.30731351366796,4.242640687119286,495.6584909675594,46.00866029144808,2273,0.034527747433931,1829,30,418,0.8046634403871535,0.0131984161900571,0.1838979322481302,True,290.0,9.607802401865856,0.2897956017866153,499,662,0.570198105081826,0.3577747210701756,0.2542862710161889,0.4206322727489686,0.1034884500539866,cohesive
259,261,34.08862500564362,34.99809133386001,1.0,24.7660229,2.0,656.786009785591,74.61506144292349,2991,0.0454344445995986,2990,1,0,0.9996656636576396,0.0003343363423604,0.0,True,4077.0,36.024289111255406,1.0428716552173662,4137,173,0.0401392111368909,,0.3090169943749474,0.3333333333333333,,intact
261,269,34.99809133386001,35.61682581345766,1.0,24.7660229,2.0,616.4608535880573,30.91688997224917,3091,0.0469534832020593,2676,243,173,0.8657392429634423,0.0786153348430928,0.0559689420899385,True,1487.0,21.756075031018277,0.6161892107196131,1510,413,0.2147685907436297,0.3660254037844386,0.2989350844248255,0.3827822185373187,0.0670903193596131,intact
275,284,33.85640203978972,35.32685141397506,5.19114712955712,128.56406868788088,6.19114712955712,526.6075349660133,61.92670546325164,5073,0.0770608283028297,1454,1917,1704,0.286615414941849,0.3778829095209935,0.3358959195742164,False,3.0,0.9772050238058398,0.0282497562638885,66,805,0.9242250287026408,0.3305953784295673,0.1272968391391531,0.339056738914926,0.2032985392904142,cohesive
231,321,34.500072863257465,27.524522576173496,1.414213562373095,35.02444547122265,2.414213562373095,982.420475472516,45.61314235712043,2366,0.0359404533342194,2343,23,0,0.9902789518174132,0.0097210481825866,0.0,True,1871.0,24.404052881639814,0.7869153424941293,1871,191,0.0926285160038797,,0.2989350844248255,0.3451409985003952,,intact
232,421,35.312051806026176,19.801414371001805,1.414213562373095,35.02444547122265,2.414213562373095,331.36106926559694,71.81300031515633,1594,0.024213475323223,1061,533,0,0.6656210790464241,0.3343789209535759,0.0,True,130.0,6.432750982580687,0.2334366327793022,207,0,0.0,,0.25,0.3827822185373187,,intact
232,441,35.312051806026176,40.0082756823312,1.0,24.7660229,2.0,326.3834974948568,69.21060311987871,2911,0.0442192137176301,1487,1424,0,0.5108210237031948,0.4891789762968052,0.0,True,134.0,6.530966601401967,0.1734184334875997,170,0,0.0,,0.2108967220595339,0.3660254037844386,,intact
232,446,35.312051806026176,22.542527753680595,4.123105625617661,102.1129283431658,5.123105625617661,327.71224917212606,61.29162497260364,257,0.0039039292083239,80,177,0,0.311284046692607,0.688715953307393,0.0,True,112.0,5.970821321441846,0.2064079064053994,113,0,0.0,,0.1273659537784019,0.3090169943749474,,intact
289,320,34.14987401789476,27.640729586576867,8.222125139210444,203.62933948435156,9.222125139210444,867.4374384839298,89.42968711156934,6597,0.1002109766043304,6464,133,0,0.979839320903441,0.020160679096559,0.0,True,1951.0,24.920324796129275,0.8066056436556919,1951,103,0.0501460564751704,,0.2692803301885514,0.2612038749637414,,intact
268,286,34.94753798777513,33.39235957204234,1.7320508075688772,42.89600996421431,2.732050807568877,624.3671677639577,84.06802475655502,4527,0.0687668775333945,4496,31,0,0.9931521979235696,0.0068478020764303,0.0,True,3340.0,32.60605802383755,0.9542319841874995,3355,0,0.0,,0.2898979485566356,0.3288130902060995,,intact
270,294,33.93515360543263,31.65114622483413,3.0,74.2980687,4.0,590.2587211902037,6.009715188448839,3553,0.0539714415454276,3361,134,58,0.9459611595834506,0.0377146073740501,0.0163242330424992,True,1101.0,18.720555138359373,0.5708678546222914,1141,289,0.2020979020979021,0.3484148942525175,0.2779262976266636,0.3896054962258803,0.0704885966258538,intact
270,317,33.93515360543263,30.08610870559266,2.146264369941973,53.15443253543696,3.146264369941973,650.3229425169231,41.751981667576416,3160,0.0480016198377571,3160,0,0,1.0,0.0,0.0,True,3795.0,34.75609325093207,1.0857671965942044,3795,0,0.0,,0.2898979485566356,,,intact
273,307,34.46580780458202,33.98517876129603,1.0,24.7660229,2.0,619.5673019732635,70.74105243450283,6737,0.1023376306477753,6721,16,0,0.997625055662758,0.002374944337242,0.0,True,3162.0,31.725318912709863,0.926949939053896,3183,224,0.0657469914881127,,0.3090169943749474,0.3827822185373187,,intact
287,301,35.43187813286156,35.507780098671546,3.685557720282968,91.27660689979976,4.685557720282968,463.6282372368688,39.63030265428736,4240,0.0644072367443324,2503,1396,342,0.5903301886792452,0.3292452830188679,0.0806603773584905,True,163.0,7.203090409536582,0.2030765467188215,165,139,0.4572368421052631,0.3726822671238252,0.18151291824946,0.3602425986153711,0.1911693488743651,cohesive
287,332,35.43187813286156,34.05030096237162,1.0,24.7660229,2.0,493.28241928787634,87.88915405548833,11450,0.1739299199817467,8879,539,2056,0.7754585152838428,0.0470742358078602,0.1795633187772925,True,968.0,17.55346033766304,0.5052651072904331,1146,1540,0.573343261355175,0.414213562373095,0.2553967929896867,0.4,0.1588167693834083,cohesive
288,341,32.390212785829576,24.396169889881307,1.0,24.7660229,2.0,517.7960473026238,33.0972323105431,2709,0.0411507557406595,2472,143,94,0.9125138427464008,0.0527870062753783,0.0346991509782207,True,484.0,12.412170838050638,0.4371530727333921,502,521,0.509286412512219,0.4,0.2989350844248255,0.4,0.1010649155751745,intact
265,287,36.05461459326985,35.43187813286156,1.7320508075688772,42.89600996421431,2.732050807568877,510.0027296430819,64.311656079796,4944,0.0751012685056555,2822,467,1659,0.5707928802588996,0.0944579288025889,0.3355582524271844,True,226.0,8.481629223064205,0.2372931976270757,465,1991,0.8106677524429967,0.375,0.2108967220595339,0.3827822185373187,0.164103277940466,cohesive
265,295,36.05461459326985,31.66488249704925,1.0,24.7660229,2.0,497.4268495362975,27.928463525965626,7629,0.1158874549817245,6632,2,1011,0.8693144579892516,0.0002621575566915,0.1325206449075894,True,1243.0,19.89118368841965,0.5874581041820292,1307,1219,0.4825811559778306,0.4026997478492771,0.2742918851774317,0.3116548391159554,0.1284078626718454,cohesive
265,329,36.05461459326985,26.471093397285863,1.0,24.7660229,2.0,518.638373201806,77.50636168355977,1761,0.0267502697893323,1310,0,454,0.7438955139125497,0.0,0.2578080636002271,True,230.0,8.556358677747903,0.2736909009983641,366,1793,0.8304770727188513,0.4195106216501436,0.2817290466902531,,0.1377815749598904,cohesive
266,333,34.97872006442841,31.258738512821964,4.841619252963779,119.90765329198184,5.841619252963779,638.5456665389785,42.75885311150984,3914,0.0594551709003106,3826,87,3,0.9775166070516096,0.0222278998467041,0.0007664793050587,True,2112.0,25.928179257714294,0.7828856908051565,2114,323,0.1325400082068116,0.3916982318703404,0.2771863727725964,0.3465462064555278,0.1145118590977439,intact
295,329,31.66488249704925,26.471093397285863,2.6502815398728847,65.63693330793913,3.6502815398728847,490.56674319164176,47.2518877512184,7514,0.1141405605888947,5528,1,2009,0.7356933723715731,0.0001330849081714,0.2673675805163694,True,727.0,15.212208493693998,0.5233320077517201,732,883,0.5467492260061919,0.4,0.23582845781094,0.2801868778094689,0.16417154218906,cohesive
297,324,36.17505317664497,24.30086770953325,1.0,24.7660229,2.0,394.6150475789293,44.7120638963464,3861,0.0586500804410064,3639,222,0,0.9425019425019424,0.0574980574980574,0.0,True,791.0,15.867675317177952,0.5247601056639556,791,0,0.0,,0.3090169943749474,0.3956439237389599,,intact
293,309,32.15881020743967,31.15930792791533,1.414213562373095,35.02444547122265,2.414213562373095,380.5475819373254,27.083361669878897,2348,0.0356670263857765,1275,1073,0,0.543015332197615,0.456984667802385,0.0,True,374.0,10.910907269000948,0.3446377621544824,391,0,0.0,,0.2108967220595339,0.3797958971132712,,intact
293,324,32.15881020743967,24.30086770953325,1.414213562373095,35.02444547122265,2.414213562373095,392.774146699414,50.73398200066725,1896,0.0288009719026543,1311,585,0,0.6914556962025317,0.3085443037974683,0.0,True,445.0,11.901592303208291,0.4215961812857042,449,0,0.0,,0.2553967929896867,0.3827822185373187,,intact
295,299,31.66488249704925,30.778044735322855,1.8284271247461903,45.2828680424453,2.8284271247461903,452.2000126715144,58.57059523610177,2043,0.0310339586482714,2003,0,41,0.9804209495839452,0.0,0.0200685266764561,True,1371.0,20.890257393291662,0.6690992341070643,3159,785,0.1990365111561866,0.3516287047744073,0.2898979485566356,,0.0617307562177716,intact
295,301,31.66488249704925,35.507780098671546,1.0,24.7660229,2.0,451.0523571300844,59.96297176959899,2426,0.0368518764956958,2228,2,203,0.91838417147568,0.0008244023083264,0.083676834295136,True,1348.0,20.71428798138497,0.6167475630988183,1413,949,0.4017781541066892,0.4068781988545112,0.2898979485566356,0.4034390994272556,0.1169802502978755,cohesive
304,318,36.45330032828756,31.73196327248236,1.0,24.7660229,2.0,571.264080149328,44.858206614985065,8266,0.1255637308793989,6443,440,1398,0.7794580208081296,0.0532300992015485,0.1691265424631018,True,252.0,8.95623198216277,0.2627028630292378,675,847,0.5565045992115637,0.3827822185373187,0.2612038749637414,0.4,0.1215783435735772,cohesive
304,326,36.45330032828756,28.396674494236542,1.0,24.7660229,2.0,603.1932975500813,51.41322331158655,12452,0.1891506867784026,11639,224,598,0.934709283649213,0.0179890780597494,0.0480244137487953,True,2197.0,26.444788143333422,0.8155681853602957,2443,1700,0.410330678252474,0.4068781988545112,0.3090169943749474,0.4270509831248423,0.0978612044795638,cohesive
318,326,31.73196327248236,28.396674494236542,1.0,24.7660229,2.0,585.0365860105651,16.629685947905738,2855,0.0433685521002521,2758,87,10,0.9660245183887916,0.0304728546409807,0.0035026269702276,True,66.0,4.583497844237541,0.1524564006262752,277,102,0.2691292875989446,0.3534508254955377,0.3090169943749474,0.4045372666182638,0.0444338311205903,intact
324,338,24.30086770953325,26.168167856740794,1.0,24.7660229,2.0,347.7730395949747,26.99542706988287,2109,0.0320365241258955,2052,57,0,0.972972972972973,0.027027027027027,0.0,True,1118.0,18.864528956575565,0.7475684345821657,1122,0,0.0,,0.3333333333333333,0.414213562373095,,intact
325,328,28.228606479485165,29.05803831316734,1.0,24.7660229,2.0,486.5920766169777,63.42129207501946,3776,0.0573588976289149,3681,1,98,0.9748411016949152,0.0002648305084745,0.0259533898305084,True,2205.0,26.49289148121168,0.9249238309243628,2392,1024,0.2997658079625293,0.414213562373095,0.2989350844248255,0.4852813742385704,0.1152784779482695,intact
325,329,28.228606479485165,26.471093397285863,1.0,24.7660229,2.0,505.92610423188216,69.5365158967386,10154,0.1542431796938564,8507,146,1511,0.8377979121528462,0.0143785700216663,0.1488083513886153,True,2548.0,28.47900261589753,1.0412855163759875,2560,495,0.1620294599018003,0.414213562373095,0.2817290466902531,0.414213562373095,0.1324845156828418,cohesive
277,279,33.40013673632612,35.64446856574113,1.0,24.7660229,2.0,671.8623568412975,83.40423870548543,2816,0.0427761270452924,2016,10,794,0.7159090909090909,0.0035511363636363,0.2819602272727273,True,1220.0,19.70629496237749,0.5708279416230502,1506,842,0.358603066439523,0.3851040526300558,0.2572842744474721,0.2286497509725448,0.1278197781825837,cohesive
278,285,57.06931329903934,61.042041869484365,18.46975591711388,457.4223980006527,19.46975591711388,1225.3355472330652,88.54054200807872,2298,0.0349075070845461,2113,185,0,0.9194952132288948,0.0805047867711053,0.0,True,1086.0,18.592593589803357,0.3148316021482449,1086,0,0.0,,0.1630895305044822,0.4483652282728929,,intact
280,286,33.81754955360479,33.39235957204234,1.0,24.7660229,2.0,603.1790381531794,42.771402871009215,3698,0.0561740475189955,3502,175,21,0.946998377501352,0.0473228772309356,0.0056787452677122,True,1610.0,22.637997189590404,0.6736505817101842,1962,98,0.0475728155339805,0.414213562373095,0.3154754158606446,0.4045372666182638,0.0987381465124504,intact
280,323,33.81754955360479,30.89445563054656,1.0,24.7660229,2.0,567.4404299220946,68.83891113484489,4037,0.0613235883813372,3451,319,269,0.8548427049789448,0.0790190735694822,0.0666336388407233,True,340.0,10.403141895720198,0.3215212344638653,623,298,0.3235613463626492,0.3797958971132712,0.3090169943749474,0.3956439237389599,0.0707789027383238,cohesive
284,341,35.32685141397506,24.396169889881307,1.0,24.7660229,2.0,524.0722462426529,62.4203628513302,1426,0.0216614904710891,857,361,210,0.6009817671809257,0.2531556802244039,0.1472650771388499,True,129.0,6.407961869245868,0.2145893402359435,148,620,0.8072916666666666,0.4045372666182638,0.25,0.387425886722793,0.1545372666182638,cohesive
285,435,61.042041869484365,38.09354879990975,29.42787793912432,728.8114989387577,30.42787793912432,1223.644984538243,86.327329879749,3148,0.0478193352054618,1199,1949,0,0.3808767471410419,0.6191232528589581,0.0,True,349.0,10.539931227391522,0.2126366758138556,444,0,0.0,,0.0403034660769988,0.1649284179430896,,intact
371,406,32.14880401892912,35.1279998847818,5.414213562373095,134.08853707122265,6.414213562373095,1215.9555952595008,79.82911988671125,87,0.0013215635841407,57,30,0,0.6551724137931034,0.3448275862068966,0.0,True,5.0,1.2615662610100802,0.0375037513023264,5,0,0.0,,0.2857142857142857,0.4317655760126982,,intact
371,445,32.14880401892912,29.1043329764232,88.10221336606703,2181.941433764702,89.10221336606703,1253.3713761111028,16.70584711430709,86,0.0013063731981161,47,39,0,0.5465116279069767,0.4534883720930232,0.0,False,2.0,0.7978845608028654,0.0260520391262052,4,0,0.0,,0.0112180652674666,0.022211007437331,,intact
334,337,49.91889762711288,45.43784247088081,42.42106569301658,1050.601084395653,43.42106569301658,1226.3182275331185,67.53592127009158,462,0.0070179583433682,155,307,0,0.3354978354978355,0.6645021645021645,0.0,True,,,,0,0,,,0.1968304406471232,0.2058200856669654,,intact
334,452,49.91889762711288,34.29602274657371,97.615420868367,2417.545748619116,98.615420868367,1251.738237483262,23.29221818935337,214,0.0032507426092658,81,133,0,0.3785046728971962,0.6214953271028038,0.0,True,,,,0,0,,,0.0896852303722009,0.0898569464826393,,intact
406,447,35.1279998847818,37.96285899946916,32.55764119219941,806.3232873359939,33.55764119219941,1220.2342149003744,73.07744805421666,653,0.0099193220740681,544,109,0,0.8330781010719756,0.1669218989280245,0.0,True,182.0,7.611333607551958,0.208270465657149,211,0,0.0,,0.0555900591434185,0.125459212470093,,intact
292,310,59.46250142215923,60.33957932937884,27.0356688476182,669.5659937969289,28.0356688476182,1226.8666879307716,89.5863298064736,408,0.0061976774980395,63,345,0,0.1544117647058823,0.8455882352941176,0.0,True,,,,0,0,,,0.4534927947628635,0.4877252632729445,,intact
293,308,32.15881020743967,31.17790228842765,9.273618495495704,229.67064802531016,10.273618495495704,409.87357894445313,84.7999164701716,5354,0.0813293267757442,1312,4042,0,0.2450504295853567,0.7549495704146433,0.0,False,78.0,4.982787485166879,0.1573427886864827,78,0,0.0,,0.0978517197296772,0.3142184082857886,,intact
458,461,29.24401571972457,30.88653309819186,28.073972741361768,695.2806518065413,29.073972741361768,1216.9164737179208,44.36836995317766,286,0.0043444504030375,232,54,0,0.8111888111888111,0.1888111888111888,0.0,True,,,,0,0,,,0.1931520846999846,0.101217125814351,,intact
308,309,31.17790228842765,31.15930792791533,1.0,24.7660229,2.0,377.1718643387671,36.45399447321117,1315,0.0199753576223578,533,782,0,0.4053231939163498,0.5946768060836501,0.0,True,102.0,5.698035485213008,0.1828132977217883,104,0,0.0,,0.2402530733520421,0.3516287047744073,,intact
308,407,31.17790228842765,19.667576904026934,1.0,24.7660229,2.0,405.66158326026346,88.41697424133626,581,0.0088256142802964,319,262,0,0.5490533562822719,0.4509466437177281,0.0,True,87.0,5.262410103554244,0.2069961847988712,116,0,0.0,,0.2553967929896867,0.3797958971132712,,intact
309,338,31.15930792791533,26.168167856740794,1.0,24.7660229,2.0,335.546474832886,66.5417783020154,687,0.0104357951989048,678,9,0,0.9868995633187772,0.0131004366812227,0.0,True,403.0,11.32602684669552,0.3951343292783515,517,0,0.0,,0.3090169943749474,0.3516287047744073,,intact
310,443,60.33957932937884,25.10563337598954,63.0,1560.2594427,64.0,1238.1031329838625,63.17419561616377,917,0.0139295839845643,491,426,0,0.5354416575790621,0.4645583424209378,0.0,True,20.0,2.5231325220201604,0.0590584877053418,60,0,0.0,,0.021443390264914,0.0746988393750833,,intact
421,441,19.801414371001805,40.0082756823312,1.0,24.7660229,2.0,316.8172132978288,76.4909875822239,1727,0.0262337966644957,1167,560,0,0.6757382744643892,0.3242617255356109,0.0,True,28.0,2.985410660720923,0.0998303337823284,117,0,0.0,,0.2817290466902531,0.4045372666182638,,intact
441,446,40.0082756823312,22.542527753680595,1.0,24.7660229,2.0,313.1683932043579,87.49707417171834,3297,0.0500827027231282,2415,882,0,0.732484076433121,0.267515923566879,0.0,True,21.0,2.5854414729132054,0.0826669309070685,28,0,0.0,,0.3090169943749474,0.4270509831248423,,intact
370,371,38.51743392797106,32.14880401892912,2.146264369941973,53.15443253543696,3.146264369941973,1214.790925037185,74.5249373767546,835,0.0126839723305465,560,275,0,0.6706586826347305,0.3293413173652694,0.0,True,14.0,2.111004122822376,0.0597457621674616,79,0,0.0,,0.1659813429084565,0.356789172325331,,intact
370,447,38.51743392797106,37.96285899946916,29.829390832507748,738.755376450937,30.829390832507748,1219.0695446780585,69.70261549610184,2174,0.0330238992174949,802,1372,0,0.3689052437902484,0.6310947562097516,0.0,True,2.0,0.7978845608028654,0.0208651021135562,5,0,0.0,,0.2528959249240452,0.2485821292464642,,intact
427,435,29.4810416657847,38.09354879990975,86.09878047916823,2132.324369009153,87.09878047916823,1254.5246732418393,19.455360286302763,318,0.0048305427558249,221,97,0,0.6949685534591195,0.3050314465408805,0.0,True,776.0,15.716503163191918,0.465160145400236,897,0,0.0,,0.0114560386862617,0.0251929345894617,,intact
429,435,27.74852841276416,38.09354879990975,90.38252043398656,2238.415570827829,91.38252043398656,1254.2045055834528,29.053392631670043,54,0.0008202808453287,49,5,0,0.9074074074074074,0.0925925925925925,0.0,False,4.0,1.1283791670955126,0.0342753210367522,144,0,0.0,,0.0108806178650499,0.0261934370634315,,intact
