bead_id,voxels,volume_mm3,r_eq_vox,cz,cy,cx,r_fit_vox,fill,roughness,sphericity,radius_ok,shape_ok,scan
1,233058,3.540240986122788,38.176121305216235,41.13387225497516,43.36722618404002,40.47194689733886,37.69806938290793,1.038527683199591,0.019351009635922355,0.9633249737092008,True,True,1
2,232795,3.5362459145983167,38.16175564084514,39.95682467406946,41.07082626345068,40.591009257071676,37.71770783684994,1.0357362167972668,0.01374389693920861,0.9840245071746211,True,True,1
3,236894,3.5985113069131796,38.38443484316475,40.105574645199965,40.086093358210846,40.490096836559815,37.952922648788125,1.034498286994091,0.013906442966849921,0.9921929009872913,True,True,1
4,229774,3.4903557584179796,37.995960291012764,40.55356132547634,39.940389252047666,39.80508238530034,37.54999747948,1.0360543507496631,0.01491555249049254,0.9822958598343746,True,True,1
5,225484,3.425189002372417,37.75800506399018,40.63546415710206,41.06884302212131,41.7510510723599,37.32385153838426,1.035303688493218,0.016153923036716176,0.9778495611577873,True,True,1
6,217712,3.3071293221891738,37.31910782869313,38.811342507532885,39.6631421327258,39.494070147718084,36.88751748565109,1.0355128034047254,0.020176556239041726,0.988896273137261,True,True,1
7,223951,3.401902140596695,37.67224185229094,38.90772088537225,39.603533808734944,39.80225138534769,37.239901619872775,1.0352347025409645,0.013434333494696702,0.9924259932402539,True,True,1
8,215480,3.273224380582252,37.19113672578409,39.52055411175051,39.47484685353629,39.658682940412106,36.75101021040155,1.036359691860115,0.013656218502408028,0.9821816771611873,True,True,1
9,215832,3.278571396462913,37.21137705453227,39.0471709477742,38.545484450869196,39.84837280848067,36.77773021322407,1.0357917744565681,0.01410916602955183,0.985381811832275,True,True,1
10,215848,3.278814442639307,37.21229654642295,38.83503669248731,39.38281105222193,39.736592416885955,36.77988945779294,1.0356861313565795,0.013905311723674374,0.9852931657015098,True,True,1
11,228056,3.4642586752277054,37.90102580577107,39.62136931280037,40.30348247798786,41.48033377766864,37.46554941143641,1.0352770255193713,0.01467055809524798,0.9832232105000551,True,True,1
12,230762,3.5053638598102914,38.050341742819775,39.9105701978662,40.65577954775916,40.40423466601953,37.615896939946836,1.035050213544604,0.015601756687984138,0.9821373476044741,True,True,1
13,214886,3.2642012912836353,37.15693112928137,38.63293094943365,40.958619919399126,41.37721861824409,36.683566345909306,1.0392136919629524,0.028381558380528964,0.9771288710129002,True,True,1
14,226515,3.4408502903637865,37.81546563979587,39.21258194821535,40.7325960753151,40.28912875527007,37.37089237788422,1.0361149780595864,0.014825581688009551,0.9869435019180628,True,True,1
15,220500,3.3494801184257774,37.47773432074183,40.432312925170066,40.352698412698416,38.265473922902494,37.0359081522637,1.036217659377682,0.014676452931336714,0.9790635996207929,True,True,1
16,209177,3.1774793774691554,36.824916740523015,38.77937822992011,39.58124937254096,38.40176979304608,36.41613944342997,1.0340549327838078,0.014347400723049342,0.980192385946986,True,True,1
17,221556,3.365521166067762,37.53746746694122,39.74980591814259,40.226615392948055,39.711571792233116,37.09307857342265,1.0363734245994434,0.014613531703881457,0.9791773483348588,True,True,1
18,215471,3.27308766710803,37.19061892847769,39.09339075792102,39.53129655498884,39.924936534382816,36.732116085335655,1.0379163980963866,0.01628144152341476,0.9793229655606169,True,True,1
19,208389,3.1655093532817657,36.778616957371504,39.0889298379473,38.92988593447831,39.104520872022995,36.33468269804144,1.037103417660062,0.014598427588240913,0.9824334114652602,True,True,1
20,219064,3.327666724094442,37.39619950520207,40.04609611802943,39.022335938355916,40.619618011174815,36.95831970061596,1.0359665917422292,0.014851328812096025,0.9818939316368207,True,True,1
21,217509,3.3040456738261788,37.30750513840562,38.99337498678216,40.98095710982074,40.10831275947202,36.8590124590271,1.0369493331892372,0.015371748684701961,0.9775556249815828,True,True,1
22,224048,3.403375608041082,37.67768006571521,41.97592926515747,37.9105905877312,40.25576662143826,37.22999905364192,1.036509737967915,0.030181655524628856,0.946710117948742,True,True,1
23,218236,3.315089084466068,37.349024330967524,39.178251984090615,39.60603200205282,39.411985190344396,36.90766683005949,1.0363059914929187,0.014063073536259059,0.9861789751754656,True,True,1
24,210734,3.2011308085094683,36.91605920266988,38.59510567824841,37.975798874410394,40.1404756707508,36.508197497338045,1.0338911733375091,0.01659943762792636,0.9852210299787196,True,True,1
25,205000,3.1140291350443734,36.57815118294395,38.83267317073171,39.44649756097561,39.452663414634145,36.126824154391265,1.0379487165233365,0.014187403580576187,0.9759925122373637,True,True,1
26,220429,3.34840160101803,37.47371133542185,39.36224816153954,39.61995926125873,40.16621224974935,37.03156482151521,1.0362485327291195,0.016118564699637624,0.9808714048006152,True,True,1
27,210624,3.1994598660467615,36.90963487425837,38.431066735034946,40.13857395168642,38.39292768155576,36.46507020460303,1.0370222746587239,0.014860814447312904,0.9864693913001886,True,True,1
28,212942,3.2346711808518,37.044542858068375,38.7910886532483,39.160823134938155,39.68119487935682,36.592745027617134,1.03749915268412,0.01584738012586225,0.9801840320028619,True,True,1
29,213148,3.2378004003728686,37.056484633061416,43.51810009946141,39.95445887364648,40.37245951170079,36.616825059104144,1.0364553489088733,0.024205422150615157,0.973546859058208,True,True,1
30,221176,3.3597488193784115,37.515994490235144,39.55676474843563,39.54486924440265,39.99727818569827,37.08196314439718,1.035526545540042,0.01561614482212253,0.9851503649623945,True,True,1
31,206067,3.130237276932629,36.6415030022981,37.975459437949795,38.12089757214886,37.79272275522039,36.215126619134985,1.035737773517686,0.014116513861928456,0.9904135823031103,True,True,1
32,207808,3.156683739001469,36.744404873231424,39.39041326609178,39.65762627040345,39.444203303048965,36.300611670637025,1.037126722126951,0.01471809871823661,0.9843161192075536,True,True,1
33,211526,3.213161594240957,36.96224850206859,39.38903491769333,39.75157663833288,38.06840293864584,36.520971638329414,1.0366882528447765,0.014549822835523812,0.9882064820801603,True,True,1
34,208105,3.1611952836507773,36.761901622413504,39.619691982412725,39.93954974652219,39.45786021479542,36.29451710805485,1.03913228409543,0.021664358219764,0.9640926431843864,True,True,1
35,222908,3.38605856797303,37.61366757398905,39.7399689558024,38.81142893032103,40.340943348825526,37.15429020014926,1.037552638701291,0.031692409402456746,0.9786553892090273,True,True,1
36,211534,3.2132831173291536,36.962714471989216,39.66460238070476,42.436917942269325,39.21696275775998,36.52087004942176,1.036736112335815,0.024360029724289675,0.9610824174371099,True,True,1
37,213715,3.246413349248821,37.08931381533465,38.58004819502609,37.78473668202981,40.339068385466625,36.586498748456734,1.041798780030383,0.03256343777384439,0.9598184858149796,True,True,1
38,211831,3.217794661978462,36.98000529745803,39.470988665492776,38.88369974177528,39.380940466692785,36.54189428869684,1.0364007924162537,0.015618222869348903,0.9808980203034046,True,True,1
39,210367,3.1955559368384376,36.894616584303435,38.63159621043224,38.751134921351735,39.954413002039296,36.459757860990905,1.0362097255321288,0.01534728893360576,0.9815824900856667,True,True,1
40,207981,3.159311675783726,36.75459860791774,37.863155769036595,39.20967780710738,38.73718753155336,36.31763533349347,1.0365311594118216,0.015188690391555279,0.9863693897645255,True,True,1
41,209159,3.1772059505207126,36.82386043013312,38.77873292566899,39.33673425480137,39.503172227826674,36.388340410435234,1.0363374701216304,0.014998348486063325,0.9921593376996859,True,True,1
42,228365,3.468952504509309,37.918135830746046,40.36768769294769,39.96958378035163,40.04056663674381,37.46534665877645,1.0366965846108964,0.01676241339270836,0.981462639093678,True,True,1
43,198749,3.019074032004557,36.20251823513549,38.204252600013085,39.304212851385415,37.88950887803209,35.78052093531043,1.0358010934186046,0.014887209733805442,0.9897518078774722,True,True,1
44,209159,3.1772059505207126,36.82386043013312,38.58170100258655,38.68410634971481,39.56766383469036,36.38366111744856,1.0367373708081604,0.014687591350905273,0.989173034166046,True,True,1
45,198408,3.013894110370166,36.181801777482896,40.486311035845326,38.6442834966332,39.08854985686061,35.74348445738687,1.0372415550555223,0.01813352251305886,0.967564889758028,True,True,1
46,218526,3.3194942964132035,37.36556059286625,39.24797049321362,39.113830848503156,39.67851422714002,36.93290006283119,1.035557633539415,0.01598929899992955,0.9867963588679921,True,True,1
47,201379,3.0590247472492726,36.361505547170125,38.07121397961058,38.8677617825096,38.222848459869205,35.9167960127673,1.0376067927963486,0.015560358294451997,0.9830473532362759,True,True,1
48,208337,3.164719453208486,36.775557539359454,39.134114439585865,39.17758727446397,38.19971968493355,36.25926157728358,1.0433281629454394,0.02640916254947392,0.9668296669999447,True,True,1
49,200253,3.0419203725855652,36.29360769703338,39.297418765261945,38.73032114375315,38.64840476796852,35.856323696268504,1.0370343506428916,0.014497276043739982,0.985575458175953,True,True,1
50,195691,2.9726218315413098,36.0158841820228,39.147799336709404,37.756442554844114,37.887956012284675,35.57016901966696,1.0380647809368808,0.01824748214878482,0.9891161274539336,True,True,1
51,198667,3.017828420350539,36.19753873024553,38.82540633321085,38.26974786955056,38.191209410722465,35.764566939854674,1.0367599505603777,0.014940324913498775,0.9905233729596497,True,True,1
52,200445,3.04483692670229,36.30520327329826,38.35842749881514,38.75941031205568,51.97694130559505,35.8698632061219,1.0368536404007125,0.059449862327619764,0.989853905687318,True,True,1
53,198171,3.010293988882334,36.167389550109036,38.08811077301926,38.16803164943408,37.81556837276897,35.73147375038042,1.0370476321965643,0.016037636975229745,0.9871778093651231,True,True,1
54,197526,3.000496189896463,36.12810811952996,39.076536759717705,39.45866873221753,38.329318671972295,35.68802702069372,1.0374520726713985,0.01992398829472922,0.991160187000653,True,True,1
55,204174,3.1014818761880485,36.52895732365634,38.701818057147335,39.143343422766854,39.321025203992676,36.095081795633035,1.036496254232617,0.014890298873542313,0.9866250308441604,True,True,1
56,190237,2.889773466163105,35.67813351871439,38.14184412075464,37.60844630644932,37.29906379936605,35.25247718095622,1.0366626673628794,0.014264138510316469,0.9888968806712616,True,True,1
57,197605,3.001696230392407,36.13292392458288,41.586245287315606,41.17591660130057,38.76220237342172,35.69448326799561,1.0373039274884446,0.02101607590732869,0.9833184708167653,True,True,1
58,195124,2.9640088826653574,35.981066091396464,37.98859186978537,37.941165617761015,38.84855271519649,35.56750737944286,1.0352894542111575,0.016015392431271393,0.982292158353862,True,True,1
59,211702,3.2158351021812877,36.97249712763021,39.077783866000324,39.67044713795807,38.81459787814948,36.52745528539491,1.0369984285075076,0.015630863043621823,0.9850041910632482,True,True,1
60,203663,3.093719588929474,36.49845737206816,38.68426763820625,38.99565949632481,38.75810530140477,36.05752513328232,1.0371361753109234,0.015552479701907256,0.9832752699192968,True,True,1
61,201061,3.054194204493448,36.342355833592684,40.30436534186143,38.573537384176944,38.58753313670975,35.918562603027766,1.035815446209696,0.016597553893865684,0.9777033081165911,True,True,1
62,216042,3.2817613775280807,37.22344177174809,41.76222216050583,206.6113996352561,42.909235241295676,44.89447917356788,0.5699946336541645,1.1575573371200527,0.43880508776454624,True,False,1
63,201713,3.064098336181491,36.38159707401594,38.54685617684532,39.33488669545344,38.22051627807826,35.96011777063245,1.0355759670011748,0.015406180154478156,0.9835177147957275,True,True,1
64,200344,3.0433026977138047,36.29910444056493,38.01482450185681,39.61661941460687,39.22900111807691,35.85537490709851,1.037587969366762,0.015116870326260813,0.9849749550902379,True,True,1
65,193660,2.9417701575253337,35.89085239027404,37.82406795414644,38.249225446659096,37.4679386553754,35.46818018764646,1.0361785551178209,0.015173073787767478,0.9831310608746162,True,True,1
66,192191,2.919455480455186,35.799872429052826,38.08871383155299,38.980363284441,37.6323657195186,35.3564687908947,1.0380966426506715,0.016469320432714457,0.9849510787859105,True,True,1
67,215485,3.273300332512375,37.19142438472435,38.97648560224609,40.569004803118546,39.68603383066107,36.77065942759324,1.0347231833378305,0.025138240025612286,0.9651226251323618,True,True,1
68,200188,3.040932997493966,36.289680432038686,39.26639458908626,38.52873299098847,37.7154524746738,35.80562312627502,1.041107854390957,0.14460395927181652,0.9320046479259021,True,False,1
69,194114,2.948666592780505,35.91887698740058,38.21721256581184,38.22120506506486,37.882615370349384,35.49959085089608,1.03585318736717,0.015705726700875843,0.9823240378800837,True,True,1
70,192324,2.921475801796459,35.808128599791246,37.38452819200932,38.14274869491067,37.6799983361411,35.38417326104251,1.0363768774835123,0.01649478203766494,0.9848721632559101,True,True,1
71,218608,3.3207399080672215,37.3702337100315,39.0339283100344,40.15540144916929,40.27498536192637,36.9303241376676,1.0361630074419435,0.01660530412309852,0.985882998797213,True,True,1
72,195770,2.9738218720372536,36.020730039457874,37.235633651734176,38.58898707667161,38.322327220718186,35.59830625990254,1.0360233085638972,0.01598493825904874,0.9858636828433152,True,True,1
73,193306,2.936392760872623,35.86897020639723,38.710650471273524,37.97572760286799,37.795681458413085,35.43880923676749,1.0368581892924835,0.015452966321761602,0.9869021889585352,True,True,1
74,204704,3.1095327807810897,36.56053760889166,40.70508636861029,38.771084101922774,38.30648155385337,36.11320245970708,1.0376232914475954,0.02622921111915368,0.9589250765410331,True,True,1
75,189568,2.879611097912643,35.63626170356105,38.045292454422686,40.188734385550305,37.90324843855503,35.21062237489047,1.0367052884870331,0.015618823684689982,0.9800475695731277,True,True,1
76,190659,2.8961838090654886,35.704495465621314,39.3816866762125,36.82808574470652,37.15191519938739,35.268381813069965,1.037557323487567,0.016342711505237334,0.9793890901681794,True,True,1
77,190507,2.8938748703897486,35.69500465363084,38.51847963591889,38.34729432514291,38.236894182366,35.26328461233713,1.0371797801989964,0.015114667909428335,0.9913479094988965,True,True,1
78,190467,2.893267254948764,35.69250623252706,40.87173631127702,37.169866696068084,37.48432536869904,35.27300593230862,1.0361048767378584,0.025033039156402946,0.9821314778846145,True,True,1
79,188981,2.8706943413161987,35.599440942140745,37.186685433985424,37.945804075541986,38.458591075293285,35.178917049320376,1.036291976246198,0.015333318971068608,0.9898539684401705,True,True,1
80,209304,3.1794085564942804,36.83236787562156,39.069458777663115,39.22696651760119,41.17041719221802,36.397047959617026,1.0363117828348212,0.016169552346409127,0.9839591804964063,True,True,1
81,205276,3.118221681587165,36.594559381996895,40.46483271303026,38.987363354702936,38.425066739414255,36.17178946126292,1.0354749192595567,0.01758454007127513,0.9873575467415393,True,True,1
82,189963,2.8856113003923625,35.660996113377536,37.7092433789738,38.602585766701935,38.44829782641883,35.23656515668625,1.0365725629641693,0.014771679747904833,0.991230714460037,True,True,1
83,198023,3.0080458117506925,36.15838368018953,38.26066164031451,37.49760381369841,38.4931649353863,35.737758951799826,1.0357264820944616,0.015956380918441357,0.9917028379981827,True,True,1
84,193349,2.9370459474716806,35.87162963647016,38.47089459992035,38.22942968414628,41.01475052883646,35.44860010047255,1.0362297424592273,0.01528347416800801,0.9907653564073724,True,True,1
85,189492,2.8784566285747726,35.631498737400875,37.81840394317438,36.9011937179406,38.65173727650772,35.201977576048364,1.0370533158374944,0.01896731575106778,0.9786115641461249,True,True,1
86,196638,2.987007127106612,36.073887483353026,37.871210040785606,39.22769251111179,41.14820126323498,35.63617830548425,1.037302606758105,0.021791554806991235,0.9832030089835423,True,True,1
87,199148,3.025134996028375,36.22672825092537,39.939607728925225,37.41013718440557,39.81148191294916,35.787304874169266,1.0372904049476854,0.019361262543231478,0.9699997840571272,True,True,1
88,285894,4.342840222118908,40.86694223055009,42.69066157387004,52.991608778078586,76.15536527524188,47.976694893151375,0.6180526219258666,0.33226647127196074,0.39226185490700083,True,False,1
89,215733,3.2770675482464773,37.20568668774677,38.730847853596806,39.63482638261184,40.14987507706285,36.75099509384752,1.037577785834822,0.018443003600600617,0.9776480242773967,True,True,1
90,195778,2.9739433951254504,36.021220686501465,37.7641665559971,39.68980171418648,37.48682180837479,35.58342070012382,1.0373664363452677,0.01600615128027856,0.9807179787886167,True,True,1
91,188760,2.8673372660047605,35.58555851434374,36.597292858656495,38.80279190506463,38.23429222292859,35.150130922948414,1.0376252188546093,0.016563474512490215,0.9838703623627503,True,True,1
92,190605,2.89536352822016,35.70112430767417,38.1386217570368,37.27175572519084,37.040287505574355,35.27667069565013,1.0365324591963663,0.017604255000948702,0.9756988129745957,True,True,1
93,194560,2.9554415049474794,35.94636524280188,37.90618832236842,38.26768092105263,38.49895148026316,35.521874145332006,1.0362805205959065,0.018069020869856733,0.9883859628495186,True,True,1
94,185314,2.814991195763966,35.3676773828691,36.80650679387418,38.030003129822894,38.75024013296351,34.94416527542696,1.0368014807151087,0.01544607883119641,0.9876883982372502,True,True,1
95,212740,3.2316027228748294,37.0328254810883,39.513312024066934,39.0044138384883,39.03512268496757,36.719004587890524,1.0258594118461577,0.028493048486949907,0.9590911809968405,True,True,1
96,185924,2.824257331238976,35.40644159622581,36.96195219552075,38.0,37.62602999074891,34.98307234670377,1.036747508513047,0.014962916498620436,0.9914316980025468,True,True,1
97,183318,2.784671185258851,35.2402380725423,36.84565618215342,37.825505405906675,37.12472861366587,34.82482119789569,1.036214858106407,0.015636324110076857,0.9787499256170488,True,True,1
98,189398,2.87702873228846,35.62560593829324,37.81259569794823,37.90962417765763,37.106986346212736,35.20052113255883,1.0366675395423972,0.016020594240446114,0.9838710857456106,True,True,1
99,196932,2.9914731005978465,36.091856952885955,40.23360855523734,39.983715191030406,38.72117279060792,35.63096036037203,1.0393099811600899,0.025267978481373438,0.9649648943945692,True,True,1
100,199212,3.0261071807339497,36.230608551483336,38.0214444912957,38.795127803545974,37.798425797642714,35.8412133875829,1.0329487491845566,0.017958858821687736,0.9734279309582639,True,True,1
101,184324,2.7999527135996054,35.304583502745814,36.53792235411558,37.401890149953346,37.12919098977887,34.878549254032976,1.0370938040343796,0.014167604797443107,0.9896510800540165,True,True,1
102,187058,2.8414832289908802,35.47828017883481,37.79050882613949,37.88266740796972,36.956671192892045,35.0526758460048,1.0368696136241053,0.015620777337566703,0.9881483599277415,True,True,1
103,191599,2.910462771928619,35.76307687605448,37.470096399250515,38.60780588625202,38.336651026362354,35.342285610666174,1.036145468843945,0.015789778351370857,0.9832389395700308,True,True,1
104,187541,2.848820185440765,35.508789934381475,37.90881460587285,38.37947968710842,38.43881071339067,35.0893807487231,1.0362880887022392,0.018455833870890424,0.9708736039874821,True,True,1
105,215717,3.2768245020700832,37.204766869106216,38.996615936620664,45.50521748401842,39.48021250063741,36.8274851391618,1.0310496372033415,0.025555359225096292,0.9720511822481702,True,True,1
106,199014,3.0230994843010777,36.218601178302244,38.87731516375732,38.91804094184329,38.89366577225723,35.772863917770536,1.0378483233252755,0.0215461132525367,0.973462491315963,True,True,1
107,187236,2.84418711770326,35.48953004397304,36.911859898737426,38.86662821252323,37.518046743147686,35.07358286855687,1.0360014123283001,0.015662251387090435,0.9815174893298629,True,True,1
108,195353,2.9674874810649925,35.995136533514525,37.586000726889274,38.87842009080997,38.756538164246265,35.59392954706896,1.0341979349152448,0.017694605996065545,0.9878596864355624,True,True,1
109,189314,2.8757527398623925,35.62033838281554,37.49389902490043,39.382718657891125,38.38982853882967,35.199837693401896,1.0362681247359264,0.015405938422600489,0.9933660622092085,True,True,1
110,186112,2.827113123811602,35.4183715043264,37.33955897524071,39.17565766850069,37.45889034559835,34.97859711545644,1.0381942161425042,0.015504753837047993,0.9950061503036078,True,True,1
111,188957,2.8703297720516083,35.59793387220019,38.22591912445689,39.817260011537016,37.848769825939236,35.18170341081827,1.0359142007762479,0.01667608297428464,0.9872628637248134,True,True,1
112,190732,2.897292707245285,35.70905175999643,37.694849317366774,37.77683870561835,37.63311347859824,35.31387408972289,1.033948388847885,0.01755685488473348,0.9791307967208973,True,True,1
113,247035,3.752557011588716,38.924522451762186,61.561576294857005,44.28899143846014,42.382358775072355,39.70724401322682,0.9420211315547565,0.23926592441762146,0.6204696851801723,True,False,1
114,186137,2.827492883462217,35.419957322979194,40.77060981964897,37.90036908298726,37.926822716601215,34.98010891048274,1.0381990539073445,0.021138501415597737,0.9879284613293162,True,True,1
115,200548,3.0464015364628243,36.31142076539264,37.07871930909309,38.449967090172926,38.84897381175579,35.881848766353365,1.0363472318455773,0.02230192865229178,0.9780723619844298,True,True,1
116,182039,2.765242681533379,35.15809030206821,36.628184070446444,38.80153703327309,37.145996187630125,34.71047864839624,1.0391877635153588,0.017828827424638448,0.9728604469912496,True,True,1
117,192552,2.924939209810069,35.82227318428509,37.788722007561596,38.30611990527234,37.77624745523287,35.402780926718904,1.0359702683087193,0.016178092548502453,0.9917182466670282,True,True,1
118,189020,2.8712867663711585,35.60188965868046,37.45839064649243,38.76365993016612,37.81046979155645,35.173040447122325,1.0370254510916794,0.01612236833049147,0.9867773522088947,True,True,1
119,184386,2.800894517533131,35.30854145866807,38.16978512468409,37.23922640547547,37.02393891076329,34.87931495195344,1.0373743225414287,0.014384374459410485,0.9882765743995602,True,True,1
120,186510,2.8331588974493958,35.44360089188017,38.874961128089645,38.84964345075331,38.13856093507051,35.0116389044692,1.0374715370903775,0.0164221497676142,0.9760519249406647,True,True,1
121,187576,2.8493518489516263,35.51099874977361,37.083592783724995,37.93897940034972,38.03354906811106,35.081165393003204,1.0372098313883045,0.026021334679110646,0.9811465118298618,True,True,1
122,191720,2.9123008086375965,35.770603744981486,38.581921552263715,38.90891404131025,38.669648445649905,35.35151977637057,1.0359875681797504,0.01828946085684189,0.9782004965430233,True,True,1
123,188644,2.865575181225906,35.57826747340295,38.130748923898985,37.54968618137868,37.945256673946695,35.181147989171386,1.034247231685294,0.01770961784620933,0.980915603724976,True,True,1
124,188914,2.86967658545255,35.595233386052044,38.26122468424786,40.732248536371046,38.109854219380246,35.153494896632296,1.0381736686427159,0.017111562962315897,0.9877226862034983,True,True,1
125,184937,2.8092644202326893,35.343677277628494,36.714892098390266,37.709360484921895,37.20010057479033,34.92843896028565,1.0360904482723055,0.015354179012425195,0.9835276265434598,True,True,1
126,190124,2.8880569525423243,35.6710678977465,38.802392123035496,37.915381540468324,38.06180703120069,35.25050276751668,1.0362209935790179,0.018246948761917497,0.9845252038402618,True,True,1
127,196935,2.9915186717559203,36.09204022261197,38.32473151039683,37.75635615812324,38.34747505522127,35.664741253987756,1.0363753273599836,0.016298663808732666,0.9886001977435942,True,True,1
128,188979,2.8706639605441495,35.59931535785264,38.408839077357804,38.18710015398536,37.558024965736934,35.17382454734067,1.0367311757057658,0.0171471972694464,0.9821309758207183,True,True,1
129,206696,3.1397920297421065,36.67874670614986,38.09267233037892,39.25129175213841,39.30621298912413,36.25266302508848,1.0356755419855572,0.017043828351528692,0.9895087246362699,True,True,1
130,188246,2.859529407588113,35.553228916691005,36.682208386898,37.9543629081096,37.73185087598143,35.13358664599284,1.0362622682106182,0.015210711433374989,0.9885592407751325,True,True,1
131,187475,2.847817619963141,35.504623991806454,38.71882117615682,37.16930257367649,37.107160954793976,35.080943385451214,1.0366710286718068,0.017912979037786755,0.9929895800231084,True,True,1
132,177965,2.7033570488691314,34.89383179332441,36.64714972045065,36.965487595875594,36.797241030539716,34.453423119291145,1.0388404615087856,0.014713601462607844,0.9894082544454532,True,True,1
133,186052,2.8262017006501257,35.41456496006044,37.37985079440156,38.28562444907875,38.33503536645669,35.009502909880965,1.035113327788798,0.015796445784106748,0.9848639657946261,True,True,1
134,188729,2.866866364037998,35.5836103390425,37.37802351519904,37.32761260855512,38.21562663925523,35.14566188914166,1.0378506207106426,0.01443143010243888,0.994811177385662,True,True,1
135,192717,2.9274456235041293,35.83250243416814,37.861019007145195,38.79933788923655,38.37619410845956,35.428369820079205,1.0346129471278862,0.017034877179632882,0.9879013330675083,True,True,1
136,188575,2.8645270445902082,35.57392914331245,38.20728622563966,38.45421185204825,38.171507357815194,35.14465779154288,1.037092635788139,0.015317038560269858,0.9832447999917071,True,True,1
137,187608,2.8498379413044135,35.51301799769891,38.4600176964735,44.406341947038506,37.78577139567609,35.07674487419533,1.0377790337651769,0.04096089109018686,0.9678844539131793,True,True,1
138,196497,2.9848652826771427,36.065263117149435,38.37455024758648,38.47579861270147,38.33276335007659,35.6449140985826,1.035796877829229,0.022171461294807765,0.9761387756193274,True,True,1
139,184697,2.8056187275867837,35.32838170031564,38.70420743163127,36.8950605586447,38.600101788334406,34.92119216607107,1.0353901935468879,0.021100230451804907,0.976538718226809,True,True,1
140,202604,3.077632970129416,36.43508625717767,37.82251584371483,38.97322856409548,39.146157035399106,36.046921122532105,1.0326541088189694,0.0201089802520765,0.9736697235198123,True,True,1
141,177547,2.6970074675108457,34.8664911063563,36.954552878955994,37.06418582121917,37.39121472060919,34.443781096278485,1.0372710757446952,0.013874244527931233,0.9935469001804268,True,True,1
142,188728,2.8668511736519733,35.583547491126204,39.52937031071171,38.19389279810097,37.27203700563774,35.185770032757645,1.0343000569036809,0.017302318446157594,0.9814408174791261,True,True,1
143,183246,2.783577477465079,35.23562381499209,37.319324842015654,38.16091483579451,37.87599183611102,34.82290152086323,1.03597918616666,0.014998920719218645,0.9938540845553826,True,True,1
144,181305,2.7540929381913175,35.11077296826001,37.89834257190921,38.820964672788946,37.055436970850224,34.6762453539357,1.0380660086593696,0.01720142049207199,0.9732314218694981,True,True,1
145,197167,2.995042841313629,36.10620744766148,38.381808314778844,39.05300075570455,38.197817078922945,35.66845141782133,1.0372724804949645,0.01669440960721342,0.9834915826316323,True,True,1
146,186371,2.831047433791975,35.434793705624415,38.30157052331103,37.28897199671623,38.16602368394224,34.999773296953805,1.0377530829138089,0.029031386899592112,0.9828833041470101,True,True,1
147,187464,2.8476505257168703,35.5039295729904,38.52205223402893,38.55933939316349,38.63509793880425,35.041093008897725,1.040150871501288,0.026545173676764584,0.9583054677506181,True,True,1
148,197982,3.0074230059236835,36.15588801713056,38.75595761230819,38.82281722580841,37.669661888454506,35.717065619968665,1.03731290957529,0.03277660275839893,0.9491989676193731,True,True,1
149,197439,2.999174626312322,36.122803152110066,38.42494137429789,38.98182729855804,37.96980839651741,35.7247591001105,1.0337997114848654,0.018162110122557532,0.9757965647412165,True,True,1
150,188078,2.8569774227359788,35.542649284739866,38.631014791735346,37.33937515286211,38.57035378938526,35.09772102165533,1.038514670091234,0.01741852709092301,0.9725814474419106,True,True,1
151,189897,2.8846087349147385,35.65686566275596,38.82595828264796,38.39411365108454,38.498364903079036,35.24814856577797,1.0351911812255594,0.017431581045734758,0.9894067474519228,True,True,1
152,193605,2.9409346862939802,35.88745436661649,38.957124041217945,39.284470958911186,37.61053175279564,35.4520036241262,1.0373029302451946,0.018240870625052655,0.984946548598941,True,True,1
153,184518,2.802899648488379,35.31696512012837,37.41322797775827,38.14654396861011,37.49335024225279,34.88300136471659,1.0377878801331137,0.02034574638612961,0.9696886917697285,True,True,1
154,193056,2.932595164366471,35.8535005864358,39.05991525774905,38.65173317586607,36.803352395159955,35.42156172888134,1.0370306172241077,0.023642125040850528,0.9780414856756651,True,True,1
155,182258,2.768569376072768,35.17218350222486,37.228566098607466,35.75001371681901,38.655543240900265,34.73441272540273,1.038288657548654,0.036534759202790944,0.971749741907998,True,True,1
156,192993,2.931638170046921,35.84960013564576,37.61152995186354,38.329975698600464,38.705994517935885,35.464791315123996,1.0329058134906564,0.019499504736973188,0.9833644622543349,True,True,1
157,189108,2.8726235203413237,35.60741373059863,37.47973115891448,37.343100239016856,37.39540368466696,35.19806980741076,1.0352965038676947,0.01640049484366194,0.9851784216478636,True,True,1
158,188623,2.8652561831193895,35.57694722407465,38.09687047708922,37.7011340080478,37.020252037132266,35.16928690593522,1.035178755804579,0.0169425962913826,0.9848447956092635,True,True,1
159,220403,3.3480066509813904,37.47223791343608,39.18107285291035,40.268762221929826,39.924601752244754,37.07751014458899,1.032279267780028,0.02923669248945969,0.9613002824557724,True,True,1
160,177835,2.7013822986859326,34.885333299956464,36.72825934152445,37.7264880366632,38.154587117271625,34.47279617906126,1.036332445233812,0.01623451948896293,0.9893462496196135,True,True,1
161,193422,2.938154845651477,35.87614358012165,37.35088562831529,39.20155411483699,38.55202096969321,35.471828930780354,1.034585807350581,0.020223982675162677,0.9791520739040249,True,True,1
162,182346,2.769906130042933,35.177843343650345,37.72429337632852,37.84427407236792,38.0143847410966,34.76107283965549,1.0364016994728824,0.016602650861451636,0.9915748099026512,True,True,1
163,203768,3.095314579462058,36.504728646372094,40.78441659141769,37.8713242511091,37.94130089120961,36.17683864653722,1.0274377888815083,0.045298097002893126,0.8957361792453318,True,True,1
164,201956,3.0677895999854705,36.39620062852932,38.9058606825249,37.60531501911307,38.75278773594248,36.013647185104304,1.032207081488997,0.028389822525791666,0.9773188007219106,True,True,1
165,201861,3.066346513313133,36.3904928153445,37.97423474569134,38.95609850342562,39.07875716458355,36.03600741090099,1.0298021836441127,0.028872779623589532,0.9539729994687101,True,True,1
166,180011,2.7344365786754765,35.02704323299801,37.431429190438365,37.666270394586995,38.08445594991417,34.59345086287375,1.0380750998241652,0.014477940156085918,0.9890927873769726,True,True,1
167,189495,2.8785021997328464,35.63168677336388,37.54168711575503,38.58075410960711,38.41025884587984,35.23873743492293,1.0338276104905761,0.018390401511046442,0.9894638944703913,True,True,1
168,179794,2.731140264908137,35.01296275149956,38.52800983347609,37.07658208839005,36.5980844744541,34.604782213837424,1.0358055274426183,0.015532330956531362,0.9874279509661802,True,True,1
169,185504,2.817877369108641,35.37976059193738,37.1632633258582,38.66229299637744,39.0767692340866,34.952985058295006,1.0370790362174787,0.016596361339604244,0.9821017124795393,True,True,1
170,181636,2.7591209559654626,35.13212667360171,37.32168182518884,36.24467066000132,36.9201755158669,34.69914140576981,1.0379038757402836,0.024697496898457367,0.9504532803077432,True,True,1
171,173831,2.640559993043407,34.6215260174607,36.906334313212255,37.00586201540577,38.54720389343673,34.18954253088096,1.0383858223014886,0.015059585790001646,0.9862726281711324,True,True,1
172,187774,2.8523595453844983,35.52348916295806,38.08049037672947,36.77703515928723,37.89053862622088,35.114867089048005,1.035317992813877,0.018664314556246557,0.99125155652964,True,True,1
173,188242,2.8594686460440144,35.55297709385818,37.3508675003453,37.29232583589209,38.33565835467112,35.10536626133185,1.038741286396441,0.01700228795539912,0.9811423484625913,True,True,1
174,187209,2.8437769772805956,35.48782406261946,37.78456698128829,37.635701275045534,38.16013653189751,35.076261577757236,1.0356147175941457,0.015368924966108735,0.9890630104679037,True,True,1
175,211955,3.219678269845513,36.987219580230864,39.251812884810455,38.70508834422401,39.03036965393598,36.556803617305874,1.0357391905922384,0.019653680962959743,0.9900770047199564,True,True,1
176,185612,2.819517930799299,35.38662526485574,37.73857293709458,36.56279766394414,38.4190785078551,34.972063693405474,1.0359854572742067,0.019015904633641067,0.9790174388414529,True,True,1
177,198076,3.0088509022099967,36.161609270800916,38.0176750338254,38.730406510632285,37.74090753044286,35.78764143922204,1.0316776341730058,0.021699378567346855,0.9735332547077712,True,True,1
178,174759,2.654656671274242,34.6830259259074,36.62878020588353,37.08376678740437,36.57391035654816,34.25060234667841,1.038356057599961,0.01415227447982971,0.9941110220834255,True,True,1
179,193612,2.9410410189961524,35.88788687809262,36.95611842241183,37.658161684193125,42.308772183542345,35.3550064213885,1.0459017761999856,0.04474995931089353,0.9564813524260692,True,True,1
180,190362,2.8916722644161807,35.68594621243446,38.21378741555563,38.94128555068764,38.415944358643,35.26103142278694,1.0365890443578856,0.016727773183623222,0.9907619146586536,True,True,1
181,183302,2.7844281390824572,35.2392127864019,37.488538041047015,37.92958069197281,37.59214302080719,34.81128342784437,1.0373337035736392,0.015944700585444865,0.9884364844821183,True,True,1
182,197488,2.999918955227528,36.125791198963746,40.046033176699346,39.962620513651466,38.45808352912582,35.61994348014851,1.043211640242903,0.034188335419287605,0.9549106299685468,True,True,1
183,192139,2.918665580381907,35.79664341679411,37.6580600502761,38.041693773778356,38.038841671914604,35.44553848840799,1.0300117550656434,0.02869420984404653,0.9549208822718336,True,True,1
184,170660,2.5923912789593793,34.409712498324346,37.741837571780145,37.92091878589007,38.97063752490332,33.96672948168897,1.0396374963311905,0.021787484194135866,0.9887134883937552,True,True,1
185,177459,2.69567071354068,34.8607297055695,38.743106858485625,36.83672848376245,38.031004344665526,34.43398903415796,1.0376416846491825,0.016515648442740935,0.9867012164271219,True,True,1
186,183438,2.7864940315818036,35.24792581765088,36.53826360950294,38.038318123834756,37.53740228306022,34.85656794139241,1.0340625924846991,0.01809625503173499,0.9737754090412635,True,True,1
187,208940,3.173879255981324,36.81100379683443,39.25895950990715,38.21667464343831,39.79495070355126,36.36969392871228,1.0368454885730756,0.023587838746989363,0.981609017815896,True,True,1
188,181561,2.757981677013617,35.127290495297885,37.34696878734971,37.76685521670403,37.04957562472117,34.74070357353526,1.033756201743525,0.020711593460808066,0.9678695489156965,True,True,1
189,169276,2.571367784701324,34.31644252425877,35.51579668706727,36.147693707318226,35.02846239277866,33.89282352171402,1.0379669562995617,0.015187588441433567,0.9813186830812225,True,True,1
190,200316,3.0428773669051155,36.29741331217675,39.86325106331996,38.504737514726735,40.016713592523814,35.89322096512629,1.0341647545856998,0.0341726528883741,0.9697955607530745,True,True,1
191,173805,2.6401650430067676,34.61979981105081,36.32759701964846,37.0855786657461,36.92419090359886,34.201782659610174,1.03711622390135,0.01479094729254558,0.9906912810546019,True,True,1
192,184494,2.8025350792237886,35.315433844201245,36.5505707502683,37.225324400793525,37.237574121651654,34.89312762483394,1.0367497535555006,0.01636220897106221,0.996456057251809,True,True,1
193,204283,3.1031376282647303,36.53545659717057,37.42073006564423,37.55650249898425,44.06874776657872,36.06481301499993,1.0396629397736192,0.14335816834680765,0.8523198421053227,True,False,1
194,205030,3.114484846625112,36.579935395969706,36.427483782861046,40.35176803394625,40.219143539969764,36.313868859268936,1.0221420138707804,0.03590799799284571,0.9311322357156647,True,True,1
195,178746,2.7152207403543493,34.94480120539162,37.28049858458371,38.908160182605485,36.6839873339823,34.51068641805379,1.0382141175443735,0.0232815822105785,0.9611765509021718,True,True,1
196,179845,2.7319149745953917,35.01627300710307,38.61332814367928,37.33749617726375,40.01524646223137,34.576431154168176,1.038650091581928,0.023390004515848037,0.9650691145263199,True,True,1
197,185758,2.821735727158891,35.39590105388536,37.68960152456422,38.5055286986294,37.328411158604204,35.00011921530464,1.034309101554138,0.017682015188085473,0.9805552366393769,True,True,1
198,182957,2.7791874559039678,35.217090525894875,38.30704482474024,37.37007602879365,37.64946408172412,34.80322145596737,1.0361009840357898,0.022438356405802582,0.983418755054098,True,True,1
199,193637,2.9414207786467674,35.8894314768401,39.329002205157074,38.30317552947009,39.5017584449253,35.39623189346008,1.042386171381129,0.03786328169117791,0.9771734634776156,True,True,1
200,181514,2.7572677288704606,35.12425914470506,36.86571834679419,36.9276860187093,37.74476348931763,34.70814734734623,1.0363995614965924,0.016862961777171684,0.9842695007718602,True,True,1
201,187998,2.8557621918540104,35.53760915034234,37.789636059958085,37.49856913371419,39.014968244343024,35.110056820521436,1.0369791464511422,0.016194067850918602,0.9907201974753839,True,True,1
202,184164,2.797522251835668,35.29436532065869,37.64502291435894,46.20118481353576,37.25925805260529,34.90614348363464,1.033738095410616,0.1950956135524299,0.9268511222927455,True,False,1
203,180961,2.748867445398853,35.088553039075094,37.88340581672294,38.124043302147975,38.52480368698228,34.66933939764458,1.0367157074081048,0.0177741382135856,0.988540480366212,True,True,1
204,173921,2.641927127785622,34.62750001853707,36.974735655843745,34.47372082727215,38.05031019830843,34.25644568983826,1.0328482393731948,0.02655746445821116,0.9345213951074037,True,True,1
205,175414,2.6646063741203596,34.72630277995097,36.68284173441116,37.15364794144139,36.22072354544107,34.30275131613334,1.0375016072038559,0.01818032371023009,0.9876437448078519,True,True,1
206,190154,2.8885126641230623,35.6729439992309,38.48878277606571,37.73315312851689,37.80895484712391,35.26895933109746,1.0347583040231931,0.020831498865378363,0.9837452652199331,True,True,1
207,166476,2.528834703832425,34.12617977911182,36.901817679425264,36.6780857300752,36.10491602393138,33.696915545905085,1.0387058430058864,0.015297743645808728,0.9871351162877546,True,True,1
208,176969,2.688227424388623,34.828614299054514,36.19814204747724,37.3122185241483,37.47539964626573,34.378261469878176,1.0398168634843927,0.017615576164434585,0.9808326998069049,True,True,1
209,173457,2.6348787886702043,34.59667861182322,36.19591022558905,37.37229399793609,36.47689629129986,34.17621659661855,1.03736423604413,0.017548272960600735,0.9754794604372478,True,True,1
210,181769,2.761141277306735,35.1406995571702,37.60760085603156,37.32440075040299,38.586332102833815,34.716227037226005,1.0371310796618312,0.01643699671964537,0.9844592842552954,True,True,1
211,187837,2.8533165397040485,35.527461543898134,38.99911093128617,37.26114663245261,38.793262243327995,35.1483012455078,1.032712691290747,0.022277849157911662,0.971376831280927,True,True,1
212,181197,2.7524523765006603,35.10379997309759,39.56871802513287,37.85251963332726,36.97496095409968,34.678605684423445,1.0372358311088608,0.022707319540810244,0.9681328119971634,True,True,1
213,202333,3.073516375516747,36.41883400476059,56.36350965981822,58.22282573776893,51.221234301868705,36.52985507955882,0.9909101197476741,0.26104862863086153,0.8652316959139047,True,False,1
214,308489,4.6860669943448965,41.9163724972802,60.52496523376846,77.2617759466302,39.992148828645426,44.00682772133286,0.8641534816937188,0.29267171590198443,0.47619695543119633,True,False,1
215,173805,2.6401650430067676,34.61979981105081,38.17918356779149,36.54447225338742,37.24428526221915,34.17240034593952,1.0397937428438109,0.024840845083434565,0.9569672792746575,True,True,1
216,190397,2.8922039279270417,35.68813315376662,38.71137150270225,40.334989521893725,40.48699296732617,35.22793432514951,1.0397045815780022,0.03910217153878567,0.9781826805083362,True,True,1
217,180614,2.7435963814483144,35.06611078413508,37.43792286312246,36.63867142082009,40.50117931057393,34.67569010649165,1.0341593491366372,0.023506862440815367,0.9632515495595929,True,True,1
218,181205,2.752573899588857,35.104316586262485,37.481515410722665,38.026594188902074,37.75870423001573,34.675518929392844,1.037558661679886,0.015905705112788014,0.982875761562125,True,True,1
219,175448,2.6651228472451964,34.72854626872454,39.71772263006703,37.476921936984176,36.131925128813094,34.301375979083005,1.0378275304054974,0.022943870240768244,0.9705459591782329,True,True,1
220,180932,2.7484269242041393,35.08667856078062,38.356255388764836,37.26727720911724,38.320816660402805,34.790750406689256,1.0257354988588112,0.24032755443070059,0.8925303153913373,True,False,1
221,176216,2.676789063712094,34.779145688303686,38.033254642030236,36.79715803332274,36.920200208834615,34.38294858308608,1.0349690818561506,0.018505452761971044,0.9777911022765318,True,True,1
222,177732,2.699817688925398,34.87859693710214,36.69076474692233,38.40694978957082,38.507072446154886,34.491061809864426,1.0340875885140244,0.01700528808885839,0.9814654167686486,True,True,1
223,174417,2.649461559253827,34.66038647972202,37.05410596444154,37.635230510787366,36.3320490548513,34.26427286620903,1.0350841137110334,0.01975384711263044,0.970446574131775,True,True,1
224,180361,2.739753213784089,35.04972986185016,36.22266454499587,37.48353579765027,38.1301833544946,34.63327115333907,1.0365099749353472,0.01754411171892876,0.9816731645237873,True,True,1
225,170560,2.590872240356919,34.402990275660066,36.850275562851785,35.72641885553471,36.52260201688556,33.98131293511055,1.0376911527488026,0.015957303368035775,0.9901589370604416,True,True,1
226,174694,2.6536692961826427,34.67872538202765,36.988442648287865,38.72683664006777,38.48808201769952,34.27688006988406,1.0355844602903244,0.017364539796124945,0.9837927219793241,True,True,1
227,180533,2.7423659601803214,35.06086796485527,37.53411841602367,38.16266278187367,37.77280054062138,34.67290573335343,1.0339446091412499,0.01862521131920485,0.9819486182057242,True,True,1
228,177740,2.6999392120135948,34.879120242957946,37.27206031281647,37.73323393721166,37.14694497580736,34.42772727568136,1.0398519356785076,0.11776887163258717,0.9566858745541859,True,True,1
229,170278,2.5865885514979796,34.38401944428223,38.12240571301049,34.689971693348525,37.36516754953664,33.96073943265016,1.0378593884924632,0.017966629403422068,0.9780133244491799,True,True,1
230,191656,2.9113286239320217,35.76662298584113,37.41035501106148,38.774450056350965,37.49764682556247,35.37286527286912,1.0337680145264807,0.022131764807383224,0.989993864756633,True,True,1
231,170737,2.593560938683274,34.414886820523456,36.31552621868722,36.89131822627784,36.95626607003754,34.01110214954331,1.0360409459318525,0.017318936800753353,0.9815143221644053,True,True,1
232,171346,2.6028118837722594,34.45575629863872,37.33693228905256,40.04569117458242,36.86818484236574,34.029379217296984,1.0380619720791495,0.01810653145657897,0.9932744810362384,True,True,1
233,178597,2.7129573728366827,34.93508868443374,37.95973616578106,41.937977681595996,40.09052783641383,34.51016242445686,1.0373959309777043,0.025815562115745094,0.9724912974778199,True,True,1
234,177598,2.6977821771981008,34.869829228680814,37.208476446806834,38.41993153076048,36.44070316107163,34.468140725630235,1.0353707440981257,0.01846924935483047,0.979352876969532,True,True,1
235,193460,2.938732080320412,35.87849285474313,39.22993383645198,37.28387263517006,36.62536441641683,35.41763343298793,1.0395465893899094,0.024093641012846882,0.9703646248433103,True,True,1
236,180880,2.7476370241308596,35.08331692565186,36.413041795665634,38.05796107916851,37.846815568332595,34.678368803145304,1.03544242922232,0.01860703572913666,0.9852223323137754,True,True,1
237,173971,2.642686647086852,34.6308180175358,36.58375821257566,36.932661190658216,36.69331095412454,34.21303714224317,1.0370826385402652,0.016242316253827282,0.9841050640922087,True,True,1
238,191429,2.907880406304436,35.75249658062157,37.40373715581234,38.477785497495155,38.245062137920584,35.316651453422836,1.0374819833600475,0.01674064702102554,0.9831439404951253,True,True,1
239,176362,2.679006860071687,34.78874820937713,37.283655209172046,37.22007008312448,37.36629772853563,34.36959620872638,1.03703428898544,0.018295319932641312,0.9811945029994227,True,True,1
240,196231,2.9808246399945975,36.048981796273935,37.517986454739564,38.79426288404992,37.97135009249303,35.66168635288071,1.0329359187981928,0.020745618408621012,0.9879043079859804,True,True,1
241,170076,2.583520093521009,34.37041753008082,36.25570333262777,36.30327030268821,36.483801359392274,33.941188492088735,1.038420581054789,0.01645387097115166,0.9906487175903311,True,True,1
242,177828,2.70127596598376,34.88487557128058,37.29564523022246,37.46592775041051,37.314753582113056,34.49255437717153,1.034511831333045,0.01783384022039904,0.985551535476096,True,True,1
243,179992,2.734147961341009,35.025810831945485,36.76919529756878,37.448981065825144,37.52294546424285,34.61998442896106,1.0355807973683122,0.017638383771330812,0.9870315225924269,True,True,1
244,183378,2.7855826084203272,35.24408236432601,41.48332951608154,41.96808232176161,37.39073934714088,34.810243942974544,1.0378567692697804,0.041109696372842765,0.9730046041830477,True,True,1
245,185548,2.818545746093724,35.38255763207804,39.345468558001166,37.55548968460991,38.61797486364714,35.05000282934476,1.028734953348562,0.027475814873183065,0.9742388199269207,True,True,1
246,275052,4.178146056840122,40.343669678907084,48.88952270843331,50.45754257376787,116.41609950118523,55.48319128566168,0.38445180053549627,0.6389191777714477,0.46030139661719216,True,False,1
247,186989,2.840435092355182,35.47391735662325,37.379423388541575,37.43779580617041,37.15644770548,35.05132668008378,1.036606835355496,0.016873719191746347,0.9948094489815105,True,True,1
248,163671,2.486225671033403,33.93342596795719,36.1775024286526,36.117522346658845,36.08671664497681,33.503213962226724,1.0390195372465738,0.014502454028433998,0.9903270095749859,True,True,1
249,174397,2.6491577515333344,34.6590616198986,36.36594666192652,36.783270354421234,37.32244247320768,34.287700931498556,1.0328453618743474,0.020952219341917076,0.9672780875657182,True,True,1
250,168729,2.563058643545864,34.27943915015434,36.3963456193067,36.1086713013175,36.811769168311315,33.86342686047865,1.0373096259756254,0.016239599852851484,0.9884805178744258,True,True,1
251,181347,2.754730934404351,35.11348394076432,39.39523124176303,39.66607663760636,37.08950244558774,34.6398870882076,1.0415793545175,0.025341908439681378,0.9835009349270257,True,True,1
252,170484,2.5897177710190484,34.39787962895008,36.511719574857466,35.86007484573332,35.78786865629619,33.99170547744819,1.0362776982618982,0.017980838438908946,0.9808998812839392,True,True,1
253,170679,2.592679896293847,34.410989423744255,35.18760948915801,36.71939137210787,37.89982950450846,33.93984838190848,1.0422257206690664,0.03416086924397149,0.9544504705627688,True,True,1
254,175245,2.662039198882201,34.715147017207684,44.749847356557964,36.26856686353391,36.52893948472139,34.17707127120222,1.047978792814124,0.06016673016087921,0.9270279702217751,True,True,1
255,177299,2.6932402517767433,34.85024954975145,35.02549365760664,37.27494232905995,37.1682525000141,34.456345287073766,1.0346895056593584,0.01898915489762112,0.9803487627053438,True,True,1
256,187748,2.8519645953478587,35.521849508638574,38.03283656816584,37.9648891066749,38.4841329867695,35.190585754676086,1.0285069307241603,0.02596384512647099,0.9559768321725204,True,True,1
257,187383,2.8464201044488773,35.49881528866163,38.23686780551064,39.790189077984664,39.70118954227438,35.1638690566309,1.0288489434915464,0.046055922232040976,0.9462849296413742,True,True,1
258,181933,2.763632500614771,35.151264876086564,36.91889871546119,37.4955670494083,36.71374626923098,34.74930375047829,1.0351053412819646,0.02176286164584366,0.9854778295080152,True,True,1
259,180747,2.745616702789587,35.07471596504103,37.725627534620216,37.65625985493535,38.02109578582217,34.673428702620285,1.0351233864032225,0.019075469057035648,0.9870538213318774,True,True,1
260,165768,2.5180799105270033,34.07773301986956,35.03728705178322,35.88530355677815,36.367929877901645,33.64923426599679,1.0386913891166256,0.01690546759527665,0.9824276479251105,True,True,1
261,173922,2.6419423181716466,34.627566384748654,38.01222962017456,36.76834443026184,36.75487287404699,34.24678117248866,1.0337288459621556,0.02623643981947974,0.9844051023749656,True,True,1
262,175464,2.66536589342159,34.7296019278564,37.33302557789632,36.69698627638718,36.801184288515024,34.36408683172244,1.0322502413103334,0.02125408627893685,0.9823063395380266,True,True,1
263,183053,2.78064573296233,35.22324907597057,38.40068723265939,38.517254565617606,37.75140533069657,34.71136075186688,1.0448966190683227,0.03666166575007719,0.9585275725693452,True,True,1
264,177608,2.6979340810583468,34.870483687529415,36.43796450610333,36.580874735372284,37.668359533354355,34.435202990939466,1.0384030909672797,0.018469939376633885,0.9874756537283628,True,True,1
265,193175,2.9344028203033994,35.86086579002194,37.762562443380354,40.23719943056814,38.841071567231786,35.69255649982377,1.0142134009158232,0.051540264973751214,0.885803016915026,True,True,1
266,164063,2.492180302355049,33.960495103640106,36.226083882411025,36.72728159304658,35.88204531186191,33.54122894485836,1.0379707762010209,0.016997078116071707,0.9853126072765873,True,True,1
267,164411,2.497466556691612,33.98448976034174,35.846269410197614,36.651361526905134,35.621910942698484,33.58525576110745,1.0360871365698996,0.017913514252415056,0.9855645147740306,True,True,1
268,169357,2.572598205969317,34.321915220926066,36.08843449045507,38.563496046812354,37.056974320518194,33.926465770864255,1.0353774027551021,0.019201210812024607,0.9782562931068188,True,True,1
269,179220,2.7224209833300126,34.97566290473941,36.95253877915411,39.43258006918871,37.12721236469144,34.5412361703611,1.0382076753394072,0.018768486924640407,0.9931058943568447,True,True,1
270,170976,2.597191440943155,34.430937477451096,36.51269183979038,37.36496350364963,36.335087965562415,34.03752885840562,1.0350765640752069,0.019611540597821758,0.9880109721632782,True,True,1
271,168379,2.5577420084372515,34.255720427456644,35.17191573771076,37.00632501677762,36.14317699950706,33.87296713870048,1.0342834947962347,0.019795660554754006,0.9808887006838954,True,True,1
272,171377,2.6032827857390224,34.45783409062354,36.770821055334146,38.21617836699207,36.876214427840374,34.16676230989416,1.0257757967137588,0.03449925542006781,0.9238598764262226,True,True,1
273,162694,2.4713846638873624,33.86577166273608,36.461602763470076,36.54891391200659,36.76562749701894,33.45248356083322,1.037523231003639,0.01814667048305589,0.9820509951312923,True,True,1
274,174914,2.6570111811080563,34.693276767449376,37.435305350057746,37.62254021976514,37.85122403009479,34.33472447312891,1.0316568407564881,0.0240073779103617,0.9688689283899516,True,True,1
275,174579,2.651922401789813,34.671114113480165,39.69353702335332,36.57312735208702,40.07526678466482,34.27047731877788,1.03548290214366,0.02364339633784756,0.9856876568652679,True,True,1
276,171469,2.604680301253286,34.46399896618138,36.71045495104071,36.115682718158965,35.847920032192405,34.06810414715367,1.0352687553305797,0.019114126269236427,0.9820307868711604,True,True,1
277,176119,2.6753155962677075,34.772762998255764,38.38159426296993,37.45160374519501,37.540952424213174,34.40828286554654,1.032116217412963,0.021882688289802714,0.9792870113636233,True,True,1
278,182202,2.76771871445539,35.16858083633513,36.56027376208823,39.74129263125542,40.88085202138286,34.9897070594992,1.0154150850894654,0.05061275506280129,0.897494154792692,True,True,1
279,166833,2.5342576716432097,34.15055636168995,38.00381818944693,34.464014913116706,36.861178543813274,33.81481738744837,1.030082978608042,0.040300080722928726,0.9218288412896741,True,True,1
280,180990,2.7493079665935665,35.0904273171166,37.02584673186364,38.46799270677938,36.47871705619095,34.7398842470048,1.0305780055903846,0.024092984012944373,0.9604733471619493,True,True,1
281,213198,3.238559919674099,37.05938196163557,55.065469657313855,51.428883010159566,40.818689668758616,38.00720963433347,0.9270359114080162,0.1227531061002379,0.7618478337072389,True,False,1
282,174910,2.656950419563958,34.69301230574263,36.852930078326,37.06303241667143,37.18446629695272,34.27283542536347,1.0372320406835849,0.03173277218618838,0.9767473711160882,True,True,1
283,164827,2.5037857572778486,34.01312864025576,36.287835124099814,36.651082650293944,35.375193384578985,33.61727135270442,1.035743855891756,0.019327130442465222,0.9708337981734587,True,True,1
284,176305,2.6781410080682844,34.78499991077104,36.71113695017158,41.73833413686509,39.551997958084,34.28686572638887,1.0442215694369699,0.04303098600163953,0.956175459088347,True,True,1
285,159457,2.4222133843257105,33.639664821327706,36.12256595822071,36.46699737233235,35.201866333870576,33.21341080587451,1.0389976093424476,0.01816948511480424,0.989275456899634,True,True,1
286,178190,2.7067748857246676,34.908530949098605,37.06392053426118,38.60475896514956,47.547544755597954,34.340855255681404,1.0504161672146002,0.06826172882849303,0.9431728220024043,True,True,1
287,148472,2.255346993845406,32.84873501646438,36.37698690662212,34.893596098927745,34.650156258419095,32.44358788989334,1.037933001778944,0.017608496969512034,0.9807808937769363,True,True,1
288,153789,2.3361142763382396,33.23626562683026,35.23638231603041,35.12995077671355,36.054061083692595,32.882678187564494,1.03260712443086,0.03773524926763857,0.9442348713133885,True,True,1
289,179930,2.7332061574074835,35.02178870936546,38.12630467403991,38.705913410770854,36.63997109987217,34.82296299990441,1.0172268300305638,0.049238114875841885,0.9105025901900744,True,True,1
290,213886,3.2490109052590284,37.09920328162426,32.589341985917734,40.666850565254386,40.660982953536,37.095709852825216,1.0002825467805805,0.07215616178578917,0.8581134875278663,True,True,1
291,196028,2.977740991631602,36.03654667607604,36.604178994837476,40.19271736690677,40.94351317158773,36.24743438805322,0.9826473390909382,0.06778572049194258,0.8351139036522568,True,True,1
292,167156,2.5391641663291575,34.17258141802257,37.76132475053244,36.787557730503245,37.66558783411902,34.12545612749699,1.004148550948488,0.05104623233034246,0.8957259457329345,True,True,1
293,179404,2.72521601435854,34.987628311951376,37.56266303984304,37.11141892042541,38.170871329513275,34.70845269909885,1.0243249536580583,0.04104152500750879,0.9650264527854778,True,True,1
294,167557,2.5452555111250246,34.199885776288546,37.13028999086878,36.54052650739748,40.532391962138256,34.045301002586775,1.0136836273818415,0.05670378475436901,0.8922834080827322,True,True,1
295,164726,2.502251528289363,34.00617988405959,34.615373407962316,36.459204982819955,38.76312179012421,33.68716254269176,1.0286798840002134,0.060251326499776305,0.8977726022185167,True,True,1
296,166619,2.5310069290339436,34.13594824840837,37.926659024481005,37.951770206278994,40.310798888482104,33.95135964655537,1.0163994023150442,0.05978159577955298,0.8888060374014086,True,True,1
297,187156,2.8429718868212914,35.48447480733611,38.97759622988309,37.83216674859476,38.36340272286221,35.32058488736049,1.0139848949633652,0.05677447194063945,0.9002881386786805,True,True,1
298,169753,2.578613598835061,34.34864553758628,32.66163779137924,38.62322904455297,36.83842406319771,33.98134382681752,1.0327785286542472,0.03198930670618181,0.9582002471867795,True,True,1
299,170389,2.588274684346711,34.39148918423152,31.384972034579697,37.392666193240174,37.013586557817696,34.1637221773291,1.0201344179720369,0.03705092434159584,0.9358800288626475,True,True,1
300,156230,2.3731940086243046,33.411189773543846,35.532823401395376,35.32908532292134,38.1633297062024,33.13501006174122,1.025213940763905,0.053414832729628006,0.896228093617615,True,True,1
301,157154,2.387229925311041,33.476928910260625,36.025172760476984,35.347728979217834,35.14448248215127,33.04153900581484,1.0400543319494417,0.029331767767017507,0.9730466717081048,True,True,1
302,171745,2.6088728477960776,34.48248037228523,36.84115403650761,35.97145186177181,37.541040496084314,34.07387954226245,1.036407964518215,0.02637151599782292,0.9758582490096835,True,True,1
303,175785,2.6702420073354887,34.75076754362519,36.4012572176238,38.575009244247234,36.52449298859402,34.52032920394585,1.0201602978521893,0.04408396660500772,0.9319261639489821,True,True,1
304,189777,2.8827858885917856,35.649353299931725,40.09583880027611,38.56256026810414,38.251816605805764,35.847794546565495,0.983484777298467,0.09397016709083347,0.7713044832406812,True,True,1
305,176419,2.679872712075089,34.79249570043961,37.77154388132797,38.2137298136822,37.25737590622325,34.35755656039051,1.0384603911602734,0.04705216999595917,0.975401619349385,True,True,1
306,159492,2.4227450478365715,33.642125886349774,36.207866225265214,37.66086700273368,36.12685902741203,33.81670174497234,0.9845925681018917,0.07785482786437119,0.824660627116325,True,True,1
307,163302,2.4806204185903233,33.90790555212517,36.91793731858765,40.99695655901336,38.96664462162129,34.01678079445263,0.9904287993891635,0.0851974751948274,0.8012611845876116,True,True,1
308,206399,3.135280485092798,36.661170475711266,42.33607236469169,32.24843143619882,40.37576732445409,37.080239207478556,0.9664767214152704,0.10183073067599537,0.786809854671337,True,True,1
309,167067,2.5378122219729673,34.166515428401745,35.65739493736046,37.50349261074898,37.81007619697487,34.355347375176834,0.9836011602165328,0.07870259522868892,0.829956766129615,True,True,1
310,175116,2.6600796390850268,34.70662684402648,38.45701135247493,39.041715205920646,43.9061365038032,34.23112458995764,1.0422543530541364,0.09122639839740933,0.8708581399054405,True,True,1
311,1100840,16.722184551328038,64.05384395612555,45.35998510228553,113.98356527742452,145.12365920569746,69.56280570619177,0.7807362089969477,0.3227914425141947,0.3371354856978242,False,False,1
312,1649045,25.049630121947555,73.29054748619069,75.62352088633118,131.89148203960474,131.9969564202311,89.81416895269491,0.5433871081110658,0.2626556057242557,0.2937672997337906,False,False,1
313,156197,2.372692725885493,33.40883715901729,40.646830604941194,40.19272457217488,40.940703086486934,33.41122249315477,0.9997858356863142,0.16904873173174412,0.690030746601681,True,False,1
314,447813,6.8024523368372,47.46090652975751,40.62790048524719,92.72103310980253,65.17460636471027,50.81165042441473,0.8149260167797999,0.3886729977724108,0.3674977390002984,False,False,1
315,1011836,15.370179433593945,62.2788387205628,58.745753264362996,134.02380524116558,83.05838001415249,82.28117565711463,0.43363073092493926,0.7361749979947572,0.35969442142396607,False,False,1
316,127667,1.9393110126034636,31.236570632319758,33.122937015830246,31.52062005060039,37.71225923692105,32.434550889485415,0.8932363279856115,0.15735393449953472,0.6200178261950133,True,False,1
317,104739,1.591025841831281,29.241968477629825,43.70414076895903,34.71724954410487,44.62326354080142,29.207505445444905,1.0035439910267527,0.19171590550196468,0.7000181225372527,True,False,1
318,179168,2.721631083256733,34.972279892428595,38.54037551348455,36.948701777103054,37.659693695302735,34.72118125473168,1.0218528502437612,0.17884663880241458,0.7537099318837804,True,False,1
319,102024,1.5497839437744738,28.98708734327034,36.37270642201835,36.056643534854544,27.73211205206618,29.96549221291859,0.9052103062303057,0.15293701874893292,0.6094749970198877,True,False,1
320,120554,1.831261796810436,30.645332553143344,34.85042387643711,38.263350863513445,31.695630174029894,32.260285703329224,0.8572122877105586,0.14886233335914095,0.6214877165050379,True,False,1
321,84506,1.2836787613954137,27.22281166970218,38.67595200340804,33.13123328521052,29.01507585260218,27.565817325686588,0.9631331133907972,0.15873084313948793,0.6431676999963424,True,False,1
322,35956,0.5461855199007585,20.47517335692627,33.32684392034709,28.530398264545557,53.21170319279119,22.19405396167441,0.785186546228472,0.45019993034891487,0.44510233476165034,False,False,1
323,113620,1.7259316601158132,30.046142677668133,38.32086780496392,36.367672944904065,31.60678577715191,31.499516352209355,0.8678696853856944,0.17733966394633935,0.5430476562454823,True,False,1
324,90185,1.3699449636291552,27.81945174105753,32.21944891057271,33.98061761933803,30.57521760824971,28.782022269829667,0.9029875981933457,0.18198241230258858,0.5230221375772937,True,False,1
325,87331,1.3265916019149278,27.522841849669103,29.70351879630372,33.519036768157925,30.216704263091,28.381170410931503,0.9119875713826392,0.16668747678988555,0.573699545269789,True,False,1
326,70277,1.067534758651285,25.600092520572037,18.542979922307442,32.29397953811347,31.73040966461289,26.582918482769074,0.8931340075288685,0.18946090578244135,0.6186982791108794,False,False,1
327,184876,2.8083378066851883,35.339790906594125,38.4172472359852,37.53468270624635,38.5474263830892,34.90476895888242,1.0378572508069979,0.24825200190189473,0.9538381968160209,True,False,1
328,234870,3.5677659655993756,38.27480435959363,31.4075701451867,72.89674287903946,50.119977008557925,42.37456187710893,0.7369249755016931,0.413726450020618,0.4713605550289008,True,False,1
329,132633,2.0147464696016604,31.63644394347636,32.93803955275082,59.206238266494765,60.00315155353494,34.11026681538762,0.7978249874445719,0.34131647379563046,0.4395047428589205,True,False,1
330,126766,1.9256244747952929,31.162913855063664,32.36882918132622,32.57249577962545,35.77674613066595,31.189057725053004,0.9974873917438933,0.22295453311357027,0.7282759697818019,True,False,1
331,55493,0.8429600916634996,23.661913632739484,30.674986034274593,32.4372443371236,20.731515686663183,24.761809240773875,0.8725744130065386,0.19863788518631825,0.5124289764275477,False,False,1
332,292295,4.440073883062415,41.16968957378635,57.85386681263792,80.55421748575925,44.29121948716194,47.488727887094896,0.6515701336061478,0.38606461212865273,0.43602072389124336,True,False,1
333,207728,3.1554685081195006,36.739689094428485,44.21587845644304,29.536759608719095,54.78674998074405,38.40559337141838,0.8754331585245662,0.38004165033299775,0.5850240254550212,True,False,1
334,497527,7.557627187664497,49.155941076684,47.21307989315153,78.45803343336141,74.74167432119262,50.29889047123038,0.9333678325297381,0.34836456437979774,0.5547611145139448,False,False,1
335,310377,4.7147464431593535,42.001710183206576,44.69063107124561,178.08281541480198,78.83655683249725,43.63173000141603,0.8920590886751799,0.45509486893141265,0.7217994698719324,True,False,1
336,38472,0.584404531138669,20.942027148252638,25.56843938448742,24.387450613433145,28.898549594510293,21.674507415294816,0.9020039635451728,0.16705977485700954,0.5647749461767406,False,False,1
337,100971,1.533788467290563,28.887016049633527,51.90775569222846,52.808994661833594,57.08713392954412,32.252674509121256,0.7184736531507158,0.37749947880687734,0.6039177276535721,True,False,1
338,92738,1.4087260191499762,28.07952167317473,34.070381073562075,57.097446569906616,40.11474260820807,27.984191598382544,1.0102545601515533,0.37024782471352935,0.7840837415965357,True,False,1
339,90299,1.3716766676359604,27.831168701158084,22.085848126778814,54.224753319527345,49.265296404168375,27.909563102971994,0.9915970298971573,0.3870297323218166,0.5528732967361736,True,False,1
340,46178,0.7014616458442882,22.25608835155829,29.857161418857466,22.717809346442028,30.254645069080514,23.73920022435461,0.8240399360905261,0.4599654519113084,0.4182961245416737,False,False,1
341,661544,10.049108732262415,54.05344463092052,48.92573585430448,238.37696963467283,136.24483329907005,68.64707078589026,0.488207103886306,0.5921061252666885,0.311291016255232,False,False,1
342,32697,0.4966800518465653,19.836867813405927,10.677371012631129,25.72859895403248,36.38089121326116,20.805423778922172,0.8667415160499973,0.25521328528061404,0.5226403402337807,False,False,1
343,128666,1.9544862082420456,31.317834889301736,34.0872180684874,77.4786035160804,66.19352431877886,39.67542200343773,0.4918249155765212,0.4398862353115007,0.3113123322895008,True,False,1
344,44624,0.6778557859620493,22.003577428433676,31.656911079239872,68.30286392972391,42.80696486195769,29.38707390054106,0.4197694732158368,0.4967232759718013,0.24040063627411937,False,False,1
345,54043,0.8209340319278199,23.454001395897834,28.43841015487667,48.90304017171511,47.46277963843606,23.49211476197501,0.9951407229402134,0.40921204197287697,0.6109703346450371,False,False,1
346,96986,1.4732547789825055,28.501878183831572,50.54590353246861,29.481141608067144,49.47648114160807,29.366944182957305,0.914206206648649,0.3331595575130676,0.6097940493876212,True,False,1
347,73278,1.1131211071111298,25.959420861274747,44.76241163787221,50.02538278883157,45.62673653756926,28.171758177937033,0.7824257641837905,0.34244646993384203,0.5206762367525716,False,False,1
348,70520,1.0712260224552645,25.62956478137164,36.865697674418605,42.99404424276801,36.25663641520136,27.482117396269352,0.8110976122558425,0.28809096882013047,0.4800966308673928,False,False,1
349,71169,1.0810845829852342,25.707948314136583,17.73973218676671,45.38827298402394,41.574885132571765,26.96292995305729,0.8667642769435475,0.31150396916369866,0.5038672477888924,False,False,1
350,41423,0.6292313602972833,21.464345311559782,27.624942664703184,30.593100451440023,35.07379957994351,22.924893712015695,0.8207879031221574,0.24198463809989473,0.45928708893844294,False,False,1
351,106350,1.6154975537169225,29.39113076315568,32.90716502115656,48.789073812881995,44.71478138222849,32.22981965452083,0.7583597221934064,0.35033689820762737,0.31190511281429795,True,False,1
352,149500,2.2709627106787016,32.924374108543745,68.53366555183946,43.86696989966555,47.47763210702341,37.29576614240152,0.6879771028319379,0.3791547193143728,0.34055736549546956,True,False,1
353,49262,0.7483087963441752,22.740908469588366,32.6129064999391,28.34556047257521,35.34580406804434,23.042043895847122,0.9613032966894183,0.2312114859347046,0.7675192239585863,False,False,1
354,90429,1.3736514178191592,27.844518118323002,37.0707295226089,36.9005186389322,41.186334030012496,28.23789604123626,0.9587869492249275,0.2685572951301148,0.5530434873497933,True,False,1
355,141881,2.155227159557223,32.35528357387495,52.46130912525285,34.78622225667989,40.17377238671845,35.908400265435674,0.7315558015943475,0.36806205325162406,0.34428253688761257,True,False,1
356,331425,5.034473688205275,42.930460979898925,62.191114128385,79.74304895526892,24.288083276759448,47.383184714238055,0.7437447519672756,0.3832063693261083,0.24754543399190973,True,False,1
357,54437,0.826919044021515,23.5108605033027,34.40307144038062,28.120781821187794,36.97321674596322,25.199458337764,0.8121419743438305,0.2787532714678134,0.523805675637666,False,False,1
358,61187,0.9294541496876101,24.445007995494667,35.85377612891627,30.533462990504518,42.32225799597954,25.088701162223614,0.9249878225820564,0.27239170545359953,0.7747172451728461,False,False,1
359,150512,2.2863353813356038,32.99849800080509,70.92511560540024,27.13679972361008,53.13648081216115,37.45196174697673,0.6840042560019853,0.40698234623187,0.30409145278644095,True,False,1
360,138607,2.105493835712661,32.104470993941455,57.422958436442606,41.52287402512139,46.999971141428645,33.56614111086705,0.8749682750511973,0.3345213672536748,0.4266993448014059,True,False,1
361,108709,1.6513316743489697,29.606856391544017,55.21484881656533,48.15131221885952,37.06015141340643,38.80068449348358,0.4442820119608687,0.3710607343665675,0.2904349605591885,True,False,1
362,71271,1.082634002359744,25.72022406621888,32.991272747681386,28.066099816194527,45.28625948843148,25.68490828261029,1.0041305614195466,0.2521281957066236,0.7159652735035104,False,False,1
363,137016,2.0813259315475117,31.98116095683212,38.354732294038655,48.228163134232496,43.42437379576108,32.954526717373284,0.9139815710019796,0.3404055683033201,0.39676514236377797,True,False,1
364,134379,2.041268883600624,31.774661442728426,42.862389212600185,40.1649216023337,33.31461016974379,35.76012635030811,0.7015290533967243,0.370267118772721,0.32765958864728045,True,False,1
365,59704,0.9069268072131184,24.245897961221672,30.139270400643174,34.788540131314484,43.69060699450623,25.638989423607764,0.8456917807192212,0.2977008574505114,0.7249189732756888,False,False,1
366,74589,1.1330357031893892,26.113318059009874,29.038276421456246,40.189920765796565,49.92989582914371,26.622431672375004,0.9437196808687525,0.2892070895122181,0.5586940393249924,False,False,1
367,126666,1.9241054361928323,31.15471735868744,68.96839720209054,49.30738319675367,42.49358943994442,33.57187186293415,0.7991803118872491,0.4042939821795422,0.34375307062190275,True,False,1
368,45506,0.6912537064357525,22.1476006692076,13.218432734144947,24.865951742627345,42.50602118401969,22.564816018032303,0.9455503562961726,0.28607832419527396,0.5264527700994434,False,False,1
369,20856,0.31681069092919734,17.075789913129917,6.819907940161105,30.838080168776372,30.704497506712695,19.44685208681075,0.6770090527648552,0.393162220469064,0.3565453401974382,False,False,1
370,106960,1.6247636891919326,29.44721733404084,40.9865650710546,44.658049738219894,60.42322363500374,34.55935089572208,0.6186372326655569,0.35117456886100246,0.4308985067506096,True,False,1
371,198375,3.013392827631354,36.17979569966736,47.788672967863896,21.3951606805293,88.55836168872085,41.45374016467383,0.6648247329765289,0.46592608303706745,0.2585521691625759,True,False,1
372,264215,4.013527843491459,39.80671017505397,59.606649887402305,56.613473875442345,35.37277217417633,48.865847575588155,0.5405707623314367,0.3371260559613293,0.26586322862883544,True,False,1
373,65480,0.9946664768912467,25.00383861616338,20.455268784361635,38.29256261453879,43.1090409285278,25.302259283105144,0.9650329807945388,0.27721787112320256,0.6804846989574086,False,False,1
374,48414,0.7354273489953087,22.609664544744824,25.62733919940513,38.1443384145082,45.99283265171231,24.318141657462476,0.8036948855398076,0.3889897453227187,0.490867481968012,False,False,1
375,92098,1.399004172094228,28.014778730261604,33.998034702165086,24.7030011509479,37.12038263588786,28.14730126917508,0.9859418588309541,0.28329161580669354,0.5142287268437449,True,False,1
376,147243,2.2366780094211642,32.7578469408058,57.35721222740639,60.704828073320975,33.87193958286642,37.67750662419695,0.6572030700033493,0.4448582261431751,0.288969787751998,True,False,1
377,120381,1.828633860028179,30.630666426811988,65.52146102790307,44.692725596231966,41.31523247024032,31.860363330763892,0.8886222126892959,0.3718563945801364,0.3710329234260188,True,False,1
378,185863,2.823330717691475,35.402568993830315,59.99693322500982,39.01498415499589,47.64821938739824,37.683584326230715,0.8291779024773023,0.3287571629251908,0.3313192741560983,True,False,1
379,44144,0.6705644006702381,21.924398703289352,25.337667633200436,31.432131206959042,30.930681406306633,22.30395474017902,0.9498115543569171,0.23226352578580892,0.7878520794799404,False,False,1
380,67338,1.0228902141249658,25.23813164386268,50.495470610947756,32.40114051501381,24.670869345688914,25.826007902554643,0.9332537963574077,0.29957654628190117,0.4872008855664836,False,False,1
381,66364,1.008094778136999,25.115855848860285,14.906349828220119,18.406078596829605,46.429690796214814,26.032011246295983,0.8980918922440848,0.3547370577262725,0.39438182027656027,False,False,1
382,8610,0.13078922367186369,12.7146628132598,4.0181184668989545,26.961672473867594,27.17851335656214,15.177811164789706,0.5878778625194302,0.33973459529107275,0.25640901630513485,False,False,1
383,52423,0.796325606567957,23.21726653372851,42.68721744272552,41.12755851439254,29.600557007420406,24.49178726488715,0.8518670609939061,0.30347531136091166,0.5815808154102918,False,False,1
384,176961,2.688105901300426,34.82808947434316,33.773515068291886,64.30316849475308,56.29456772961274,36.5977433858844,0.8618387789807321,0.39475048343051544,0.3924408576462645,True,False,1
385,185057,2.811087266555642,35.35132010422409,55.7656127571505,60.428068108744874,99.32846636441745,38.51509830949156,0.7732570280450158,0.46955443119321344,0.4797039803639598,True,False,1
386,91977,1.3971661353852505,28.00250458086881,54.96640464463942,38.713906737553955,26.535068549746132,29.886570062574314,0.8225501820074045,0.35074988825497355,0.4588128204685544,True,False,1
387,32704,0.4967863845487375,19.838283317036637,13.920743639921723,27.211992416829744,30.262322651663403,20.205006390785567,0.9465319724695993,0.29643940979260336,0.7163692267956417,False,False,1
388,100254,1.5228969605109202,28.818477523872236,43.18282562291779,18.08314880204281,47.10581123945179,29.355628309553932,0.9461041763110694,0.37187383366004145,0.4201043898766547,True,False,1
389,52168,0.7924520581316823,23.17956025667739,18.990741450697747,41.75412130041405,31.573512498083115,23.69309712869906,0.9363755679244037,0.2876924889872278,0.6702906729462564,False,False,1
390,84672,1.2862003654754985,27.24062512276473,50.93304752456538,73.23411517384731,87.7443783068783,33.403357764569265,0.5423514850975446,0.5231958927839327,0.42288258223773456,True,False,1
391,52897,0.8035258495436206,23.28703223162692,16.80980017770384,33.65935686333818,26.492277444845644,24.49319870115003,0.8594209093469755,0.32857484564657347,0.6024705906381984,False,False,1
392,56134,0.8526971291052725,23.75267138233878,23.584512060426835,47.51804610396551,35.66765240317811,24.859999016703135,0.8722361047868219,0.31258862771813717,0.3849663900037883,False,False,1
393,65733,0.9985096445554722,25.036000300325544,25.78630216177567,30.932012839821702,38.25818082241796,25.489030810527954,0.9476214386498117,0.2580606824353075,0.6841207534390816,False,False,1
394,10554,0.1603193341036991,13.607431607451613,5.434716695091908,22.237445518286904,38.23062346029941,15.83594731073502,0.6344484434655316,0.34390051024195306,0.34079975943843943,False,False,1
395,28168,0.4278827935411215,18.875094483002922,23.70888952002272,38.35827889804033,23.084670548139734,19.27030183093189,0.9397273169589738,0.2688537259140536,0.6435987104516456,False,False,1
396,66811,1.0148848806899982,25.17211966236286,24.066770441993086,44.53206807262277,32.287632276122196,25.595185006227403,0.951227820750837,0.2501177293051807,0.7235938869943399,False,False,1
397,30695,0.46626889902530266,19.423448695973157,15.136830102622577,30.378432969539013,28.737546831731553,19.884405225014653,0.9320542975044995,0.2757220455024404,0.7263443306892711,False,False,1
398,129893,1.973124811894238,31.417072387467076,46.26309346924007,46.40117635284427,51.7427267058271,32.26374147451786,0.9233215051382895,0.296321441814416,0.4403796929784657,True,False,1
399,27180,0.4128746921488101,18.651779861477756,12.26729212656365,35.05835172921265,25.062582781456953,18.65356863047349,0.9997123449934845,0.2719369387716109,0.7295078968610051,False,False,1
400,89063,1.3529013505095464,27.703601839707048,60.1237438667011,39.40780121936157,19.46272863029541,28.91436184346931,0.8795648709044459,0.33377842333978947,0.5334356939748488,True,False,1
401,22644,0.3439711011411941,17.550446870339673,13.637873167284932,24.232997703585937,19.524333156686097,17.550993340170642,0.9999065945489918,0.22853752551409104,0.8970491775900742,False,False,1
402,134795,2.04758808418686,31.807416170160803,65.51508587113766,48.44156682369524,39.49173188916503,36.44665481917381,0.6646792983825295,0.38012970781146205,0.3002228881181823,True,False,1
403,100475,1.5262540358223582,28.839637808077917,41.82777805424235,36.38721074894252,37.38414530977855,29.277530950448185,0.9557978720381604,0.29997674091028054,0.49044161665000147,True,False,1
404,62764,0.9534093884484149,24.65323987950621,23.508731119750177,39.39696322732777,36.56661461984577,25.994033618572292,0.8531020303873906,0.3393728017744873,0.5459037045788715,False,False,1
405,50784,0.7714285638736267,22.972738301458605,15.376319313169502,25.433660207939507,34.1552063642092,23.07250772386247,0.9870835074893762,0.28515394714660175,0.6295558934604091,False,False,1
406,201562,3.0618045878917757,36.37251652797808,39.43708139431043,64.04653158829541,54.054405096198685,36.26638087564091,1.008805392063481,0.35116911097262293,0.5107166633805238,True,False,1
407,198640,3.017418279927875,36.1958988373189,33.33796818364881,54.51434252919855,66.00086085380588,38.522021292087025,0.8295659089404749,0.41396913260530166,0.4914742447218253,True,False,1
408,161244,2.4493586041516826,33.76486243358704,57.459769045669915,52.88868423011089,22.470957058867306,35.96412230225259,0.827535352950723,0.35584138330432535,0.5123511198348613,True,False,1
409,133261,2.0242860320251133,31.686296825866776,46.094941505766876,40.546333886133226,52.769009687755606,31.627845608938575,1.0055545332597724,0.3358970068256905,0.6586249845867178,True,False,1
410,157765,2.396511251172076,33.520257858098745,52.05711659747092,33.11943713751466,49.746572433683006,33.713860679895255,0.9828711536242688,0.36382672646135944,0.7194709765668581,True,False,1
411,49762,0.7559039893564786,22.817588265893363,26.54973674691532,35.89443752260761,59.56231662714521,23.978083996807054,0.8617192324058424,0.3778658564199969,0.550234028672545,False,False,1
412,200910,3.051900456203732,36.333255659870076,47.33650888457518,49.93625503956996,37.36110696331691,36.927242387224744,0.9525160736287275,0.3404662721679911,0.6038921280153593,True,False,1
413,132618,2.0145186138112914,31.63525126757182,30.8105687010813,60.18570631437663,57.45033856640878,32.00988707632386,0.9652980716362072,0.36846661345187276,0.5812904308954466,True,False,1
414,74065,1.1250759409124953,26.05202418202042,17.041693107405656,27.347343549584824,58.29852156889219,28.787672700516396,0.7411476719790934,0.4143197206450417,0.3733963943312514,False,False,1
415,186729,2.8364855919887844,35.45746808840449,41.97139705134178,65.73083988025427,51.62210476144573,35.59347490402954,0.9885803973868914,0.3201203781713081,0.7242256511501047,True,False,1
416,120157,1.8252312135586672,30.611655870310145,39.082308979085695,53.108275006866016,64.89267375184134,39.15604083600517,0.4778198075389669,0.32391099918192817,0.356243029652682,True,False,1
417,54358,0.8257190035255709,23.49948186265709,60.145093638470875,44.569318223628535,56.07025644799293,25.419301834146825,0.7901035367205708,0.5095033531828644,0.4412136762258931,False,False,1
418,177699,2.6993164061865857,34.87643813444354,49.59904670257008,73.53497768698755,58.46067226039539,36.46505480732735,0.8749147989649252,0.3270472861393676,0.5247984907082013,True,False,1
419,54108,0.8219214070194193,23.463400697067602,57.46830413247579,50.60957714201227,31.719727212242184,24.57518805610808,0.8703267308749514,0.48628454278704925,0.5538273541560422,False,False,1
420,162207,2.463986945893379,33.831947194122755,41.72728057358807,55.026379872631885,85.30765626637569,42.57681611936013,0.5017200271464426,0.378785286930919,0.28723016426247977,True,False,1
421,27156,0.4125101228842195,18.646288390569616,25.469914567683016,57.63812785388128,44.68515245249669,23.461001009253764,0.5020391390356156,0.5683380281795278,0.2824178208918973,False,False,1
422,188817,2.868203118008163,35.589140086533114,34.42473929783865,72.57727323281273,98.46700773765075,39.233622164072464,0.7464096882114084,0.47018068786961575,0.4237289049058348,True,False,1
423,58753,0.8924807501037174,24.116474079799836,33.84421221044032,56.79521045733835,34.042006365632396,25.320186308891167,0.8640537253194713,0.3919566356844422,0.4451507306030582,False,False,1
424,31416,0.4772211673490441,19.574353463604922,33.43363254392666,41.431372549019606,11.744079449961802,21.92909301047467,0.7112139561496779,0.40394160660064937,0.33670974064402504,False,False,1
425,65853,1.000332490878425,25.0512260047766,17.634337084111582,42.566170106145506,35.91036095546141,28.737464601643175,0.6624324629744783,0.5316498001914806,0.41955766049032955,False,False,1
426,43162,0.6556474415940744,21.760605902847853,37.20786803206524,31.67464436309717,30.46907001529123,23.66411389709975,0.7775748589484125,0.49813656692792635,0.46890035616797376,False,False,1
427,208567,3.1682132419941453,36.789085729284565,56.42864403285275,68.41359371329118,79.35081292821971,41.02353524459846,0.7212033490982844,0.446719074357301,0.35384516731434,True,False,1
428,15159,0.23027106174701295,15.353025852572813,19.43604459397058,19.029619368032193,22.869780328517713,16.629013356074683,0.7870140711885696,0.4597195598630096,0.42893602909987444,False,False,1
429,43264,0.6571968609685842,21.777733898638203,30.909116124260354,39.77175018491124,35.12835151627219,22.806051541735766,0.8707385175969201,0.3041113672840699,0.6376624377159638,False,False,1
430,114542,1.7399371960305006,30.127196325217454,47.90166052626984,30.868799217754187,41.22582109619179,30.299224292024608,0.9830636156108663,0.35164151010303907,0.6472032842815225,True,False,1
431,85073,1.2922917102713658,27.283560574213375,43.75517496738095,47.03893127079097,66.46555311320866,33.22311352428825,0.5538372320145782,0.7504015299054814,0.3186657040511492,True,False,1
432,123250,1.8722150775327757,30.87209530095941,21.10241784989858,57.33761460446247,94.3116430020284,36.01109469668786,0.630070792171507,0.5498798234626876,0.2960968657948393,True,False,1
433,613363,9.31722074321084,52.707973838606925,34.35973803441029,185.2482151678533,179.808482089725,108.43342283120275,0.11485223848379118,0.32645665111856575,0.06370902672115794,False,False,1
434,81458,1.2373784647924126,26.891501040171377,40.36001374941688,70.37473299123475,32.640870141668096,29.29971049085544,0.7731346650195738,0.4236857953933016,0.33952920067066117,True,False,1
435,26998,0.4101100418923317,18.610055196753237,17.80105933772872,18.680531891251203,42.8599896288614,23.39731389341819,0.5032050364423722,0.40654643571076643,0.22214242953317567,False,False,1
436,76279,1.1587074555709744,26.309067823171752,43.248862727618345,41.384404619882275,61.747807391287246,31.862934414899357,0.5629360646199014,0.4739102791777257,0.5348200502626681,False,False,1
437,93041,1.413328706115432,28.110069545571854,40.1398308272697,55.92087359336207,48.736191571457745,29.462363478160263,0.8685263738736508,0.3878366857562093,0.6283896545947956,True,False,1
438,82537,1.2537688913129632,27.00971635072755,25.605946424028012,102.66636781080001,54.63212862110326,35.76272820516563,0.43079250999225976,0.6216454432109397,0.21758664813646245,True,False,1
439,120593,1.8318542218653957,30.648636851386467,19.368943471014074,61.591642964351166,105.22205268962543,34.26290962848448,0.7157490292476453,0.475857663054122,0.35008420294883713,True,False,1
440,152056,2.3097893373575964,33.110950712689885,18.951149576471828,52.5024859262377,97.05972799494923,41.649794554861266,0.5024309240358075,0.48242214026778,0.2432537984799876,True,False,1
441,52923,0.8039207995802604,23.290846963815994,34.62505904805094,62.955482493433855,47.5245923322563,28.885166022423817,0.5242413112059542,0.4319469842850494,0.3648934422762546,False,False,1
442,58155,0.8833968992610026,24.034374108181403,18.573811366176596,23.561035164646203,60.51073854354742,26.71373637933138,0.7282735599040797,0.40605308131575296,0.4182206343704719,False,False,1
443,11948,0.18149473222200085,14.181936447713905,19.790676263809843,21.24815868764647,32.515567458988954,15.456476916412662,0.7724583564842908,0.3206656220123376,0.6476002443834313,False,False,1
444,19819,0.3010582606216802,16.787951638369567,25.48710833039003,42.726726878248144,27.34951309349614,17.086331200049447,0.9485203809450141,0.44650019671706,0.5548329860278296,False,False,1
445,48681,0.7394831820638788,22.65115197144443,45.1920461781804,32.0108255787679,29.641728805899632,25.985404739564437,0.6623421976051981,0.3678237463724957,0.5071341345710738,False,False,1
446,52052,0.790689973352828,23.162366929974716,28.019711058172597,53.840620917543994,57.85583647122109,27.24517975360168,0.6144404225122416,0.3438237526336016,0.4217034811664836,False,False,1
447,63089,0.9583462639064121,24.695719183100675,41.55824311686665,39.250487406679454,37.083120670798394,25.843684364143066,0.8725729579798331,0.4529391994214295,0.7050097457391562,False,False,1
448,52592,0.7988927818061156,23.242188859067433,31.3753612716763,55.98039625798601,35.24307879525403,27.609592224106187,0.5965558379727299,0.35354220861590624,0.3867324049545645,False,False,1
449,76133,1.1564896592113818,26.29227168801027,19.317799114707157,47.29867468771754,87.43837757608397,39.43160439715051,0.29644968276058764,0.4075073591701649,0.2750916273336872,False,False,1
450,75119,1.1410866077824307,26.175022451079087,21.683488864335256,189.5622811805269,80.85421797414769,45.06527234702473,0.19594545235587915,0.6442881976614312,0.15190585446978538,False,False,1
451,56240,0.8543073100238808,23.767613010217087,27.88595305832148,72.25035561877667,44.39358108108108,25.83762226716701,0.7783932628414105,0.387575791294902,0.474865519661273,False,False,1
452,28937,0.4395642003940441,19.045321063117647,17.07948301482531,57.328783218716524,51.89062446003387,32.80209076023085,0.1957313165005305,0.37103583297594706,0.2649161903484696,False,False,1
453,103071,1.5656882779422372,29.085908045340112,16.537813740043273,77.30114193129008,97.95749531876085,42.167612189558554,0.3281790496952541,0.4331222426249068,0.200063439205576,True,False,1
454,14208,0.21582500463761198,15.025010345552232,29.365146396396398,25.135627815315317,23.44193412162162,15.915017123173481,0.8414397190676597,0.37895878426716534,0.5057723792166864,False,False,1
455,32708,0.4968471460928359,19.839092085569355,42.11015653662712,30.091965268435857,26.744955362602422,20.69439644189272,0.8810632483999844,0.39056419346945603,0.563855402318936,False,False,1
456,21860,0.33206183849790244,17.34551435720575,34.13632204940531,30.335544373284538,39.54204025617566,21.684000674471395,0.5118507122590856,0.4624231291287008,0.32442302456491,False,False,1
457,18130,0.27540169862611946,16.296827361720478,36.15758411472697,32.91555432984004,31.334362934362936,20.1222825619175,0.5312237279817912,0.37579879788420734,0.5558270482884975,False,False,1
458,53608,0.8143262140071159,23.39090356974951,41.65557379495598,47.042549619459784,23.888356215490226,25.197751586074126,0.7999367060081045,0.36779381320004706,0.6016030560669855,False,False,1
459,22271,0.3383050871540158,17.453547122145267,18.266579857213415,32.070315657132596,35.82043913609627,19.129718034133887,0.7594958453145612,0.34441523264428275,0.6260366019792324,False,False,1
460,17224,0.26163920888782577,16.020711601895563,34.04609846725499,29.937935438922434,27.74309103576405,17.753540841116774,0.7348360547893077,0.38022294117919253,0.46874703875362916,False,False,1
461,48689,0.7396047051520755,22.652392697054896,19.36246380085851,97.79709996097681,58.72451683131713,37.18490153962418,0.2260696895657619,0.47746670805656455,0.1955128062592881,False,False,1
462,65360,0.9928436305682938,24.988555092418835,16.425061199510402,60.91776315789474,51.1656364749082,35.98905387734386,0.3347434944879081,0.5162674640127443,0.19961299648230044,False,False,1
463,36498,0.5544187091260954,20.577541481905747,14.741410488245931,40.625212340402214,46.371006630500304,25.19545713664214,0.5447706860059891,0.35776456225805847,0.3750315371299432,False,False,1
464,82071,1.2466901714254965,26.958788524229924,15.229776656797164,73.63909298046813,74.04426654969478,39.01276624866273,0.32997487959572236,0.39620030446226245,0.2152618507936771,True,False,1
465,16893,0.25661119111368097,15.917421775731171,34.00183507961878,22.7590718048896,45.537027171017584,21.259704874890303,0.41970725706835005,0.49598528111841306,0.3412213130769474,False,False,1
466,39156,0.5947947551795,21.0654093796937,16.925426499131678,64.95188476861783,44.672617223414036,43.36122354727659,0.11465820149845196,0.5418837019278886,0.1394193203215632,False,False,1
467,36604,0.5560288900447037,20.59744313114492,16.309692929734457,65.38875532728663,52.04182602994208,28.479053023665603,0.3783234877967088,0.417798083771236,0.30843400107232505,False,False,1
468,20790,0.3158081254515733,17.057758442577022,17.101106301106302,38.051130351130354,38.95204425204425,21.968693767555543,0.46811566530924315,0.36146201654408494,0.5127626964191054,False,False,1
469,22587,0.3431052491377915,17.53570836658812,12.633151812989773,51.20378979058751,77.1352547925798,36.34319249268852,0.1123312830700169,0.46333423883021957,0.08048908328555868,False,False,1
470,31774,0.4826593255458533,19.648425777327304,15.639516585887833,49.462705356580855,40.76669604078806,25.809019732986357,0.4412337790917688,0.4035302408446486,0.2637935046536142,False,False,1
471,7627,0.1158570742096753,12.21110725094744,10.852104366067916,29.99580437917923,24.85695555264193,15.41368057170203,0.49721711966599025,0.3407023007853523,0.49268726188035405,False,False,1
472,42931,0.6521384624223903,21.72171602874972,15.097179194521441,58.53490484731313,55.45694253569682,32.66670988221421,0.29401278023551813,0.5373573203460761,0.1815495258956418,False,False,1
473,36538,0.5550263245670796,20.585056059410828,14.67770540259456,89.61059718649078,67.42531063550277,36.277045905848304,0.18270920100319488,0.5439880589461312,0.1896753496100664,False,False,1
474,9693,0.14724041173651273,13.226853229876504,16.286701743526255,31.973692355307954,27.61281337047354,16.32810433030103,0.5315722527487208,0.3917988166950927,0.6454177900029268,False,False,1
475,35224,0.5350661573307464,20.335273650321568,13.00570633658869,137.71757892346128,67.21295139677493,35.565404848018254,0.18692474333122464,0.8206430278841406,0.12161383564231062,False,False,1
476,33505,0.5089538837544475,19.998941237652875,16.184181465452916,50.86199074764961,39.25990150723773,30.43012646810745,0.2838636227622656,0.5265975336971346,0.2622421563106517,False,False,1
477,41269,0.6268920408494939,21.437712651746303,15.778429329520948,56.617509510770795,63.745935205602265,36.793011098638935,0.19780594580844793,0.4121005661917187,0.19793854379733447,False,False,1
478,21815,0.33137827112679513,17.333603952208282,13.5040110016044,68.24001833600734,49.10639468255787,27.875708286834563,0.2404301208878171,0.48493488259740253,0.2044544746487544,False,False,1
479,27084,0.41141641509044785,18.62979453995355,15.114458721016097,46.481908137645846,63.54681730911239,32.98531460503692,0.18016163063249402,0.6819142785355319,0.14402126207509622,False,False,1
480,27174,0.41278354983266247,18.650407296908707,13.508979171266652,51.38654596305292,56.81000220799294,34.60811899763984,0.15650599414949487,0.4174045241548355,0.16975692366550077,False,False,1
481,8691,0.13201964493985682,12.75441019418455,17.158439765274423,22.08721666091359,22.862846622943273,15.790349828116705,0.5269942606766151,0.3293440080728389,0.625003171335924,False,False,1
482,24606,0.37377463852147247,18.043362322356963,19.74071364707795,56.351906039177436,45.467731447614405,33.112775877306305,0.16179520309586787,0.38074043043335326,0.3093158576633302,False,False,1
1,682073,10.360952166961566,54.606886634801526,32.14318262121503,51.71173026934067,80.63631312190924,56.254192691426724,0.9146976420065002,0.30430988506392326,0.48285594714778285,False,False,2
2,232119,3.5259772136456826,38.124781253291445,40.14590360978636,40.39191104562746,39.98262098320258,37.68846752190989,1.0351341716236606,0.012888767717695163,0.9820292481145674,True,True,2
3,232713,3.5350003029442987,38.1572743999063,40.10789255434806,40.344011722593926,40.48181236114871,37.719026258267,1.0352628212422856,0.014110759236518961,0.9829861264835873,True,True,2
4,226015,3.4332550973514833,37.78762103501022,39.45087272968608,40.41224697475831,39.47460566776542,37.36195794269948,1.034569740982222,0.01314708560624926,0.9879236902371821,True,True,2
5,219027,3.327104679811532,37.394093975479834,38.80672702452209,39.44262122934615,40.24918845621772,36.963594896955286,1.0353482161459502,0.017425238318087514,0.989303617407056,True,True,2
6,216658,3.2911186553192384,37.25878656814979,52.063182527301095,39.362234489379574,39.68819983568574,36.82302328806673,1.035923756455345,0.030461418197244742,0.9842978805399487,True,True,2
7,217864,3.309438260864914,37.32779083617935,39.21682333933096,39.127556640840155,39.52860041126574,36.88085647346808,1.0367973291640353,0.01348743904666503,0.9848610268017359,True,True,2
8,229186,3.481423811435511,37.96352159114911,39.77848996011973,40.07681533776059,40.66162418297802,37.51953354734684,1.035922304915992,0.01523989732449547,0.9792308568428106,True,True,2
9,230379,3.4995459419628667,38.02927913163687,40.63428958368601,40.449537501247946,39.92556179165636,37.590952026533586,1.0353908082693308,0.014941506810008762,0.9848080681934651,True,True,2
10,216827,3.293685830557397,37.268471722359905,39.88025015334806,39.16028446641793,39.10521291167613,36.839274925630505,1.03536035251379,0.016677493145786617,0.9843296005050772,True,True,2
11,219792,3.3387253251203557,37.437579088509445,39.37382161316153,39.88196567663973,40.480900123753365,37.00452295896796,1.0355208360101438,0.013999348962064756,0.9814437922743515,True,True,2
12,211419,3.211536222936324,36.956015024628776,39.404230461784415,39.88869969113467,39.27793623089694,36.529583620465885,1.035431180760299,0.021926854267091532,0.9819530793563392,True,True,2
13,229088,3.4799351536050995,37.958109748763604,39.82166678307026,39.521114157005165,41.00742945942171,37.518676810534934,1.0355502811906518,0.014182741676566302,0.9863523708720953,True,True,2
14,213890,3.249071666803127,37.09943455106695,38.70643788863435,40.7332554116602,41.0823554163355,36.633398526644235,1.0386524250308575,0.02212159241075333,0.9798286061879989,True,True,2
15,215118,3.267725460841344,37.170298383798624,39.184150094366814,39.95760001487556,38.97630602738962,36.72027408786143,1.0372188469323131,0.01479169009254586,0.9792086367452103,True,True,2
16,209274,3.1789528449135425,36.830608036929014,39.41871899997133,38.74692508386135,39.67324177872072,36.39145485795685,1.0366410716727843,0.013743242369828627,0.9784471776844209,True,True,2
17,221842,3.3698656164707996,37.55361251910914,39.57118129118923,39.55631034700372,39.620026865967674,37.11739980287942,1.035672698986513,0.014344079981065775,0.9835050383545841,True,True,2
18,211506,3.2128577865204644,36.96108352586385,38.98699327678647,39.51929968889772,38.51164505971462,36.530868401659646,1.0357479773351783,0.013517096950753673,0.9840620747349393,True,True,2
19,221423,3.3635008447264894,37.52995471997314,39.423253230242565,40.4714008933128,39.54959060260226,37.07654145462435,1.037137825658933,0.014574410006319248,0.9821809852130224,True,True,2
20,207615,3.15375199449872,36.733025993499844,38.9144522312935,39.68362112564121,39.50589311947596,36.30298026116274,1.0359606986173293,0.012399871681808922,0.9908335960892837,True,True,2
21,236259,3.588865411787554,38.3501073562135,40.08308678187921,40.434374986772994,40.85500234911686,37.92076590715588,1.034352219708465,0.015375166885111157,0.9878565605516597,True,True,2
22,227103,3.4497822373462554,37.84815851732274,39.4785846069845,39.54184665107903,39.84508791165242,37.41798484684283,1.034887348189497,0.015116463409234736,0.9940382501705087,True,True,2
23,212143,3.222534062418139,36.99815199889097,38.68138001253871,39.226370891332735,39.27853381916915,36.56428458739812,1.036021707886442,0.012953916542237766,0.9874048941077435,True,True,2
24,206640,3.1389413681247285,36.67543395805506,38.72108497870693,38.50947541618273,39.11303232675184,36.2372260401489,1.036718739376353,0.014720340972110928,0.9750326623966985,True,True,2
25,218743,3.3227906101805433,37.37792471159302,39.992502617226606,40.87622461061611,39.33204262536401,36.93698342201143,1.03624221603675,0.014775083704882792,0.9845922979862537,True,True,2
26,210934,3.2041688857143895,36.927734074559524,39.488541439502406,38.478524088103384,40.04105075521253,36.510468497097435,1.03467930265722,0.01485217762989205,0.9889405049412574,True,True,2
27,212406,3.2265291339426105,37.01343492231761,41.407963993484174,42.36406222046458,39.83301789968268,36.59514747989313,1.0346838394633737,0.02166919776486067,0.973184143121059,True,True,2
28,222239,3.3758961997225683,37.57600067464897,39.9214854278502,41.24699985151121,39.78944289706127,37.13004843546007,1.0364661371956025,0.015840789190725076,0.982650576436293,True,True,2
29,203357,3.0890713308059445,36.480168784002366,38.44113062250131,38.25172479924468,38.428541923808865,36.029338859481236,1.038010241477451,0.014877379174128272,0.9823334799981815,True,True,2
30,220415,3.3481889356136856,37.47291796875051,38.906453734999886,40.44415761177778,40.695134178708344,37.0389167401738,1.035565819344263,0.01509488493773279,0.9839007293246287,True,True,2
31,214594,3.25976569856445,37.14009314376468,40.33911479351706,39.372377606084044,39.65097346617333,36.6919068245714,1.0370939953409244,0.015964381100741654,0.9778189467165632,True,True,2
32,209689,3.1852568551137543,36.85493756031004,39.12707390468742,38.90926562671385,39.706017006137664,36.4194105789834,1.036306687875214,0.015070354440099324,0.9803524162809862,True,True,2
33,199732,3.0340061814667454,36.26210522782667,38.3640328039573,38.15418661005748,38.50437085694831,35.83575271443226,1.0361185480689044,0.013055474245528673,0.9861376971478358,True,True,2
34,204296,3.1033351032830505,36.53623158556259,38.62383991854956,41.328454791087445,38.81461213141716,36.101408657418006,1.0365704156643714,0.014209081403459415,0.9846414221335911,True,True,2
35,205006,3.114120277360521,36.57850803947399,37.90893437265251,38.566520004292556,38.608294391383666,36.17260058211971,1.034043392565334,0.015325524253788837,0.9763549517940268,True,True,2
36,208202,3.162668751095164,36.76761244237651,38.09967723652991,38.77375337412705,39.09642078366202,36.336522362434934,1.0360153905871956,0.015389224851221139,0.9881641840597379,True,True,2
37,203622,3.0930967831024656,36.496008003616595,38.12935733859799,39.27535335081671,39.459817701427156,36.07137032101684,1.0357338405270704,0.01442238315757531,0.9835547702610609,True,True,2
38,199365,3.0284313097957147,36.239881527985794,38.129997742833496,37.98009680736338,38.16438692849798,35.822788165962635,1.0353379971237202,0.014936906505359754,0.9883229044385976,True,True,2
39,211449,3.211991934517062,36.957762940717856,48.09449559941168,39.38198809169114,39.18927022591736,36.50726623733881,1.037478456433926,0.022987444427490542,0.9791338493018593,True,True,2
40,198214,3.0109471754813923,36.17000527975616,38.33957238136559,37.554082960840304,40.13666037716811,35.74981510988971,1.0356769632485658,0.01799572501304716,0.9674871359768273,True,True,2
41,199120,3.024709665219686,36.22503035801237,38.718792687826436,38.252204700683,38.19994977902772,35.789505041364905,1.0369532987357684,0.016378409802214222,0.986006998763597,True,True,2
42,217206,3.299442986860723,37.29017340010135,40.08773238308334,38.487049160704586,43.874925186228744,37.071490146055275,1.0178014798115078,0.14789750131355928,0.7603235903056242,True,False,2
43,218430,3.3180360193548415,37.36008814073452,39.223678066199696,40.66812708876986,39.76547635398068,36.94012908067057,1.0344951298518297,0.027795221980947457,0.9607334180562714,True,True,2
44,201830,3.06587561134637,36.38862987825694,38.37567755041371,38.90517267006887,37.66259228063222,35.97564846534906,1.034835260477574,0.015616811199610111,0.9794472221847143,True,True,2
45,168043,2.5526380387329834,34.23291951092856,37.79748040680064,35.279535595056025,36.931571085972045,34.20600126114276,1.0023626940482124,0.07756197891413652,0.847410044564954,True,True,2
46,219991,3.3417482119392523,37.44887435999587,39.77546354169034,39.74312130950812,40.69807855775918,37.00880356941142,1.0360987948897387,0.016251469585054332,0.98563873960627,True,True,2
47,216366,3.286683062600053,37.24204057989186,40.61021602285017,38.52127413734136,38.20613682371537,36.673672023099186,1.0472182854147236,0.06782013038313128,0.9284908812086118,True,True,2
48,197852,3.0054482557404847,36.14797266019773,37.80035582152316,39.1413430240786,38.05064896993712,35.708294762351215,1.0373958399815857,0.01448801955750558,0.9827443602610066,True,True,2
49,194583,2.9557908838260456,35.94778165902972,38.34075947025177,38.38635954836754,38.38806062194539,35.53330223247427,1.035403374408332,0.015577816505012769,0.9828807852158425,True,True,2
50,196349,2.982617105545501,36.056206151739175,38.45957962607398,37.08751254144406,38.73886803599713,35.61519260312996,1.0376101049384072,0.01510044454858443,0.9881192913177372,True,True,2
51,197898,3.0061470134976167,36.15077387506734,38.45247046458277,38.5070086610274,38.760240123700086,35.724942097782204,1.0361871331797494,0.0152288141719301,0.9879599448515886,True,True,2
52,201442,3.059981741568823,36.36529696535297,39.03376654322336,38.704391338449774,39.25707647858937,35.95204811881565,1.0348812210500848,0.02331411468139338,0.9892273217985337,True,True,2
53,196126,2.9792296494620136,36.04255090884687,37.895934246351835,38.463885461387065,38.345476887307136,35.64773241025185,1.033596034052145,0.015575548645157332,0.9827690715995663,True,True,2
54,205021,3.11434813315089,36.57940015033765,37.480184956662974,38.75679564532414,38.42419069266075,36.13855167553198,1.0370447759576285,0.015842266233587227,0.9796184606831859,True,True,2
55,193838,2.9444740462377132,35.901845222042596,37.75867476965301,38.68463871893024,37.34091870531062,35.48115087781235,1.0359939421748252,0.018635901620786183,0.9791218552530276,True,True,2
56,192451,2.923404980821584,35.81600875983135,38.22718510166224,37.50065211404461,37.715246997937136,35.3774150261004,1.0376556933935075,0.04853144785078267,0.9736378924051672,True,True,2
57,194146,2.949152685133292,35.920850640183694,37.3770255374821,38.03172869902033,37.724027278439934,35.49962521157855,1.0360209410519456,0.014768395518170711,0.9855591646625553,True,True,2
58,250142,3.799753540967169,39.08702976639758,49.506880092107686,74.67139464784003,39.676503745872346,46.91013808000113,0.5784926890244896,0.2647062213765375,0.5709403592656438,True,False,2
59,193485,2.9391118399710274,35.88003826238517,37.9418714629041,37.94399049021888,37.89987854355635,35.456507751072394,1.0362649723064068,0.015075131154411166,0.9826804635574312,True,True,2
60,209303,3.179393366108256,36.832309217041164,38.04306675011825,39.1869872863743,38.85108670205396,36.386897107450196,1.0371743690850144,0.016006888521005912,0.9837089914308553,True,True,2
61,195493,2.9696141351084377,36.00373313519125,37.91433964387472,39.50584419902503,37.788580665292365,35.5936845629933,1.034960464279757,0.01551253939024928,0.9818877629335125,True,True,2
62,191508,2.9090804468003797,35.7574140849054,37.877446372997476,38.28517868705224,37.53961714393132,35.326655878310646,1.0370285859363224,0.014128769742908782,0.9920809777532614,True,True,2
63,189037,2.8715450029335767,35.60295694253179,37.882557382946196,37.076307812756234,37.05735914133212,35.17593650535782,1.0368625797122952,0.014258427069207305,0.987360669198775,True,True,2
64,195179,2.964844353896711,35.98444645931026,38.240681630708224,38.971082954621146,37.414352978547896,35.56233265871735,1.0360334054315647,0.017016151164000192,0.9757198775312854,True,True,2
65,190170,2.888755710299456,35.67394450600643,38.15930483251827,38.43146658253142,37.72357890308671,35.24401640488133,1.0370440713488054,0.014269394275509353,0.9835885032446801,True,True,2
66,188508,2.8635092887265596,35.56971554910023,37.1883898826575,37.61351772869056,38.43877713412694,35.13228051635853,1.0378202757459245,0.013383521315568294,0.9943594442380415,True,True,2
67,193871,2.9449753289765255,35.90388247938357,38.67676960453085,37.55378060669208,39.62157310789133,35.49322740096309,1.035113008366332,0.014808908782160594,0.9914684755852207,True,True,2
68,195572,2.9708141756043815,36.008582263413984,37.97197962898574,39.35545988178267,38.83611150880494,35.593299161998985,1.0354123318952322,0.01618086332856443,0.9870144917213206,True,True,2
69,188163,2.8582686055480706,35.54800286176792,38.06149455525263,37.632026487672924,37.682445539239914,35.1324667901713,1.0359044200952172,0.016425952537021386,0.9886389524410786,True,True,2
70,217469,3.3034380583851943,37.305218042709804,44.07535326874175,81.97498034202576,38.96693781642441,40.23396949878967,0.7971317381504169,0.35490411872357736,0.689280322981139,True,False,2
71,189360,2.8764514976195246,35.623223189488876,40.01625475285171,36.674794043092525,38.37459336713139,35.19551962488844,1.0369014723447536,0.01853778021675321,0.9780495776361429,True,True,2
72,212565,3.228944405320523,37.02266829031923,38.98681814974243,38.76975042928046,38.82426551878249,36.60238133500699,1.034844566722167,0.014959194414416923,0.9824721760832943,True,True,2
73,211537,3.2133286884872274,36.962889207680576,38.6330523738164,39.93599228503761,38.916572514501006,36.64353211988163,1.026374240774286,0.02699727633545777,0.9576421091382125,True,True,2
74,189487,2.8783806766446496,35.63118533971885,37.956165858343844,37.447587433438706,37.820726487832935,35.19716082897203,1.0374517624499098,0.014718790997654958,0.9878398735994993,True,True,2
75,209388,3.1806845489203477,36.83729452951498,38.69736565610255,40.8069707910673,39.058666208187674,36.396947633343366,1.0367362590495783,0.016709747353009376,0.9863238357282441,True,True,2
76,195069,2.9631734114340045,35.97768508820217,37.95902475534298,38.18910744403262,37.76030532785835,35.56225681381229,1.0354561373504605,0.014998642402615833,0.98949937387066,True,True,2
77,188909,2.869600633522427,35.594919349440815,37.95004473053163,37.913148658878086,38.06775749170235,35.19896881962444,1.034127810701521,0.01656899921453351,0.9747818725450983,True,True,2
78,189267,2.8750387917192364,35.61739038025937,38.75982078228112,37.824961562237476,37.85599179994399,35.190176970716394,1.036864335060297,0.015097436259077135,0.9816120808751464,True,True,2
79,195647,2.971953454556227,36.01318465796191,38.50020189422787,37.62667457206091,38.544342617060316,35.611380429052204,1.0342324428431875,0.018475881875717384,0.9884857255995798,True,True,2
80,213882,3.24895014371493,37.098972009298166,39.75458430349445,39.65137318708447,40.221514666965895,36.78969227590506,1.0254326976206243,0.028034556732678337,0.9592625139626024,True,True,2
81,187618,2.84998984516466,35.51364896558651,37.528414118048374,37.16921084330928,37.12057478493535,35.1008670884268,1.0356961412405004,0.015337976708845697,0.9857991896650112,True,True,2
82,189677,2.881266849989325,35.64309057811344,37.53049658102986,37.898480047659966,38.38556598849623,35.22745363762472,1.0358152643754457,0.013732916997096131,0.994536223546707,True,True,2
83,193417,2.9380788937213542,35.8758344421339,37.309264439010015,37.97720469245206,37.312257971119394,35.487184872726,1.0332166273145056,0.01501689022546248,0.9850708676676526,True,True,2
84,193511,2.939506790007667,35.88164534512529,38.34840913436445,37.54988605298924,37.97774803499543,35.45834616341929,1.0362430275429086,0.015087540910697018,0.9910909448709161,True,True,2
85,192805,2.928782377474295,35.83795564687584,38.160561188765854,42.33753792692098,39.683732268354035,35.38366307271898,1.0390137860863933,0.05789071935648432,0.9804792945257945,True,True,2
86,196578,2.9860957039451357,36.07021804436654,38.30286705531646,38.21725218488336,38.81413484723621,35.67699701438227,1.0334308615027306,0.01769767018083335,0.986131944079049,True,True,2
87,186964,2.840055332704567,35.47233635906005,37.847585631458465,37.79784343509981,36.93690763997347,35.06683524925429,1.0350936940754867,0.01487405095662834,0.9810872515707757,True,True,2
88,199160,3.0253172806606705,36.22745587059799,38.95741614782085,38.888973689495884,39.00917352882105,35.80676776858038,1.035662257476925,0.015487876935186613,0.9915770001484493,True,True,2
89,189953,2.8854593965321165,35.66037034902895,38.74393139355525,38.532837070222634,40.773517659631594,35.222007565730664,1.0378037354078182,0.023477270180659746,0.9890943634006057,True,True,2
90,188405,2.8619446789660254,35.56323598646882,37.250991215732064,37.0198720840742,38.423974947586316,35.14522796918556,1.0361072693606614,0.017223204816539144,0.9694620517559074,True,True,2
91,185466,2.817300134439706,35.37734461040603,36.733660077857934,37.65888626486795,37.51464419354491,34.945399334642836,1.0375419690196777,0.013474805909815037,0.9923859624318363,True,True,2
92,217338,3.301448117815971,37.29772584049016,39.12058176664918,39.71170711058352,39.70679310566951,36.92588779442809,1.0305147680235203,0.0231012524612325,0.9758594321962676,True,True,2
93,187036,2.8411490404983386,35.476889250593025,37.265050578498254,37.36224577086764,37.65345174191065,35.04338057877599,1.0375728785261749,0.01451160163187878,0.9914570804056196,True,True,2
94,190681,2.89651799755803,35.70586871784906,37.86034791090879,37.51564655104599,38.37812367252112,35.29030938099767,1.035743971970688,0.026538071953360047,0.9851775361487928,True,True,2
95,190799,2.898310463108934,35.71323254136755,38.41145393843783,37.91038737100299,37.05785669736215,35.29235609776974,1.036204626787581,0.014816397596502889,0.989027308911225,True,True,2
96,189735,2.882147892378752,35.64672322479585,37.638522149313516,37.791609349882734,38.01887896276386,35.20711721804588,1.0379285155307543,0.014216060762703145,0.985448484434714,True,True,2
97,199521,3.030801010015553,36.249331444115654,37.624154850867825,38.86350308990031,38.520281073170246,35.867033481008654,1.0323183065790167,0.017572605594013142,0.9737661455232799,True,True,2
98,195740,2.9733661604565156,36.01888999398882,37.877127822621844,44.10947685705528,38.38672218248697,35.59095197243044,1.0365068133051425,0.024329896939948383,0.9882555072996179,True,True,2
99,201437,3.0599057896387,36.36499608802977,44.480065727746144,38.507592944692384,39.76497366422256,35.94303521908496,1.035634215385512,0.036470307131544685,0.9642638431320856,True,True,2
100,184351,2.8003628540222696,35.3063072377907,37.18003157021117,37.2153012459927,38.00847839176354,34.87496551744437,1.037565512418508,0.013355477248111959,0.9909842554236342,True,True,2
101,186999,2.8405869962154284,35.47454971619172,36.957892822956275,37.327108701116046,37.69169353846812,35.07085918934341,1.0349311477241052,0.0140107447746733,0.983731744051849,True,True,2
102,189338,2.8761173091269834,35.621843557636225,37.785938374758366,37.378191382606765,37.9435031530913,35.19647547126267,1.0366965376040636,0.015627688977248196,0.9852942961810742,True,True,2
103,194408,2.9531325662717394,35.93700177135905,37.967352166577506,38.41655178799226,38.64864614624913,35.50271667207268,1.037148069587757,0.016803156521165392,0.9844628997049701,True,True,2
104,189153,2.873307087712431,35.61023787789007,37.306772824115924,37.242888032439346,37.33928618631478,35.16421165345879,1.0385369865260399,0.02564073103111158,0.9837263456928999,True,True,2
105,185938,2.8244699966433204,35.407330270704115,36.56706536587465,38.60568576622315,37.56267680624725,34.97509897913221,1.037534840600332,0.014281559276307055,0.9856281063688074,True,True,2
106,160921,2.4444521094657348,33.742301716237634,36.916598827996346,33.69181150999559,36.27286681042251,33.854409492063816,0.9900984587206778,0.07861853180417962,0.8400979638459207,True,True,2
107,191503,2.9090044948702567,35.75710289054902,37.77800347775231,37.01897098217783,38.23508770097597,35.3359494472878,1.0361835127225665,0.016192409727911042,0.9824593474603599,True,True,2
108,188275,2.859969928782826,35.555054525553416,37.51679723808259,37.45297038905856,39.083861372991635,35.12609250811209,1.0370854104316372,0.015164441296930783,0.9878683278932983,True,True,2
109,183836,2.7925398052195973,35.273399530514254,37.1191986335647,36.932282033986816,37.95441589242586,34.872254931399965,1.0349082757193366,0.014519961821505036,0.9931346356655242,True,True,2
110,197442,2.999220197470396,36.12298610796072,38.474432998044996,38.80068070623272,38.31029365585843,35.731357858806696,1.0332427597136398,0.016769308450240224,0.9781511530641829,True,True,2
111,188178,2.8584964613384396,35.54894744328227,38.33324830745358,37.19818469746729,38.24945530295784,35.12161311755251,1.0369477540600034,0.014483879670933524,0.9951641941126131,True,True,2
112,188007,2.8558989053282318,35.53817623683374,37.85486710601201,38.38803874323828,38.84963857728702,35.13078213472288,1.0351944947917384,0.016799164426012925,0.973112745380236,True,True,2
113,180202,2.7373379424061763,35.0394272918605,37.63675763864996,37.317920999766926,36.75294391849147,34.62131913582647,1.0366691236935683,0.012830826815993358,0.993079832639107,True,True,2
114,190727,2.897216755315162,35.708739722130034,38.127050705982896,38.3408484378195,37.61605855489784,35.301714342605564,1.0349900610132745,0.016620233327843556,0.9871630479507969,True,True,2
115,192599,2.9256531579532257,35.825187565631715,37.29129953945763,38.380380998862925,38.286117788773566,35.38574898390179,1.0377201297741618,0.02112238929035076,0.9833831470423047,True,True,2
116,183409,2.7860535103870903,35.246068253205905,37.808297302749594,37.67527220583504,37.74511610662508,34.813491059871424,1.0377417883657374,0.015981932735259725,0.988998458720828,True,True,2
117,189789,2.882968173224081,35.65010467869589,38.77971852952489,37.595824837055886,38.59662045745539,35.23409861582834,1.0358406054775169,0.01481785212832767,0.9871798516654351,True,True,2
118,191217,2.9046600444672195,35.739293549720855,37.87113593456649,38.35120308340785,37.48577270849349,35.31816500097946,1.0361997839955572,0.014803134156816798,0.9852426173072234,True,True,2
119,206733,3.1403540740250167,36.68093515788354,37.0566769698113,39.508530326556475,39.63369660383199,36.42443816079003,1.0212747930481356,0.03503694642202911,0.9340106156078131,True,True,2
120,179980,2.733965676708714,35.02503242869986,36.93881542393599,37.691837981998,36.85566729636626,34.61571348692531,1.0358950921572938,0.016761326359362724,0.9702462327244391,True,True,2
121,177682,2.6990581696241676,34.87532591967524,37.354515370155674,37.3457694082687,37.03354869936178,34.45093939410066,1.0374128401808618,0.013065245969236874,0.9881621963144319,True,True,2
122,196513,2.9851083288535363,36.06624197611151,37.13138062112939,37.603339219288294,37.19599212265855,35.680550835733165,1.032780490149078,0.017254553075636708,0.981869178682869,True,True,2
123,192793,2.9286000928419993,35.83721212468131,38.011546062357034,38.47958172755235,38.56171645236082,35.388059010141596,1.0385619892875986,0.014837602697843311,0.9823371759800104,True,True,2
124,183889,2.7933448956789015,35.27678898369645,39.13446698823747,37.294645139187224,37.52642626802038,34.8921800543577,1.0334341935403744,0.018440608225017335,0.9743174281232334,True,True,2
125,189075,2.872122237602512,35.605342404496575,38.75509189475076,38.002369430120325,37.395446251487506,35.216103282944765,1.033526467674041,0.01655666307357689,0.9816871997362556,True,True,2
126,263538,4.0032439521528005,39.77268208815821,58.89598843430549,56.65592438282145,49.72634307006959,44.52251329067906,0.7128786689218088,0.2638900234760127,0.5089102574937394,True,False,2
127,181689,2.759926046424767,35.13554343686632,37.624407641629375,37.0679898067577,37.85928702343015,34.71088014617245,1.03715376281487,0.016662606938601963,0.9736507069075231,True,True,2
128,192162,2.9190149592604726,35.798071705600336,37.6920150706175,50.653084376723804,37.61742696266692,35.35285496112623,1.0382583352142825,0.03838146118608622,0.9752142223194841,True,True,2
129,185658,2.820216688556431,35.38954829840609,37.8828275646619,37.48137974124465,37.86992211485635,34.97111758060548,1.0363263104484044,0.015294346850600634,0.9859364683744262,True,True,2
130,186023,2.8257611794554123,35.41272483695998,37.58893255135118,37.070604172602316,36.81796874580025,35.00386576490908,1.0354520816493922,0.01627041751622094,0.9901666761821629,True,True,2
131,194524,2.954894651050594,35.94414801937112,38.4691246324361,38.52693755012235,37.97832144105612,35.56045418489009,1.0327202297535025,0.016475929423563466,0.9902966657400386,True,True,2
132,174921,2.6571175138102285,34.69373956573465,35.84383807547407,38.13602140394807,37.22024799766752,34.24425342350056,1.0398967839038151,0.019956112355586017,0.9748445340125222,True,True,2
133,179860,2.732142830385761,35.017246492591674,36.74952185032803,37.768797953964196,38.28216946513955,34.614769206072125,1.0352891412267347,0.016268639784655613,0.9807522099351911,True,True,2
134,367943,5.589196205051863,44.4526147691647,44.959534493114425,70.02390859453774,55.7490018834439,47.79069648961111,0.8047516135385029,0.3247992316057921,0.4136922166329079,False,False,2
135,179742,2.7303503648348575,35.00958694434186,36.966385152051274,37.68332387533242,36.79139544458168,34.59677438619767,1.0362251581825193,0.014863557780730344,0.9871040395676631,True,True,2
136,190848,2.8990547920241396,35.71628950814358,37.886731849429914,37.547210345405766,37.93656208081824,35.313544483531395,1.034606188482673,0.02198306400886081,0.991665655022266,True,True,2
137,254692,3.8688697973791295,39.32260053824134,39.08381888712641,93.48429082970804,52.42995461184489,44.93302027645066,0.6702392537026226,0.28441923814001896,0.5028129841021924,True,False,2
138,181784,2.761369133097104,35.141666161293315,37.33833560709413,36.643301940764864,37.31979712185891,34.727027654450126,1.0362491980936868,0.01484335135332979,0.9859526963958496,True,True,2
139,184074,2.7961551170934538,35.28861499221115,37.131246129274096,37.297988852309395,37.5630344318046,34.89443014724556,1.0342737668026785,0.022950884540352826,0.9686799566139398,True,True,2
140,189678,2.8812820403753494,35.643153216226196,37.6204356857411,38.539329811575406,37.46004808148547,35.23731223999815,1.0349515709535269,0.0161423908780246,0.9855904584952552,True,True,2
141,215194,3.268879930179214,37.17467522203558,39.07909607145181,44.21775235369016,40.945709452865785,36.72681585307434,1.0370309465819931,0.02864550661515434,0.992650015780184,True,True,2
142,185489,2.817649513318272,35.37880695443504,38.16784822819682,36.933171239264865,37.78012712344128,34.97287078036648,1.035227263295865,0.01530980166489592,0.9955761418561349,True,True,2
143,184507,2.8027325542421084,35.31626330181178,38.76526635845794,42.944159300189156,37.93176952635943,34.911992151823185,1.0351429874137739,0.07539300411969603,0.961683977572497,True,True,2
144,181634,2.7590905751934134,35.13199772612573,36.76878227644604,37.36122642236586,36.61258354713325,34.703815182014836,1.037473165739602,0.01360072354156496,0.9874887566826417,True,True,2
145,180510,2.742016581301755,35.059378977226274,36.417162484072904,36.56770816021273,37.04035787490998,34.63131570251539,1.0375419915396284,0.013776057104071895,0.9881549504909898,True,True,2
146,182261,2.7686149472308417,35.172376481356224,36.381688896692104,37.729426481803564,37.2759504227454,34.78514272529935,1.0337696328905717,0.01713909496508376,0.9713579639132027,True,True,2
147,188810,2.868096785305991,35.588700283162204,38.37814734389068,39.38662676765002,37.73030030189079,35.17732896584558,1.035494514277823,0.015658209675661377,0.9831319641025409,True,True,2
148,191776,2.9131514702549746,35.77408618257428,37.82659978308026,37.655785916903056,37.94118659269147,35.380432479499,1.0337516954618011,0.018760517431602727,0.97591846778011,True,True,2
149,184522,2.8029604100324774,35.31722031987345,38.38585642904369,42.90346950499127,36.940673740800555,34.866543826697,1.0392806579424774,0.031243438182782097,0.9759850739516941,True,True,2
150,175641,2.6680545917479455,34.74127587752717,37.40780341719758,36.813312381505455,38.097209649227686,34.308094954018785,1.038358880591394,0.013915142314581127,0.9928402535566978,True,True,2
151,176417,2.67984233130304,34.792364223190646,36.92718955656201,37.10788642817869,37.332547316868556,34.33570720382537,1.0404323151270425,0.016211976535358375,0.9795342660123055,True,True,2
152,175189,2.661188537264823,34.711448851125965,36.9920657118883,37.71553579277238,37.04198322954067,34.29848344347506,1.0365576753408374,0.014280900338309546,0.9922054615717072,True,True,2
153,180904,2.7480015933954505,35.08486852960442,37.939934993145535,36.62538141776854,36.54183987087074,34.683256215274874,1.0351420901520436,0.017684018616969346,0.983453429101942,True,True,2
154,184727,2.8060744391675216,35.33029437183157,36.99765058708256,37.2644118076946,37.19825472183276,34.91008322784245,1.0365472776668754,0.015667624871660013,0.9888654901826451,True,True,2
155,193270,2.9358459069757368,35.86674340347741,38.301728152325765,39.20559321156931,37.96608889118849,35.55521525014429,1.026516420266874,0.02933283637480393,0.9685732852296225,True,True,2
156,181372,2.755110694054966,35.115097416151045,37.19080673973932,38.767439296032464,36.75931786604327,34.718433308363075,1.0346686141984378,0.016533952528002792,0.9884741804621683,True,True,2
157,187606,2.8498075605323643,35.512891801430825,37.551325650565545,37.324680447320446,38.53212583819281,35.12177471841591,1.0337814997772081,0.018137365281798493,0.9812796878607648,True,True,2
158,585743,8.897662281211202,51.90463793916374,32.07959463450694,70.73557003668844,84.54279777991371,53.89383672490955,0.8933079335041578,0.3292978285147915,0.5178456544569892,False,False,2
159,169010,2.567327142018778,34.29845816888291,36.60137269984025,36.60481036625052,37.712105792556656,33.86140299413876,1.039223471730495,0.016543014639843236,0.9927469661550092,True,True,2
160,193999,2.946919698387675,35.91178238175537,37.68608601075263,38.11700060309589,42.17420708354167,35.680978924579506,1.0195313841309201,0.04526837522872108,0.902069567459133,True,True,2
161,180781,2.746133175914424,35.076915108180465,37.29390809874931,38.170028930031364,37.564284963574714,34.6721984684371,1.035428310595618,0.016648512052340008,0.9850045813687327,True,True,2
162,191706,2.912088143233252,35.76973302962812,59.97388188163125,50.33344809239147,37.89270028063806,35.260180909328355,1.0439831464735732,0.14217658401906202,0.9351846633015258,True,False,2
163,181707,2.7601994733732096,35.13670369587606,38.210162514377544,36.87432514982912,37.568591193514834,34.71955368914567,1.0364793345580463,0.01637768435976752,0.9888201219424265,True,True,2
164,194366,2.9524945700587057,35.93441363578625,42.191725919142236,38.15196587880597,38.31092372122696,35.53716520920959,1.0339114476190543,0.022783762930175658,0.9927077041850634,True,True,2
165,191421,2.907758883216239,35.75199853007004,38.33356841725829,38.26872182257955,36.27398247841146,35.854030401178846,0.9914869998615728,0.2122949956315313,0.8328430756912346,True,False,2
166,179061,2.7200057119521004,34.965316634264894,36.91159995755636,37.70523452901525,37.51992337806669,34.54220599648505,1.0371992327210409,0.015383502250140138,0.9894502492849092,True,True,2
167,183451,2.7866915066001234,35.24875845540225,36.8725654261901,37.801369302974635,35.971267531929506,34.8431850848336,1.0353279310114871,0.015869955389283607,0.978594308475064,True,True,2
168,189510,2.878730055523216,35.63262692341111,39.460556171178304,38.550825813941216,39.742467415967496,35.29575803025142,1.0289066683729515,0.03012108264011183,0.9905761068385734,True,True,2
169,207753,3.1558482677701156,36.74116290534641,38.275009265810844,39.167622128200314,38.88279832300857,36.29893681300599,1.0369957583324865,0.028889051883662944,0.9820093402543655,True,True,2
170,175371,2.6639531875213014,34.72346501130035,37.101265317526845,37.656841781138276,36.61264405175314,34.314331989947334,1.0361974588873764,0.015609212293547333,0.9882386792490365,True,True,2
171,171823,2.610057697905997,34.48769978943581,36.397036485220255,35.448211240637164,36.45149368827224,34.05312456670662,1.03877571281526,0.014139089435189033,0.9899882307998294,True,True,2
172,224602,3.411791081898714,37.708709508631,45.5401154041371,57.35810455828532,100.84295776529149,42.422434037703994,0.7023252148202712,0.40519546467434386,0.6729550140317729,True,False,2
173,170985,2.5973281544173767,34.43154160317679,37.08647542182063,35.1931982337632,38.15816007252098,34.04739045318356,1.034231853955013,0.024327268300932056,0.932771086940662,True,True,2
174,201677,3.0635514822846055,36.37943258714717,38.622455708881034,38.33171358161813,38.45861947569629,35.94000230939382,1.0371306311488304,0.018229983106997142,0.9828523089540521,True,True,2
175,198163,3.0101724657941373,36.1669028609871,38.131578548972314,37.88137038700464,39.60786322370977,35.71949132732932,1.0380497361657142,0.01996376396715549,0.9826485674722678,True,True,2
176,178829,2.7164815423943915,34.95020919528266,37.35476908107746,36.77046228519983,37.18384042856584,34.56323143333566,1.0339661489614043,0.0182739077832799,0.978406126353947,True,True,2
177,165205,2.50952772319515,34.03910971289511,35.58538179837172,36.58563602796526,36.14220513906964,33.62054357704799,1.0378160563013532,0.020781036113621327,0.9896228728838219,True,True,2
178,179620,2.7284971377398555,35.00166422487947,36.817865493820285,37.09072486360093,36.578710611290504,34.57450710491071,1.0375238533570348,0.015456479560811523,0.9949866191343062,True,True,2
179,171326,2.6025080760517674,34.45441565467942,35.58995132087366,37.040443365280225,36.61868017697255,34.05351133222421,1.0357357509808733,0.01569158608519439,0.9838903882240608,True,True,2
180,171498,2.605120822448,34.46594178505902,36.55970915112713,36.82900092129354,36.78018402546969,34.05001501139239,1.0370949684405675,0.015212983773646601,0.9890454873455814,True,True,2
181,213474,3.2427524662168907,37.075367069063354,56.962758930829985,44.448087354900366,50.6952040997967,37.76160709164522,0.9464658993768865,0.21502881397496015,0.6558111680604919,True,False,2
182,166827,2.5341665293270617,34.15014695868493,41.4555257841956,35.623112565711786,36.74596438226426,33.716252408880436,1.039105973638081,0.017573832201237684,0.9877521616026788,True,True,2
183,178344,2.7091142051724573,34.91858457314275,36.77715538509846,35.952580406405595,37.71941865159467,34.483451049898946,1.0383355542367998,0.016652073493328045,0.9765614843283678,True,True,2
184,267056,4.056683730187367,39.94887713154465,37.326362261098794,79.63746929482954,42.73902851836319,44.73485047235694,0.7121570211908024,0.3095629353120316,0.41625619540449843,True,False,2
185,174800,2.655279477101251,34.68573802823606,36.73315217391304,36.78112700228833,37.0749942791762,34.27442005368488,1.0364359631301239,0.015065908402355221,0.9844394638661049,True,True,2
186,190604,2.8953483378341356,35.70106187281894,39.12546955992529,37.35973012108875,38.51760718557848,35.31192307031459,1.0334257819408925,0.02033595362269746,0.9825229869136852,True,True,2
187,177520,2.696597327088181,34.86472360632535,37.92880802163137,39.94642857142857,36.44890153222172,34.44827328872448,1.0367076571745224,0.03253925961140361,0.976111045510264,True,True,2
188,170449,2.5891861075081875,34.395525530844665,36.46919606451196,37.240511824651364,35.997359914109204,33.97180737501667,1.0378865634968237,0.015260951561032193,0.9913252042009926,True,True,2
189,175633,2.6679330686597487,34.74074841065479,37.04611320196091,36.737099520021864,37.68925543605131,34.3498924828182,1.034525891051346,0.017424513860371398,0.9915916297427525,True,True,2
190,174715,2.6539882942891597,34.68011490514391,36.78218813496265,38.19573018916521,36.90678533611882,34.29114970779783,1.0344165117823299,0.016568383306785655,0.9954345895249486,True,True,2
191,178455,2.7108003380211887,34.925827427854074,36.1649939760724,36.52496147488162,36.920131125493825,34.5285483169039,1.034916121457394,0.01761554588919688,0.9853671214593881,True,True,2
192,184800,2.8071833373473183,35.33494767432279,37.94922077922078,37.81011904761905,37.171103896103894,35.0030222674737,1.0287189138023614,0.03953514096121749,0.9549152743074211,True,True,2
193,169684,2.577565462199363,34.34399097529891,36.465353244855145,35.92506070106787,37.07536361707645,33.93228991947622,1.0368424678945656,0.015321145006345075,0.9858709574291882,True,True,2
194,209261,3.1787553698952227,36.829845387931286,36.88925791236781,47.00998752753738,36.39488007798873,37.86200126453482,0.9204262375069466,0.2670767649460418,0.5898371572099043,True,False,2
195,201298,3.057794325981279,36.356629704558465,35.87904996572246,33.77860187383879,38.952860932547765,36.28860805076522,1.005633936477226,0.05297853043846218,0.906946900347272,True,True,2
196,184575,2.8037655004917816,35.320601368371406,39.22804821888121,58.87444128403088,37.505956928078014,35.636582113086135,0.9736349040318583,0.2603199521587616,0.8467272083066868,True,False,2
197,204634,3.1084694537593673,36.55636975448627,37.929913895051655,39.28139996286052,39.17222455701398,36.12395922830149,1.0363421305007448,0.019208047191226665,0.9851575084167655,True,True,2
198,175625,2.6678115455715514,34.740220927764916,36.29369964412811,37.36025053380783,36.54501352313167,34.37839606441223,1.0319078017151952,0.02058689978769499,0.9711124629181205,True,True,2
199,169298,2.571701973193865,34.31792910836131,36.31040532079528,37.6356542900684,36.100975794161776,33.9102982687082,1.03649781043127,0.01625564154422292,0.989873021901825,True,True,2
200,191643,2.911131148913702,35.7658142858577,41.199255908120826,39.90488564674943,37.36039928408551,35.69121135281024,1.0062838141108823,0.057382792191117825,0.9001252152088456,True,True,2
201,181598,2.7585437212965274,35.12967650967651,37.383825813059616,37.43328120353748,37.17069020583927,34.69367987605047,1.0381768758882712,0.02852169672570847,0.9924359685982967,True,True,2
202,182874,2.7779266538639256,35.21176420943346,38.46140512046546,42.067839058586785,38.44818837013463,34.78860469563179,1.036936886883973,0.08199149568288355,0.9612494652722511,True,True,2
203,198463,3.0147295816015194,36.18514474625734,38.10430659619173,38.79712087391604,37.98105944181031,35.80254969655951,1.0324025626802442,0.02008320701345526,0.9905471588189144,True,True,2
204,176568,2.682136079592756,34.80228796220674,45.33811336142449,36.55409813782792,36.35469620769335,34.25988757071104,1.0482517308561268,0.059160366031493224,0.9271505895015723,True,True,2
205,177529,2.696734040562403,34.86531279291435,38.88436818773271,39.923291405911144,37.56467394059562,34.45171137180953,1.0364498595251699,0.025957343998765953,0.9754504813078196,True,True,2
206,185694,2.8207635424533164,35.3918355531094,37.384993591607696,40.18166445873319,37.20233825540944,35.11618289972316,1.0237345370602475,0.04159687062412297,0.941229263853129,True,True,2
207,176078,2.6746927904406985,34.770064455549026,36.309658219652654,36.8178364134077,37.142578857097426,34.38782714201655,1.033718484742023,0.017448553255976166,0.9819016233240442,True,True,2
208,169155,2.5695297479923465,34.30826400849537,36.19764712837338,36.34037421299991,36.214489669238276,33.916902648659544,1.0350174588633225,0.018275083276128867,0.9746902794955262,True,True,2
209,166488,2.5290169884647202,34.12699972576709,37.14883354956513,35.54634568257172,35.84841550141752,33.732707667398145,1.0354776249156972,0.016929843184259524,0.9721441932033656,True,True,2
210,173632,2.6375371062245105,34.608309513248216,36.22760205492075,37.61880298562477,35.68665338186509,34.20979540104504,1.0353560558100738,0.018886463848552318,0.9755436311220499,True,True,2
211,171500,2.605151203220049,34.46607576449437,36.70379591836735,37.60682798833819,36.31859475218659,34.074796630292795,1.0348459338798717,0.018507425569334587,0.9797346266175232,True,True,2
212,164694,2.501765435936576,34.00397770543357,35.49026679781898,36.455663229990165,36.53217482118353,33.59063510892524,1.0373720020110604,0.015388765844020326,0.9865076114096483,True,True,2
213,171512,2.605333487852344,34.46687961923308,36.63677177107141,36.96444563645692,37.0107106208312,34.08653164410387,1.0338498328849919,0.017804777642413984,0.9865583736689532,True,True,2
214,184695,2.8055883468147345,35.328254181517394,37.4539105010964,36.69985110587726,37.56402717994531,34.95772075162168,1.0321366574305029,0.022314521255363803,0.9807458440584707,True,True,2
215,502827,7.638136233594913,49.32987255614846,28.206285660873423,75.94855288200515,51.92148790737172,52.195168298154016,0.8441878039928263,0.29777861231485625,0.464242764357973,False,False,2
216,190194,2.8891202795640467,35.67544516095276,34.53113137112632,38.79311650209786,40.162313217031034,35.54801754122468,1.0107925807933482,0.04667920835022116,0.9178146308339347,True,True,2
217,186407,2.831594287688861,35.43707512359517,38.26918517008482,37.66191720268016,37.37573696266771,34.99885916789539,1.0380348710187648,0.018104706597241522,0.9830174783180727,True,True,2
218,182189,2.76752123943707,35.167744397611905,37.481346294232914,37.279133207822646,37.80340745050469,34.783334350447596,1.0335224355015828,0.021363114866201585,0.9809664879707162,True,True,2
219,183876,2.7931474206605813,35.27595766867479,37.69169440274968,37.194582218451565,36.91830907785682,34.90498572806017,1.0322242174552052,0.021881430889467115,0.9696069360316817,True,True,2
220,179980,2.733965676708714,35.02503242869986,37.643410378930994,37.14285476164018,36.60817868652072,34.63008780130655,1.034605684347096,0.01821431218774978,0.9844753347399667,True,True,2
221,184569,2.803674358175634,35.32021864065531,38.50647725240967,37.37907232525505,37.73107618289095,35.00209948640925,1.0275142777764137,0.026763723890523367,0.9793577246840496,True,True,2
222,190012,2.8863556293075683,35.664062041282264,37.50663116013725,37.34172052291434,37.995184514662235,35.518282426176114,1.0123636692051066,0.05606282179938098,0.8780315528871018,True,True,2
223,189627,2.880507330688095,35.63995839173449,37.66649791432655,38.49738697548345,37.770760492967774,35.30052676150815,1.0291247118855433,0.029390155790646896,0.9674068071852302,True,True,2
224,187231,2.844111165773137,35.489214133874235,37.23268582659923,38.071558662828274,37.928927367797,35.076349290959726,1.0357286486192443,0.01827989214273342,0.9938396003332146,True,True,2
225,173036,2.628483636153845,34.56866590278551,37.091212233292495,36.26014817725791,36.40664948334451,34.171571948860375,1.035268464937361,0.019059488083972915,0.9770559587531954,True,True,2
226,180240,2.7379151770751116,35.041890092227234,36.68316134043498,37.8912006213937,37.34616067465601,34.63310926885461,1.0358291295982442,0.018693872812805337,0.9889079013880704,True,True,2
227,175397,2.6643481375579414,34.72518092685073,36.89561395006756,37.67424186274566,36.949343489341324,34.37860703922142,1.0305491846366637,0.021533268226686043,0.9879623196383256,True,True,2
228,178765,2.7155093576888167,34.946039326709304,32.64660308225883,39.32894022879199,39.02226945990546,34.7297372713349,1.0188010648360721,0.04390140357829165,0.9371513012449365,True,True,2
229,173859,2.6409853238520964,34.62338481649344,36.915759322209375,36.76316440333834,39.33715252014564,34.232755865597305,1.0346250265965613,0.020131166182449586,0.9817417502775038,True,True,2
230,174902,2.656828896475761,34.692483370232985,36.84688568455478,36.050708396702156,37.52522555488216,34.34638954016079,1.0305353477543477,0.023198525805283494,0.9655908914922351,True,True,2
231,172008,2.612867919320549,34.500072863257465,37.58268220082787,37.16569578159155,36.87948816334124,34.11143595075459,1.034570359008007,0.018532929660684743,0.9839488123068506,True,True,2
232,184441,2.8017299887644844,35.312051806026176,37.92735346262491,37.82004543458342,76.5978280317283,35.47403934260168,0.9863633543840336,0.2729554564682079,0.8835714695981725,True,False,2
233,177691,2.699194883098389,34.87591474809508,36.961523093459995,36.30554164251425,38.2088456928038,34.50846876450573,1.0322853299487256,0.02160499874639201,0.9799753827195695,True,True,2
234,172999,2.627921591870934,34.56620180703997,32.99718495482633,36.52454060428095,37.11153821698392,34.31114467861596,1.022467146024093,0.029897358277658454,0.9619404603499035,True,True,2
235,178778,2.7157068327071365,34.946886411801124,38.63177795925673,37.992208213538575,37.63479287160612,34.64024638091124,1.0267921701500506,0.04796879092484695,0.9534536623513559,True,True,2
236,169327,2.5721424943885784,34.31988849973817,36.40662150749733,41.75342384852977,35.91133723505407,33.879252872719064,1.039527855717405,0.0665270866351573,0.9720760470195092,True,True,2
237,161020,2.4459559576821706,33.74921981698591,36.442535088808846,35.51204198236244,35.405564526145824,33.3311669121934,1.0381011155581352,0.01686785899291001,0.988030132075905,True,True,2
238,725254,11.016888225890108,55.73574892518214,29.738497133418086,96.69018991966952,92.41033486199318,60.423733981923725,0.7848358711269307,0.2984263043530731,0.44965280988268713,False,False,2
239,188444,2.862537104020985,35.56568969083513,38.11511642716138,41.83971896160133,37.09682452081255,35.59764206772964,0.9973096219389009,0.06201396300628605,0.8785856873851087,True,True,2
240,171601,2.6066854322085344,34.47284037191177,36.61081229130367,38.25725957307941,33.12824517339642,34.25561059714069,1.0191452055560906,0.04251478840301375,0.9299029771491047,True,True,2
241,197480,2.999797432139331,36.125303388342154,38.53275774762001,37.611661940449665,41.00708932550132,36.04824359630071,1.0064267740630866,0.06615670671272661,0.8768039698339272,True,True,2
242,181348,2.7547461247903757,35.11354848262679,37.4977446677107,37.44671019255796,36.55734830271081,34.785028686806065,1.0286012871903574,0.023809844194571085,0.9591279671796593,True,True,2
243,165194,2.5093606289488792,34.038354210100614,32.59635943194063,35.781626451323895,36.418217368669566,33.71480565377459,1.0290670634402643,0.025610204685782074,0.9689578966123852,True,True,2
244,165126,2.508327682699206,34.033683084531305,36.235323328851905,36.62590991121931,36.71817278926395,33.623216120418306,1.0370724445239439,0.019181888635773255,0.9847579585664594,True,True,2
245,199527,3.030892152331701,36.24969480404355,39.02574087717452,38.14773940368973,42.629283254897835,36.34442731507844,0.9922008013103966,0.06734966132668566,0.8599317770585865,True,True,2
246,182645,2.7744480554642905,35.197060347528684,39.0001040269375,37.094182704152864,38.742730433354325,35.00841574300926,1.0162529163860199,0.06008575045050274,0.8994329890922603,True,True,2
247,179795,2.7311554552941617,35.01302766448857,37.85333296254067,30.055446480714146,45.561133513167775,34.93937721022469,1.006337189215178,0.06139528367684734,0.9012063482626825,True,True,2
248,177326,2.6936503921994075,34.8520185181369,37.794040355052275,36.275244464996675,39.86124990131171,34.55503769188434,1.0260055151759442,0.041786979274322913,0.9474353812849976,True,True,2
249,143749,2.1836028006511885,32.49666107608434,36.40450368350388,35.23609903373241,33.189552622974766,32.63421917722696,0.9874077801120646,0.09225147523125661,0.8267545659877796,True,True,2
250,237544,3.608385057829174,38.41950974002072,61.931078031859364,36.995853399791194,62.943324184151145,40.09911394787213,0.8795309509788598,0.2544703758656839,0.570951394490299,True,False,2
251,175245,2.662039198882201,34.715147017207684,37.38974578447316,36.865354218379984,29.45742817198779,34.4911758809175,1.0196075070718502,0.05453007395498605,0.886080182603883,True,True,2
252,182855,2.777638036529458,35.21054470549252,37.91538103962156,38.562483935358614,36.30310355199475,35.13571469741041,1.0064028431308736,0.0617207022096654,0.8885181766632569,True,True,2
253,211328,3.210153897808085,36.95071200079368,34.932394192913385,39.98857226680799,40.156633290430044,36.90675534967642,1.003577314615977,0.071730785326874,0.8630772409702201,True,True,2
254,204027,3.099248889442431,36.52018858402313,40.19370475476285,37.720782053355684,40.16514971057752,36.35510660623184,1.0136844093182538,0.056965950168335354,0.9048232556727074,True,True,2
255,194221,2.950291964085138,35.92547553924652,36.695547855278264,38.1607292723238,41.0513178286591,36.12927581801541,0.9831726908649003,0.06817728636087629,0.8354689039846304,True,True,2
256,177621,2.6981315560766665,34.87133444730795,39.312277264512645,38.80962836601528,35.529160403330685,34.81438888648725,1.0049151019509253,0.06364077825947613,0.8738569492345288,True,True,2
257,203027,3.0840585034178245,36.46042522394956,68.10091761194325,41.85783171696375,39.79847507966921,37.254181438776854,0.9374327285342071,0.16355963712450958,0.7653207787740531,True,False,2
258,174148,2.6453753454132074,34.64255862788785,36.96176240898546,39.42447803018123,35.20332705514849,34.5156236414232,1.011073452766913,0.05884127646272577,0.8864306740830926,True,True,2
259,165927,2.520495181904916,34.08862500564362,37.80698741012614,35.185274247108666,36.50084073116491,34.05407226769779,1.0030470195961054,0.052240646555948435,0.887997998946183,True,True,2
260,193663,2.9418157286834075,35.89103771851458,40.007358142753134,33.988438679561916,38.70136267640179,36.003238373833504,0.9906798920622135,0.07819195897841859,0.8374073004093154,True,True,2
261,179565,2.727661666508502,34.99809133386001,38.765032161055885,37.27645699328934,36.759463147049814,34.921231651593516,1.0066173757283539,0.06177185878254907,0.8846194674885126,True,True,2
262,201120,3.0550904372688996,36.34591029267852,42.051586117740655,29.38059864757359,38.682269291965,35.93136316073076,1.035012440306835,0.09952514877415328,0.81737177109702,True,True,2
263,188165,2.85829898632012,35.54812880887022,39.56085350623123,37.89393351579731,37.70731007360561,35.38871453933003,1.0135749595001395,0.05631432391620215,0.9005008427897352,True,True,2
264,429513,6.524468272586898,46.805393552592925,26.45956932619036,51.13267584450296,74.98482001708912,47.94344925024852,0.9304646464132168,0.23869359142294164,0.5152187643683596,False,False,2
265,196323,2.982222155508861,36.05461459326985,45.498479546461695,40.04036205640704,39.43255757094177,36.88311088416508,0.9341141263535053,0.2082631840322915,0.654161463801969,True,False,2
266,179267,2.723134931473169,34.97872006442841,36.990238024845624,36.67008986595413,37.1742484673699,34.68813535106618,1.0253423040136653,0.04390501875402096,0.9639137437613436,True,True,2
267,175804,2.670530624669956,34.752019529092614,37.06029441878456,37.19175331619304,36.49004573274783,34.514517458753815,1.0207860466709302,0.043292636448768025,0.9323355677351899,True,True,2
268,178788,2.7158587365673825,34.94753798777513,40.43215428328523,47.05216233751706,37.243422377340764,35.19578615686716,0.9789888507900337,0.09397215138161256,0.8421920327296104,True,True,2
269,189258,2.8749020782450145,35.61682581345766,39.15667501505881,38.16819368269769,38.01047776051739,35.11057967920535,1.043882549841442,0.1417644629951818,0.8251041012391283,True,False,2
270,163696,2.486605430684018,33.93515360543263,37.10115091388916,36.022920535627016,36.14483554882221,33.81456551402603,1.010736672523369,0.06527783798385617,0.8742809131818016,True,True,2
271,164269,2.495309521876118,33.97470293029857,37.46839634988951,36.20219274482708,38.6568859614413,33.886074269817975,1.0078670077718426,0.06404162626144466,0.8803822221450766,True,True,2
272,161539,2.4538397680289417,33.78544111387506,35.855688100087285,36.35302310897059,36.50949306359455,33.439132634646,1.0313920251027944,0.03424214281177351,0.9710079967997578,True,True,2
273,171496,2.6050904416759506,34.46580780458202,36.208238093016746,37.42805663105845,45.63661543126371,34.46743796654159,0.9998581195797592,0.08158481350065759,0.9010751639917203,True,True,2
274,193501,2.939354886147421,35.88102725341571,34.72614611810792,39.82191306504876,37.98342644224061,35.4031332965949,1.0410450025542854,0.10075164973096366,0.9186644827055491,True,True,2
275,162559,2.4693339617740406,33.85640203978972,37.088613980154896,37.25413542160077,35.465154190170956,33.88232952103179,0.9977060922545148,0.06342099657495079,0.8696194890233296,True,True,2
276,442597,6.723219283332852,47.27591598582751,26.375795588311714,98.52978895021882,83.63438523080816,49.5317671554005,0.8694976019093643,0.30144101178104954,0.4615271550496812,False,False,2
277,156075,2.370839498790491,33.40013673632612,36.880307544449785,25.321275028031394,39.164677238507124,33.56612215785283,0.9852381543105285,0.08620342017408812,0.819671083780587,True,True,2
278,778568,11.82674846640599,57.06931329903934,70.30424317464885,72.78371959803125,99.08204036127866,58.79730478508108,0.914398876667784,0.31083093376278004,0.42553284765067295,False,False,2
279,189699,2.8816010384818664,35.64446856574113,35.84440613814517,38.898697410107594,40.574409986346794,35.84489246827941,0.9833193526625779,0.094984989059145,0.775406244953403,True,True,2
280,162000,2.4608425359862856,33.81754955360479,37.05589506172839,35.03025925925926,39.15888271604938,34.059299589633774,0.9788570366353205,0.0771978423316979,0.8374481474192992,True,True,2
281,157492,2.3923642757873584,33.50091196630528,35.06669545119752,36.224328854798976,36.293868894927996,33.647428368739675,0.9869934194990917,0.07984672186482815,0.8220520640992455,True,True,2
282,206775,3.1409920702380503,36.683419029928984,41.884033369604644,36.37796155241204,40.87211703542498,37.148838047903986,0.9628834391322423,0.1008038458797741,0.7846999366824055,True,True,2
283,158090,2.4014481266300733,33.543259604694235,36.7728066291353,36.06772091846417,33.94032513125435,33.61100794572929,0.9939652025323528,0.08119363720214452,0.8332239380173827,True,True,2
284,184673,2.805254158322193,35.32685141397506,37.126455951871684,41.21320929426608,28.31886090549241,35.440319912586915,0.9904256848988993,0.1221235295841771,0.7598756433310616,True,False,2
285,952743,14.47253395224186,61.042041869484365,45.366851291481545,86.30421635215373,128.30323182642118,78.76059680740701,0.46554338739446743,0.3405107666624512,0.26167491166301443,False,False,2
286,155966,2.3691837467138086,33.39235957204234,42.30218124463024,37.113967146685816,40.93519741482118,33.75996904135933,0.9676876661958771,0.11496643418769138,0.8231998115264667,True,True,2
287,186325,2.8303486760348435,35.431878132861556,40.50697973970213,38.08305380383738,76.43385482356098,34.909177673642716,1.0455954019144362,0.31934990701546917,0.717816866722437,True,False,2
288,142341,2.1622147371285423,32.390212785829576,35.57405807181346,34.56813567419085,31.672069185968905,32.47335335033691,0.9923388370504674,0.07390952542357081,0.833599337097664,True,True,2
289,166823,2.5341057677829633,34.14987401789476,34.796862542934726,36.95561163628516,37.37657876911457,34.37398639602399,0.9805677720126512,0.07932105059362146,0.8302276425118343,True,True,2
290,181438,2.7561132595325906,35.11935627890687,18.728882593503016,62.03378013426074,71.3644660986122,37.23704722653964,0.8389072235328199,0.25690206165109725,0.5824929948677119,True,False,2
291,479395,7.282195108266329,48.551385777750816,24.23908676561082,90.67758737575485,64.84590160514816,51.170053208560574,0.8541955116448053,0.3034591747425041,0.39486030851034765,False,False,2
292,880680,13.377869164150628,59.46250142215923,44.168858155062,127.71094495162829,126.67704387518735,66.60213974250169,0.711647582246768,0.32286109755551606,0.3905044667102602,False,False,2
293,139312,2.1162030578600084,32.15881020743967,36.24929654301137,34.39499827724819,33.47760422648444,31.740244708887893,1.040085652751689,0.07222388893018598,0.8933618340117607,True,True,2
294,132818,2.0175566910162126,31.65114622483413,34.41629146651809,32.38581366983391,33.51179809965517,31.686697230500044,0.9966379139728014,0.07520674118791969,0.8414599007639811,True,True,2
295,132991,2.0201846277984696,31.66488249704925,31.355219526133347,37.02376852568971,37.30093765743547,31.632275333840514,1.003095647073453,0.08699961612463751,0.8180772114879239,True,True,2
296,240493,3.653181506215739,38.577843198339345,18.78466317106943,89.58653266415239,65.53107990669167,42.914360580478686,0.7264502753857196,0.31571805528987407,0.48975531241097525,True,False,2
297,198297,3.0122079775214345,36.17505317664497,48.93109830204189,44.00876463083153,71.38115553941815,39.94221502346218,0.7429012663854079,0.3261690434224092,0.44656477959664276,True,False,2
298,474093,7.201655681563864,48.37173272759542,46.2317836373876,95.11431090524432,72.35005579074148,57.03834412819265,0.6099218703815832,0.35516559276023557,0.4677004050280927,False,False,2
299,122127,1.8551562740271423,30.778044735322858,37.044805816895526,35.310668402564545,31.154175571331482,30.55755925055592,1.0218028086246618,0.09692442571297796,0.8683860288874129,True,True,2
300,229482,3.485920165698795,37.97985820295618,24.353008079065024,72.1976582041293,54.55784331668715,38.54093870448267,0.9569586061534731,0.28572207248296255,0.6115072318124074,True,False,2
301,187525,2.8485771392643713,35.507780098671546,33.74949473403546,38.179362751633114,38.57114518064258,35.25884648357582,1.0213304141533945,0.13714099956706968,0.8341439606152813,True,False,2
302,281604,4.277673466073345,40.66150071793638,19.00007102171844,80.39527847615801,78.88217852019147,43.91627283187779,0.7937318117211705,0.3192118144573147,0.44321322714981826,True,False,2
303,187309,2.8452960158830565,35.494141691078184,37.624940606164145,38.25992344201293,37.860855591562604,35.0760261070322,1.0361887719894929,0.15971645341464621,0.9716215680514398,True,False,2
304,202908,3.0822508474808963,36.45330032828756,32.420791688844204,43.083998659491,62.83446685197232,42.047772797319716,0.6516007421557165,0.3272873285242562,0.40370318521366677,True,False,2
305,249454,3.7893025553822395,39.05116138093076,17.395583955358504,56.74015249304481,86.2569531857577,42.348689349198764,0.7841189348615871,0.33329649070012635,0.4683577669847307,True,False,2
306,251951,3.8272329492856825,39.18102793071745,25.893689646002596,54.5852566570484,51.96741429881207,38.980397431887624,1.0155204862446314,0.2261426213795498,0.617048867369808,True,False,2
307,164421,2.497618460551858,33.98517876129603,39.9263658535102,38.66614970107225,36.22182689559119,33.13046330201368,1.0794092822668324,0.19230396375226913,0.9043940238903156,True,False,2
308,126949,1.928404315437796,31.17790228842765,36.497861345894805,30.516916241955432,31.36632821054124,32.07214986922289,0.9186634903958469,0.1437218729164786,0.652734428977684,True,False,2
309,126722,1.9249560978102103,31.15930792791533,37.84586733163933,29.897326431085368,37.88871703413772,32.839107045496476,0.854258662123898,0.16042678063082214,0.6058134645599895,True,False,2
310,920228,13.978618550651774,60.33957932937884,62.56451770648144,134.16703251802815,71.04881833632534,76.20095936984758,0.4965071612189126,0.7032087869149956,0.41324731279143406,False,False,2
311,107873,1.6386325116323985,29.530766241273234,34.69318550517738,31.99607872220111,31.71332029330787,30.805796183530063,0.88090045511543,0.16227545537016885,0.6177886583598349,True,False,2
312,199446,3.0296617310637077,36.24478883025076,35.36131584489035,78.02324438695186,54.015843887568565,34.379104597183876,1.1717987691248186,0.3233691649875514,0.5943315375572586,True,False,2
313,163474,2.4832331649865558,33.91980602558818,32.47729302519055,51.122068341142935,58.78524413668229,33.39142318431776,1.0482268774795072,0.34986166503113203,0.5515342184236902,True,False,2
314,119832,1.82029433810067,30.584031535841703,35.34911375926297,36.95189932572268,29.08691334535016,32.30042556059331,0.848905731459748,0.16262004426876764,0.6078023677890595,True,False,2
315,169500,2.5747704311708355,34.33157263716335,25.27475516224189,33.96739233038348,46.72210029498525,34.02610475580274,1.0271748777543874,0.2834960202610335,0.503866730119194,True,False,2
316,100620,1.5284566417959262,28.85350440000192,34.42740011926058,30.0725004969191,29.442407076128006,29.91216649615687,0.8975364507170716,0.1511849398534453,0.6064394495997327,True,False,2
317,114074,1.7328280953709847,30.08610870559266,36.54473411995722,38.04830197941687,28.958842505741888,31.576093205444888,0.8650134793406095,0.18090672142923916,0.5421561991114515,True,False,2
318,133838,2.0330508847613116,31.73196327248236,38.107368609811864,35.114690894962564,41.93518283297718,31.43381502326363,1.0287256044433222,0.22271057156284352,0.6835517315791175,True,False,2
319,129744,1.9708614443765717,31.405054970984555,33.98550992724134,33.80252651375015,37.42377296830682,30.60317637137838,1.0806850863175184,0.2246540008640767,0.7685516094391168,True,False,2
320,88458,1.3437111669646595,27.640729586576867,31.078014424924824,31.846514730154425,31.553042121684868,28.734684305310683,0.8900803560182348,0.18219540473907997,0.5186999665616229,True,False,2
321,87347,1.3268346480913213,27.524522576173496,31.258268744204152,25.905480440083803,36.053980102350394,28.895517328132165,0.8643068628292393,0.1780598462054025,0.5609432673162102,True,False,2
322,185879,2.8235737638678686,35.40358484036005,38.13309195767139,37.2525836700219,38.756126297214855,35.0113616469011,1.0339861311510234,0.21974065489973285,0.9580971579786045,True,False,2
323,123518,1.8762861009873704,30.89445563054656,27.824964782460857,60.338436503181725,41.107449926326524,35.84536085149388,0.6402399521660597,0.34058053438760977,0.33837746519280687,True,False,2
324,60111,0.9131092943251333,24.30086770953325,34.29899685581674,22.444677346908218,42.316830530185825,25.037861760394826,0.9142682365644605,0.21061756416296382,0.5453731371583653,False,False,2
325,94223,1.431283742396517,28.228606479485165,31.073941606614095,37.413529605298066,33.34896999670993,29.765282439222535,0.8529789130053432,0.19661660656442642,0.576336991647294,True,False,2
326,95916,1.4570010659361763,28.396674494236546,38.965803411318234,35.01809917010718,47.584375912256554,30.007625740328088,0.8474372421727822,0.1919717604037259,0.5677490884561005,True,False,2
327,91937,1.396558519944266,27.998444643433615,31.064870509153007,54.388189738625364,46.76718840075269,27.69544362097141,1.0331817848177922,0.34747421489089503,0.8126890151900308,True,False,2
328,102775,1.5611919236789535,29.05803831316734,31.11021162734128,37.759396740452445,36.84897105327171,28.587779574518052,1.0501651491858432,0.23098569980217856,0.6909726955600306,True,False,2
329,77697,1.1802474229538666,26.471093397285866,34.778266857150214,31.404648828140083,35.501563766940805,28.554954530416982,0.7966567169210729,0.21783169949462164,0.5419580918029181,True,False,2
330,158017,2.4003392284502767,33.538095805703875,30.353094920166818,53.16480505262092,58.14715505293734,33.32447979506394,1.019354083441387,0.3506223310439691,0.5182464223498562,True,False,2
331,230433,3.5003662228081955,38.03225020776701,41.13561425663859,98.96266593760443,69.5263829399435,40.24095652655909,0.8442113342189026,0.454867448402428,0.4421896944264975,True,False,2
332,165368,2.512003756117161,34.05030096237162,36.05785883605051,48.13495355812491,34.994509215809586,33.68218162636423,1.0331472510319755,0.23479834870303387,0.678200125168103,True,False,2
333,127939,1.9434427976021564,31.258738512821964,33.10109505311125,32.18103940158982,36.27384144006128,30.86693228640076,1.0385656032454065,0.2503986940757937,0.7130450775558996,True,False,2
334,521055,7.915026590051444,49.91889762711288,42.37524637514274,80.79571062555776,68.46811948834576,63.50406080920298,0.48572501025795095,0.40539807732150435,0.38520211845351493,False,False,2
335,180334,2.7393430733614244,35.047980795750085,41.30295451772822,48.05944525158872,61.558785364933954,38.0930058105084,0.7788490199419901,0.39812774567584236,0.48175417550910177,True,False,2
336,267857,4.0688512293930765,39.988777765924475,50.926990894395146,55.9911109285925,56.837103379788466,40.51502194598138,0.9615373433525205,0.32791818844948156,0.4650251715937681,True,False,2
337,392954,5.969122949913301,45.43784247088081,33.261208691093614,88.38697913750718,82.51002661889179,50.223297126718755,0.7405211096824912,0.3346483861327861,0.41115004627763907,False,False,2
338,75060,1.1401903750069788,26.168167856740794,19.247082334132696,35.65855315747402,41.15804689581668,28.311425263167774,0.7896502020596646,0.21714447792537533,0.6247675520592825,False,False,2
339,106786,1.622120562023651,29.431240655020467,23.878841795741014,50.06725600734179,56.706796771112316,34.07600905874508,0.6442872463686128,0.40732595687321255,0.3483205525100637,True,False,2
340,82454,1.2525080892729208,27.00065957078678,27.213464477163026,41.78696000194048,47.10944284085672,27.23862863855676,0.9740189435631244,0.27028203254224964,0.6726643711457724,True,False,2
341,60821,0.923894468402604,24.396169889881307,29.018036533434177,29.21416944805248,25.731474326301772,24.45074482950678,0.9933188272080191,0.23078469024655257,0.5015463195316756,False,False,2
342,57699,0.876470083233782,23.97139044161701,36.41860344200073,23.28570685800447,25.254857103242692,23.421956460430295,1.0720379733481817,0.23581920764251457,0.6166746161516017,False,False,2
343,39443,0.599154395968562,21.116751542704144,23.910757295337575,31.175899399132927,25.102476992115204,22.67804071840399,0.8073553696497833,0.2251750128195588,0.5283591177443862,False,False,2
344,45811,0.6958867741732575,22.19697132002726,26.060793259260876,20.754993342210387,34.235074545414854,23.445269489836132,0.848624323566268,0.2311334930273717,0.4293605448787505,False,False,2
345,47447,0.7207382457095141,22.458119213671015,23.916243387358527,59.69907475709739,55.99639597867094,24.00281880250916,0.8190933662052808,0.5485875761776896,0.4900854611882206,False,False,2
346,228079,3.4646080541062716,37.90229989969249,76.34650274685525,41.21934505149532,52.972465680750965,44.39079474027056,0.6224692895155959,0.38387994806282677,0.2419349784670529,True,False,2
347,289504,4.397677515667738,41.03823301893452,47.83621987951807,86.09627500829004,75.93810448214877,45.772294027474395,0.7207056424172925,0.38889683004202824,0.3168177261475655,True,False,2
348,164957,2.5057605074610474,34.02206840691449,60.04859448219839,73.522996902223,102.79960838279067,35.67715648284127,0.8671843681748814,0.5553305028715566,0.4976323481635005,True,False,2
349,99958,1.5184006062476365,28.79008737367607,31.354438864323015,22.500160067228236,44.781698313291585,27.485094607089202,1.1493101446006375,0.3961958552579874,0.8778799797717183,True,False,2
350,79682,1.210400339212711,26.694627947147332,33.43339775608042,43.448244270977135,40.61833287317086,27.42304999603462,0.9224107392239956,0.3193428863414871,0.43742550694264837,True,False,2
351,111994,1.7012320924398028,29.902124748785504,45.00825937103773,34.92204939550333,36.12279229244424,29.8349861358313,1.006766198260183,0.28841286426075075,0.6165760543594485,True,False,2
352,125932,1.912955692850771,31.0944226307485,42.769177016167454,43.908252072547086,45.51593717244227,30.98745300572451,1.0103918814127892,0.26996934187923005,0.6694578655272482,True,False,2
353,58282,0.8853260782861276,24.05185696299761,33.054527984626475,29.966988092378436,42.77650046326482,24.45777871403001,0.9510312841718972,0.27720342670800896,0.7697008356223792,False,False,2
354,185895,2.823816810044262,35.404600628597095,58.727066354662576,58.30333252642621,78.82665483202884,38.19150912061647,0.7966703248576943,0.38772421902365584,0.4174323513902452,True,False,2
355,280413,4.2595817163180385,40.60409589782365,91.5160923352341,67.22735750482325,53.516680753032134,45.8220367642293,0.6958031109200306,0.37834107565425323,0.29268470345783015,True,False,2
356,304101,4.619411580468922,41.71668079640752,66.07799711280134,45.917928582937904,65.82446621352774,44.95540701682974,0.7990674441692018,0.3157444557240795,0.32104548794041277,True,False,2
357,85897,1.3048085883556417,27.37136539173304,51.242895560962545,35.089386125243024,40.86814440550892,27.32626614070458,1.0049593739060172,0.3571714041101136,0.4508612530083243,True,False,2
358,336333,5.109028102814045,43.1413393510209,90.24612214680094,66.9087511484154,67.72795711393172,49.048967862807906,0.6804422201524583,0.36179125655915517,0.28319063592571697,True,False,2
359,36861,0.5599328192530275,20.64553625547415,40.56447193510757,22.477822088386098,40.049890127777324,21.398033399483708,0.8981666404019072,0.32498160288961603,0.6276162446414177,False,False,2
360,102599,1.5585184157386227,29.04144174509262,58.479585571009466,54.25150342595932,31.96329398922017,30.90048225950581,0.830154155536088,0.32794096990196087,0.42710568375801855,True,False,2
361,87108,1.3232041458314403,27.499395325227034,50.22274647563943,38.24979335996694,41.93229094916655,28.955173664067974,0.8566253278301617,0.39546241870730997,0.5502091943713405,True,False,2
362,156083,2.3709610218786876,33.4007073947247,64.32742194857865,42.06162106058956,59.42083378715171,35.21166005272795,0.8535077982262024,0.3283676128278773,0.38816597846008055,True,False,2
363,84890,1.2895118696288628,27.263983364331253,50.145011190953,22.086900695017082,31.438284839203675,29.350672450044442,0.8015188804220824,0.3259262571260297,0.47712843938085875,True,False,2
364,140948,2.141054529396265,32.284205481051664,51.90417033232114,45.91344325566876,52.58771319919403,34.31868284531599,0.8324889445468114,0.34262591392680364,0.38278291805585496,True,False,2
365,224167,3.40518326397801,37.684349544805194,74.30840846333314,22.43450195613092,42.259039020016324,44.737147872807974,0.5976930298622691,0.4167138127536094,0.24676149133965083,True,False,2
366,52586,0.7988016394899679,23.24130495760778,47.923116418818694,30.042672954778837,29.670178374472293,23.997916030392396,0.908366145035467,0.28251427392715056,0.5568998419111524,False,False,2
367,88365,1.3422984610643711,27.631039529383905,54.868726305664005,43.54136818876252,38.16678549199344,32.86621024779344,0.5942138703919073,0.3740132917530399,0.31814140415774517,True,False,2
368,47497,0.7214977650107444,22.46600528830335,39.75173168831716,19.061582836810746,29.566856854117102,24.458133235350893,0.7750106149806913,0.3077320111055087,0.462299869403985,False,False,2
369,252603,3.837137080973726,39.21479643569201,81.99663503600512,54.36846751622111,49.15422223805734,43.89857658482684,0.7128506984755002,0.4388998647616687,0.2389892233018067,True,False,2
370,239365,3.6360467507799825,38.51743392797106,53.047722098051096,273.0397760741963,112.3776993294759,45.13600284538829,0.6214450745168425,0.8751143737831331,0.3055534078910088,True,False,2
371,139182,2.1142283076768096,32.14880401892912,60.53412797631878,50.0986621833283,51.86927907344341,33.786602373732045,0.8615111475253378,0.3170667891276932,0.48564228092942274,True,False,2
372,236362,3.5904300215480887,38.35567961260849,59.68910400148924,61.41262977974463,48.58357096318359,39.92226890388793,0.886836174850723,0.3325771414389827,0.3526652062618393,True,False,2
373,88934,1.3509417907123722,27.69021995850673,38.39312299008253,47.46481660557267,36.790260192952076,28.334268379936855,0.9333471533000385,0.29480850361459254,0.5078378603165355,True,False,2
374,31647,0.4807301465207282,19.622212709029874,23.485069674850696,24.295478244383354,35.48149903624356,20.08351083506559,0.9326636119096398,0.27755491685607114,0.5236398917423104,False,False,2
375,200886,3.0515358869391416,36.33180885473332,64.55141722170784,39.865441095944966,34.178952241569846,38.853520038774775,0.8176547216747198,0.35409828095336326,0.3123639733518169,True,False,2
376,171170,2.600138375831929,34.443955049309324,41.538978793012795,42.9166617982123,54.664526494128644,35.24090763056196,0.9336794192360025,0.35266302251104253,0.33321941496413204,True,False,2
377,165364,2.5119429945730625,34.05002641852188,79.31289156043637,33.469140804528195,20.797930625771027,38.71204045014441,0.6804781284893341,0.45380112637991227,0.25479881609829796,True,False,2
378,224074,3.4037705580777216,37.67913746441298,62.58690878906076,58.577563662004515,63.38405169720717,47.18532420784779,0.5091925342106788,0.3928331033512812,0.23641744452511715,True,False,2
379,113032,1.7169997131333445,29.99422195808089,44.086276452685965,51.063274117064196,39.012810531530896,31.78459248881887,0.840355137982209,0.2978625209052558,0.4711039101815963,True,False,2
380,95968,1.4577909660094557,28.401805234701573,61.813354451483825,32.85107535845282,47.07933894631544,31.616064962096978,0.7249605744978489,0.3659571403446887,0.34492762909922564,True,False,2
381,177900,2.702369673777532,34.8895830641616,48.72150646430579,53.10116919617763,24.956925238898258,35.99385093703134,0.9107567475528207,0.36257837268027815,0.6167889817852105,True,False,2
382,55937,0.849704623058425,23.72485246765828,30.767810215063374,35.48029032661744,18.138745374260328,24.283765019904035,0.9325293209939225,0.27948592996929983,0.5782609958568077,False,False,2
383,81447,1.2372113705461418,26.890290519299388,28.477709430672707,30.760543666433385,67.93540584674696,27.313961444474344,0.9541846083742139,0.4449250769855051,0.5891342873345097,True,False,2
384,80120,1.2170537282914888,26.74345072065535,57.432301547678485,25.708974038941587,41.7322890664004,27.037965661723547,0.9676767239512806,0.3080432078690264,0.5348492590252995,True,False,2
385,127850,1.9420908532459666,31.2514885132717,50.56549080954243,48.74211184982401,51.454211967149,32.29106386352424,0.9064942682805831,0.3226887707996603,0.3943676925869206,True,False,2
386,94788,1.43986631050042,28.284917532995365,50.69141663501709,17.73923914419547,28.022703295775838,29.312444394531028,0.8984804710995486,0.30394714931128514,0.4612997109247858,True,False,2
387,357168,5.425519795636726,44.014385632139394,84.82796891098867,33.21604679030596,80.43104085472383,51.34848910142257,0.6297974890568643,0.3743903594336561,0.2863754613627391,True,False,2
388,81922,1.2444268039078301,26.942464070135383,40.79452405947121,29.726642415956643,34.88823515050902,28.16698788636269,0.8751665622333038,0.31494084497577274,0.476512410416131,True,False,2
389,55154,0.837810550801158,23.613632598619677,29.243155528157523,30.832867969684884,22.940729593501832,23.22111477646517,1.0515724758057432,0.22614716938685167,0.6149410591259997,False,False,2
390,229929,3.492710268251794,38.004502090149664,52.87254326335521,56.227744216692976,48.82602890457489,40.1132364137177,0.8504367749148629,0.30312359052871957,0.44633463910780663,True,False,2
391,72525,1.1016827464346008,25.870195423533968,32.34804550155119,21.30142709410548,33.237986901068595,26.771374790782154,0.9023751061345328,0.32104343746621966,0.558093680241076,False,False,2
392,79632,1.2096408199114808,26.6890432033177,38.16409232469359,31.431459714687563,35.413276069921636,27.965683758525547,0.8692059435592051,0.29403692854996616,0.5499336895263103,True,False,2
393,113629,1.7260683735900346,30.04693598912862,56.628096700666205,37.81627049432803,49.688477413336386,32.652143010911004,0.7792297149222995,0.35164447442643376,0.41744628216582613,True,False,2
394,39519,0.6003088653064321,21.130305645638135,29.044788582707053,28.862192869252766,37.33568663174675,21.55089331774806,0.9425871309945458,0.31184492583798973,0.7234525184316033,False,False,2
395,156440,2.3763839896894723,33.426153200266896,62.72643185885963,18.611966249041167,40.49388903093838,33.7637980769512,0.9702983994735426,0.34703743257304437,0.3595167478195887,True,False,2
396,33833,0.5139363303705184,20.06398986686579,39.49590636360949,34.89185115124287,38.61407501551739,21.14880644838223,0.853875026095816,0.3218101992373067,0.5886540006418882,False,False,2
397,202466,3.0755366968580202,36.42681201461278,64.88965554710421,62.7246945166102,28.431257593867613,43.84896349207858,0.5733046942511926,0.4036756693587679,0.2289134462368125,True,False,2
398,285291,4.33368041934607,40.83819018517297,66.50264116288281,49.29675664496952,39.36846588220448,46.19302513892883,0.6909875903465776,0.3304130883360295,0.29902246906522406,True,False,2
399,71763,1.0901076722838505,25.779272593572273,68.099494168304,28.473029276925434,17.736159302147346,28.263092112954354,0.758844786383371,0.37168538873328344,0.3630055639089321,False,False,2
400,31412,0.4771604058049457,19.57352266892358,22.94654908951993,41.175060486438305,21.336113587164142,19.48249767887974,1.01408201384586,0.25779808509277014,0.7843790871667944,False,False,2
401,76744,1.1657709850724165,26.362419952867675,60.44922078598979,22.144323986239968,20.916071614719066,29.729421050459326,0.6972627534820078,0.36868910542616984,0.3354709394309423,False,False,2
402,57085,0.8671431862146735,23.88605705632179,31.582447227818164,34.564614171848994,24.707961811333977,23.868374067996346,1.0022242099979743,0.2979664762877277,0.5372843501905634,False,False,2
403,18958,0.2879793382544938,16.54123645490766,31.091043359004114,42.186675809684566,13.864648169638148,18.462201669976267,0.7192062250335975,0.422625262456532,0.4191111957907298,False,False,2
404,23118,0.3511713441168577,17.67206159998437,25.315728004152607,21.874599878882258,16.67198719612423,17.745662234585183,0.9876089500155169,0.2525307257499449,0.7906576305615398,False,False,2
405,72361,1.0991915231265654,25.850680708733357,28.497090974419923,30.032254943961526,57.1619933389533,25.585577823419595,1.0314074455801756,0.3231886957646372,0.7132705076692866,False,False,2
406,181572,2.7581487712598878,35.1279998847818,55.37706254268279,85.28930121384354,50.89925208732624,38.07937158715853,0.7850384887802107,0.421406237301894,0.4617188672090916,True,False,2
407,31867,0.4840720314461417,19.667576904026934,36.825305174632064,21.37822826121066,20.912856560077824,20.61949172179719,0.8677981188992924,0.3026547273387362,0.365938895981575,False,False,2
408,35024,0.532028080125825,20.296713041926147,29.69752169940612,25.12785518501599,38.32334970306076,20.955176692126308,0.908663647074999,0.31058459570411956,0.5842959341468664,False,False,2
409,177239,2.692328828615267,34.84631786581309,50.89566630369163,40.75233441849706,21.48409210162549,37.03603355853489,0.8329084630535307,0.32922006471106585,0.41292028617967863,True,False,2
410,144400,2.1934917419532076,32.54564337833884,54.21277008310249,50.48195983379502,19.447714681440445,34.591460914693116,0.8328597448209237,0.33394262364670424,0.4266078794810565,True,False,2
411,109272,1.6598838616808234,29.657879358648103,50.27389450179369,53.17514093271836,22.950664397100812,33.916224063921476,0.6686483781738102,0.33591316805070076,0.3569601518663234,True,False,2
412,126784,1.9258979017437359,31.164388766585212,46.649971605249874,38.82243816254417,48.668822564361435,32.717206105584836,0.8642655666520572,0.32571357718796673,0.3620524016792157,True,False,2
413,101016,1.5344720346616703,28.891306795351916,65.10456759325255,42.910994297933,27.707363189989703,36.41293100871157,0.49949902326012435,0.3502822848477388,0.32329688221994196,True,False,2
414,225306,3.422485113660037,37.748066895123955,35.597982299628065,38.916336005255076,98.28514997381339,41.32951159960222,0.7619093945437105,0.48626504152126815,0.34445967054293575,True,False,2
415,45467,0.6906612813807929,22.14127180928682,28.872940814216904,54.43664635889766,23.109661952624982,26.084388654170812,0.611597501707989,0.4353955631347857,0.3025461468305509,False,False,2
416,20723,0.3147903695879246,17.03941469191891,35.59832070646142,23.24846788592385,27.684891183708924,17.29245728081418,0.9567398935282833,0.360875731027643,0.47867786899128806,False,False,2
417,34268,0.5205441482912224,20.149613322554956,30.784667911754408,17.940936150344346,21.275358935449983,20.519239337119117,0.9469267332131912,0.2728053361243199,0.5913130775331193,False,False,2
418,142114,2.1587665195009564,32.37298539923415,64.62849543324373,49.91384381552838,28.931794193394037,33.73140717676178,0.883984961773869,0.3160708583874624,0.39448254415824907,True,False,2
419,190767,2.897824370756146,35.71123587238237,31.156473603925207,43.47745679284153,84.23423862617749,36.44752648927074,0.9406118807058894,0.3924718802082137,0.5781107965214455,True,False,2
420,66338,1.0076998281003593,25.112575468185046,26.871943682354004,45.29048207663782,40.455093611504715,26.691813414905745,0.8327977127620011,0.32565076075614957,0.4708724092138401,False,False,2
421,32522,0.4940217342922591,19.801414371001805,18.79478506856897,31.746048828485332,48.2494004058791,21.529624833488633,0.777999378446203,0.3150942500351163,0.6254879282596082,False,False,2
422,138094,2.0977011676820374,32.06481461750995,29.327248106362333,61.85984184685794,49.28717395397338,31.370374703734164,1.0678913818996614,0.3298693462842514,0.6597217295701974,True,False,2
423,17781,0.2701002539035317,16.19157854305136,19.054777571565154,17.959169900455542,27.867611495416455,16.796098242663334,0.8958645549625116,0.3128167106481657,0.6566875188923769,False,False,2
424,18927,0.287508436287731,16.53221549486327,18.380356105035133,20.09626459555133,15.043271516880647,16.480567445782555,1.0094311212698743,0.2203877715354058,0.6719534210710306,False,False,2
425,67206,1.0208850831697178,25.221629755002873,36.14294854626075,39.13272624468053,40.369237865666754,26.89512003479561,0.8247056646089728,0.3355888262715816,0.352098767789163,False,False,2
426,42879,0.6513485623491106,21.712942371900922,38.21896499451946,32.78273747055668,30.058956598801277,26.203305811249294,0.5689679233605326,0.3681551708269936,0.4134195209733619,False,False,2
427,107329,1.6303689416350124,29.4810416657847,33.12622869867417,36.97762953162705,56.090702419662904,28.420378146811608,1.116192030341209,0.3232847125741646,0.7820493001001766,True,False,2
428,129632,1.9691601211418157,31.396015686570895,32.6569982720316,47.26814366823007,70.75935725746729,30.829319239632696,1.0561650876251625,0.3552999968484631,0.7432575004309879,True,False,2
429,89497,1.359493978044226,27.748528412764156,30.485893381901068,39.32108338827,44.80896566365353,27.468514505348466,1.0308947978164578,0.40675847810961774,0.8171412910058938,True,False,2
430,58914,0.8949264022536791,24.138482664323398,32.08291747292664,38.08758529381811,26.266184608072784,25.11643906024293,0.8876785017795624,0.29833311038558,0.45802122165438036,False,False,2
431,107339,1.6305208454952584,29.481957234615614,31.379088681653453,51.37830611427347,56.298838260091856,28.61533285690664,1.0936353245386174,0.3369859697719184,0.8447606978745356,True,False,2
432,37280,0.5662975909973378,20.723467839662742,19.593374463519314,47.46746244635193,9.78755364806867,25.592671735432422,0.5309338509335907,0.322442761039982,0.25524147189972785,False,False,2
433,51322,0.7796009915548651,23.053577042085216,31.43418027356689,67.5966641985893,51.07678968083863,27.985976643807046,0.5589765140854596,0.42187520692490404,0.35042650990095686,False,False,2
434,125275,1.9029756092326042,31.040254069458353,45.368972261025746,53.112727998403514,64.65540610656555,39.27391974438774,0.49369992036846183,0.30574829320534724,0.38024727987496576,True,False,2
435,231549,3.5173186936116565,38.09354879990975,87.92311778500446,79.71485948978402,85.35319522001822,45.58244284174951,0.583662125351861,0.7031427996371651,0.4673467700549092,True,False,2
436,7695,0.11689002045934856,12.247290097530147,14.603248862897985,22.02560103963613,22.535282651072126,14.344033151527878,0.6224524404405243,0.4124510331909803,0.27329878683058034,False,False,2
437,86222,1.3097454638136388,27.40584272320012,32.36118392057711,25.1757092157454,51.58638166593213,26.967458582510137,1.0495651986622099,0.4240193696780026,0.6415489268548232,True,False,2
438,175428,2.664819039524704,34.727226604551824,43.512415349887135,53.91482545545751,86.10628291948834,43.28861989613142,0.5162844949960164,0.3603646966661563,0.3083907568687378,True,False,2
439,64850,0.9850965336957445,24.92339059402856,30.59750192752506,57.41623747108712,42.10060138781804,25.476069720262117,0.9363195359662672,0.38610680155490085,0.6999550485310775,False,False,2
440,69623,1.0576002461911922,25.520433144188512,32.53335822932077,37.7712824784913,39.39189635608923,26.23553274489094,0.9204378322394453,0.33933502747794336,0.5597146958519789,False,False,2
441,268249,4.074805860714722,40.0082756823312,33.83964152708864,157.17056540751318,175.56529940465762,85.33095488714486,0.10306938521322036,0.4886306218968434,0.11422020868397272,True,False,2
442,87668,1.3317107620052202,27.55819887288949,30.79823881005612,57.91586439749966,57.38869370808049,26.897128457607685,1.0755602373326032,0.36479827069498766,0.7089902817500182,True,False,2
443,66283,1.0068643568690059,25.10563337598954,28.641748261243457,81.59482823650106,41.71478357950002,30.962627325679172,0.5330895026748216,0.5634380079838017,0.3173261011804343,False,False,2
444,50976,0.7743451179903511,23.001653043495917,37.52438402385436,48.11338669177652,12.68177181418707,25.829961121119897,0.7061645101935525,0.38676513511157595,0.3347991492275197,False,False,2
445,103267,1.56866559360306,29.1043329764232,27.208624245886877,46.658467855171544,63.885713732363676,28.696676612344014,1.0432253708755836,0.3278839911681263,0.7823036697383455,True,False,2
446,47984,0.7288954830047278,22.542527753680595,20.49714488162721,67.84382294098033,46.19312687562521,33.70263680313365,0.2992376244998339,0.5778392182901028,0.21263969399833654,False,False,2
447,229174,3.481241526803216,37.962858999469155,39.09136725806592,73.57054901515879,103.43051567804376,43.449920849854955,0.6669753240518052,0.5017793749731059,0.3844821174811903,True,False,2
448,38802,0.5894173585267891,21.001734666062873,14.161280346373898,33.03919901036029,34.548476882634915,22.881825748124033,0.7732029103195811,0.4594823133848296,0.48140643985838627,False,False,2
449,30194,0.4586585156269747,19.317192772735684,19.621712923097306,30.716102536927867,32.08163873617275,21.55113917574865,0.7201473165494153,0.39125512725469375,0.5089554453937153,False,False,2
450,18933,0.28759957860387864,16.533962255454732,31.645803623303227,36.38139755981619,20.325357840807058,18.478708967080202,0.7163346334119556,0.38682712050438084,0.456204441949583,False,False,2
451,21842,0.33178841154945954,17.340752158460727,25.371074077465433,38.93164545371303,42.754280743521655,19.016675153352924,0.7582283698029991,0.45241693258203736,0.5556278807143954,False,False,2
452,168974,2.5667802881218926,34.29602274657371,34.101228591380924,69.85421425781482,48.50028406737131,36.28677064157873,0.8442796406217206,0.41352687678805633,0.3988440891911096,True,False,2
453,115514,1.7547022512464183,30.212175895428768,19.36080475093928,119.76776840902401,149.5410859289783,64.14726379225063,0.10447481355858089,0.5295635904183248,0.04797826526669323,True,False,2
454,38424,0.5836753926094879,20.933314009261352,26.925671455340414,31.861805121798877,32.91848844472205,21.43120914666065,0.9319099325272142,0.3676869059395219,0.6381460635932779,False,False,2
455,199044,3.023555195881816,36.22042098904061,47.59963123731436,67.18089970056872,89.7453527863186,46.7033993877855,0.46646063980018204,0.47591498649075953,0.3490313657544435,True,False,2
456,66345,1.0078061608025315,25.113458731903055,25.54451729595297,52.20507950862913,43.28418117416535,26.680532982464637,0.833942459477084,0.3673963520145554,0.5411375436102038,False,False,2
457,73642,1.1186504076240866,26.002333359995536,33.19726514760598,43.15664973792129,44.11705276880041,25.821004719859104,1.021215867593933,0.32778308533255424,0.7195806773263814,False,False,2
458,104761,1.5913600303238224,29.24401571972457,43.10764502057063,63.18093565353519,44.14916810645183,29.119993932090942,1.0128314668052159,0.41957382869405613,0.4512027906313324,True,False,2
459,22688,0.3446394781262768,17.561807054491755,23.070345557122707,30.125220380818053,32.775960860366716,19.467841741110284,0.7340982400881335,0.4837439320072336,0.3857085205576383,False,False,2
460,113774,1.7282709795636026,30.05971134816645,32.91594740450366,78.11910454058045,70.88717984776838,37.38262920060902,0.5199300141286959,0.40529892392558403,0.3105032931914396,True,False,2
461,123423,1.8748430143150328,30.88653309819186,30.72530241527106,100.13547718010419,52.0357145750792,42.39116112728976,0.38679562390231714,0.47121487160086006,0.29575149634765774,True,False,2
462,52565,0.7984826413834512,23.23821077292139,35.46981832017502,43.66797298582707,44.28859507276705,25.384584159280987,0.7671811074675086,0.3814326504238672,0.49267505176558746,False,False,2
463,7758,0.11784701477889878,12.280622699965075,11.312580562000516,24.30549110595514,30.650940964166022,15.708839047946995,0.47778102308891146,0.37108756034000806,0.39126036289049054,False,False,2
464,24641,0.37430630203233367,18.051913332821226,12.694330587232662,50.9052798181892,78.3041272675622,35.15139155510627,0.13543850536372323,0.46383401273184416,0.09283979349214797,False,False,2
465,15230,0.23134957915476004,15.376958113044255,14.297439264609324,59.273998686802365,50.23420879842416,25.651965260536475,0.21540181814934606,0.44343249784985234,0.18330485669505744,False,False,2
