bead_a,bead_b,r_a_vox,r_b_vox,gap_vox,gap_um,dsum_min,z_mid,axis_dip_deg,lens_vox,lens_mm3,binder_vox,pore_vox,crack_vox,binder_frac,pore_frac,crack_frac,connected,bond_area_vox,r_bond_vox,r_bond_over_R,neck_binder_vox,neck_crack_vox,neck_severed,q_crack_med,q_binder_med,q_pore_med,dq_paired,cls
1,2,31.254910280482814,35.69200650633178,2.146264369941973,53.15443253543696,3.146264369941973,102.28239428920168,80.54251663418232,2956,0.0449027810887374,1295,1229,432,0.4380920162381597,0.4157645466847091,0.1461434370771312,True,414.0,11.479559785988718,0.3429451373405041,1123,398,0.2616699539776463,0.4026997478492771,0.1866054968633707,0.3451409985003952,0.2160942509859063,cohesive
1,28,31.254910280482814,35.44670454025257,1.0,24.7660229,2.0,113.07993861081934,57.94936783445655,2880,0.0437483117508673,2334,535,11,0.8104166666666667,0.1857638888888889,0.0038194444444444,True,1474.0,21.660765735192918,0.6494824988392719,2430,71,0.0283886445421831,0.4211646096066227,0.2898979485566356,0.4026997478492771,0.131266661049987,intact
1,30,31.254910280482814,32.89042370338548,1.0,24.7660229,2.0,114.5288489292247,56.577706838016205,2397,0.0364113553009822,2353,44,0,0.9816437213183146,0.0183562786816854,0.0,True,2643.0,29.00505178729662,0.9043542214494044,2647,35,0.0130499627143922,,0.3090169943749474,0.4045372666182638,,intact
2,4,35.69200650633178,37.09769995995954,1.0,24.7660229,2.0,110.67113066388158,85.91813787213812,5954,0.0904435583905082,4861,823,270,0.8164259321464562,0.1382264024185421,0.0453476654350016,True,704.0,14.96964127403822,0.4113120384946356,1151,1102,0.4891256102973813,0.3874258867227931,0.3090169943749474,0.39564392373896,0.0784088923478457,cohesive
2,28,35.69200650633178,35.44670454025257,1.0,24.7660229,2.0,118.95193975580558,72.88092872163575,2840,0.043140696309883,2734,106,0,0.9626760563380282,0.0373239436619718,0.0,True,1781.0,23.809869955405706,0.6693927850285084,1914,152,0.0735721200387221,,0.3090169943749474,0.4142135623730951,,intact
2,29,35.69200650633178,34.79735966025942,1.0,24.7660229,2.0,119.20371831564462,70.86181898240743,2841,0.0431558866959076,2630,209,2,0.925730376627948,0.0735656458993312,0.0007039774727208,True,1801.0,23.943184938871585,0.6793417572314497,2583,823,0.2416324133881385,0.4652504370215302,0.3090169943749474,0.407669683062202,0.1562334426465828,intact
2,30,35.69200650633178,32.89042370338548,2.23606797749979,55.37851073671648,3.23606797749979,120.40085007421094,69.5559949025742,3417,0.051905549046081,2834,287,296,0.829382499268364,0.0839918056774948,0.086625695054141,True,4581.0,38.1860915597282,1.1135823400529692,4585,534,0.1043172494627857,0.3875315872982903,0.2612038749637414,0.3090169943749474,0.1263277123345489,cohesive
2,52,35.69200650633178,34.412803838966106,2.23606797749979,55.37851073671648,3.23606797749979,141.35033984449427,25.14490149586177,3326,0.0505232239178418,3198,128,0,0.9615153337342152,0.0384846662657847,0.0,True,1937.0,24.830752093684207,0.7083893950038956,2111,475,0.1836813611755607,,0.2817290466902531,0.3727076041405398,,intact
5,40,38.13321072031255,34.93919597971827,1.0,24.7660229,2.0,128.35698026918533,53.07611704279028,3024,0.0459357273384106,2645,339,40,0.8746693121693122,0.1121031746031746,0.0132275132275132,True,2912.0,30.445334430207836,0.8332922317774156,2928,1423,0.3270512525856125,0.4034390994272556,0.2958163163244892,0.392280956059262,0.1076227831027664,intact
5,51,38.13321072031255,34.26751612520607,2.449489742783178,60.66411906308329,3.449489742783178,140.02058542511037,33.15391432073034,3534,0.05368282421096,3534,0,0,1.0,0.0,0.0,True,3268.0,32.252700786889584,0.8909496407600203,3268,0,0.0,,0.2833003940990191,,,intact
6,7,36.723705390442255,34.97774443322708,1.0,24.7660229,2.0,107.53953951114032,88.554256109194,3138,0.0476674313452158,2728,396,14,0.8693435309114086,0.1261950286806883,0.0044614404079031,True,1149.0,19.124279312569545,0.5334419139250497,1904,245,0.1140065146579804,0.414213562373095,0.2898979485566356,0.4,0.1243156138164593,intact
6,8,36.723705390442255,36.47364979022552,1.0,24.7660229,2.0,106.45281700471035,89.70347003667645,4469,0.0678858351439673,4047,376,46,0.9055717162676212,0.0841351532781382,0.0102931304542403,True,513.0,12.778613837669742,0.3491550700467034,1373,542,0.2830287206266318,0.4241077963657325,0.3090169943749474,0.3874258867227931,0.1150908019907851,intact
3,5,37.24439280902589,38.13321072031255,1.0,24.7660229,2.0,106.69922526744408,89.27658370032454,7055,0.1071681734036002,5694,852,509,0.8070871722182849,0.1207654145995747,0.0721474131821403,True,2252.0,26.77375326109316,0.7103901426283017,2252,290,0.1140833988985051,0.4026997478492771,0.3090169943749474,0.3726822671238252,0.0936827534743297,cohesive
3,23,37.24439280902589,37.67459673536332,1.0,24.7660229,2.0,109.03762470419382,87.40557183969933,1724,0.0261882255064219,1393,331,0,0.8080046403712297,0.1919953596287703,0.0,True,42.0,3.656366395715726,0.0976085347106648,4120,21,0.0050712388312001,,0.3090169943749474,0.4045372666182638,,intact
3,24,37.24439280902589,36.80178141121733,1.0,24.7660229,2.0,110.06995189531824,85.57363416408809,5637,0.0856282060207079,5244,357,36,0.9302820649281532,0.0633315593400745,0.0063863757317722,True,657.0,14.461313744703505,0.3906025908020506,1988,316,0.1371527777777778,0.4303377327107742,0.3090169943749474,0.3726822671238252,0.1213207383358268,intact
3,29,37.24439280902589,34.79735966025942,1.0,24.7660229,2.0,118.69396989547728,70.36999017321641,3373,0.0512371720609984,3243,130,0,0.961458642158316,0.0385413578416839,0.0,True,1873.0,24.41709271846753,0.6778594879095328,2848,430,0.1311775472849298,,0.3090169943749474,0.4,,intact
3,36,37.24439280902589,34.82769584542937,1.0,24.7660229,2.0,124.19717154269532,62.22996623506191,2805,0.0426090327990217,2624,176,5,0.9354723707664884,0.0627450980392156,0.0017825311942959,True,1636.0,22.820056393372077,0.6332564192160792,1746,424,0.1953917050691244,0.3244997998398398,0.3090169943749474,0.4105458806138031,0.0154828054648924,intact
4,6,37.09769995995954,36.723705390442255,1.0,24.7660229,2.0,109.91784585404068,84.8338094042121,6446,0.0979172283146147,5519,601,326,0.8561898852001241,0.0932361154204157,0.0505739993794601,True,915.0,17.06615205188822,0.4623632392496937,1439,1125,0.4387675507020281,0.4026997478492771,0.3090169943749474,0.3827822185373187,0.0936827534743297,cohesive
4,28,37.09769995995954,35.44670454025257,1.0,24.7660229,2.0,121.46867498549923,76.89646049379618,2883,0.0437938829089411,2138,678,67,0.7415886229621922,0.2351716961498439,0.0232396808879639,True,1056.0,18.333991376950163,0.5054556999471008,1853,447,0.1943478260869565,0.4142135623730951,0.2612038749637414,0.3874258867227931,0.1530096874093536,intact
4,31,37.09769995995954,34.96785496544553,1.0,24.7660229,2.0,123.62156834600592,73.25003182975341,2983,0.0453129215114017,2563,419,1,0.8592021454911163,0.1404626215219577,0.0003352329869259,True,647.0,14.350836085779552,0.3982717152635284,1973,234,0.1060262800181241,0.4014916240907943,0.2898979485566356,0.414213562373095,0.1115936755341587,intact
4,40,37.09769995995954,34.93919597971827,10.489125293076055,259.77391720929086,11.489125293076055,131.8191372454555,62.6172481514394,8718,0.1324297853625212,4763,1802,2153,0.546340903877036,0.2066987841247992,0.2469603119981647,True,1072.0,18.47236308621676,0.5128583858384218,1333,1697,0.5600660066006601,0.355989949685296,0.1988988169400271,0.2612038749637414,0.1570911327452689,cohesive
5,8,38.13321072031255,36.47364979022552,1.0,24.7660229,2.0,106.26068006797476,89.99606433068527,3040,0.0461787735148043,3040,0,0,1.0,0.0,0.0,True,599.0,13.808244704671576,0.3701601866150416,897,1217,0.575685903500473,,0.3266316347104093,,,intact
5,9,38.13321072031255,39.40902479129053,1.0,24.7660229,2.0,106.93489249904012,89.08313407743971,2375,0.0360771668084409,2345,30,0,0.9873684210526316,0.0126315789473684,0.0,True,2745.0,29.55944244356624,0.7624088278740195,2746,154,0.053103448275862,,0.3279344228724749,0.4270509831248423,,intact
5,36,38.13321072031255,34.82769584542937,7.0670198723450905,175.0219759932536,8.06701987234509,123.76149821628616,63.75329675196189,7116,0.1080947869511012,3150,3199,767,0.4426644182124789,0.4495503091624508,0.1077852726250702,True,25.0,2.8209479177387813,0.0773276553299662,1298,699,0.3500250375563345,0.3660254037844386,0.1482675827043134,0.3273531727209286,0.2177578210801252,cohesive
6,42,36.723705390442255,34.02591793592998,1.0,24.7660229,2.0,129.8753512787753,49.00782766091077,2728,0.041439373075127,2708,20,0,0.9926686217008798,0.0073313782991202,0.0,True,2933.0,30.55491607216518,0.8637478091215701,2940,19,0.0064210882054748,,0.3090169943749474,0.4176890859898589,,intact
6,47,36.723705390442255,34.84507264758768,1.0,24.7660229,2.0,137.58471586402996,29.33926410016461,3334,0.0506447470060387,3135,188,11,0.9403119376124776,0.0563887222555488,0.0032993401319736,True,1929.0,24.7794223187009,0.692464591348303,1929,657,0.254060324825986,0.4457990551962238,0.3090169943749474,0.4013498739246386,0.1367820608212764,intact
7,10,34.97774443322708,35.078467278507375,1.0,24.7660229,2.0,108.27162616142164,89.73945963255895,2659,0.0403912364394292,1992,660,7,0.7491538172245205,0.2482136141406543,0.0026325686348251,True,2303.0,27.075222397632672,0.7729570793533947,2393,128,0.0507735025783419,0.3008613653919205,0.2612038749637414,0.4068781988545112,0.039657490428179,intact
7,31,34.97774443322708,34.96785496544553,11.24744871391589,278.5545724154165,12.24744871391589,121.24326200310556,71.36136524257425,9366,0.1422731555064663,3340,5343,683,0.3566090113175315,0.5704676489429853,0.0729233397394832,True,15.0,2.1850968611841584,0.0624798952319972,2600,227,0.0802971347718429,0.3949890143851358,0.1211067164972725,0.3196684171708515,0.2738822978878633,cohesive
7,42,34.97774443322708,34.02591793592998,4.855156433186538,120.24291540738012,5.855156433186538,130.7670649754095,53.45763317853578,5147,0.0781849168686506,3105,2042,0,0.6032640373032835,0.3967359626967165,0.0,True,170.0,7.356132180109627,0.2132099058961727,908,6,0.0065645514223194,,0.1975496259559987,0.3726822671238252,,intact
7,46,34.97774443322708,36.16379990987199,1.0,24.7660229,2.0,138.41106655704507,27.089118609807773,3309,0.0502649873554235,3098,211,0,0.9362345119371412,0.0637654880628588,0.0,True,4622.0,38.35659387825619,1.0783177180768324,4623,15,0.0032341526520051,,0.3090169943749474,0.424807680927192,,intact
8,11,36.47364979022552,35.41932301255836,1.0,24.7660229,2.0,105.5173915280826,88.82306560258708,4938,0.0750101261895078,4114,472,352,0.8331308221952207,0.0955852571891454,0.0712839206156338,True,506.0,12.69113085619237,0.3530562268166754,1555,910,0.3691683569979716,0.4,0.3090169943749474,0.3483314773547883,0.0909830056250526,cohesive
8,39,36.47364979022552,33.88151483207091,1.0,24.7660229,2.0,127.9458767406402,52.83425212372238,2505,0.0380519169916397,2262,232,11,0.902994011976048,0.0926147704590818,0.0043912175648702,True,1921.0,24.727985994800747,0.7029472854637921,2120,570,0.2118959107806691,0.4068781988545112,0.304845440523399,0.3874258867227931,0.1020327583311121,intact
11,12,35.41932301255836,35.23011075637036,1.0,24.7660229,2.0,107.89326467456505,84.71398766320108,5434,0.0825445576577128,5085,282,67,0.9357747515642252,0.0518954729481045,0.0123297754876702,True,515.0,12.80349918517013,0.3624515725645079,2428,534,0.1802835921674544,0.4270509831248423,0.3090169943749474,0.3761785115301142,0.1180339887498949,intact
11,13,35.41932301255836,37.24760512981909,1.0,24.7660229,2.0,106.55094706575927,87.271238129232,3280,0.0498244661607099,3216,64,0,0.9804878048780488,0.0195121951219512,0.0,True,561.0,13.36307771993812,0.3677898064923187,1174,744,0.3879040667361835,,0.3333333333333333,0.3288130902060995,,intact
11,34,35.41932301255836,34.90213017205192,1.0,24.7660229,2.0,122.13345913064556,60.8741177714703,2748,0.0417431807956192,2249,424,75,0.8184133915574964,0.1542940320232896,0.0272925764192139,True,947.0,17.362012044001403,0.4937899106954476,1153,775,0.4019709543568465,0.439607805437114,0.2898979485566356,0.3851040526300559,0.1497098568804783,intact
11,39,35.41932301255836,33.88151483207091,1.0,24.7660229,2.0,127.2054600738082,49.4750680135451,2475,0.0375962054109015,2094,352,29,0.8460606060606061,0.1422222222222222,0.0117171717171717,True,1136.0,19.015783725757565,0.5487894321967787,1219,1048,0.4622849580943979,0.4068781988545112,0.2898979485566356,0.4,0.1169802502978755,intact
10,35,35.078467278507375,35.57631849947663,1.0,24.7660229,2.0,124.76540452962006,62.039390276620665,2687,0.0408165672481182,1966,721,0,0.731671008559732,0.2683289914402679,0.0,True,2062.0,25.619425936405687,0.7252000173607118,2530,0,0.0,,0.2708131845707603,0.392280956059262,,intact
10,42,35.078467278507375,34.02591793592998,1.0,24.7660229,2.0,130.6074379290566,48.55805542612946,2402,0.0364873072311052,1925,477,0,0.8014154870940883,0.1985845129059117,0.0,True,429.0,11.685672474138842,0.3382035000492981,599,132,0.1805745554035567,,0.2898979485566356,0.4026997478492771,,intact
10,50,35.078467278507375,34.813978881549595,9.770329614269007,241.9722069675344,10.770329614269007,140.82909201790122,36.87906231655392,7131,0.1083226427414703,6171,960,0,0.8653765250315524,0.1346234749684476,0.0,True,2343.0,27.309340221408164,0.7814675754478101,2343,0,0.0,,0.2474401533514073,0.3476237157987755,,intact
10,57,35.078467278507375,33.795964914823415,5.0990195135927845,126.28243404118577,6.0990195135927845,142.4849190949207,23.73911678847769,4761,0.0723214278631525,2047,2714,0,0.429951690821256,0.5700483091787439,0.0,True,416.0,11.507254783503184,0.334151713982985,698,0,0.0,,0.144590581855871,0.3483314773547883,,intact
8,40,36.47364979022552,34.93919597971827,1.0,24.7660229,2.0,128.35410839612516,52.27618753941232,2915,0.0442799752617285,2586,268,61,0.8871355060034305,0.0919382504288164,0.020926243567753,True,1658.0,22.9729795910919,0.6433850757075069,1749,923,0.3454341317365269,0.4068781988545112,0.2958163163244892,0.3822173168384947,0.1110618825300219,intact
8,47,36.47364979022552,34.84507264758768,1.0,24.7660229,2.0,137.38970705423418,33.18862913693609,2673,0.0406039018437737,2217,433,23,0.8294051627384961,0.1619902731013842,0.0086045641601197,True,1029.0,18.09809031039244,0.5075270473660877,1263,787,0.3839024390243902,0.4211646096066227,0.2817290466902531,0.3740666961489728,0.1394355629163695,intact
9,22,39.40902479129053,38.20122160174227,1.0,24.7660229,2.0,108.14875583684152,89.11462350169595,7018,0.1066061291206898,6800,204,14,0.968937019093759,0.0290681105728127,0.0019948703334283,True,2531.0,28.38383909782421,0.7314456638646175,2532,369,0.1271975180972078,0.3705127018922193,0.3090169943749474,0.4211646096066227,0.0614957075172719,intact
9,39,39.40902479129053,33.88151483207091,1.0,24.7660229,2.0,128.62008917170556,53.74256305330791,3507,0.0532726837882956,3501,6,0,0.998289136013687,0.001710863986313,0.0,True,3369.0,32.747305332701664,0.8936298054561854,3369,406,0.1075496688741721,,0.3090169943749474,0.4330795208354938,,intact
9,41,39.40902479129053,34.09273338064717,1.0,24.7660229,2.0,129.68021533746554,52.67827501780986,3270,0.0496725623004639,3263,7,0,0.9978593272171252,0.0021406727828746,0.0,True,3600.0,33.851375012865375,0.9211038172360216,3607,115,0.0308973670069854,,0.3090169943749474,0.3483314773547882,,intact
9,43,39.40902479129053,37.35963203068548,1.0,24.7660229,2.0,132.8718870736143,53.276796659719565,2876,0.0436875502067688,2773,101,2,0.9641863699582752,0.0351182197496523,0.0006954102920723,True,1878.0,24.449661884229787,0.6369699014254672,1894,323,0.1456923770861524,0.3804957364717741,0.304845440523399,0.4014916240907943,0.075650295948375,intact
9,51,39.40902479129053,34.26751612520607,2.6502815398728847,65.63693330793913,3.6502815398728847,140.6919259831156,37.29130482283508,3813,0.0579209419118253,3807,6,0,0.998426435877262,0.001573564122738,0.0,True,3079.0,31.30616775588944,0.8498272955395983,3079,0,0.0,,0.2817290466902531,0.4328604589666005,,intact
10,12,35.078467278507375,35.23011075637036,1.0,24.7660229,2.0,109.56077680147408,87.68003813026347,4750,0.0721543336168818,4390,360,0,0.9242105263157896,0.0757894736842105,0.0,True,1951.0,24.920324796129275,0.7088843351025286,1975,113,0.0541187739463601,,0.3090169943749474,0.4,,intact
12,14,35.23011075637036,35.01834971071699,1.0,24.7660229,2.0,110.0110593144657,88.31126635775655,5200,0.0789900073279548,4685,387,128,0.9009615384615384,0.0744230769230769,0.0246153846153846,True,2264.0,26.84499175488981,0.7642869772916141,2333,193,0.0764053840063341,0.4,0.3090169943749474,0.3816524151396708,0.0909830056250526,intact
12,34,35.23011075637036,34.90213017205192,1.0,24.7660229,2.0,125.24974894395994,66.27306073337331,2504,0.0380367266056151,2209,288,7,0.8821884984025559,0.1150159744408945,0.0027955271565495,True,1171.0,19.30649830293466,0.5505741167643304,1211,289,0.1926666666666666,0.4305008740430604,0.2898979485566356,0.4,0.1406029254864247,intact
12,42,35.23011075637036,34.02591793592998,1.0,24.7660229,2.0,132.05621561546195,52.751281682648745,2563,0.0389329593810669,2475,88,0,0.965665236051502,0.0343347639484978,0.0,True,2396.0,27.616489409343156,0.7975187122565538,2404,72,0.0290791599353796,,0.3090169943749474,0.4142135623730951,,intact
13,18,37.24760512981909,33.71362074945597,1.0,24.7660229,2.0,109.75982679377104,87.62366449495786,4573,0.0694656352905264,4486,83,4,0.9809752897441504,0.0181500109337415,0.000874699322108,True,43.0,3.69963851016596,0.1042721138008546,2617,51,0.0191154422788605,0.370221574459877,0.3090169943749474,0.4449944320643648,0.0612045800849296,intact
15,35,33.45547115641716,35.57631849947663,1.0,24.7660229,2.0,122.90983276388944,56.97944076801488,2993,0.0454648253716478,2955,38,0,0.9873037086535248,0.0126962913464751,0.0,True,1848.0,24.2535908613064,0.7026788956857263,2433,0,0.0,,0.3090169943749474,0.4258327418248415,,intact
15,38,33.45547115641716,35.7197201741682,1.0,24.7660229,2.0,124.18902409463816,53.429746192503536,2511,0.0381430593077874,2370,141,0,0.9438470728793308,0.056152927120669,0.0,True,893.0,16.859736900738547,0.4874503872397422,1468,0,0.0,,0.3090169943749474,0.4,,intact
16,18,36.9867542275546,33.71362074945597,1.0,24.7660229,2.0,110.120976834641,88.28877042664091,4946,0.0751316492777047,4874,72,0,0.9854427820460978,0.0145572179539021,0.0,True,14.0,2.111004122822376,0.0597169144720605,3084,188,0.0574572127139364,,0.3090169943749474,0.3816524151396708,,intact
16,20,36.9867542275546,33.017634004979385,1.0,24.7660229,2.0,108.2879556507741,88.68822858812668,2861,0.0434596944163997,2331,524,6,0.8147500873820342,0.1831527437958755,0.0020971688220901,True,495.0,12.552425807826008,0.3586182559336293,1614,244,0.131324004305705,0.4399284426270617,0.2817290466902531,0.4026997478492771,0.1581993959368086,intact
14,16,35.01834971071699,36.9867542275546,1.0,24.7660229,2.0,109.02989174652988,89.97424031885568,3825,0.0581032265441206,3495,330,0,0.9137254901960784,0.0862745098039215,0.0,True,9.0,1.692568750643269,0.0470124660078061,1850,52,0.0273396424815983,,0.303832434700687,0.393529818721632,,intact
14,34,35.01834971071699,34.90213017205192,1.0,24.7660229,2.0,124.2512537705462,62.23483440157723,3200,0.0486092352787414,2490,707,3,0.778125,0.2209375,0.0009375,True,613.0,13.968677826861914,0.3995589804384146,975,338,0.2574257425742574,0.4,0.2742918851774317,0.4045372666182638,0.1257081148225682,intact
14,38,35.01834971071699,35.7197201741682,1.0,24.7660229,2.0,126.4948783733604,61.66315320043335,2544,0.0386443420465994,1508,1036,0,0.5927672955974843,0.4072327044025157,0.0,True,229.0,8.537737635702333,0.2413901778659249,833,0,0.0,,0.2474827647932052,0.3779872043216927,,intact
14,60,35.01834971071699,35.0719343007914,4.841619252963779,119.90765329198184,5.841619252963779,146.30733517394373,9.44164668803274,5241,0.0796128131549637,1467,3774,0,0.2799084144247281,0.7200915855752719,0.0,False,5.0,1.2615662610100802,0.0359983207031359,149,0,0.0,,0.125,0.3333333333333333,,intact
13,21,37.24760512981909,36.21223040014279,1.0,24.7660229,2.0,110.37970722071329,86.67003696138666,3911,0.0594095997422368,3906,5,0,0.998721554589619,0.0012784454103809,0.0,True,365.0,10.77882685903636,0.2934617748943918,1464,259,0.1503192106790481,,0.3090169943749474,0.4014916240907943,,intact
13,34,37.24760512981909,34.90213017205192,7.246211251235321,179.4598337863316,8.246211251235321,123.90743133515416,67.10582582540172,6968,0.1058466098194594,2562,3725,681,0.3676808266360505,0.5345866819747417,0.0977324913892078,True,6.0,1.381976597885342,0.0383085701452186,106,717,0.8712029161603888,0.3837430868261572,0.1188184905017715,0.339714227381436,0.2649245963243857,cohesive
13,41,37.24760512981909,34.09273338064717,1.0,24.7660229,2.0,130.03955844407682,52.40639327676633,2860,0.0434445040303751,2719,141,0,0.9506993006993008,0.0493006993006993,0.0,True,2158.0,26.20902009584907,0.7347601831747398,2162,411,0.1597357170617955,,0.3090169943749474,0.4,,intact
13,53,37.24760512981909,33.92990104192052,1.0,24.7660229,2.0,142.42387022063696,24.560806184040697,3170,0.0481535236980032,3059,83,28,0.9649842271293376,0.0261829652996845,0.0088328075709779,True,1990.0,25.16816786152189,0.7071944274303524,1991,336,0.1443919209282337,0.4068781988545112,0.3090169943749474,0.3740666961489728,0.0978612044795638,intact
16,34,36.9867542275546,34.90213017205192,1.0,24.7660229,2.0,124.26858137602412,62.77855912843757,2966,0.0450546849489834,2331,609,26,0.7859069453809845,0.2053270397842211,0.0087660148347943,True,404.0,11.340070282773889,0.3154888374602724,724,818,0.5304798962386511,0.4211646096066227,0.2742918851774317,0.4014916240907943,0.1468727244291909,intact
16,49,36.9867542275546,35.096307372848145,1.0,24.7660229,2.0,143.23927559346626,16.49224569531039,2940,0.0446597349123437,2238,627,75,0.7612244897959184,0.2132653061224489,0.0255102040816326,True,949.0,17.38033607236688,0.4822307955984425,1142,1060,0.4813805631244323,0.420449861343358,0.2708131845707603,0.39564392373896,0.1496366767725976,intact
17,18,35.54812880887022,33.71362074945597,1.0,24.7660229,2.0,110.05577334469722,88.15746893065779,2489,0.037808870815246,1925,564,0,0.7734029730815588,0.2265970269184411,0.0,True,2051.0,25.550999521798648,0.7378098209974274,2056,0,0.0,,0.2898979485566356,0.3726822671238252,,intact
17,32,35.54812880887022,36.44281747824723,1.0,24.7660229,2.0,122.49431301918546,66.41158446997359,3489,0.0529992568398527,3386,103,0,0.9704786471768416,0.0295213528231584,0.0,True,2848.0,30.10891156869401,0.8364638366778046,3000,0,0.0,,0.3090169943749474,0.3874258867227931,,intact
17,33,35.54812880887022,34.862890454021304,1.0,24.7660229,2.0,122.28066296383037,68.21776515209447,2817,0.042791317431317,2772,45,0,0.9840255591054312,0.0159744408945686,0.0,True,2523.0,28.33894569036936,0.804957689493489,3193,0,0.0,,0.3090169943749474,0.4142135623730951,,intact
18,21,33.71362074945597,36.21223040014279,1.0,24.7660229,2.0,111.81461474421644,88.93291721902034,4666,0.0708783411908148,4585,81,0,0.9826403771967424,0.0173596228032576,0.0,True,2196.0,26.438769072322643,0.756194415589158,2198,34,0.0152329749103942,,0.3133921657949117,0.4142135623730951,,intact
18,33,33.71362074945597,34.862890454021304,1.0,24.7660229,2.0,123.41962393640736,70.17994609893465,2292,0.0348163647683985,2280,12,0,0.9947643979057592,0.0052356020942408,0.0,True,3691.0,34.27654868717636,0.9996585736323756,3691,75,0.0199150292087095,,0.3090169943749474,0.4176890859898589,,intact
19,20,32.80974959005393,33.017634004979385,1.0,24.7660229,2.0,106.09354148117802,87.51426438995122,2747,0.0417279904095946,2733,14,0,0.9949035311248636,0.0050964688751365,0.0,True,2588.0,28.701672171559103,0.8720283445603827,2588,0,0.0,,0.3244997998398398,0.4377476530537126,,intact
19,38,32.80974959005393,35.7197201741682,1.0,24.7660229,2.0,124.31779180924224,53.86461449890911,2582,0.0392215767155345,2442,140,0,0.9457784663051898,0.0542215336948102,0.0,True,1439.0,21.402054252301923,0.6246087800164333,1876,0,0.0,,0.3090169943749474,0.424807680927192,,intact
20,33,33.017634004979385,34.862890454021304,1.0,24.7660229,2.0,121.58660275254044,65.46402229009746,2884,0.0438090732949657,2741,143,0,0.9504160887656034,0.0495839112343966,0.0,True,3585.0,33.78077769929061,0.9953010224514084,3613,0,0.0,,0.3164309725825327,0.4211646096066227,,intact
21,25,36.21223040014279,36.105291799426446,1.0,24.7660229,2.0,112.945809811679,89.19649469660213,4592,0.0697542526249939,3772,644,176,0.8214285714285714,0.1402439024390244,0.0383275261324041,True,1519.0,21.98892260009976,0.6081215708530109,1605,713,0.3075927523727351,0.4278112058481355,0.3090169943749474,0.3451409985003952,0.118794211473188,intact
21,32,36.21223040014279,36.44281747824723,8.449489742783179,209.26025646308327,9.44948974278318,124.25315441870468,73.36805442123631,7533,0.1144291779233622,5591,1942,0,0.7422009823443515,0.2577990176556485,0.0,True,2464.0,28.00563442518059,0.7709205414620719,2466,161,0.0612866387514274,,0.2330240281039237,0.3327061724851381,,intact
21,41,36.21223040014279,34.09273338064717,4.766114533138578,118.03770167173282,5.766114533138578,132.0943463945222,58.357909696351925,4911,0.0745999857668435,4694,217,0,0.9558134799429852,0.0441865200570148,0.0,True,2301.0,27.06346334283368,0.7698876974666323,2305,17,0.0073212747631352,,0.2708131845707603,0.3844998779892558,,intact
21,48,36.21223040014279,34.59774233335765,1.0,24.7660229,2.0,140.52233540904467,39.11290974716648,2731,0.0414849442332009,2451,280,0,0.8974734529476383,0.1025265470523617,0.0,True,1090.0,18.626802622574058,0.5261067587944898,1310,121,0.0845562543675751,,0.2958163163244892,0.4068781988545112,,intact
21,54,36.21223040014279,34.73837461149509,1.0,24.7660229,2.0,147.17774235485217,18.031542868173016,2914,0.0442647848757039,2914,0,0,1.0,0.0,0.0,True,1924.0,24.747287144606645,0.6975919977158024,1924,0,0.0,,0.3090169943749474,,,intact
22,26,38.20122160174227,39.11050665364151,1.0,24.7660229,2.0,110.72237369435516,87.09883536012465,6885,0.1045858077794171,5982,834,69,0.8688453159041394,0.1211328976034858,0.0100217864923747,True,15.0,2.1850968611841584,0.0565269179849693,1829,172,0.0859570214892553,0.4026997478492771,0.303832434700687,0.394586871230296,0.0988673131485901,intact
25,48,36.105291799426446,34.59774233335765,1.0,24.7660229,2.0,141.03365004956498,40.14371932712717,2830,0.0429887924496369,2629,194,7,0.9289752650176678,0.0685512367491166,0.0024734982332155,True,1523.0,22.01785540550926,0.6228263235254811,1535,280,0.1542699724517906,0.4211646096066227,0.303832434700687,0.414213562373095,0.1173321749059356,intact
25,58,36.105291799426446,35.463353618126746,3.47213595499958,85.99099857343296,4.47213595499958,149.29794645279674,26.56523228987864,3959,0.0601387382714179,3959,0,0,1.0,0.0,0.0,True,2070.0,25.669076033243712,0.7173274241389517,2070,11,0.0052859202306583,,0.2801868778094689,,,intact
26,36,39.11050665364151,34.82769584542937,1.7320508075688772,42.89600996421431,2.732050807568877,127.00645663180502,69.94380184596234,3209,0.0487459487529629,3024,185,0,0.9423496416329076,0.0576503583670925,0.0,True,2220.0,26.582850624566497,0.7190559068541202,2257,133,0.0556485355648535,,0.2775563351996301,0.3874258867227931,,intact
27,43,34.83543558143796,37.35963203068548,1.0,24.7660229,2.0,138.76592934400506,55.13268627623898,3228,0.0490345660874304,2557,669,2,0.7921313506815365,0.2072490706319702,0.0006195786864931,True,1561.0,22.290844136840068,0.6175170929016999,1667,220,0.1165871754107048,0.4953687816160207,0.2742918851774317,0.4045372666182638,0.2210768964385889,intact
24,56,36.80178141121733,34.37048489280918,1.414213562373095,35.02444547122265,2.414213562373095,145.5272472728626,28.783308001495268,3131,0.0475610986430435,3131,0,0,1.0,0.0,0.0,True,4436.0,37.57688990737918,1.0559419239753307,4437,42,0.0093770931011386,,0.304845440523399,,,intact
25,27,36.105291799426446,34.83543558143796,1.0,24.7660229,2.0,116.4257210250131,85.62094875805903,1486,0.0225729136325655,1477,9,0,0.993943472409152,0.0060565275908479,0.0,True,97.0,5.556622981616415,0.156655370948882,2104,80,0.0366300366300366,,0.3288130902060995,0.407669683062202,,intact
25,37,36.105291799426446,35.083252272508744,8.38083151964686,207.55986533661596,9.38083151964686,127.81121140040956,69.67671481406705,8096,0.1229813652552158,7847,187,62,0.9692440711462452,0.0230978260869565,0.0076581027667984,True,3424.0,33.01352829210018,0.9274955323918525,3425,394,0.1031683686829012,0.3773301133072761,0.2642788416911127,0.3613020955135853,0.1130512716161634,intact
25,43,36.105291799426446,37.35963203068548,1.0,24.7660229,2.0,135.79733277119126,49.12150464609567,3188,0.0484269506464461,2853,316,19,0.894918444165621,0.0991217063989962,0.0059598494353826,True,1763.0,23.68924501418361,0.6449130763128572,1803,471,0.2071240105540897,0.3797958971132712,0.2958163163244892,0.392905387390447,0.0839795807887819,intact
23,24,37.67459673536332,36.80178141121733,1.0,24.7660229,2.0,111.97267800565882,88.47575573917462,3071,0.0466496754815671,2643,407,21,0.8606317160534028,0.1325301204819277,0.0068381634646694,True,2240.0,26.702324712498186,0.7170682940554389,2325,294,0.1122565864833906,0.3816524151396708,0.2989350844248255,0.393529818721632,0.0827173307148452,intact
23,45,37.67459673536332,33.6831374944378,1.0,24.7660229,2.0,134.60643256011957,40.11618895620772,3203,0.0486548064368152,3203,0,0,1.0,0.0,0.0,True,2712.0,29.381225490616288,0.823490986863364,4556,91,0.0195825263610931,,0.3090169943749474,,,intact
24,26,36.80178141121733,39.11050665364151,1.0,24.7660229,2.0,112.87923698442796,89.82347604384,1043,0.0158435726236647,1008,35,0,0.9664429530201344,0.0335570469798657,0.0,True,733.0,15.274853405932202,0.4024342776463671,3044,35,0.0113673270542383,,0.3203772410170408,0.4449944320643648,,intact
24,36,36.80178141121733,34.82769584542937,1.0,24.7660229,2.0,127.13222484416032,67.13681370533311,3257,0.049475087282144,3049,208,0,0.9361375498925392,0.0638624501074608,0.0,True,1715.0,23.36453412343591,0.6523720406257145,1801,173,0.0876393110435663,,0.3090169943749474,0.394586871230296,,intact
22,27,38.20122160174227,34.83543558143796,1.0,24.7660229,2.0,114.04279810723229,81.37366210688634,5538,0.0841243578042719,5278,260,0,0.9530516431924884,0.0469483568075117,0.0,True,2324.0,27.19838553096727,0.7447872501270729,2324,131,0.0533604887983706,,0.3090169943749474,0.4541634565979919,,intact
22,36,38.20122160174227,34.82769584542937,1.0,24.7660229,2.0,124.97536155408756,63.16273205948883,3070,0.0466344850955425,2812,258,0,0.9159609120521172,0.0840390879478827,0.0,True,1326.0,20.54455911134884,0.5626417542396286,1601,291,0.1538054968287526,,0.3090169943749474,0.424807680927192,,intact
22,43,38.20122160174227,37.35963203068548,1.0,24.7660229,2.0,133.41440985341046,48.08815644031492,3795,0.0576475149633824,3606,177,12,0.950197628458498,0.0466403162055336,0.0031620553359683,True,1548.0,22.19783106099576,0.5875484458918108,1571,380,0.194771911840082,0.4206322727489687,0.3090169943749474,0.407669683062202,0.1116152783740213,intact
22,55,38.20122160174227,33.95200611827683,1.0,24.7660229,2.0,143.80204104065996,21.863423424845987,3208,0.0487307583669382,3165,43,0,0.9865960099750624,0.0134039900249376,0.0,True,1834.0,24.161546541168924,0.6697287787297489,1834,0,0.0,,0.3090169943749474,0.4142135623730951,,intact
27,44,34.83543558143796,34.23190090443684,1.0,24.7660229,2.0,139.18162269778745,55.40571480375451,2606,0.039586145980125,1968,501,137,0.7551803530314658,0.1922486569455103,0.0525709900230237,True,396.0,11.227230955528665,0.3251097125433462,1456,759,0.3426636568848758,0.4068781988545112,0.2817290466902531,0.3740666961489728,0.125149152164258,intact
28,31,35.44670454025257,34.96785496544553,1.0,24.7660229,2.0,131.90237743792994,86.4226642486701,2894,0.0439609771552117,2584,310,0,0.8928818244644091,0.1071181755355908,0.0,True,3723.0,34.42481236350102,0.977775409096049,3827,301,0.0729166666666666,,0.3090169943749474,0.4045372666182638,,intact
29,52,34.79735966025942,34.412803838966106,1.0,24.7660229,2.0,152.39966272595098,49.46725444121372,2620,0.0397988113844695,2603,17,0,0.9935114503816794,0.0064885496183206,0.0,True,2134.0,26.06287200437069,0.7531515802491157,2228,184,0.0762852404643449,,0.3090169943749474,0.3726822671238252,,intact
29,59,34.79735966025942,35.246388536906736,1.0,24.7660229,2.0,157.64385842445273,38.97977147624778,2627,0.0399051440866418,2316,260,51,0.8816140083745717,0.0989722116482679,0.0194137799771602,True,1796.0,23.90992587997897,0.6827140607231618,1806,623,0.2564841498559078,0.4270509831248423,0.2958163163244892,0.3726822671238252,0.131234666800353,intact
30,64,32.89042370338548,35.09281834672534,6.158776208911124,152.5283926258681,7.158776208911124,160.91440401294733,42.07083379695624,4879,0.074113893414056,4879,0,0,1.0,0.0,0.0,True,4769.0,38.96177417945053,1.146217008913214,4775,0,0.0,,0.2742918851774317,,,intact
31,46,34.96785496544553,36.16379990987199,1.0,24.7660229,2.0,151.22307535237613,60.42222237899411,2966,0.0450546849489834,2847,119,0,0.9598786244099796,0.0401213755900202,0.0,True,4954.0,39.71029055741722,1.1165293602974102,4965,4,0.0008049909438518,,0.3090169943749474,0.393529818721632,,intact
31,70,34.96785496544553,34.84467940228922,1.0,24.7660229,2.0,169.0596249711483,11.86697880277064,2628,0.0399203344726664,2605,23,0,0.991248097412481,0.008751902587519,0.0,True,3858.0,35.04339511087738,1.0039284615077195,3875,141,0.035109561752988,,0.304845440523399,0.4340578300578996,,intact
32,48,36.44281747824723,34.59774233335765,1.0,24.7660229,2.0,152.34099465659068,63.47917420836276,2671,0.0405735210717244,2600,71,0,0.9734181954324224,0.0265818045675776,0.0,True,1927.0,24.76657325259521,0.6972516353552003,1945,180,0.0847058823529411,,0.3090169943749474,0.407669683062202,,intact
32,63,36.44281747824723,32.896381114309655,1.0,24.7660229,2.0,162.79141753263377,38.19356353563107,2952,0.0448420195446389,2926,26,0,0.9911924119241192,0.0088075880758807,0.0,True,2053.0,25.56345431148385,0.737344960148643,2053,0,0.0,,0.3164309725825327,0.4258327418248415,,intact
32,69,36.44281747824723,32.82615247263658,1.0,24.7660229,2.0,166.79048953091024,26.655660466323678,3080,0.0467863889557886,2781,299,0,0.902922077922078,0.097077922077922,0.0,True,1594.0,22.525229379008827,0.6503699822584535,1625,0,0.0,,0.3090169943749474,0.4,,intact
33,68,34.862890454021304,34.44455871849295,1.0,24.7660229,2.0,169.5602503400647,7.485470900389029,2826,0.0429280309055385,2820,6,0,0.9978768577494692,0.0021231422505307,0.0,True,5117.0,40.358291435620224,1.1646162690294306,5117,0,0.0,,0.3090169943749474,0.4370648079258189,,intact
34,49,34.90213017205192,35.096307372848145,3.1815405503520555,78.79410612729761,4.181540550352056,158.46063761748258,59.20973118439524,4246,0.06449837906048,3337,563,346,0.7859161563824776,0.1325953838907206,0.0814884597268017,True,1804.0,23.96311821686732,0.684675802984783,1806,299,0.142042755344418,0.3874258867227931,0.2553967929896867,0.330295985389095,0.1320290937331064,cohesive
34,53,34.90213017205192,33.92990104192052,1.0,24.7660229,2.0,158.00638228552322,55.95031323097305,2950,0.0448116387725897,2460,368,122,0.8338983050847457,0.1247457627118644,0.0413559322033898,True,1713.0,23.35090651415558,0.6784895375691166,1713,567,0.2486842105263157,0.4211646096066227,0.2898979485566356,0.3726822671238252,0.131266661049987,intact
34,67,34.90213017205192,36.104437152503536,3.1815405503520555,78.79410612729761,4.181540550352056,167.55550797410234,44.57283782745154,3758,0.0570854706804719,3758,0,0,1.0,0.0,0.0,True,2396.0,27.616489409343156,0.777857329255595,2396,0,0.0,,0.2801868778094689,,,intact
35,50,35.57631849947663,34.813978881549595,1.8284271247461903,45.2828680424453,2.8284271247461903,157.48249743245253,64.02088969608648,3435,0.052178975994524,3435,0,0,1.0,0.0,0.0,True,4180.0,36.47650372840365,1.0364071494386364,4199,0,0.0,,0.2898979485566356,,,intact
35,57,35.57631849947663,33.795964914823415,1.0,24.7660229,2.0,159.13832450947206,58.55222317906424,2699,0.0409988518804134,2470,229,0,0.9151537606520934,0.0848462393479066,0.0,True,1864.0,24.35835848013133,0.7022504458923496,1888,0,0.0,,0.3090169943749474,0.407669683062202,,intact
37,48,35.083252272508744,34.59774233335765,2.449489742783178,60.66411906308329,3.449489742783178,155.38773699777522,68.74364637489393,3205,0.0486851872088644,2784,397,24,0.8686427457098284,0.1238689547581903,0.0074882995319812,True,1163.0,19.24043652393959,0.5522434526880231,1194,254,0.1754143646408839,0.375,0.2661832955178855,0.3704152082810797,0.1088167044821144,intact
37,58,35.083252272508744,35.463353618126746,3.685557720282968,91.27660689979976,4.685557720282968,163.65203340100695,54.4936584305752,4776,0.0725492836535216,4776,0,0,1.0,0.0,0.0,True,3005.0,30.927677054416662,0.876801276658501,3005,0,0.0,,0.2791745113185196,,,intact
37,63,35.083252272508744,32.896381114309655,1.0,24.7660229,2.0,165.83815987381834,46.15004475482084,2675,0.0406342826158229,2675,0,0,1.0,0.0,0.0,True,2340.0,27.29185104880338,0.8029419898017695,2340,0,0.0,,0.3090169943749474,,,intact
38,60,35.7197201741682,35.0719343007914,1.0,24.7660229,2.0,163.78964940625218,55.60232717950338,2834,0.0430495539937353,2122,712,0,0.7487649964714185,0.2512350035285815,0.0,True,1341.0,20.66043458817997,0.5836968987774674,1371,0,0.0,,0.2817290466902531,0.376931296631122,,intact
35,62,35.57631849947663,34.927197359784934,1.0,24.7660229,2.0,164.8381897946949,48.76480384454735,2773,0.0421229404462343,2705,68,0,0.9754778218535882,0.0245221781464118,0.0,True,2559.0,28.540409926003523,0.8096166433167847,2589,0,0.0,,0.3090169943749474,0.4211646096066227,,intact
36,51,34.82769584542937,34.26751612520607,1.0,24.7660229,2.0,157.51853170036162,61.05329111969172,2893,0.0439457867691871,2893,0,0,1.0,0.0,0.0,True,2707.0,29.354128532448744,0.8496718569999863,2707,0,0.0,,0.3090169943749474,,,intact
36,55,34.82769584542937,33.95200611827683,5.928203230275509,146.8180169568572,6.928203230275509,160.0861239781098,60.19543452504028,5502,0.083577503907386,5417,85,0,0.984551072337332,0.0154489276626681,0.0,True,1984.0,25.13019725725687,0.7307445813160871,1987,0,0.0,,0.2766967754673748,0.3015724667857082,,intact
36,66,34.82769584542937,35.87682366494231,1.0,24.7660229,2.0,166.90671738103518,42.21932984407265,3008,0.0456926811620169,2784,224,0,0.925531914893617,0.0744680851063829,0.0,True,2924.0,30.50800070803401,0.862971728520375,2924,0,0.0,,0.3008613653919205,0.3629003269703467,,intact
38,62,35.7197201741682,34.927197359784934,1.0,24.7660229,2.0,166.1173811254436,50.89144179109228,2883,0.0437938829089411,2710,173,0,0.9399930627818244,0.0600069372181755,0.0,True,1699.0,23.25528964829852,0.6583525639918246,1882,0,0.0,,0.2989350844248255,0.4142135623730951,,intact
38,65,35.7197201741682,33.67941967009937,11.806248474865695,292.3938200916139,12.806248474865695,168.20795539496493,53.32668140734345,9941,0.1510076274706152,8074,1867,0,0.8121919324011669,0.1878080675988331,0.0,True,2286.0,26.97510703993861,0.7773902414488434,2593,0,0.0,,0.2322427759829103,0.3696030018711294,,intact
39,41,33.88151483207091,34.09273338064717,4.65685424949238,115.33175898489058,5.65685424949238,150.69407145212577,88.32605893651278,5029,0.076392451317747,5029,0,0,1.0,0.0,0.0,True,2279.0,26.933774904622243,0.7924699606926405,2279,0,0.0,,0.2801868778094689,,,intact
39,53,33.88151483207091,33.92990104192052,1.0,24.7660229,2.0,163.07838322868588,67.3086188747931,2439,0.0370493515140157,2439,0,0,1.0,0.0,0.0,True,1849.0,24.26015209255352,0.7155182288962741,1851,125,0.0632591093117408,,0.3090169943749474,,,intact
41,43,34.09273338064717,37.35963203068548,1.0,24.7660229,2.0,154.94586935403447,85.16087745057602,3054,0.0463914389191488,3048,6,0,0.9980353634577604,0.0019646365422396,0.0,True,2721.0,29.429937144107093,0.8237638313213738,2722,1,0.0003672420124862,,0.3133921657949117,0.4176890859898589,,intact
41,53,34.09273338064717,33.92990104192052,8.306623862918075,205.7220368107155,9.306623862918077,164.13850939444586,70.98774331489479,7053,0.107137792631551,7040,13,0,0.998156812703814,0.001843187296186,0.0,True,1615.0,22.673122109379246,0.6666346371865023,1615,0,0.0,,0.2682079019934025,0.2775144043792301,,intact
41,54,34.09273338064717,34.73837461149509,5.324555320336759,131.868058995777,6.324555320336759,166.83759357821572,66.53589410774124,4421,0.0671566966147862,3684,737,0,0.833295634471839,0.166704365528161,0.0,True,1467.0,21.609271228609742,0.6278925869122042,1468,0,0.0,,0.2457857925914388,0.3660254037844387,,intact
41,76,34.09273338064717,36.072909039283005,1.0,24.7660229,2.0,183.89449004695285,15.337495538436528,2986,0.0453584926694756,2986,0,0,1.0,0.0,0.0,True,3130.0,31.564377766008075,0.8997103618634404,3130,0,0.0,,0.3090169943749474,,,intact
39,71,33.88151483207091,35.48384280147254,1.0,24.7660229,2.0,175.87984334306427,39.03945272553175,2826,0.0429280309055385,2664,142,20,0.9426751592356688,0.0502476999292285,0.0070771408351026,True,1894.0,24.55359290271181,0.7079497241959946,1896,427,0.1838140335772707,0.4213924954722618,0.3090169943749474,0.3794803650337164,0.1123755010973144,intact
39,73,33.88151483207091,34.85110129768687,4.65685424949238,115.33175898489058,5.65685424949238,178.090597665742,40.483582855053285,4622,0.0702099642057321,4597,25,0,0.9945910861099092,0.0054089138900908,0.0,True,2940.0,30.591356056578213,0.8901554394154273,2940,0,0.0,,0.2798057840438667,0.3203772410170407,,intact
40,47,34.93919597971827,34.84507264758768,3.685557720282968,91.27660689979976,4.685557720282968,159.48600725544475,76.2494741519313,4030,0.061217255679165,3583,417,30,0.8890818858560794,0.1034739454094292,0.0074441687344913,True,1910.0,24.6570858499345,0.7066660247345892,1928,204,0.0956848030018761,0.3077019862219409,0.2661832955178855,0.3660254037844386,0.0415186907040553,intact
40,52,34.93919597971827,34.412803838966106,1.0,24.7660229,2.0,162.49834642606817,69.65549771986173,2880,0.0437483117508673,2600,175,105,0.9027777777777778,0.0607638888888888,0.0364583333333333,True,739.0,15.33724244738347,0.4423013752301749,1057,1394,0.5687474500203998,0.407669683062202,0.3090169943749474,0.3797958971132712,0.0986526886872546,intact
42,47,34.02591793592998,34.84507264758768,4.449489742783178,110.1961648630833,5.449489742783178,160.81224132829914,77.87146609346435,5073,0.0770608283028297,4697,376,0,0.9258821210329192,0.0741178789670806,0.0,True,2365.0,27.43725352189364,0.7967724375510865,2365,0,0.0,,0.2661832955178855,0.3874258867227931,,intact
42,57,34.02591793592998,33.795964914823415,1.0,24.7660229,2.0,164.98035790890862,69.96428578479576,2382,0.0361834995106131,2130,252,0,0.8942065491183879,0.105793450881612,0.0,True,1467.0,21.609271228609742,0.6372359574906641,1479,0,0.0,,0.3090169943749474,0.3875315872982903,,intact
42,67,34.02591793592998,36.104437152503536,5.741657386773941,142.19801832479757,6.741657386773941,174.3619746456043,56.47530621364032,5449,0.0827724134480819,3510,1939,0,0.6441548908056524,0.3558451091943476,0.0,True,868.0,16.622063085174787,0.4740333358989718,911,0,0.0,,0.1977907657787564,0.3660254037844386,,intact
42,78,34.02591793592998,35.492120294666805,1.0,24.7660229,2.0,186.81643086926624,8.96945322104564,2703,0.0410596134245119,2408,295,0,0.8908620051794303,0.1091379948205697,0.0,True,2084.0,25.75573339679963,0.7409798680269384,2104,0,0.0,,0.2898979485566356,0.4,,intact
44,61,34.23190090443684,35.927016907679686,6.211102550927978,153.82430801053073,7.211102550927978,174.14882249570482,66.9442317294823,5532,0.0840332154881242,5443,89,0,0.9839117859725236,0.0160882140274765,0.0,True,2432.0,27.823185353208192,0.7931475062861673,2499,36,0.0142011834319526,,0.2687959533979827,0.3567891723253309,,intact
44,81,34.23190090443684,34.62305290273255,1.0,24.7660229,2.0,193.5608268240871,12.126294862662473,2704,0.0410748038105365,2704,0,0,1.0,0.0,0.0,True,2216.0,26.558891313141824,0.7714446047708023,2216,0,0.0,,0.3090169943749474,,,intact
45,59,33.6831374944378,35.246388536906736,1.0,24.7660229,2.0,171.65359497875446,66.02560919235128,2867,0.0435508367325474,2390,294,183,0.8336239972096268,0.1025462155563306,0.0638297872340425,True,2467.0,28.022678123537936,0.8130819907508169,2493,1091,0.3044084821428571,0.3827822185373187,0.303832434700687,0.3797958971132712,0.0789497838366316,intact
45,64,33.6831374944378,35.09281834672534,8.851841083363698,219.22489897774616,9.851841083363698,173.72700880868274,66.91139170760363,7548,0.1146570337137313,6847,701,0,0.9071277159512454,0.0928722840487546,0.0,True,2645.0,29.01602400323184,0.8437839546786915,2695,114,0.0405838376646493,,0.2594996871087636,0.3383654224414442,,intact
43,55,37.35963203068548,33.95200611827683,1.0,24.7660229,2.0,168.52517227743272,73.68137906494022,3148,0.0478193352054618,3148,0,0,1.0,0.0,0.0,True,2543.0,28.45104638788141,0.7979355719875694,2543,33,0.0128105590062111,,0.3145198591387564,,,intact
43,58,37.35963203068548,35.463353618126746,1.0,24.7660229,2.0,171.63815477178866,67.52421449684603,3167,0.0481079525399294,2461,671,35,0.7770760972529207,0.211872434480581,0.0110514682664982,True,2095.0,25.823617321263136,0.7092161105779747,2107,244,0.1037856231390897,0.4211646096066227,0.2817290466902531,0.3816524151396708,0.1394355629163695,intact
43,80,37.35963203068548,35.99820721974423,7.246211251235321,179.4598337863316,8.246211251235321,188.17840294582243,38.19345742066707,7872,0.1195787187857039,7703,169,0,0.9785315040650406,0.0214684959349593,0.0,True,3033.0,31.071431972077452,0.8471196068358964,3033,0,0.0,,0.267982878680112,0.3455110085502099,,intact
44,58,34.23190090443684,35.463353618126746,3.898979485566356,96.5622152261666,4.898979485566356,172.05384812557105,68.30848504491715,5221,0.0793090054344715,5221,0,0,1.0,0.0,0.0,True,3385.0,32.824974710304524,0.9419572375527392,3395,16,0.0046907065376722,,0.2801868778094689,,,intact
46,50,36.16379990987199,34.813978881549595,7.0670198723450905,175.0219759932536,8.06701987234509,170.96853241352466,86.19622400918907,6573,0.0998464073397398,5015,1558,0,0.7629697246310665,0.2370302753689335,0.0,True,4342.0,37.17662606813614,1.0475567621631272,4353,0,0.0,,0.2325672450543258,0.359322511128923,,intact
46,70,36.16379990987199,34.84467940228922,1.0,24.7660229,2.0,186.2274295250878,58.58047000193666,3269,0.0496573719144393,3269,0,0,1.0,0.0,0.0,True,4617.0,38.33584151300923,1.0797539078250242,4632,0,0.0,,0.3090169943749474,,,intact
46,88,36.16379990987199,34.7405506064482,1.0,24.7660229,2.0,200.5383198711673,25.3492568915372,3119,0.0473788140107482,3119,0,0,1.0,0.0,0.0,True,3182.0,31.82549383492457,0.8977021467138109,3668,0,0.0,,0.3090169943749474,,,intact
47,71,34.84507264758768,35.48384280147254,1.0,24.7660229,2.0,185.32367365665823,61.13197114888683,2828,0.0429584116775877,2828,0,0,1.0,0.0,0.0,True,2804.0,29.87542335866304,0.8495914708169228,2808,116,0.0396716826265389,,0.3090169943749474,,,intact
48,58,34.59774233335765,35.463353618126746,1.0,24.7660229,2.0,176.8744720501624,76.2271944017429,2872,0.0436267886626704,2395,477,0,0.8339136490250696,0.1660863509749303,0.0,True,1716.0,23.371344948277684,0.6671704069391599,1772,0,0.0,,0.2898979485566356,0.3827822185373187,,intact
48,63,34.59774233335765,32.896381114309655,1.0,24.7660229,2.0,179.06059852297378,71.09485964404321,2694,0.0409228999502904,2508,186,0,0.930957683741648,0.0690423162583518,0.0,True,1858.0,24.319123514828476,0.7206293606786289,1916,0,0.0,,0.3090169943749474,0.3827822185373187,,intact
48,86,34.59774233335765,34.19607531774807,4.0197648378370845,99.553588026488,5.0197648378370845,198.37358890704093,36.764386031336514,4108,0.0624021057890843,3819,289,0,0.9296494644595912,0.0703505355404089,0.0,True,2354.0,27.37337158766971,0.7958090573340856,2354,0,0.0,,0.2708131845707603,0.3660254037844386,,intact
49,60,35.096307372848145,35.0719343007914,3.2426406871192857,80.30731351366796,4.242640687119286,180.5167190208801,85.29030274170617,4306,0.0654098022219564,4306,0,0,1.0,0.0,0.0,True,2679.0,29.201920914323004,0.8323401076556671,2679,0,0.0,,0.2817290466902531,,,intact
47,72,34.84507264758768,35.943963238404244,1.0,24.7660229,2.0,186.34928697649715,59.012518392368,3100,0.0470901966762807,3090,10,0,0.9967741935483873,0.0032258064516129,0.0,True,3265.0,32.23789351663778,0.9108160073986028,3265,32,0.0097057931452835,,0.3090169943749474,0.4381499646196422,,intact
47,78,34.84507264758768,35.492120294666805,10.06225774829855,249.2021058200643,11.06225774829855,194.52579545452087,50.21447782066306,7553,0.1147329856438544,5177,2376,0,0.6854230107242155,0.3145769892757845,0.0,True,911.0,17.028808129561895,0.4842049395841607,961,0,0.0,,0.2204812092115424,0.3364482598130996,,intact
47,83,34.84507264758768,34.28932355111832,1.0,24.7660229,2.0,198.0062330085904,29.66232787682856,3040,0.0461787735148043,3040,0,0,1.0,0.0,0.0,True,1991.0,25.174490727558467,0.7282768668493749,1992,38,0.0187192118226601,,0.3090169943749474,,,intact
48,54,34.59774233335765,34.73837461149509,1.0,24.7660229,2.0,175.26558259273816,78.80337206743307,2447,0.0371708746022125,2002,445,0,0.8181446669391091,0.1818553330608908,0.0,True,1634.0,22.80610343799032,0.6578419572047686,1789,0,0.0,,0.2898979485566356,0.4,,intact
50,88,34.813978881549595,34.7405506064482,3.898979485566356,96.5622152261666,4.898979485566356,203.1159723783763,38.53394218967493,4031,0.0612324460651896,4031,0,0,1.0,0.0,0.0,True,3384.0,32.82012575914278,0.943723607958736,3384,0,0.0,,0.2771863727725964,,,intact
50,91,34.813978881549595,35.16909554808186,1.0,24.7660229,2.0,205.08274341256487,24.984936277425128,2890,0.0439002156111133,2890,0,0,1.0,0.0,0.0,True,3877.0,35.12958053741257,1.00394504881993,3894,0,0.0,,0.3090169943749474,,,intact
51,73,34.26751612520607,34.85110129768687,1.0,24.7660229,2.0,190.16243447715203,60.89529413375257,2752,0.0418039423397176,2749,3,0,0.9989098837209304,0.0010901162790697,0.0,True,2937.0,30.57574423823226,0.8847325186254433,2938,0,0.0,,0.3164309725825327,0.4211646096066227,,intact
51,75,34.26751612520607,34.98008585668328,1.0,24.7660229,2.0,192.76461263160425,55.0804948440824,2979,0.0452521599673033,2979,0,0,1.0,0.0,0.0,True,2786.0,29.77937781264143,0.8600840162069373,2786,0,0.0,,0.3133921657949117,,,intact
49,65,35.096307372848145,33.67941967009937,1.0,24.7660229,2.0,184.93502500959283,77.07660815516697,2505,0.0380519169916397,2368,130,7,0.945309381237525,0.0518962075848303,0.0027944111776447,True,2604.0,28.79025779013781,0.8372214741447813,2609,380,0.1271328203412512,0.4211646096066227,0.3090169943749474,0.4105458806138031,0.1121476152316753,intact
49,74,35.096307372848145,37.166842256954304,1.0,24.7660229,2.0,193.5824251173061,64.49326822667304,3355,0.0509637451125554,3355,0,0,1.0,0.0,0.0,True,3290.0,32.361080413741924,0.8956454452795041,3290,100,0.0294985250737463,,0.3090169943749474,,,intact
49,84,35.096307372848145,36.67632135997556,1.0,24.7660229,2.0,201.65213249218837,47.66287766200603,3048,0.0463002966030012,3048,0,0,1.0,0.0,0.0,True,2596.0,28.745999104799274,0.8010295738729963,2596,0,0.0,,0.3090169943749474,,,intact
50,57,34.813978881549595,33.795964914823415,6.817337799805944,168.8383440670296,7.817337799805943,175.20201199775323,87.44922666271648,6792,0.1031731018791287,6792,0,0,1.0,0.0,0.0,True,2571.0,28.60724938505144,0.8339097163511661,2571,0,0.0,,0.2714970279031851,,,intact
51,80,34.26751612520607,35.99820721974423,1.0,24.7660229,2.0,195.99844185532373,48.54835511361026,3155,0.0479256679076341,3094,61,0,0.9806656101426308,0.0193343898573692,0.0,True,3305.0,32.43476797878209,0.9232031333272552,3305,0,0.0,,0.3090169943749474,0.4026997478492771,,intact
51,85,34.26751612520607,35.65749155011916,3.7320508075688767,92.42805576421428,4.732050807568877,202.84996412503688,42.197447390685085,3957,0.0601083574993687,3957,0,0,1.0,0.0,0.0,True,1858.0,24.319123514828476,0.6955772855327144,1858,0,0.0,,0.2771863727725964,,,intact
52,77,34.412803838966106,38.03577088218435,1.0,24.7660229,2.0,194.4874768042074,57.05187188775057,3111,0.0472572909225514,3064,47,0,0.9848923175827708,0.0151076824172291,0.0,True,3940.0,35.413852537730705,0.9776273080329368,3944,422,0.0966559780119102,,0.3090169943749474,0.4211646096066227,,intact
52,89,34.412803838966106,34.78302679752419,1.0,24.7660229,2.0,202.09417744154013,36.253046542460034,2772,0.0421077500602097,2507,236,29,0.9044011544011544,0.0851370851370851,0.0104617604617604,True,2070.0,25.669076033243712,0.7419255119023652,2155,862,0.2857142857142857,0.4211646096066227,0.3090169943749474,0.3827822185373187,0.1121476152316753,intact
53,71,33.92990104192052,35.48384280147254,1.0,24.7660229,2.0,189.3242812853844,68.49621761048766,3030,0.0460268696545583,3030,0,0,1.0,0.0,0.0,True,2195.0,26.43274863069334,0.761599855219717,2195,121,0.0522452504317789,,0.3133921657949117,,,intact
53,74,33.92990104192052,37.166842256954304,1.0,24.7660229,2.0,193.1281697853468,61.05569719229408,3023,0.045920536952386,2988,35,0,0.988422097254383,0.0115779027456169,0.0,True,3030.0,31.05606148784623,0.8736282436255479,3030,22,0.0072083879423328,,0.3090169943749474,0.3956439237389599,,intact
53,76,33.92990104192052,36.072909039283005,1.0,24.7660229,2.0,196.278801823513,54.7467038068183,3132,0.0475762890290681,3130,2,0,0.9993614303959132,0.0006385696040868,0.0,True,2442.0,27.88032894463078,0.7965488503187083,2442,0,0.0,,0.3090169943749474,0.4399284426270617,,intact
54,74,34.73837461149509,37.166842256954304,1.0,24.7660229,2.0,195.8272539691166,65.84767964915976,3484,0.0529233049097297,3456,28,0,0.9919632606199772,0.0080367393800229,0.0,True,3362.0,32.713266992917475,0.9098996823211424,3372,0,0.0,,0.3133921657949117,0.394586871230296,,intact
54,76,34.73837461149509,36.072909039283005,6.211102550927978,153.82430801053073,7.211102550927978,198.9778860072828,65.3530373863557,5305,0.0805849978605385,5301,4,0,0.9992459943449576,0.0007540056550424,0.0,True,1575.0,22.390579955406924,0.6324014705292209,1575,0,0.0,,0.2727272727272727,0.3190486896042421,,intact
54,92,34.73837461149509,34.64302278224955,6.071067811865476,150.35620445611326,7.071067811865476,208.9359447994184,44.37511193796573,5705,0.0866611522703812,5481,224,0,0.9607361963190184,0.0392638036809816,0.0,True,2417.0,27.73724923106511,0.7995586792135114,2449,0,0.0,,0.2687959533979826,0.3790649110611939,,intact
54,96,34.73837461149509,34.96030397490579,1.0,24.7660229,2.0,214.8378441412837,13.82232287631496,2783,0.0422748443064804,2783,0,0,1.0,0.0,0.0,True,2378.0,27.51255912024641,0.7894714699975524,2378,0,0.0,,0.3090169943749474,,,intact
55,61,33.95200611827683,35.927016907679686,3.685557720282968,91.27660689979976,4.685557720282968,184.12076032917196,81.8315649295364,4407,0.0669440312104417,4377,30,0,0.9931926480599048,0.0068073519400953,0.0,True,2856.0,30.15116971098976,0.8629533844452899,2856,0,0.0,,0.2791745113185196,0.4172557664838492,,intact
55,82,33.95200611827683,34.70583405708199,1.0,24.7660229,2.0,201.467452307999,48.7214403756608,2704,0.0410748038105365,2704,0,0,1.0,0.0,0.0,True,2455.0,27.9544409813755,0.814311691424523,2472,46,0.0182684670373312,,0.3090169943749474,,,intact
55,85,33.95200611827683,35.65749155011916,1.0,24.7660229,2.0,205.41755640278507,40.36635824387711,2731,0.0414849442332009,2729,2,0,0.9992676675210546,0.0007323324789454,0.0,True,2194.0,26.42672681750876,0.7592850890376986,2198,0,0.0,,0.3090169943749474,0.27837644930301,,intact
55,95,33.95200611827683,35.68738337550451,10.364905678081108,256.6974913796967,11.364905678081108,208.77316250656176,40.45154477401967,8875,0.1348146759683844,4368,4507,0,0.492169014084507,0.5078309859154929,0.0,True,2.0,0.7978845608028654,0.022914748868501,1047,0,0.0,,0.1689858712747391,0.3355818449734017,,intact
56,66,34.37048489280918,35.87682366494231,1.0,24.7660229,2.0,185.30173980973743,77.45636747538477,3150,0.0478497159775111,3045,93,12,0.9666666666666668,0.0295238095238095,0.0038095238095238,True,2777.0,29.73123868816075,0.846473389474223,2778,480,0.147329650092081,0.4176890859898589,0.3090169943749474,0.3816524151396708,0.1086720916149114,intact
57,60,33.795964914823415,35.0719343007914,1.0,24.7660229,2.0,180.2299726408041,84.27538218997222,2808,0.0426546039570956,2639,169,0,0.9398148148148148,0.0601851851851851,0.0,True,843.0,16.3809411833672,0.4757206585344207,1119,0,0.0,,0.3145198591387564,0.4142135623730951,,intact
57,62,33.795964914823415,34.927197359784934,4.766114533138578,118.03770167173282,5.766114533138578,182.5577043599956,81.28188212247831,4823,0.0732632317966781,2581,2242,0,0.5351441011818371,0.4648558988181629,0.0,True,13.0,2.0342144725641096,0.059200258114889,1075,0,0.0,,0.1757340838011157,0.3690444308357147,,intact
57,67,33.795964914823415,36.104437152503536,1.0,24.7660229,2.0,186.23945581146847,74.2382079025278,2945,0.0447356868424667,2817,128,0,0.9565365025466892,0.0434634974533107,0.0,True,1359.0,20.79863301574821,0.5950933728740302,1383,0,0.0,,0.3090169943749474,0.3904778527222126,,intact
57,93,33.795964914823415,35.43270214771678,1.0,24.7660229,2.0,210.6390081934844,1.5198423134297143,2795,0.0424571289387757,2691,104,0,0.9627906976744186,0.0372093023255813,0.0,True,2021.0,25.363443772040124,0.732743958485497,2058,0,0.0,,0.3090169943749474,0.39782196186948,,intact
60,62,35.0719343007914,34.927197359784934,1.0,24.7660229,2.0,185.92983792602692,86.3308420896773,2486,0.0377632996571722,1919,567,0,0.7719227674979887,0.2280772325020112,0.0,True,630.0,14.161046158239444,0.4046063378873307,920,0,0.0,,0.2612038749637415,0.4,,intact
60,67,35.0719343007914,36.104437152503536,1.0,24.7660229,2.0,189.61158937749985,79.90937503174375,3247,0.0493231834218979,3120,127,0,0.9608869725900832,0.0391130274099168,0.0,True,1593.0,22.518162640206207,0.6327426414251069,1804,0,0.0,,0.3090169943749474,0.4,,intact
60,84,35.0719343007914,36.67632135997556,1.0,24.7660229,2.0,204.7375196781437,54.3060655004104,2810,0.0426849847291448,2805,5,0,0.998220640569395,0.0017793594306049,0.0,True,2192.0,26.414679072721466,0.7363155753252804,2193,0,0.0,,0.3090169943749474,0.4457990551962238,,intact
60,94,35.0719343007914,38.09722263948318,1.0,24.7660229,2.0,214.09323930817044,31.346026255873078,3606,0.0547765320047317,3456,150,0,0.9584026622296172,0.0415973377703826,0.0,True,3165.0,31.7403653062106,0.8675886571200799,3165,0,0.0,,0.3090169943749474,0.3827822185373187,,intact
58,81,35.463353618126746,34.62305290273255,3.7320508075688767,92.42805576421428,4.732050807568877,206.64574715191017,54.44387111364396,4549,0.0691010660259358,4549,0,0,1.0,0.0,0.0,True,2423.0,27.77165559024749,0.7924976316764656,2424,0,0.0,,0.2801868778094689,,,intact
58,86,35.463353618126746,34.19607531774807,1.0,24.7660229,2.0,206.63788531027268,50.87938748676849,2816,0.0427761270452924,2177,639,0,0.7730823863636364,0.2269176136363636,0.0,True,1249.0,19.93913357805586,0.5724747929360973,1291,0,0.0,,0.2742918851774317,0.3874258867227931,,intact
58,90,35.463353618126746,34.13389938260097,1.0,24.7660229,2.0,208.34842425935227,47.09459214431137,2930,0.0445078310520976,2930,0,0,1.0,0.0,0.0,True,3548.0,33.60600357347016,0.9657278735733656,3548,0,0.0,,0.3090169943749474,,,intact
59,64,35.246388536906736,35.09281834672534,9.633758019665985,238.5898717281064,10.633758019665985,187.1080894817324,87.0570900937938,8493,0.1290119485069847,2409,4005,2079,0.2836453549982338,0.4715648180854822,0.244789826916284,False,24.0,2.763953195770684,0.0785892624676112,370,923,0.7138437741686001,0.3681968692274571,0.1014196461075442,0.3,0.2667772231199129,cohesive
59,66,35.246388536906736,35.87682366494231,1.0,24.7660229,2.0,188.79433296116852,83.95495053151406,2943,0.0447053060704175,2764,179,0,0.9391777098199116,0.0608222901800883,0.0,True,2486.0,28.130381743817548,0.7910323753090056,2520,22,0.008654602675059,,0.3090169943749474,0.4211646096066227,,intact
59,75,35.246388536906736,34.98008585668328,9.838393244542416,243.6578723935428,10.838393244542416,198.39314100291332,70.59047535100778,7914,0.1202167149987374,7645,269,0,0.9660096032347738,0.0339903967652261,0.0,True,3199.0,31.91039526395664,0.9087853416964154,3199,0,0.0,,0.2603471070980069,0.3881474941746899,,intact
59,97,35.246388536906736,35.07853194929009,1.0,24.7660229,2.0,216.39466767115056,26.91916065806866,2955,0.0448875907027127,2917,35,3,0.987140439932318,0.0118443316412859,0.0010152284263959,True,2305.0,27.086976347566694,0.7703379160701149,2307,227,0.0895816890292028,0.479130371550699,0.3090169943749474,0.4,0.1701133771757516,intact
59,100,35.246388536906736,35.54535776643442,10.722900958004928,265.563610680382,11.722900958004928,221.4606562220407,25.9456684074838,8297,0.1260346328461618,8297,0,0,1.0,0.0,0.0,True,2509.0,28.26021062262507,0.7984041106015568,2510,198,0.0731166912850812,,0.2663346240702891,,,intact
61,81,35.927016907679686,34.62305290273255,1.0,24.7660229,2.0,208.74072152204397,58.17011416142908,2595,0.0394190517338543,2595,0,0,1.0,0.0,0.0,True,3139.0,31.60972528717893,0.8960933808321692,3139,0,0.0,,0.3008613653919205,,,intact
61,82,35.927016907679686,34.70583405708199,1.0,24.7660229,2.0,206.6754091724887,61.48920198827411,2845,0.043216648240006,2845,0,0,1.0,0.0,0.0,True,3733.0,34.47101398456522,0.9760618044927172,4010,14,0.0034791252485089,,0.3090169943749474,,,intact
62,94,34.927197359784934,38.09722263948318,1.0,24.7660229,2.0,216.4209710273619,36.0640947071503,3314,0.0503409392855466,3139,175,0,0.9471937235968618,0.0528062764031382,0.0,True,4083.0,36.050787304695824,0.9873625098304688,4083,0,0.0,,0.3090169943749474,0.3827822185373187,,intact
63,69,32.896381114309655,32.82615247263658,4.39834563766817,108.929528784605,5.39834563766817,193.51009339729336,83.65748684531981,4061,0.0616881576459278,3984,77,0,0.9810391529180004,0.0189608470819995,0.0,True,1455.0,21.520708268953776,0.6548958810446164,1472,0,0.0,,0.2779262976266636,0.4096424282282281,,intact
63,98,32.896381114309655,35.48965640643782,1.0,24.7660229,2.0,217.4136356527765,33.46144127802515,2660,0.0404064268254538,2507,153,0,0.9424812030075188,0.0575187969924812,0.0,True,2163.0,26.239365156488432,0.7673895463976177,2221,0,0.0,,0.3090169943749474,0.4068781988545112,,intact
64,99,35.09281834672534,35.28292671277718,1.0,24.7660229,2.0,224.1877269527296,7.725078525589842,2923,0.0444014983499253,2800,107,16,0.9579199452617174,0.0366062264796442,0.0054738282586383,True,3342.0,32.615818855675364,0.9269051099380552,3351,629,0.1580402010050251,0.4241077963657325,0.3090169943749474,0.4014916240907943,0.1150908019907851,intact
65,87,33.67941967009937,35.09462755798026,1.0,24.7660229,2.0,211.84490933929297,57.06219314563013,2864,0.0435052655744735,2847,17,0,0.9940642458100558,0.0059357541899441,0.0,True,1587.0,22.47571554753432,0.6536103793047604,1725,100,0.0547945205479452,,0.3203772410170408,0.4068781988545112,,intact
65,105,33.67941967009937,33.9064520150349,11.372009928492815,281.63945830808046,12.372009928492815,227.7926836063116,25.73619321162246,9041,0.1373362800484691,7646,1395,0,0.8457029089702467,0.1542970910297533,0.0,True,1493.0,21.79992339602136,0.6451029735203171,2242,0,0.0,,0.243649917451871,0.34644219360113,,intact
66,75,35.87682366494231,34.98008585668328,5.6332495807108,139.51318811729905,6.6332495807108,202.15279831227772,75.74423855476786,5253,0.0797950977872589,5253,0,0,1.0,0.0,0.0,True,2131.0,26.044545829360477,0.7351307305157488,2131,0,0.0,,0.2742918851774318,,,intact
66,85,35.87682366494231,35.65749155011916,2.6502815398728847,65.63693330793913,3.6502815398728847,212.23814980571044,59.369628263182506,3457,0.0525131644870653,3443,14,0,0.9959502458779288,0.0040497541220711,0.0,True,3047.0,31.143060594649494,0.8707166763537386,3047,41,0.0132772020725388,,0.2817290466902531,0.3577747210701756,,intact
66,97,35.87682366494231,35.07853194929009,1.0,24.7660229,2.0,220.15432498051496,35.42328313449712,3283,0.0498700373187838,3187,96,0,0.9707584526347852,0.0292415473652147,0.0,True,1553.0,22.233651370016283,0.6266941001859092,1617,24,0.0146252285191956,,0.3090169943749474,0.414213562373095,,intact
66,101,35.87682366494231,34.84631786581309,10.832159566199232,268.26951187294424,11.832159566199232,226.96584747589128,31.132775883109367,9008,0.1368349973096571,1708,6846,454,0.1896092362344582,0.7599911190053286,0.0503996447602131,False,5.0,1.2615662610100802,0.0356761940633381,448,125,0.2181500872600349,0.3156796485954547,0.0776738720502708,0.3041291760771312,0.2380057765451839,cohesive
68,87,34.44455871849295,35.09462755798026,1.0,24.7660229,2.0,217.3635438094569,67.49267725119388,2327,0.0353480282792597,2327,0,0,1.0,0.0,0.0,True,4069.0,35.98892783734804,1.0350689953219647,4069,0,0.0,,0.3090169943749474,,,intact
68,92,34.44455871849295,34.64302278224955,1.0,24.7660229,2.0,219.71344359244,61.55466078323699,2778,0.0421988923763574,2613,165,0,0.9406047516198704,0.0593952483801295,0.0,True,3549.0,33.61073914787167,0.9729893106045532,3568,2,0.0005602240896358,,0.3090169943749474,0.393529818721632,,intact
68,109,34.44455871849295,34.50388331969589,6.89920048531124,170.8657572109093,7.89920048531124,237.86498336266055,27.19163625548514,5464,0.083000269238451,4761,703,0,0.8713396778916545,0.1286603221083455,0.0,True,2775.0,29.72053051612671,0.8621088348788286,2775,0,0.0,,0.2588283628687876,0.339056738914926,,intact
69,92,32.82615247263658,34.64302278224955,1.0,24.7660229,2.0,216.73003272793048,54.86751420676354,2638,0.0400722383329124,2638,0,0,1.0,0.0,0.0,True,2346.0,27.32681820093904,0.8100534235879822,2563,0,0.0,,0.3090169943749474,,,intact
69,98,32.82615247263658,35.48965640643782,3.414213562373095,84.55649127122264,4.414213562373095,221.41270765105293,48.88120230276064,3602,0.0547157704606333,2994,608,0,0.8312048861743476,0.1687951138256524,0.0,True,1192.0,19.47884453275087,0.5702587688665244,1299,0,0.0,,0.2542862710161889,0.3811428388606529,,intact
70,72,34.84467940228922,35.943963238404244,1.0,24.7660229,2.0,204.12047359165024,89.90815748085679,3049,0.0463154869890258,3049,0,0,1.0,0.0,0.0,True,3019.0,30.999637842866232,0.875836481290173,3019,30,0.0098392915710068,,0.3090169943749474,,,intact
70,77,34.84467940228922,38.03577088218435,1.0,24.7660229,2.0,209.24632424873704,82.58860353248089,2729,0.0414545634611516,2729,0,0,1.0,0.0,0.0,True,4466.0,37.70373922698927,1.0346736080751593,4507,325,0.0672599337748344,,0.3090169943749474,,,intact
70,104,34.84467940228922,37.599825737670216,1.0,24.7660229,2.0,237.11673236594063,20.34763120134913,3366,0.0511308393588261,3366,0,0,1.0,0.0,0.0,True,5509.0,41.875639254660975,1.1560749617589126,5514,10,0.001810282404055,,0.3090169943749474,,,intact
67,71,36.104437152503536,35.48384280147254,1.0,24.7660229,2.0,198.87340697396348,84.93931077830773,2839,0.0431255059238584,2839,0,0,1.0,0.0,0.0,True,3170.0,31.76542679081483,0.8874476886785586,3170,0,0.0,,0.3090169943749474,,,intact
67,78,36.104437152503536,35.492120294666805,1.0,24.7660229,2.0,208.0755287718261,70.29928862856427,3221,0.0489282333852581,2999,222,0,0.9310773051847252,0.0689226948152747,0.0,True,1158.0,19.19903248085251,0.5363116095356705,1193,0,0.0,,0.3090169943749474,0.4208072354749903,,intact
67,84,36.104437152503536,36.67632135997556,1.0,24.7660229,2.0,210.7470028488081,62.8313209268795,3903,0.0592880766540399,3903,0,0,1.0,0.0,0.0,True,2645.0,29.01602400323184,0.7973542622053523,2765,0,0.0,,0.3090169943749474,,,intact
67,102,36.104437152503536,36.02569722344636,10.44948974278318,258.7923022630833,11.44948974278318,229.2822137227548,32.2256653639997,9649,0.14657203475143,8951,698,0,0.9276608975023318,0.0723391024976681,0.0,True,1493.0,21.79992339602136,0.6044609117847431,1493,0,0.0,,0.2582456997612433,0.3500566008524084,,intact
71,73,35.48384280147254,34.85110129768687,1.0,24.7660229,2.0,204.33649572244047,86.40885710113429,2884,0.0438090732949657,2884,0,0,1.0,0.0,0.0,True,3119.0,31.508864387775752,0.8959661457426914,3119,0,0.0,,0.3090169943749474,,,intact
71,83,35.48384280147254,34.28932355111832,6.713293552551451,166.2615818569116,7.713293552551451,214.80830075169484,70.78838361365912,6113,0.0928588297684207,5824,289,0,0.952723703582529,0.0472762964174709,0.0,True,1751.0,23.608485989317856,0.6767210726833013,1751,0,0.0,,0.2597106754733818,0.4076696830622021,,intact
71,102,35.48384280147254,36.02569722344636,1.0,24.7660229,2.0,232.5345481485541,28.61369790963648,3364,0.0511004585867769,3362,2,0,0.9994054696789536,0.0005945303210463,0.0,True,3986.0,35.619983244361435,0.9962302437394776,4008,0,0.0,,0.3145198591387564,0.3530761074897553,,intact
72,77,35.943963238404244,38.03577088218435,1.0,24.7660229,2.0,209.3028186965273,82.09669584634642,3076,0.0467256274116902,2991,55,30,0.972366710013004,0.0178803641092327,0.0097529258777633,True,3127.0,31.5492474410518,0.8529159455919598,3132,311,0.0903282021492884,0.4241077963657325,0.3090169943749474,0.3585701736362872,0.1150908019907851,intact
72,78,35.943963238404244,35.492120294666805,4.766114533138578,118.03770167173282,5.766114533138578,212.35347651746423,78.35788190424071,4612,0.0700580603454861,4553,59,0,0.9872072853425846,0.0127927146574154,0.0,True,1954.0,24.93947709161375,0.6982319258884936,1958,0,0.0,,0.2742918851774318,0.3888311372709909,,intact
72,83,35.943963238404244,34.28932355111832,1.0,24.7660229,2.0,215.8339140715337,70.54120132053153,2954,0.0448724003166881,2831,123,0,0.9583615436696006,0.0416384563303994,0.0,True,2479.0,28.090749506725825,0.7999269517574796,2479,0,0.0,,0.3090169943749474,0.3956439237389599,,intact
72,106,35.943963238404244,34.66475779869679,6.483314773547883,160.56592214959517,7.483314773547883,235.0933297640048,38.05438197321089,6128,0.0930866855587898,5681,447,0,0.9270561357702348,0.072943864229765,0.0,True,2053.0,25.56345431148385,0.7240877312606087,2053,0,0.0,,0.264908564940645,0.3558132066731865,,intact
72,113,35.943963238404244,34.17326285532245,6.211102550927978,153.82430801053073,7.211102550927978,240.12229472285367,16.781868222892733,5955,0.0904587487765329,5764,191,0,0.9679261125104954,0.0320738874895046,0.0,True,2157.0,26.20294686668728,0.7474039783508101,2157,0,0.0,,0.2612038749637415,0.3660254037844386,,intact
73,75,34.85110129768687,34.98008585668328,2.6502815398728847,65.63693330793913,3.6502815398728847,209.1494281995704,85.86895588500661,4089,0.0621134884546168,4083,6,0,0.9985326485693324,0.0014673514306676,0.0,True,2626.0,28.911619828688853,0.8280431998034423,2626,0,0.0,,0.2817290466902531,0.4342847116185476,,intact
73,83,34.85110129768687,34.28932355111832,1.0,24.7660229,2.0,217.01905507437257,71.56856244996239,3127,0.0475003370989451,3109,18,0,0.994243684042213,0.005756315957787,0.0,True,3033.0,31.071431972077452,0.8987920464771166,3033,70,0.0225588140509184,,0.3090169943749474,0.4368328177475068,,intact
73,107,34.85110129768687,34.62763275070584,5.414213562373095,134.08853707122265,6.414213562373095,237.6470948914091,36.63350593759137,4720,0.0716986220361436,3571,1149,0,0.7565677966101695,0.2434322033898305,0.0,True,1909.0,24.650630270337032,0.7095877784177125,1909,0,0.0,,0.2421017236931483,0.3405424265831667,,intact
74,84,37.166842256954304,36.67632135997556,1.0,24.7660229,2.0,217.80322577456977,76.7282255362621,3760,0.0571158514525211,3760,0,0,1.0,0.0,0.0,True,2791.0,29.806088175722756,0.8072809103993798,2791,0,0.0,,0.3090169943749474,,,intact
74,92,37.166842256954304,34.64302278224955,8.70820393249937,215.66757801014944,9.70820393249937,222.84220922998932,70.77653669608284,7647,0.1161608819301674,7011,636,0,0.9168301294625344,0.0831698705374656,0.0,True,2632.0,28.944630252185583,0.8061463487331041,2635,0,0.0,,0.2601150730041542,0.3320790116369429,,intact
74,96,37.166842256954304,34.96030397490579,3.16227766016838,78.31704094788851,4.16227766016838,228.74410857185467,62.82313798128319,3611,0.0548524839348547,3524,87,0,0.9759069509831072,0.0240930490168928,0.0,True,1973.0,25.060435060880707,0.6948960653544055,1973,0,0.0,,0.2742918851774317,0.3613020955135854,,intact
74,103,37.166842256954304,34.49813388688145,1.0,24.7660229,2.0,236.16674350025252,45.62628233420112,2738,0.0415912769353731,2738,0,0,1.0,0.0,0.0,True,2506.0,28.243310265912164,0.788203995469871,2506,0,0.0,,0.3090169943749474,,,intact
75,85,34.98008585668328,35.65749155011916,1.0,24.7660229,2.0,221.83695784745527,74.23841928692491,2565,0.0389633401531161,2565,0,0,1.0,0.0,0.0,True,2319.0,27.16911161705901,0.7692537772237529,2320,0,0.0,,0.3090169943749474,,,intact
75,89,34.98008585668328,34.78302679752419,1.0,24.7660229,2.0,220.69683849115117,75.10907545930199,2916,0.0442951656477531,2916,0,0,1.0,0.0,0.0,True,3707.0,34.35076051681116,0.9847829091880244,3707,19,0.0050993022007514,,0.3090169943749474,,,intact
75,97,34.98008585668328,35.07853194929009,7.803118619434352,193.2522144203276,8.803118619434352,229.7531330222598,62.40502716182865,7755,0.1178014436208249,7747,8,0,0.9989684074790458,0.0010315925209542,0.0,True,2757.0,29.62398278774667,0.8456913286468194,2757,0,0.0,,0.2696862318229452,0.2692162887853561,,intact
75,107,34.98008585668328,34.62763275070584,8.899494936611665,220.40509539855856,9.899494936611664,240.2492730458613,44.15717321924504,7442,0.113046852795123,7363,79,0,0.9893845740392369,0.0106154259607632,0.0,True,2392.0,27.59342761875783,0.7928266626405043,2392,0,0.0,,0.2658626798938589,0.4370931529546793,,intact
76,80,36.072909039283005,35.99820721974423,1.0,24.7660229,2.0,217.1270236387408,88.24194900727534,3096,0.0470294351321823,3094,2,0,0.9993540051679588,0.0006459948320413,0.0,True,3395.0,32.87342488384758,0.9122496386957248,3395,0,0.0,,0.3090169943749474,0.4084042666727913,,intact
76,86,36.072909039283005,34.19607531774807,5.196152422706632,128.68802989264293,6.196152422706632,222.0858923215856,81.22993444972066,4888,0.0742506068882775,4888,0,0,1.0,0.0,0.0,True,2566.0,28.579418607585545,0.813429107282263,2566,0,0.0,,0.2775144043792301,,,intact
76,96,36.072909039283005,34.96030397490579,1.0,24.7660229,2.0,231.8947406100209,64.14865498722112,2964,0.0450243041769342,2958,6,0,0.9979757085020244,0.0020242914979757,0.0,True,1840.0,24.201036973199617,0.6814005996987773,1840,0,0.0,,0.3090169943749474,0.2903320655575393,,intact
76,103,36.072909039283005,34.49813388688145,1.0,24.7660229,2.0,239.3173755384188,45.10111026744704,3300,0.0501282738812021,3300,0,0,1.0,0.0,0.0,True,2490.0,28.15300368695388,0.7978627640917592,2492,0,0.0,,0.3090169943749474,,,intact
76,112,36.072909039283005,34.69757370520544,1.0,24.7660229,2.0,245.6862629311846,30.1271238773186,3191,0.0484725218045199,3191,0,0,1.0,0.0,0.0,True,2999.0,30.89678540989642,0.8731545755155284,2999,0,0.0,,0.3090169943749474,,,intact
77,79,38.03577088218435,33.5593067474407,1.0,24.7660229,2.0,214.1452707102084,89.54723780567741,2949,0.0447964483865651,2279,342,328,0.7728043404543913,0.1159715157680569,0.1112241437775517,True,1921.0,24.727985994800747,0.6907733551941467,3456,803,0.1885419112467715,0.4068781988545112,0.2612038749637414,0.3483314773547883,0.1456743238907697,cohesive
77,108,38.03577088218435,35.592720937992624,6.330293345472711,156.77618995769478,7.330293345472711,243.81011810914825,41.39422182374288,6342,0.0963374281680556,4461,1686,195,0.7034058656575213,0.2658467360454115,0.0307473982970671,True,2803.0,29.870095596987387,0.8113732838624261,2810,430,0.132716049382716,0.4049084876464714,0.2267807458114319,0.3377053396747006,0.1781277418350395,intact
77,110,38.03577088218435,35.0154292758942,1.0,24.7660229,2.0,248.12419777125075,22.113743319869645,3038,0.0461483927427551,2904,134,0,0.955892034233048,0.0441079657669519,0.0,True,2513.0,28.28272872231154,0.7743261893332172,3684,1092,0.228643216080402,,0.304845440523399,0.3816524151396708,,intact
78,93,35.492120294666805,35.43270214771678,6.032065437739018,149.39027076534305,7.032065437739018,232.47508115384204,72.80127124455413,5682,0.0863117733918152,5663,19,0,0.996656107004576,0.0033438929954241,0.0,True,1629.0,22.77118364497979,0.6421216962080706,1630,0,0.0,,0.2725338062053596,0.4189796981099955,,intact
78,102,35.492120294666805,36.02569722344636,5.513233075965879,136.54085661240842,6.513233075965879,241.73666994641675,57.51454402201515,5497,0.083501551977263,5153,344,0,0.9374204111333456,0.0625795888666545,0.0,True,2394.0,27.604960922341384,0.771974366117924,2399,0,0.0,,0.2661832955178855,0.3615739455446463,,intact
78,106,35.492120294666805,34.66475779869679,1.0,24.7660229,2.0,243.26983824202853,48.290515695177945,2872,0.0436267886626704,2730,142,0,0.9505571030640668,0.0494428969359331,0.0,True,1790.0,23.869953838853256,0.6804736609598713,1800,0,0.0,,0.3090169943749474,0.4026997478492771,,intact
78,114,35.492120294666805,34.162765706038094,1.0,24.7660229,2.0,252.76579782909744,18.584812453103783,2998,0.0455407773017708,2919,79,0,0.9736490993995998,0.0263509006004002,0.0,True,1422.0,21.275259296970987,0.6108762936387746,1422,0,0.0,,0.3090169943749474,0.4026997478492771,,intact
80,85,35.99820721974423,35.65749155011916,8.851841083363698,219.22489897774616,9.851841083363698,225.0707870711748,80.156445594838,7872,0.1195787187857039,7858,14,0,0.9982215447154472,0.0017784552845528,0.0,True,2198.0,26.450805844661367,0.7382750094898501,2198,0,0.0,,0.2708131845707603,0.2090910999359904,,intact
80,95,35.99820721974423,35.68738337550451,1.0,24.7660229,2.0,228.42639317495144,73.4118841495805,3335,0.0506599373920633,3335,0,0,1.0,0.0,0.0,True,2537.0,28.41746261101221,0.7928361160184316,2542,0,0.0,,0.3090169943749474,,,intact
80,107,35.99820721974423,34.62763275070584,1.7320508075688772,42.89600996421431,2.732050807568877,243.4831022695808,45.6254866777666,3388,0.0514650278513675,3334,54,0,0.9840613931523022,0.0159386068476977,0.0,True,2462.0,27.994266194785187,0.7927485522720301,2463,0,0.0,,0.2898979485566356,0.4,,intact
80,112,35.99820721974423,34.69757370520544,5.19114712955712,128.56406868788088,6.19114712955712,246.77850409390544,41.14309308470373,5466,0.0830306500105002,4897,569,0,0.8959019392608855,0.1040980607391145,0.0,True,1980.0,25.104851615652017,0.7102220609827683,1980,0,0.0,,0.2653311931459037,0.3465462064555278,,intact
81,90,34.62305290273255,34.13389938260097,7.547442467302883,186.92013298165568,8.547442467302883,229.8554029578683,87.49015021967298,6719,0.1020642036993324,6719,0,0,1.0,0.0,0.0,True,2298.0,27.045815174447064,0.7867077953720232,2298,0,0.0,,0.2710755134061366,,,intact
81,95,34.62305290273255,35.68738337550451,1.0,24.7660229,2.0,233.39312369943377,81.28607473634233,3111,0.0472572909225514,3106,5,0,0.998392799742848,0.001607200257152,0.0,True,2918.0,30.4766836759563,0.8669177803235915,2918,0,0.0,,0.3090169943749474,0.4142135623730951,,intact
81,111,34.62305290273255,34.41105662772018,1.0,24.7660229,2.0,251.95912306114,46.38026769072651,2783,0.0422748443064804,2783,0,0,1.0,0.0,0.0,True,3369.0,32.747305332701664,0.9487282607232296,3369,0,0.0,,0.3090169943749474,,,intact
81,115,34.62305290273255,34.46781740237351,1.0,24.7660229,2.0,252.76116872724896,43.3424377445675,2794,0.0424419385527511,2794,0,0,1.0,0.0,0.0,True,3207.0,31.950270812489475,0.9248767795628196,3207,0,0.0,,0.3133921657949117,,,intact
82,85,34.70583405708199,35.65749155011916,1.0,24.7660229,2.0,227.97220524610185,83.38147126469804,3019,0.0458597754082876,3019,0,0,1.0,0.0,0.0,True,3237.0,32.09936294659024,0.9123890228208632,3239,46,0.0140030441400304,,0.3090169943749474,,,intact
82,118,34.70583405708199,35.018090136235266,1.0,24.7660229,2.0,258.26678656716297,6.565685820524535,2788,0.0423507962366034,2788,0,0,1.0,0.0,0.0,True,4819.0,39.16548661155236,1.1234447017916471,4819,13,0.0026903973509933,,0.3090169943749474,,,intact
83,89,34.28932355111832,34.78302679752419,1.0,24.7660229,2.0,228.5664653659533,88.20296622751354,2775,0.0421533212182835,2737,38,0,0.9863063063063064,0.0136936936936936,0.0,True,3744.0,34.52176435050956,0.9995827324902378,3744,111,0.0287937743190661,,0.3164309725825327,0.3956439237389599,,intact
83,113,34.28932355111832,34.17326285532245,1.0,24.7660229,2.0,251.7792407549469,44.47770803658947,2564,0.0389481497670915,2561,3,0,0.998829953198128,0.001170046801872,0.0,True,2578.0,28.64616704869628,0.836841508693026,2578,0,0.0,,0.3133921657949117,0.3090169943749474,,intact
83,120,34.28932355111832,36.194805492810126,1.0,24.7660229,2.0,259.5809241058458,20.2977877890256,3096,0.0470294351321823,3092,4,0,0.9987080103359172,0.0012919896640826,0.0,True,3379.0,32.79587024939312,0.9305887919521132,3379,0,0.0,,0.3090169943749474,0.371073992622785,,intact
84,117,36.67632135997556,35.995136533514525,1.0,24.7660229,2.0,254.14425964675456,40.61040350857192,3123,0.0474395755548467,3111,12,0,0.9961575408261288,0.0038424591738712,0.0,True,2807.0,29.891400946056383,0.8226448680819449,2807,0,0.0,,0.3090169943749474,0.4136640300989346,,intact
84,119,36.67632135997556,35.426679617137445,1.0,24.7660229,2.0,256.2812312101754,25.87933331721109,3868,0.0587564131431787,3868,0,0,1.0,0.0,0.0,True,3335.0,32.58164315105888,0.9037527622851916,3336,6,0.0017953321364452,,0.3090169943749474,,,intact
85,107,35.65749155011916,34.62763275070584,6.483314773547883,160.56592214959517,7.483314773547883,250.334624539294,60.61590720068276,6332,0.0961855243078096,6281,51,0,0.9919456727732154,0.0080543272267845,0.0,True,2011.0,25.3006162200766,0.7199422771677341,2011,0,0.0,,0.2711923793731366,0.3813570972530608,,intact
85,123,35.65749155011916,35.280049918174605,1.414213562373095,35.02444547122265,2.414213562373095,262.8833439713029,32.796504449126694,3002,0.0456015388458693,3002,0,0,1.0,0.0,0.0,True,2884.0,30.29860907292697,0.8542334128246953,2884,54,0.0183798502382573,,0.2973757003746574,,,intact
85,124,35.65749155011916,34.920542397730166,1.0,24.7660229,2.0,263.3544406874644,27.9233020698843,3062,0.0465129620073457,3042,20,0,0.9934683213585892,0.0065316786414108,0.0,True,2365.0,27.43725352189364,0.777501213540951,2365,0,0.0,,0.3090169943749474,0.4068781988545112,,intact
86,95,34.19607531774807,35.68738337550451,1.8284271247461903,45.2828680424453,2.8284271247461903,233.38526185779628,82.19948182150019,2855,0.0433685521002521,2855,0,0,1.0,0.0,0.0,True,2439.0,27.86319817254052,0.7974189799289594,2439,0,0.0,,0.2933997741163456,,,intact
86,96,34.19607531774807,34.96030397490579,1.0,24.7660229,2.0,237.9458504555865,73.15403279333036,2892,0.0439305963831625,2892,0,0,1.0,0.0,0.0,True,2255.0,26.79158064288944,0.7748115478837792,2299,0,0.0,,0.3090169943749474,,,intact
86,127,34.19607531774807,34.82047773791703,7.944271909999159,196.74802004686592,8.94427190999916,262.85379894328327,26.74810161616728,6432,0.0977045629102703,6432,0,0,1.0,0.0,0.0,True,2741.0,29.53789765758169,0.855965600998879,2741,69,0.0245551601423487,,0.2701351138446443,,,intact
87,105,35.09462755798026,33.9064520150349,1.0,24.7660229,2.0,247.19887476134355,60.10619800206019,3002,0.0456015388458693,2767,235,0,0.9217188540972684,0.0782811459027315,0.0,True,1503.0,21.872808665880964,0.6339845347705241,2234,0,0.0,,0.3090169943749474,0.4026997478492771,,intact
87,109,35.09462755798026,34.50388331969589,1.0,24.7660229,2.0,251.7525400475286,53.870493117807264,2788,0.0423507962366034,2788,0,0,1.0,0.0,0.0,True,3811.0,34.829283315141964,1.0008628884706072,3815,62,0.0159917461955119,,0.3090169943749474,,,intact
88,91,34.7405506064482,35.16909554808186,5.0990195135927845,126.28243404118577,6.0990195135927845,234.65253087020747,87.05452016174041,5110,0.0776228725857402,5108,2,0,0.9996086105675148,0.0003913894324853,0.0,True,3203.0,31.93033926294366,0.9134744922714678,3203,0,0.0,,0.2775144043792301,0.3851051695828781,,intact
88,104,34.7405506064482,37.599825737670216,1.0,24.7660229,2.0,251.4276227120201,61.22697363053921,2812,0.042715365501194,2709,103,0,0.963371266002845,0.036628733997155,0.0,True,3762.0,34.60464985841384,0.9567174407222264,3878,0,0.0,,0.3090169943749474,0.407669683062202,,intact
88,106,34.7405506064482,34.66475779869679,1.0,24.7660229,2.0,249.347725662294,61.21960814956136,2823,0.0428824597474647,2702,121,0,0.957137796670209,0.042862203329791,0.0,True,2132.0,26.05065598682386,0.7506819459617222,2140,0,0.0,,0.3090169943749474,0.393529818721632,,intact
88,122,34.7405506064482,35.1693528983056,1.0,24.7660229,2.0,262.15522145049323,31.70082150711933,3268,0.0496421815284146,3268,0,0,1.0,0.0,0.0,True,3994.0,35.65571041808114,1.0200474791288072,3994,0,0.0,,0.3133921657949117,,,intact
89,100,34.78302679752419,35.54535776643442,1.0,24.7660229,2.0,243.7643537102785,65.1244463672784,3392,0.0515257893954659,3392,0,0,1.0,0.0,0.0,True,3116.0,31.493707392885515,0.8956186776690215,3116,69,0.0216640502354788,,0.3090169943749474,,,intact
89,108,34.78302679752419,35.592720937992624,5.0,123.8301145,6.0,251.41681874648097,54.10024117994492,5338,0.0810862805993505,5338,0,0,1.0,0.0,0.0,True,2938.0,30.580949063231785,0.8690763522161022,2938,13,0.0044052863436123,,0.2766967754673748,,,intact
89,126,34.78302679752419,35.2256862405384,6.211102550927978,153.82430801053073,7.211102550927978,264.1540336592251,24.44162812685153,5877,0.0892738986666135,5877,0,0,1.0,0.0,0.0,True,3172.0,31.77544585013693,0.9077568911418538,3172,0,0.0,,0.2708131845707603,,,intact
90,115,34.13389938260097,34.46781740237351,1.0,24.7660229,2.0,254.46384583469103,46.7135625328534,2593,0.0393886709618051,2427,157,9,0.9359814886232164,0.0605476282298496,0.003470883146934,True,2989.0,30.845230584376417,0.8992553548202835,2996,4,0.0013333333333333,0.414213562373095,0.3090169943749474,0.3726822671238252,0.1051965679981476,intact
91,93,35.16909554808186,35.43270214771678,1.0,24.7660229,2.0,240.51973960829605,83.45280589292686,3287,0.0499307988628822,3287,0,0,1.0,0.0,0.0,True,3523.0,33.487396569836456,0.9486273058973176,3523,0,0.0,,0.3090169943749474,,,intact
91,121,35.16909554808186,34.86125354797243,3.2426406871192857,80.30731351366796,4.242640687119286,261.9464566681903,49.00516448975259,3508,0.0532878741743203,3469,39,0,0.9888825541619156,0.0111174458380843,0.0,True,2761.0,29.64546501159066,0.8466462153695294,2775,0,0.0,,0.2766967754673748,0.3699677034698106,,intact
91,122,35.16909554808186,35.1693528983056,1.0,24.7660229,2.0,264.1219924846817,36.31201502443415,3029,0.0460116792685336,3029,0,0,1.0,0.0,0.0,True,3952.0,35.467741261579384,1.0084880188568046,3952,0,0.0,,0.3090169943749474,,,intact
92,96,34.64302278224955,34.96030397490579,1.0,24.7660229,2.0,241.85279940215648,79.98562871356386,2975,0.0451913984232049,2975,0,0,1.0,0.0,0.0,True,2658.0,29.087242521017966,0.8358003525464462,2658,0,0.0,,0.3090169943749474,,,intact
92,98,34.64302278224955,35.48965640643782,6.082762530298219,150.64583612062765,7.082762530298219,240.6335749834136,83.13087717704067,5503,0.0835926942934106,5289,214,0,0.9611121206614572,0.0388878793385426,0.0,True,2036.0,25.45739437315213,0.7259780937403141,2065,114,0.0523175768701239,,0.266756504300101,0.3670015233619031,,intact
92,109,34.64302278224955,34.50388331969589,1.414213562373095,35.02444547122265,2.414213562373095,254.1024398305117,59.56168904340029,2919,0.0443407368058269,2815,104,0,0.9643713600548132,0.0356286399451867,0.0,True,2721.0,29.429937144107093,0.8512293261745543,2723,0,0.0,,0.2989350844248255,0.4142135623730951,,intact
92,129,34.64302278224955,34.77835620414369,1.414213562373095,35.02444547122265,2.414213562373095,270.1518818932134,0.8939010050209706,3726,0.0565993783276845,3724,2,0,0.9994632313472892,0.0005367686527106,0.0,True,3494.0,33.34928398520971,0.9607784942372362,3494,186,0.0505434782608695,,0.3090169943749474,0.4273665413231855,,intact
93,94,35.43270214771678,38.09722263948318,1.0,24.7660229,2.0,244.50227486085075,89.87380138447593,3042,0.0462091542868535,3042,0,0,1.0,0.0,0.0,True,2938.0,30.580949063231785,0.8317960109910325,2938,5,0.001698946653075,,0.3090169943749474,,,intact
93,114,35.43270214771678,34.162765706038094,1.0,24.7660229,2.0,264.71089398745147,54.05468894607125,2918,0.0443255464198023,2876,42,0,0.9856065798492116,0.0143934201507882,0.0,True,2721.0,29.429937144107093,0.8457429212474001,2741,0,0.0,,0.3090169943749474,0.4142135623730951,,intact
93,117,35.43270214771678,35.995136533514525,1.0,24.7660229,2.0,263.41788172812664,57.32454385986473,2947,0.0447660676145159,2675,272,0,0.9077027485578556,0.0922972514421445,0.0,True,2016.0,25.332049473868512,0.7093046616437765,2154,0,0.0,,0.304845440523399,0.392905387390447,,intact
93,121,35.43270214771678,34.86125354797243,4.977725364273731,123.27846036151404,5.977725364273731,265.84689437209033,55.73084635915632,5049,0.0766962590382392,4550,499,0,0.9011685482273718,0.0988314517726282,0.0,True,2946.0,30.62255581589243,0.8712713778254582,2946,0,0.0,,0.2592192604530755,0.3597752501562546,,intact
94,117,38.09722263948318,35.995136533514525,15.43775588429416,382.33181575503886,16.43775588429416,263.4999792767813,62.55815052691798,16325,0.2479830518517043,6905,5616,3804,0.4229709035222052,0.3440122511485451,0.2330168453292496,True,779.0,15.746853696442756,0.4250601242072895,1255,1177,0.4839638157894737,0.331713222674758,0.1642545203902734,0.2878965928104559,0.1674587022844846,cohesive
94,121,38.09722263948318,34.86125354797243,3.7320508075688767,92.42805576421428,4.732050807568877,265.928991920745,59.14942795401147,4175,0.0634198616527329,4128,47,0,0.9887425149700598,0.0112574850299401,0.0,True,3144.0,31.634890266315733,0.8672026039862658,3175,29,0.0090511860174781,,0.2771863727725964,0.3405424265831667,,intact
94,128,38.09722263948318,33.501691903174994,1.0,24.7660229,2.0,273.816300031156,28.51654665683885,3494,0.0530752087699758,2786,621,87,0.797366914710933,0.1777332570120206,0.0248998282770463,True,1531.0,22.07560725659395,0.6166464225778575,2469,1016,0.2915351506456241,0.4211646096066227,0.2898979485566356,0.393529818721632,0.131266661049987,intact
96,103,34.96030397490579,34.49813388688145,8.126822193908446,201.2690645585648,9.126822193908446,255.17733367241968,78.94268317868482,7551,0.1147026048718051,6029,1522,0,0.7984372930737651,0.2015627069262349,0.0,True,1670.0,23.055964736417568,0.6638780095312761,1670,0,0.0,,0.2600070273452875,0.2912278756111366,,intact
96,127,34.96030397490579,34.82047773791703,1.0,24.7660229,2.0,272.6626472317185,42.93561001160707,2900,0.0440521194713594,2898,2,0,0.9993103448275862,0.0006896551724137,0.0,True,3563.0,33.67696726952779,0.9652218402517369,3563,0,0.0,,0.3090169943749474,0.430554406591371,,intact
97,100,35.07853194929009,35.54535776643442,1.0,24.7660229,2.0,252.8206482413872,81.12766679898886,3525,0.0535461107367386,3486,39,0,0.988936170212766,0.011063829787234,0.0,True,3220.0,32.01496265048276,0.9066326643675244,3224,513,0.1372758897511372,,0.3090169943749474,0.4045372666182638,,intact
97,101,35.07853194929009,34.84631786581309,1.0,24.7660229,2.0,254.5661821858733,78.55207628525977,2747,0.0417279904095946,2674,73,0,0.973425555151074,0.0265744448489261,0.0,True,1956.0,24.952237121658943,0.7136872567517325,1992,126,0.0594900849858356,,0.3090169943749474,0.3874258867227931,,intact
95,115,35.68738337550451,34.46781740237351,4.449489742783178,110.1961648630833,5.449489742783178,258.0015665762565,59.0054232431232,4626,0.0702707257498305,4626,0,0,1.0,0.0,0.0,True,2116.0,25.95272084319679,0.7398659131592262,2116,0,0.0,,0.2771863727725964,,,intact
95,124,35.68738337550451,34.920542397730166,9.44986131927331,234.035481834947,10.44986131927331,266.7100467912411,45.048273622009255,8081,0.1227535094648467,8077,4,0,0.9995050117559708,0.0004949882440292,0.0,True,3054.0,31.17881319751117,0.8831533530002127,3054,0,0.0,,0.2665513105273526,0.2794709791835651,,intact
95,125,35.68738337550451,34.24608802999302,1.0,24.7660229,2.0,268.8270825227064,23.258464705224483,2955,0.0448875907027127,2955,0,0,1.0,0.0,0.0,True,3312.0,32.46909827883606,0.9285710440589864,3312,0,0.0,,0.3090169943749474,,,intact
96,98,34.96030397490579,35.48965640643782,1.0,24.7660229,2.0,246.53547432527893,88.05688163616436,2603,0.0395405748220512,2547,56,0,0.9784863618901268,0.0215136381098732,0.0,True,2695.0,29.288993551594015,0.8314836060390536,2695,85,0.0305755395683453,,0.3090169943749474,0.4229861452669073,,intact
97,116,35.07853194929009,34.97429676701177,1.0,24.7660229,2.0,264.89336788117504,60.144821901632525,2988,0.0453888734415248,2791,183,14,0.9340696117804552,0.0612449799196787,0.0046854082998661,True,1951.0,24.920324796129275,0.7114723346019606,2146,316,0.1283509341998375,0.4367829303178967,0.3090169943749474,0.3726822671238252,0.1277659359429493,intact
97,123,35.07853194929009,35.280049918174605,1.8284271247461903,45.2828680424453,2.8284271247461903,270.79951914610746,51.22449421991173,3138,0.0476674313452158,3138,0,0,1.0,0.0,0.0,True,3198.0,31.905407316249114,0.9069371914388416,3220,182,0.0534979423868312,,0.2857142857142857,,,intact
98,130,35.48965640643782,34.73507712992254,1.0,24.7660229,2.0,276.83720235134376,25.174210232423537,3124,0.0474547659408713,2880,220,24,0.9218950064020488,0.0704225352112676,0.0076824583866837,True,2417.0,27.73724923106511,0.7899566957189964,2487,688,0.2166929133858267,0.4241077963657325,0.3090169943749474,0.3904778527222126,0.1150908019907851,intact
99,100,35.28292671277718,35.54535776643442,1.0,24.7660229,2.0,258.5402936930379,88.89496818145429,3117,0.047348433238699,2874,214,29,0.9220404234841192,0.0686557587423804,0.0093038177735001,True,3997.0,35.66909888231845,1.0071992889447288,4081,512,0.111473982146745,0.4211646096066227,0.3021694792519622,0.4,0.1189951303546604,intact
100,108,35.54535776643442,35.592720937992624,1.0,24.7660229,2.0,265.53910182847983,77.08410325573938,2924,0.0444166887359499,2919,5,0,0.9982900136798906,0.0017099863201094,0.0,True,3699.0,34.31367466468495,0.964706252673916,3699,0,0.0,,0.3090169943749474,0.4285714285714285,,intact
100,126,35.54535776643442,35.2256862405384,1.0,24.7660229,2.0,278.2763167412239,56.621616329474286,2786,0.0423204154645542,2774,12,0,0.9956927494615936,0.0043072505384063,0.0,True,2832.0,30.02421685360828,0.8484887364569638,2832,0,0.0,,0.3090169943749474,0.4390050566079806,,intact
100,139,35.54535776643442,35.97227416096257,2.0,49.5320458,3.0,296.4554965058006,16.33044925643946,3278,0.0497940853886607,3250,28,0,0.9914582062233068,0.0085417937766931,0.0,True,3035.0,31.08167473878788,0.8692031293860866,3035,515,0.1450704225352112,,0.2857142857142857,0.3996710699184,,intact
101,116,34.84631786581309,34.97429676701177,1.0,24.7660229,2.0,271.70489037655136,72.90115355707215,2520,0.0382797727820088,2479,41,0,0.9837301587301588,0.0162698412698412,0.0,True,2082.0,25.74337163299812,0.7374146380228327,2134,121,0.0536585365853658,,0.3090169943749474,0.4340578300578996,,intact
102,114,36.02569722344636,34.162765706038094,7.194052389321207,178.16806621772872,8.194052389321207,273.97248278002616,73.4027809508621,6563,0.0996945034794937,6203,360,0,0.9451470364162732,0.0548529635837269,0.0,True,2649.0,29.03795599729536,0.8274281779462428,2649,0,0.0,,0.2598751755617592,0.369752587087522,,intact
102,117,36.02569722344636,35.995136533514525,1.0,24.7660229,2.0,272.67947052070133,74.51801803139955,2927,0.0444622598940238,2927,0,0,1.0,0.0,0.0,True,2671.0,29.15828708955492,0.8097181209523763,2671,0,0.0,,0.3090169943749474,,,intact
102,120,36.02569722344636,36.194805492810126,1.0,24.7660229,2.0,277.30717150270505,67.96184462253737,2772,0.0421077500602097,2772,0,0,1.0,0.0,0.0,True,4055.0,35.926961859796485,0.994924169967305,4055,0,0.0,,0.3090169943749474,,,intact
102,131,36.02569722344636,36.38881017082785,1.0,24.7660229,2.0,288.75532779326454,43.29425184263724,3169,0.0481383333119786,3169,0,0,1.0,0.0,0.0,True,3497.0,33.36359800718016,0.9214617127898382,3497,0,0.0,,0.3090169943749474,,,intact
103,112,34.49813388688145,34.69757370520544,1.0,24.7660229,2.0,268.96885599358336,79.61350557651504,2831,0.0430039828356615,2826,5,0,0.9982338396326388,0.0017661603673613,0.0,True,2930.0,30.539285625543155,0.8826930654593258,2930,0,0.0,,0.3090169943749474,0.4340578300578996,,intact
103,119,34.49813388688145,35.426679617137445,7.385164807134505,182.90116073376723,8.385164807134505,274.64474893585816,71.95721003127571,6174,0.0937854433159217,6089,85,0,0.9862325882734048,0.0137674117265954,0.0,True,1680.0,23.12489154112443,0.6614216150836166,1680,0,0.0,,0.268574925671901,0.2757262893750405,,intact
103,131,34.49813388688145,36.38881017082785,1.0,24.7660229,2.0,288.5836346450006,42.26845534850862,2900,0.0440521194713594,2900,0,0,1.0,0.0,0.0,True,2615.0,28.85100262331645,0.8140004624780764,2615,0,0.0,,0.3090169943749474,,,intact
103,132,34.49813388688145,34.81798351427662,1.0,24.7660229,2.0,288.972884694624,39.173157343164775,2771,0.0420925596741851,2771,0,0,1.0,0.0,0.0,True,2596.0,28.745999104799274,0.829417462563159,2596,0,0.0,,0.3090169943749474,,,intact
105,119,33.9064520150349,35.426679617137445,1.0,24.7660229,2.0,274.9180891496305,69.74623363725074,2859,0.0434293136443505,2817,42,0,0.9853095487932844,0.0146904512067156,0.0,True,2699.0,29.31072129460568,0.8455040355051481,2700,0,0.0,,0.3090169943749474,0.4072739409583566,,intact
105,134,33.9064520150349,34.980801229110945,1.0,24.7660229,2.0,295.2963848770387,15.972707284097211,2679,0.0406950441599213,2679,0,0,1.0,0.0,0.0,True,3534.0,33.53963532558928,0.9737544682387096,3537,84,0.0231980115990058,,0.3090169943749474,,,intact
106,113,34.66475779869679,34.17326285532245,1.0,24.7660229,2.0,271.038656447418,81.53600993374059,2784,0.042290034692505,2664,120,0,0.956896551724138,0.043103448275862,0.0,True,2126.0,26.013973514762004,0.7558024843714948,2471,0,0.0,,0.3090169943749474,0.4211646096066227,,intact
106,114,34.66475779869679,34.162765706038094,1.0,24.7660229,2.0,275.505651075638,73.53293190020231,2864,0.0435052655744735,2841,23,0,0.9919692737430168,0.0080307262569832,0.0,True,2035.0,25.451141789397465,0.7395629101095463,2038,0,0.0,,0.3090169943749474,0.4142135623730951,,intact
106,135,34.66475779869679,33.186990195705945,2.6502815398728847,65.63693330793913,3.6502815398728847,293.60620362705856,38.788979395141496,3412,0.051829597115958,3411,1,0,0.9997069167643612,0.0002930832356389,0.0,True,2280.0,26.939683377854365,0.7940748521342941,2282,0,0.0,,0.2843646522044218,0.3516287047744073,,intact
107,112,34.62763275070584,34.69757370520544,1.0,24.7660229,2.0,272.0423415620246,84.45151011841288,2780,0.0422292731484066,2534,246,0,0.9115107913669064,0.0884892086330935,0.0,True,2467.0,28.022678123537936,0.80844124543241,2467,0,0.0,,0.3090169943749474,0.3740666961489728,,intact
107,123,34.62763275070584,35.280049918174605,3.685557720282968,91.27660689979976,4.685557720282968,281.295659169709,70.02989624547163,4567,0.0693744929743788,4545,22,0,0.995182833369827,0.0048171666301729,0.0,True,2728.0,29.467768315727287,0.8430480654122704,2728,0,0.0,,0.2791745113185196,0.3838506423261194,,intact
107,124,34.62763275070584,34.920542397730166,7.547442467302883,186.92013298165568,8.547442467302883,281.76675588587045,71.17902204394429,6039,0.0917347412025998,6039,0,0,1.0,0.0,0.0,True,2807.0,29.891400946056383,0.8595883610823563,2807,0,0.0,,0.2696862318229452,,,intact
103,141,34.49813388688145,34.12324131332339,10.190632664367213,252.38144193120635,11.190632664367213,298.5270246109241,26.06939072098353,7893,0.1198977168922206,7801,92,0,0.988344102369188,0.0116558976308121,0.0,True,1247.0,19.923163104065253,0.58066930445328,1247,0,0.0,,0.2640379757271236,0.3734947666645187,,intact
104,106,37.599825737670216,34.66475779869679,1.0,24.7660229,2.0,268.0895885382952,86.2989051155033,3545,0.0538499184572307,3455,90,0,0.9746121297602256,0.0253878702397743,0.0,True,3102.0,31.42287808177537,0.8696619158114116,3103,0,0.0,,0.3090169943749474,0.4211646096066227,,intact
104,110,37.599825737670216,35.0154292758942,1.0,24.7660229,2.0,275.9946058884543,81.34961983820185,3253,0.0494143257380455,3253,0,0,1.0,0.0,0.0,True,5081.0,40.21607305170211,1.1076480567117697,5081,12,0.0023561751423522,,0.3090169943749474,,,intact
104,151,37.599825737670216,33.92568399179435,6.0,148.5961374,7.0,308.7147417546304,12.780831893073955,6140,0.0932689701910851,6035,105,0,0.9828990228013028,0.017100977198697,0.0,True,4887.0,39.44084702158646,1.1028470029997983,4887,2,0.0004090816117815,,0.2696862318229452,0.4142135623730951,,intact
107,136,34.62763275070584,34.67316617572915,1.0,24.7660229,2.0,296.9202398132976,37.31353082203792,2608,0.0396165267521742,2585,23,0,0.991180981595092,0.0088190184049079,0.0,True,3119.0,31.508864387775752,0.909336252276786,3119,0,0.0,,0.304845440523399,0.4,,intact
108,110,35.592720937992624,35.0154292758942,8.12403840463596,201.2001211696937,9.12403840463596,277.50564652678486,83.68234916594626,6512,0.0989197937922388,5739,773,0,0.8812960687960688,0.1187039312039312,0.0,True,4436.0,37.57688990737918,1.064378256435013,4436,0,0.0,,0.2547778406202406,0.352693145518342,,intact
108,142,35.592720937992624,33.09228585016989,1.0,24.7660229,2.0,307.01630003653486,8.014815710246298,2614,0.0397076690683219,2614,0,0,1.0,0.0,0.0,True,4810.0,39.12889664358086,1.1393722872958794,4810,0,0.0,,0.3090169943749474,,,intact
109,119,34.50388331969589,35.426679617137445,7.0990195135927845,175.81447984118574,8.099019513592784,279.4717544358156,79.50315967395989,5616,0.0853092079141912,5538,78,0,0.9861111111111112,0.0138888888888888,0.0,True,2461.0,27.98858034803317,0.8004677546587068,2461,0,0.0,,0.2658626798938589,0.3532392831134444,,intact
109,129,34.50388331969589,34.77835620414369,1.0,24.7660229,2.0,288.30342166343394,62.15918929290599,3123,0.0474395755548467,3123,0,0,1.0,0.0,0.0,True,3561.0,33.6675140855466,0.9718945090959948,3567,4,0.0011201344161299,,0.3145198591387564,,,intact
109,138,34.50388331969589,35.41177297410655,1.0,24.7660229,2.0,302.8425423572454,26.85878029804744,3140,0.047697812117265,3120,20,0,0.9936305732484076,0.0063694267515923,0.0,True,3149.0,31.66003524307509,0.9056636788198624,3153,202,0.0602086438152011,,0.3090169943749474,0.4142135623730951,,intact
110,113,35.0154292758942,34.17326285532245,1.0,24.7660229,2.0,278.9436737975771,85.18225005219223,2720,0.0413178499869302,2697,23,0,0.9915441176470589,0.0084558823529411,0.0,True,3451.0,33.1434370157994,0.9580593589756758,3451,0,0.0,,0.3133921657949117,0.4211646096066227,,intact
110,146,35.0154292758942,34.38388482460514,1.0,24.7660229,2.0,313.8818996703558,19.188013780372057,3326,0.0505232239178418,3326,0,0,1.0,0.0,0.0,True,3356.0,32.684063058818154,0.9419131437376262,3527,567,0.138495359062042,,0.3203772410170407,,,intact
111,144,34.41105662772018,35.12425914470506,1.0,24.7660229,2.0,306.0833176686792,28.45668059085417,3174,0.0482142852421016,3116,58,0,0.9817265280403276,0.0182734719596723,0.0,True,2981.0,30.80392459921105,0.8859936639973263,2982,0,0.0,,0.3090169943749474,0.3693538354541319,,intact
112,127,34.69757370520544,34.82047773791703,1.0,24.7660229,2.0,286.45416955288226,71.49887519505732,2539,0.0385683901164764,2539,0,0,1.0,0.0,0.0,True,2885.0,30.303861497179465,0.8718271259939775,2885,99,0.0331769436997319,,0.3090169943749474,,,intact
112,136,34.69757370520544,34.67316617572915,1.0,24.7660229,2.0,300.21564163762224,42.94905960043668,2868,0.043566027118572,2868,0,0,1.0,0.0,0.0,True,3250.0,32.163754912903435,0.9273003277205384,3250,0,0.0,,0.3090169943749474,,,intact
112,141,34.69757370520544,34.12324131332339,1.0,24.7660229,2.0,304.89591200369,30.44817421770927,3017,0.0458293946362384,3016,1,0,0.9996685449121644,0.0003314550878355,0.0,True,2412.0,27.70854462932514,0.8052373289059447,2412,0,0.0,,0.3145198591387564,0.2535548202751237,,intact
113,120,34.17326285532245,36.194805492810126,3.1815405503520555,78.79410612729761,4.181540550352056,283.8693047571657,77.40054342710418,4480,0.068052929390238,4476,4,0,0.9991071428571427,0.0008928571428571,0.0,True,2491.0,28.158656333067857,0.8003248346610365,2491,0,0.0,,0.2817290466902531,0.2613083115746595,,intact
113,135,34.17326285532245,33.186990195705945,3.1815405503520555,78.79410612729761,4.181540550352056,298.6351685859074,50.37405061212475,3740,0.056812043732029,3623,117,0,0.968716577540107,0.031283422459893,0.0,True,1824.0,24.09558533008141,0.7154244302445814,2323,0,0.0,,0.2771863727725964,0.4083069769263126,,intact
113,137,34.17326285532245,34.11326041865595,1.0,24.7660229,2.0,301.9362203924056,40.23196829367782,2586,0.0392823382596329,2583,3,0,0.9988399071925754,0.0011600928074245,0.0,True,2760.0,29.64009591528445,0.8681096794564517,2761,0,0.0,,0.3090169943749474,0.4340578300578996,,intact
114,117,34.162765706038094,35.995136533514525,8.222125139210444,203.62933948435156,9.222125139210444,283.708598403382,88.10320828022779,7109,0.107988454248929,6809,300,0,0.957799971866648,0.042200028133352,0.0,True,2357.0,27.39080870903951,0.780833173019176,2357,12,0.0050654284508231,,0.2640379757271236,0.3706793556038632,,intact
114,122,34.162765706038094,35.1693528983056,9.055385138137416,224.2658756994309,10.055385138137416,288.31314686383723,85.23201570835019,7054,0.1071529830175756,6179,875,0,0.8759569038843209,0.124043096115679,0.0,True,3178.0,31.805484091459554,0.9174819616565684,3178,0,0.0,,0.2489655093579841,0.3660254037844386,,intact
114,135,34.162765706038094,33.186990195705945,1.0,24.7660229,2.0,303.1021632141275,57.39355015176497,2600,0.0394950036639774,2577,23,0,0.9911538461538462,0.0088461538461538,0.0,True,2281.0,26.945590555510684,0.8001689150832668,2282,0,0.0,,0.3090169943749474,0.4270509831248423,,intact
114,147,34.162765706038094,34.184162158089656,1.0,24.7660229,2.0,316.39414527852244,21.29773282198469,2981,0.0452825407393525,2981,0,0,1.0,0.0,0.0,True,3930.0,35.3688825481142,1.034980902680126,3931,0,0.0,,0.3164309725825327,,,intact
115,125,34.46781740237351,34.24608802999302,1.0,24.7660229,2.0,288.19512755052165,71.89644889008412,2725,0.0413938019170532,2705,20,0,0.9926605504587156,0.0073394495412844,0.0,True,3028.0,31.045810270703488,0.903625258245906,3031,340,0.1008602788490062,,0.3090169943749474,0.4142135623730951,,intact
115,133,34.46781740237351,34.566801214014696,1.0,24.7660229,2.0,298.05038716243536,51.61192046885234,2875,0.0436723598207442,2850,25,0,0.991304347826087,0.008695652173913,0.0,True,3364.0,32.722995845769866,0.9480169949979768,3373,449,0.1174777603349031,,0.3090169943749474,0.4142135623730951,,intact
115,140,34.46781740237351,34.54947663131223,1.0,24.7660229,2.0,305.4820190838104,34.9474524869787,2808,0.0426546039570956,2808,0,0,1.0,0.0,0.0,True,4371.0,37.30056986842626,1.080905022159249,4383,71,0.0159407274360125,,0.3090169943749474,,,intact
117,119,35.995136533514525,35.426679617137445,3.2426406871192857,80.30731351366796,4.242640687119286,284.55255770747794,86.81524056534782,4538,0.0689339717796652,4538,0,0,1.0,0.0,0.0,True,2635.0,28.96112135422744,0.8109880962180787,2635,0,0.0,,0.2817290466902531,,,intact
117,131,35.995136533514525,36.38881017082785,1.0,24.7660229,2.0,298.4914434166204,64.240024197243,3165,0.0480775717678802,3165,0,0,1.0,0.0,0.0,True,1958.0,24.96499062983726,0.6897935734786229,1958,0,0.0,,0.3090169943749474,,,intact
117,148,35.995136533514525,34.685870315061926,1.0,24.7660229,2.0,317.51581300315064,11.551789894538665,2846,0.0432318386260306,2846,0,0,1.0,0.0,0.0,True,2876.0,30.25655685408672,0.8561439120103903,2878,756,0.2080352228948816,,0.3090169943749474,,,intact
118,124,35.018090136235266,34.920542397730166,1.0,24.7660229,2.0,293.64902200852555,88.11739150534682,2880,0.0437483117508673,2672,144,64,0.9277777777777778,0.05,0.0222222222222222,True,2661.0,29.103652814295785,0.8322625639030533,2661,535,0.1673967459324155,0.4072739409583566,0.2989350844248255,0.3956439237389599,0.108338856533531,intact
118,144,35.018090136235266,35.12425914470506,1.0,24.7660229,2.0,314.4562935242574,50.67731368057261,2771,0.0420925596741851,2771,0,0,1.0,0.0,0.0,True,2912.0,30.445334430207836,0.8681013607988947,2912,73,0.0244556113902847,,0.3090169943749474,,,intact
119,131,35.426679617137445,36.38881017082785,1.0,24.7660229,2.0,300.6284149800412,66.67447973234637,3330,0.0505839854619403,3330,0,0,1.0,0.0,0.0,True,1973.0,25.060435060880707,0.6979116938385146,1973,0,0.0,,0.3133921657949117,,,intact
119,132,35.426679617137445,34.81798351427662,1.0,24.7660229,2.0,301.01766502966456,66.5918795047411,2811,0.0427001751151694,2807,4,0,0.9985770188545002,0.0014229811454998,0.0,True,2197.0,26.444788143333422,0.7529337308902853,2197,0,0.0,,0.3090169943749474,0.3610129874992716,,intact
119,134,35.426679617137445,34.980801229110945,8.281885242839627,205.10935957933825,9.281885242839628,307.06782499830695,59.35381748803113,7267,0.1103885352408168,6814,453,0,0.937663409935324,0.0623365900646759,0.0,True,2030.0,25.41985580118611,0.7220782648564421,2030,0,0.0,,0.2682079019934025,0.2732825992702655,,intact
119,138,35.426679617137445,35.41177297410655,6.071067811865476,150.35620445611326,7.071067811865476,310.0603171923287,52.46158359505493,5863,0.089061233262269,5861,2,0,0.9996588777076582,0.0003411222923418,0.0,True,1913.0,24.676442455702396,0.6966962589680433,1913,0,0.0,,0.2766967754673748,0.2258447964436126,,intact
119,150,35.426679617137445,35.32009106290673,1.0,24.7660229,2.0,320.91278329533986,9.425168762853414,2976,0.0452065888092295,2976,0,0,1.0,0.0,0.0,True,2032.0,25.43237481489809,0.7189692072283351,2032,0,0.0,,0.3090169943749474,,,intact
121,143,34.86125354797243,34.54334223075623,1.0,24.7660229,2.0,311.9269201632168,43.16027826367532,2746,0.0417128000235699,2669,77,0,0.971959213401311,0.028040786598689,0.0,True,3354.0,32.67432261364318,0.941560778419152,3375,328,0.0885768295976235,,0.3090169943749474,0.3740666961489728,,intact
122,143,35.1693528983056,34.54334223075623,1.0,24.7660229,2.0,314.10245597970834,48.31432097202323,2851,0.0433077905561537,2851,0,0,1.0,0.0,0.0,True,4923.0,39.58585062472198,1.1356855606123146,4923,0,0.0,,0.3090169943749474,,,intact
122,145,35.1693528983056,34.463797972415975,1.0,24.7660229,2.0,316.76857483821203,42.0830761777499,2875,0.0436723598207442,2875,0,0,1.0,0.0,0.0,True,5752.0,42.78923305376207,1.22899028749117,5752,0,0.0,,0.3090169943749474,,,intact
123,124,35.280049918174605,34.920542397730166,2.863703305156273,70.92254163430594,3.863703305156273,294.3154753178794,89.26166446705663,4262,0.0647414252368737,4262,0,0,1.0,0.0,0.0,True,2177.0,26.324145232506837,0.7499693197472577,2177,200,0.0841396718552797,,0.2817290466902531,,,intact
120,135,36.194805492810126,33.186990195705945,5.708203932499369,141.36950931014945,6.708203932499369,306.4368519368063,67.44530132509972,5016,0.0761949762994272,5002,14,0,0.9972089314194578,0.0027910685805422,0.0,True,2335.0,27.26267749578444,0.7858740819617299,2335,0,0.0,,0.2714970279031851,0.4186354460909183,,intact
120,136,36.194805492810126,34.67316617572915,1.0,24.7660229,2.0,308.3822639984799,60.73212586993838,3054,0.0463914389191488,3054,0,0,1.0,0.0,0.0,True,3421.0,32.9990624205408,0.9312828247683635,3422,0,0.0,,0.3090169943749474,,,intact
120,137,36.194805492810126,34.11326041865595,3.1815405503520555,78.79410612729761,4.181540550352056,309.73790374330446,60.73923022289372,4134,0.062797055825724,4129,5,0,0.9987905176584422,0.0012094823415578,0.0,True,2937.0,30.57574423823226,0.8697649079618862,2937,0,0.0,,0.2817290466902531,0.4494897427831781,,intact
120,149,36.194805492810126,34.684348955639,1.0,24.7660229,2.0,319.4938540400718,37.465288477964585,3028,0.045996488882509,3024,4,0,0.998678996036988,0.0013210039630118,0.0,True,3138.0,31.604689886862285,0.8917908271563421,3138,0,0.0,,0.3090169943749474,0.4415184401122529,,intact
123,126,35.280049918174605,35.2256862405384,4.55269276785519,112.752093345366,5.55269276785519,296.2551876459442,86.37851326765728,5272,0.0800837151217265,5259,13,0,0.9975341426403642,0.0024658573596358,0.0,True,3621.0,33.94996462253688,0.9630412069200526,3621,0,0.0,,0.2817290466902531,0.3721546749775545,,intact
123,152,35.280049918174605,36.04561352237668,1.0,24.7660229,2.0,324.5998715861538,32.68666342571062,2856,0.0433837424862767,2683,156,17,0.9394257703081232,0.0546218487394958,0.0059523809523809,True,1872.0,24.41057367076932,0.6844822043923955,1877,542,0.2240595287308805,0.4449944320643648,0.3090169943749474,0.3761785115301142,0.1359774376894174,intact
123,160,35.280049918174605,34.05263440636572,7.324233081729782,181.3921242270573,8.324233081729782,329.84121990508385,21.993434374456548,6479,0.0984185110534268,6428,43,8,0.9921284148788392,0.0066368266707825,0.0012347584503781,True,1873.0,24.41709271846753,0.7043458062051433,1873,136,0.0676953708312593,0.4433481272534814,0.269128646713734,0.3827822185373187,0.1742194805397474,intact
124,125,34.920542397730166,34.24608802999302,1.0,24.7660229,2.0,296.9036077655062,86.4283261632062,2838,0.0431103155378338,2838,0,0,1.0,0.0,0.0,True,3759.0,34.59084939929734,1.0002178560785495,3759,102,0.0264180264180264,,0.3090169943749474,,,intact
124,152,34.920542397730166,36.04561352237668,6.817337799805944,168.8383440670296,7.817337799805943,325.07096830231524,38.63559568496681,7056,0.1071833637896248,2706,3494,856,0.3835034013605442,0.4951814058956916,0.1213151927437641,True,335.0,10.32636489145962,0.2910222417312546,463,854,0.6484434320425209,0.3740885012622181,0.1329928290410277,0.3218025874784233,0.2410956722211904,cohesive
124,159,34.920542397730166,33.93211284581306,6.032065437739018,149.39027076534305,7.032065437739018,329.5569870411448,21.64119893710265,5878,0.0892890890526381,5171,412,295,0.879720993535216,0.0700918679823069,0.050187138482477,True,1539.0,22.133208417146708,0.6429151741166086,1540,544,0.2610364683301343,0.3399683035624423,0.2592192604530755,0.3405968281411429,0.0807490431093668,cohesive
125,127,34.24608802999302,34.82047773791703,1.0,24.7660229,2.0,298.2956196081934,88.81348184984395,2516,0.0382190112379104,2263,236,17,0.8994435612082671,0.0937996820349761,0.0067567567567567,True,961.0,17.489877089980446,0.5064643621851155,1107,1003,0.4753554502369668,0.3726822671238252,0.2958163163244892,0.3956439237389599,0.076865950799336,intact
125,153,34.24608802999302,34.55534228113121,1.0,24.7660229,2.0,327.0386896810924,34.56486876347352,2671,0.0405735210717244,2411,160,100,0.9026581804567576,0.0599026581804567,0.0374391613627854,True,1593.0,22.518162640206207,0.6545841427533619,2264,1451,0.390578734858681,0.4211646096066227,0.3090169943749474,0.3622977887103629,0.1121476152316753,intact
125,159,34.24608802999302,33.93211284581306,9.3166247903554,230.7357429086495,10.3166247903554,331.6740227726101,33.955789093572,6621,0.1005755458689209,4651,860,1110,0.7024618637668026,0.1298897447515481,0.1676483914816493,True,811.0,16.067025788709444,0.4713244286975908,1189,926,0.4378250591016548,0.3726822671238252,0.2298872485148116,0.276299058829501,0.1427950186090135,cohesive
126,137,35.2256862405384,34.11326041865595,1.0,24.7660229,2.0,313.2354080343574,64.80729772480603,3234,0.049125708403578,3213,21,0,0.9935064935064936,0.0064935064935064,0.0,True,3221.0,32.019933532067014,0.923577154681832,3221,0,0.0,,0.3203772410170407,0.424807680927192,,intact
126,139,35.2256862405384,35.97227416096257,7.152147760599405,177.13025522318858,8.152147760599405,316.8451764547472,62.67718813298036,6240,0.0947880087935458,4428,1812,0,0.7096153846153846,0.2903846153846154,0.0,True,2413.0,27.71428792809743,0.7785135352701246,2417,72,0.0289272800321414,,0.222961264287044,0.3521458543936385,,intact
127,141,34.82047773791703,34.12324131332339,2.863703305156273,70.92254163430594,3.863703305156273,316.01233817022296,59.39375486509377,4020,0.0610653518189189,3991,29,0,0.9927860696517412,0.0072139303482587,0.0,True,1946.0,24.888371552065365,0.7219909774106559,1946,0,0.0,,0.2801868778094689,0.4045372666182638,,intact
127,153,34.82047773791703,34.55534228113121,1.0,24.7660229,2.0,326.3136657923143,33.8329753058658,2749,0.0417583711816438,2749,0,0,1.0,0.0,0.0,True,2523.0,28.33894569036936,0.81696895784694,2523,94,0.0359189912113106,,0.3090169943749474,,,intact
128,134,33.501691903174994,34.980801229110945,1.0,24.7660229,2.0,315.2471741892609,68.61171606007933,3045,0.0462547254449274,2732,291,22,0.8972085385878489,0.0955665024630541,0.0072249589490968,True,2445.0,27.897449197361546,0.8147322891260027,2551,436,0.1459658520254436,0.4068781988545112,0.3090169943749474,0.4,0.0978612044795638,intact
128,156,33.501691903174994,33.02266995127733,1.0,24.7660229,2.0,332.39345811152094,28.69829412296556,2812,0.042715365501194,2598,212,2,0.9238975817923186,0.0753911806543385,0.0007112375533428,True,1711.0,23.337270947145164,0.7016157779372446,1716,567,0.2483574244415243,0.4396022505782154,0.3090169943749474,0.4,0.130585256203268,intact
129,130,34.77835620414369,34.73507712992254,3.685557720282968,91.27660689979976,4.685557720282968,306.35550926114354,86.91368077194198,4380,0.0665338907877773,1750,2038,592,0.3995433789954338,0.465296803652968,0.1351598173515981,True,3.0,0.9772050238058398,0.028115573549924,1264,784,0.3828125,0.39564392373896,0.1613904777964089,0.3538893678645229,0.2342534459425511,cohesive
131,149,36.38881017082785,34.684348955639,1.0,24.7660229,2.0,330.9420103306313,62.942731208232495,2767,0.0420317981300867,2751,16,0,0.9942175641488976,0.0057824358511022,0.0,True,3114.0,31.48359867576012,0.885949043568994,3114,0,0.0,,0.3090169943749474,0.384539150931232,,intact
131,150,36.38881017082785,35.32009106290673,2.863703305156273,70.92254163430594,3.863703305156273,334.85166900448223,56.148025409456594,4561,0.0692833506582311,4547,14,0,0.9969304976978732,0.0030695023021267,0.0,True,1872.0,24.41057367076932,0.6808240888032366,1872,0,0.0,,0.2817290466902531,0.3316282028521051,,intact
131,166,36.38881017082785,34.90115025408513,1.0,24.7660229,2.0,349.1001763417728,6.235952757843282,3039,0.0461635831287797,3039,0,0,1.0,0.0,0.0,True,2180.0,26.34227689249097,0.7390178570862385,2180,0,0.0,,0.3090169943749474,,,intact
132,141,34.81798351427662,34.12324131332339,1.0,24.7660229,2.0,324.8999407047305,74.38268163496089,2778,0.0421988923763574,2778,0,0,1.0,0.0,0.0,True,1873.0,24.41709271846753,0.708345196347378,1873,0,0.0,,0.3090169943749474,,,intact
130,157,34.73507712992254,33.898697711635464,1.0,24.7660229,2.0,335.64942409383286,37.49354996647675,2608,0.0396165267521742,2306,273,29,0.88420245398773,0.1046779141104294,0.0111196319018404,True,1553.0,22.233651370016283,0.6478924238494231,1655,111,0.0628539071347678,0.4026997478492771,0.2989350844248255,0.4068781988545112,0.1037646634244516,intact
131,132,36.38881017082785,34.81798351427662,6.817337799805944,168.8383440670296,7.817337799805943,314.956550738807,89.43557352808138,7528,0.1143532259932392,7525,3,0,0.9996014877789584,0.0003985122210414,0.0,True,1572.0,22.36924542940416,0.6282896412476303,1572,0,0.0,,0.269128646713734,0.4096424282282281,,intact
131,141,36.38881017082785,34.12324131332339,1.0,24.7660229,2.0,324.5106906551072,74.17462160092748,3016,0.0458142042502138,3001,15,0,0.995026525198939,0.004973474801061,0.0,True,2788.0,29.790064831759068,0.844963781502085,2788,0,0.0,,0.3090169943749474,0.4340578300578996,,intact
131,148,36.38881017082785,34.685870315061926,1.0,24.7660229,2.0,333.5916702757139,57.926196023364206,2879,0.0437331213648426,2879,0,0,1.0,0.0,0.0,True,1840.0,24.201036973199617,0.6810030465913713,1840,0,0.0,,0.3090169943749474,,,intact
129,132,34.77835620414369,34.81798351427662,3.47213595499958,85.99099857343296,4.47213595499958,309.849332257283,81.36558350766435,4570,0.0694200641324526,3551,1019,0,0.7770240700218818,0.2229759299781181,0.0,True,15.0,2.1850968611841584,0.0627934420121758,3256,0,0.0,,0.2421017236931483,0.3704152082810797,,intact
129,154,34.77835620414369,36.75459860791774,1.0,24.7660229,2.0,335.62195332897096,35.691909875375785,2631,0.0399659056307402,2350,258,23,0.8931965032307108,0.0980615735461801,0.008741923223109,True,2273.0,26.898296810314147,0.7520532845590974,2282,127,0.0527189705271897,0.3874258867227931,0.3090169943749474,0.3827822185373187,0.0784088923478457,intact
129,158,34.77835620414369,35.75479988394363,1.0,24.7660229,2.0,336.0004319466336,22.41639482428508,3588,0.0545031050562888,3554,34,0,0.9905239687848384,0.0094760312151616,0.0,True,3175.0,31.79046851862261,0.9014333196410548,3175,0,0.0,,0.3090169943749474,0.414213562373095,,intact
130,154,34.73507712992254,36.75459860791774,1.0,24.7660229,2.0,337.62459886397886,37.86461177819653,2871,0.0436115982766458,1415,932,524,0.4928596307906652,0.3246255660048763,0.1825148032044583,True,1415.0,21.222829428473094,0.5937313104146482,2066,678,0.2470845481049562,0.4068781988545112,0.2204812092115424,0.3451409985003952,0.1863969896429687,cohesive
132,150,34.81798351427662,35.32009106290673,1.0,24.7660229,2.0,335.2409190541056,54.14850982409693,2992,0.0454496349856232,2992,0,0,1.0,0.0,0.0,True,2686.0,29.2400470979385,0.8337852806541284,2686,0,0.0,,0.3090169943749474,,,intact
132,161,34.81798351427662,34.68937554833891,1.0,24.7660229,2.0,342.2973949754396,38.721658416654,2820,0.0428368885893908,2820,0,0,1.0,0.0,0.0,True,2896.0,30.361578193306386,0.873621976227157,2896,0,0.0,,0.3090169943749474,,,intact
133,157,34.566801214014696,33.898697711635464,1.0,24.7660229,2.0,340.8359280561567,48.480354541581534,2662,0.040436807597503,2575,87,0,0.9673178061607812,0.0326821938392186,0.0,True,1795.0,23.903268514994014,0.698257338077728,1836,100,0.0516528925619834,,0.3090169943749474,0.4211646096066227,,intact
133,167,34.566801214014696,34.954312938083035,1.0,24.7660229,2.0,346.98047470386933,34.047417611033566,2936,0.0445989733682452,2559,330,47,0.8715940054495913,0.1123978201634877,0.0160081743869209,True,2630.0,28.9336309623139,0.8323695992274558,2639,486,0.15552,0.4068781988545112,0.2989350844248255,0.392280956059262,0.1079431144296856,intact
134,138,34.980801229110945,35.41177297410655,1.0,24.7660229,2.0,330.4386129197369,85.07029591804744,2962,0.044993923404885,2962,0,0,1.0,0.0,0.0,True,3155.0,31.69018287908512,0.9003842589304436,3155,0,0.0,,0.3133921657949117,,,intact
134,170,34.980801229110945,33.26678199579846,1.0,24.7660229,2.0,354.69865580552454,34.19019248562862,2887,0.0438546444530395,2807,80,0,0.9722895739521996,0.0277104260478004,0.0,True,2204.0,26.486883341553696,0.7761998913358256,2391,56,0.0228851655087862,,0.3090169943749474,0.4105458806138031,,intact
134,172,34.980801229110945,35.5800276534349,2.23606797749979,55.37851073671648,3.23606797749979,360.4165707936581,27.23104600717172,3321,0.0504472719877188,3316,5,0,0.9984944293887384,0.0015055706112616,0.0,True,2594.0,28.73492378205923,0.8144723988401784,2594,1,0.0003853564547206,,0.2833003940990191,0.3405424265831667,,intact
135,147,33.186990195705945,34.184162158089656,3.3166247903554,82.13960550864952,4.3166247903554,334.49469782994305,68.28521910028068,3421,0.0519663105901795,3421,0,0,1.0,0.0,0.0,True,2607.0,28.80683726619676,0.8551683104637833,2607,0,0.0,,0.2791745113185196,,,intact
135,149,33.186990195705945,34.684348955639,6.348469228349534,157.22633428924988,7.348469228349534,334.25971786881354,69.73760399279044,5138,0.0780482033944292,4863,275,0,0.9464772284935772,0.0535227715064227,0.0,True,2087.0,25.774264925804797,0.7595036505271031,2087,0,0.0,,0.2682079019934025,0.3558132066731865,,intact
135,165,33.186990195705945,34.16576554977321,1.0,24.7660229,2.0,347.5406177716736,37.36771376500904,2774,0.0421381308322589,2740,34,0,0.9877433309300648,0.0122566690699351,0.0,True,2319.0,27.16911161705901,0.8067706010346176,2320,0,0.0,,0.3090169943749474,0.3629003269703467,,intact
136,141,34.67316617572915,34.12324131332339,4.766114533138578,118.03770167173282,5.766114533138578,329.773810254963,82.68655295621753,5149,0.0782152976406999,5003,146,0,0.9716449796076908,0.0283550203923091,0.0,True,2407.0,27.67981026026704,0.8046876652584418,2407,0,0.0,,0.2798057840438667,0.3078461992060656,,intact
136,149,34.67316617572915,34.684348955639,3.685557720282968,91.27660689979976,4.685557720282968,336.20512993048715,72.86758385071558,3652,0.0554752897618636,3651,1,0,0.9997261774370207,0.0002738225629791,0.0,True,2226.0,26.61874915628302,0.7675808196376465,2226,0,0.0,,0.2801868778094689,0.3840883782110749,,intact
136,155,34.67316617572915,35.34730803236475,1.0,24.7660229,2.0,344.3265817221269,55.28721904821812,3191,0.0484725218045199,3187,4,0,0.9987464744594172,0.0012535255405828,0.0,True,3531.0,33.525396464694715,0.957588386649898,3531,136,0.0370875374965912,,0.3090169943749474,0.4353271761949004,,intact
136,169,34.67316617572915,37.36584557249961,1.0,24.7660229,2.0,355.8378911126114,23.85430099431515,3498,0.0531359703140742,3497,1,0,0.9997141223556318,0.0002858776443682,0.0,True,2664.0,29.120053859730724,0.8084523413925568,2664,0,0.0,,0.3090169943749474,0.304845440523399,,intact
137,142,34.11326041865595,33.09228585016989,1.0,24.7660229,2.0,334.32292629346585,78.76607964567197,2539,0.0385683901164764,2539,0,0,1.0,0.0,0.0,True,2748.0,29.57559073345885,0.8801532723253191,2748,0,0.0,,0.3090169943749474,,,intact
137,146,34.11326041865595,34.38388482460514,1.8284271247461903,45.2828680424453,2.8284271247461903,336.87444626518425,75.14104501778769,2870,0.0435964078906212,2717,153,0,0.9466898954703832,0.0533101045296167,0.0,True,2625.0,28.90611442640554,0.8440093181620411,2625,0,0.0,,0.2898979485566356,0.3827822185373187,,intact
138,172,35.41177297410655,35.5800276534349,1.0,24.7660229,2.0,363.4090629876798,30.70039352501958,3208,0.0487307583669382,3208,0,0,1.0,0.0,0.0,True,2564.0,28.568278705151968,0.804833190667623,2564,0,0.0,,0.3090169943749474,,,intact
139,142,35.97227416096257,33.09228585016989,9.0,222.8942061,10.0,337.93269471385565,85.82655268130493,7043,0.1069858887713049,5401,1039,603,0.766860712764447,0.1475223626295612,0.0856169246059917,True,3472.0,33.244126170349574,0.9626971102108224,3483,473,0.1195652173913043,0.3629773449415502,0.2477202802355796,0.2933997741163456,0.1152570647059705,cohesive
139,160,35.97227416096257,34.05263440636572,1.0,24.7660229,2.0,350.4312087138868,63.65706915055087,3313,0.0503257488995219,3209,103,1,0.9686085119227288,0.0310896468457591,0.0003018412315122,True,2998.0,30.89163379912116,0.8823041523694142,2998,874,0.2257231404958677,0.4899959967967964,0.3090169943749474,0.4305008740430604,0.180979002421849,intact
140,144,34.54947663131223,35.12425914470506,1.0,24.7660229,2.0,334.9977708145269,87.77975780403968,2502,0.0380063458335659,2502,0,0,1.0,0.0,0.0,True,2686.0,29.2400470979385,0.8393420209858578,2702,0,0.0,,0.3090169943749474,,,intact
140,173,34.54947663131223,33.98262931820324,1.0,24.7660229,2.0,364.5188346074511,29.193064462184367,2539,0.0385683901164764,2393,146,0,0.9424970460811344,0.0575029539188656,0.0,True,2170.0,26.28178938007886,0.7669920255898593,2175,4,0.0018357044515832,,0.3090169943749474,0.3956439237389599,,intact
140,175,34.54947663131223,35.128838217234595,1.8284271247461903,45.2828680424453,2.8284271247461903,365.9293056902885,28.34144875586883,3035,0.0461028215846813,3035,0,0,1.0,0.0,0.0,True,3721.0,34.415564596413134,0.987841473239386,3724,8,0.0021436227224008,,0.2857142857142857,,,intact
141,153,34.12324131332339,34.55534228113121,6.28538328578604,155.6639463910543,7.28538328578604,344.755408243122,74.36257963782262,5438,0.0826053192018112,5412,26,0,0.9952188304523722,0.0047811695476278,0.0,True,2322.0,27.186679747971468,0.7917076423272839,2322,0,0.0,,0.2699106728337948,0.2775144043792301,,intact
141,161,34.12324131332339,34.68937554833891,1.0,24.7660229,2.0,351.8515348917398,58.722965972098685,2849,0.0432774097841044,2849,0,0,1.0,0.0,0.0,True,3023.0,31.02016740660178,0.9015837159328874,3023,0,0.0,,0.3133921657949117,,,intact
137,165,34.11326041865595,34.16576554977321,1.0,24.7660229,2.0,350.8416695781717,47.3466819666729,2534,0.0384924381863533,2522,12,0,0.9952644041041832,0.0047355958958168,0.0,True,2715.0,29.39747167681248,0.8610981559814657,2718,0,0.0,,0.3090169943749474,0.4211646096066227,,intact
137,168,34.11326041865595,36.07981816455885,6.817337799805944,168.8383440670296,7.817337799805943,353.5294943462981,49.21638776322522,6193,0.0940740606503892,6193,0,0,1.0,0.0,0.0,True,3403.0,32.912133669566906,0.9377600850075024,3403,0,0.0,,0.2696862318229452,,,intact
138,150,35.41177297410655,35.32009106290673,1.0,24.7660229,2.0,344.2835712167697,71.13395274821487,3278,0.0497940853886607,3278,0,0,1.0,0.0,0.0,True,2286.0,26.97510703993861,0.7627427159511251,2286,0,0.0,,0.3090169943749474,,,intact
138,158,35.41177297410655,35.75479988394363,1.0,24.7660229,2.0,350.53955264044504,61.853006408367634,3522,0.0535005395786647,3522,0,0,1.0,0.0,0.0,True,3513.0,33.43983597692514,0.9397624371662434,3514,5,0.0014208581983518,,0.3203772410170407,,,intact
141,169,34.12324131332339,37.36584557249961,1.0,24.7660229,2.0,360.51816147867913,43.58063196161721,2765,0.0420014173580375,2765,0,0,1.0,0.0,0.0,True,3264.0,32.23295624828558,0.9017587901147944,3264,0,0.0,,0.3090169943749474,,,intact
142,146,33.09228585016989,34.38388482460514,1.0,24.7660229,2.0,343.3925531801058,85.61243808607246,2947,0.0447660676145159,2947,0,0,1.0,0.0,0.0,True,4877.0,39.40047353672728,1.1678337150053053,4877,0,0.0,,0.3203772410170407,,,intact
142,176,33.09228585016989,36.0960716857816,1.0,24.7660229,2.0,374.0474702744796,8.88954056858216,2706,0.0411051845825857,2635,67,4,0.9737620103473762,0.0247597930524759,0.0014781966001478,True,4353.0,37.223687815127086,1.0760101595354392,4360,765,0.1492682926829268,0.4068781988545112,0.3090169943749474,0.4045372666182638,0.0978612044795638,intact
143,162,34.54334223075623,35.806080431360314,1.0,24.7660229,2.0,353.7009215052772,60.85163083629468,2604,0.0395557652080758,2135,386,83,0.8198924731182796,0.1482334869431643,0.031874039938556,True,1056.0,18.333991376950163,0.5212264915095911,1511,896,0.3722476111341919,0.407669683062202,0.2898979485566356,0.3816524151396708,0.1177717345055663,intact
144,159,35.12425914470506,33.93211284581306,1.0,24.7660229,2.0,350.3642585568766,65.4461742732085,2896,0.043991357927261,2779,93,24,0.9595994475138122,0.0321132596685082,0.0082872928176795,True,3238.0,32.10432076003344,0.929800388715514,3239,442,0.1200760662863352,0.4109416227176485,0.3090169943749474,0.4142135623730951,0.1019246283427011,intact
144,173,35.12425914470506,33.98262931820324,4.977725364273731,123.27846036151404,5.977725364273731,365.9221788584288,39.18595277245135,4535,0.0688884006215913,3705,827,3,0.8169790518191842,0.1823594266813671,0.0006615214994487,True,1417.0,21.23782259843112,0.6146369217543365,1442,0,0.0,0.2387477539947089,0.2433607328111082,0.3592257029311909,-0.0046129788163993,intact
144,174,35.12425914470506,33.70248498788779,1.0,24.7660229,2.0,366.71672197098815,28.40378235910748,2656,0.0403456652813553,2656,0,0,1.0,0.0,0.0,True,3096.0,31.39247374172695,0.912217311376816,3099,2,0.00064495324089,,0.3090169943749474,,,intact
145,151,34.463797972415975,33.92568399179435,6.28538328578604,155.6639463910543,7.28538328578604,344.586232266348,85.93616202065841,5172,0.0785646765192658,4601,571,0,0.8895978344934261,0.1104021655065738,0.0,True,1558.0,22.269414062214253,0.6512526026697589,3429,87,0.0247440273037542,,0.2553967929896867,0.3483314773547883,,intact
145,171,34.463797972415975,34.86059874250885,8.70820393249937,215.66757801014944,9.70820393249937,365.02987086299566,52.96672881278151,8414,0.1278119080110407,7813,511,90,0.9285714285714286,0.0607321131447587,0.0106964582838126,True,1865.0,24.364891498481366,0.7029240109704656,1872,639,0.2544802867383512,0.3589754897953103,0.2568080306030585,0.3765743250479578,0.1021674591922518,intact
145,178,34.463797972415975,35.53987738772845,4.155870949147037,102.92439509602023,5.155870949147037,371.2034811438852,38.56757897655608,4608,0.0699972988013876,4485,104,19,0.9733072916666666,0.0225694444444444,0.0041232638888888,True,5011.0,39.938087581492624,1.1410283067574705,5024,695,0.1215247420877775,0.4536876841760656,0.2742918851774317,0.3757698569125339,0.1793957989986339,intact
146,179,34.38388482460514,35.91233771287135,1.0,24.7660229,2.0,378.6372359491338,14.467526449658976,3086,0.0468775312719362,2969,117,0,0.9620868438107584,0.0379131561892417,0.0,True,4149.0,36.34099225085286,1.0339386936895123,4228,495,0.1048062672030489,,0.3090169943749474,0.3797958971132712,,intact
147,148,34.184162158089656,34.685870315061926,1.0,24.7660229,2.0,350.2013598782911,85.93984352890332,2821,0.0428520789754155,2821,0,0,1.0,0.0,0.0,True,2282.0,26.951496438443087,0.7826770358776848,2283,0,0.0,,0.3090169943749474,,,intact
147,162,34.184162158089656,35.806080431360314,1.414213562373095,35.02444547122265,2.414213562373095,359.30414700522164,71.71918364244091,2753,0.0418191327257422,2753,0,0,1.0,0.0,0.0,True,2415.0,27.72577095652805,0.7922753209804511,2457,209,0.0783945986496624,,0.2958163163244892,,,intact
147,177,34.184162158089656,35.17797195524491,1.0,24.7660229,2.0,373.7568427001468,37.88016955178352,2945,0.0447356868424667,2945,0,0,1.0,0.0,0.0,True,3232.0,32.07456238432586,0.9248435848850176,3232,144,0.0426540284360189,,0.3090169943749474,,,intact
147,182,34.184162158089656,34.520986579397935,1.0,24.7660229,2.0,379.363593137436,25.89667404945751,2439,0.0370493515140157,2436,3,0,0.998769987699877,0.001230012300123,0.0,True,1901.0,24.598924643882015,0.7160722331850541,1901,0,0.0,,0.3090169943749474,0.4340578300578996,,intact
148,150,34.685870315061926,35.32009106290673,1.0,24.7660229,2.0,353.8760385910125,87.91087847660008,2919,0.0443407368058269,2919,0,0,1.0,0.0,0.0,True,2056.0,25.582125126616702,0.7308556192378088,2056,0,0.0,,0.3090169943749474,,,intact
148,162,34.685870315061926,35.806080431360314,1.0,24.7660229,2.0,361.71882698917466,74.99233622892078,2833,0.0430343636077107,2833,0,0,1.0,0.0,0.0,True,2027.0,25.40106571178744,0.7206798916137712,2027,335,0.1418289585097375,,0.3090169943749474,,,intact
148,166,34.685870315061926,34.90115025408513,1.0,24.7660229,2.0,368.1245459283031,63.93498993702282,2660,0.0404064268254538,2660,0,0,1.0,0.0,0.0,True,1739.0,23.52744975711588,0.676202244748708,1739,0,0.0,,0.3090169943749474,,,intact
148,170,34.685870315061926,33.26678199579846,1.0,24.7660229,2.0,367.283615373789,64.33171824436495,2500,0.0379759650615167,2500,0,0,1.0,0.0,0.0,True,2202.0,26.47486297182116,0.7792149996061264,2202,73,0.032087912087912,,0.3090169943749474,,,intact
148,182,34.685870315061926,34.520986579397935,1.0,24.7660229,2.0,381.778273121389,32.71830841217018,2734,0.0415305153912747,2734,0,0,1.0,0.0,0.0,True,1509.0,21.91642348220485,0.6333598855855366,1509,0,0.0,,0.3203772410170407,,,intact
148,183,34.685870315061926,34.982947170857,1.0,24.7660229,2.0,383.17744925773417,27.315004823537645,2945,0.0447356868424667,2945,0,0,1.0,0.0,0.0,True,1559.0,22.276559711062426,0.6394987173584462,1559,0,0.0,,0.3090169943749474,,,intact
149,165,34.684348955639,34.16576554977321,9.634842514655627,238.61673035585488,10.634842514655627,360.597619874939,70.46950761464659,7832,0.1189711033447196,7799,33,0,0.9957865168539326,0.0042134831460674,0.0,True,2656.0,29.076297180076903,0.8446259643559852,2656,0,0.0,,0.2682079019934025,0.2665513105273526,,intact
149,166,34.684348955639,34.90115025408513,1.0,24.7660229,2.0,365.4748859832205,57.31522118882717,3010,0.0457230619340661,3010,0,0,1.0,0.0,0.0,True,2442.0,27.88032894463078,0.8013258296991475,2442,0,0.0,,0.3090169943749474,,,intact
149,169,34.684348955639,37.36584557249961,1.0,24.7660229,2.0,366.9494811542033,55.69848816380193,3355,0.0509637451125554,3317,38,0,0.9886736214605067,0.0113263785394932,0.0,True,2651.0,29.048915784814227,0.8063521819769526,2651,0,0.0,,0.3090169943749474,0.4068781988545112,,intact
149,180,34.684348955639,35.37874337677359,1.0,24.7660229,2.0,382.1845880978311,5.36217345865023,2783,0.0422748443064804,2783,0,0,1.0,0.0,0.0,True,2229.0,26.63668027933792,0.7603626786257407,2229,0,0.0,,0.3090169943749474,,,intact
150,166,35.32009106290673,34.90115025408513,3.47213595499958,85.99099857343296,4.47213595499958,369.3845446570714,67.26887083021165,4096,0.062219821156789,4096,0,0,1.0,0.0,0.0,True,1954.0,24.93947709161375,0.7103114847837072,1954,0,0.0,,0.2817290466902531,,,intact
150,172,35.32009106290673,35.5800276534349,1.414213562373095,35.02444547122265,2.414213562373095,374.2615290906909,58.015058404117774,3351,0.050902983568457,3351,0,0,1.0,0.0,0.0,True,2293.0,27.01637594162904,0.7620967758803509,2293,0,0.0,,0.3008613653919205,,,intact
150,181,35.32009106290673,35.284588646966746,1.0,24.7660229,2.0,382.3007628980066,38.52964530488801,2956,0.0449027810887374,2956,0,0,1.0,0.0,0.0,True,2966.0,30.726326210940403,0.8703764775139569,2966,0,0.0,,0.3090169943749474,,,intact
150,183,35.32009106290673,34.982947170857,1.0,24.7660229,2.0,384.43744798650255,33.30649991644724,3056,0.046421819691198,3055,1,0,0.99967277486911,0.00032722513089,0.0,True,1646.0,22.889693590315257,0.6511722441981819,1646,0,0.0,,0.3090169943749474,0.2171292729553324,,intact
151,171,33.92568399179435,34.86059874250885,1.0,24.7660229,2.0,367.7036365178871,51.53369645174621,3135,0.047621860187142,3134,1,0,0.9996810207336524,0.0003189792663476,0.0,True,4941.0,39.65815360848397,1.153083202988864,4946,237,0.0457264132741655,,0.3090169943749474,0.4211646096066227,,intact
152,155,36.04561352237668,35.34730803236475,5.19114712955712,128.56406868788088,6.19114712955712,359.4574940629741,83.74778752406945,5944,0.0902916545302622,4322,1220,402,0.7271197846567967,0.2052489905787348,0.0676312247644683,True,877.0,16.708015147921802,0.4680580310783533,877,921,0.5122358175750834,0.3751806011474768,0.2330240281039237,0.3333333333333333,0.1421565730435531,cohesive
152,159,36.04561352237668,33.93211284581306,3.47213595499958,85.99099857343296,4.47213595499958,359.8413833094192,83.20449897394454,4251,0.064574330990603,4228,20,3,0.9945895083509764,0.0047047753469771,0.0007057163020465,True,2028.0,25.40733061895184,0.7261547906049554,2145,196,0.0837249038872276,0.4625571538920716,0.2857142857142857,0.3822893150610005,0.1768428681777859,intact
152,160,36.04561352237668,34.05263440636572,1.0,24.7660229,2.0,360.5967128895197,81.1627123222106,3186,0.0483965698743969,3019,162,5,0.9475831763967356,0.0508474576271186,0.0015693659761456,True,741.0,15.35798247369064,0.4381844889847355,787,1477,0.6523851590106007,0.4142135623730951,0.3090169943749474,0.4068781988545112,0.1051965679981477,intact
152,164,36.04561352237668,34.95229375649466,9.0598012700075,224.37524572245485,10.0598012700075,363.3459302543882,78.56118995408015,7692,0.1168444493012747,1457,1640,4595,0.1894175767030681,0.2132085283411336,0.5973738949557982,False,220.0,8.368283871884005,0.2357332544750757,232,1864,0.8893129770992366,0.3114213926323542,0.0881517021961188,0.2948172619249258,0.2232696904362353,cohesive
152,191,36.04561352237668,35.30017763718353,2.0,49.5320458,3.0,391.5398461343085,14.681975417383187,3156,0.0479408582936587,2832,291,33,0.8973384030418251,0.0922053231939163,0.0104562737642585,True,2279.0,26.933774904622243,0.7550207087727604,2284,921,0.2873634945397816,0.3941023016858508,0.2714970279031851,0.375,0.1226052737826657,intact
153,159,34.55534228113121,33.93211284581306,5.0,123.8301145,6.0,359.69206895673096,82.84826059786093,4802,0.0729442336901613,4064,514,224,0.846314035818409,0.1070387338608913,0.0466472303206997,True,1261.0,20.03468907863958,0.5850615719770715,1887,791,0.2953696788648245,0.3936325113140758,0.257284274447472,0.3441827228009608,0.1363482368666038,cohesive
153,161,34.55534228113121,34.68937554833891,10.015099296692402,248.0341785276579,11.015099296692402,362.1528625138311,79.65812690701516,8960,0.136105858780476,6138,2822,0,0.6850446428571428,0.3149553571428571,0.0,True,1076.0,18.5067943613625,0.5345330284091684,1076,0,0.0,,0.2149851662190087,0.3563942411756006,,intact
153,167,34.55534228113121,34.954312938083035,9.498655478055456,235.24391908873187,10.498655478055456,365.1432612760765,75.19216166973378,8050,0.1222826074980839,8024,26,0,0.9967701863354036,0.0032298136645962,0.0,True,2613.0,28.839967624778037,0.8298118450976271,2721,394,0.1264847512038523,,0.2684961742619384,0.395097164296329,,intact
153,184,34.55534228113121,34.242491450370906,1.414213562373095,35.02444547122265,2.414213562373095,385.1170535388474,31.65239880494997,3252,0.0493991353520209,3252,0,0,1.0,0.0,0.0,True,2965.0,30.721146015976345,0.893084690307896,2965,16,0.0053673264005367,,0.304845440523399,,,intact
153,185,34.55534228113121,34.42120141716751,1.0,24.7660229,2.0,385.8656866862286,27.79126590967667,2558,0.0388570074509439,2558,0,0,1.0,0.0,0.0,True,2691.0,29.267249678105745,0.8486145610925301,2692,0,0.0,,0.3090169943749474,,,intact
154,192,36.75459860791774,34.60226242032512,1.0,24.7660229,2.0,398.0139577432094,31.804924717239125,2887,0.0438546444530395,2887,0,0,1.0,0.0,0.0,True,2067.0,25.65046850920847,0.7189348897804257,2105,0,0.0,,0.3090169943749474,,,intact
154,195,36.75459860791774,33.78195496630892,1.0,24.7660229,2.0,400.07507208545,24.627990555019224,3330,0.0505839854619403,3330,0,0,1.0,0.0,0.0,True,1890.0,24.527651434398777,0.6954593098623104,1911,0,0.0,,0.3090169943749474,,,intact
155,159,35.34730803236475,33.93211284581306,7.246211251235321,179.4598337863316,8.246211251235321,363.9435128018037,89.43608742910254,5853,0.088909329402023,5802,49,2,0.99128651973347,0.0083717751580386,0.0003417051084913,True,1496.0,21.82181453800189,0.6299652699572582,1548,326,0.1739594450373532,0.2839830025259411,0.2711923793731366,0.3105552824698201,0.0127906231528044,intact
155,160,35.34730803236475,34.05263440636572,6.0,148.5961374,7.0,364.6988423819041,88.28539789615968,5495,0.0834711712052138,3998,1141,356,0.7275705186533212,0.2076433121019108,0.0647861692447679,True,1355.0,20.76800172811617,0.5985019871292008,1373,641,0.3182720953326713,0.4177376256166812,0.2293423864232124,0.3140844721052404,0.1883952391934688,cohesive
154,157,36.75459860791774,33.898697711635464,4.0,99.0640916,5.0,364.91586816166034,86.81428363769591,4796,0.0728530913740137,2385,2230,181,0.4972894078398666,0.4649708090075062,0.0377397831526271,True,772.0,15.67594437773643,0.4437427606161988,1505,304,0.1680486456605859,0.3412253527198434,0.1666666666666666,0.3585701736362872,0.1745586860531767,intact
154,158,36.75459860791774,35.75479988394363,1.0,24.7660229,2.0,367.2695215494689,89.37359421730339,3429,0.0520878336783763,3429,0,0,1.0,0.0,0.0,True,2895.0,30.35633575552349,0.8373076149274844,2895,0,0.0,,0.3090169943749474,,,intact
154,161,36.75459860791774,34.68937554833891,1.0,24.7660229,2.0,368.0700160471276,88.0136498959781,3335,0.0506599373920633,3335,0,0,1.0,0.0,0.0,True,3879.0,35.13864039069986,0.98366981416368,3879,0,0.0,,0.3090169943749474,,,intact
154,167,36.75459860791774,34.954312938083035,1.0,24.7660229,2.0,371.06041480937296,83.14094966278988,3005,0.0456471100039431,2984,21,0,0.9930116472545756,0.0069883527454242,0.0,True,2239.0,26.696363706795488,0.7445759008535487,2246,141,0.0590699622957687,,0.3090169943749474,0.4014916240907943,,intact
155,168,35.34730803236475,36.07981816455885,1.0,24.7660229,2.0,371.4068964347052,77.53564629543436,2850,0.043292600170129,2844,6,0,0.9978947368421052,0.0021052631578947,0.0,True,1954.0,24.93947709161375,0.6983194878331225,1954,218,0.1003683241252302,,0.3090169943749474,0.380383783359517,,intact
155,169,35.34730803236475,37.36584557249961,6.834654549917682,169.2672110968505,7.834654549917682,375.0709329458431,73.62188568647689,7004,0.1063934637163453,5715,1289,0,0.8159623072529982,0.1840376927470017,0.0,True,1373.0,20.90548908134762,0.5750125814911454,1380,0,0.0,,0.2459454694465688,0.3547726945024592,,intact
155,184,35.34730803236475,34.242491450370906,1.0,24.7660229,2.0,389.36849738392,43.720178510981015,2420,0.0367607341795482,2410,10,0,0.9958677685950412,0.0041322314049586,0.0,True,2380.0,27.524126309792685,0.7910391038451281,2380,0,0.0,,0.3090169943749474,0.4382703629540102,,intact
155,188,35.34730803236475,34.95281485794827,1.0,24.7660229,2.0,397.4738252735897,18.12506943377872,2831,0.0430039828356615,2813,18,0,0.9936418226774992,0.0063581773225008,0.0,True,1708.0,23.31680264534386,0.6633502670180051,1712,125,0.0680457267283614,,0.3133921657949117,0.3901194830787668,,intact
156,162,33.02266995127733,35.806080431360314,1.0,24.7660229,2.0,366.2801513431703,82.23075088492968,2853,0.0433381713282029,2205,619,29,0.7728706624605678,0.2169645986680687,0.0101647388713634,True,488.0,12.463355264843006,0.3621555002976471,711,846,0.5433526011560693,0.4211646096066227,0.2898979485566356,0.4,0.131266661049987,intact
156,170,33.02266995127733,33.26678199579846,1.0,24.7660229,2.0,371.8449397277846,72.30306885407181,2478,0.0376417765689754,1680,654,144,0.6779661016949152,0.2639225181598063,0.0581113801452784,True,278.0,9.40692023773423,0.2838134865029366,1061,468,0.3060824068018312,0.4142135623730951,0.2612038749637415,0.3827822185373187,0.1530096874093536,intact
157,167,33.898697711635464,34.954312938083035,1.0,24.7660229,2.0,369.08524003922696,79.61535762773303,2678,0.0406798537738967,1835,709,134,0.6852128454070202,0.2647498132935026,0.0500373412994772,True,537.0,13.074112164146964,0.3797687868918312,1070,148,0.1215106732348111,0.4211646096066227,0.2612038749637414,0.3827822185373187,0.1599607346428813,intact
158,181,35.75479988394363,35.284588646966746,3.7320508075688767,92.42805576421428,4.732050807568877,388.556744321682,56.53637713982342,4211,0.0639667155496188,4211,0,0,1.0,0.0,0.0,True,2065.0,25.638055990451534,0.7217983296490793,2065,0,0.0,,0.2791745113185196,,,intact
158,187,35.75479988394363,34.99555738720984,1.0,24.7660229,2.0,396.653523383812,33.03882519517194,3059,0.0464673908492718,3059,0,0,1.0,0.0,0.0,True,2631.0,28.939131129830997,0.81806318006058,2631,0,0.0,,0.3090169943749474,,,intact
158,192,35.75479988394363,34.60226242032512,1.0,24.7660229,2.0,398.392436360872,26.69384051790342,3344,0.0507966508662848,3339,5,0,0.9985047846889952,0.0014952153110047,0.0,True,2293.0,27.01637594162904,0.7679790786259102,2296,0,0.0,,0.3090169943749474,0.4602771732156198,,intact
159,184,33.93211284581306,34.242491450370906,11.0,272.4262519,12.0,389.7523866303651,49.174251213177,9185,0.1395236956360125,8427,701,57,0.9174741426238432,0.0763200870985302,0.0062057702776265,True,1465.0,21.59453595841442,0.6335067487769244,1498,401,0.2111637704054765,0.23582845781094,0.2642788416911127,0.2852619908959866,-0.0284503838801727,intact
160,168,34.05263440636572,36.07981816455885,1.0,24.7660229,2.0,372.54611526125086,79.07352439144921,2672,0.0405887114577491,2418,187,67,0.9049401197604792,0.0699850299401197,0.0250748502994011,True,1068.0,18.437867513470437,0.5258013041772442,1130,2114,0.6516646115906288,0.4142135623730951,0.2989350844248255,0.3827822185373187,0.1152784779482695,intact
161,167,34.68937554833891,34.954312938083035,10.0,247.660229,11.0,372.2393879246943,85.64838878166239,8916,0.1354374817953933,8916,0,0,1.0,0.0,0.0,True,2105.0,25.885175495191827,0.7433602687553954,2105,0,0.0,,0.2647281296856081,,,intact
161,181,34.68937554833891,35.284588646966746,1.0,24.7660229,2.0,389.35723881934064,54.12590375264999,2979,0.0452521599673033,2969,10,0,0.9966431688486068,0.003356831151393,0.0,True,4153.0,36.35850598307476,1.0392009771404074,4153,0,0.0,,0.3090169943749474,0.3725704992501976,,intact
161,185,34.68937554833891,34.42120141716751,1.0,24.7660229,2.0,392.96181333484645,45.59652700618083,2747,0.0417279904095946,2744,3,0,0.9989078995267564,0.0010921004732435,0.0,True,3170.0,31.76542679081483,0.9192638286515586,3170,0,0.0,,0.3090169943749474,0.304845440523399,,intact
162,170,35.806080431360314,33.26678199579846,1.0,24.7660229,2.0,376.3864025007196,81.09848902477242,2470,0.0375202534807785,2469,1,0,0.9995951417004048,0.0004048582995951,0.0,True,1498.0,21.836396440423,0.6322713631116912,1502,88,0.0553459119496855,,0.3090169943749474,0.4907375632320415,,intact
162,182,35.806080431360314,34.520986579397935,1.0,24.7660229,2.0,390.8810602483196,55.44377525213143,2966,0.0450546849489834,2966,0,0,1.0,0.0,0.0,True,1653.0,22.938313840860364,0.6523324465486777,1653,0,0.0,,0.3090169943749474,,,intact
162,186,35.806080431360314,34.96056440819251,1.0,24.7660229,2.0,395.2037568647436,44.150576244703736,3264,0.0495814199843162,3249,15,0,0.9954044117647058,0.0045955882352941,0.0,True,2383.0,27.541467985130588,0.7783742764002607,2383,32,0.0132505175983436,,0.3090169943749474,0.4142135623730951,,intact
162,193,35.806080431360314,34.882194347787056,1.0,24.7660229,2.0,402.0737436057192,24.29923887609884,3158,0.0479712390657079,3158,0,0,1.0,0.0,0.0,True,1927.0,24.76657325259521,0.7007264876664158,1927,0,0.0,,0.3090169943749474,,,intact
163,164,34.65389369853854,34.95229375649466,1.0,24.7660229,2.0,371.08671067252783,89.57478814179261,3165,0.0480775717678802,3165,0,0,1.0,0.0,0.0,True,2721.0,29.429937144107093,0.8456126738192447,2872,69,0.023461407684461,,0.3133921657949117,,,intact
163,190,34.65389369853854,35.51806511315389,1.0,24.7660229,2.0,401.75072155855577,26.9151305566666,3204,0.0486699968228398,3204,0,0,1.0,0.0,0.0,True,3797.0,34.76525043545427,0.990858771058319,3798,299,0.0729802294361728,,0.3164309725825327,,,intact
164,190,34.95229375649466,35.51806511315389,1.0,24.7660229,2.0,402.0005068242146,30.375256806924693,2815,0.0427609366592678,2811,4,0,0.9985790408525757,0.0014209591474245,0.0,True,2964.0,30.71596494738128,0.8717414084465686,2965,440,0.1292217327459618,,0.3090169943749474,0.4057077327363875,,intact
165,171,34.16576554977321,34.86059874250885,1.0,24.7660229,2.0,381.0128974461669,78.34846567608727,2480,0.0376721573410246,2480,0,0,1.0,0.0,0.0,True,2451.0,27.931658222104733,0.809304053849112,2451,0,0.0,,0.3090169943749474,,,intact
165,177,34.16576554977321,35.17797195524491,1.0,24.7660229,2.0,386.8027626418773,68.6513242150824,2532,0.0384620574143041,2532,0,0,1.0,0.0,0.0,True,2149.0,26.15431026444716,0.7543380615316412,2149,0,0.0,,0.3090169943749474,,,intact
166,180,34.90115025408513,35.37874337677359,1.0,24.7660229,2.0,400.3427541089726,61.54606939880435,3095,0.0470142447461577,3079,16,0,0.9948303715670436,0.0051696284329563,0.0,True,2378.0,27.51255912024641,0.7829425372996328,2379,0,0.0,,0.3090169943749474,0.3700460499667057,,intact
166,182,34.90115025408513,34.520986579397935,4.841619252963779,119.90765329198184,5.841619252963779,397.286779187448,68.75592070757857,4647,0.0705897238563473,4647,0,0,1.0,0.0,0.0,True,2133.0,26.05676471149144,0.7506759630286682,2133,0,0.0,,0.2775144043792301,,,intact
166,183,34.90115025408513,34.982947170857,1.0,24.7660229,2.0,398.6859553237931,63.96388564014768,3016,0.0458142042502138,3016,0,0,1.0,0.0,0.0,True,1640.0,22.847936741452536,0.6538808565422767,1640,0,0.0,,0.3090169943749474,,,intact
166,197,34.90115025408513,35.16639314331112,1.0,24.7660229,2.0,416.3461881771468,19.614959333996637,3043,0.0462243446728781,3042,1,0,0.9996713769306604,0.0003286230693394,0.0,True,2438.0,27.857485574187805,0.7951609039920473,2438,0,0.0,,0.3112045800849295,0.4211646096066227,,intact
165,179,34.16576554977321,35.91233771287135,2.449489742783178,60.66411906308329,3.449489742783178,392.6044592621213,59.91113224167571,3557,0.054032203089526,3557,0,0,1.0,0.0,0.0,True,2282.0,26.951496438443087,0.7691845293652433,2282,0,0.0,,0.2870859492177851,,,intact
165,180,34.16576554977321,35.37874337677359,10.54957881010348,261.27111039637754,11.54957881010348,395.4654880006912,57.82787008664812,7701,0.1169811627754962,7600,101,0,0.9868848201532268,0.0131151798467731,0.0,True,1439.0,21.402054252301923,0.6154922820695121,1439,0,0.0,,0.2694233545043003,0.191221925140451,,intact
165,189,34.16576554977321,35.88189257584682,1.0,24.7660229,2.0,400.16538706250367,36.53100459992946,3231,0.0490801372455042,3231,0,0,1.0,0.0,0.0,True,2745.0,29.55944244356624,0.8439808905689834,2745,0,0.0,,0.3090169943749474,,,intact
166,169,34.90115025408513,37.36584557249961,3.47213595499958,85.99099857343296,4.47213595499958,385.1076471653448,87.85826987098024,4169,0.0633287193365853,4169,0,0,1.0,0.0,0.0,True,2577.0,28.64061062016012,0.7926332149986549,2577,0,0.0,,0.2801868778094689,,,intact
167,185,34.954312938083035,34.42120141716751,1.0,24.7660229,2.0,395.95221209709183,53.67823908941445,2793,0.0424267481667265,2793,0,0,1.0,0.0,0.0,True,1945.0,24.88197597915955,0.7173129081752576,1945,0,0.0,,0.3090169943749474,,,intact
167,194,34.954312938083035,35.42027446967023,1.0,24.7660229,2.0,403.6339218271006,39.5368440240401,3003,0.0456167292318939,2815,103,85,0.9373959373959374,0.0342990342990342,0.0283050283050283,True,1886.0,24.50168250024127,0.6963218798933061,2006,699,0.2584103512014787,0.4211646096066227,0.3090169943749474,0.3740666961489728,0.1121476152316753,intact
167,195,34.954312938083035,33.78195496630892,2.0,49.5320458,3.0,404.2444439630167,33.89682323192663,3331,0.0505991758479649,3328,3,0,0.999099369558691,0.0009006304413089,0.0,True,2272.0,26.89237924411993,0.7824800520600166,2276,0,0.0,,0.2898979485566356,0.420449861343358,,intact
168,188,36.07981816455885,34.95281485794827,1.0,24.7660229,2.0,405.3210981529364,43.465522636547895,2954,0.0448724003166881,2950,4,0,0.998645903859174,0.0013540961408259,0.0,True,2826.0,29.992394675240465,0.8444680535983282,2829,67,0.0231353591160221,,0.3090169943749474,0.4457990551962238,,intact
168,189,36.07981816455885,35.88189257584682,2.146264369941973,53.15443253543696,3.146264369941973,402.8532118306301,48.74536313519405,4242,0.0644376175163816,4222,20,0,0.9952852428099952,0.0047147571900047,0.0,True,5122.0,40.37800437160529,1.1222080174626397,5122,62,0.0119598765432098,,0.2843646522044218,0.4276112198322612,,intact
169,180,37.36584557249961,35.37874337677359,1.0,24.7660229,2.0,401.81734927995535,63.929406536522514,3579,0.0543663915820673,3578,1,0,0.9997205923442304,0.0002794076557697,0.0,True,3419.0,32.98941498211783,0.9069929587511244,3419,0,0.0,,0.3090169943749474,0.4387496113528984,,intact
169,184,37.36584557249961,34.242491450370906,10.40321551489818,257.6462736756036,11.40321551489818,400.8798067744045,69.85271410108072,7604,0.1155076953311093,7277,327,0,0.9569963177275118,0.0430036822724881,0.0,True,1669.0,23.049060719273285,0.6437535537771754,1679,0,0.0,,0.2666666666666666,0.2759820624195551,,intact
169,188,37.36584557249961,34.95281485794827,8.38083151964686,207.55986533661596,9.38083151964686,408.98513466407417,57.41146383280668,7658,0.1163279761764381,7620,38,0,0.9950378688952728,0.004962131104727,0.0,True,1959.0,24.97136494134924,0.6905925743844586,1960,0,0.0,,0.2684174228519758,0.4338798603524413,,intact
169,199,37.36584557249961,35.20772026673139,1.0,24.7660229,2.0,418.6552021042125,21.81957275620104,3818,0.0579968938419483,3818,0,0,1.0,0.0,0.0,True,4115.0,36.191783344376645,0.9973819785719416,4118,0,0.0,,0.3090169943749474,,,intact
170,172,33.26678199579846,35.5800276534349,1.0,24.7660229,2.0,387.6691058734675,80.32012385486718,2886,0.0438394540670149,2886,0,0,1.0,0.0,0.0,True,2311.0,27.12220763453337,0.7879002025719978,2311,0,0.0,,0.3164309725825327,,,intact
170,183,33.26678199579846,34.982947170857,1.0,24.7660229,2.0,397.8450247692791,63.09587726113163,2505,0.0380519169916397,2505,0,0,1.0,0.0,0.0,True,1782.0,23.816553427805523,0.6979237491081941,1782,0,0.0,,0.3090169943749474,,,intact
170,193,33.26678199579846,34.882194347787056,1.0,24.7660229,2.0,407.6385319903336,40.36366993566956,2761,0.0419406558139391,2761,0,0,1.0,0.0,0.0,True,1699.0,23.25528964829852,0.6824839020634068,1710,0,0.0,,0.3133921657949117,,,intact
173,175,33.98262931820324,35.128838217234595,1.0,24.7660229,2.0,396.8537137341904,87.61214270181225,3047,0.0462851062169766,3047,0,0,1.0,0.0,0.0,True,2469.0,28.034034832463544,0.8112701359752985,2470,23,0.0092258323305254,,0.3145198591387564,,,intact
173,202,33.98262931820324,34.64839280687956,1.0,24.7660229,2.0,426.10237501607344,29.044273667915803,2716,0.0412570884428317,2716,0,0,1.0,0.0,0.0,True,2069.0,25.662875024327708,0.7478505850475631,2069,0,0.0,,0.3090169943749474,,,intact
173,203,33.98262931820324,32.89939577157956,1.0,24.7660229,2.0,425.4385058791761,28.33150135443041,3058,0.0464522004632472,3058,0,0,1.0,0.0,0.0,True,1596.0,22.539356209735228,0.6740034016457569,1596,0,0.0,,0.3203772410170407,,,intact
174,202,33.70248498788779,34.64839280687956,1.0,24.7660229,2.0,426.8969181286328,30.37729236603025,2739,0.0416064673213977,2731,8,0,0.9970792259948886,0.0029207740051113,0.0,True,2681.0,29.212819187109325,0.8547898762858532,2681,29,0.0107011070110701,,0.3145198591387564,0.4176890859898589,,intact
172,183,35.5800276534349,34.982947170857,1.0,24.7660229,2.0,403.5629397574127,73.06648729648865,2970,0.0451154464930819,2970,0,0,1.0,0.0,0.0,True,2176.0,26.318098569918163,0.7459464013656617,2176,0,0.0,,0.3090169943749474,,,intact
172,187,35.5800276534349,34.99555738720984,1.0,24.7660229,2.0,409.5230337310467,62.336885399507565,3769,0.0572525649267426,3769,0,0,1.0,0.0,0.0,True,3365.0,32.72785918767764,0.9274555547454418,3365,0,0.0,,0.3090169943749474,,,intact
172,200,35.5800276534349,34.50461857406455,1.0,24.7660229,2.0,421.9843296037241,35.19175034150492,2825,0.0429128405195139,2825,0,0,1.0,0.0,0.0,True,2411.0,27.70280013986166,0.7905526140472057,2412,0,0.0,,0.3090169943749474,,,intact
173,174,33.98262931820324,33.70248498788779,1.0,24.7660229,2.0,396.2377857639124,88.68072472609722,2426,0.0368518764956958,2426,0,0,1.0,0.0,0.0,True,2271.0,26.88646037550106,0.7944571166390577,2271,36,0.0156046814044213,,0.3090169943749474,,,intact
170,200,33.26678199579846,34.50461857406455,5.324555320336759,131.868058995777,6.324555320336759,416.2664146155905,21.75702426283958,4819,0.0732024702525796,4817,2,0,0.9995849761361278,0.0004150238638721,0.0,True,1790.0,23.869953838853256,0.704425572974447,1790,0,0.0,,0.2771863727725964,0.3638038290950854,,intact
171,177,34.86059874250885,35.17797195524491,1.0,24.7660229,2.0,393.9371403102453,80.6812676270035,3032,0.0460572504266075,3032,0,0,1.0,0.0,0.0,True,2241.0,26.708284387767684,0.7626735988952515,2241,13,0.0057675244010647,,0.3164309725825327,,,intact
171,179,34.86059874250885,35.91233771287135,1.414213562373095,35.02444547122265,2.414213562373095,399.73883693048913,70.83280650855833,3269,0.0496573719144393,3269,0,0,1.0,0.0,0.0,True,4393.0,37.394322162667855,1.0567407270501947,4633,0,0.0,,0.2989350844248255,,,intact
171,196,34.86059874250885,35.0747806496578,1.0,24.7660229,2.0,411.1870302365778,48.99931173410486,2696,0.0409532807223396,2696,0,0,1.0,0.0,0.0,True,1999.0,25.225016600220457,0.7213807037142025,3175,775,0.1962025316455696,,0.3090169943749474,,,intact
177,180,35.17797195524491,35.37874337677359,1.0,24.7660229,2.0,408.3897308647694,75.48552018960238,2951,0.0448268291586143,2951,0,0,1.0,0.0,0.0,True,2437.0,27.85177180414018,0.7894860658713545,2437,0,0.0,,0.3090169943749474,,,intact
177,182,35.17797195524491,34.520986579397935,1.0,24.7660229,2.0,405.3337559432448,80.71322662182402,2726,0.0414089923030778,2726,0,0,1.0,0.0,0.0,True,2383.0,27.541467985130588,0.7902978341187553,2383,0,0.0,,0.3133921657949117,,,intact
177,196,35.17797195524491,35.0747806496578,1.0,24.7660229,2.0,416.9768954322882,59.83659982480908,3051,0.046345867761075,3051,0,0,1.0,0.0,0.0,True,2739.0,29.52711936944413,0.8405967958437983,2739,21,0.0076086956521739,,0.3090169943749474,,,intact
177,201,35.17797195524491,33.89170194826906,1.0,24.7660229,2.0,425.1934325981957,39.50461674691767,3048,0.0463002966030012,3048,0,0,1.0,0.0,0.0,True,2519.0,28.316472296120654,0.8199393654493579,2519,0,0.0,,0.3090169943749474,,,intact
175,194,35.128838217234595,35.42027446967023,3.47213595499958,85.99099857343296,4.47213595499958,415.1511208921447,61.64534966975038,4678,0.0710606258231101,1499,877,2302,0.3204360837964942,0.1874732791791364,0.4920906370243694,True,3.0,0.9772050238058398,0.0277028296058846,1475,1322,0.4726492670718627,0.356789172325331,0.15331120368114,0.2989350844248255,0.203477968644191,cohesive
175,203,35.128838217234595,32.89939577157956,1.0,24.7660229,2.0,426.8489769620135,32.063422760583,3278,0.0497940853886607,3278,0,0,1.0,0.0,0.0,True,1955.0,24.945857922495087,0.7333971928948478,2008,87,0.0415274463007159,,0.3244997998398398,,,intact
176,179,36.0960716857816,35.91233771287135,8.43650317030929,208.9386307118025,9.43650317030929,409.29215304350765,87.18856197894516,7099,0.1078365503886829,6473,620,6,0.9118185659952106,0.0873362445414847,0.0008451894633046,True,5043.0,40.06540597603944,1.1127979720876582,5044,69,0.0134950127126931,0.4842988090486041,0.2586614385690867,0.3560306134428443,0.2256373704795173,intact
176,206,36.0960716857816,35.73935585107002,1.0,24.7660229,2.0,440.0964283013353,19.42104809441393,3208,0.0487307583669382,2818,283,107,0.878428927680798,0.088216957605985,0.0333541147132169,True,3603.0,33.86547681519039,0.9428628178712344,3676,1791,0.3276019754892994,0.4211646096066227,0.304845440523399,0.3956439237389599,0.1163191690832236,intact
178,186,35.53987738772845,34.96056440819251,5.513233075965879,136.54085661240842,6.513233075965879,410.0401976448479,75.4619153089828,6029,0.0915828373423538,3453,1366,1210,0.5727317963177974,0.2265715707414164,0.2006966329407862,True,894.0,16.869174201729876,0.4785551344645871,2604,822,0.2399299474605954,0.3761785115301142,0.1916074179729641,0.3244997998398398,0.18457109355715,cohesive
178,196,35.53987738772845,35.0747806496578,1.0,24.7660229,2.0,417.36064051746735,61.79212906400125,3001,0.0455863484598447,2126,454,421,0.7084305231589471,0.1512829056981006,0.1402865711429523,True,1562.0,22.297982918171797,0.6315397833227867,2018,1414,0.412004662004662,0.4068781988545112,0.2612038749637414,0.3660254037844386,0.1456743238907697,cohesive
179,189,35.91233771287135,35.88189257584682,1.0,24.7660229,2.0,418.8913265468258,78.7368004048436,2697,0.0409684711083642,2697,0,0,1.0,0.0,0.0,True,2538.0,28.423062662817685,0.7917923919099142,2538,0,0.0,,0.3090169943749474,,,intact
179,207,35.91233771287135,34.65395996369501,1.0,24.7660229,2.0,445.09078163572747,7.425675329353694,3131,0.0475610986430435,3028,103,0,0.9671031619290962,0.0328968380709038,0.0,True,4426.0,37.5345115360445,1.063808440343015,4426,72,0.0160071142730102,,0.3090169943749474,0.387425886722793,,intact
181,183,35.284588646966746,34.982947170857,8.851841083363698,219.22489897774616,9.851841083363698,411.60217356472833,86.93445984673896,7557,0.1147937471879528,7447,110,0,0.985443959243086,0.0145560407569141,0.0,True,1948.0,24.901157769991823,0.7087528395630889,1948,0,0.0,,0.2708131845707603,0.273792379751686,,intact
181,187,35.284588646966746,34.99555738720984,1.0,24.7660229,2.0,417.5622675383624,76.64776025147634,3024,0.0459357273384106,3024,0,0,1.0,0.0,0.0,True,3067.0,31.24510235101953,0.8891587201832313,3067,0,0.0,,0.3090169943749474,,,intact
181,192,35.284588646966746,34.60226242032512,3.414213562373095,84.55649127122264,4.414213562373095,419.3011805154224,74.90621514345827,3877,0.0588931266174001,3877,0,0,1.0,0.0,0.0,True,1797.0,23.91658139183508,0.6844372303684579,1797,0,0.0,,0.2766967754673748,,,intact
181,197,35.284588646966746,35.16639314331112,1.0,24.7660229,2.0,429.2624064180819,55.73166098237046,2864,0.0435052655744735,2844,20,0,0.9930167597765364,0.0069832402234636,0.0,True,3291.0,32.36599813741043,0.9188231963540042,3291,0,0.0,,0.3090169943749474,0.4287759285839513,,intact
181,204,35.284588646966746,34.83248439292221,1.0,24.7660229,2.0,432.7026247090022,47.00910123304136,2949,0.0447964483865651,2949,0,0,1.0,0.0,0.0,True,3052.0,31.1686023528956,0.8890445936088652,3052,0,0.0,,0.3090169943749474,,,intact
182,183,34.520986579397935,34.982947170857,1.0,24.7660229,2.0,412.3396825168791,87.62890999946323,2921,0.0443711175778761,2916,5,0,0.99828825744608,0.0017117425539198,0.0,True,2559.0,28.540409926003523,0.821260276535034,2559,0,0.0,,0.3090169943749474,0.4068781988545112,,intact
182,186,34.520986579397935,34.96056440819251,1.0,24.7660229,2.0,415.26320299695794,82.82510847575963,2563,0.0389329593810669,2563,0,0,1.0,0.0,0.0,True,2490.0,28.15300368695388,0.8103734958933794,2490,0,0.0,,0.3090169943749474,,,intact
182,193,34.520986579397935,34.882194347787056,1.0,24.7660229,2.0,422.1331897379336,71.64705914396683,2489,0.037808870815246,2489,0,0,1.0,0.0,0.0,True,2553.0,28.50693142776363,0.821487748743734,2553,0,0.0,,0.3090169943749474,,,intact
180,189,35.37874337677359,35.88189257584682,2.449489742783178,60.66411906308329,3.449489742783178,421.7523552853957,83.06157419761557,3324,0.0504928431457926,3322,2,0,0.9993983152827918,0.0006016847172081,0.0,True,2622.0,28.88959192466898,0.8108148780450687,2622,0,0.0,,0.2817290466902531,0.2986250503378156,,intact
180,201,35.37874337677359,33.89170194826906,3.7320508075688767,92.42805576421428,4.732050807568877,433.8561579570096,63.25433663438863,4135,0.0628122462117487,4120,15,0,0.996372430471584,0.0036275695284159,0.0,True,1742.0,23.54773495969757,0.679878261189252,1742,0,0.0,,0.2766967754673748,0.4494897427831781,,intact
180,205,35.37874337677359,34.618206236944935,1.0,24.7660229,2.0,441.90133528691433,43.91580086746927,2947,0.0447660676145159,2947,0,0,1.0,0.0,0.0,True,2551.0,28.495763187794253,0.814200142864781,2551,0,0.0,,0.3090169943749474,,,intact
180,212,35.37874337677359,35.18362993464557,1.0,24.7660229,2.0,447.338537634035,28.27606974834678,3233,0.0491105180175534,3231,2,0,0.9993813795236622,0.0006186204763377,0.0,True,2644.0,29.010538413996088,0.8222665154971847,2644,0,0.0,,0.3090169943749474,0.3104983142219586,,intact
184,185,34.242491450370906,34.42120141716751,1.0,24.7660229,2.0,415.9260043598628,88.73725161584545,2690,0.040862138406192,2658,32,0,0.9881040892193308,0.0118959107806691,0.0,True,2627.0,28.9171241828232,0.8422828127991384,2627,0,0.0,,0.3090169943749474,0.4142135623730951,,intact
184,188,34.242491450370906,34.95281485794827,1.0,24.7660229,2.0,423.2826991021512,76.24351361212578,2695,0.040938090336315,2695,0,0,1.0,0.0,0.0,True,1878.0,24.449661884229787,0.7066855597195403,1878,0,0.0,,0.3090169943749474,,,intact
184,198,34.242491450370906,34.04995778186768,1.0,24.7660229,2.0,429.8548878401141,64.39223464264813,2795,0.0424571289387757,2756,39,0,0.986046511627907,0.013953488372093,0.0,True,2732.0,29.489364337912,0.8636200537376847,2758,5,0.0018096272167933,,0.3090169943749474,0.4285714285714285,,intact
184,199,34.242491450370906,35.20772026673139,1.0,24.7660229,2.0,432.9527665422895,58.33693946598708,2870,0.0435964078906212,2852,18,0,0.9937282229965156,0.0062717770034843,0.0,True,2069.0,25.662875024327708,0.7390294252481928,2069,0,0.0,,0.3090169943749474,0.407669683062202,,intact
182,205,34.520986579397935,34.618206236944935,1.0,24.7660229,2.0,438.8453603653897,36.07726040880178,2992,0.0454496349856232,2992,0,0,1.0,0.0,0.0,True,3455.0,33.162639472228335,0.9593007416305696,3455,0,0.0,,0.3145198591387564,,,intact
183,197,34.982947170857,35.16639314331112,1.0,24.7660229,2.0,431.39909150657786,59.17859448540247,2939,0.044644544526319,2939,0,0,1.0,0.0,0.0,True,2238.0,26.69040136976819,0.7609594402522845,2238,0,0.0,,0.3090169943749474,,,intact
183,200,34.982947170857,34.50461857406455,1.0,24.7660229,2.0,432.16024849953567,58.46186646355726,2738,0.0415912769353731,2738,0,0,1.0,0.0,0.0,True,1954.0,24.93947709161375,0.7178112177123267,1954,0,0.0,,0.3090169943749474,,,intact
183,209,34.982947170857,34.6826289973045,1.0,24.7660229,2.0,448.25773739571537,0.812546619429096,2797,0.0424875097108249,2797,0,0,1.0,0.0,0.0,True,2789.0,29.79540690386007,0.8553839225254881,2789,0,0.0,,0.3090169943749474,,,intact
184,220,34.242491450370906,34.86531279291435,4.766114533138578,118.03770167173282,5.766114533138578,449.9721356341236,19.72463846680789,4530,0.0688124486914683,4442,88,0,0.9805739514348786,0.0194260485651214,0.0,True,1614.0,22.6661014799775,0.6559635840891244,1614,0,0.0,,0.2779262976266636,0.2908618114128809,,intact
185,194,34.42120141716751,35.42027446967023,1.0,24.7660229,2.0,424.3563472372528,76.4145987284764,3045,0.0462547254449274,3000,45,0,0.9852216748768472,0.0147783251231527,0.0,True,2727.0,29.462366836749503,0.8436925612650736,2727,0,0.0,,0.3090169943749474,0.4142135623730951,,intact
185,195,34.42120141716751,33.78195496630892,2.0,49.5320458,3.0,424.9668693731688,76.86428676620604,2803,0.0425786520269725,2801,2,0,0.9992864787727436,0.0007135212272565,0.0,True,1880.0,24.462677409178383,0.7173473694277572,1880,0,0.0,,0.2898979485566356,0.3362339169343654,,intact
185,204,34.42120141716751,34.83248439292221,1.0,24.7660229,2.0,436.307199224508,55.75634720539398,2663,0.0404519979835276,2663,0,0,1.0,0.0,0.0,True,2839.0,30.06130015278417,0.8681501872757934,2839,0,0.0,,0.3133921657949117,,,intact
185,211,34.42120141716751,35.141408405393136,1.0,24.7660229,2.0,450.31372704936416,16.47452201472119,2887,0.0438546444530395,2887,0,0,1.0,0.0,0.0,True,2072.0,25.68147355921802,0.7383700417429988,2072,0,0.0,,0.3133921657949117,,,intact
186,193,34.96056440819251,34.882194347787056,5.324555320336759,131.868058995777,6.324555320336759,426.4558863543575,79.69011977196257,4793,0.0728075202159399,4793,0,0,1.0,0.0,0.0,True,1756.0,23.64216910815792,0.6770113188329291,1756,0,0.0,,0.2742918851774317,,,intact
186,196,34.96056440819251,35.0747806496578,1.0,24.7660229,2.0,426.9063424860013,77.92464086108255,2984,0.0453281118974263,2984,0,0,1.0,0.0,0.0,True,2964.0,30.71596494738128,0.8771560965969227,2964,125,0.0404661702816445,,0.3090169943749474,,,intact
186,213,34.96056440819251,36.05185964074114,1.0,24.7660229,2.0,450.22290120216064,22.19674388546967,3309,0.0502649873554235,3306,3,0,0.99909338168631,0.0009066183136899,0.0,True,3492.0,33.33973788969849,0.93898323670023,3492,0,0.0,,0.3090169943749474,0.4211646096066227,,intact
187,192,34.99555738720984,34.60226242032512,1.0,24.7660229,2.0,427.39795957755246,87.09794976517605,2990,0.045419254213574,2990,0,0,1.0,0.0,0.0,True,2260.0,26.821266613927214,0.7707501955692995,2261,0,0.0,,0.3090169943749474,,,intact
187,214,34.99555738720984,35.70012532378434,1.0,24.7660229,2.0,453.2331221438311,35.31270006704844,3321,0.0504472719877188,3321,0,0,1.0,0.0,0.0,True,3304.0,32.429860683500394,0.9174495369420088,3304,0,0.0,,0.3090169943749474,,,intact
187,218,34.99555738720984,35.14411465378208,1.0,24.7660229,2.0,456.79069961554353,27.242531102735708,3393,0.0515409797814905,3393,0,0,1.0,0.0,0.0,True,2112.0,25.928179257714294,0.7393299256535166,2112,0,0.0,,0.3203772410170407,,,intact
188,191,34.95281485794827,35.30017763718353,10.0,247.660229,11.0,429.556177344924,87.40880974447741,8164,0.124014311504889,5730,2244,190,0.7018618324350808,0.2748652621264086,0.0232729054385105,True,2070.0,25.669076033243712,0.7307610714240382,2178,811,0.2713282034125125,0.3508259585234363,0.236067635637811,0.3366923880045371,0.1147583228856252,intact
188,199,34.95281485794827,35.20772026673139,3.685557720282968,91.27660689979976,4.685557720282968,441.0580944319592,75.01333309835215,4294,0.0652275175896611,4294,0,0,1.0,0.0,0.0,True,2117.0,25.9588526143026,0.7399844533161583,2117,0,0.0,,0.2791745113185196,,,intact
188,208,34.95281485794827,35.14778675294169,1.0,24.7660229,2.0,452.8565006439594,51.511920574610855,2830,0.0429887924496369,2788,42,0,0.9851590106007068,0.0148409893992932,0.0,True,4614.0,38.32338469984104,1.093382476588834,4614,4,0.0008661758336942,,0.3090169943749474,0.4176890859898589,,intact
188,220,34.95281485794827,34.86531279291435,1.0,24.7660229,2.0,458.0774635237932,38.50479617518106,3156,0.0479408582936587,3156,0,0,1.0,0.0,0.0,True,2522.0,28.333329012940226,0.8116324503752331,2522,0,0.0,,0.3090169943749474,,,intact
189,201,35.88189257584682,33.89170194826906,1.0,24.7660229,2.0,438.55605701882206,69.218725873009,3144,0.0477585736613634,3135,9,0,0.9971374045801528,0.0028625954198473,0.0,True,2630.0,28.9336309623139,0.8293576147152216,2630,0,0.0,,0.3090169943749474,0.3726822671238252,,intact
190,221,35.51806511315389,34.81522632495782,1.0,24.7660229,2.0,464.1357578509632,22.60522411785072,2988,0.0453888734415248,2988,0,0,1.0,0.0,0.0,True,3724.0,34.42943531556155,0.9790366585035196,3724,225,0.0569764497341099,,0.3090169943749474,,,intact
191,198,35.30017763718353,34.04995778186768,1.0,24.7660229,2.0,436.1283660828869,75.82211592984662,2915,0.0442799752617285,2834,81,0,0.97221269296741,0.02778730703259,0.0,True,2941.0,30.59655822582874,0.8823791919351767,3193,314,0.0895352152837182,,0.3090169943749474,0.4068781988545112,,intact
191,219,35.30017763718353,34.50207847156246,1.0,24.7660229,2.0,458.9093627236808,22.435783733848297,2988,0.0453888734415248,2507,471,10,0.8390227576974565,0.1576305220883534,0.00334672021419,True,2799.0,29.84877504066842,0.8552381170650577,3235,973,0.2312262357414448,0.4,0.2898979485566356,0.3827822185373187,0.1101020514433643,intact
192,195,34.60226242032512,33.78195496630892,1.0,24.7660229,2.0,431.1979868968531,86.51117876373596,2621,0.0398140017704941,2621,0,0,1.0,0.0,0.0,True,2287.0,26.9810064619971,0.789100394596916,2287,0,0.0,,0.3090169943749474,,,intact
189,206,35.88189257584682,35.73935585107002,6.071067811865476,150.35620445611326,7.071067811865476,449.6956018046535,54.21290699494924,6593,0.1001502150602319,6491,102,0,0.984529045957834,0.0154709540421659,0.0,True,2458.0,27.97151587311201,0.781095456655003,2458,0,0.0,,0.2757262893750405,0.3145198591387564,,intact
189,208,35.88189257584682,35.14778675294169,1.0,24.7660229,2.0,450.3886143216531,44.981638968898174,3291,0.0499915604069806,3290,1,0,0.9996961409905804,0.0003038590094196,0.0,True,3365.0,32.72785918767764,0.921526311168716,3365,40,0.0117474302496328,,0.3090169943749474,0.4045372666182638,,intact
189,212,35.88189257584682,35.18362993464557,6.158776208911124,152.5283926258681,7.158776208911124,452.0384366958475,51.52258914762969,5231,0.0794609092947176,5191,40,0,0.9923532785318296,0.0076467214681705,0.0,True,1929.0,24.7794223187009,0.6973683283632331,1929,0,0.0,,0.2757262893750405,0.2076276656136397,,intact
190,216,35.51806511315389,34.3209694474925,1.0,24.7660229,2.0,458.22733866355736,42.3777285148418,2945,0.0447356868424667,2935,10,0,0.99660441426146,0.0033955857385398,0.0,True,3560.0,33.66278649806482,0.964010648481486,3567,11,0.0030743432084963,,0.3090169943749474,0.4223572182080777,,intact
193,213,34.882194347787056,36.05185964074114,1.0,24.7660229,2.0,457.09288794313625,46.81995851161441,3032,0.0460572504266075,3032,0,0,1.0,0.0,0.0,True,2938.0,30.580949063231785,0.8622360444301543,2938,0,0.0,,0.3090169943749474,,,intact
193,224,34.882194347787056,34.84559696084562,1.0,24.7660229,2.0,465.82506950634126,19.139799517062947,3108,0.0472117197644776,3108,0,0,1.0,0.0,0.0,True,2575.0,28.62949452790358,0.8211788726013782,2702,0,0.0,,0.3090169943749474,,,intact
194,198,35.42027446967023,34.04995778186768,1.0,24.7660229,2.0,438.2852307175041,80.17403187981428,2624,0.0398595729285679,2624,0,0,1.0,0.0,0.0,True,2358.0,27.39661861656249,0.7887297257727534,2711,351,0.1146309601567602,,0.3090169943749474,,,intact
194,203,35.42027446967023,32.89939577157956,14.942516251602305,370.0666996708048,15.942516251602305,443.73591303713033,72.99086183318745,10865,0.1650435441573517,1919,2620,6326,0.1766221813161528,0.2411412793373216,0.5822365393465255,False,365.0,10.77882685903636,0.3155409509728096,536,769,0.589272030651341,0.2960522815230986,0.06051739456775,0.3226039309419515,0.2355348869553485,mixed
192,204,34.60226242032512,34.83248439292221,1.0,24.7660229,2.0,442.5383167481922,67.22251838909133,2972,0.0451458272651311,2972,0,0,1.0,0.0,0.0,True,2039.0,25.476142917026294,0.7338153903130745,2039,0,0.0,,0.3164309725825327,,,intact
192,218,34.60226242032512,35.14411465378208,1.0,24.7660229,2.0,458.5296125926036,32.03407705925962,2886,0.0438394540670149,2886,0,0,1.0,0.0,0.0,True,2658.0,29.087242521017966,0.8340861200607473,2658,0,0.0,,0.3090169943749474,,,intact
192,227,34.60226242032512,34.84841487431597,8.797958971132712,217.8904533523332,9.797958971132712,462.8638850534738,31.635255674448747,6906,0.1049048058859338,6906,0,0,1.0,0.0,0.0,True,1862.0,24.34528718405717,0.7010813467167062,1862,0,0.0,,0.2690645851960922,,,intact
193,200,34.882194347787056,34.50461857406455,2.6502815398728847,65.63693330793913,3.6502815398728847,441.95375572059015,76.29954006534902,3676,0.0558398590264542,3676,0,0,1.0,0.0,0.0,True,2329.0,27.22762797090574,0.7848069921174055,2706,0,0.0,,0.2825147203946361,,,intact
195,227,33.78195496630892,34.84841487431597,1.0,24.7660229,2.0,464.9249993957144,22.44326616374205,2544,0.0386443420465994,2544,0,0,1.0,0.0,0.0,True,2397.0,27.622251848510583,0.8049571031791216,2397,0,0.0,,0.3090169943749474,,,intact
196,201,35.0747806496578,33.89170194826906,9.86645922562615,244.35295512377348,10.86645922562615,442.4433225245284,78.05627298704918,7873,0.1195939091717285,7707,166,0,0.9789152800711292,0.0210847199288708,0.0,True,1642.0,22.861864165325283,0.6629847805523001,1642,0,0.0,,0.2645644554438015,0.3531242673015992,,intact
196,215,35.0747806496578,34.593088068638096,1.0,24.7660229,2.0,458.2005884025678,43.33990571463262,3085,0.0468623408859116,3085,0,0,1.0,0.0,0.0,True,4071.0,35.9977714123279,1.0334110135588033,4071,206,0.0481646013560907,,0.3090169943749474,,,intact
196,223,35.0747806496578,33.94668971415141,1.0,24.7660229,2.0,465.3339519269746,23.02057520131617,3006,0.0456623003899677,2995,11,0,0.9963406520292748,0.0036593479707252,0.0,True,3851.0,35.01158910552016,1.014512989102538,3851,0,0.0,,0.3203772410170408,0.424807680927192,,intact
194,217,35.42027446967023,35.000884747233016,1.0,24.7660229,2.0,458.69880332662217,38.66717022119875,3246,0.0493079930358733,3246,0,0,1.0,0.0,0.0,True,2714.0,29.392057279183568,0.8347507370236124,2726,0,0.0,,0.3090169943749474,,,intact
194,222,35.42027446967023,35.80595629240921,1.0,24.7660229,2.0,465.85398264117487,23.306895120030823,2851,0.0433077905561537,2846,5,0,0.9982462293931954,0.0017537706068046,0.0,True,2152.0,26.17255958188877,0.7349135087413031,2158,268,0.110469909315746,,0.3090169943749474,0.4211646096066227,,intact
195,204,33.78195496630892,34.83248439292221,1.0,24.7660229,2.0,444.5994310904328,70.27306778732009,3026,0.0459661081104598,3026,0,0,1.0,0.0,0.0,True,1910.0,24.6570858499345,0.718714197192292,1910,0,0.0,,0.3145198591387564,,,intact
195,217,33.78195496630892,35.000884747233016,1.0,24.7660229,2.0,459.3093254625383,39.59997593532941,2810,0.0426849847291448,2810,0,0,1.0,0.0,0.0,True,2407.0,27.67981026026704,0.8048463941164513,2499,0,0.0,,0.3090169943749474,,,intact
197,231,35.16639314331112,35.19943691282184,1.0,24.7660229,2.0,481.8856468965771,21.47914937947122,2867,0.0435508367325474,2867,0,0,1.0,0.0,0.0,True,1873.0,24.41709271846753,0.6940042545931534,1873,0,0.0,,0.3090169943749474,,,intact
198,202,34.04995778186768,34.64839280687956,6.89920048531124,170.8657572109093,7.89920048531124,450.6469559242703,80.90322240432693,5901,0.0896384679312041,1530,1418,2953,0.2592780884595831,0.2402982545331299,0.5004236570072869,False,22.0,2.6462837142006137,0.0770406768582322,1641,1408,0.4617907510659232,0.3386888600805915,0.1103477773171648,0.2915514275054597,0.2283410827634266,cohesive
198,222,34.04995778186768,35.80595629240921,1.0,24.7660229,2.0,472.1011563914175,37.96698846701501,2629,0.039935524858691,2629,0,0,1.0,0.0,0.0,True,2451.0,27.931658222104733,0.7996934430606795,2452,103,0.0403131115459882,,0.3090169943749474,,,intact
198,232,34.04995778186768,34.57672171000286,4.0,99.0640916,5.0,479.1782127214655,19.566182234026044,4052,0.0615514441717063,4032,20,0,0.9950641658440276,0.0049358341559723,0.0,True,2722.0,29.435344574036808,0.857839685439646,2722,23,0.0083788706739526,,0.2798057840438667,0.433030277982336,,intact
197,205,35.16639314331112,34.618206236944935,8.958217307690626,221.8594149854424,9.958217307690626,457.9047693550884,76.89549683593255,8257,0.1254270174051775,8182,75,0,0.9909167978684752,0.0090832021315247,0.0,True,2344.0,27.315167457198672,0.782842280382192,2345,0,0.0,,0.2658626798938589,0.2799521506109722,,intact
197,209,35.16639314331112,34.6826289973045,1.0,24.7660229,2.0,465.917970249069,60.00875834464182,3131,0.0475610986430435,3121,10,0,0.9968061322261258,0.0031938677738741,0.0,True,2309.0,27.110468959395977,0.7762590836223563,2309,0,0.0,,0.3090169943749474,0.4350543397400872,,intact
197,225,35.16639314331112,35.131288498087294,1.0,24.7660229,2.0,472.7408964399439,46.73558043187159,3137,0.0476522409591912,3131,6,0,0.9980873445967484,0.0019126554032515,0.0,True,2533.0,28.39505135941018,0.8078517156300725,2533,0,0.0,,0.3090169943749474,0.3726822671238252,,intact
197,228,35.16639314331112,35.46398635447274,5.741657386773941,142.19801832479757,6.741657386773941,476.6038330928714,44.11224261129532,5576,0.0847015924732069,5576,0,0,1.0,0.0,0.0,True,1814.0,24.02944305508133,0.6804279752124309,1814,0,0.0,,0.2758872381516119,,,intact
199,234,35.20772026673139,35.189350358979944,7.14142842854285,176.86478000000324,8.14142842854285,490.2414648560597,12.357123002428176,6081,0.0923727374156333,6070,11,0,0.998191086992271,0.0018089130077289,0.0,True,1501.0,21.858251054507303,0.6209988813518599,1501,0,0.0,,0.2692803301885514,0.2547778406202406,,intact
200,209,34.50461857406455,34.6826289973045,1.0,24.7660229,2.0,466.6791272420269,62.015424546787976,2669,0.0405431402996752,2669,0,0,1.0,0.0,0.0,True,1814.0,24.02944305508133,0.694620581062836,1814,0,0.0,,0.3090169943749474,,,intact
200,214,34.50461857406455,35.70012532378434,1.0,24.7660229,2.0,465.6944180165085,64.0850910437093,3332,0.0506143662339895,3332,0,0,1.0,0.0,0.0,True,2730.0,29.47856830447755,0.8397885005426475,2730,0,0.0,,0.3145198591387564,,,intact
200,224,34.50461857406455,34.84559696084562,1.0,24.7660229,2.0,474.4529521315983,45.396377295545065,2705,0.0410899941965611,2705,0,0,1.0,0.0,0.0,True,2486.0,28.130381743817548,0.811255784191673,2556,0,0.0,,0.3133921657949117,,,intact
199,211,35.20772026673139,35.141408405393136,1.0,24.7660229,2.0,467.3404892317908,61.61014473113264,2962,0.044993923404885,2962,0,0,1.0,0.0,0.0,True,1909.0,24.650630270337032,0.7008084033343462,1909,0,0.0,,0.3090169943749474,,,intact
199,212,35.20772026673139,35.18362993464557,1.0,24.7660229,2.0,464.1763904582921,67.74996407242989,2864,0.0435052655744735,2864,0,0,1.0,0.0,0.0,True,3247.0,32.14890667563624,0.9134334427074922,3247,0,0.0,,0.3090169943749474,,,intact
199,220,35.20772026673139,34.86531279291435,1.0,24.7660229,2.0,467.74753096393147,60.77770208989938,2866,0.0435356463465228,2866,0,0,1.0,0.0,0.0,True,2032.0,25.43237481489809,0.725881946432951,2032,0,0.0,,0.3090169943749474,,,intact
199,225,35.20772026673139,35.131288498087294,1.0,24.7660229,2.0,473.5753151960268,47.43327206366983,3121,0.0474091947827975,3121,0,0,1.0,0.0,0.0,True,2550.0,28.49017742606505,0.810081857176097,2550,0,0.0,,0.3090169943749474,,,intact
201,205,33.89170194826906,34.618206236944935,9.198039027185567,227.7988451823715,10.198039027185567,458.7050370203407,78.2197653329353,7205,0.1094467313072912,7205,0,0,1.0,0.0,0.0,True,1490.0,21.778010249190537,0.6357623539740995,1490,0,0.0,,0.2696862318229452,,,intact
201,207,33.89170194826906,34.65395996369501,6.032065437739018,149.39027076534305,7.032065437739018,464.7555121077237,67.85560645391662,5346,0.0812078036875474,5345,1,0,0.9998129442573886,0.0001870557426112,0.0,True,1750.0,23.60174359706574,0.6886429553303726,1750,0,0.0,,0.2708131845707603,0.2636541189343806,,intact
201,215,33.89170194826906,34.593088068638096,1.0,24.7660229,2.0,466.41712556847534,62.43289183570016,2749,0.0417583711816438,2749,0,0,1.0,0.0,0.0,True,2239.0,26.696363706795488,0.7796289862378153,2240,0,0.0,,0.3090169943749474,,,intact
201,229,33.89170194826906,35.69825207828566,1.0,24.7660229,2.0,479.5347273095204,34.051105087661,2880,0.0437483117508673,2880,0,0,1.0,0.0,0.0,True,2133.0,26.05676471149144,0.7488656969524216,2133,0,0.0,,0.3090169943749474,,,intact
201,230,33.89170194826906,35.85962815218211,1.0,24.7660229,2.0,479.8118976948724,31.15640543905924,3011,0.0457382523200907,3010,1,0,0.9996678844237796,0.0003321155762205,0.0,True,2179.0,26.33623439283756,0.7551464425096951,2179,0,0.0,,0.3090169943749474,0.3827822185373187,,intact
202,203,34.64839280687956,32.89939577157956,1.0,24.7660229,2.0,456.0976382438965,88.84411921969244,3370,0.0511916009029245,3370,0,0,1.0,0.0,0.0,True,2688.0,29.25093116572581,0.866081089590367,2710,97,0.0345564659779123,,0.3133921657949117,,,intact
204,211,34.83248439292221,35.141408405393136,7.840676900366725,194.1823836659833,8.840676900366725,469.9462887666281,68.98243493814422,6514,0.098950174564288,6472,42,0,0.9935523487872276,0.0064476512127724,0.0,True,1785.0,23.8365926012521,0.6812996004082819,1785,0,0.0,,0.2674788903885892,0.3895969869229442,,intact
204,225,34.83248439292221,35.131288498087294,1.0,24.7660229,2.0,476.181114730864,54.749063624670285,2735,0.0415457057772993,2735,0,0,1.0,0.0,0.0,True,2637.0,28.97211020734693,0.8282031974599215,2637,0,0.0,,0.3090169943749474,,,intact
204,227,34.83248439292221,34.84841487431597,1.0,24.7660229,2.0,476.2653292470535,54.04939342692035,2825,0.0429128405195139,2825,0,0,1.0,0.0,0.0,True,2829.0,30.00830998263554,0.8613066219925933,2829,0,0.0,,0.3090169943749474,,,intact
204,228,34.83248439292221,35.46398635447274,7.694323451653613,190.5577908036604,8.694323451653613,480.04405138379167,52.54039753294499,6575,0.099876788111789,6545,30,0,0.9954372623574144,0.0045627376425855,0.0,True,2422.0,27.765924157807916,0.7899663770485054,2422,0,0.0,,0.2687959533979826,0.2601226048559501,,intact
205,212,34.618206236944935,35.18362993464557,10.80391513507249,267.5700096448619,11.80391513507249,472.1874166973661,82.27251591966844,8681,0.1318677410796107,8673,8,0,0.9990784471835042,0.0009215528164957,0.0,True,1797.0,23.91658139183508,0.6852708382353178,1797,0,0.0,,0.2658626798938588,0.4116024065998383,,intact
205,230,34.618206236944935,35.85962815218211,1.0,24.7660229,2.0,487.8570750247772,51.45034549068383,3062,0.0465129620073457,3062,0,0,1.0,0.0,0.0,True,2936.0,30.570538527078803,0.8675220739130731,2936,0,0.0,,0.3090169943749474,,,intact
208,239,35.14778675294169,35.504623991806454,1.0,24.7660229,2.0,508.9574491429816,7.845776391308991,2923,0.0444014983499253,2896,27,0,0.9907629148135476,0.0092370851864522,0.0,True,3898.0,35.22459277755268,0.9971235915731594,3898,0,0.0,,0.3090169943749474,0.3874258867227931,,intact
209,214,34.6826289973045,35.70012532378434,1.0,24.7660229,2.0,481.79190691268815,88.45320141557086,2661,0.0404216172114784,2661,0,0,1.0,0.0,0.0,True,2228.0,26.63070457981699,0.7567394836049378,2228,0,0.0,,0.3090169943749474,,,intact
209,224,34.6826289973045,34.84559696084562,1.0,24.7660229,2.0,490.550441027778,76.81839386918917,2928,0.0444774502800484,2928,0,0,1.0,0.0,0.0,True,2377.0,27.50677370137891,0.7912404875089312,2377,0,0.0,,0.3090169943749474,,,intact
209,228,34.6826289973045,35.46398635447274,1.0,24.7660229,2.0,493.462478982009,72.1112283561271,2959,0.0449483522468112,2959,0,0,1.0,0.0,0.0,True,2155.0,26.190796183508223,0.746744402482269,2155,0,0.0,,0.3164309725825327,,,intact
205,231,34.618206236944935,35.19943691282184,1.0,24.7660229,2.0,490.7310918917341,46.352962053380494,2628,0.0399203344726664,2628,0,0,1.0,0.0,0.0,True,2094.0,25.817453431135647,0.7395681740718252,2094,0,0.0,,0.3090169943749474,,,intact
205,233,34.618206236944935,35.426172363182474,1.0,24.7660229,2.0,493.6057754168603,36.40326928142439,3445,0.05233087985477,3445,0,0,1.0,0.0,0.0,True,2407.0,27.67981026026704,0.7903506552120855,2407,0,0.0,,0.3090169943749474,,,intact
206,207,35.73935585107002,34.65395996369501,1.8284271247461903,45.2828680424453,2.8284271247461903,475.8950568935551,85.34945935431227,3204,0.0486699968228398,3163,41,0,0.987203495630462,0.012796504369538,0.0,True,3410.0,32.94596654959035,0.9360538331873812,3410,59,0.0170077832228307,,0.2898979485566356,0.39564392373896,,intact
206,208,35.73935585107002,35.14778675294169,4.39834563766817,108.929528784605,5.39834563766817,473.63196177909833,88.95096092021929,5272,0.0800837151217265,5180,92,0,0.9825493171471928,0.0174506828528072,0.0,True,2880.0,30.277590264241923,0.8542477282058883,2880,395,0.1206106870229007,,0.2791745113185196,0.2457857925914388,,intact
206,235,35.73935585107002,34.55674174420598,1.0,24.7660229,2.0,502.483477535184,32.1353019765953,2754,0.0418343231117668,2632,122,0,0.9557007988380536,0.0442992011619462,0.0,True,2403.0,27.65680127020565,0.7868659062537843,2418,386,0.137660485021398,,0.3090169943749474,0.4026997478492771,,intact
206,237,35.73935585107002,34.86577103538343,1.0,24.7660229,2.0,503.8701933585188,28.123978216342238,3102,0.0471205774483299,3075,27,0,0.9912959381044488,0.0087040618955512,0.0,True,3109.0,31.458312671619964,0.8911056196304539,3155,44,0.0137542982181931,,0.3090169943749474,0.4014916240907943,,intact
207,215,34.65395996369501,34.593088068638096,1.0,24.7660229,2.0,480.5127779857632,87.15292029164574,2891,0.0439154059971379,2891,0,0,1.0,0.0,0.0,True,4234.0,36.71136143079101,1.060301123988696,5014,0,0.0,,0.3090169943749474,,,intact
207,229,34.65395996369501,35.69825207828566,1.0,24.7660229,2.0,493.63037972680814,65.34392698236115,2756,0.041864703883816,2756,0,0,1.0,0.0,0.0,True,2026.0,25.394799259067984,0.7219332135260897,2026,0,0.0,,0.3090169943749474,,,intact
207,237,34.65395996369501,34.86577103538343,1.0,24.7660229,2.0,506.8263009899752,35.52472683549295,2912,0.0442344041036547,2895,17,0,0.994162087912088,0.005837912087912,0.0,True,2942.0,30.601759510732585,0.8803762348026993,2943,0,0.0,,0.3090169943749474,0.4415184401122529,,intact
207,242,34.65395996369501,35.36074170806466,1.0,24.7660229,2.0,510.4812746034253,25.86336305187076,3161,0.0480168102237817,3161,0,0,1.0,0.0,0.0,True,3092.0,31.372187811504013,0.8961600081817657,3093,0,0.0,,0.3203772410170407,,,intact
208,212,35.14778675294169,35.18362993464557,1.0,24.7660229,2.0,475.9747966702924,87.31595610519149,2758,0.0418950846558652,2758,0,0,1.0,0.0,0.0,True,3001.0,30.90708605542677,0.8788984357507343,3001,0,0.0,,0.3090169943749474,,,intact
208,229,35.14778675294169,35.69825207828566,7.4852813742385695,185.38064992733587,8.48528137423857,491.36728461235134,64.60980003390893,6039,0.0917347412025998,5987,52,0,0.9913893028647128,0.0086106971352873,0.0,True,1851.0,24.27326923441085,0.6852399833457375,1852,0,0.0,,0.2687959533979826,0.3849869880658219,,intact
209,231,34.6826289973045,35.19943691282184,1.0,24.7660229,2.0,498.7442927857146,62.26317336936431,2917,0.0443103560337777,2917,0,0,1.0,0.0,0.0,True,1704.0,23.28948359361322,0.666536779939084,1704,0,0.0,,0.3090169943749474,,,intact
209,233,34.6826289973045,35.426172363182474,4.766114533138578,118.03770167173282,5.766114533138578,501.6189763108408,61.60989756011959,4620,0.0701795834336829,4599,21,0,0.9954545454545456,0.0045454545454545,0.0,True,1633.0,22.79912375812128,0.6503926273362525,1633,0,0.0,,0.2766967754673748,0.3385221051678928,,intact
209,238,34.6826289973045,34.26087357037213,12.759273551437172,315.99646096225734,13.759273551437172,507.6181142487952,52.03506672944111,9470,0.1438529556530254,9354,116,0,0.9877507919746568,0.0122492080253431,0.0,True,1105.0,18.75453076547341,0.5440550615212363,1105,0,0.0,,0.2606031477762016,0.3445234742734923,,intact
209,245,34.6826289973045,34.96850576023762,1.0,24.7660229,2.0,517.2117098892138,6.600934071226706,2809,0.0426697943431202,2806,3,0,0.9989320042719828,0.001067995728017,0.0,True,1996.0,25.20608126668733,0.723780922003081,1996,0,0.0,,0.3090169943749474,0.4,,intact
210,221,33.842720018110576,34.81522632495782,1.0,24.7660229,2.0,486.21584301722623,74.16985989559663,2706,0.0411051845825857,2644,62,0,0.9770879526977088,0.0229120473022912,0.0,True,959.0,17.471667947000803,0.5089481663112609,1371,270,0.1645338208409506,,0.3090169943749474,0.4,,intact
210,226,33.842720018110576,34.978589983412775,1.0,24.7660229,2.0,486.2126340947394,74.05871915551579,2409,0.0365936399332775,1613,667,129,0.6695724366957244,0.2768783727687837,0.0535491905354919,True,293.0,9.657370069115643,0.2806505737511209,395,2114,0.8425667596652052,0.4211646096066227,0.25,0.3797958971132712,0.1711646096066227,intact
211,217,35.141408405393136,35.000884747233016,1.0,24.7660229,2.0,484.6561831387335,88.84556068737756,2643,0.0401481902630355,2643,0,0,1.0,0.0,0.0,True,2357.0,27.39080870903951,0.7810069354145143,2357,0,0.0,,0.3090169943749474,,,intact
211,220,35.141408405393136,34.86531279291435,1.0,24.7660229,2.0,484.3598583236249,89.34906478845292,2826,0.0429280309055385,2822,4,0,0.9985845718329794,0.0014154281670205,0.0,True,2826.0,29.992394675240465,0.8568432905258123,2826,0,0.0,,0.3090169943749474,0.4072384349238176,,intact
211,222,35.141408405393136,35.80595629240921,1.0,24.7660229,2.0,491.8113624532862,76.81915007940165,2970,0.0451154464930819,2970,0,0,1.0,0.0,0.0,True,3010.0,30.95339654081939,0.8725735387822853,3010,0,0.0,,0.3090169943749474,,,intact
211,225,35.141408405393136,35.131288498087294,1.0,24.7660229,2.0,490.1876425557202,79.73003688736628,2895,0.0439761675412363,2895,0,0,1.0,0.0,0.0,True,1840.0,24.201036973199617,0.6887749592545095,1840,0,0.0,,0.3090169943749474,,,intact
211,247,35.141408405393136,35.65317247998332,1.0,24.7660229,2.0,514.4912024886855,30.326107846567645,2754,0.0418343231117668,2744,10,0,0.9963689179375452,0.0036310820624546,0.0,True,3153.0,31.680136854778453,0.894987623588641,3153,0,0.0,,0.3090169943749474,0.4270509831248423,,intact
212,229,35.18362993464557,35.69825207828566,1.0,24.7660229,2.0,493.01710698654585,65.26266633464412,2721,0.0413330403729548,2721,0,0,1.0,0.0,0.0,True,2268.0,26.86869594648831,0.7581259183153899,2268,0,0.0,,0.3090169943749474,,,intact
213,233,36.05185964074114,35.426172363182474,1.0,24.7660229,2.0,500.6606196372073,56.662426981090256,2828,0.0429584116775877,2828,0,0,1.0,0.0,0.0,True,2738.0,29.521728749706018,0.8260364176810434,2738,0,0.0,,0.3090169943749474,,,intact
213,236,36.05185964074114,34.90598398229622,1.0,24.7660229,2.0,510.73280403171646,19.20711074426369,3850,0.0584829861947357,3850,0,0,1.0,0.0,0.0,True,3643.0,34.05294282976949,0.9598077137370552,3643,0,0.0,,0.3090169943749474,,,intact
214,218,35.70012532378434,35.14411465378208,1.0,24.7660229,2.0,484.3647751588823,84.16752949868732,3314,0.0503409392855466,3314,0,0,1.0,0.0,0.0,True,1908.0,24.64417299969047,0.6957283473573662,1908,0,0.0,,0.3090169943749474,,,intact
214,228,35.70012532378434,35.46398635447274,1.0,24.7660229,2.0,492.4777697564906,70.90031150121114,2921,0.0443711175778761,2921,0,0,1.0,0.0,0.0,True,2286.0,26.97510703993861,0.7581098507038729,2286,0,0.0,,0.3090169943749474,,,intact
212,234,35.18362993464557,35.189350358979944,1.0,24.7660229,2.0,503.6896934422544,44.00561117986241,2757,0.0418798942698406,2746,11,0,0.9960101559666305,0.0039898440333696,0.0,True,2909.0,30.42964769609808,0.8648105443064329,2909,0,0.0,,0.3090169943749474,0.4068781988545112,,intact
212,240,35.18362993464557,33.9635997698927,1.0,24.7660229,2.0,506.9474796541078,28.721536650114796,3105,0.0471661486064038,3100,5,0,0.998389694041868,0.001610305958132,0.0,True,2464.0,28.00563442518059,0.8100291087537965,2464,0,0.0,,0.3203772410170407,0.4,,intact
213,223,36.05185964074114,33.94668971415141,1.0,24.7660229,2.0,488.6505106431339,77.09836694044051,3433,0.0521485952224748,3433,0,0,1.0,0.0,0.0,True,4099.0,36.12135412006806,1.0320600770433923,4099,0,0.0,,0.3203772410170407,,,intact
213,224,36.05185964074114,34.84559696084562,1.0,24.7660229,2.0,489.5920843541444,76.25881053981914,3000,0.04557115807382,3000,0,0,1.0,0.0,0.0,True,2267.0,26.862771859557856,0.7577922579230195,2267,0,0.0,,0.304845440523399,,,intact
214,238,35.70012532378434,34.26087357037213,1.0,24.7660229,2.0,506.6334050232769,40.98722733666454,2896,0.043991357927261,2896,0,0,1.0,0.0,0.0,True,2654.0,29.065347717372667,0.8309014501449713,2654,0,0.0,,0.3090169943749474,,,intact
214,241,35.70012532378434,34.52873091745373,1.0,24.7660229,2.0,510.81251920290447,26.070751560135854,3240,0.0492168507197257,3240,0,0,1.0,0.0,0.0,True,2357.0,27.39080870903951,0.7800442773822578,2357,0,0.0,,0.3090169943749474,,,intact
215,223,34.593088068638096,33.94668971415141,2.449489742783178,60.66411906308329,3.449489742783178,489.3077549709216,78.74024172747461,2920,0.0443559271918515,2920,0,0,1.0,0.0,0.0,True,2044.0,25.507359866510456,0.7443082160944913,2330,59,0.0246965257429887,,0.2857142857142857,,,intact
215,230,34.593088068638096,35.85962815218211,1.0,24.7660229,2.0,495.5691635729118,67.83274554034085,2892,0.0439305963831625,2892,0,0,1.0,0.0,0.0,True,1986.0,25.142860496789307,0.7137513454551262,1986,0,0.0,,0.3090169943749474,,,intact
215,242,34.593088068638096,35.36074170806466,1.0,24.7660229,2.0,512.1428880641769,31.146052209628557,2750,0.0417735615676684,2750,0,0,1.0,0.0,0.0,True,3562.0,33.67224100927443,0.9626990006625356,3562,0,0.0,,0.3090169943749474,,,intact
215,244,34.593088068638096,37.48787294501534,1.0,24.7660229,2.0,516.1918885123312,23.41603542132849,3218,0.0488826622271843,3218,0,0,1.0,0.0,0.0,True,3022.0,31.015036289635635,0.8605611205366928,3022,0,0.0,,0.3090169943749474,,,intact
216,221,34.3209694474925,34.81522632495782,1.0,24.7660229,2.0,489.6985788042781,80.69328609381172,2128,0.032325141460363,2128,0,0,1.0,0.0,0.0,True,2531.0,28.38383909782421,0.8210992456467997,2531,0,0.0,,0.3090169943749474,,,intact
216,243,34.3209694474925,34.220420413308936,1.0,24.7660229,2.0,514.9144681045656,21.93764344389264,2847,0.0432470290120552,2810,37,0,0.9870038637161924,0.0129961362838075,0.0,True,2519.0,28.316472296120654,0.8262590634251127,2519,0,0.0,,0.3133921657949117,0.3956439237389599,,intact
217,222,35.000884747233016,35.80595629240921,1.0,24.7660229,2.0,492.5147290005355,78.4642877377946,3062,0.0465129620073457,3062,0,0,1.0,0.0,0.0,True,1919.0,24.71511018763004,0.6980995006907011,1919,0,0.0,,0.3090169943749474,,,intact
217,227,35.000884747233016,34.84841487431597,1.0,24.7660229,2.0,490.975223619159,80.6999508300724,2906,0.044143261787507,2906,0,0,1.0,0.0,0.0,True,3133.0,31.57950084174568,0.9042181099265648,3133,0,0.0,,0.3090169943749474,,,intact
217,248,35.000884747233016,35.31345574957054,1.0,24.7660229,2.0,518.1776578872875,19.180271744570547,2790,0.0423811770086526,2790,0,0,1.0,0.0,0.0,True,2828.0,30.003005818213616,0.8533964936946976,2828,0,0.0,,0.3090169943749474,,,intact
218,227,35.14411465378208,34.84841487431597,6.559265477474685,162.44691902231747,7.559265477474685,492.2566250914649,83.62394540379913,6409,0.0973551840317043,6409,0,0,1.0,0.0,0.0,True,2292.0,27.010484244701136,0.7718104896854155,2292,0,0.0,,0.2696862318229452,,,intact
218,228,35.14411465378208,35.46398635447274,1.0,24.7660229,2.0,496.0353472282031,76.52387227022066,3237,0.0491712795616518,3232,5,0,0.998455359901143,0.0015446400988569,0.0,True,2662.0,29.10912085620675,0.8245263770173791,2663,0,0.0,,0.3090169943749474,0.4305008740430604,,intact
218,241,35.14411465378208,34.52873091745373,1.0,24.7660229,2.0,514.370096674617,38.59367574464388,2802,0.0425634616409479,2802,0,0,1.0,0.0,0.0,True,2288.0,26.986904594423443,0.7746749647775227,2288,0,0.0,,0.3090169943749474,,,intact
218,250,35.14411465378208,35.2392127864019,1.0,24.7660229,2.0,517.957594794092,29.625671360098263,3414,0.0518599778880072,3414,0,0,1.0,0.0,0.0,True,2569.0,28.59612032437544,0.8125822226486281,2569,0,0.0,,0.3139560124668341,,,intact
219,220,34.50207847156246,34.86531279291435,1.0,24.7660229,2.0,487.43064890255,85.75642730480511,2522,0.0383101535540581,2520,2,0,0.999206978588422,0.0007930214115781,0.0,True,2666.0,29.130982760044088,0.8399042324938093,2666,0,0.0,,0.3090169943749474,0.4055099179244017,,intact
219,226,34.50207847156246,34.978589983412775,1.414213562373095,35.02444547122265,2.414213562373095,492.8474889480223,85.62359779985387,2820,0.0428368885893908,2507,313,0,0.8890070921985815,0.1109929078014184,0.0,True,2100.0,25.854414729132053,0.7442189404348115,2210,978,0.3067754077791719,,0.2817290466902531,0.4211646096066227,,intact
219,232,34.50207847156246,34.57672171000286,1.0,24.7660229,2.0,501.9592093622594,69.72672144049135,3028,0.045996488882509,3028,0,0,1.0,0.0,0.0,True,3407.0,32.9314710000658,0.9534465252294304,3407,0,0.0,,0.3133921657949117,,,intact
219,249,34.50207847156246,34.8545078731717,1.0,24.7660229,2.0,520.1852905956478,26.243361677260214,3105,0.0471661486064038,2950,155,0,0.9500805152979066,0.0499194847020934,0.0,True,3278.0,32.30200933240014,0.9314763322359692,3311,172,0.0493827160493827,,0.3090169943749474,0.4026997478492771,,intact
220,232,34.86531279291435,34.57672171000286,1.0,24.7660229,2.0,499.2954605154749,64.70693474663233,2820,0.0428368885893908,2820,0,0,1.0,0.0,0.0,True,2259.0,26.81533204883324,0.7723083645455908,2259,0,0.0,,0.3139560124668341,,,intact
220,234,34.86531279291435,35.189350358979944,4.977725364273731,123.27846036151404,5.977725364273731,507.2608339478937,53.84039565467837,4887,0.0742354165022529,4631,256,0,0.9476161244117044,0.0523838755882954,0.0,True,2215.0,26.55289810730829,0.7580622591742574,2215,0,0.0,,0.2661832955178855,0.4023643530160325,,intact
220,246,34.86531279291435,37.33732606451392,1.0,24.7660229,2.0,519.1126445002285,8.545605191819469,3222,0.0489434237712827,3219,3,0,0.9990689013035382,0.0009310986964618,0.0,True,3492.0,33.33973788969849,0.9235046922739576,3492,0,0.0,,0.3090169943749474,0.4270509831248423,,intact
221,226,34.81522632495782,34.978589983412775,2.6502815398728847,65.63693330793913,3.6502815398728847,495.603789069197,89.99497190229786,4291,0.0651819464315873,1435,1167,1689,0.3344208809135399,0.2719645770216732,0.3936145420647867,True,33.0,3.2410224072142872,0.0928741994246152,813,1245,0.6049562682215743,0.3797958971132713,0.1809073112342927,0.3090169943749474,0.1988885858789785,cohesive
221,243,34.81522632495782,34.220420413308936,1.0,24.7660229,2.0,520.8228872919715,43.171423111182506,2739,0.0416064673213977,2738,1,0,0.9996349032493612,0.0003650967506389,0.0,True,2989.0,30.845230584376417,0.8936030019772023,2999,0,0.0,,0.3090169943749474,0.3597752501562546,,intact
222,232,35.80595629240921,34.57672171000286,1.0,24.7660229,2.0,506.74696464513625,78.05269321153605,3071,0.0466496754815671,3071,0,0,1.0,0.0,0.0,True,2786.0,29.77937781264143,0.8462132632015188,2786,0,0.0,,0.3090169943749474,,,intact
222,248,35.80595629240921,35.31345574957054,1.0,24.7660229,2.0,525.3328372018402,42.73629967078771,2937,0.0446141637542698,2927,10,0,0.996595165134491,0.003404834865509,0.0,True,2567.0,28.58498693079622,0.8038589214973633,2567,0,0.0,,0.3090169943749474,0.4068781988545112,,intact
222,254,35.80595629240921,35.587192303360055,1.0,24.7660229,2.0,533.3539147796241,19.778227722843663,3052,0.0463610581470996,3052,0,0,1.0,0.0,0.0,True,2789.0,29.79540690386007,0.8346853301725855,2789,0,0.0,,0.3090169943749474,,,intact
223,230,33.94668971415141,35.85962815218211,1.0,24.7660229,2.0,502.7025270973186,79.76395373618335,2847,0.0432470290120552,2847,0,0,1.0,0.0,0.0,True,2673.0,29.169201664928583,0.83571809992277,2673,0,0.0,,0.3090169943749474,,,intact
223,244,33.94668971415141,37.48787294501534,1.0,24.7660229,2.0,523.325252036738,38.14113786556157,3040,0.0461787735148043,3040,0,0,1.0,0.0,0.0,True,2882.0,30.28810149186781,0.8479957142421485,2882,0,0.0,,0.3090169943749474,,,intact
223,251,33.94668971415141,35.599440942140745,1.0,24.7660229,2.0,528.4836227302364,21.12916463562267,3065,0.0465585331654195,3062,3,0,0.999021207177814,0.0009787928221859,0.0,True,3419.0,32.98941498211783,0.948705978917984,3419,0,0.0,,0.3145198591387564,0.4449944320643648,,intact
224,233,34.84559696084562,35.426172363182474,2.863703305156273,70.92254163430594,3.863703305156273,509.3928012004123,73.30931977388605,3534,0.05368282421096,3534,0,0,1.0,0.0,0.0,True,1766.0,23.70939178892142,0.6747913711862223,1766,0,0.0,,0.2817290466902531,,,intact
224,236,34.84559696084562,34.90598398229622,1.0,24.7660229,2.0,519.4649855949215,52.09332301293655,2923,0.0444014983499253,2923,0,0,1.0,0.0,0.0,True,2347.0,27.33264171047791,0.7837138984063508,2347,0,0.0,,0.3090169943749474,,,intact
224,238,34.84559696084562,34.26087357037213,5.422466567392307,134.29293118252227,6.422466567392307,515.3919391383666,62.850789043064935,5256,0.0798406689453328,5256,0,0,1.0,0.0,0.0,True,2361.0,27.414040951306863,0.7933856479885775,2361,0,0.0,,0.2766967754673748,,,intact
224,245,34.84559696084562,34.96850576023762,11.96148139681572,296.23832219146215,12.96148139681572,524.9855347787852,48.92515472662458,8911,0.1353615298652703,8888,23,0,0.9974189204354168,0.002581079564583,0.0,True,817.0,16.126350393444792,0.4619797366120063,817,0,0.0,,0.2651084750319273,0.2040164041574912,,intact
224,253,34.84559696084562,35.077173812774454,1.0,24.7660229,2.0,532.3348740599829,10.53757852491692,2857,0.0433989328723013,2857,0,0,1.0,0.0,0.0,True,2425.0,27.783114908082077,0.7946800334337973,2425,0,0.0,,0.3090169943749474,,,intact
225,228,35.131288498087294,35.46398635447274,1.0,24.7660229,2.0,500.28540517288377,83.58945633184925,3277,0.0497788950026361,3277,0,0,1.0,0.0,0.0,True,2408.0,27.685559519911603,0.7843459658662304,2408,0,0.0,,0.3090169943749474,,,intact
225,231,35.131288498087294,35.19943691282184,1.0,24.7660229,2.0,505.5672189765895,74.87439148424245,2877,0.0437027405927934,2877,0,0,1.0,0.0,0.0,True,2191.0,26.4086531392399,0.7509848074208432,2191,0,0.0,,0.3090169943749474,,,intact
225,234,35.131288498087294,35.189350358979944,1.0,24.7660229,2.0,513.088618179989,61.743280845385016,3071,0.0466496754815671,3071,0,0,1.0,0.0,0.0,True,2272.0,26.89237924411993,0.7648502539569075,2272,0,0.0,,0.3133921657949117,,,intact
225,247,35.131288498087294,35.65317247998332,1.0,24.7660229,2.0,520.7260284529216,47.824448206737536,2814,0.0427457462732432,2814,0,0,1.0,0.0,0.0,True,2555.0,28.518095294033667,0.8057727614219939,2555,0,0.0,,0.3090169943749474,,,intact
225,252,35.131288498087294,35.10735138157239,1.0,24.7660229,2.0,530.5228997864274,11.202673722907818,2808,0.0426546039570956,2803,5,0,0.9982193732193732,0.0017806267806267,0.0,True,1878.0,24.449661884229787,0.6961883637302644,1878,0,0.0,,0.3090169943749474,0.4457990551962238,,intact
226,235,34.978589983412775,34.55674174420598,1.0,24.7660229,2.0,513.8142929774897,60.14904978671618,2630,0.0399507152447156,2300,330,0,0.8745247148288974,0.1254752851711026,0.0,True,1847.0,24.247027854594084,0.697401659046473,1878,146,0.0721343873517786,,0.2817290466902531,0.407669683062202,,intact
226,249,34.978589983412775,34.8545078731717,1.0,24.7660229,2.0,522.9383817943357,38.99828017288223,2881,0.0437635021368919,2702,164,15,0.9378687955570982,0.0569246789309267,0.005206525511975,True,2112.0,25.928179257714294,0.7425756569173757,2123,70,0.0319197446420428,0.4,0.2898979485566356,0.392905387390447,0.1101020514433643,intact
227,250,34.84841487431597,35.2392127864019,1.0,24.7660229,2.0,522.2918672549622,40.353018176420285,3195,0.0485332833486184,3195,0,0,1.0,0.0,0.0,True,3105.0,31.43806922507599,0.8971075287998693,3105,0,0.0,,0.3090169943749474,,,intact
227,256,34.84841487431597,34.920346625150245,4.242640687119285,105.07333641366796,5.242640687119285,531.5343525217315,18.62367998560116,4828,0.0733391837268011,4828,0,0,1.0,0.0,0.0,True,2800.0,29.854106607209232,0.855801535403137,2800,0,0.0,,0.2817290466902531,,,intact
228,231,35.46398635447274,35.19943691282184,8.018397960625059,198.5838275141535,9.01839796062506,509.4301556295171,82.2472583533113,7709,0.117102685863693,7650,59,0,0.9923466078609418,0.0076533921390582,0.0,True,1634.0,22.80610343799032,0.6454853836254988,1634,0,0.0,,0.2692044884511427,0.4096424282282281,,intact
228,241,35.46398635447274,34.52873091745373,6.330293345472711,156.77618995769478,7.330293345472711,522.4830912722254,61.04909559129587,6056,0.0919929777650181,6056,0,0,1.0,0.0,0.0,True,1794.0,23.89660929533143,0.6828313066484183,1794,0,0.0,,0.2720154170542724,,,intact
228,255,35.46398635447274,35.24414642875086,1.0,24.7660229,2.0,538.4573554651173,6.902033988577096,3029,0.0460116792685336,3029,0,0,1.0,0.0,0.0,True,3238.0,32.10432076003344,0.908080004274999,3238,0,0.0,,0.3090169943749474,,,intact
229,230,35.69825207828566,35.85962815218211,1.0,24.7660229,2.0,508.6867653139568,89.55707147869607,3024,0.0459357273384106,3024,0,0,1.0,0.0,0.0,True,2385.0,27.553023038286398,0.7700905322948602,2385,0,0.0,,0.3090169943749474,,,intact
229,237,35.69825207828566,34.86577103538343,1.0,24.7660229,2.0,521.6055161917718,68.26492140603744,2893,0.0439457867691871,2893,0,0,1.0,0.0,0.0,True,2188.0,26.390567083147985,0.7479892987574235,2188,0,0.0,,0.3090169943749474,,,intact
229,240,35.69825207828566,33.9635997698927,1.0,24.7660229,2.0,522.3399675961667,66.69206440988552,2852,0.0433229809421783,2852,0,0,1.0,0.0,0.0,True,2134.0,26.06287200437069,0.7482681356554325,2134,0,0.0,,0.3090169943749474,,,intact
229,242,35.69825207828566,35.36074170806466,4.155870949147037,102.92439509602023,5.155870949147037,525.2604898052219,64.57357268049914,4394,0.0667465561921218,4394,0,0,1.0,0.0,0.0,True,1855.0,24.2994822757797,0.6839241869604793,1855,0,0.0,,0.2785504044725916,,,intact
229,257,35.69825207828566,33.57230287077149,1.0,24.7660229,2.0,540.9732721111501,18.822107432496907,2743,0.0416672288654961,2743,0,0,1.0,0.0,0.0,True,2287.0,26.9810064619971,0.7790036179683975,2287,0,0.0,,0.3090169943749474,,,intact
230,258,35.85962815218211,38.08866752882755,1.0,24.7660229,2.0,542.244581260179,15.671240888140275,3637,0.0552474339714945,3637,0,0,1.0,0.0,0.0,True,2812.0,29.918011296689148,0.8091602658632271,2814,0,0.0,,0.3090169943749474,,,intact
231,233,35.19943691282184,35.426172363182474,1.0,24.7660229,2.0,517.586652958349,85.16192839619347,2918,0.0443255464198023,2918,0,0,1.0,0.0,0.0,True,1850.0,24.266711549775604,0.6871929827873482,1850,0,0.0,,0.3090169943749474,,,intact
231,240,35.19943691282184,33.9635997698927,1.0,24.7660229,2.0,525.4911548484757,71.41209526531878,2705,0.0410899941965611,2705,0,0,1.0,0.0,0.0,True,2518.0,28.3108511601256,0.8186699866867223,2518,0,0.0,,0.3133921657949117,,,intact
231,245,35.19943691282184,34.96850576023762,1.0,24.7660229,2.0,533.179386536722,58.409038764171406,2854,0.0433533617142275,2854,0,0,1.0,0.0,0.0,True,1915.0,24.68933842860029,0.7037213145506576,1915,0,0.0,,0.3090169943749474,,,intact
229,258,35.69825207828566,38.08866752882755,14.138067283232695,350.14369809828173,15.138067283232695,541.9674108748269,38.341647785942456,12416,0.1886038328815167,12404,12,0,0.9990335051546392,0.0009664948453608,0.0,True,1305.0,20.38122669197924,0.5524346808486214,1305,0,0.0,,0.2602052260995759,0.2028819431458958,,intact
230,233,35.85962815218211,35.426172363182474,1.7320508075688772,42.89600996421431,2.732050807568877,514.712636091392,81.10907059523652,3513,0.0533638261044433,3474,39,0,0.9888983774551664,0.0111016225448334,0.0,True,2777.0,29.73123868816075,0.8341419602001279,2777,0,0.0,,0.2989350844248255,0.4142135623730951,,intact
230,240,35.85962815218211,33.9635997698927,1.0,24.7660229,2.0,522.6171379815188,67.06173918292532,3008,0.0456926811620169,3008,0,0,1.0,0.0,0.0,True,1971.0,25.04773015002061,0.7174612487974564,1971,0,0.0,,0.3090169943749474,,,intact
230,244,35.85962815218211,37.48787294501534,1.0,24.7660229,2.0,529.5866606387282,54.68615554204816,3314,0.0503409392855466,3314,0,0,1.0,0.0,0.0,True,2042.0,25.49487767351121,0.6951805389995857,2042,0,0.0,,0.3090169943749474,,,intact
231,252,35.19943691282184,35.10735138157239,4.0197648378370845,99.553588026488,5.0197648378370845,539.6676502430607,47.47059870508521,4877,0.0740835126420068,4872,5,0,0.9989747795776092,0.0010252204223908,0.0,True,2262.0,26.83313180655092,0.7633155334643669,2262,0,0.0,,0.2779262976266636,0.4058688457449497,,intact
231,260,35.19943691282184,34.609306083954124,1.0,24.7660229,2.0,547.9068407636494,13.377058589301123,2845,0.043216648240006,2845,0,0,1.0,0.0,0.0,True,1799.0,23.92988686234516,0.6855842358728715,1799,0,0.0,,0.3090169943749474,,,intact
232,246,34.57672171000286,37.33732606451392,6.6212327846342935,163.98160277048368,7.621232784634293,533.6412049599378,59.47080022520749,6623,0.1006059266409701,6348,275,0,0.9584780311037294,0.0415219688962705,0.0,True,1990.0,25.16816786152189,0.6999513625052934,1990,0,0.0,,0.2612038749637414,0.3987945679840713,,intact
232,254,34.57672171000286,35.587192303360055,1.0,24.7660229,2.0,540.4309711096722,38.73407994997734,2842,0.0431710770819322,2842,0,0,1.0,0.0,0.0,True,2281.0,26.945590555510684,0.7680754682636097,2281,0,0.0,,0.3090169943749474,,,intact
232,259,34.57672171000286,35.35195685728501,1.0,24.7660229,2.0,546.150794279408,21.72071622621824,2923,0.0444014983499253,2923,0,0,1.0,0.0,0.0,True,2680.0,29.20737055903114,0.8353474184679971,2680,0,0.0,,0.3090169943749474,,,intact
233,236,35.426172363182474,34.90598398229622,1.8284271247461903,45.2828680424453,2.8284271247461903,530.5335208779843,73.05593385053372,3725,0.0565841879416599,3725,0,0,1.0,0.0,0.0,True,2060.0,25.60699837034026,0.728173276660425,2060,0,0.0,,0.2898979485566356,,,intact
233,245,35.426172363182474,34.96850576023762,1.0,24.7660229,2.0,536.054070061848,63.3896042666542,2952,0.0448420195446389,2952,0,0,1.0,0.0,0.0,True,1784.0,23.829914749152643,0.6770373949966113,1784,0,0.0,,0.3090169943749474,,,intact
233,261,35.426172363182474,35.53767216084625,1.0,24.7660229,2.0,553.6960377383839,12.58868920662544,3022,0.0459053465663614,3022,0,0,1.0,0.0,0.0,True,2167.0,26.26361596125473,0.7401971000137044,2168,0,0.0,,0.3090169943749474,,,intact
234,239,35.189350358979944,35.504623991806454,9.510746888517914,235.5433752371384,10.510746888517914,536.6723459149437,80.17095175538552,7345,0.1115733853507362,7345,0,0,1.0,0.0,0.0,True,2154.0,26.184718727530477,0.7407906817517665,2154,0,0.0,,0.2653311931459037,,,intact
234,240,35.189350358979944,33.9635997698927,9.055385138137416,224.2658756994309,10.055385138137416,533.0125540518753,85.11435434994317,7772,0.1180596801832432,7726,46,0,0.99408131755018,0.0059186824498198,0.0,True,2267.0,26.862771859557856,0.776908918838508,2267,0,0.0,,0.2692803301885514,0.3365182053261657,,intact
234,246,35.189350358979944,37.33732606451392,1.0,24.7660229,2.0,541.6065783923566,68.33691270864985,4070,0.0618248711201492,4037,33,0,0.991891891891892,0.0081081081081081,0.0,True,2944.0,30.612159429303247,0.8441627533172587,2946,0,0.0,,0.3090169943749474,0.4641016151377546,,intact
234,252,35.189350358979944,35.10735138157239,1.0,24.7660229,2.0,547.1890494464603,60.21677873986956,3082,0.0468167697278378,3082,0,0,1.0,0.0,0.0,True,2255.0,26.79158064288944,0.7622428927539304,2255,0,0.0,,0.3090169943749474,,,intact
234,262,35.189350358979944,36.47550405310189,1.0,24.7660229,2.0,558.9739777639397,38.21824092780308,3188,0.0484269506464461,3188,0,0,1.0,0.0,0.0,True,2292.0,27.010484244701136,0.7538000172131094,2292,0,0.0,,0.3090169943749474,,,intact
234,265,35.189350358979944,35.2994112874183,4.449489742783178,110.1961648630833,5.449489742783178,561.0525818922541,36.26371378266772,4694,0.0713036719995038,4510,184,0,0.9608010225820196,0.0391989774179804,0.0,True,1727.0,23.446133443265364,0.6652445835516643,1727,0,0.0,,0.2779262976266636,0.3119130633554921,,intact
235,237,34.55674174420598,34.86577103538343,1.0,24.7660229,2.0,533.414721631604,87.72695636559835,2818,0.0428065078173416,2818,0,0,1.0,0.0,0.0,True,3394.0,32.86858308031829,0.946914243357144,3432,11,0.0031948881789137,,0.3090169943749474,,,intact
235,239,34.55674174420598,35.504623991806454,2.0,49.5320458,3.0,537.8089648990673,80.79160630337631,3598,0.0546550089165349,3552,46,0,0.9872151195108394,0.0127848804891606,0.0,True,2875.0,30.25129621649952,0.8635657012592312,2875,0,0.0,,0.2898979485566356,0.387425886722793,,intact
235,263,34.55674174420598,35.362014512756176,1.0,24.7660229,2.0,561.0977281032169,34.306704291787014,2859,0.0434293136443505,2854,5,0,0.9982511367611052,0.0017488632388947,0.0,True,2383.0,27.541467985130588,0.7878134411862667,2395,0,0.0,,0.3090169943749474,0.4211646096066227,,intact
236,251,34.90598398229622,35.599440942140745,1.0,24.7660229,2.0,550.5659161188191,72.72101035879837,3662,0.0556271936221097,3662,0,0,1.0,0.0,0.0,True,3816.0,34.8521236896311,0.9886366539023996,3816,0,0.0,,0.3145198591387564,,,intact
236,253,34.90598398229622,35.077173812774454,1.0,24.7660229,2.0,553.475593737555,68.24281304668152,3015,0.0457990138641892,3015,0,0,1.0,0.0,0.0,True,3924.0,35.34187308823903,1.010010814079852,3924,0,0.0,,0.3090169943749474,,,intact
236,261,34.90598398229622,35.53767216084625,1.0,24.7660229,2.0,563.768222132893,47.96243432788562,2928,0.0444774502800484,2928,0,0,1.0,0.0,0.0,True,1957.0,24.95861469035648,0.7086121322164265,1958,0,0.0,,0.3090169943749474,,,intact
237,242,34.86577103538343,35.36074170806466,2.6502815398728847,65.63693330793913,3.6502815398728847,538.4564110683889,84.03149238098946,4510,0.0685086409709762,4489,21,0,0.9953436807095344,0.0046563192904656,0.0,True,3325.0,32.53275843762874,0.9265092958973372,3325,0,0.0,,0.2817290466902531,0.3987945679840713,,intact
237,257,34.86577103538343,33.57230287077149,1.0,24.7660229,2.0,554.169193374317,55.216293179049366,2564,0.0389481497670915,2564,0,0,1.0,0.0,0.0,True,2078.0,25.71863028020577,0.7515883721529686,2078,0,0.0,,0.3145198591387564,,,intact
237,266,34.86577103538343,33.964289618649424,1.0,24.7660229,2.0,564.9988066885705,26.610321864682064,2972,0.0451458272651311,2972,0,0,1.0,0.0,0.0,True,3304.0,32.429860683500394,0.9423167835491448,3304,0,0.0,,0.3203772410170407,,,intact
238,241,34.26087357037213,34.52873091745373,3.685557720282968,91.27660689979976,4.685557720282968,536.6387265390115,83.54704339113405,4025,0.0611413037490419,4025,0,0,1.0,0.0,0.0,True,2127.0,26.02009085135797,0.7565122970277556,2127,0,0.0,,0.2801868778094689,,,intact
238,245,34.26087357037213,34.96850576023762,1.0,24.7660229,2.0,542.0532079998025,73.92387773225317,2699,0.0409988518804134,2697,2,0,0.9992589848091886,0.0007410151908114,0.0,True,2340.0,27.29185104880338,0.7884470816492297,2340,0,0.0,,0.3090169943749474,0.3694516352906494,,intact
238,253,34.26087357037213,35.077173812774454,1.0,24.7660229,2.0,549.4025472810001,59.73750550474804,2918,0.0443255464198023,2918,0,0,1.0,0.0,0.0,True,3217.0,32.00004537267493,0.9230154750637792,3217,0,0.0,,0.3090169943749474,,,intact
238,264,34.26087357037213,36.69547876931459,1.0,24.7660229,2.0,563.2825627395362,27.65715594110507,3212,0.0487915199110367,3212,0,0,1.0,0.0,0.0,True,3201.0,31.920368821088424,0.8997184260058134,3201,0,0.0,,0.3133921657949117,,,intact
239,246,35.504623991806454,37.33732606451392,1.0,24.7660229,2.0,548.5241564672783,82.61963216547322,2899,0.0440369290853348,2899,0,0,1.0,0.0,0.0,True,2287.0,26.9810064619971,0.7408095593579185,2287,0,0.0,,0.3090169943749474,,,intact
239,249,35.504623991806454,34.8545078731717,3.47213595499958,85.99099857343296,4.47213595499958,546.9330537159133,84.9643650713149,3857,0.058589318896908,3854,3,0,0.9992221934145707,0.000777806585429,0.0,True,2400.0,27.63953195770684,0.7856700679806042,2400,0,0.0,,0.2817290466902531,0.2553967929896867,,intact
239,257,35.504623991806454,33.57230287077149,1.0,24.7660229,2.0,558.5634366417803,64.19266434030335,2834,0.0430495539937353,2834,0,0,1.0,0.0,0.0,True,2811.0,29.912691120369555,0.8660689604758487,2813,0,0.0,,0.3164309725825327,,,intact
239,262,35.504623991806454,36.47550405310189,2.863703305156273,70.92254163430594,3.863703305156273,565.8915558388614,52.44059731764463,4773,0.0725037124954477,4711,62,0,0.9870102660800336,0.0129897339199664,0.0,True,2223.0,26.60080594618454,0.7391152716368694,2223,0,0.0,,0.2791745113185196,0.4036185072337704,,intact
239,263,35.504623991806454,35.362014512756176,7.0990195135927845,175.81447984118574,8.099019513592784,566.8786871940149,53.2341378965124,6677,0.1014262074862989,6624,53,0,0.992062303429684,0.007937696570316,0.0,True,1800.0,23.93653682408596,0.6755375259557387,1800,0,0.0,,0.2692044884511427,0.3333333333333333,,intact
239,269,35.504623991806454,34.76953786178861,1.0,24.7660229,2.0,576.692110856181,18.306885226909728,2903,0.0440976906294332,2903,0,0,1.0,0.0,0.0,True,1957.0,24.95861469035648,0.7103212342070687,1957,0,0.0,,0.3133921657949117,,,intact
240,258,33.9635997698927,38.08866752882755,1.0,24.7660229,2.0,555.8977835423889,54.60700980129077,3457,0.0525131644870653,3457,0,0,1.0,0.0,0.0,True,2665.0,29.125518822500005,0.8084553037519006,2665,0,0.0,,0.3090169943749474,,,intact
240,260,33.9635997698927,34.609306083954124,1.8284271247461903,45.2828680424453,2.8284271247461903,558.6860261789022,51.04586896106694,3137,0.0476522409591912,3135,2,0,0.9993624481989162,0.0006375518010838,0.0,True,2382.0,27.535688640195463,0.8031069501089475,2382,0,0.0,,0.2898979485566356,0.3570698546165476,,intact
240,262,33.9635997698927,36.47550405310189,1.0,24.7660229,2.0,562.2317639757932,39.64357838828875,3280,0.0498244661607099,3279,1,0,0.9996951219512196,0.0003048780487804,0.0,True,2719.0,29.419119302482983,0.8353064620586276,2719,0,0.0,,0.3090169943749474,0.4641016151377545,,intact
241,250,34.52873091745373,35.2392127864019,6.082762530298219,150.64583612062765,7.082762530298219,544.4053388381142,84.59056959372396,6014,0.0913549815519847,5947,67,0,0.9888593282341204,0.0111406717658796,0.0,True,2109.0,25.909757813642617,0.7427410480555916,2109,0,0.0,,0.2708131845707603,0.3987945679840713,,intact
241,255,34.52873091745373,35.24414642875086,1.0,24.7660229,2.0,556.7921049115312,63.14085295568093,2890,0.0439002156111133,2890,0,0,1.0,0.0,0.0,True,1881.0,24.469182575470523,0.7013952557541062,1881,0,0.0,,0.3090169943749474,,,intact
241,264,34.52873091745373,36.69547876931459,1.0,24.7660229,2.0,567.4616769191639,37.98528902153033,3271,0.0496877526864885,3271,0,0,1.0,0.0,0.0,True,2433.0,27.82890499256417,0.7814451045494459,2433,0,0.0,,0.3090169943749474,,,intact
241,267,34.52873091745373,35.253881514368814,1.0,24.7660229,2.0,571.5151885102042,28.09998535416592,3035,0.0461028215846813,3035,0,0,1.0,0.0,0.0,True,2219.0,26.57686282166937,0.7617044388424095,2219,0,0.0,,0.3090169943749474,,,intact
242,244,35.36074170806466,37.48787294501534,1.0,24.7660229,2.0,546.1603851299933,82.89095505056719,4029,0.0612020652931403,4029,0,0,1.0,0.0,0.0,True,3956.0,35.485685983831225,0.9742309075559312,3957,0,0.0,,0.3090169943749474,,,intact
242,258,35.36074170806466,38.08866752882755,1.0,24.7660229,2.0,558.8183057514441,65.2892224095528,2656,0.0403456652813553,2656,0,0,1.0,0.0,0.0,True,2057.0,25.58834570424703,0.6967611031892276,2057,0,0.0,,0.3008613653919205,,,intact
242,266,35.36074170806466,33.964289618649424,1.0,24.7660229,2.0,568.6537803020207,37.2334047252835,3036,0.0461180119707059,3036,0,0,1.0,0.0,0.0,True,3678.0,34.21613305714107,0.9871220366533334,3678,0,0.0,,0.3164309725825327,,,intact
242,268,35.36074170806466,34.97052307016702,1.0,24.7660229,2.0,574.9121461957043,21.066912940821204,3084,0.046847150499887,3084,0,0,1.0,0.0,0.0,True,3101.0,31.41781273507013,0.8934237947842024,3101,0,0.0,,0.3203772410170408,,,intact
244,251,37.48787294501534,35.599440942140745,1.0,24.7660229,2.0,555.367756271646,81.07735772129564,3918,0.059515932444409,3918,0,0,1.0,0.0,0.0,True,3581.0,33.761926817410085,0.9238792622625908,3581,0,0.0,,0.3090169943749474,,,intact
244,258,37.48787294501534,38.08866752882755,1.0,24.7660229,2.0,562.8673061995983,69.41326670952346,3678,0.0558702397985034,3678,0,0,1.0,0.0,0.0,True,2656.0,29.076297180076903,0.7694529809852896,2656,0,0.0,,0.3090169943749474,,,intact
244,268,37.48787294501534,34.97052307016702,1.0,24.7660229,2.0,578.9611466438585,35.55467732326176,3263,0.0495662295982916,3263,0,0,1.0,0.0,0.0,True,3553.0,33.62967477706272,0.928247839491678,3553,0,0.0,,0.3090169943749474,,,intact
244,276,37.48787294501534,35.68263404805846,1.0,24.7660229,2.0,586.9307335963924,18.752499025487527,3207,0.0487155679809136,3207,0,0,1.0,0.0,0.0,True,2775.0,29.72053051612671,0.8123636622865005,2775,0,0.0,,0.3090169943749474,,,intact
245,253,34.96850576023762,35.077173812774454,1.0,24.7660229,2.0,558.9961429214187,77.4202571830945,3321,0.0504472719877188,3321,0,0,1.0,0.0,0.0,True,2220.0,26.582850624566497,0.7590147111602472,2220,0,0.0,,0.3090169943749474,,,intact
245,255,34.96850576023762,35.24414642875086,1.0,24.7660229,2.0,562.2065863723221,72.3886485199866,3159,0.0479864294517325,3159,0,0,1.0,0.0,0.0,True,2750.0,29.586351363515988,0.8427641013724888,2750,0,0.0,,0.3090169943749474,,,intact
245,260,34.96850576023762,34.609306083954124,1.0,24.7660229,2.0,566.3742578671485,64.78260537174275,2965,0.0450394945629588,2965,0,0,1.0,0.0,0.0,True,1798.0,23.92323505210898,0.6876685086240192,1798,0,0.0,,0.3090169943749474,,,intact
245,261,34.96850576023762,35.53767216084625,4.155870949147037,102.92439509602023,5.155870949147037,569.2887713167568,62.35475956054839,4803,0.0729594240761859,4803,0,0,1.0,0.0,0.0,True,1499.0,21.84368374129012,0.6196246736204963,1499,0,0.0,,0.2771863727725964,,,intact
245,274,34.96850576023762,35.418498375044514,1.0,24.7660229,2.0,586.118390375512,8.126082567621642,2883,0.0437938829089411,2879,4,0,0.9986125563648977,0.0013874436351023,0.0,True,2162.0,26.233298952464125,0.7454017762155172,2162,0,0.0,,0.3090169943749474,0.3090169943749474,,intact
246,249,37.33732606451392,34.8545078731717,1.0,24.7660229,2.0,551.8672861933262,87.54976442849829,2802,0.0425634616409479,2802,0,0,1.0,0.0,0.0,True,2378.0,27.51255912024641,0.762206959418558,2378,0,0.0,,0.3090169943749474,,,intact
246,254,37.33732606451392,35.587192303360055,8.061187436893428,199.6435526632949,9.061187436893428,560.2481550944258,80.75908952095384,7388,0.1122265719497943,7388,0,0,1.0,0.0,0.0,True,2417.0,27.73724923106511,0.7607112080231282,2417,0,0.0,,0.2683126624226892,,,intact
246,259,37.33732606451392,35.35195685728501,1.0,24.7660229,2.0,565.9679782641616,67.58677292610554,3689,0.0560373340447741,3672,17,0,0.9953917050691244,0.0046082949308755,0.0,True,2077.0,25.71244122217362,0.7074616831709771,2077,0,0.0,,0.3090169943749474,0.4014916240907943,,intact
246,265,37.33732606451392,35.2994112874183,1.0,24.7660229,2.0,572.9043924445889,58.10980966977893,3103,0.0471357678343545,3094,9,0,0.9970995810505962,0.0029004189494038,0.0,True,2847.0,30.103625129961543,0.8288815337094915,2847,0,0.0,,0.3090169943749474,0.4211646096066227,,intact
246,269,37.33732606451392,34.76953786178861,1.0,24.7660229,2.0,581.626343333594,44.61640146992493,2742,0.0416520384794715,2742,0,0,1.0,0.0,0.0,True,1993.0,25.18713169783917,0.6986056618294176,1993,0,0.0,,0.304845440523399,,,intact
246,275,37.33732606451392,36.56154965870476,1.0,24.7660229,2.0,590.5726277302919,6.641846049615959,3224,0.048973804543332,3220,4,0,0.9987593052109182,0.0012406947890818,0.0,True,2007.0,25.275441471334737,0.6840548309828566,2007,0,0.0,,0.3090169943749474,0.4042952481647079,,intact
247,248,35.65317247998332,35.31345574957054,1.0,24.7660229,2.0,548.0126772372396,85.173243995605,2806,0.0426242231850464,2805,1,0,0.9996436208125444,0.0003563791874554,0.0,True,3389.0,32.84436335624222,0.9256284024091276,3389,0,0.0,,0.3090169943749474,0.3816524151396708,,intact
247,252,35.65317247998332,35.10735138157239,1.0,24.7660229,2.0,554.8264597193928,73.73305352542938,3059,0.0464673908492718,3059,0,0,1.0,0.0,0.0,True,2010.0,25.294324881866668,0.7149275754757126,2012,0,0.0,,0.3090169943749474,,,intact
247,256,35.65317247998332,34.920346625150245,1.0,24.7660229,2.0,555.7536979385075,72.43721481959228,3120,0.0473940043967729,3120,0,0,1.0,0.0,0.0,True,2813.0,29.923330527115517,0.8480044896879423,2813,0,0.0,,0.3090169943749474,,,intact
247,265,35.65317247998332,35.2994112874183,1.0,24.7660229,2.0,568.6899921651866,47.269883261111225,2878,0.043717930978818,2878,0,0,1.0,0.0,0.0,True,3425.0,33.01834884090183,0.9307158975110288,3425,0,0.0,,0.3090169943749474,,,intact
247,270,35.65317247998332,34.934110614623705,1.0,24.7660229,2.0,574.8825244233137,31.753173890279516,3184,0.0483661891023477,3184,0,0,1.0,0.0,0.0,True,2780.0,29.747293718772774,0.8428513583361169,2780,0,0.0,,0.3090169943749474,,,intact
249,263,34.8545078731717,35.362014512756176,1.0,24.7660229,2.0,570.2218169200628,54.910317704697874,2894,0.0439609771552117,2893,1,0,0.9996544574982724,0.0003455425017277,0.0,True,2155.0,26.190796183508223,0.746000949450528,2169,0,0.0,,0.3090169943749474,0.3816524151396708,,intact
249,273,34.8545078731717,35.37263885704638,1.0,24.7660229,2.0,584.6626504937432,8.438174125364842,2953,0.0448572099306635,2953,0,0,1.0,0.0,0.0,True,2568.0,28.59055416951505,0.8142308352451633,2568,0,0.0,,0.3090169943749474,,,intact
250,256,35.2392127864019,34.920346625150245,1.0,24.7660229,2.0,557.2353222243586,74.56699633611417,3250,0.0493687545799717,3250,0,0,1.0,0.0,0.0,True,2582.0,28.668381993522893,0.8172338091622191,2582,0,0.0,,0.3090169943749474,,,intact
250,267,35.2392127864019,35.253881514368814,1.0,24.7660229,2.0,575.1026866296792,39.090800584784674,3081,0.0468015793418132,3081,0,0,1.0,0.0,0.0,True,2590.0,28.712760320387485,0.8146261872937408,2590,0,0.0,,0.3090169943749474,,,intact
248,254,35.31345574957054,35.587192303360055,1.0,24.7660229,2.0,559.0168436663762,77.13954966705533,3018,0.045844585022263,3018,0,0,1.0,0.0,0.0,True,3182.0,31.82549383492457,0.897749025119358,3182,0,0.0,,0.3090169943749474,,,intact
248,256,35.31345574957054,34.920346625150245,1.0,24.7660229,2.0,558.7367867898602,77.14662421217915,3328,0.0505536046898911,3328,0,0,1.0,0.0,0.0,True,3003.0,30.91738326912424,0.8804131977411583,3003,0,0.0,,0.3164309725825327,,,intact
248,271,35.31345574957054,34.409309239027955,1.0,24.7660229,2.0,583.3410686713544,20.318951681436804,3229,0.049049756473455,3229,0,0,1.0,0.0,0.0,True,3440.0,33.090572803628525,0.949204260876335,3440,0,0.0,,0.3164309725825327,,,intact
249,259,34.8545078731717,35.35195685728501,1.0,24.7660229,2.0,564.3768755127965,67.00039331376853,2719,0.0413026596009056,2719,0,0,1.0,0.0,0.0,True,2805.0,29.88075017039453,0.8512250341935186,2805,0,0.0,,0.3090169943749474,,,intact
252,255,35.10735138157239,35.24414642875086,1.0,24.7660229,2.0,568.6948500786609,83.55630392214682,2768,0.0420469885161113,2768,0,0,1.0,0.0,0.0,True,2898.0,30.372060354224,0.8634374903036467,2898,0,0.0,,0.3090169943749474,,,intact
252,260,35.10735138157239,34.609306083954124,1.0,24.7660229,2.0,572.8625215734874,76.40924348588034,2759,0.0419102750418898,2757,2,0,0.9992750996737948,0.0007249003262051,0.0,True,2812.0,29.918011296689148,0.8582744034015976,2812,0,0.0,,0.3090169943749474,0.4051119218555497,,intact
252,265,35.10735138157239,35.2994112874183,1.0,24.7660229,2.0,578.4868634986925,65.92990854237443,3103,0.0471357678343545,3103,0,0,1.0,0.0,0.0,True,1846.0,24.24046307097448,0.688583373302881,1846,0,0.0,,0.3090169943749474,,,intact
252,270,35.10735138157239,34.934110614623705,1.0,24.7660229,2.0,584.6793957568198,54.73728574786095,2834,0.0430495539937353,2834,0,0,1.0,0.0,0.0,True,1839.0,24.19445971068565,0.6908610706041411,1839,0,0.0,,0.3090169943749474,,,intact
250,277,35.2392127864019,35.66162185576558,2.0,49.5320458,3.0,582.977128895538,17.8084077218477,3398,0.0516169317116135,3393,5,0,0.9985285462036492,0.0014714537963507,0.0,True,2360.0,27.408234736913396,0.7731427951516003,2360,0,0.0,,0.2857142857142857,0.4541634565979919,,intact
251,261,35.599440942140745,35.53767216084625,1.0,24.7660229,2.0,573.7284329792185,68.32537762872657,2923,0.0444014983499253,2923,0,0,1.0,0.0,0.0,True,1963.0,24.9968459326128,0.7027793184810363,1963,0,0.0,,0.3090169943749474,,,intact
251,276,35.599440942140745,35.68263404805846,3.2426406871192857,80.30731351366796,4.242640687119286,592.0891042898909,34.187125561902384,4086,0.0620679172965429,4086,0,0,1.0,0.0,0.0,True,2788.0,29.790064831759068,0.8358360733986769,2788,0,0.0,,0.2817290466902531,,,intact
251,278,35.599440942140745,34.84526926690846,1.0,24.7660229,2.0,593.3349898126762,19.655459732627868,3235,0.0491408987896026,3235,0,0,1.0,0.0,0.0,True,3007.0,30.93796741472617,0.8783616916846068,3007,0,0.0,,0.3090169943749474,,,intact
252,286,35.10735138157239,34.08711835332573,1.0,24.7660229,2.0,599.8582162633168,9.504675721991635,2586,0.0392823382596329,2586,0,0,1.0,0.0,0.0,True,2428.0,27.80029502818709,0.8035409516019762,2428,0,0.0,,0.3090169943749474,,,intact
253,261,35.077173812774454,35.53767216084625,8.438793109825916,208.99534340631084,9.438793109825916,576.6381105979544,75.22979210528196,7047,0.1070466503154034,7035,12,0,0.998297147722435,0.0017028522775649,0.0,True,1194.0,19.495178996445407,0.5521552508583858,1194,0,0.0,,0.2687959533979826,0.2183705610390935,,intact
253,279,35.077173812774454,34.88284834274284,1.0,24.7660229,2.0,594.9144830879559,34.55623364782935,3073,0.0466800562536163,3068,5,0,0.998372925479987,0.001627074520013,0.0,True,3969.0,35.54394376350864,1.016121569672931,3969,0,0.0,,0.3090169943749474,0.3133921657949117,,intact
253,281,35.077173812774454,35.32940181756288,1.0,24.7660229,2.0,596.7368161799436,26.582798862438494,3077,0.0467408177977148,3077,0,0,1.0,0.0,0.0,True,4636.0,38.41464085928767,1.0912230999837256,4637,0,0.0,,0.3090169943749474,,,intact
254,259,35.587192303360055,35.35195685728501,1.0,24.7660229,2.0,572.757744413896,80.38415783147347,3164,0.0480623813818556,3164,0,0,1.0,0.0,0.0,True,2479.0,28.090749506725825,0.791967477453472,2479,0,0.0,,0.3090169943749474,,,intact
254,271,35.587192303360055,34.409309239027955,1.0,24.7660229,2.0,591.3621462491383,43.85046752755231,2912,0.0442344041036547,2912,0,0,1.0,0.0,0.0,True,2935.0,30.56533192931864,0.8733388456795684,2936,0,0.0,,0.3090169943749474,,,intact
254,282,35.587192303360055,34.34237170134025,1.0,24.7660229,2.0,600.4649201882712,14.080925564697411,2844,0.0432014578539814,2844,0,0,1.0,0.0,0.0,True,2536.0,28.41186145542198,0.812585116461252,2536,0,0.0,,0.3090169943749474,,,intact
255,264,35.24414642875086,36.69547876931459,1.0,24.7660229,2.0,583.4359411120558,72.96991655140927,2968,0.0450850657210326,2968,0,0,1.0,0.0,0.0,True,2379.0,27.5183433227954,0.7650399413961753,2381,0,0.0,,0.3090169943749474,,,intact
256,280,34.920346625150245,35.70025019982808,1.0,24.7660229,2.0,599.5820023178995,20.798355243044057,3134,0.0476066698011174,3134,0,0,1.0,0.0,0.0,True,2745.0,29.55944244356624,0.837133747731544,2745,0,0.0,,0.3090169943749474,,,intact
257,258,33.57230287077149,38.08866752882755,1.0,24.7660229,2.0,574.5310880573722,88.48623829933726,2895,0.0439761675412363,2895,0,0,1.0,0.0,0.0,True,2626.0,28.911619828688853,0.8069000368672267,2626,0,0.0,,0.3090169943749474,,,intact
257,262,33.57230287077149,36.47550405310189,1.0,24.7660229,2.0,580.8650684907765,78.04688318904529,2813,0.0427305558872186,2813,0,0,1.0,0.0,0.0,True,2273.0,26.898296810314147,0.7679982569489064,2273,0,0.0,,0.3090169943749474,,,intact
257,266,33.57230287077149,33.964289618649424,1.0,24.7660229,2.0,584.3665626079488,71.20965711095745,2556,0.0388266266788947,2556,0,0,1.0,0.0,0.0,True,1995.0,25.199766327024985,0.7462551899097466,1995,0,0.0,,0.3090169943749474,,,intact
255,267,35.24414642875086,35.253881514368814,3.898979485566356,96.5622152261666,4.898979485566356,587.4894527030962,66.71646409894524,4542,0.0689947333237636,4541,1,0,0.9997798326728312,0.0002201673271686,0.0,True,2067.0,25.65046850920847,0.7276932208629775,2067,0,0.0,,0.2801868778094689,0.1454826884249362,,intact
255,270,35.24414642875086,34.934110614623705,1.8284271247461903,45.2828680424453,2.8284271247461903,588.750914782582,63.970621021895326,3315,0.0503561296715712,3306,9,0,0.9972850678733032,0.0027149321266968,0.0,True,2519.0,28.316472296120654,0.8069870495250202,2519,0,0.0,,0.2898979485566356,0.4494897427831781,,intact
255,284,35.24414642875086,34.483551150772435,1.0,24.7660229,2.0,606.2740649033972,8.87040245059275,2860,0.0434445040303751,2855,5,0,0.9982517482517482,0.0017482517482517,0.0,True,2648.0,29.03247455203703,0.832738655078234,2648,0,0.0,,0.3090169943749474,0.4026997478492771,,intact
256,277,34.920346625150245,35.66162185576558,1.0,24.7660229,2.0,592.2196141623074,41.0322112878238,3362,0.0510700778147277,3362,0,0,1.0,0.0,0.0,True,2111.0,25.922040230930552,0.7345230173890498,2111,0,0.0,,0.3090169943749474,,,intact
257,272,33.57230287077149,35.17437047506022,1.7320508075688772,42.89600996421431,2.732050807568877,592.3024503561492,58.05862426877052,3031,0.0460420600405829,3028,3,0,0.999010227647641,0.0009897723523589,0.0,True,2302.0,27.069343508757026,0.7875099169550817,2302,0,0.0,,0.2933997741163456,0.2582456997612433,,intact
257,285,33.57230287077149,34.865181864282135,1.0,24.7660229,2.0,606.3939597843197,16.183227771365264,2520,0.0382797727820088,2508,12,0,0.9952380952380953,0.0047619047619047,0.0,True,2182.0,26.354357735544063,0.7701731832363904,2182,0,0.0,,0.3133921657949117,0.4248680190890256,,intact
258,268,38.08866752882755,34.97052307016702,1.8284271247461903,45.2828680424453,2.8284271247461903,591.6190672653092,65.2576117442098,3552,0.0539562511594029,3552,0,0,1.0,0.0,0.0,True,2074.0,25.69386510327284,0.7033711951258993,2074,0,0.0,,0.2933997741163456,,,intact
258,283,38.08866752882755,35.358450428687554,1.0,24.7660229,2.0,603.6345169148908,38.32439249266204,3515,0.0533942068764925,3515,0,0,1.0,0.0,0.0,True,2958.0,30.684860164772672,0.8355633554613289,2958,0,0.0,,0.3090169943749474,,,intact
260,261,34.609306083954124,35.53767216084625,1.0,24.7660229,2.0,584.0162255436842,85.24621737605852,2791,0.0423963673946773,2791,0,0,1.0,0.0,0.0,True,1768.0,23.722813466638858,0.6763744942469365,1768,0,0.0,,0.3090169943749474,,,intact
260,274,34.609306083954124,35.418498375044514,1.0,24.7660229,2.0,600.8458446024395,53.2712091865803,3124,0.0474547659408713,3124,0,0,1.0,0.0,0.0,True,2709.0,29.364970316209902,0.8386660282460555,2709,0,0.0,,0.3090169943749474,,,intact
260,288,34.609306083954124,35.873732162514685,1.0,24.7660229,2.0,609.9727700725728,33.11712198215242,2953,0.0448572099306635,2951,2,0,0.9993227226549272,0.0006772773450728,0.0,True,2995.0,30.87617380959715,0.8761306146204344,2995,0,0.0,,0.3090169943749474,0.4631497057987856,,intact
261,274,35.53767216084625,35.418498375044514,1.0,24.7660229,2.0,603.7603580520478,61.53862378043216,2853,0.0433381713282029,2853,0,0,1.0,0.0,0.0,True,2127.0,26.02009085135797,0.7334130535749979,2127,0,0.0,,0.3090169943749474,,,intact
258,287,38.08866752882755,35.819978550432246,1.0,24.7660229,2.0,609.1600811403118,18.71398331138273,3289,0.0499611796349314,3289,0,0,1.0,0.0,0.0,True,2525.0,28.35017570693472,0.7671680435474877,2525,0,0.0,,0.3090169943749474,,,intact
259,273,35.35195685728501,35.37263885704638,1.0,24.7660229,2.0,598.7633425645786,54.5760563936982,3028,0.045996488882509,3028,0,0,1.0,0.0,0.0,True,3056.0,31.18902069924069,0.8819851250961807,3056,0,0.0,,0.3090169943749474,,,intact
259,275,35.35195685728501,36.56154965870476,1.0,24.7660229,2.0,603.0822170497621,50.69354996402849,2797,0.0424875097108249,2797,0,0,1.0,0.0,0.0,True,1810.0,24.00293511203705,0.6675501244456786,1810,0,0.0,,0.3090169943749474,,,intact
259,282,35.35195685728501,34.34237170134025,4.65685424949238,115.33175898489058,5.65685424949238,606.1847433580072,42.72781279460967,5134,0.0779874418503308,5134,0,0,1.0,0.0,0.0,True,2514.0,28.288355446473904,0.8117835706725661,2514,0,0.0,,0.2801868778094689,,,intact
261,278,35.53767216084625,34.84526926690846,1.0,24.7660229,2.0,606.5372958267501,56.135161564899256,2923,0.0444014983499253,2923,0,0,1.0,0.0,0.0,True,1717.0,23.37815378890233,0.6643130654861614,1717,0,0.0,,0.3090169943749474,,,intact
261,279,35.53767216084625,34.88284834274284,1.0,24.7660229,2.0,605.2071114832939,58.312799598773445,2935,0.0445837829822206,2935,0,0,1.0,0.0,0.0,True,1984.0,25.13019725725687,0.7137180207572045,1984,0,0.0,,0.3090169943749474,,,intact
261,283,35.53767216084625,35.358450428687554,1.0,24.7660229,2.0,609.3372730010126,48.8838053014163,3215,0.0488370910691105,3215,0,0,1.0,0.0,0.0,True,2555.0,28.518095294033667,0.8045036668406944,2555,0,0.0,,0.3090169943749474,,,intact
262,269,36.47550405310189,34.76953786178861,1.0,24.7660229,2.0,598.9937427051772,71.41141488264037,3216,0.0488522814551351,3215,1,0,0.9996890547263682,0.0003109452736318,0.0,True,2300.0,27.05758189903005,0.7595639267460352,2300,0,0.0,,0.3090169943749474,0.3288130902060995,,intact
263,272,35.362014512756176,35.17437047506022,1.0,24.7660229,2.0,600.6177009083838,73.0537432417522,3083,0.0468319601138624,3083,0,0,1.0,0.0,0.0,True,3452.0,33.14823867276277,0.9398904885326458,3452,0,0.0,,0.3090169943749474,,,intact
263,273,35.362014512756176,35.37263885704638,1.0,24.7660229,2.0,604.6082839718448,66.6585740677171,2733,0.0415153250052501,2733,0,0,1.0,0.0,0.0,True,3148.0,31.655007845624887,0.8950353564364472,3148,0,0.0,,0.3090169943749474,,,intact
263,291,35.362014512756176,34.914864101465135,1.0,24.7660229,2.0,624.3056847362329,9.522357870835757,2803,0.0425786520269725,2802,1,0,0.9996432393863718,0.0003567606136282,0.0,True,3571.0,33.7147534999489,0.9594835218855704,3571,0,0.0,,0.3090169943749474,0.439607805437114,,intact
264,267,36.69547876931459,35.253881514368814,3.0,74.2980687,4.0,598.1590247107288,83.73119608695646,3754,0.0570247091363735,3754,0,0,1.0,0.0,0.0,True,2534.0,28.400655830274864,0.7894623584781346,2534,0,0.0,,0.2801868778094689,,,intact
262,285,36.47550405310189,34.865181864282135,3.898979485566356,96.5622152261666,4.898979485566356,613.7220789814008,47.96748917596205,5006,0.0760430724391811,5006,0,0,1.0,0.0,0.0,True,1895.0,24.560073988452952,0.6885292360910212,1895,0,0.0,,0.2801868778094689,,,intact
262,288,36.47550405310189,35.873732162514685,1.0,24.7660229,2.0,613.5185078694636,46.35870439983237,3115,0.0473180524666498,3109,6,0,0.9980738362760836,0.0019261637239165,0.0,True,2739.0,29.52711936944413,0.8162385925249258,2739,0,0.0,,0.3090169943749474,0.454320413341592,,intact
262,289,36.47550405310189,34.958350601563986,1.0,24.7660229,2.0,619.8715080676958,19.28867147004486,3487,0.0529688760678035,3486,1,0,0.9997132205334098,0.0002867794665901,0.0,True,2462.0,27.994266194785187,0.7837814809271719,2462,0,0.0,,0.3090169943749474,0.2817290466902531,,intact
263,269,35.362014512756176,34.76953786178861,1.0,24.7660229,2.0,599.9808740603305,73.36858940390917,2925,0.0444318791219746,2925,0,0,1.0,0.0,0.0,True,2561.0,28.55156070194216,0.8142286812491932,2561,0,0.0,,0.3090169943749474,,,intact
265,286,35.2994112874183,34.08711835332573,1.0,24.7660229,2.0,613.7217487091107,52.72424078084196,2688,0.0408317576341428,2688,0,0,1.0,0.0,0.0,True,2240.0,26.702324712498186,0.7696688348805523,2240,0,0.0,,0.3090169943749474,,,intact
265,290,35.2994112874183,33.963944697773975,1.0,24.7660229,2.0,619.4773495385421,36.721870896909046,3001,0.0455863484598447,3001,0,0,1.0,0.0,0.0,True,2917.0,30.471461041409174,0.8798724984658159,2917,0,0.0,,0.3090169943749474,,,intact
266,268,33.964289618649424,34.97052307016702,1.0,24.7660229,2.0,601.4545418158859,79.19957428178108,2973,0.0451610176511557,2973,0,0,1.0,0.0,0.0,True,4113.0,36.182987188372536,1.0497740046588286,4113,0,0.0,,0.3090169943749474,,,intact
266,272,33.964289618649424,35.17437047506022,1.0,24.7660229,2.0,603.1320636704027,77.08290688907364,2678,0.0406798537738967,2678,0,0,1.0,0.0,0.0,True,3785.0,34.71027109092707,1.0040770545417346,3785,0,0.0,,0.3090169943749474,,,intact
266,293,33.964289618649424,36.07688363818784,1.0,24.7660229,2.0,629.9973212607092,6.9882203529946025,2924,0.0444166887359499,2924,0,0,1.0,0.0,0.0,True,3879.0,35.13864039069986,1.0033709818608645,3880,0,0.0,,0.3090169943749474,,,intact
267,277,35.253881514368814,35.66162185576558,1.0,24.7660229,2.0,610.086978567628,76.66978650947186,3324,0.0504928431457926,3324,0,0,1.0,0.0,0.0,True,2638.0,28.97760307121415,0.8172431046556706,2638,0,0.0,,0.3090169943749474,,,intact
267,292,35.253881514368814,34.87068002039367,1.0,24.7660229,2.0,629.5214141722458,38.57846056992805,2739,0.0416064673213977,2739,0,0,1.0,0.0,0.0,True,2731.0,29.48396681533766,0.8409027071269951,2731,0,0.0,,0.3090169943749474,,,intact
267,296,35.253881514368814,34.95893663648759,1.0,24.7660229,2.0,636.4685692969315,18.88409915020847,2724,0.0413786115310286,2724,0,0,1.0,0.0,0.0,True,2576.0,28.63505311343852,0.815664542958934,2579,0,0.0,,0.3090169943749474,,,intact
264,281,36.69547876931459,35.32940181756288,1.0,24.7660229,2.0,610.6168316384797,60.94978766099136,3640,0.0552930051295683,3640,0,0,1.0,0.0,0.0,True,5764.0,42.83384390833222,1.189417977768541,5764,0,0.0,,0.3090169943749474,,,intact
264,292,36.69547876931459,34.87068002039367,1.0,24.7660229,2.0,625.4679025812055,26.533967618810085,3224,0.048973804543332,3222,2,0,0.999379652605459,0.0006203473945409,0.0,True,4372.0,37.3048364477789,1.0425272804537782,4372,0,0.0,,0.3090169943749474,0.3780005802084951,,intact
265,270,35.2994112874183,34.934110614623705,6.4031242374328485,158.57992149580696,7.403124237432848,598.5429282026134,80.79006972501695,6450,0.0979779898587132,6444,6,0,0.9990697674418604,0.0009302325581395,0.0,True,1529.0,22.061183467235296,0.6282237561147813,1529,0,0.0,,0.2687959533979827,0.4283654386490384,,intact
265,275,35.2994112874183,36.56154965870476,1.0,24.7660229,2.0,610.0186312301894,58.05088363226491,3500,0.0531663510861234,3500,0,0,1.0,0.0,0.0,True,3407.0,32.9314710000658,0.9165329983481794,3407,0,0.0,,0.3090169943749474,,,intact
268,276,34.97052307016702,35.68263404805846,1.0,24.7660229,2.0,615.6824946621034,76.40759932896607,3496,0.053105589542025,3496,0,0,1.0,0.0,0.0,True,4418.0,37.50057435773467,1.061539947747392,4418,0,0.0,,0.3090169943749474,,,intact
268,287,34.97052307016702,35.819978550432246,1.0,24.7660229,2.0,625.253921584572,60.68644792093996,2908,0.0441736425595562,2908,0,0,1.0,0.0,0.0,True,1985.0,25.136529674456348,0.7101667342089265,1985,0,0.0,,0.3090169943749474,,,intact
268,293,34.97052307016702,36.07688363818784,8.281885242839627,205.10935957933825,9.281885242839628,636.2556871543927,45.01646434763698,7321,0.1112088160861456,7321,0,0,1.0,0.0,0.0,True,3333.0,32.571872077769406,0.9169053055370452,3333,0,0.0,,0.2684174228519758,,,intact
268,304,34.97052307016702,34.6281636692056,4.0,99.0640916,5.0,644.9672880361555,6.7869095160771815,4265,0.0647869963949475,4265,0,0,1.0,0.0,0.0,True,3490.0,33.3301890600913,0.957782125542208,3490,0,0.0,,0.2801868778094689,,,intact
269,273,34.76953786178861,35.37263885704638,1.0,24.7660229,2.0,614.421707634011,82.11460589071689,3125,0.0474699563268959,3125,0,0,1.0,0.0,0.0,True,2641.0,28.99407541915057,0.8267230010660591,2641,0,0.0,,0.3090169943749474,,,intact
269,275,34.76953786178861,36.56154965870476,1.0,24.7660229,2.0,618.7405821191945,74.38156335754043,3192,0.0484877121905445,3191,1,0,0.99968671679198,0.00031328320802,0.0,True,2586.0,28.690579737455337,0.8044341039722,2586,0,0.0,,0.3090169943749474,0.3761785115301142,,intact
269,285,34.76953786178861,34.865181864282135,1.0,24.7660229,2.0,624.5226339987204,65.44663069905826,2843,0.0431862674679568,2834,9,0,0.9968343299331692,0.0031656700668308,0.0,True,2340.0,27.29185104880338,0.7838575686428878,2340,0,0.0,,0.3090169943749474,0.3874258867227931,,intact
269,289,34.76953786178861,34.958350601563986,1.0,24.7660229,2.0,630.6720630850153,52.39430666844856,2925,0.0444318791219746,2925,0,0,1.0,0.0,0.0,True,1740.0,23.534213434057992,0.6750301479852511,1740,0,0.0,,0.3090169943749474,,,intact
270,294,34.934110614623705,36.82239323182675,1.0,24.7660229,2.0,640.0389003892159,7.405812722301513,3029,0.0460116792685336,3029,0,0,1.0,0.0,0.0,True,2234.0,26.666538690549785,0.7432507789847925,2234,0,0.0,,0.3090169943749474,,,intact
271,280,34.409309239027955,35.70025019982808,1.0,24.7660229,2.0,624.1862841993938,75.64011341279326,3240,0.0492168507197257,3240,0,0,1.0,0.0,0.0,True,2738.0,29.521728749706018,0.8421598705224362,2738,0,0.0,,0.3133921657949117,,,intact
271,282,34.409309239027955,34.34237170134025,1.0,24.7660229,2.0,624.7891451932494,73.99356236102025,3102,0.0471205774483299,3097,5,0,0.998388136686009,0.0016118633139909,0.0,True,3371.0,32.75702407615134,0.9529083108400842,3371,0,0.0,,0.3090169943749474,0.4415184401122529,,intact
271,290,34.409309239027955,33.963944697773975,1.0,24.7660229,2.0,631.1453371933571,63.58889368282621,2711,0.0411811365127087,2711,0,0,1.0,0.0,0.0,True,2385.0,27.553023038286398,0.8059590980927696,2385,0,0.0,,0.3164309725825327,,,intact
271,299,34.409309239027955,35.101152091937884,1.0,24.7660229,2.0,649.3013542772824,14.341188468789742,2753,0.0418191327257422,2753,0,0,1.0,0.0,0.0,True,2678.0,29.19647025241564,0.8400597462128787,2678,0,0.0,,0.3090169943749474,,,intact
272,285,35.17437047506022,34.865181864282135,1.0,24.7660229,2.0,625.1594608467735,66.09665898187818,2944,0.0447204964564421,2943,1,0,0.9996603260869564,0.0003396739130434,0.0,True,2431.0,27.817464537818594,0.7943358747652381,2431,0,0.0,,0.3090169943749474,0.4142135623730951,,intact
272,291,35.17437047506022,34.914864101465135,2.6502815398728847,65.63693330793913,3.6502815398728847,634.7559352464523,50.354066177939885,3847,0.0584374150366619,3847,0,0,1.0,0.0,0.0,True,2529.0,28.37262240538944,0.809614274626196,2529,0,0.0,,0.2817290466902531,,,intact
272,297,35.17437047506022,35.55939746208073,1.0,24.7660229,2.0,645.1086582051603,9.036177165907278,2963,0.0450091137909096,2963,0,0,1.0,0.0,0.0,True,3598.0,33.84197054678227,0.956883014541418,3598,0,0.0,,0.3090169943749474,,,intact
270,277,34.934110614623705,35.66162185576558,1.0,24.7660229,2.0,611.3484406471138,78.86622260011141,3144,0.0477585736613634,3144,0,0,1.0,0.0,0.0,True,2842.0,30.077178998940926,0.8520962371643785,2842,0,0.0,,0.3090169943749474,,,intact
270,284,34.934110614623705,34.483551150772435,1.0,24.7660229,2.0,622.258610581556,60.30227815492239,2583,0.0392367671015591,2583,0,0,1.0,0.0,0.0,True,2044.0,25.507359866510456,0.7348953916861996,2044,0,0.0,,0.3090169943749474,,,intact
270,286,34.934110614623705,34.08711835332573,3.1815405503520555,78.79410612729761,4.181540550352056,619.9142809672378,65.16732129974143,3645,0.0553689570596914,3645,0,0,1.0,0.0,0.0,True,1629.0,22.77118364497979,0.6598313007597639,1629,0,0.0,,0.2801868778094689,,,intact
270,290,34.934110614623705,33.963944697773975,3.414213562373095,84.55649127122264,4.414213562373095,625.6698817966692,54.950121568055934,4121,0.0625995808074042,4098,23,0,0.9944188303809754,0.0055811696190245,0.0,True,2091.0,25.798952924688752,0.7489022094371488,2091,0,0.0,,0.2801868778094689,0.3164309725825327,,intact
273,275,35.37263885704638,36.56154965870476,6.4031242374328485,158.57992149580696,7.403124237432848,623.3679920307088,83.67406683060075,6321,0.0960184300615389,6304,17,0,0.9973105521278278,0.0026894478721721,0.0,True,2088.0,25.780439141949365,0.7167784797156452,2093,0,0.0,,0.2711923793731366,0.2466060555964672,,intact
273,298,35.37263885704638,35.47277905258338,3.685557720282968,91.27660689979976,4.685557720282968,646.8433274588156,44.23018290282806,4266,0.0648021867809721,4260,6,0,0.9985935302391,0.0014064697609001,0.0,True,3741.0,34.50793074372268,0.9741753739879384,3741,0,0.0,,0.2771863727725964,0.355134891777779,,intact
273,300,35.37263885704638,35.84501756952707,1.0,24.7660229,2.0,654.1101283641456,14.257823683525418,2795,0.0424571289387757,2795,0,0,1.0,0.0,0.0,True,4355.0,37.2322381053088,1.0455900958688755,4355,0,0.0,,0.3090169943749474,,,intact
274,281,35.418498375044514,35.32940181756288,1.0,24.7660229,2.0,623.859063634037,84.71176233557492,3040,0.0461787735148043,3040,0,0,1.0,0.0,0.0,True,2898.0,30.372060354224,0.8585996268875169,2898,0,0.0,,0.3090169943749474,,,intact
274,284,35.418498375044514,34.483551150772435,1.0,24.7660229,2.0,630.1858689065872,73.76099760320648,3093,0.0469838639741085,3083,10,0,0.9967668929841578,0.0032331070158422,0.0,True,3056.0,31.18902069924069,0.8923635547401693,3056,0,0.0,,0.3090169943749474,0.4049287430560275,,intact
274,295,35.418498375044514,38.08460799107549,3.685557720282968,91.27660689979976,4.685557720282968,648.8855709588313,44.2377772804638,5021,0.0762709282295502,5012,9,0,0.9982075283808006,0.0017924716191993,0.0,True,2906.0,30.413952871175685,0.8275555789352183,2906,0,0.0,,0.2779262976266636,0.2417903343816373,,intact
274,301,35.418498375044514,35.11838844625524,1.0,24.7660229,2.0,654.6603088290162,11.618465697576944,2828,0.0429584116775877,2828,0,0,1.0,0.0,0.0,True,2549.0,28.48459056898102,0.8076509143689521,2549,0,0.0,,0.3090169943749474,,,intact
275,282,36.56154965870476,34.34237170134025,1.0,24.7660229,2.0,630.7893928241374,84.88341032293597,3074,0.0466952466396409,3074,0,0,1.0,0.0,0.0,True,2974.0,30.767736372872697,0.8678712201723328,2974,0,0.0,,0.3090169943749474,,,intact
275,289,36.56154965870476,34.958350601563986,1.0,24.7660229,2.0,639.6183474817132,71.07313682505115,2972,0.0451458272651311,2947,25,0,0.9915881561238225,0.0084118438761776,0.0,True,2489.0,28.147349905656394,0.7871193836463728,2489,0,0.0,,0.3090169943749474,0.4068781988545112,,intact
275,298,36.56154965870476,35.47277905258338,10.09353999725628,249.97684271411492,11.09353999725628,651.1622019439991,52.59071767908103,10065,0.1528912353376664,9994,71,0,0.9929458519622454,0.0070541480377545,0.0,True,1785.0,23.8365926012521,0.6618120284507292,1785,0,0.0,,0.2647281296856081,0.2674788903885893,,intact
275,311,36.56154965870476,34.641232404029004,1.0,24.7660229,2.0,664.0910844111208,8.103942211849978,2822,0.0428672693614401,2822,0,0,1.0,0.0,0.0,True,3032.0,31.066309322306918,0.8726150417812522,3032,0,0.0,,0.3090169943749474,,,intact
276,278,35.68263404805846,34.84526926690846,1.0,24.7660229,2.0,624.8979671374225,87.84643934303922,3310,0.0502801777414481,3310,0,0,1.0,0.0,0.0,True,3747.0,34.53559241609536,0.979345501364606,3747,0,0.0,,0.3090169943749474,,,intact
276,283,35.68263404805846,35.358450428687554,1.0,24.7660229,2.0,627.697944311685,83.38788774272749,3015,0.0457990138641892,3015,0,0,1.0,0.0,0.0,True,2334.0,27.25683903817476,0.7673542496974909,2334,0,0.0,,0.3090169943749474,,,intact
276,304,35.68263404805846,34.6281636692056,8.70820393249937,215.66757801014944,9.70820393249937,652.9368749886894,44.537067565899385,6726,0.1021705364015046,6726,0,0,1.0,0.0,0.0,True,3485.0,33.30630500896956,0.9474022793170944,3485,0,0.0,,0.2684174228519758,,,intact
276,306,35.68263404805846,35.042214119136425,1.0,24.7660229,2.0,656.4787884563518,23.899530335924347,3032,0.0460572504266075,3032,0,0,1.0,0.0,0.0,True,3453.0,33.15303963428737,0.9375216912707384,3453,0,0.0,,0.3090169943749474,,,intact
277,280,35.66162185576558,35.70025019982808,1.0,24.7660229,2.0,625.323808989079,77.99914390977686,3055,0.0464066293051734,3055,0,0,1.0,0.0,0.0,True,2290.0,26.998696993760284,0.7566700877109068,2290,0,0.0,,0.3090169943749474,,,intact
277,296,35.66162185576558,34.95893663648759,1.0,24.7660229,2.0,644.3430115627904,39.25044350941194,3105,0.0471661486064038,3105,0,0,1.0,0.0,0.0,True,2433.0,27.82890499256417,0.7881247496964188,2433,0,0.0,,0.3090169943749474,,,intact
277,303,35.66162185576558,35.10031243644227,1.0,24.7660229,2.0,651.5174576275106,18.873902719937977,2990,0.045419254213574,2990,0,0,1.0,0.0,0.0,True,2370.0,27.46624164780438,0.7762999110336333,2371,0,0.0,,0.3090169943749474,,,intact
278,279,34.84526926690846,34.88284834274284,1.0,24.7660229,2.0,624.8136683167515,87.73691932974897,3172,0.0481839044700524,3172,0,0,1.0,0.0,0.0,True,4535.0,37.99388547968595,1.0897722979525004,4535,0,0.0,,0.3133921657949117,,,intact
278,283,34.84526926690846,35.358450428687554,3.685557720282968,91.27660689979976,4.685557720282968,628.9438298344702,85.69627937562392,4271,0.0648781387110952,4267,4,0,0.9990634511823928,0.0009365488176071,0.0,True,1787.0,23.84994269616667,0.6794495448269763,1787,0,0.0,,0.2801868778094689,0.2483030277982336,,intact
278,295,34.84526926690846,38.08460799107549,10.051815009825804,248.9434807199096,11.051815009825804,651.6625087335337,52.15076758972083,9323,0.1416199689074082,9304,19,0,0.9979620293896816,0.0020379706103185,0.0,True,1538.0,22.12601647271081,0.6067750914879972,1538,0,0.0,,0.2663346240702891,0.2633618423437496,,intact
278,307,34.84526926690846,35.205730049097994,1.0,24.7660229,2.0,660.3845480611467,10.099911077211177,2796,0.0424723193248003,2795,1,0,0.9996423462088698,0.0003576537911301,0.0,True,4134.0,36.27524044694661,1.0356808839601468,4134,0,0.0,,0.3090169943749474,0.4532998322843198,,intact
279,281,34.88284834274284,35.32940181756288,1.0,24.7660229,2.0,625.3058170652832,87.00128187809958,2826,0.0429280309055385,2826,0,0,1.0,0.0,0.0,True,3316.0,32.48869930584249,0.9254424756838192,3316,0,0.0,,0.3090169943749474,,,intact
279,295,34.88284834274284,38.08460799107549,1.7320508075688772,42.89600996421431,2.732050807568877,650.3323243900775,48.88353659948902,3395,0.0515713605535397,3395,0,0,1.0,0.0,0.0,True,2269.0,26.87461872754702,0.736619311617456,2269,0,0.0,,0.2958163163244892,,,intact
279,302,34.88284834274284,34.76117604843971,1.0,24.7660229,2.0,653.690026374205,28.31845772484805,3099,0.0470750062902561,3098,1,0,0.999677315262988,0.0003226847370119,0.0,True,3857.0,35.03885316346528,1.0062271234257238,3857,0,0.0,,0.3090169943749474,0.458039891549808,,intact
280,290,35.70025019982808,33.963944697773975,1.0,24.7660229,2.0,639.6452501386343,78.05793422564479,3204,0.0486699968228398,3204,0,0,1.0,0.0,0.0,True,2331.0,27.239316156879124,0.7820176834575532,2331,0,0.0,,0.3090169943749474,,,intact
280,299,35.70025019982808,35.101152091937884,1.0,24.7660229,2.0,657.8012672225597,44.43255699327001,2930,0.0445078310520976,2930,0,0,1.0,0.0,0.0,True,2803.0,29.870095596987387,0.8437712991586104,2803,0,0.0,,0.3090169943749474,,,intact
280,303,35.70025019982808,35.10031243644227,1.0,24.7660229,2.0,658.8798457831027,41.66264975854068,2875,0.0436723598207442,2875,0,0,1.0,0.0,0.0,True,3035.0,31.08167473878788,0.8780064333235986,3035,0,0.0,,0.3090169943749474,,,intact
281,302,35.32940181756288,34.76117604843971,1.0,24.7660229,2.0,655.5123594661928,34.02323755724026,3210,0.0487611391389875,3210,0,0,1.0,0.0,0.0,True,3881.0,35.14769790867236,1.002922189509319,3881,0,0.0,,0.3090169943749474,,,intact
281,305,35.32940181756288,35.427186856566685,1.0,24.7660229,2.0,657.4644084996642,27.419533470876296,3188,0.0484269506464461,3188,0,0,1.0,0.0,0.0,True,4792.0,39.05561386782603,1.103942815776413,4792,0,0.0,,0.3090169943749474,,,intact
282,298,34.34237170134025,35.47277905258338,1.0,24.7660229,2.0,654.2647282522441,53.21130959473729,3061,0.0464977716213211,3061,0,0,1.0,0.0,0.0,True,3519.0,33.468380443050414,0.9587712718981556,3519,0,0.0,,0.3090169943749474,,,intact
282,315,34.34237170134025,35.347626484040504,1.0,24.7660229,2.0,668.5566466509863,10.718782186018256,2836,0.0430799347657846,2836,0,0,1.0,0.0,0.0,True,4089.0,36.07726603562859,1.0353642409247965,4089,0,0.0,,0.3090169943749474,,,intact
283,287,35.358450428687554,35.819978550432246,1.0,24.7660229,2.0,637.2693712341536,80.65513529690858,3308,0.0502497969693989,3308,0,0,1.0,0.0,0.0,True,2129.0,26.032321212010476,0.7314665857445957,2129,0,0.0,,0.3090169943749474,,,intact
283,288,35.358450428687554,35.873732162514685,1.0,24.7660229,2.0,635.2938175299012,84.05874740091988,3078,0.0467560081837394,3078,0,0,1.0,0.0,0.0,True,2902.0,30.39301383057232,0.8533506267804886,2902,0,0.0,,0.3090169943749474,,,intact
283,295,35.358450428687554,38.08460799107549,1.0,24.7660229,2.0,654.462485907796,49.43572992050951,3419,0.0519359298181303,3419,0,0,1.0,0.0,0.0,True,2796.0,29.83277462405867,0.8124055633290692,2796,0,0.0,,0.3090169943749474,,,intact
283,306,35.358450428687554,35.042214119136425,1.0,24.7660229,2.0,660.5246511533995,35.28035215347536,3046,0.046269915830952,3046,0,0,1.0,0.0,0.0,True,1709.0,23.323627408447816,0.6625967967277868,1709,0,0.0,,0.3090169943749474,,,intact
283,312,35.358450428687554,34.076910700595576,4.766114533138578,118.03770167173282,5.766114533138578,663.1898557956861,29.448082205794748,5521,0.0838661212418536,5521,0,0,1.0,0.0,0.0,True,1498.0,21.836396440423,0.6289704866592503,1498,0,0.0,,0.2798057840438667,,,intact
284,286,34.483551150772435,34.08711835332573,2.6502815398728847,65.63693330793913,3.6502815398728847,637.4374310880531,86.34510073423809,3457,0.0525131644870653,3457,0,0,1.0,0.0,0.0,True,2230.0,26.64265463856508,0.7770860290921547,2230,0,0.0,,0.2843646522044218,,,intact
284,292,34.483551150772435,34.87068002039367,6.0,148.5961374,7.0,648.306026372547,77.26161672362642,5364,0.0814812306359903,5219,145,0,0.9729679343773304,0.0270320656226696,0.0,True,2271.0,26.88646037550106,0.7753372770911504,2271,0,0.0,,0.2682079019934025,0.3987945679840713,,intact
284,294,34.483551150772435,36.82239323182675,1.0,24.7660229,2.0,657.5620505100312,56.386622243774994,3694,0.0561132859748971,3694,0,0,1.0,0.0,0.0,True,2291.0,27.004591262358783,0.7574288930937635,2291,0,0.0,,0.3090169943749474,,,intact
284,301,34.483551150772435,35.11838844625524,3.2426406871192857,80.30731351366796,4.242640687119286,664.2562006248004,49.56287245591656,3881,0.0589538881614986,3881,0,0,1.0,0.0,0.0,True,1882.0,24.47568601281472,0.7033047111767543,1882,0,0.0,,0.2817290466902531,,,intact
284,310,34.483551150772435,34.586902607589096,10.364087933439295,256.67723909717125,11.364087933439295,665.8435345546361,49.94576893420874,7487,0.1137304201662303,7374,113,0,0.9849071724322158,0.0150928275677841,0.0,True,1653.0,22.938313840860364,0.6642004675720983,1653,0,0.0,,0.2652933764859794,0.4324633555411871,,intact
284,313,34.483551150772435,34.428789303158176,1.0,24.7660229,2.0,670.3263036477038,22.634218972326643,3149,0.0478345255914864,3149,0,0,1.0,0.0,0.0,True,1966.0,25.01593964330208,0.726022058705894,1966,0,0.0,,0.3203772410170407,,,intact
285,287,34.865181864282135,35.819978550432246,1.0,24.7660229,2.0,641.0229528672594,87.06448433427742,3182,0.0483358083302985,3180,2,0,0.9993714644877436,0.0006285355122564,0.0,True,2560.0,28.54598585844434,0.8076938834392737,2560,0,0.0,,0.3112045800849295,0.4167536795846934,,intact
285,289,34.865181864282135,34.958350601563986,1.0,24.7660229,2.0,645.400399361239,80.01458981473631,2719,0.0413026596009056,2719,0,0,1.0,0.0,0.0,True,1843.0,24.22075804422162,0.6937706297248453,1843,0,0.0,,0.3090169943749474,,,intact
285,297,34.865181864282135,35.55939746208073,2.6502815398728847,65.63693330793913,3.6502815398728847,659.2001676333307,57.189496321266326,3682,0.0559310013426018,3682,0,0,1.0,0.0,0.0,True,1823.0,24.08897927503468,0.6841071542195827,1823,0,0.0,,0.2817290466902531,,,intact
285,309,34.865181864282135,35.31045628011365,1.0,24.7660229,2.0,664.6934130829866,43.15239349375967,2799,0.0425178904828741,2799,0,0,1.0,0.0,0.0,True,1771.0,23.74293175729344,0.6766716309280771,1771,0,0.0,,0.3090169943749474,,,intact
285,314,34.865181864282135,34.62059654309169,1.0,24.7660229,2.0,669.3261904769959,28.0409698264198,2951,0.0448268291586143,2951,0,0,1.0,0.0,0.0,True,2075.0,25.700058634784583,0.7397213997981865,2075,0,0.0,,0.3090169943749474,,,intact
286,288,34.08711835332573,35.873732162514685,1.0,24.7660229,2.0,636.9684647624023,86.88405078381071,2726,0.0414089923030778,2726,0,0,1.0,0.0,0.0,True,2545.0,28.46223217419441,0.8136616969157642,2545,0,0.0,,0.3090169943749474,,,intact
286,289,34.08711835332573,34.958350601563986,1.0,24.7660229,2.0,643.3214649606344,76.73355834410367,2420,0.0367607341795482,2420,0,0,1.0,0.0,0.0,True,2258.0,26.809396170055734,0.7765722088895199,2258,0,0.0,,0.3090169943749474,,,intact
286,290,34.08711835332573,33.963944697773975,11.701669674337836,289.8038191228864,12.701669674337836,640.8487023031663,81.66384781295014,8383,0.1273410060442779,8317,66,0,0.9921269235357272,0.0078730764642729,0.0,True,1052.0,18.29923496393627,0.5378089376853771,1052,0,0.0,,0.2634987114678513,0.3655206337012305,,intact
286,294,34.08711835332573,36.82239323182675,1.0,24.7660229,2.0,655.217720895713,55.78553291069085,3020,0.0458749657943122,3020,0,0,1.0,0.0,0.0,True,1667.0,23.03524647726564,0.6497082256617579,1667,0,0.0,,0.3090169943749474,,,intact
286,308,34.08711835332573,34.97826477664075,1.0,24.7660229,2.0,662.0041263253981,38.194109690275646,2680,0.0407102345459459,2680,0,0,1.0,0.0,0.0,True,1896.0,24.566553364370574,0.7113999011094025,1896,0,0.0,,0.3090169943749474,,,intact
286,310,34.08711835332573,34.586902607589096,1.0,24.7660229,2.0,663.4992049403179,35.41924291719513,2583,0.0392367671015591,2583,0,0,1.0,0.0,0.0,True,1952.0,24.92671052968601,0.7259429455535397,1953,0,0.0,,0.3090169943749474,,,intact
287,288,35.819978550432246,35.873732162514685,3.47213595499958,85.99099857343296,4.47213595499958,640.8193817553222,87.08673734794979,3995,0.0606855921683037,3993,2,0,0.9994993742177722,0.0005006257822277,0.0,True,2142.0,26.11167892353304,0.7284231395995414,2142,0,0.0,,0.2801868778094689,0.4123494454851392,,intact
287,293,35.819978550432246,36.07688363818784,1.0,24.7660229,2.0,653.7967010293953,71.82703782603383,3211,0.0487763295250121,3211,0,0,1.0,0.0,0.0,True,2182.0,26.354357735544063,0.7331156585499905,2182,0,0.0,,0.3090169943749474,,,intact
287,304,35.819978550432246,34.6281636692056,6.834654549917682,169.2672110968505,7.834654549917682,662.508301911158,59.16592686818024,7034,0.1068491752970835,6993,41,0,0.9941711686096104,0.0058288313903895,0.0,True,2189.0,26.3965971453958,0.7493908657831886,2189,0,0.0,,0.2682079019934025,0.3622293743647147,,intact
287,312,35.819978550432246,34.076910700595576,1.0,24.7660229,2.0,668.7154200211071,42.98563797152473,2788,0.0423507962366034,2780,8,0,0.9971305595408896,0.0028694404591104,0.0,True,2115.0,25.9465876230135,0.7424246744323305,2115,0,0.0,,0.3090169943749474,0.4515171618070864,,intact
287,314,35.819978550432246,34.62059654309169,1.0,24.7660229,2.0,671.0981730693111,34.90263043493312,3013,0.0457686330921399,3013,0,0,1.0,0.0,0.0,True,2037.0,25.463645421588435,0.7229823262453596,2037,0,0.0,,0.3090169943749474,,,intact
288,289,35.873732162514685,34.958350601563986,1.0,24.7660229,2.0,645.1968282493018,79.46707570123897,3187,0.0484117602604215,3170,17,0,0.9946658299341072,0.0053341700658926,0.0,True,1952.0,24.92671052968601,0.7038254292962054,1952,0,0.0,,0.3090169943749474,0.4,,intact
288,310,35.873732162514685,34.586902607589096,1.0,24.7660229,2.0,665.3745682289853,42.700337988721216,2964,0.0450243041769342,2962,2,0,0.9993252361673416,0.0006747638326585,0.0,True,2774.0,29.71517498305933,0.8434546489685439,2774,0,0.0,,0.3090169943749474,0.3648534665361237,,intact
288,312,35.873732162514685,34.076910700595576,1.0,24.7660229,2.0,666.7398663168547,35.327526456123856,2866,0.0435356463465228,2866,0,0,1.0,0.0,0.0,True,2303.0,27.075222397632672,0.7741236188670192,2304,0,0.0,,0.3090169943749474,,,intact
289,308,34.958350601563986,34.97826477664075,1.0,24.7660229,2.0,670.2324898122977,58.30646966776095,2626,0.0398899537006171,2626,0,0,1.0,0.0,0.0,True,2298.0,27.045815174447064,0.7734379202707515,2298,0,0.0,,0.3090169943749474,,,intact
289,309,34.958350601563986,35.31045628011365,1.0,24.7660229,2.0,670.8428421692815,56.10258466144732,2934,0.044568592596196,2934,0,0,1.0,0.0,0.0,True,2209.0,26.516910426744545,0.7547277833077523,2210,0,0.0,,0.3090169943749474,,,intact
289,316,34.958350601563986,34.59993605247116,1.0,24.7660229,2.0,681.4695731980964,30.63575308013149,2754,0.0418343231117668,2754,0,0,1.0,0.0,0.0,True,2758.0,29.62935480389161,0.8519288277257411,2758,0,0.0,,0.3090169943749474,,,intact
290,294,33.963944697773975,36.82239323182675,1.0,24.7660229,2.0,660.9733217251444,66.08225162999128,2883,0.0437938829089411,2883,0,0,1.0,0.0,0.0,True,2130.0,26.038434238092623,0.7356909539235855,2130,0,0.0,,0.3090169943749474,,,intact
290,299,33.963944697773975,35.101152091937884,1.0,24.7660229,2.0,664.760320216523,57.48305777193433,2897,0.0440065483132856,2897,0,0,1.0,0.0,0.0,True,2254.0,26.785639500640343,0.7756635622243973,2254,0,0.0,,0.3090169943749474,,,intact
290,308,33.963944697773975,34.97826477664075,1.0,24.7660229,2.0,667.7597271548295,51.528922433891466,2703,0.0410596134245119,2703,0,0,1.0,0.0,0.0,True,2652.0,29.054394128245264,0.842862285666307,2652,0,0.0,,0.3090169943749474,,,intact
292,296,34.87068002039367,34.95893663648759,1.0,24.7660229,2.0,663.7774471674082,78.16898444054277,2856,0.0433837424862767,2856,0,0,1.0,0.0,0.0,True,3739.0,34.49870525746138,0.9880823326576792,3739,0,0.0,,0.3090169943749474,,,intact
292,305,34.87068002039367,35.427186856566685,1.0,24.7660229,2.0,672.3154794423899,63.06511168369136,3235,0.0491408987896026,3235,0,0,1.0,0.0,0.0,True,4877.0,39.40047353672728,1.1209578693387214,4877,0,0.0,,0.3090169943749474,,,intact
292,313,34.87068002039367,34.428789303158176,1.0,24.7660229,2.0,678.8505693178795,49.53968219644243,2777,0.0421837019903328,2777,0,0,1.0,0.0,0.0,True,2414.0,27.720030036918622,0.8000069930549324,2414,0,0.0,,0.3090169943749474,,,intact
293,297,36.07688363818784,35.55939746208073,1.0,24.7660229,2.0,671.9739157954666,77.82638975871025,3469,0.0526954491193606,3469,0,0,1.0,0.0,0.0,True,4477.0,37.75014384667734,1.053939240476173,4477,0,0.0,,0.3090169943749474,,,intact
290,317,33.963944697773975,34.51076674763133,1.0,24.7660229,2.0,680.5055604459977,15.346865862214642,2395,0.036380974528933,2395,0,0,1.0,0.0,0.0,True,1945.0,24.88197597915955,0.7267493488891261,1945,0,0.0,,0.3090169943749474,,,intact
291,297,34.914864101465135,35.55939746208073,1.0,24.7660229,2.0,668.7966420330094,72.91402394291572,3015,0.0457990138641892,3015,0,0,1.0,0.0,0.0,True,3485.0,33.30630500896956,0.9452047959080104,3485,0,0.0,,0.3090169943749474,,,intact
291,300,34.914864101465135,35.84501756952707,1.0,24.7660229,2.0,673.8075291285337,62.98287116065454,3412,0.051829597115958,3412,0,0,1.0,0.0,0.0,True,4586.0,38.206925262821976,1.0799035939734984,4586,0,0.0,,0.3090169943749474,,,intact
291,309,34.914864101465135,35.31045628011365,1.0,24.7660229,2.0,674.2898874826653,62.003931282328345,3266,0.0496118007563654,3266,0,0,1.0,0.0,0.0,True,2376.0,27.50098706542525,0.7832214054986125,2376,0,0.0,,0.3145198591387564,,,intact
293,304,36.07688363818784,34.6281636692056,1.0,24.7660229,2.0,673.5100674809787,75.20797652451364,3215,0.0488370910691105,3215,0,0,1.0,0.0,0.0,True,5790.0,42.93034172941264,1.21435013098205,5790,0,0.0,,0.3090169943749474,,,intact
293,314,36.07688363818784,34.62059654309169,1.0,24.7660229,2.0,682.0999386391318,60.54297892625969,2867,0.0435508367325474,2867,0,0,1.0,0.0,0.0,True,1970.0,25.04137527736981,0.7084092732346261,1970,0,0.0,,0.3090169943749474,,,intact
293,325,36.07688363818784,38.36227766706507,7.3484692283495345,181.9923571892499,8.348469228349535,705.4372506707621,8.176821770560903,7786,0.1182723455875877,7786,0,0,1.0,0.0,0.0,True,3966.0,35.530508138850394,0.9546187118672742,3966,0,0.0,,0.2699106728337948,,,intact
294,296,36.82239323182675,34.95893663648759,5.477225575051661,135.6490940201951,6.477225575051661,673.0334713048925,86.73085622150815,5796,0.0880434773986204,5761,35,0,0.9939613526570048,0.0060386473429951,0.0,True,1921.0,24.727985994800747,0.6889809938089808,1921,0,0.0,,0.2779262976266636,0.3111780415686834,,intact
294,303,36.82239323182675,35.10031243644227,1.0,24.7660229,2.0,680.2079173696127,82.61184004506886,2913,0.0442495944896793,2913,0,0,1.0,0.0,0.0,True,2597.0,28.751535166305544,0.7995120567047908,2597,0,0.0,,0.3090169943749474,,,intact
294,308,36.82239323182675,34.97826477664075,1.0,24.7660229,2.0,682.1287457473761,79.7209352184027,2665,0.0404823787555768,2665,0,0,1.0,0.0,0.0,True,1808.0,23.98967015655475,0.6682298135408629,1808,0,0.0,,0.3090169943749474,,,intact
294,310,36.82239323182675,34.586902607589096,4.449489742783178,110.1961648630833,5.449489742783178,683.6238243622961,78.18335742468614,4352,0.0661085599790883,4342,10,0,0.9977022058823528,0.002297794117647,0.0,True,1935.0,24.8179296027214,0.6950896045392069,1935,0,0.0,,0.2798057840438667,0.4033040864120993,,intact
294,313,36.82239323182675,34.428789303158176,1.0,24.7660229,2.0,688.1065934553637,68.21966043175802,3126,0.0474851467129205,3126,0,0,1.0,0.0,0.0,True,1991.0,25.174490727558467,0.7066406431976783,1991,0,0.0,,0.3090169943749474,,,intact
294,317,36.82239323182675,34.51076674763133,1.0,24.7660229,2.0,694.8745790385444,53.163959645715465,3437,0.0522093567665732,3437,0,0,1.0,0.0,0.0,True,2192.0,26.414679072721466,0.7406002784771665,2192,0,0.0,,0.3090169943749474,,,intact
294,321,36.82239323182675,35.52405670034287,1.0,24.7660229,2.0,710.9837783289142,9.759929090163512,2917,0.0443103560337777,2917,0,0,1.0,0.0,0.0,True,2323.0,27.1925332693544,0.7517309638510112,2323,0,0.0,,0.3090169943749474,,,intact
295,301,38.08460799107549,35.11838844625524,1.0,24.7660229,2.0,682.9559026770445,80.35292137871294,3265,0.0495966103703408,3258,7,0,0.997856049004594,0.0021439509954058,0.0,True,2624.0,28.900607975374268,0.7896017753895128,2624,0,0.0,,0.3090169943749474,0.4211646096066227,,intact
295,302,38.08460799107549,34.76117604843971,3.685557720282968,91.27660689979976,4.685557720282968,680.5388667909872,84.98299980519508,5126,0.0778659187621339,5126,0,0,1.0,0.0,0.0,True,2630.0,28.9336309623139,0.7943803843642853,2630,0,0.0,,0.2801868778094689,,,intact
295,306,38.08460799107549,35.042214119136425,4.39834563766817,108.929528784605,5.39834563766817,683.2433300524631,81.21565683972388,4998,0.0759215493509842,4998,0,0,1.0,0.0,0.0,True,1613.0,22.65907867532249,0.6197200431100978,1613,0,0.0,,0.2817290466902531,,,intact
295,307,38.08460799107549,35.205730049097994,1.0,24.7660229,2.0,685.9032041344726,74.56911170254753,3791,0.057586753419284,3791,0,0,1.0,0.0,0.0,True,2821.0,29.96585037879742,0.8177298994683826,2821,0,0.0,,0.3090169943749474,,,intact
295,312,38.08460799107549,34.076910700595576,1.0,24.7660229,2.0,685.9085346947495,77.1773464036821,2657,0.04036085566738,2655,2,0,0.9992472713586752,0.0007527286413248,0.0,True,2133.0,26.05676471149144,0.7221789447870622,2133,0,0.0,,0.3090169943749474,0.4408690251737605,,intact
295,323,38.08460799107549,34.97254014738215,1.0,24.7660229,2.0,711.3734167748718,20.731179113792383,3363,0.0510852682007523,3363,0,0,1.0,0.0,0.0,True,2377.0,27.50677370137891,0.7530207351989204,2378,0,0.0,,0.3090169943749474,,,intact
297,319,35.55939746208073,35.75411514908922,1.0,24.7660229,2.0,713.7566730419401,2.201666103145083,3006,0.0456623003899677,3002,4,0,0.9986693280106452,0.0013306719893546,0.0,True,4861.0,39.33578976885308,1.103179140349675,4862,0,0.0,,0.3090169943749474,0.304338937612043,,intact
298,300,35.47277905258338,35.84501756952707,1.0,24.7660229,2.0,681.9043382774358,78.54077892312216,2814,0.0427457462732432,2814,0,0,1.0,0.0,0.0,True,5888.0,43.29213103844808,1.2140624946067484,5889,0,0.0,,0.3090169943749474,,,intact
298,311,35.47277905258338,34.641232404029004,1.0,24.7660229,2.0,687.5664198392276,66.62334228699382,3492,0.0530448279979266,3488,4,0,0.9988545246277204,0.0011454753722794,0.0,True,2448.0,27.914558950087667,0.7962619273998213,2448,0,0.0,,0.3090169943749474,0.4293503616081279,,intact
298,315,35.47277905258338,35.347626484040504,1.0,24.7660229,2.0,688.929455770848,66.8932133616723,3371,0.0512067912889491,3371,0,0,1.0,0.0,0.0,True,2836.0,30.045412914740087,0.8484959295863529,2836,0,0.0,,0.3090169943749474,,,intact
296,303,34.95893663648759,35.10031243644227,1.0,24.7660229,2.0,677.8990483568141,77.6872038254961,3357,0.0509941258846046,3357,0,0,1.0,0.0,0.0,True,2068.0,25.65667251667837,0.7324278480338958,2068,0,0.0,,0.3090169943749474,,,intact
296,313,34.95893663648759,34.428789303158176,1.0,24.7660229,2.0,685.7977244425651,64.06795385802849,2703,0.0410596134245119,2703,0,0,1.0,0.0,0.0,True,2312.0,27.128075067297424,0.781927198216403,2312,0,0.0,,0.3090169943749474,,,intact
296,318,34.95893663648759,34.460246695927495,1.0,24.7660229,2.0,703.1973544967263,18.065028286134243,2837,0.0430951251518092,2837,0,0,1.0,0.0,0.0,True,3910.0,35.27877059902487,1.016398318317627,3910,0,0.0,,0.3090169943749474,,,intact
297,314,35.55939746208073,34.62059654309169,1.0,24.7660229,2.0,689.2753878353824,73.11139192767675,2869,0.0435812175045966,2869,0,0,1.0,0.0,0.0,True,1963.0,24.9968459326128,0.7123638662827607,1963,0,0.0,,0.3090169943749474,,,intact
298,337,35.47277905258338,35.2682821407516,6.0,148.5961374,7.0,712.366761676758,11.153504284346374,6443,0.0978716571565409,6442,1,0,0.999844792798386,0.0001552072016141,0.0,True,4103.0,36.1389742938575,1.0217255349079328,4103,0,0.0,,0.2757262893750405,0.3105552824698201,,intact
299,315,35.101152091937884,35.347626484040504,1.0,24.7660229,2.0,693.0688557350193,73.069646832381,2929,0.044492640666073,2929,0,0,1.0,0.0,0.0,True,3782.0,34.696512642441405,0.9850138879277096,3782,0,0.0,,0.3090169943749474,,,intact
299,317,35.101152091937884,34.51076674763133,1.0,24.7660229,2.0,698.6615775299231,62.53715877196976,2958,0.0449331618607866,2953,5,0,0.9983096686950642,0.0016903313049357,0.0,True,2662.0,29.10912085620675,0.8363257712603197,2662,0,0.0,,0.3145198591387564,0.2898979485566356,,intact
299,324,35.101152091937884,36.45821021856964,1.0,24.7660229,2.0,716.8191051495592,12.897766755195942,2955,0.0448875907027127,2955,0,0,1.0,0.0,0.0,True,3425.0,33.01834884090183,0.92282401001926,3425,0,0.0,,0.3090169943749474,,,intact
300,309,35.84501756952707,35.31045628011365,1.0,24.7660229,2.0,689.6534975368975,89.20829399358304,2929,0.044492640666073,2929,0,0,1.0,0.0,0.0,True,2520.0,28.32209231647889,0.7960622221791837,2520,0,0.0,,0.3090169943749474,,,intact
300,311,35.84501756952707,34.641232404029004,8.851841083363698,219.22489897774616,9.851841083363698,694.8332207445576,81.75047875027022,8364,0.1270523887098104,7990,374,0,0.9552845528455284,0.0447154471544715,0.0,True,1701.0,23.26897325621885,0.6602414872389589,1701,0,0.0,,0.2696862318229452,0.3063869780689343,,intact
300,332,35.84501756952707,36.05718550250253,8.126822193908446,201.2690645585648,9.126822193908446,718.7206674957956,44.21188967610268,7166,0.1088543062523316,7166,0,0,1.0,0.0,0.0,True,3986.0,35.619983244361435,0.99078975949258,3986,0,0.0,,0.267982878680112,,,intact
300,339,35.84501756952707,35.05128444073712,1.0,24.7660229,2.0,719.9738224948949,28.53640717910113,3176,0.0482446660141508,3168,8,0,0.9974811083123426,0.0025188916876574,0.0,True,3788.0,34.72402408800281,0.9795722231880456,3788,0,0.0,,0.3090169943749474,0.4278112058481355,,intact
301,302,35.11838844625524,34.76117604843971,8.851841083363698,219.22489897774616,9.851841083363698,686.3136046611721,86.45283814806614,7984,0.1212800420204598,7984,0,0,1.0,0.0,0.0,True,1758.0,23.65562892656004,0.6770399643333754,1758,0,0.0,,0.269128646713734,,,intact
301,305,35.11838844625524,35.427186856566685,1.0,24.7660229,2.0,688.2656536946433,89.22548293899402,2951,0.0448268291586143,2951,0,0,1.0,0.0,0.0,True,2576.0,28.63505311343852,0.811817126461029,2576,0,0.0,,0.3090169943749474,,,intact
301,310,35.11838844625524,34.586902607589096,1.0,24.7660229,2.0,690.3179744770653,87.33149860562632,2791,0.0423963673946773,2791,0,0,1.0,0.0,0.0,True,2702.0,29.32700653780748,0.8414571145009244,2702,0,0.0,,0.3090169943749474,,,intact
301,313,35.11838844625524,34.428789303158176,1.0,24.7660229,2.0,694.8007435701329,79.81894249128739,3027,0.0459812984964844,3027,0,0,1.0,0.0,0.0,True,1880.0,24.462677409178383,0.7034844029852731,1880,0,0.0,,0.3090169943749474,,,intact
302,320,34.76117604843971,36.14401368147404,1.0,24.7660229,2.0,713.2273927212699,32.19688937312263,3513,0.0533638261044433,3513,0,0,1.0,0.0,0.0,True,4216.0,36.63324282875953,1.0333021593567375,4216,0,0.0,,0.3090169943749474,,,intact
302,326,34.76117604843971,37.43031018478312,1.0,24.7660229,2.0,714.3892647029481,29.68210628672657,3478,0.0528321625935821,3478,0,0,1.0,0.0,0.0,True,3614.0,33.91713326135066,0.939643579348886,3614,0,0.0,,0.3090169943749474,,,intact
303,317,35.10031243644227,34.51076674763133,6.713293552551451,166.2615818569116,7.713293552551451,699.7401560904661,67.6140884491393,5193,0.0788836746257826,5193,0,0,1.0,0.0,0.0,True,2029.0,25.41359398170419,0.7301594596602259,2029,0,0.0,,0.2696862318229452,,,intact
303,318,35.10031243644227,34.460246695927495,1.0,24.7660229,2.0,710.3718005614465,41.76035461642295,3001,0.0455863484598447,3001,0,0,1.0,0.0,0.0,True,2288.0,26.986904594423443,0.7759254649770397,2288,0,0.0,,0.3090169943749474,,,intact
305,326,35.427186856566685,37.43031018478312,1.0,24.7660229,2.0,716.3413137364194,31.724506237707367,3818,0.0579968938419483,3818,0,0,1.0,0.0,0.0,True,3644.0,34.05761625912379,0.9349104112043436,3644,0,0.0,,0.3090169943749474,,,intact
305,331,35.427186856566685,35.15532181668117,1.0,24.7660229,2.0,716.6981696372093,34.69003128949278,2936,0.0445989733682452,2936,0,0,1.0,0.0,0.0,True,3153.0,31.680136854778453,0.89767670348577,3153,0,0.0,,0.3090169943749474,,,intact
306,307,35.042214119136425,35.205730049097994,1.0,24.7660229,2.0,691.965369380076,85.70594247943237,2826,0.0429280309055385,2826,0,0,1.0,0.0,0.0,True,2980.0,30.798757455905527,0.8768586133181813,2980,0,0.0,,0.3090169943749474,,,intact
306,312,35.042214119136425,34.076910700595576,1.0,24.7660229,2.0,691.970699940353,85.56460069539686,2927,0.0444622598940238,2927,0,0,1.0,0.0,0.0,True,2296.0,27.03404332832925,0.7822449546008031,2296,0,0.0,,0.3090169943749474,,,intact
301,323,35.11838844625524,34.97254014738215,1.0,24.7660229,2.0,717.1481546450567,36.50503267679626,3080,0.0467863889557886,3080,0,0,1.0,0.0,0.0,True,1619.0,22.701182914807703,0.6477637939831329,1619,0,0.0,,0.3090169943749474,,,intact
301,326,35.11838844625524,37.43031018478312,8.00692826708518,198.2997688212889,9.00692826708518,716.8063005890056,47.75721923712896,7353,0.111694908438933,7353,0,0,1.0,0.0,0.0,True,1588.0,22.48279562821002,0.6197987297484412,1588,0,0.0,,0.2674788903885893,,,intact
301,333,35.11838844625524,34.48368499340768,1.0,24.7660229,2.0,717.7544756796102,32.20406005321045,2828,0.0429584116775877,2828,0,0,1.0,0.0,0.0,True,1656.0,22.959119571977435,0.6597251615465273,1656,0,0.0,,0.3090169943749474,,,intact
302,305,34.76117604843971,35.427186856566685,1.0,24.7660229,2.0,685.8486178085859,86.79847435373252,3104,0.0471509582203791,3104,0,0,1.0,0.0,0.0,True,3306.0,32.439674531715205,0.9243604833929344,3306,0,0.0,,0.3090169943749474,,,intact
303,327,35.10031243644227,34.78302679752419,1.0,24.7660229,2.0,717.8449446295731,17.834133257344632,2875,0.0436723598207442,2873,2,0,0.9993043478260868,0.000695652173913,0.0,True,2797.0,29.838109049604043,0.8539405637073899,2797,0,0.0,,0.3090169943749474,0.336002972895724,,intact
304,306,34.6281636692056,35.042214119136425,1.0,24.7660229,2.0,685.7635818304041,83.91759894460289,3048,0.0463002966030012,3048,0,0,1.0,0.0,0.0,True,3251.0,32.168702802312424,0.9234542376113032,3251,0,0.0,,0.3090169943749474,,,intact
304,322,34.6281636692056,35.11793677276132,1.0,24.7660229,2.0,714.7443973731511,18.55325366286064,3167,0.0481079525399294,3166,1,0,0.9996842437638144,0.0003157562361856,0.0,True,4429.0,37.54723006971365,1.0766832792596133,4429,0,0.0,,0.3133921657949117,0.4142135623730951,,intact
304,325,34.6281636692056,38.36227766706507,9.103461590078702,225.45653820915956,10.103461590078702,714.1488515525248,40.915898778074975,7910,0.1201559534546389,7841,69,0,0.9912768647281922,0.0087231352718078,0.0,True,4016.0,35.75377606511099,0.9796837890153736,4016,0,0.0,,0.2653311931459037,0.4218663097644607,,intact
306,322,35.042214119136425,35.11793677276132,5.741657386773941,142.19801832479757,6.741657386773941,718.2863108408135,40.15474724980071,6287,0.0955019569367023,6287,0,0,1.0,0.0,0.0,True,2218.0,26.57087366940816,0.7574349066138233,2218,0,0.0,,0.2766967754673748,,,intact
306,328,35.042214119136425,34.66091639529324,1.0,24.7660229,2.0,717.4358550017637,33.98819348886997,3095,0.0470142447461577,3095,0,0,1.0,0.0,0.0,True,3537.0,33.55386814410625,0.9627650263759692,3537,0,0.0,,0.3090169943749474,,,intact
306,329,35.042214119136425,34.819624491094515,1.0,24.7660229,2.0,718.3912593437492,33.244405487203295,2994,0.0454800157576724,2994,0,0,1.0,0.0,0.0,True,1662.0,23.000674573530667,0.658461759125885,1662,0,0.0,,0.3090169943749474,,,intact
307,320,35.205730049097994,36.14401368147404,1.0,24.7660229,2.0,718.5917300647553,47.385712410724565,2982,0.0452977311253771,2982,0,0,1.0,0.0,0.0,True,5062.0,40.14081020435872,1.1251844254952557,5062,0,0.0,,0.3090169943749474,,,intact
307,328,35.205730049097994,34.66091639529324,1.0,24.7660229,2.0,720.0957290837732,42.97041807311799,2783,0.0422748443064804,2783,0,0,1.0,0.0,0.0,True,4085.0,36.05961570872304,1.0322412064653443,4085,0,0.0,,0.3090169943749474,,,intact
308,311,34.97826477664075,34.641232404029004,1.0,24.7660229,2.0,694.7052267417052,80.35262319696022,2965,0.0450394945629588,2965,0,0,1.0,0.0,0.0,True,2495.0,28.18125557934844,0.8095794057867205,2495,0,0.0,,0.3090169943749474,,,intact
308,317,34.97826477664075,34.51076674763133,1.0,24.7660229,2.0,701.6609844682296,68.3801956559761,2884,0.0438090732949657,2884,0,0,1.0,0.0,0.0,True,2114.0,25.94045295272489,0.7466056839103896,2114,0,0.0,,0.3090169943749474,,,intact
308,330,34.97826477664075,35.51484774280777,1.0,24.7660229,2.0,717.6024723839388,35.58855681938415,2942,0.0446901156843929,2938,4,0,0.998640380693406,0.0013596193065941,0.0,True,2318.0,27.163253048448134,0.7706640288000901,2318,0,0.0,,0.3090169943749474,0.4135168460799535,,intact
308,335,34.97826477664075,35.47347469151072,1.414213562373095,35.02444547122265,2.414213562373095,719.7253393304951,34.75601443259996,2870,0.0435964078906212,2870,0,0,1.0,0.0,0.0,True,2032.0,25.43237481489809,0.721980039297542,2032,0,0.0,,0.2989350844248255,,,intact
308,336,34.97826477664075,35.17089692056168,10.579760212000645,262.0185836869168,11.579760212000645,719.5691878757594,40.70591296175659,9664,0.1467998905417991,9641,23,0,0.9976200331125828,0.0023799668874172,0.0,True,1360.0,20.8062837914404,0.5932012097664214,1360,0,0.0,,0.2648342180349795,0.2936554698651563,,intact
309,311,35.31045628011365,34.641232404029004,1.0,24.7660229,2.0,695.3155790986891,81.85322510819084,2664,0.0404671883695522,2664,0,0,1.0,0.0,0.0,True,2326.0,27.210086278134018,0.7779679601731265,2326,0,0.0,,0.3090169943749474,,,intact
309,314,35.31045628011365,34.62059654309169,8.0,198.1281832,9.0,694.7686332850383,83.35909341016853,6990,0.1061807983120008,6935,55,0,0.992131616595136,0.007868383404864,0.0,True,1490.0,21.778010249190537,0.6228423388461815,1490,0,0.0,,0.2703282642657088,0.4544442175944735,,intact
310,316,34.586902607589096,34.59993605247116,8.306623862918075,205.7220368107155,9.306623862918077,701.6473131777799,75.78454867055812,6800,0.1032946249673255,6771,29,0,0.995735294117647,0.0042647058823529,0.0,True,1989.0,25.161843406625827,0.7273592461784526,1989,0,0.0,,0.2711923793731366,0.2989350844248255,,intact
310,330,34.586902607589096,35.51484774280777,1.0,24.7660229,2.0,719.0975509988587,37.2075275234595,3001,0.0455863484598447,3001,0,0,1.0,0.0,0.0,True,2295.0,27.028155482603687,0.7711121433489478,2295,0,0.0,,0.3090169943749474,,,intact
310,333,34.586902607589096,34.48368499340768,1.0,24.7660229,2.0,719.341809609446,38.571941017346,2627,0.0399051440866418,2627,0,0,1.0,0.0,0.0,True,1895.0,24.560073988452952,0.711158681038889,1895,0,0.0,,0.3090169943749474,,,intact
310,334,34.586902607589096,34.51277111327765,1.0,24.7660229,2.0,720.0987795939893,35.85863526805263,2725,0.0413938019170532,2725,0,0,1.0,0.0,0.0,True,2222.0,26.594822185913987,0.7697524678147032,2222,0,0.0,,0.3090169943749474,,,intact
311,315,34.641232404029004,35.347626484040504,9.29832572579834,230.2825478567808,10.29832572579834,701.8583382379697,88.07108456799358,6996,0.1062719406281484,6992,4,0,0.9994282447112636,0.0005717552887364,0.0,True,1891.0,24.534139372995096,0.7010869947810295,1891,0,0.0,,0.2674788903885893,0.2742579343124574,,intact
311,335,34.641232404029004,35.47347469151072,1.0,24.7660229,2.0,725.5154148951392,43.04641898776944,3242,0.0492472314917749,3242,0,0,1.0,0.0,0.0,True,1824.0,24.09558533008141,0.6873190041926088,1824,0,0.0,,0.3090169943749474,,,intact
311,336,34.641232404029004,35.17089692056168,1.0,24.7660229,2.0,725.3592634404035,44.80034548100755,2857,0.0433989328723013,2857,0,0,1.0,0.0,0.0,True,1971.0,25.04773015002061,0.7175753094010778,1971,0,0.0,,0.3090169943749474,,,intact
311,337,34.641232404029004,35.2682821407516,5.414213562373095,134.08853707122265,6.414213562373095,725.2956441438797,49.17678575270349,5690,0.0864332964800121,5688,2,0,0.9996485061511424,0.0003514938488576,0.0,True,1474.0,21.660765735192918,0.6196800500257541,1474,0,0.0,,0.2766967754673748,0.296847185228638,,intact
309,316,35.31045628011365,34.59993605247116,6.894954260780955,170.7605951169537,7.894954260780955,700.7625869198439,73.80804860892478,5999,0.0911271257616156,5982,17,0,0.9971661943657276,0.0028338056342723,0.0,True,1786.0,23.84326858306659,0.6821094200025934,1786,0,0.0,,0.2692803301885514,0.4166666666666667,,intact
309,332,35.31045628011365,36.05718550250253,10.364087933439295,256.67723909717125,11.364087933439295,719.2030258499271,44.167861396101856,9293,0.14116425732667,9283,10,0,0.998923921231034,0.0010760787689658,0.0,True,2042.0,25.49487767351121,0.7144660251257254,2042,0,0.0,,0.2668873591593924,0.4004976911721991,,intact
309,338,35.31045628011365,34.61143190966385,1.0,24.7660229,2.0,721.050496361961,28.848373410828003,2959,0.0449483522468112,2959,0,0,1.0,0.0,0.0,True,2249.0,26.7559140009708,0.7653086806909911,2249,0,0.0,,0.3090169943749474,,,intact
309,339,35.31045628011365,35.05128444073712,8.45791845713346,209.46900219569991,9.45791845713346,720.4561808490264,40.72507967068413,7211,0.1095378736234389,7211,0,0,1.0,0.0,0.0,True,1279.0,20.17717384643024,0.5735268525115097,1279,0,0.0,,0.2708131845707603,,,intact
311,339,34.641232404029004,35.05128444073712,1.0,24.7660229,2.0,725.6359040566866,42.45530879926415,2909,0.0441888329455808,2909,0,0,1.0,0.0,0.0,True,1944.0,24.875578761936158,0.7138665638190193,1944,0,0.0,,0.3090169943749474,,,intact
312,314,34.076910700595576,34.62059654309169,5.324555320336759,131.868058995777,6.324555320336759,697.0186576308436,86.37178904966048,4730,0.0718505258963896,4721,9,0,0.9980972515856236,0.0019027484143763,0.0,True,1676.0,23.09734550211416,0.6724362041313111,1676,0,0.0,,0.2758872381516119,0.4461022193463599,,intact
312,316,34.076910700595576,34.59993605247116,1.0,24.7660229,2.0,703.0126112656492,74.85123592979703,2908,0.0441736425595562,2908,0,0,1.0,0.0,0.0,True,2145.0,26.129958014972605,0.7609539240764801,2145,0,0.0,,0.3090169943749474,,,intact
312,329,34.076910700595576,34.819624491094515,1.0,24.7660229,2.0,721.0564639860356,39.162197925490055,2816,0.0427761270452924,2816,0,0,1.0,0.0,0.0,True,1596.0,22.539356209735228,0.6542957827131428,1596,0,0.0,,0.3090169943749474,,,intact
312,334,34.076910700595576,34.51277111327765,1.0,24.7660229,2.0,721.4640776818585,38.1118030041357,2758,0.0418950846558652,2758,0,0,1.0,0.0,0.0,True,1533.0,22.0900216278697,0.6441208369449436,1533,0,0.0,,0.3133921657949117,,,intact
312,340,34.076910700595576,35.60358472667221,1.414213562373095,35.02444547122265,2.414213562373095,724.9801606310448,30.523738043975506,2890,0.0439002156111133,2890,0,0,1.0,0.0,0.0,True,2256.0,26.797520467958076,0.7691541314004925,2256,0,0.0,,0.2989350844248255,,,intact
313,321,34.428789303158176,35.52405670034287,1.0,24.7660229,2.0,723.7480314665868,49.22524714172416,2751,0.041788751953693,2751,0,0,1.0,0.0,0.0,True,1904.0,24.61832697999475,0.7038549075976878,1904,0,0.0,,0.3090169943749474,,,intact
313,331,34.428789303158176,35.15532181668117,1.0,24.7660229,2.0,723.2332595126987,48.96734559263052,2891,0.0439154059971379,2891,0,0,1.0,0.0,0.0,True,3389.0,32.84436335624222,0.9440190534208852,3389,0,0.0,,0.3090169943749474,,,intact
313,333,34.428789303158176,34.48368499340768,1.0,24.7660229,2.0,723.8245787025137,46.81055339582428,2828,0.0429584116775877,2828,0,0,1.0,0.0,0.0,True,1913.0,24.676442455702396,0.7161676520133919,1913,0,0.0,,0.3090169943749474,,,intact
314,316,34.62059654309169,34.59993605247116,1.0,24.7660229,2.0,705.3953643138532,79.78314176336816,2789,0.042365986622628,2789,0,0,1.0,0.0,0.0,True,2013.0,25.313194205551596,0.7313781982421271,2013,0,0.0,,0.3133921657949117,,,intact
314,319,34.62059654309169,35.75411514908922,10.489125293076055,259.77391720929086,11.489125293076055,723.8826958856051,52.80444508763167,8279,0.1257612058977188,8266,13,0,0.9984297620485566,0.0015702379514434,0.0,True,1262.0,20.042631473036263,0.5695975440923372,1262,0,0.0,,0.2664429672988209,0.2438507923347566,,intact
314,325,34.62059654309169,38.36227766706507,3.414213562373095,84.55649127122264,4.414213562373095,722.7387227106778,51.60098791097545,4748,0.0721239528448326,4748,0,0,1.0,0.0,0.0,True,2671.0,29.15828708955492,0.7990446362962522,2671,0,0.0,,0.2771863727725964,,,intact
315,337,35.347626484040504,35.2682821407516,1.0,24.7660229,2.0,726.6586800755001,48.07856291620111,2883,0.0437938829089411,2883,0,0,1.0,0.0,0.0,True,3002.0,30.91223509104024,0.875503429554044,3002,0,0.0,,0.3090169943749474,,,intact
316,334,34.59993605247116,34.51277111327765,1.0,24.7660229,2.0,729.8407843648681,57.97037566072768,2636,0.0400418575608632,2636,0,0,1.0,0.0,0.0,True,1458.0,21.542883141677365,0.6234130892894233,1458,0,0.0,,0.3090169943749474,,,intact
316,336,34.59993605247116,35.17089692056168,1.0,24.7660229,2.0,730.8062712615582,53.81091509111627,2902,0.0440825002434086,2902,0,0,1.0,0.0,0.0,True,2187.0,26.38453564275768,0.7563199267795921,2187,0,0.0,,0.3133921657949117,,,intact
316,338,34.59993605247116,34.61143190966385,1.0,24.7660229,2.0,731.6772273907759,54.39251173152438,2566,0.0389785305391407,2566,0,0,1.0,0.0,0.0,True,1213.0,19.649679181628848,0.5678165237935778,1213,0,0.0,,0.3139560124668341,,,intact
316,340,34.59993605247116,35.60358472667221,1.0,24.7660229,2.0,733.3568673140544,51.52725811762251,2424,0.0368214957236466,2424,0,0,1.0,0.0,0.0,True,1101.0,18.720555138359373,0.5333224012297978,1101,0,0.0,,0.3090169943749474,,,intact
317,321,34.51076674763133,35.52405670034287,1.0,24.7660229,2.0,730.5160170497675,62.502935610528255,2904,0.0441128810154578,2904,0,0,1.0,0.0,0.0,True,1641.0,22.85490151428355,0.6526724960265362,1641,0,0.0,,0.3090169943749474,,,intact
317,324,34.51076674763133,36.45821021856964,1.0,24.7660229,2.0,732.5643453790339,60.12286708621564,2860,0.0434445040303751,2860,0,0,1.0,0.0,0.0,True,1778.0,23.789808272341748,0.6704283840436833,1778,0,0.0,,0.3090169943749474,,,intact
317,327,34.51076674763133,34.78302679752419,1.0,24.7660229,2.0,732.5116062985047,58.4313128414091,2808,0.0426546039570956,2808,0,0,1.0,0.0,0.0,True,1913.0,24.676442455702396,0.7122266279049049,1913,0,0.0,,0.3133921657949117,,,intact
314,338,34.62059654309169,34.61143190966385,1.0,24.7660229,2.0,725.6832737559703,40.94383136334698,2590,0.0393430998037313,2590,0,0,1.0,0.0,0.0,True,1736.0,23.507147049675357,0.6790830075336246,1736,0,0.0,,0.3090169943749474,,,intact
314,340,34.62059654309169,35.60358472667221,1.0,24.7660229,2.0,727.3629136792488,35.345827769767254,3014,0.0457838234781645,3014,0,0,1.0,0.0,0.0,True,1918.0,24.708669767927827,0.7037083044944383,1918,0,0.0,,0.3090169943749474,,,intact
315,324,35.347626484040504,36.45821021856964,1.0,24.7660229,2.0,726.97162358413,47.295644254575855,3022,0.0459053465663614,3022,0,0,1.0,0.0,0.0,True,2965.0,30.721146015976345,0.8556726702652467,2965,0,0.0,,0.3090169943749474,,,intact
315,335,35.347626484040504,35.47347469151072,6.158776208911124,152.5283926258681,7.158776208911124,726.8784508267595,52.5429399372766,6008,0.091263839235837,5683,325,0,0.9459054593874834,0.0540945406125166,0.0,True,1908.0,24.64417299969047,0.6959556570181685,1908,0,0.0,,0.2598751755617592,0.3916982318703404,,intact
317,335,34.51076674763133,35.47347469151072,6.6212327846342935,163.98160277048368,7.621232784634293,732.4711726216633,62.12751311555803,5768,0.0876181465899314,5632,136,0,0.9764216366158114,0.0235783633841886,0.0,True,1607.0,22.61689605355588,0.6463425362186265,1607,0,0.0,,0.2687959533979827,0.3797611274246456,,intact
318,321,34.460246695927495,35.52405670034287,1.0,24.7660229,2.0,741.147661520748,80.83440842042455,1874,0.0284667834101129,1874,0,0,1.0,0.0,0.0,True,1371.0,20.890257393291662,0.5969983661909238,1371,0,0.0,,0.3090169943749474,,,intact
318,327,34.460246695927495,34.78302679752419,1.0,24.7660229,2.0,743.1432507694851,77.18261864460779,1606,0.0243957599555183,1606,0,0,1.0,0.0,0.0,True,1087.0,18.601151746109178,0.5372695659129485,1087,0,0.0,,0.3090169943749474,,,intact
319,325,35.75411514908922,38.36227766706507,1.0,24.7660229,2.0,747.2200079172354,88.1984868042495,1564,0.0237577637424848,1564,0,0,1.0,0.0,0.0,True,2599.0,28.76260409266991,0.7761468954382479,2599,0,0.0,,0.3090169943749474,,,intact
319,332,35.75411514908922,36.05718550250253,1.0,24.7660229,2.0,748.3170884504941,89.92433164027337,1355,0.020582973063342,1355,0,0,1.0,0.0,0.0,True,2067.0,25.65046850920847,0.7143852924669151,2067,0,0.0,,0.3090169943749474,,,intact
319,338,35.75411514908922,34.61143190966385,1.0,24.7660229,2.0,750.1645589625277,87.00892723779621,1252,0.0190183633028075,1252,0,0,1.0,0.0,0.0,True,1039.0,18.185817873963178,0.5168955158915649,1039,0,0.0,,0.3203772410170407,,,intact
320,323,36.14401368147404,34.97254014738215,1.0,24.7660229,2.0,744.0619427051545,87.51462386570563,1650,0.025064136940601,1650,0,0,1.0,0.0,0.0,True,1432.0,21.349935761383176,0.6004209881362459,1432,0,0.0,,0.3133921657949117,,,intact
320,326,36.14401368147404,37.43031018478312,1.0,24.7660229,2.0,743.7200886491033,88.10597706966054,1868,0.0283756410939653,1868,0,0,1.0,0.0,0.0,True,1906.0,24.63125337992984,0.6695611209341004,1906,0,0.0,,0.3090169943749474,,,intact
321,327,35.52405670034287,34.78302679752419,7.071067811865476,175.12222735611326,8.071067811865476,748.6208055888744,87.08345279144294,2663,0.0404519979835276,2663,0,0,1.0,0.0,0.0,True,664.0,14.538148590038452,0.4135614184729908,664,0,0.0,,0.2687959533979826,,,intact
321,330,35.52405670034287,35.51484774280777,1.0,24.7660229,2.0,746.4575049654768,89.72229960543173,1467,0.022284296298098,1467,0,0,1.0,0.0,0.0,True,1214.0,19.657777133417756,0.5534369452206015,1214,0,0.0,,0.3090169943749474,,,intact
321,333,35.52405670034287,34.48368499340768,1.0,24.7660229,2.0,746.7017635760642,89.87281150185719,1385,0.0210386846440802,1385,0,0,1.0,0.0,0.0,True,887.0,16.80300178673508,0.4800326758214814,887,0,0.0,,0.3090169943749474,,,intact
322,325,35.11793677276132,38.36227766706507,1.0,24.7660229,2.0,746.6715805629343,89.09983583763749,1516,0.0230286252133037,1516,0,0,1.0,0.0,0.0,True,2776.0,29.72588508432008,0.8090854200939458,2776,0,0.0,,0.3090169943749474,,,intact
328,329,34.66091639529324,34.819624491094515,1.0,24.7660229,2.0,746.5216190474463,88.30552988248637,1506,0.0228767213530576,1506,0,0,1.0,0.0,0.0,True,1156.0,19.182445840623718,0.5521674297841234,1156,0,0.0,,0.3090169943749474,,,intact
329,334,34.819624491094515,34.51277111327765,1.0,24.7660229,2.0,747.8846370852547,89.29014992812334,1310,0.0198994056922347,1310,0,0,1.0,0.0,0.0,True,790.0,15.85764200898717,0.4574381678508502,790,0,0.0,,0.3090169943749474,,,intact
329,340,34.819624491094515,35.60358472667221,1.0,24.7660229,2.0,751.400720034441,83.74712040783837,923,0.0140207263007119,923,0,0,1.0,0.0,0.0,True,827.0,16.224742705941285,0.4607782827894195,827,0,0.0,,0.3090169943749474,,,intact
330,333,35.51484774280777,34.48368499340768,1.0,24.7660229,2.0,746.5340522014037,89.60880400324696,1229,0.0186689844242416,1229,0,0,1.0,0.0,0.0,True,765.0,15.604712843580296,0.4458582839839103,765,0,0.0,,0.3090169943749474,,,intact
322,328,35.11793677276132,34.66091639529324,1.0,24.7660229,2.0,746.4166705445107,88.56628851017258,1582,0.0240311906909278,1582,0,0,1.0,0.0,0.0,True,2372.0,27.47782833536798,0.7875689292052624,2372,0,0.0,,0.3164309725825327,,,intact
323,326,34.97254014738215,37.43031018478312,1.0,24.7660229,2.0,745.2238146868328,89.46801231169933,1468,0.0222994866841226,1468,0,0,1.0,0.0,0.0,True,1042.0,18.212053739309848,0.5030756014647968,1042,0,0.0,,0.304845440523399,,,intact
323,329,34.97254014738215,34.819624491094515,1.0,24.7660229,2.0,746.5213460661579,88.42477303162488,1479,0.0224665809303933,1479,0,0,1.0,0.0,0.0,True,843.0,16.3809411833672,0.4694206367783677,844,0,0.0,,0.3164309725825327,,,intact
323,333,34.97254014738215,34.48368499340768,1.0,24.7660229,2.0,746.1719897774375,88.98061730890687,1378,0.020932351941908,1378,0,0,1.0,0.0,0.0,True,838.0,16.332289631953525,0.4702901604239934,838,0,0.0,,0.3090169943749474,,,intact
323,334,34.97254014738215,34.51277111327765,1.0,24.7660229,2.0,746.9289597619808,87.71910602607215,1230,0.0186841748102662,1230,0,0,1.0,0.0,0.0,True,1135.0,19.007412259921196,0.5470915194901785,1135,0,0.0,,0.3090169943749474,,,intact
324,335,36.45821021856964,35.47347469151072,1.0,24.7660229,2.0,750.6287002412994,89.84876177757606,1163,0.0176664189466175,1163,0,0,1.0,0.0,0.0,True,888.0,16.812470934731934,0.4674566140289554,888,0,0.0,,0.3090169943749474,,,intact
325,340,38.36227766706507,35.60358472667221,1.0,24.7660229,2.0,750.7002257108791,83.07691142665496,1232,0.0187145555823154,1232,0,0,1.0,0.0,0.0,True,1147.0,19.10762778193065,0.5166607178921637,1147,0,0.0,,0.3090169943749474,,,intact
326,331,37.43031018478312,35.15532181668117,1.0,24.7660229,2.0,745.2388165315714,89.42326718971817,1853,0.0281477853035962,1853,0,0,1.0,0.0,0.0,True,1218.0,19.69013563619756,0.5425353501310106,1218,0,0.0,,0.3203772410170407,,,intact
338,340,34.61143190966385,35.60358472667221,1.0,24.7660229,2.0,753.6447767561715,87.30174448816489,875,0.0132915877715308,875,0,0,1.0,0.0,0.0,True,402.0,11.31196597616364,0.3222093084375838,402,0,0.0,,0.3090169943749474,,,intact
330,334,35.51484774280777,34.51277111327765,1.0,24.7660229,2.0,747.291022185947,88.39037757328316,1075,0.0163296649764522,1075,0,0,1.0,0.0,0.0,True,797.0,15.927742441679586,0.4548988728122508,797,0,0.0,,0.3090169943749474,,,intact
330,336,35.51484774280777,35.17089692056168,1.0,24.7660229,2.0,748.256509082637,86.83161305545894,1254,0.0190487440748568,1254,0,0,1.0,0.0,0.0,True,946.0,17.35284277373209,0.490985639505461,946,0,0.0,,0.3090169943749474,,,intact
331,333,35.15532181668117,34.48368499340768,9.273618495495704,229.67064802531016,10.273618495495704,746.186991622176,89.1424194379128,3288,0.0499459892489068,3288,0,0,1.0,0.0,0.0,True,783.0,15.787230310662732,0.4534019376156748,783,0,0.0,,0.2711923793731366,,,intact
332,338,36.05718550250253,34.61143190966385,1.0,24.7660229,2.0,750.1176663208591,87.07211526740569,958,0.0145523898115732,958,0,0,1.0,0.0,0.0,True,840.0,16.351767622932517,0.4627731013205695,840,0,0.0,,0.3090169943749474,,,intact
332,339,36.05718550250253,35.05128444073712,1.0,24.7660229,2.0,749.5233508079247,87.9516235446839,1264,0.0192006479351028,1264,0,0,1.0,0.0,0.0,True,1085.0,18.58403149237035,0.5226952993702307,1085,0,0.0,,0.3090169943749474,,,intact
333,334,34.48368499340768,34.51277111327765,6.559265477474685,162.44691902231747,7.559265477474685,747.5352807965343,88.84281984696098,2650,0.0402545229652077,2514,136,0,0.9486792452830188,0.0513207547169811,0.0,True,537.0,13.074112164146964,0.3789792375402934,537,0,0.0,,0.2612038749637415,0.4090949882851011,,intact
334,340,34.51277111327765,35.60358472667221,1.0,24.7660229,2.0,751.8083337302638,84.27549703797321,967,0.0146891032857946,967,0,0,1.0,0.0,0.0,True,449.0,11.954962939989484,0.3410035446587759,449,0,0.0,,0.3090169943749474,,,intact
335,336,35.47347469151072,35.17089692056168,1.0,24.7660229,2.0,750.3793760291933,89.73358626953929,1224,0.0185930324941186,1224,0,0,1.0,0.0,0.0,True,771.0,15.665788274060857,0.4435112923103341,771,0,0.0,,0.3090169943749474,,,intact
335,337,35.47347469151072,35.2682821407516,1.0,24.7660229,2.0,750.3157567326696,89.65804484684513,988,0.0150081013923114,988,0,0,1.0,0.0,0.0,True,629.0,14.14980276928284,0.4000410338361773,630,0,0.0,,0.3090169943749474,,,intact
336,338,35.17089692056168,34.61143190966385,2.6502815398728847,65.63693330793913,3.6502815398728847,751.0941807036752,88.54409893196183,1363,0.0207044961515389,1363,0,0,1.0,0.0,0.0,True,713.0,15.065024024177417,0.4317718905836272,713,0,0.0,,0.2817290466902531,,,intact
336,339,35.17089692056168,35.05128444073712,1.0,24.7660229,2.0,750.4998651907408,89.55823011928703,982,0.0149169590761637,982,0,0,1.0,0.0,0.0,True,732.0,15.26443044094783,0.4347466895797811,732,0,0.0,,0.3090169943749474,,,intact
337,339,35.2682821407516,35.05128444073712,1.0,24.7660229,2.0,750.436245894217,89.44331873166396,1064,0.0161625707301815,1064,0,0,1.0,0.0,0.0,True,1848.0,24.2535908613064,0.6898105901492014,1848,0,0.0,,0.3090169943749474,,,intact
