bead_id,voxels,volume_mm3,r_eq_vox,cz,cy,cx,r_fit_vox,fill,roughness,sphericity,radius_ok,shape_ok,scan
1,142130,2.15900956567735,32.374200265067266,36.31865897417857,34.92303524941955,37.92096672060789,32.656307487187554,0.9743072108893699,0.11922498699242319,0.7347752530342107,True,True,1
2,180628,2.743809046852659,35.06701679154516,36.79962132116837,39.78100848152003,37.67800119582789,34.69000369272983,1.0329598129245117,0.018997187256812362,0.9556873006660773,True,True,1
3,161453,2.4525333948308257,33.77944449447027,36.828191486067155,37.80941822078252,38.55849070627365,33.946026978605715,0.9853503013430612,0.07907558847628651,0.8648055703890033,True,True,1
4,159852,2.42821358680543,33.66741882564667,37.324312489052375,35.22560243224983,37.18746715712034,33.80180412226851,0.988120302927101,0.086298635104846,0.8421327250006607,True,True,1
5,146864,2.2309208531178384,32.729716817102066,35.56637433271598,38.81682372807495,34.477291916330756,32.95597606261638,0.9795445823959589,0.10240888724097134,0.7748856713700458,True,True,1
6,157620,2.394308645198508,33.50998534897102,35.161229539398555,35.4871907118386,36.99246922979317,33.23441617923593,1.0250818683076752,0.0372883425933439,0.9548443212140852,True,True,1
7,181929,2.7635717390706724,35.15100726093892,37.05664847275585,39.89268890611172,37.13881239384595,34.81025734244462,1.0296547357597052,0.024376508932694115,0.9298581143196907,True,True,1
8,190287,2.890532985464335,35.68125900676466,38.04514233762685,38.54880259818064,36.02863043718173,35.2449781689258,1.0375971548945417,0.022349105691885293,0.9465160945549722,True,True,1
9,172052,2.613536296305632,34.50301434231321,35.340769069816105,36.513972519935834,40.0444691139888,34.14412454216695,1.0318656860132447,0.026054535938463866,0.9425303164658322,True,True,1
10,170796,2.5944571714587257,34.418850508306,36.576026370640996,36.420560200473076,36.199963699384064,34.029775285707295,1.0346937894468133,0.016168295447970358,0.9781758702591337,True,True,1
11,194963,2.961563230515396,35.97116717983626,41.098941850504964,38.32252273508307,35.02086036837759,35.45107090052445,1.044661316463439,0.0828009301801391,0.7470344641733501,True,True,1
12,187123,2.8424706040824796,35.48238910254154,36.84519273419088,38.41236512881901,37.844642294106016,35.105727437934824,1.0325346444432437,0.01994133943520717,0.9549905168017603,True,True,1
13,174952,2.657588415776991,34.695788952597,37.048887694910604,36.25513855228863,40.087481137683476,34.34652084355858,1.0308181291614138,0.022726960322938892,0.9434761685265424,True,True,1
14,192765,2.9281747620333105,35.83547711957012,38.400326822815344,38.12557258838482,38.62302803932249,35.60792826098139,1.0192939686628422,0.031523949374300995,0.9003945971472304,True,True,1
15,177958,2.7032507161669592,34.89337428758804,37.29813776284292,42.55336090538217,36.60021465739107,34.61482785846157,1.0243358637891704,0.029357001329845773,0.9283575248759716,True,True,1
16,165551,2.514783596759664,34.062856611906746,35.35223586689298,35.68760684018822,36.71310351492893,33.694961077387745,1.0331141788745857,0.022001733333496587,0.9607043653074185,True,True,1
17,184104,2.7966108286741918,35.29053197658033,36.33585364793812,38.53307369747534,36.57896623647503,34.88732319767096,1.0350746428479032,0.02587369262336268,0.9270639926558697,True,True,1
18,180703,2.7449483258045047,35.0718696056749,37.871031471530635,36.56295136217993,39.4209116616769,34.692688848010675,1.0331487874185492,0.03796083588010097,0.8725737023392471,True,True,1
19,182212,2.767870618315636,35.16922422366452,35.90368910938906,37.62645709393454,37.79190722894211,34.73301167734799,1.0381522241522163,0.01911900217346669,0.9544811932771731,True,True,1
20,185298,2.8147481495875724,35.36665947250254,36.65763257023821,42.22141631318201,37.77562628846507,34.979218848832986,1.0335983386268113,0.039379528622743215,0.8819517884444825,True,True,1
21,178397,2.7099192956317615,34.922043247922424,37.01769648592745,36.30223041867296,39.09945795052607,34.50774184919612,1.0364522918126176,0.03179283862692352,0.9384040674641724,True,True,1
22,174859,2.656175709876703,34.68964006549909,37.007703349555925,35.70268044538743,38.031356693107014,34.32626515334261,1.0320951149011923,0.021190781314623198,0.953420133645151,True,True,1
23,164209,2.4943980987146417,33.97056595494211,35.073802288546915,34.856292895030116,40.1010724138141,33.45626416888253,1.0468296455198358,0.033014734540925614,0.9302627863662032,True,True,1
24,180796,2.746361031704793,35.07788523073216,39.43812916214961,39.220192924622225,38.429932078143324,34.81406026858317,1.0229070645343352,0.03015140429967245,0.9214372809416604,True,True,1
25,169767,2.5788262642394058,34.34958978760105,38.213740008364404,36.98467900121932,38.52755835939847,33.86755709091271,1.0433092315072068,0.026184822090246748,0.9379343550788248,True,True,1
26,196478,2.9845766653426753,36.06410065311433,40.36006575799835,39.850924785472166,38.58232982827594,35.70421397157959,1.030544832227285,0.034411180555272064,0.9312143961467474,True,True,1
27,171059,2.5984522429831975,34.43650805558781,34.196440994042995,40.059494092681476,39.48912363570464,33.93878177622534,1.0446446187082026,0.03826553910562691,0.8900491572536471,True,True,1
28,167331,2.5418224838834638,34.18450264932303,37.54692794521039,35.804017187490665,37.60067769869301,33.76232956582067,1.0379838171025293,0.016380409165780242,0.978628824789337,True,True,1
29,193061,2.932671116296594,35.85381010967487,40.17420918776967,38.18765053532303,37.03195881094576,35.29761733199076,1.04802048228536,0.03319791918936422,0.9151344171146737,True,True,1
30,177675,2.6989518369219954,34.874867928268486,37.60925847755734,36.639268327001545,38.587854228225694,34.4442808459344,1.0379737006907888,0.017173428734735232,0.979584775112324,True,True,1
31,177701,2.699346786958635,34.87656897857619,38.080573547700915,40.30921604267843,36.55969859483064,34.45258896705011,1.0373747522006962,0.022252002383459077,0.9632224203732223,True,True,1
32,178739,2.7151144076521767,34.944345033315656,37.67037971567481,39.771611120124874,36.75178892127627,34.85353430254348,1.007836870353126,0.038037133204788735,0.8951803911841156,True,True,1
33,175885,2.6717610459379495,34.75735592905641,36.16769480057992,36.56969610825255,36.16582994570316,34.29768168986213,1.040748748975663,0.027338245896984827,0.9254680807218794,True,True,1
34,177396,2.69471371922113,34.856603896381756,37.525147128458364,34.211515479492206,39.88721278946538,34.3919188785513,1.0410845236495552,0.029557850783354055,0.9452799165319623,True,True,1
35,187269,2.844688400442072,35.49161490958574,40.28872370760777,43.283720209965345,35.55658971853323,35.22174480295136,1.0231626634956716,0.03473049463558255,0.913883880560982,True,True,1
36,193235,2.935314243464876,35.864578191072304,37.82031723031542,37.97055916371258,43.0776826144332,35.43556249645476,1.036762282255262,0.028634983707658095,0.9379829434590157,True,True,1
37,178054,2.704708993225321,34.8996476063209,37.03827490536579,39.52662675368147,36.64133914430454,34.49472913323332,1.0356306811410338,0.021425747376459248,0.9459907265888575,True,True,1
38,159602,2.4244159902992783,33.64985831892786,40.09182842320271,38.26185762083182,36.151395345922985,33.245667860866135,1.0369182892321007,0.026534952569212185,0.9547170591693327,True,True,1
39,207799,3.1565470255272476,36.74387440854273,38.695576013359066,42.08363370372331,37.98677086992719,36.2764869797404,1.0391522303925262,0.04312269926521533,0.868449208805912,True,True,1
40,182828,2.7772278961067935,35.20881158088021,37.500317238059814,38.618138359551054,42.44484433456582,34.65330824881111,1.0488659670498925,0.04013174572842191,0.9019841983566665,True,True,1
41,194012,2.947117173405995,35.91258452118788,38.74404675999423,44.08552048326908,37.619673009916916,35.64870109974902,1.022371776669078,0.044154025110945946,0.8641574512827186,True,True,1
42,159381,2.4210589149878405,33.634319554140184,37.472044973993135,38.55836015585296,35.424084426625505,33.32613500881115,1.0279999415267658,0.0306665489074712,0.9320963655539155,True,True,1
43,183576,2.7885903048531997,35.256762580832095,40.00857410554757,37.42540419226914,41.01559027323833,34.862513429553815,1.0343111575318842,0.029962313182968325,0.9586143646406563,True,True,1
44,169074,2.568299326724353,34.3027869547611,37.60343991388386,36.50670712232514,36.54904361403882,33.95566660417907,1.0309828375695753,0.024840445511262382,0.9368413646461338,True,True,1
45,190071,2.88725186208302,35.667752969417855,37.99857947819499,36.97618258440267,40.524614486165696,35.23057556475461,1.0376909647009163,0.036008475722548346,0.89177875202625,True,True,1
46,189146,2.873200755010259,35.609798595509936,38.72632781026297,41.30804246455119,37.30803717762998,35.26727682286615,1.0294204035242365,0.05169345098379058,0.8366659949397262,True,True,1
47,148069,2.2492252682774896,32.81898746425228,35.00737494006173,35.790422032971115,36.52971249890254,32.54541614287879,1.025430065933872,0.027683203936368722,0.9248253989759241,True,True,1
48,184969,2.8097505125854765,35.34571568790923,38.790013461715205,35.77890889824781,34.57352313090301,35.02168851665349,1.028014158421168,0.03275523563950788,0.9023367162954833,True,True,1
49,183063,2.780797636822576,35.22389046776588,34.98670949345308,37.44250340046869,38.477474967634095,34.73346010146276,1.0429603973723178,0.033176612689779714,0.9109816650445346,True,True,1
50,153799,2.3362661801984856,33.23698599792889,33.2043771415939,39.76830798639783,35.59205196392694,32.8672429160119,1.0341298604688416,0.037475199909542706,0.8908860733275379,True,True,1
51,186100,2.826930839179307,35.41761026092977,37.599865663621706,40.30302525523912,37.07921547555078,35.000853624405835,1.0361481473090755,0.02848567533004822,0.9289286230350645,True,True,1
52,168413,2.558258481562088,34.25802597250585,37.10379246257712,39.566078628134406,36.22327255021881,33.885149762088986,1.0333769605049519,0.028607220562979672,0.9515918044767279,True,True,1
53,179170,2.721661464028782,34.97241002038956,39.369888932298934,37.234151922754926,40.325355807333814,34.65641032063965,1.0276043966450712,0.0401046818699788,0.9001402643080211,True,True,1
54,190616,2.895530622466431,35.70181107666943,41.34298799681034,39.57300016787678,37.50745477819281,35.25567960433547,1.0384449298671976,0.033772431009991076,0.9346829912048961,True,True,1
55,165921,2.5204040395887684,34.08821411367425,36.61611248726804,36.41914525587478,36.1112457133214,33.66584853016896,1.0381116190476098,0.02216524111739782,0.9531165612239011,True,True,1
56,177702,2.6993619773446595,34.876634400274355,37.676407693779474,37.81102632497102,36.01878988418814,34.46733948616493,1.0360492988105676,0.026496774643132413,0.9358071516906386,True,True,1
57,171509,2.6052879166942704,34.466678659063646,37.25146785299897,36.09472972263846,38.943274113894894,34.03131325546819,1.0388723306337926,0.024912475367250574,0.9778298268346485,True,True,1
58,216589,3.2900705186835406,37.25483082647597,33.83085475254976,36.673944660162796,48.47495486843746,36.681766451994676,1.0476037937959042,0.11785216663905228,0.6703886487704982,True,True,1
59,192120,2.918376963047439,35.795463440067245,42.03329169269207,37.24027170518426,40.692593170934835,35.27912340579216,1.0445533160846063,0.030359868590695636,0.9216869626537729,True,True,1
60,178338,2.7090230628563097,34.918192981879045,38.74206282452422,38.8230046316545,36.72556605995357,34.51256567328224,1.0356751225391603,0.021724923276833008,0.959338275378455,True,True,1
61,180764,2.7458749393520057,35.07581557108058,39.55278152729526,37.42216370516253,37.27031931136731,34.72898098196754,1.0302608867053014,0.021474674377881572,0.9553834250735437,True,True,1
62,202581,3.0772835912508496,36.43370747772507,43.28471080703521,39.611533164511975,38.12193641062094,36.06700273691016,1.0308131327472008,0.07246563035167917,0.7725587629760682,True,True,1
63,177621,2.6981315560766665,34.87133444730795,36.80835599394216,36.62200978487904,36.924699219123866,34.47140590734287,1.0352106050828298,0.015540065872937431,0.9713141996351174,True,True,1
64,159784,2.4271806405557568,33.6626441816288,39.60726355580033,36.82251664747409,34.124530616332045,33.19630187914166,1.0427388719791657,0.031146584582435913,0.921575730689548,True,True,1
65,192457,2.9234961231377317,35.816380965084186,40.615171181095,36.87536436710538,38.74895690985519,35.37297203441848,1.038079106997107,0.02491969404655547,0.9368535374543718,True,True,1
66,161599,2.454751191190418,33.789623541527995,36.27659205811917,35.15876335868415,36.289500553840064,33.375188811309165,1.0377168431331718,0.019903263337405823,0.9626850547744185,True,True,1
67,177937,2.702931718060442,34.892001698390644,37.259479478691894,37.97923422334871,37.038367512096976,34.65876472619466,1.0203247347590807,0.028719405664259418,0.9202974802480259,True,True,1
68,160034,2.4309782370619084,33.68019136151852,35.931252108926856,35.524626016971396,37.450516765187395,33.34774063109279,1.0302067855081027,0.020613607847041658,0.9560684903262007,True,True,1
69,190451,2.8930242087723705,35.691506766142716,39.77606313434952,43.49908900452085,38.572378197016555,35.389270113429035,1.0258404769984255,0.03341156266569575,0.923505341905304,True,True,1
70,175020,2.6586213620266648,34.70028353405102,36.10483944692035,36.458416181007884,39.57213461318707,34.27444023095884,1.0377385692411614,0.020965073609509218,0.9709799108296916,True,True,1
71,164270,2.4953247122621427,33.97477187135255,35.96416265903695,35.373367017714735,35.672082547026235,33.59525531767608,1.034274482260526,0.029611416584624364,0.9109759259314099,True,True,1
72,160458,2.4374189607363417,33.709909646369326,39.021563275124954,35.589668324421346,35.077746201498215,33.38699862524162,1.0292968120199923,0.029428393780650246,0.9296869578170335,True,True,1
73,183893,2.793405657223,35.277044765051535,37.992435818655416,37.848999146242654,36.694920415676506,34.987527333874056,1.025030613667582,0.02460576457827768,0.9319412880955275,True,True,1
74,195326,2.9670773406423283,35.993478145085604,36.05917798961736,39.8399189048053,40.102981681906144,35.46823341230962,1.0450877894742308,0.04694778644583949,0.8642406102213617,True,True,1
75,170159,2.5847808955610514,34.376007738219194,39.93815196375155,36.43449949752878,35.87550467503923,33.948840853441,1.0382249568887076,0.023919827598356914,0.9493826990889678,True,True,1
76,168424,2.558425575808359,34.25877181770291,36.43846482686553,38.43968793046122,35.54021992115138,33.89243815506046,1.0327778889226462,0.02175054759315342,0.9394462144289742,True,True,1
77,173121,2.6297748189659362,34.57432533319817,37.03241085714616,38.41917502787068,35.05470740118183,34.16871063771164,1.036037248841516,0.021983010140713986,0.9552350940399733,True,True,1
78,181837,2.7621742235564084,35.145081070064364,42.669786677078925,36.24312433663116,36.362846945341154,34.74798785501515,1.0346766903294238,0.03227780779681201,0.9215767318213535,True,True,1
79,157035,2.385422269374113,33.468476987330554,35.04812939790492,36.02699398223326,36.78072404241093,33.00575248534102,1.042650927802901,0.027597735004851208,0.9257234756213044,True,True,1
80,194063,2.94789188309325,35.91573102990557,37.139588690270685,39.11367957828128,38.757491124016425,35.418906486734734,1.0426743385680912,0.052317300154606505,0.843963055516931,True,True,1
81,172331,2.6177744140064974,34.52165433161301,40.653335731818416,37.30654960512038,38.59243548752111,34.12145429214201,1.0356003771066808,0.024871697756907972,0.9750186393482252,True,True,1
82,170993,2.5974496775055735,34.4320785860252,39.18700180709152,35.687349774552175,36.9424713292357,33.89596744338189,1.0482035374425414,0.029913293554717477,0.934705312111506,True,True,1
83,169893,2.580740252878506,34.358085702599126,35.93446463362234,40.20268639673206,40.13791033179707,33.948464292243074,1.0366364529646175,0.026711382859874764,0.9595576011892425,True,True,1
84,172365,2.6182908871313337,34.52392449593839,36.244927914599835,36.297368955414385,39.75706785020161,34.10148531660916,1.0376253851950499,0.018183441780367845,0.9729248050388386,True,True,1
85,160976,2.445287580697088,33.74614545572217,37.728176871086376,39.41201794056257,37.549703061325914,33.31027481371029,1.0397714185671396,0.03152699105711521,0.9249880143129584,True,True,1
86,171723,2.6085386593035365,34.481007943272154,35.942075318973,35.95267960610984,36.55231390087525,34.045636959560625,1.038856272356017,0.01982760963538655,0.970432900430994,True,True,1
87,176479,2.6807841352365656,34.79643955593624,37.03020189370973,38.920160472350815,36.13481490715609,34.42333446806353,1.0328698850389035,0.020298760856288983,0.9577140634457227,True,True,1
88,176166,2.6760295444108637,34.775855934474144,37.00932075428857,40.02391494385977,40.70683332765687,34.34231879491185,1.0383520817194958,0.02333048067509016,0.9749152425057483,True,True,1
89,190892,2.899723169009222,35.71903409368248,39.8614294994028,38.81632546151751,37.3864855520399,35.48351153136303,1.020045026285538,0.03386781019773726,0.8953705225476826,True,True,1
90,186703,2.8360906419521448,35.45582232197015,42.272223799296206,38.459965828079895,35.986540119869524,35.236787682270155,1.0187643947016252,0.07160048286869636,0.7688060472272515,True,True,1
91,185855,2.8232091946032782,35.402061048703075,39.48100400850125,37.79168706787549,37.06057948400635,34.86330172480084,1.0470805595106178,0.03160480945369972,0.9364286435582558,True,True,1
92,155498,2.3620746460542925,33.35892647033984,37.7762286331657,34.630580457626465,39.406448957542864,32.94834394722242,1.0378519973433236,0.022650348390785467,0.9694105166718481,True,True,1
93,182737,2.7758455709785546,35.202969052050186,37.71846971330382,36.283314271329836,39.818969338448156,34.96586703681724,1.0204811247039443,0.025921073333966194,0.9349170512725136,True,True,1
94,186635,2.8350576957024716,35.451517287264494,41.25331261553299,35.664146596297584,41.20588849894178,35.166262231764044,1.0245327628117677,0.04950270713515782,0.8462523942173011,True,True,1
95,173976,2.642762599016975,34.63114978246841,35.55073688324826,39.592564491654024,38.968053064790546,34.25372105735447,1.0334214267635071,0.024019750263315084,0.9500634120285849,True,True,1
96,193674,2.941982822929678,35.89171723902232,41.13201565517313,39.91023059367804,41.18848167539267,35.407277674355626,1.0416099080897236,0.06131962071266192,0.8256777700158408,True,True,1
97,179867,2.7322491630879333,35.01770076729709,37.661577721316306,36.75056013610056,38.024334647267146,34.60642493351479,1.0360785277319762,0.020380430783671712,0.9778692687077599,True,True,1
98,191129,2.903323290497054,35.73381018018388,38.0492808521993,39.42041762369918,37.62251672953869,35.30650920954308,1.0367490273682216,0.03917253802454483,0.8819535758780964,True,True,1
99,174864,2.656251661806826,34.68997070627658,36.12681283740507,36.46544743343398,36.333722206972276,34.289109607027505,1.0354834828674349,0.02227548129968723,0.9686017538303686,True,True,1
100,173478,2.635197786776721,34.598074732923536,38.95899191828359,40.701362708816106,35.86725117882383,34.13876415438441,1.0409081557287472,0.024146416052051582,0.9615904691638267,True,True,1
101,164832,2.5038617092079716,34.01347256433695,37.539082217045234,41.76483328479907,35.56995607649,33.57428600190866,1.0397586977234596,0.02687763517305632,0.9728207789616845,True,True,1
102,183663,2.7899118684373403,35.262331307892076,38.957873932147464,38.61302494242172,40.191606366007306,34.823520175504136,1.0382813524499623,0.021661398023066315,0.9748663932811843,True,True,1
103,184560,2.8035376447014126,35.319644533528646,38.28998699609883,41.203435197225836,37.38258560901604,35.15516295665066,1.0141019692430169,0.04068350218774361,0.876936472031839,True,True,1
104,179802,2.731261787996334,35.01348204867239,38.595566233968476,38.13129998553965,36.86557991568503,34.87463242825825,1.0119917968406469,0.036731646197599575,0.9060376324505316,True,True,1
105,191660,2.91138938547612,35.766871809248094,40.296686841281435,38.67304080141918,39.96651361786497,35.46413710950456,1.0258283153811596,0.034252287552918766,0.899031391748525,True,True,1
106,185682,2.820581257821021,35.391073167723775,37.27223963550586,37.00746976012753,40.45992611023147,35.02885541321827,1.0313435474176953,0.0216323787210797,0.9460556030950783,True,True,1
107,178110,2.7055596548426992,34.90330600098425,38.210723710066816,37.177614957049016,37.06735725113694,34.466507468643215,1.0385032503080585,0.026118186615697057,0.9549995948323856,True,True,1
108,177517,2.6965517559301073,34.864527206370376,37.01593086859287,36.55456097162525,39.77060225217866,34.43131800086891,1.0382224083461968,0.023436987100140177,0.9545387088440579,True,True,1
109,211357,3.210594419002798,36.952402140663864,44.631580690490495,36.30456053028762,40.06760599365055,36.223081171458645,1.0616267657260972,0.09083692377423165,0.7498836831199402,True,True,1
110,169568,2.5758033774205087,34.33616306944998,38.73575202868466,39.27826594640498,35.83595371768258,33.89921875858691,1.0391690891052405,0.03447615056508022,0.9064012282417571,True,True,1
111,227890,3.461737071147621,37.891827630135865,41.985712405107726,46.26607573829479,37.955355654043615,37.419892555422,1.0383148147419816,0.08128795920278817,0.7670188637952049,True,True,1
112,173404,2.6340736982109,34.59315456695237,35.9359761020507,36.542865216488664,39.22080805517751,34.184548638371375,1.0362891523446756,0.018525590076947665,0.9770964592715009,True,True,1
113,193339,2.9368940436114346,35.871011199549,41.28698814000279,40.678497354387886,39.021087312958066,35.49126336237683,1.032443945486741,0.07640879292767201,0.7687451635884704,True,True,1
114,230021,3.4941077837660575,38.00957024591864,39.16177653344695,45.015998539263805,44.06905891201238,37.886018904810804,1.0098153382185442,0.11409990470225423,0.6634991911539346,True,True,1
115,170772,2.5940926021941353,34.41723827088611,36.270729393577405,38.30557117091795,39.65458037617408,33.96163818227042,1.0407877283814562,0.0312597461996034,0.901638006944521,True,True,1
116,180489,2.7416975831952386,35.05801935631644,40.0790408279729,36.7047853331782,37.55731374211171,34.69318659834261,1.0318808517330376,0.02430561276990154,0.9496046149396223,True,True,1
117,164938,2.50547189012658,34.02076211877104,38.325964908026044,38.55689410566394,35.107761704398015,33.66785567484764,1.0317767669013254,0.024146996608799556,0.9473667594043613,True,True,1
118,172367,2.618321267903383,34.52405802571905,38.67532648360765,35.33056211455789,40.712172283557756,34.08587801765283,1.03906342328594,0.027308991603165092,0.9484871172614794,True,True,1
119,175387,2.6641962336976954,34.724520979400424,38.2513812312201,36.580219742626305,38.662899758819066,34.28716498542542,1.0387572276266777,0.027357633616582305,0.9292158819100207,True,True,1
120,171830,2.610164030608169,34.4881681214213,36.757213524995635,37.369062445440264,36.05896525635803,34.008271060591284,1.0429337466370634,0.0272324611086207,0.9399452191729496,True,True,1
121,185270,2.814322818778883,35.36487798835545,33.896658930209966,39.021762832622656,40.93909969234091,34.80945700282953,1.0486359588251257,0.09024244203734694,0.7318154014929921,True,True,1
122,203461,3.0906511309525038,36.48638657009162,41.9136787885639,40.47743302156187,39.4208128339092,36.10758661386851,1.0318039361932845,0.06716209869575104,0.7904080159491028,True,True,1
123,181205,2.752573899588857,35.104316586262485,36.1075908501421,38.90653679534229,37.17842222896719,34.71085117001535,1.0343934869711957,0.04000898086404133,0.8849354561889959,True,True,1
124,219829,3.3392873694032663,37.43967973018497,49.73224187891498,36.09785333145308,39.18795518334706,36.940277860583876,1.0411082825208886,0.10550240886221153,0.6904734285246018,True,True,1
125,173949,2.642352458594311,34.629358176309786,41.90650133084985,37.061190348895366,39.52703378576479,34.630273935035056,0.9999206704650112,0.06326411531167919,0.8028207391778293,True,True,1
126,178655,2.71383841522611,34.93887003918017,38.31404662617895,37.43669082869217,35.361422854104276,34.49638207991379,1.0389769619459066,0.02954325376039518,0.956313333879429,True,True,1
127,164659,2.5012337724257145,34.00156874591419,36.165712168785184,36.302060622255695,36.3864167764896,33.59387559465956,1.0368514406941118,0.023258326916000778,0.9477319533426766,True,True,1
128,161014,2.445864815366023,33.74880061888606,37.49447874097905,38.93882519532463,37.33271019911312,33.33816788720676,1.0374085951159069,0.03279298294200001,0.9171336288146973,True,True,1
129,192896,2.930164702602534,35.84359301972532,40.43843832946251,37.45391298938288,41.522234779362975,35.41702066572367,1.0365697673898637,0.046454088848610124,0.863739640589334,True,True,1
130,173056,2.628787443874337,34.5699977001818,39.741621209319526,35.996376895340234,40.59710729474852,34.218346680790084,1.031147957604829,0.026368404000215832,0.949620048071256,True,True,1
131,178630,2.713458655575495,34.93724024526248,40.388691709119406,38.447360465767225,40.56174214857527,34.548987292023696,1.0340935365881543,0.02993633076836468,0.9333751897158924,True,True,1
132,177432,2.695260573118016,34.858961621219606,36.02243112854502,35.481440777311875,38.059662293160194,34.35337402453181,1.0448047662823232,0.031071608544090638,0.9164061877287781,True,True,1
133,172270,2.6168478004589963,34.517580641197675,35.95409531549312,39.7607012248215,37.10715156440472,34.093569219281605,1.0377760317746396,0.025122614578588214,0.9642353897494402,True,True,1
134,170126,2.584279612822239,34.373785343091576,39.62005219660722,37.48290678673454,35.98622785464891,33.94167005693285,1.0386816506542875,0.022567171765074116,0.9618055813219051,True,True,1
135,184011,2.7951981227739036,35.284588646966746,36.6312394367728,37.737450478504,36.620859622522566,34.90356467482154,1.0331082413008434,0.02538305975386428,0.9464914082153775,True,True,1
136,179186,2.721904510205176,34.97345100921737,40.800274575022605,36.7561639860257,35.29790831873026,34.618904396737484,1.0310399829730799,0.0306474233158196,0.9277672728314027,True,True,1
137,180208,2.737429084722324,35.03981617809271,38.51049897895765,43.37322427417207,35.82247181035248,34.637625377663696,1.035240192987282,0.03150517228033296,0.9426248476999785,True,True,1
138,157428,2.3913920910817836,33.49637343131447,40.172440734812106,36.23498996366593,35.2359808928526,33.158162637694446,1.0309129535868933,0.03187793461328767,0.9383661371762909,True,True,1
139,187529,2.8486379008084697,35.508032562983935,39.671624122135775,39.00737485935509,38.326888107972636,34.84308007631817,1.058352186567298,0.06750904820583448,0.8129937124458381,True,True,1
140,167289,2.54118448767043,34.18164231212284,36.67731291358069,36.85947671395011,35.089946141109095,33.866045774420975,1.0282182374439661,0.02907622955210933,0.9585250840777081,True,True,1
141,164296,2.4957196622987823,33.976564240559135,35.59915640064274,36.82065905438964,35.66419145931733,33.55659385507311,1.0380177169352036,0.027304804667415798,0.9427822292037615,True,True,1
142,194600,2.956049120388464,35.94882850363621,40.52750256937307,38.05649537512847,37.90626927029805,35.61594054168158,1.0283026943409665,0.031281725677180884,0.9113362610480831,True,True,1
143,170810,2.5946698368630705,34.41979091038749,35.557765938762365,35.245945787717346,37.0379427433991,33.98780982855287,1.038616325137934,0.02094158850612516,0.97288601232654,True,True,1
144,168950,2.566415718857302,34.29439893952151,35.68349807635395,35.66563480319621,41.74804379994081,33.8754414787513,1.037563523530055,0.02835400399654847,0.9578203424079961,True,True,1
145,163317,2.4808482743806923,33.9089437166121,38.8433169847597,38.235707244193804,39.90522725741962,33.478832748885964,1.0390390290571114,0.022360427975636678,0.9654416483588739,True,True,1
146,195241,2.9657861578302365,35.98825629453394,41.38318283557245,36.08613457214417,36.583914239324734,35.42459342727513,1.0484984447564258,0.058717808666813746,0.8206761246066788,True,True,1
147,177179,2.6914174054537905,34.842385294456555,37.806167773833245,36.4122723347575,36.335502514406336,34.420128770823354,1.0372564990374364,0.024120604785235977,0.980129408069425,True,True,1
148,194049,2.9476792176889055,35.91486733731381,41.198769382990896,40.44615019917649,40.08672551778159,35.36932412122885,1.0469899599698378,0.059615141833099405,0.8210700058808238,True,True,1
149,192076,2.9177085860623566,35.79273056366353,40.99693350548741,39.14320893812866,40.59145338303588,35.98827330962219,0.9837878701820337,0.07415622883385024,0.7603141902075015,True,True,1
150,183397,2.785871225754795,35.24529954857376,36.19587016145302,40.688849872135314,38.83037345212844,34.73145953809672,1.045043853086143,0.03953737788300613,0.891987323657154,True,True,1
151,168595,2.5610231318185663,34.27036214624197,38.585634212165246,35.948230967703665,35.65369672884724,33.822458324060186,1.0402568168230788,0.02315808138878674,0.9579530719995571,True,True,1
152,173314,2.6327065634686857,34.587168694458654,40.0661054502233,36.89194756338207,36.52336222117082,34.22654385813247,1.0319434419091502,0.025440637140537244,0.943790846162657,True,True,1
153,161913,2.4595209724021445,33.81149471071307,36.89326984244625,37.75139117921353,34.327416575568364,33.45556338706234,1.0322575479647276,0.03028573102205494,0.9095454069348334,True,True,1
154,184340,2.800195759775999,35.30560499568301,40.18434957144407,37.650846262341325,38.12240425301074,34.957739506170455,1.0301511421826637,0.023507351750773495,0.9570406019770566,True,True,1
155,175112,2.6600188775409284,34.70636258573595,35.553274475764084,39.18058728128283,39.354732970898624,34.43311830802999,1.0239959398624596,0.030730177716759434,0.925760671042212,True,True,1
156,173478,2.635197786776721,34.598074732923536,42.77612723227153,41.195425356529356,34.637291183896515,34.14320147443844,1.0405023728332197,0.04033434798137996,0.9121783580122115,True,True,1
157,176696,2.6840804490039054,34.81069570849702,42.00457848508172,40.00870987458686,37.22107461402635,34.32986519134781,1.042609828965073,0.032815974294392404,0.9378317930651937,True,True,1
158,169176,2.569848746098863,34.309683699964694,40.404868302832554,36.878345628221496,36.21880172128434,33.8857294215532,1.0380054337916427,0.030228555006657797,0.9554861098416975,True,True,1
159,164912,2.50507694008994,34.01897440399882,38.65681090521005,40.56092946541185,36.03336324827787,33.588797659857846,1.0389156175771814,0.022445044945466213,0.9684532963662895,True,True,1
160,184926,2.8090973259864187,35.34297651978755,40.835036717389656,37.591674507640896,37.575716773195765,34.99453520338291,1.0301694764822225,0.02218227995811115,0.9441565567617558,True,True,1
161,196466,2.9843943807103797,36.06336642668919,38.30982460069427,36.828743904797776,42.4844146060896,35.44207790305116,1.0535163167186774,0.053606922412524655,0.8417818187965916,True,True,1
162,163566,2.4846306805008194,33.926167968830434,40.23637553036695,36.35150336867075,35.84542631109155,33.52025744747143,1.0367699173524652,0.028126197781830092,0.9455661391106944,True,True,1
163,172129,2.6147059560295265,34.508160724167446,37.602170465174375,38.623979689651364,35.415060797425184,34.09622587254233,1.0366842684240734,0.022464047139400478,0.9786722043475723,True,True,1
164,163126,2.4779469106499925,33.89571967033089,39.82889913318539,39.16045265622893,35.197074653948484,33.5401747913999,1.032140009078951,0.02882394610656754,0.9468794868429425,True,True,1
165,173403,2.6340585078248755,34.593088068638096,37.089756232591135,39.88920606909915,38.84465089992676,34.25940901680529,1.0295048489877516,0.025079179058216737,0.9453222181528708,True,True,1
166,149928,2.2774641958972333,32.95576364239626,36.13444453337602,34.41113734592604,35.307927805346566,32.56589644875118,1.0363465967498433,0.025470799694210705,0.9446474898135677,True,True,1
167,149403,2.2694892432343146,32.9172518002894,37.40630375561401,34.76271560812032,40.46572692650081,32.50368304749766,1.0386589928168433,0.028228694523558293,0.9478824349872267,True,True,1
168,170796,2.5944571714587257,34.418850508306,35.40027284011335,38.34665917234596,39.410653645284434,34.126770709245996,1.0258963921439908,0.026878554659519664,0.9242729188589723,True,True,1
169,176597,2.682576600787469,34.80419319815187,38.32190241057322,35.62907637162579,37.85602813184822,34.53917323318841,1.0231961549180464,0.03865145835093597,0.8915690743652953,True,True,1
170,162375,2.466538930745513,33.84362323359746,35.39935950731332,35.49255119322556,37.154709776751346,33.80217780815691,1.0036828629847465,0.05169187373281217,0.8387155638640135,True,True,1
171,183345,2.7850813256815155,35.24196810763349,41.23970656412774,37.22961629714473,42.85230576236058,34.80117593135995,1.0384813572465048,0.06384126985222963,0.8134257788358485,True,True,1
172,163105,2.477627912543476,33.894265087860525,36.88401949664327,36.56983538211581,40.603040985868,33.592262931784916,1.0272138880709014,0.02653972930518368,0.9552208527990981,True,True,1
173,168349,2.557286296856513,34.2536858652446,39.02188905191002,36.03922803224254,36.71838264557556,33.90351310807673,1.0313066646466107,0.027895443908200365,0.9498479709272498,True,True,1
174,171442,2.604270160830622,34.46218993788752,38.54474399505372,36.077192286604216,36.50465463538689,34.04407556933234,1.0372990437243383,0.020051672649144356,0.9619420020586965,True,True,1
175,170634,2.5919963289227397,34.40796497310431,37.079837547030486,40.39321002848202,38.25668389652707,33.96437835238328,1.0396949916064,0.02525377430959514,0.9726753929375747,True,True,1
176,163334,2.4811065109431105,33.91012022618751,35.94334308839556,38.60328529271309,35.2232052114073,33.5079772191378,1.0364380632684997,0.023524848786277145,0.949443259533506,True,True,1
177,180654,2.744203996889299,35.06869925254049,37.3253456884431,37.2243902709046,39.014475184607036,34.65648800574511,1.0361087028569234,0.017276422845071245,0.9770302950437628,True,True,1
178,170307,2.587029072692693,34.38597131115462,41.5157627108692,35.467144627055845,36.32393853452882,34.014991417489526,1.0330772370506303,0.026244127422941407,0.9529182211614422,True,True,1
179,209485,3.1821580163647343,36.84298200275642,45.74179058166456,38.1483017877175,38.014411533045326,36.056387955207555,1.0668851444166516,0.08932996687825158,0.7573401770954011,True,True,1
180,182802,2.776832946070154,35.20714248479177,37.51687071257426,37.1706381768252,37.7972779291255,34.88562742133563,1.0279043856254904,0.029369845912427594,0.9270295261229954,True,True,1
181,188173,2.8584205094083166,35.54863258835502,40.1681856589415,37.48035584276171,40.520877065253785,35.150034582533664,1.0344069494628443,0.025037722724934777,0.9701563639380644,True,True,1
182,175289,2.662707575867284,34.718052166473605,40.82757617420374,36.81965211736048,36.23852609119796,34.35398118239437,1.0321310275608122,0.0280926163960828,0.9643313038636857,True,True,1
183,174563,2.6516793556134193,34.67005488953046,40.75473038387287,35.27445678637512,37.74925385104518,34.30580283744362,1.0321928010106862,0.028610678827110044,0.9381347917716424,True,True,1
184,170799,2.5945027426167995,34.41905202736377,37.434768353444696,36.371465875092944,34.84234099731263,34.00629000714943,1.036857209562057,0.020837022621324183,0.9442536063994111,True,True,1
185,185724,2.821219254034055,35.39374137288827,41.10937197131227,33.69671124895005,41.963822661583855,34.91610478798006,1.0416025986770252,0.06496771664539788,0.7972806764751423,True,True,1
186,162037,2.4614045802691957,33.82012394472793,39.04925418268667,37.911526379777456,37.54834389676432,33.36848692986857,1.0411565643693297,0.025314492481764282,0.9546028907374153,True,True,1
187,178945,2.718243627173246,34.95776454699136,40.479527229036854,36.97433289558244,36.53769594009332,34.48109089758044,1.0420485810877869,0.02592544235765433,0.9544791502342912,True,True,1
188,189600,2.88009719026543,35.63826678215097,37.22439345991561,37.47303797468354,34.386397679324894,35.41054535311052,1.0194170141817225,0.029633793735734132,0.9222547761066383,True,True,1
189,194160,2.949365350537637,35.92171404508084,37.615528430160694,41.25376493613515,37.77666872682324,35.438132816571944,1.041498525884367,0.0363253100470592,0.8878327989893683,True,True,1
190,190627,2.8956977167127014,35.70249781924398,39.664979252676694,37.44260256941566,37.531126230806755,35.38910872099013,1.0268025270786387,0.027876372562024566,0.9411151089014613,True,True,1
191,162626,2.4703517176376892,33.86105279708289,38.63992227565088,35.35486945506869,34.94922706086358,33.45941040255504,1.036445616684137,0.02112293906900462,0.9610597904556882,True,True,1
192,174372,2.6487779918827195,34.65740540267153,38.62653407657193,36.89248273805428,37.514658316702224,34.36461411041533,1.025778814104038,0.031057424801137785,0.9118601413210525,True,True,1
193,213937,3.2497856149462834,37.10215175106342,35.41340207631219,46.38225739353174,37.93905682514011,36.60520713979275,1.0412827787935333,0.0767719402772629,0.7772316738573317,True,True,1
194,196171,2.979913216833121,36.04530728444269,40.348466389017744,36.55699874089442,44.04664807744264,35.69596603210634,1.029647993785544,0.041408817945557286,0.8670649694076834,True,True,1
195,176123,2.675376357811806,34.773026248291245,39.87076645299024,35.90247724601557,38.46529981887658,34.57456993963784,1.017318880712612,0.04361710463533345,0.861925422971257,True,True,1
196,153482,2.3314508278286854,33.214135022214,38.73418381308557,34.5659425861013,35.460842313756665,32.9537650261057,1.0238909832092515,0.030606459491748554,0.9265562802859173,True,True,1
197,183980,2.7947272208071405,35.28260709209855,39.10092944885314,39.13167735623437,37.99410261984998,34.88717785421784,1.0343904146023066,0.024814594635340883,0.9764009110687324,True,True,1
198,178402,2.7099952475618845,34.922369502633316,36.92244481564108,40.3699229829262,40.66369211107499,34.5995282102633,1.028254405145943,0.04893270719720694,0.8440027440903953,True,True,1
199,192902,2.9302558449186815,35.84396465232931,38.68048542783382,36.32238649677038,40.112352386185734,35.45236009424234,1.0335051988191701,0.046003037545898066,0.8589794573454322,True,True,1
200,179524,2.727038860681493,34.995427431335884,36.80695060270493,37.64697756288853,36.429129252913256,34.50465300222189,1.0432800775386015,0.02485732517469329,0.9349263919029369,True,True,1
201,180633,2.743884998782782,35.067340354274734,37.599480715041,38.45478400956636,38.17324076995898,34.68148216658347,1.033750034908601,0.026235472724230883,0.9412920974073242,True,True,1
202,166579,2.530399313592959,34.13321637267031,38.13058068544054,36.47262860264499,35.28539611835826,33.85782778270116,1.0246000351371425,0.031662501085747384,0.8992672194482358,True,True,1
203,165070,2.507477021081828,34.02983531223576,35.67569515962925,35.142266917065484,36.5466650511904,33.610131057806,1.037932053706181,0.02057677566764708,0.987022897165107,True,True,1
204,167873,2.5500556731088007,34.22137175256248,36.97065043217194,36.482418256658306,37.94447588355483,33.80450601795085,1.0374530702391414,0.018316840841067293,0.9777375374997649,True,True,1
205,175388,2.66421142408372,34.72458697527428,38.91642529705567,36.70723196569891,37.22067074144183,34.39094347208051,1.0293877495127939,0.029246644240563748,0.9140955744809289,True,True,1
206,169732,2.5782946007285443,34.347229065215586,41.52213489501096,35.9871326561874,38.51040463789975,33.901645875768075,1.0399507443807174,0.03278823704696101,0.9460200796725409,True,True,1
207,186304,2.8300296779283265,35.43054695097272,39.74969941600825,37.708116841291655,38.21348978014428,34.9913178484078,1.0381322250529585,0.04110477042324104,0.8750864932791965,True,True,1
208,176833,2.6861615318892764,34.81969012695012,36.298745143723174,38.91762849694344,36.196394338160864,34.447315553099514,1.0327817507824826,0.03214768094798829,0.9130351971590471,True,True,1
209,187157,2.842987077207316,35.48453800668427,38.81464225222674,42.20877124553183,35.09934974379799,35.121642298772876,1.0313190015096068,0.0848262763999192,0.744454970307504,True,True,1
210,175347,2.663588618256711,34.721880938716765,39.183704312021305,38.684266055307475,41.559673105328294,34.24356488935341,1.042492214587695,0.03445946607866716,0.9116423144854168,True,True,1
211,174802,2.6553098578733003,34.685870315061926,38.88854246518918,39.98018901385568,34.29161565657144,34.53927848272744,1.0127867360018825,0.03572922518593262,0.9030263241532517,True,True,1
212,170135,2.584416326296461,34.37439147935318,40.07605724865548,38.678214359185354,37.962153583918656,34.07365799519606,1.026712326685483,0.027288874868761602,0.9357985983104807,True,True,1
213,163598,2.485116772853607,33.92838025945478,37.202753089891075,36.400738395334905,36.33703957261091,33.532500985152396,1.0358372928987176,0.023911558313297766,0.9511782377068807,True,True,1
214,191532,2.9094450160649705,35.75890774242233,35.61449261742163,40.90543616732452,42.331479857151805,35.17102049249128,1.0509881648599675,0.06114740422877748,0.8217525875229794,True,True,1
215,157754,2.3963441569258053,33.51947878499133,38.130462619014416,35.99881461008913,41.18729160591808,33.20886938545351,1.0283228839187086,0.03272802609799622,0.9270907435851177,True,True,1
216,178227,2.7073369300075782,34.91094695870798,39.94774641328194,37.42902590516589,36.91809882902142,34.53889932179665,1.032664879886597,0.02734094973104221,0.9388893298324377,True,True,1
217,173964,2.6425803143846798,34.630353535950704,40.53581200708192,35.85642431767492,37.20428939320779,34.23248704984289,1.0352742641858863,0.026795062989146516,0.9432342455011947,True,True,1
218,165517,2.514267123634827,34.06052456837151,35.78277155820852,39.05064132385193,37.897067974890795,33.741983200292324,1.0285897264025432,0.026862261026045733,0.9382143389827572,True,True,1
219,177481,2.6960049020332217,34.86217023429775,41.15122182092731,36.28447552132341,36.102951865270086,34.49660272801121,1.0321297015956148,0.02201612552174206,0.9500637873478751,True,True,1
220,178818,2.716314448148121,34.94949256993268,37.37033743806552,37.11256696753123,37.44522922748269,34.6124831362962,1.0294952624171543,0.02478427987123991,0.9342220524016416,True,True,1
221,167426,2.543265570555801,34.19097069442506,37.496571619700646,35.49560402804821,36.39775781539307,33.770162424190374,1.0378506074944278,0.019285830713527866,0.9660827761789424,True,True,1
222,159189,2.418142360871116,33.62080814805611,34.62298902562363,35.5224732864708,35.95372167674902,33.24086768449447,1.0346831829333136,0.023345667259326935,0.9594676409675681,True,True,1
223,172278,2.616969323547193,34.518114950461616,35.28382033689734,36.97604453267393,36.16751413413204,34.11091371260115,1.0362419114804624,0.023937666446171495,0.9594089422590617,True,True,1
224,169852,2.580117447051497,34.355321620015246,38.37410215952712,36.01014412547394,35.95638555919271,33.992465424116475,1.0323668778319266,0.02693435083919867,0.9320114510746261,True,True,1
225,191495,2.90888297178206,35.756604968311876,37.673328285333824,38.262048617457374,40.15255750802893,35.467696458932465,1.024636637108016,0.03108006256182708,0.9138874245549612,True,True,1
226,172227,2.616194613859938,34.51470844546067,38.05236112804612,35.41773937884304,37.15550987940335,34.1940077151936,1.0284012868030865,0.029306740011231083,0.9367991020539143,True,True,1
227,178690,2.7143700787369713,34.94115149525265,36.95156416139683,37.382724271084,35.960092898315516,34.54855337441362,1.034479855212568,0.01941965590056061,0.9596438045130224,True,True,1
228,177455,2.6956099519965817,34.8604677784642,40.54630751458116,36.84195993350427,39.56062100250768,34.43022519300038,1.0379586238450111,0.02034185499167064,0.9681992300679079,True,True,1
229,169843,2.5799807335772758,34.35471481064409,36.9927580176987,36.95498195392215,38.88324511460584,34.11535789353759,1.0211963361353433,0.028309732735192494,0.9174569706123517,True,True,1
230,177965,2.7033570488691314,34.89383179332441,36.65776416711151,41.01902059393701,36.50462169527716,34.321287120315056,1.0508852352419042,0.045245763181226584,0.8709066565685484,True,True,1
231,175380,2.664089900995523,34.72405900125926,38.72399361386703,40.206756756756754,35.517658798038546,34.34006714198739,1.0339226192734625,0.02618708426504524,0.9424896550002675,True,True,1
232,185562,2.8187584114980684,35.38344750666362,38.305143294424504,42.138622131686446,41.72979381554413,35.080663502674575,1.0261173688063456,0.02950091590423167,0.942423845769001,True,True,1
233,190952,2.9006345921706984,35.722776030737776,37.725664041225016,41.25991872302987,39.703951778457416,35.82452422098038,0.9915036292094669,0.06363079687912336,0.8116353748507632,True,True,1
234,184199,2.7980539153465296,35.29660105355414,42.375208334464354,35.65485697533646,38.060141477423876,34.75989893606038,1.0470396872587484,0.035370145078029484,0.8979166322755783,True,True,1
235,172684,2.623136620273183,34.54520945286672,38.52572907738991,36.58835792545922,37.24332306409395,34.1417380084046,1.0358732412099354,0.031031429866713315,0.942053127948934,True,True,1
236,173863,2.641046085396195,34.62365034292034,35.7197333532724,40.56457095529238,35.79495924952405,34.08693060861913,1.0479845262926646,0.042189939641449334,0.8753119351095903,True,True,1
237,169531,2.5752413331375985,34.33366548647713,35.65922456659844,35.94152691838071,36.25828904448154,33.92405936844176,1.0366617409464658,0.019652652975705582,0.9753315369043704,True,True,1
238,176158,2.675908021322667,34.77532951609817,39.73716209312095,40.68314240624893,37.93866869514867,34.379364490744344,1.0349520482843098,0.028055358719614964,0.9591279255125778,True,True,1
239,188527,2.8637979060610275,35.570910550357326,40.83256509677659,40.29485431794915,38.6477692850361,35.53948918844387,1.002654721655271,0.04581118572163962,0.8756336662296474,True,True,1
240,172522,2.620675777737197,34.534403443296185,35.87024263572182,36.29523191245175,36.090458028541285,34.13462859652327,1.035548226693501,0.019129783522298112,0.9507922957389351,True,True,1
241,176738,2.684718445216939,34.813453615474316,36.59992757641254,41.128138826964204,39.45217214181444,34.566609889290184,1.0215766596245264,0.03348201724177537,0.917813235010175,True,True,1
242,159458,2.422228574711735,33.63973514246862,38.644947258839316,35.57773833862208,34.93246497510316,33.18689090578712,1.0414969447538789,0.027523563453810497,0.9629384841104234,True,True,1
243,172181,2.615495856102806,34.51163533466314,39.278573129439366,36.57764213240718,35.9285170837665,34.08332798665466,1.038175163652683,0.02680794760632021,0.9211971134599769,True,True,1
244,182304,2.7692681338299,35.17514228289992,36.88627786554327,38.928657626821135,41.56866004037212,34.77453820627445,1.0349597832906952,0.029307112223648783,0.926049051268889,True,True,1
245,186042,2.8260497967898797,35.41393045645444,36.85966609690285,36.465239032046526,37.41053095537567,34.958409163672115,1.0396027193155,0.026647375166171917,0.9442475095071001,True,True,1
246,169853,2.5801326374375217,34.35538904195552,35.49615844288885,41.12009796706564,39.3536528645358,33.97447282498982,1.0340140331380405,0.024304154780644155,0.9668751923247824,True,True,1
247,188233,2.859331932569793,35.55241047944087,39.497447312639125,37.70515796911275,39.63245552055166,35.09157753619772,1.039916520837574,0.035287923784296946,0.9066325197272811,True,True,1
248,178559,2.7123801381677475,34.932610801203104,40.47079116706523,38.87848274239887,36.942304784413,34.53639761044865,1.0348133643505162,0.022579574489795112,0.9524678336247672,True,True,1
249,181405,2.7556119767937783,35.117226976652994,37.94387144786528,38.037766323971226,35.493012871751056,34.685677928501605,1.0377914357023612,0.050110635645530865,0.8429345138876129,True,True,1
250,178222,2.7072609780774552,34.910620490464034,37.86214945405169,35.91049926496168,35.056407177565056,34.40098398534185,1.0451054404738451,0.038310627339422434,0.9026661846242122,True,True,1
251,174158,2.6455272492734534,34.643221701740025,36.397483893935394,35.17753993500155,38.469223348913054,34.24162625743124,1.0355991166412204,0.024061095946268297,0.9343565236144439,True,True,1
252,175732,2.6694369168761845,34.74727468622616,41.088583752532266,36.57649716613935,36.16279903489404,34.303392817854714,1.039324135475719,0.02588182997763804,0.9617066046153167,True,True,1
253,164104,2.492803108182058,33.963323822543245,35.191975820211574,40.175918929459364,36.10497611270901,33.5377917114236,1.0385494215048858,0.02108033440713005,0.9849495439371748,True,True,1
254,184387,2.8009097079191556,35.308605289395686,40.06336672325055,37.81380466084919,41.05055670952942,34.86494764231467,1.0386629422490723,0.022298128764633683,0.9672114795935584,True,True,1
255,173769,2.6396181891098816,34.617409394871494,39.49896701943385,38.13519672668888,35.270203546087046,34.296793301757944,1.028307833868003,0.027155793455373705,0.9434243947752821,True,True,1
256,160336,2.4355657336413397,33.70136400052665,39.219370571799224,39.95715871669494,39.12713302065662,33.78402734172602,0.9926774943163462,0.05141958410636873,0.839129202084749,True,True,1
257,167779,2.5486277768224874,34.21498317400236,39.626013982679595,40.86759367978114,37.14980420672432,33.854060441852255,1.032325598266352,0.028511178305526692,0.938257330506864,True,True,1
258,181131,2.7514498110230363,35.099537334173895,42.11891393521816,37.32834247036675,36.437622494216896,35.0241807941937,1.0064685701545981,0.04492170816187809,0.8649914755903622,True,True,1
259,185233,2.813760774495973,35.362523608978556,36.99929818120961,36.46740591579254,43.105245825527845,34.941079484871594,1.0366228957824455,0.030986726039362925,0.9448181978181629,True,True,1
260,180088,2.735606238399371,35.03203681276043,40.312158500288746,36.37837612722669,36.809376527031226,34.565944170150026,1.0410003923830666,0.025314031652544075,0.9603611301600319,True,True,1
261,213283,3.239851102486191,37.06430638076426,38.73788815798728,46.50099164021511,37.06488562145131,36.54061892859724,1.0436140899197865,0.08646294300186932,0.7333050831609726,True,True,1
262,215994,3.2810322389988995,37.22068481161123,46.08116892135892,38.26935933405557,38.52150059723881,36.968725073449505,1.0205861197288302,0.07547339940360814,0.7638085462930532,True,True,1
263,175766,2.6699533900010213,34.74951546793928,39.52238203065439,35.40079423779343,37.068141733896205,34.22293580831101,1.0468741402217638,0.03042156632464842,0.9121650748284231,True,True,1
264,174799,2.6552642867152265,34.68567188444473,37.17347925331381,37.40312587600616,40.32048810347885,34.329572524844465,1.0314427978780318,0.0325998613340869,0.9137516115243596,True,True,1
265,178657,2.713868795998159,34.93900041612517,38.06546622858326,38.03539184023016,36.7877832942454,34.572929722825386,1.032102613149121,0.027760289801344668,0.9313350826402786,True,True,1
266,176596,2.6825614104014446,34.804127503832994,38.206697773449,41.51756551677275,38.18085347346486,34.4154631027123,1.034263978642393,0.02489610373767777,0.9562919602640738,True,True,1
267,184505,2.8027021734700592,35.31613569548462,39.516164873580664,38.62038427142896,38.36180049321157,34.98762871425469,1.0284329983469633,0.022720597314195887,0.9435523123325675,True,True,1
268,184817,2.8074415739097365,35.33603114418544,40.704789061612296,36.41422596406175,38.04956795100018,34.992061073879746,1.0297806713196234,0.040392404196213386,0.8898450883887321,True,True,1
269,176654,2.683442452790872,34.80793736445541,38.29461546299546,38.368137715534324,36.0800717787313,34.3799758600916,1.0378107480414758,0.02795050449840606,0.9711450521647995,True,True,1
270,173352,2.6332837981376205,34.58969631554998,36.37724398910886,38.92116618210346,39.1135320042457,34.23468234924975,1.0314337536197022,0.028002779267907448,0.9419196033966801,True,True,1
271,178530,2.711939616973034,34.930719548523705,35.74305158796841,37.26448776116059,43.26268414272111,34.67739108760808,1.022076367142327,0.03230216918845216,0.9193096705323334,True,True,1
272,180524,2.7422292467061,35.0602853325841,41.620078216746805,36.21421528439432,39.63531164831269,34.79097187880166,1.0234029301583918,0.029043925268351437,0.9243653752086955,True,True,1
273,154132,2.34132457874468,33.260956543862164,38.714848311836604,35.332396906547636,35.079529234681964,32.84545576296428,1.0384326317942196,0.021393376256639906,0.9698057976005189,True,True,1
274,227263,3.4522126991101922,37.85704476979393,35.85160804882449,48.92152704135737,41.61413868513572,37.033697874932486,1.068190935602722,0.11700154734484981,0.6754782809141611,True,True,1
275,169676,2.5774439391111663,34.34345123427878,37.27845423041562,36.39169358070676,40.23386336311558,33.99265652809552,1.0312797496668338,0.05514831530128185,0.8172319310605107,True,True,1
276,183801,2.792008141708736,35.271160855208514,37.72918536895882,37.61764081805866,38.00156691204074,34.89006390842724,1.0331276044745938,0.02296637886500743,0.932446144182261,True,True,1
277,198800,3.019848741691812,36.2056145534847,37.49881790744467,41.80501006036217,39.53782193158954,35.68543255777616,1.0443711700906717,0.06800811815699397,0.7916309748024672,True,True,1
278,182289,2.7690402780395305,35.17417751780794,37.508922644811264,36.148599202365475,41.156888237907935,34.720028859422,1.0397564441995197,0.023684529205233458,0.942214501774185,True,True,1
279,179306,2.723727356528129,34.9812564508766,36.761731341951744,38.209083912417874,41.037511293542885,34.61611132373992,1.031980227589182,0.02771169306674482,0.9363323769414422,True,True,1
280,201771,3.0649793785709183,36.385083761232195,41.03298293610083,40.25650861620352,38.29879913367134,35.9949685500689,1.0328678081403964,0.03247926207988849,0.9047368555203251,True,True,1
281,160441,2.4371607241739235,33.708719119453825,39.468215730393105,35.810459919845925,35.71396962123148,33.33163670294115,1.0343245480395626,0.02473661722903987,0.9695323770323885,True,True,1
282,178713,2.714719457615537,34.942650575608816,41.25903543670578,35.50243127248717,35.42094867189292,34.32860281777634,1.0546276472510927,0.04700894981232937,0.8634013896559937,True,True,1
283,173753,2.639375142933488,34.61634688170578,38.305082502172624,35.73333410070617,36.688811128440946,34.19674927067064,1.0372638203858267,0.022619410550007706,0.9411950185146611,True,True,1
284,175311,2.663041764359825,34.7195045588008,41.174238923969405,35.9185219410077,37.14661943631603,34.260789334287125,1.040706972785364,0.02407512297592668,0.9636798428707253,True,True,1
285,173091,2.6293191073851983,34.572328098741075,39.162602330566,40.1052972136044,38.53653858375074,34.04433914835322,1.0472518900000556,0.03627400406604064,0.8991649667692416,True,True,1
286,166147,2.523837066830329,34.103684209293306,39.02093326993566,36.56099718923604,39.74036245011947,33.6461611017253,1.0413514701462494,0.030666279601628835,0.9276408011264907,True,True,1
287,182605,2.7738404400233065,35.194490726672676,39.28564935242737,37.06909996988034,38.762804961528985,34.78344453823862,1.0358724774018753,0.021919612571023227,0.9403141326716737,True,True,1
288,178774,2.715646071163038,34.94662577460826,35.82926488191795,36.111319319364114,40.070625482452705,34.522439222111956,1.03731659795207,0.023238276214254724,0.9358272970467123,True,True,1
289,199789,3.034872033470148,36.26555442209095,42.93180305222009,35.16730650836632,39.32397679551927,35.50417777912723,1.065723605144793,0.08890458077982064,0.753947390993921,True,True,1
290,181452,2.756325924936935,35.12025954125627,37.10773097017393,37.92548993673258,37.85521790886846,34.756541980675024,1.0317238441913688,0.01972663104142584,0.9637178301683496,True,True,1
291,185748,2.821583823298645,35.39526588095006,39.62963262053965,41.30996834420828,39.99133234274393,34.966151860420894,1.03727048098068,0.02640478043421451,0.9452676886548805,True,True,1
292,185861,2.823300336919426,35.402442008914974,43.86525414153588,39.9147212163929,36.29699076191347,34.91564839725437,1.0424118164795975,0.04161456966281439,0.8882192795283522,True,True,1
293,185302,2.8148089111316708,35.36691395558738,42.39348738815555,38.30770310088396,36.99898004338863,34.89118716850429,1.0414639892254618,0.03942031677249902,0.8907810092157934,True,True,1
294,173201,2.630990049847905,34.57965016396957,40.37173572900849,35.629955947136565,35.82045715671388,34.15564637842792,1.0377058383821611,0.02866768281167681,0.9261305921340042,True,True,1
295,164898,2.5048642746855956,34.018011710522664,36.591881041613604,35.17194265545974,39.24278644980534,33.63414433173458,1.034631337488307,0.022064535022112614,0.955723963947164,True,True,1
296,173813,2.6402865660949644,34.620330969819285,39.201624734628595,38.55231196745928,35.42781034790263,34.152806412473446,1.0416323442384086,0.02502603868031346,0.9533485090939048,True,True,1
297,181372,2.755110694054966,35.115097416151045,39.54839225459277,37.566680634276516,38.64218291687802,34.80037144090804,1.0273773681089182,0.03881447287974524,0.9000165593888236,True,True,1
298,180707,2.745009087348603,35.07212838470884,40.53663112109658,40.96637097622118,39.70034918403825,34.96297587285346,1.0093951071345464,0.040496177884547874,0.8826379356027056,True,True,1
299,161936,2.4598703512807103,33.81309562716908,36.7426267167276,36.060233672562,36.54451141191582,33.606480900261644,1.0185578142729173,0.035333466605504876,0.8868168949031227,True,True,1
300,167629,2.5463492189187966,34.2047836899533,36.78433922531304,36.21949662647871,41.178912956588654,34.01401912807702,1.0169197689163652,0.03575330158032998,0.9043408882020072,True,True,1
301,173840,2.6406967065176286,34.62212351034514,38.95154164749194,39.56517487344685,38.84395996318454,34.21729019970584,1.0359153411877624,0.033270593122105556,0.9377426379517024,True,True,1
302,188487,2.863190290620043,35.56839466481276,39.021136736220534,38.735663467507045,38.30706626982232,35.32852187069443,1.020507947995181,0.03494178924869605,0.9060161841026694,True,True,1
303,189017,2.8712411952130847,35.60170130782865,38.0255215139379,40.68403900178291,36.849246364083655,35.03413637795485,1.049392625634989,0.04469183679282144,0.873088537908954,True,True,1
304,160154,2.4328010833848612,33.68860751723734,35.45977621539269,35.48161769297052,36.47817101040249,33.36191881646232,1.0296653948168082,0.02478658485191622,0.9316749345828842,True,True,1
305,174626,2.6526363499329695,34.67422520960391,37.16019951210014,35.60883259079404,39.71675466425389,34.250492745085324,1.0375757793895775,0.022625285567386546,0.9736558663143945,True,True,1
306,175345,2.663558237484662,34.72174892614378,37.47625538224643,38.50016823975591,38.59356126493484,34.31358248041638,1.0361117274464033,0.022725943627359087,0.9697641485052263,True,True,1
307,173574,2.6366560638350833,34.60445556640032,40.90167882286518,37.363568276354755,39.19901022042472,34.199696214848345,1.0359273934494904,0.029518429707292872,0.9246461950145629,True,True,1
308,192670,2.9267316753609727,35.8295892427323,39.25703534540925,36.611247210255875,37.31216068926143,35.480052630562014,1.0298470325164013,0.027298792352181075,0.9237454993799409,True,True,1
309,204419,3.105203520764077,36.543562541460005,38.172053478394865,42.32058663822834,35.552644323668545,36.37860107525929,1.0136655029587782,0.06926559563570009,0.7712235877537558,True,True,1
310,174413,2.6494007977097285,34.66012151585998,38.28941076639929,37.07768916307844,38.509629442759426,34.254671651628264,1.0359309682757338,0.026534754819341238,0.9370112468519705,True,True,1
311,183103,2.7814052522635606,35.22645580139483,37.04428108769381,38.35623119227976,39.328498167697965,34.907295045798705,1.027680841457196,0.048992217229849123,0.8465845004192245,True,True,1
312,226529,3.441062955768131,37.81624469874308,44.885727655178805,42.79964596144423,39.848063603335554,37.08964943253281,1.059929581928581,0.12111429403042967,0.6618357919173146,True,False,1
313,176643,2.683275358544601,34.80721486876974,39.36258442168668,38.84724557440714,40.15248835221322,34.36632176965495,1.03898353789471,0.021378699757236722,0.9728377281586674,True,True,1
314,184941,2.8093251817767877,35.34393209177215,37.245472880540284,36.717207109294314,40.26959408676281,34.76504960129087,1.050790244646677,0.03721355627028304,0.9033681777824053,True,True,1
315,190046,2.8868721024324047,35.66618911008483,39.88496995464256,35.746882333750776,38.666754364732746,35.163059001377704,1.0435425832089247,0.0353707038169238,0.8976868142346567,True,True,1
316,176494,2.681011991026935,34.797425380134875,40.40598547259397,34.653076025247316,39.59364624293177,34.43625988212299,1.031794970572247,0.03190119977157998,0.9274017672192227,True,True,1
317,177225,2.6921161632109225,34.845400345222934,39.16561433206376,36.04990266610241,35.83391733671886,34.32470483338496,1.0462029535686725,0.03242320336281941,0.908306204191382,True,True,1
318,170567,2.590978573059091,34.403460916758945,36.89672093664073,35.78624821917487,36.24913963427861,34.05645918533228,1.0308795470821928,0.02540159019980332,0.950956998763262,True,True,1
319,171295,2.602037174085005,34.45233745033562,42.14937972503576,35.99495606993783,36.920972591143936,34.11931561031679,1.0295682552476062,0.03248141480859675,0.9432527230839233,True,True,1
320,181405,2.7556119767937783,35.117226976652994,40.49001956947163,38.81509329952317,38.455037071745544,34.74893319639499,1.0321343110033965,0.028086874918679616,0.9457428948408921,True,True,1
321,175278,2.662540481621013,34.71732592473833,36.971297025296955,39.706523351475944,35.22088910188386,34.3792642160734,1.0297909401810534,0.030019409092624676,0.9259909072000897,True,True,1
322,181229,2.7529384688534475,35.1058663345314,37.197628414878416,38.547290996474075,38.48517069563922,34.859616946186286,1.021342144795696,0.043081715160528035,0.8642921009010881,True,True,1
323,176420,2.6798879024611137,34.792561438691465,40.98626006121755,36.26322412424895,36.670541888674755,34.3485071154017,1.03928727557669,0.02451726065811248,0.9609724948180225,True,True,1
324,178997,2.7190335272465256,34.9611503689014,37.893126700447496,36.976021944501866,35.89804857064644,34.59383313722165,1.0321934150208116,0.017978341907679062,0.9578696503265062,True,True,1
325,169332,2.5722184463187014,34.32022630322588,36.60763470578509,36.55336853046087,36.45702525216734,33.93451531623021,1.0344880467427457,0.0309428641848113,0.9057724903471539,True,True,1
326,169995,2.5822896722530158,34.364960271943986,37.12333303920703,36.769675578693494,36.281784758375245,34.01886607999211,1.0308323464417275,0.028410255437814516,0.9213022136100665,True,True,1
327,162030,2.4612982475670235,33.8196369278187,35.76416095784731,35.78289822872308,36.179145837190646,33.40116395176922,1.0380589543835292,0.017119455344504556,0.9774344078171895,True,True,1
328,180339,2.739419025291548,35.048304710050616,37.96511015365506,43.69251243491424,37.230277421966406,34.794033291676854,1.0220843154543187,0.034461374693240024,0.9195852362417172,True,True,1
329,167182,2.539559116365797,34.174353098478285,38.74657558828103,35.83139333181802,38.013380627101,33.74601429463419,1.0385644404952648,0.021648007869293974,0.95818104042472,True,True,1
330,170161,2.5848112763331006,34.37614241959782,39.00095203953902,37.88209401684287,36.418215689846676,33.95222445993643,1.0379267852967975,0.021538615536229117,0.9751504670985439,True,True,1
331,169620,2.5765932774937883,34.33967257202498,40.376582950123804,39.283492512675394,35.08269072043391,34.33530007659278,1.00038208947672,0.05107900459205967,0.8471800831409221,True,True,1
332,168821,2.5644561590601276,34.28566834091919,36.273437546276824,36.91736217650648,37.723387493262095,33.866245627374056,1.037616089418492,0.021829540747683902,0.9765034562681569,True,True,1
333,167202,2.5398629240862896,34.175715804608075,38.72606188921185,39.80741259075848,36.51273310127869,33.84389052841339,1.0297030848949387,0.02864735397819392,0.9162753926653379,True,True,1
334,197755,3.003974788296098,36.142064327169685,41.19666253697757,35.72413845414781,42.631503628226845,35.64078155863206,1.0427908375112012,0.057218393212328945,0.8235225360028081,True,True,1
335,182753,2.776088617154948,35.203996450381815,38.578392693963984,38.62457524637078,38.88498684016131,34.79784043866012,1.0354259102520436,0.020450709605424812,0.9579933077513016,True,True,1
336,187025,2.840981946252068,35.476193745570086,37.37791739072316,36.248244887047186,39.89811522523727,35.06951876287239,1.0351937350554736,0.018419471506781884,0.9658959502469496,True,True,1
337,171597,2.606624670664436,34.472572517153914,39.61370536780946,38.24657190976532,36.25906047308519,34.165938069233476,1.02716694161077,0.030167211986165357,0.9142957388269252,True,True,1
338,174908,2.6569200387919087,34.69288007337726,40.813930752166854,40.96909232282114,38.07047133350104,34.27579985455393,1.0369510839510594,0.028847239745031738,0.9526481031343642,True,True,1
339,193404,2.937881418703034,35.87503065843152,41.27858782651858,38.2383818328473,37.260547868710056,35.45266083300742,1.0361683796476377,0.022570973073826807,0.953288371212615,True,True,1
340,176836,2.68620710304735,34.81988703303225,41.17715284218146,36.449388133637946,37.26771132574815,34.42845751953388,1.034497335397283,0.026087905993651274,0.9645135755762128,True,True,1
341,182495,2.7721694975605997,35.18742233386259,39.10097810898929,37.73468314200389,39.01082769390942,34.777700857424136,1.035761486313838,0.025908814739323046,0.9185676473113965,True,True,1
342,214227,3.2541908268934194,37.118908656084045,42.19341632940759,38.655281547143915,43.31945086286976,36.775955974082216,1.0282380815664287,0.09627245338895402,0.7238350336946705,True,True,1
343,231420,3.5153591338144823,38.08647329155975,38.68513957307061,46.84583009247256,36.50797251750065,37.34724920406639,1.060562876757476,0.09246136823696875,0.7295266365424714,True,True,1
344,182727,2.7756936671183086,35.20232689763858,38.81994450737986,38.89606899910796,35.95597257110334,35.129973292979166,1.0061915270185582,0.054965847669436046,0.8219315422410899,True,True,1
345,177522,2.6966277078602303,34.864854538399385,36.22851252239159,37.015536102567566,37.68082829170469,34.46794567989372,1.0349452443642344,0.017288339037960003,0.9642166054817288,True,True,1
346,192493,2.9240429770346172,35.81861403416385,36.92414269609804,36.91529562113947,38.36867314655598,35.382304679462216,1.0374519181055701,0.018829001275165264,0.948297843415512,True,True,1
347,179488,2.7264920067846075,34.99308806053935,36.33907559279729,37.42822918523801,40.00585554466037,34.58946826538386,1.035416667500855,0.01754000474322541,0.9611882526291954,True,True,1
348,167601,2.5459238881101074,34.202879112436946,36.368237659679835,34.62000226728957,39.65344478851558,33.814208998855776,1.0348807255864059,0.019964624176043222,0.9590099804081027,True,True,1
349,172641,2.6224834336741254,34.542341850154614,38.42286594725471,38.785647673495866,34.26558581101824,34.56392036067068,0.9981282468998448,0.052729200944118024,0.8407238109453077,True,True,1
350,167723,2.5477771152051094,34.21117607801908,36.798316271471414,36.993119607924974,36.93070717790643,33.7556734223394,1.0410310497079447,0.019271544927456738,0.9600212709166382,True,True,1
351,177556,2.697144180985067,34.86708023321262,36.58841717542634,35.9577935975129,39.82282209556421,34.53049864805962,1.0295280731897423,0.023102732700337702,0.9331991821366208,True,True,1
352,170452,2.5892316786662612,34.39572732330892,36.0059840893624,39.7019219487011,35.373366108933894,34.026147408596636,1.0329401406765293,0.021998975825191433,0.952730919658867,True,True,1
353,176639,2.683214597000503,34.80695213562924,36.90023720695883,37.42845011577285,35.783581202339235,34.46545860311726,1.0300203452795103,0.024759355251867537,0.9383431951249824,True,True,1
354,169857,2.58019339898162,34.35565872707036,40.749212572929,37.09032303643653,38.02520944088263,34.133185280423795,1.0196811373194952,0.03075887596010481,0.92277108500871,True,True,1
355,184676,2.805299729480267,35.32704270701801,35.41316142866425,39.551528081613206,38.35683575559358,35.3410804901589,0.9988088472885771,0.04743715413859662,0.8721600848094099,True,True,1
1,127892,1.942728849459,31.254910280482818,22.410393144215433,33.73534701154099,37.24566040096331,31.62402261209206,0.965391418721234,0.1177711855204579,0.7350416470747821,True,True,2
2,190459,2.8931457318605673,35.69200650633178,34.15439543418793,37.086659070981156,42.55358896140377,36.867989290214105,0.9073284577921631,0.3325226258834142,0.7427509564739987,True,False,2
3,216407,3.287305868427062,37.24439280902589,33.13489859385325,68.69555975546078,83.73864985883081,39.47241527456412,0.8400431438195798,0.3230312327240453,0.7307332102228729,True,False,2
4,213860,3.2486159552223888,37.09769995995954,39.187865893575236,45.35330122510053,73.41965304404751,39.3347421365798,0.8389035473597922,0.2899309993605348,0.7673549477582599,True,False,2
5,232273,3.528316533093472,38.13321072031255,32.263551941034905,50.259315546791925,60.61921101462503,40.56849906926843,0.8305070038332992,0.27064552908987216,0.8328707406133377,True,False,2
6,207457,3.151351913506832,36.723705390442255,32.64782581450614,52.55067797182067,57.343733882202095,37.600268453427525,0.9316797303596981,0.23641455476883355,0.8992329989243816,True,False,2
7,179252,2.7229070756828,34.97774443322708,34.43125320777453,37.96808403811394,36.76302077522148,34.719914538639266,1.0224438292084215,0.031122655896444116,0.9199273023736371,True,True,2
8,203248,3.0874155787292623,36.473649790225515,32.25780819491459,73.17364008501929,45.4610377469889,38.06646660981052,0.8796501297847319,0.2602598127626631,0.8824117916742892,True,False,2
9,256375,3.894435217058543,39.409024791290534,33.606233057045344,55.39568990736226,63.968581179912235,41.74303404029256,0.8414630070424324,0.23747726786113288,0.7910508025667585,True,False,2
10,180805,2.7464977451790142,35.078467278507375,34.11199911506872,44.17468543458422,38.030043416940906,34.73756700849503,1.0297306373828141,0.16809953900869912,0.9001663158111348,True,False,2
11,186127,2.827340979601971,35.41932301255836,30.77697486125065,39.63125715237445,43.00842435541324,36.86540057569344,0.8868780295392569,0.24138354002502985,0.8637673616730788,True,False,2
12,183160,2.7822711042669632,35.23011075637036,37.00955448787945,47.340516488316226,43.347832496178206,36.32699686613825,0.9121232713875225,0.20361445559779445,0.8501539066069324,True,False,2
13,216463,3.28815653004444,37.24760512981909,34.3249192702679,57.325820117063884,65.50387364122275,38.96667729232685,0.8734035226641186,0.2121763538934755,0.8008411004374903,True,False,2
14,179877,2.7324010669481793,35.01834971071699,35.01256414105194,43.11381666360902,45.975700061708835,34.99245973252535,1.0022212618156479,0.20958634086822656,0.8870945840167213,True,False,2
15,156852,2.38264242873161,33.45547115641716,30.400855583607477,35.41530232320914,34.446337949149516,33.62101744938468,0.9853009357446194,0.0758011329956585,0.843495710915393,True,True,2
16,211947,3.2195567467573163,36.9867542275546,35.047219352007815,68.4948406913049,47.238106696485445,38.20829481626601,0.9071219919770345,0.20919537112528178,0.7376882330896719,True,False,2
17,188165,2.85829898632012,35.54812880887022,34.91681237212021,36.34998007068265,41.43896048680679,35.34205360080227,1.0175948301106275,0.06848395629764135,0.8544407190729739,True,True,2
18,160511,2.438224051195646,33.71362074945597,37.194734317274204,37.860377170411994,35.74195538000511,33.500445226015295,1.0192118265370067,0.1483200901481693,0.827399973505015,True,False,2
19,147944,2.2473264700244138,32.80974959005393,29.65839101281566,34.30671064727194,36.95995782187855,32.712322712033526,1.0089615157619256,0.06607006055570254,0.874401992877529,True,True,2
20,150774,2.2903152624740506,33.017634004979385,31.52869194954037,35.397343043230265,38.624398105774205,32.78360412150617,1.021569121237448,0.04532975975172169,0.9292843849068874,True,True,2
21,198909,3.021504493768494,36.212230400142786,38.43449517115867,66.69412645983842,42.27220990503195,36.8659110685432,0.9477437113454342,0.23331706420549547,0.7185728354161486,True,False,2
22,233518,3.5472285636941074,38.20122160174227,34.69127861663769,72.7400585822078,44.13409672916006,39.61281858337188,0.8968597175643824,0.26532380423033225,0.7775680053166308,True,False,2
23,223993,3.4025401368097286,37.67459673536332,36.94035081453438,48.8069270021831,73.74919305514011,41.154612504995754,0.7671676592330875,0.34185629744988255,0.411132009343983,True,False,2
24,208783,3.1714943653754606,36.801781411217334,39.005005196783266,41.73351278600269,43.25101660575813,38.31810617341615,0.8859198140445491,0.2772501832345426,0.6372714418536004,True,False,2
25,197152,2.99481498552326,36.105291799426446,39.45712445219932,52.90766515176108,50.577513796461616,37.47600635427402,0.8942370633560865,0.2446030115371263,0.6827838695734935,True,False,2
26,250593,3.8066044050642667,39.11050665364151,38.753468772072644,49.526139995929654,62.613197495540575,42.44560530558422,0.7823158550341877,0.29478701787522493,0.5234556536466067,True,False,2
27,177073,2.689807224535182,34.83543558143796,45.394317597826884,37.38695905078696,35.76123406730557,34.80143962718481,1.0029334281463504,0.12067481017442651,0.8778497977894041,True,False,2
28,186559,2.833903226364601,35.44670454025257,36.749484077423226,39.55907246501107,38.456166681854,35.00664491660013,1.0381882938668592,0.02717651237306416,0.9547073977319165,True,True,2
29,176493,2.6809968006409104,34.79735966025942,36.253041197101304,36.789425076348635,40.76581507481883,34.35500330809923,1.0391276279691897,0.029846231742386785,0.9567079166315823,True,True,2
30,149038,2.263944752335333,32.89042370338548,35.647304714233954,27.386451777399053,38.34255693178921,33.16598636319563,0.9752807475741534,0.08919697503399679,0.7909047605873238,True,True,2
31,179100,2.7205981370070598,34.96785496544553,37.05527079843663,39.350636515912896,37.08471803461753,34.7854000203834,1.0158181556043366,0.03122966799941501,0.9042653735038545,True,True,2
32,202733,3.07959252992659,36.44281747824723,39.071813666250684,35.83631673185914,41.70666344403723,36.10193286075904,1.0285951567821474,0.07299191162300638,0.7730488946333621,True,True,2
33,177492,2.6961719962794923,34.862890454021304,36.644513555540534,37.379442453744396,41.92522479886417,34.51187682373127,1.0308238083496455,0.03300818511737125,0.9520077832584859,True,True,2
34,178092,2.7052862278942564,34.90213017205192,37.48994340004043,39.43586460930306,38.770556790872135,34.77797381751653,1.0107481922788486,0.0366428916658764,0.8965003780909875,True,True,2
35,188613,2.8651042792591435,35.57631849947663,38.4188099441714,37.638036614655405,36.83694655193438,35.29564740141784,1.0240462152433938,0.034127964239600767,0.9205149888244544,True,True,2
36,176955,2.6880147589842784,34.82769584542937,36.259444491537394,39.04735667260038,36.53566726003786,34.41993015231343,1.0359630727387374,0.02215678679386158,0.9695089179840435,True,True,2
37,180879,2.747621833744835,35.083252272508744,36.16529834861979,35.97024530210804,37.13150227500152,35.035394987734804,1.004103508993046,0.05409288343320238,0.8766731166345216,True,True,2
38,190903,2.8998902632554926,35.7197201741682,35.97719260566885,37.45533595595669,37.67249336050246,35.310025803593554,1.035213767650861,0.027346614605968746,0.9141602333712613,True,True,2
39,162921,2.4748328815149483,33.88151483207091,35.63394528636579,35.88967045377821,34.15775130277865,33.56274459734125,1.028764699129793,0.02693910129415521,0.9285390572550717,True,True,2
40,178660,2.713914367156233,34.93919597971827,35.45040859733572,41.6651404903168,36.97330124258368,34.57333913272063,1.0320832781885194,0.02958248634389526,0.9163638848248251,True,True,2
41,165987,2.5214066050663924,34.09273338064717,35.75419761788574,41.12988969015646,35.499334285215106,33.64969757720094,1.0400206684657105,0.025564441379192834,0.9563512134853254,True,True,2
42,165013,2.5066111690784254,34.02591793592998,36.10287674304449,35.29192851472308,35.681606903698494,33.63872452272801,1.0349300321923534,0.018842617194556863,0.9552016712744154,True,True,2
43,218422,3.3179144962666447,37.35963203068548,40.13754109018323,39.82590581534827,47.14521888820723,37.169062168160266,1.0154603259118522,0.11372951312214374,0.6723011032878369,True,True,2
44,168028,2.5524101829426145,34.23190090443684,38.968927797747995,35.676821720189494,32.8578391696622,34.20111618491346,1.0027027571786353,0.08989904283034603,0.7595707344958218,True,True,2
45,160076,2.431616233274942,33.6831374944378,36.27251430570479,32.5886016642095,36.31569379544716,33.765252766392614,0.9927218906519522,0.06807062162622746,0.8496774658098151,True,True,2
46,198112,3.0093977561068823,36.16379990987199,43.39087990631562,39.95725650137296,37.515092472944595,35.68555168917944,1.0407464240845183,0.04995762178177744,0.8559570461682773,True,True,2
47,177220,2.6920402112807995,34.84507264758768,40.52160591355378,37.120121882406046,37.04914230899447,34.45521167996944,1.0343305583622093,0.020949979786856667,0.9752404800667749,True,True,2
48,173473,2.635121834846598,34.59774233335765,35.61017564693065,36.671925890484395,37.93550004899898,34.19090880720215,1.0361230751832777,0.015082644798977135,0.9745747457186755,True,True,2
49,181081,2.750690291721806,35.096307372848145,38.431331834924706,36.58681474036481,36.64265715342857,34.67237376979121,1.037130837948717,0.024876742857423285,0.9780183632620532,True,True,2
50,176746,2.684839968305136,34.813978881549595,37.54618492073371,36.77609677163839,35.873004198114806,34.44143196278051,1.0328027496244143,0.019890402278865564,0.9555003700172506,True,True,2
51,168553,2.560385135605533,34.26751612520607,36.77761890918583,35.88486114159938,38.357638250283294,33.899069690806584,1.0329624585238517,0.0305783557718196,0.9108032067400089,True,True,2
52,170706,2.5930900367165113,34.412803838966106,35.54628425480065,36.28161283141776,36.77235715206261,34.05896909799961,1.0314915655547208,0.022978148008007772,0.948073383766977,True,True,2
53,163620,2.485450961346148,33.92990104192052,39.52282117100599,41.43377337733774,36.510334922381126,33.50857860323388,1.0381969799677309,0.031182287581824963,0.9279599186838967,True,True,2
54,175597,2.6673862147628626,34.73837461149509,39.92098953854565,36.48433059790315,39.03616804387319,34.34745375891515,1.0345341707423554,0.0211169853753156,0.97059817615218,True,True,2
55,163940,2.490311884874022,33.95200611827683,37.9128034646822,35.779443698914235,36.091710381847015,33.5695903746045,1.0345659859594547,0.030850884515120903,0.9420033547980337,True,True,2
56,170077,2.583535283907034,34.37048489280918,37.04948934894195,37.390634830106364,38.41740505770915,34.363559681298305,1.0006047051549345,0.05449023786258326,0.8774405229198715,True,True,2
57,161690,2.456133516318657,33.795964914823415,35.85783907477271,35.68785329952378,35.08251592553652,33.39367331167299,1.0365779568913898,0.027330073019851468,0.9357045414007842,True,True,2
58,186822,2.837898297889073,35.463353618126746,38.13876845339414,39.73983792058751,35.352999111453684,35.167356058957516,1.0254636068256209,0.02658303502355437,0.9238474584614541,True,True,2
59,183414,2.7861294623172133,35.246388536906736,37.034675651804115,39.05726389479538,38.06123850960123,34.80159371764453,1.0388347650768277,0.03366424443345128,0.9093920549165848,True,True,2
60,180704,2.7449635161905293,35.0719343007914,35.60210620683549,39.37809899061448,39.693814193377015,34.43446782731482,1.0565718367322223,0.040379914418672336,0.8877050882749138,True,True,2
61,194246,2.950671723735753,35.927016907679686,37.328717193661646,38.595013539532346,36.91181800397434,35.626359288239364,1.0255318311987442,0.0244175120595219,0.9265748780576398,True,True,2
62,178476,2.7111193361277053,34.927197359784934,36.2575696452184,37.756112866715974,36.37648199197651,34.648024426568135,1.0243674830109615,0.035324110743447934,0.9180769394659631,True,True,2
63,149119,2.2651751736033265,32.896381114309655,39.51102139901689,33.556796920580204,33.46970540306735,33.23048624536437,0.9701397173440075,0.06930133991754628,0.8186505199945524,True,True,2
64,181027,2.749870010876477,35.09281834672534,36.18150331166069,37.208753390378234,36.857999083009716,34.768317216293056,1.0282618682796594,0.01883981449801542,0.9464688997506542,True,True,2
65,160023,2.430811142815638,33.67941967009937,36.43871818426101,33.78419977128288,37.36955937583972,33.64534656037647,1.003041219470407,0.06424490737372708,0.8622869371212726,True,True,2
66,193433,2.938321939897748,35.87682366494231,34.55399027053295,41.05409108063257,37.66538284573987,35.236307400192025,1.0555305021884598,0.056687916021753465,0.83323183736497,True,True,2
67,197138,2.9946023201189154,36.104437152503536,35.62107254816423,41.81595633515608,42.533189948158146,35.57223147178158,1.0455586708761624,0.06533459384171389,0.8162981762355117,True,True,2
68,171179,2.6002750893061504,34.44455871849295,36.47598712458888,34.835190064201804,39.71821894040741,34.19208883663549,1.0223155721006527,0.03949236738880634,0.8958876660247505,True,True,2
69,148166,2.250698735721876,32.82615247263658,38.50916539556983,34.18764088927284,35.534636826262435,32.758218820650825,1.0062342793887713,0.05651236291579001,0.8809951162314982,True,True,2
70,177214,2.6919490689646515,34.84467940228922,37.06397914385997,37.2657577843737,36.691130497590486,34.480343329469314,1.032035590322913,0.019610785003795025,0.9711764707578955,True,True,2
71,187146,2.8428199829610454,35.48384280147254,37.12574139976275,37.00607012706657,37.605495174890194,35.07470848617159,1.035403739556835,0.020593446542426855,0.977095820736888,True,True,2
72,194521,2.95484907989252,35.943963238404244,36.176968039440474,42.783714868831645,37.57635936479866,35.503012342454596,1.0377249867039449,0.03991449847896394,0.8755776869797276,True,True,2
73,177312,2.693437726795063,34.85110129768687,36.54725004511821,36.97969116585454,39.20045456596282,34.47887279385434,1.0327384384991891,0.02072502996032113,0.951924473105561,True,True,2
74,215058,3.2668140376798678,37.166842256954304,37.733518399687526,41.31401296394461,43.03948702210567,36.85604083252774,1.0255124852919537,0.08636330459952993,0.749693658495646,True,True,2
75,179288,2.723453929579686,34.98008585668328,36.75160635402258,36.76260541698273,40.774664227388335,34.54423880843083,1.0383307871324847,0.020735717178974857,0.967827256240712,True,True,2
76,196622,2.9867640809302185,36.072909039283005,36.03478247601998,40.232501958071836,40.30510827882943,35.640722813054005,1.0368214908231896,0.0759589812420804,0.7628479901308601,True,True,2
77,230497,3.5013384075137703,38.03577088218435,37.42866935361415,42.52129528800808,46.86373792283631,37.86632677301269,1.013484550726223,0.11498174569636269,0.6630704604791957,True,True,2
78,187277,2.844809923530269,35.492120294666805,37.529984995487965,38.24416239046973,36.28535271282645,34.94143584361601,1.0480297047265823,0.03368391859400443,0.9310904173702197,True,True,2
79,158317,2.4048963442576587,33.5593067474407,35.86187206680268,32.28554735120044,37.22789087716417,33.69532955461599,0.9879382889331777,0.06882065093885406,0.8509324991603036,True,True,2
80,195403,2.968247000366223,35.99820721974423,37.21926480146159,37.19488441835591,38.429148989524215,35.75120782964598,1.020870047293556,0.03276959108114411,0.8957639454892186,True,True,2
81,173854,2.640909371921973,34.62305290273255,40.15272585042622,36.84906875884363,37.89802938097484,34.254698936827936,1.032608304353567,0.02025158186741416,0.9662104289649539,True,True,2
82,175104,2.6598973544527316,34.70583405708199,36.02210115131579,36.48294156615497,38.43928750913743,34.28167271121195,1.0375796482303712,0.013966452358050968,0.981405624131749,True,True,2
83,168875,2.5652764399054564,34.28932355111832,40.49086010362694,37.628559585492226,36.85620725388601,33.95825481148851,1.029533930515458,0.026670999029056994,0.9514941687100573,True,True,2
84,206655,3.1391692239150975,36.67632135997556,35.87293314945199,38.421998016017035,42.12040841015219,36.18659378037299,1.0411521315806707,0.06708956207406017,0.7885261962002181,True,True,2
85,189907,2.8847606387749845,35.65749155011916,39.92230934088791,35.53493552107084,39.622141363930766,35.332670667391056,1.0278339714430567,0.050474812762301334,0.8382375301775193,True,True,2
86,167501,2.544404849507647,34.19607531774807,36.13700216715124,36.41457662939326,35.550259401436406,33.81199655158572,1.034466299267611,0.01476841771196181,0.9782841900631021,True,True,2
87,181055,2.750295341685166,35.09462755798026,39.25110049432493,34.15338433072823,43.70849741791169,35.37850196890865,0.9761208614705921,0.08533977123851777,0.7780951739189492,True,True,2
88,175630,2.667887497501675,34.7405506064482,41.6857598360189,40.26277970733929,36.26383305813358,34.29704584722751,1.0392976613937237,0.029200761510760113,0.963684291737152,True,True,2
89,176275,2.677685296487546,34.78302679752419,36.642070628279676,38.36146929513544,37.333246348035736,34.38716392220018,1.0349349116464122,0.02165639136512137,0.9705048519559492,True,True,2
90,166589,2.5305512174532057,34.13389938260097,36.558080065310435,35.78634843837228,35.493658044648804,34.35532128483838,0.9807891863258565,0.06264867099034815,0.8544315598343469,True,True,2
91,182210,2.7678402375435867,35.16909554808186,40.619301904396025,38.8354481093244,35.39957741067998,35.029293305362316,1.0120208765709533,0.034458641830345665,0.902024028680384,True,True,2
92,174155,2.6454816781153796,34.64302278224955,35.95090006029112,36.956676523786285,37.61279320145847,34.12645772132282,1.0461012087601025,0.026184183186520386,0.9314569369761593,True,True,2
93,186338,2.8305461510531633,35.43270214771678,36.42017731219612,38.32719037448078,40.4078073178847,34.99899836522479,1.0376382536205926,0.040759906441014945,0.8794651563477852,True,True,2
94,231616,3.5183364494753055,38.09722263948318,43.58437240950539,40.792639541309754,42.884066731141196,37.7191329857021,1.030373886233414,0.07576893809273158,0.7673023696153076,True,True,2
95,190385,2.8920216432947465,35.68738337550451,32.633521548441315,40.656606350290204,44.156083725083384,35.501402309274155,1.0157985645989205,0.07751023560655428,0.7608143858355543,True,True,2
96,178984,2.7188360522282053,34.96030397490579,35.75469874402181,40.3503609261163,38.765850578822686,34.9604544668253,0.9999870861571467,0.06313786045681952,0.8004096957872952,True,True,2
97,180806,2.746512935565039,35.07853194929009,41.754659690497,38.98522172936739,37.19176354766988,34.71089528642074,1.0321118937120042,0.026724033046803992,0.9616637958003151,True,True,2
98,187238,2.844217498475309,35.48965640643782,37.316249906536065,37.41356455420374,37.31062070733505,35.0781415097654,1.035608620641061,0.02255231993039933,0.9469941943747998,True,True,2
99,183985,2.7948031727372635,35.28292671277718,38.193950593798405,34.27132646683153,38.07290268228388,35.077305166470545,1.0176891506839187,0.028300404911404047,0.9188542369724266,True,True,2
100,188121,2.857630609335037,35.54535776643442,39.88663679227731,38.72706927987838,39.6537919743144,35.23102166866254,1.0270059431317393,0.08448166637306145,0.73697706012221,True,True,2
101,177239,2.692328828615267,34.84631786581309,36.37770468124961,37.30716715846964,38.460666106218156,34.42465241121905,1.037198763157136,0.015360266312644352,0.9770578305561332,True,True,2
102,195851,2.9750522933052466,36.02569722344636,39.94335489734543,39.35861445690857,37.08431409591986,35.553938635266306,1.0403369614882019,0.0457451494697045,0.8579960332913797,True,True,2
103,171979,2.6124273981258357,34.49813388688145,36.59996860081754,35.850324748951905,35.87629885044104,34.155838175670205,1.0303670647689769,0.02160085875963027,0.9498109420996047,True,True,2
104,222662,3.382321733010977,37.599825737670216,44.1694855880213,41.13917507253146,40.20269287080867,37.272726263097745,1.0265592413653053,0.10116579057217738,0.6949402765792483,True,True,2
105,163281,2.4803014204838063,33.9064520150349,35.14664902836215,36.28775546450598,36.069230345233066,33.55209925462339,1.0320196075562995,0.02614914882383543,0.9259879349892496,True,True,2
106,174483,2.650464124731451,34.66475779869679,37.00969148856909,35.40128264644693,39.53864273310294,34.27883430161694,1.0341567626061166,0.02492953922962359,0.9551274416049105,True,True,2
107,173923,2.641957508557671,34.62763275070584,35.74693973770002,35.73660757921609,37.15233177900565,34.173929857281955,1.0403599798090661,0.031080145550234126,0.9005707697539782,True,True,2
108,188874,2.8690689700115657,35.592720937992624,39.19156686468227,38.99138579158593,34.95247625401061,34.85169825065951,1.065152357719062,0.06706776580137284,0.8128270420026503,True,True,2
109,172065,2.6137337713239517,34.50388331969589,36.25397960073228,35.75964315810885,37.171493331008634,34.095258774235376,1.0363869996298554,0.022523594174097064,0.9692598743740335,True,True,2
110,179832,2.731717499577072,35.0154292758942,39.81972618888741,36.581798567551935,41.36568575114551,34.553658133042816,1.0406298245750984,0.02797709782011027,0.9814312843624791,True,True,2
111,170680,2.5926950866798717,34.41105662772018,38.76552027185376,39.75871220998359,31.597996250292947,35.31526456937868,0.9251382394359117,0.1002930273342622,0.7463883437530593,True,True,2
112,174979,2.6579985561996557,34.697573705205436,40.33774338634922,37.81972693866121,36.98734133810343,34.28135994764222,1.0368673389308796,0.025229285744272138,0.9730575766270252,True,True,2
113,167166,2.5393160701894035,34.17326285532245,36.067621406266824,37.646907864039335,39.22678056542598,33.75599306945283,1.0375443606099188,0.024182122513349332,0.9436730558523279,True,True,2
114,167012,2.5369767507416143,34.162765706038094,39.001610662706874,37.558654467942425,35.010328599142575,33.739933981840764,1.0380693829988676,0.024573618374098393,0.966035417263526,True,True,2
115,171526,2.6055461532566886,34.46781740237351,36.369611604071686,36.72269510161725,37.19522987768618,34.09554737301059,1.033114244320843,0.0311936425703718,0.9062945315789971,True,True,2
116,179199,2.722101985223496,34.97429676701177,38.032076071853076,36.270213561459606,36.28725606727716,35.24288868149691,0.9773103050613307,0.06723593784606945,0.8426459675098809,True,True,2
117,195353,2.9674874810649925,35.995136533514525,40.415586144057166,34.01171213137244,41.13219658771557,36.03079463101974,0.9970339688378305,0.07747712434949866,0.7517612278938215,True,True,2
118,179873,2.732340305404081,35.018090136235266,37.51147198301023,37.12671162431271,37.9618341830069,34.62833898208032,1.0341472657834734,0.01868443801158698,0.9562958074552396,True,True,2
119,186243,2.8291030643808255,35.426679617137445,37.689529270898774,39.57590352389083,38.06342788722261,35.00707528486252,1.036391550751021,0.03585375780756641,0.8945582237807562,True,True,2
120,198622,3.017144852979432,36.194805492810126,39.67098810806456,40.5817633494779,39.012470924670986,35.62782253642909,1.0485059519275217,0.05912725800589376,0.8177609953940405,True,True,2
121,177467,2.6957922366288773,34.86125354797243,37.27361143198454,37.42978131145509,35.324398338846095,34.79610501250698,1.00562740474319,0.04267109854593302,0.8968563432653092,True,True,2
122,182214,2.767900999087685,35.1693528983056,41.62468306496756,36.822933473827476,35.98547861305937,34.72073494353125,1.0392652460688279,0.02382494696700653,0.9648577912224331,True,True,2
123,183940,2.794119605366156,35.280049918174605,36.84437860171795,35.55607263238012,37.75964988583234,34.93859109543273,1.0296068157726392,0.01839529661515531,0.9509735472673061,True,True,2
124,178374,2.7095699167531953,34.920542397730166,39.78657203404084,37.23967057979302,36.53675984168096,34.52841476165659,1.0344583809342487,0.02522745687820439,0.9278168598707539,True,True,2
125,168237,2.5555849736217575,34.24608802999302,39.02064349697154,36.952822506345214,36.49329814487895,33.888669243229934,1.0319754381550081,0.021491281211448637,0.9513250195463491,True,True,2
126,183091,2.7812229676312654,35.2256862405384,36.66599669017046,39.56602454517153,40.9982904675817,34.88543911457806,1.0295461183034536,0.02999421175357477,0.9246658936921857,True,True,2
127,176845,2.6863438165215716,34.82047773791703,35.57059571941531,37.24641352596907,36.804851706296475,34.494420937086275,1.0286262420300967,0.021709116023251967,0.945386344452119,True,True,2
128,157503,2.392531370033629,33.501691903174994,37.04822765280662,34.21162771502765,35.73476060773446,33.2231053305172,1.0253675090220111,0.03382907807563562,0.9277167591468211,True,True,2
129,176204,2.676606779079799,34.77835620414369,36.35286372613562,36.51005652539102,40.700205443690265,34.498060997442245,1.0245734472433126,0.03186300868678466,0.9226739141726272,True,True,2
130,175547,2.6666266954616322,34.73507712992254,39.35815479615146,34.995118116515805,37.606179541661206,34.35949893344229,1.0331522768374477,0.034144029610880734,0.9034406532319917,True,True,2
131,201833,3.065921182504444,36.38881017082785,36.56730068918363,41.486055303146664,41.571982777841086,35.84128733513685,1.0465326108511153,0.05397531132828241,0.8387393397103838,True,True,2
132,176807,2.685766581852637,34.81798351427662,36.345800788430324,42.20021831714808,37.59108519459071,34.510139951227046,1.0270005694346052,0.023409282067027883,0.9473605861515029,True,True,2
133,173008,2.628058305345156,34.566801214014696,36.73116272079904,35.29002705077222,36.80276056598539,34.17818364014068,1.0345003443815004,0.018946432421409132,0.9695119146515413,True,True,2
134,179299,2.723621023825957,34.980801229110945,40.44612072571515,36.828900328501554,39.28147396248724,34.67852548481153,1.0263781275505657,0.03229837558393534,0.9168617045604872,True,True,2
135,153106,2.3257392426834333,33.186990195705945,34.20271576554805,33.81852442098938,34.91940224419683,32.773573087062985,1.0383224027011477,0.020819211913031963,0.9453864149665404,True,True,2
136,174610,2.652393303756576,34.67316617572915,36.09353988889525,36.96952064601111,38.409638623217454,34.445013174510976,1.0200029726358788,0.027595105485243247,0.9222228583113723,True,True,2
137,166287,2.5259637208737744,34.11326041865595,36.80481937854432,37.672145146644056,34.356353773896934,33.72345340286079,1.0350791590114858,0.024758018599127178,0.9461571908909626,True,True,2
138,186008,2.825533323665043,35.41177297410655,41.43110511375855,37.44394864737001,41.84045309879145,34.99321416187438,1.0363143447769951,0.06263036911519917,0.8158519129878978,True,True,2
139,194981,2.961836657463839,35.97227416096257,39.024356219323934,35.7452726163062,39.90143142152312,35.27283802029031,1.0606753404535427,0.05978556725358924,0.8261677997904455,True,True,2
140,172748,2.624108804978758,34.54947663131223,35.59442656354921,38.56132632505152,35.180847245698935,34.143134342936534,1.0361300230281496,0.019416516913824795,0.9533451951038234,True,True,2
141,166433,2.528181517233367,34.12324131332339,38.454080621030684,34.903919294851384,40.59431122433652,33.83836913495999,1.0254690587599855,0.02778169885452394,0.9522830762535894,True,True,2
142,151799,2.3058854081492726,33.09228585016989,35.84103320838741,34.424831520629255,38.46796092200871,32.70954913422751,1.0355155564052165,0.02612850807790958,0.9399815826843335,True,True,2
143,172656,2.6227112894644944,34.54334223075623,36.58022889444908,36.28812783801316,36.30327356130108,34.14334845065548,1.035558731939244,0.014535290002370686,0.9773404651105841,True,True,2
144,181514,2.7572677288704606,35.12425914470506,38.40111506550459,37.498027700342675,40.275273532620076,34.76736097530628,1.0311131794583317,0.024868912508348148,0.9365477479097754,True,True,2
145,171466,2.604634730095212,34.463797972415975,36.9124666114565,35.880553579135224,35.63053316692522,34.03578369391839,1.0382026725742706,0.01622005608027752,0.9653915298024863,True,True,2
146,170276,2.5865581707259304,34.38388482460514,37.9440731518241,35.766702295097375,36.57388592637835,34.01111541949093,1.0332423646844788,0.02792387932276561,0.9473700755107585,True,True,2
147,167326,2.5417465319533408,34.184162158089656,39.786679894338,36.11711867850782,36.725685189390774,33.7847912600591,1.0358839399923394,0.024814376482247987,0.9518438963331731,True,True,2
148,174802,2.6553098578733003,34.685870315061926,39.616039862244136,38.85270763492409,38.53184174094118,34.25090288204469,1.0385842086385537,0.026322147489468452,0.9743030970534331,True,True,2
149,174779,2.6549604789947345,34.684348955639,38.31671997207903,36.370210379965556,36.56686444023595,34.248533740518155,1.0386630730494002,0.018098371838909097,0.9635478979081581,True,True,2
150,184567,2.803643977403585,35.32009106290673,38.13603731978089,36.926232750166605,38.82345164628563,34.9057384792399,1.0360362522858444,0.017924757024824413,0.9759320119609359,True,True,2
151,163559,2.484524347798647,33.92568399179435,34.25999792123943,34.87415550351861,37.597820969802946,33.85095119958231,1.0066377367839372,0.04986995064562582,0.840101193794393,True,True,2
152,196176,2.979989168763244,36.04561352237668,40.35536457058967,37.93925862490825,43.23590041595302,35.68771345841138,1.0303887209359772,0.036611189189614084,0.902951488696798,True,True,2
153,172836,2.6254455589489236,34.55534228113121,39.05673586521326,35.405471082413385,35.950768358443845,34.19486406570594,1.031960210773253,0.021951137238240902,0.9456028223674895,True,True,2
154,207981,3.159311675783726,36.75459860791774,44.89104293180627,37.5608156514297,37.898077228208344,35.97281301379211,1.0666252292232974,0.08835621432218013,0.7584624713098647,True,True,2
155,184994,2.810130272236092,35.34730803236475,38.55962355535855,37.251564915618886,37.61473885639534,35.04363563770205,1.0262225775375553,0.029470379217756307,0.9256555090305811,True,True,2
156,150843,2.2913633991097484,33.02266995127733,41.738688570235276,36.19469249484563,35.60216251334169,32.92115847609686,1.0092789691569564,0.0646787986364811,0.8733681772616037,True,True,2
157,163169,2.4786000972490507,33.898697711635464,38.94069339151432,38.34065907126966,34.445035515324605,33.79269707289965,1.0094399231928033,0.05612232395733076,0.8520283191636873,True,True,2
158,191466,2.9084424505873465,35.75479988394363,41.6480001671315,37.61198855149217,41.61390534089603,35.343454361861156,1.0353235038191675,0.030122723696869656,0.970824260734058,True,True,2
159,163652,2.485937053698936,33.93211284581306,35.32740204824872,36.12764891354826,36.08018844865935,33.57435120024705,1.032309254903266,0.029621206738694766,0.91111467779406,True,True,2
160,165402,2.5125202292419972,34.05263440636572,35.838061208449716,42.13800921391519,35.258763497418414,33.63449246460777,1.037761396175448,0.027851315122536646,0.9697359950005943,True,True,2
161,174855,2.6561149483326045,34.68937554833891,38.248989162448886,38.056944325298105,35.26360698864774,34.25640168106709,1.0383988991271451,0.023679874145298367,0.9436007351614243,True,True,2
162,192291,2.920974519057647,35.806080431360314,36.82161411610528,38.63576558445273,38.25245071272187,35.45164493625431,1.030294011784035,0.03058949666264958,0.9333695327258319,True,True,2
163,174319,2.6479729014234152,34.65389369853854,35.836925406869014,36.18796000435982,35.38632621802557,34.26110926072437,1.0347891275335375,0.024949466148132378,0.9563652866281225,True,True,2
164,178861,2.7169676347471787,34.95229375649466,36.33649593818664,38.99468861294525,37.92136351692096,34.627157696571885,1.0284342010406624,0.029567850689785062,0.9506088548192154,True,True,2
165,167056,2.5376451277266967,34.16576554977321,39.87851977779906,36.012486830763336,37.99782707595058,33.73526933581253,1.0387736477166156,0.02296970467632715,0.9579731372380936,True,True,2
166,178077,2.7050583721038874,34.90115025408513,38.63305199436199,37.96801383671109,36.913835026421154,34.60122186379893,1.0262304949209866,0.031273263311752515,0.9148755831316576,True,True,2
167,178892,2.7174385367139418,34.954312938083035,37.229786686939605,36.8399201753013,35.71303356214923,34.50440726455138,1.0396295049530642,0.024124571981275687,0.9553292279132028,True,True,2
168,196735,2.988480594550999,36.07981816455885,36.2541693140519,40.08036190815056,37.39499834803161,35.58933904742662,1.0419173088178453,0.03470637336486043,0.8904800084522004,True,True,2
169,218531,3.3195702483433265,37.36584557249961,37.58224233632757,44.663173645844296,39.030430465242915,36.86903573242364,1.0409721388036417,0.07581676509315911,0.779841783998713,True,True,2
170,154213,2.342555000012673,33.26678199579846,36.95119088533392,35.08295020523562,37.941788305784854,32.991782286707476,1.025215216462722,0.02898813388840309,0.9300393374131766,True,True,2
171,177457,2.695640332768631,34.86059874250885,36.147275114534786,37.24445358593913,36.809931420005974,34.713765602749774,1.0127432237306933,0.04509801752755883,0.8540101878543159,True,True,2
172,188672,2.8660005120345953,35.5800276534349,40.38702086160109,40.24953888229308,43.39437224389417,35.13135837547901,1.0388049651110933,0.030451630482842267,0.9754344631751979,True,True,2
173,164384,2.497056416268948,33.98262931820324,42.44324265135293,37.37409358575044,33.99957416780222,34.14489212422414,0.9858110907878288,0.08015623015858124,0.8159676823486931,True,True,2
174,160352,2.4358087798177337,33.70248498788779,37.03232887647176,36.55673144083018,33.963299491119535,33.81693000808611,0.9898815640913547,0.061950366345210235,0.8686578109363408,True,True,2
175,181585,2.7583462462782076,35.128838217234595,37.26418481702784,39.39328689043698,36.32345733403089,34.87545475869222,1.0219548831087224,0.048757689372507886,0.9082286251318825,True,True,2
176,197001,2.9925212372335444,36.0960716857816,39.25390734057188,37.81397048745946,38.28707976101644,35.751166478693264,1.0292222638701967,0.038460504271065434,0.8743245177367869,True,True,2
177,182348,2.7699365108149823,35.17797195524491,37.727005505955646,41.84238379362537,38.2180939741593,34.83740653074761,1.0296152003689578,0.047623085672506484,0.8457231473028419,True,True,2
178,188034,2.856309045750896,35.53987738772845,37.49449567631386,38.20951530042439,35.98331684695321,35.281699527703175,1.0221138764032713,0.026432442110142507,0.9343727385851478,True,True,2
179,194008,2.9470564118618965,35.91233771287135,39.33039874644344,36.485598532019296,40.317115789039626,35.513479294418914,1.0340733870066634,0.04486436652686712,0.8578833399867134,True,True,2
180,185488,2.8176343229322476,35.37874337677359,38.0524562235832,37.40478629345294,38.30207884067972,34.97792546182148,1.0347729455182972,0.03153184219823041,0.9373909192114268,True,True,2
181,184011,2.7951981227739036,35.284588646966746,36.4654884762324,38.77394829656923,36.06961540342697,34.767166601300616,1.0453152350608557,0.02508859369278407,0.9340440681592647,True,True,2
182,172321,2.617622510146251,34.520986579397935,37.940506380534,36.416890570505046,36.761166659896354,34.09421534792937,1.0380242442878924,0.021816980164532127,0.9779577411805406,True,True,2
183,179332,2.7241223065647686,34.982947170857,38.738858653224185,37.42909798585863,37.575390895099595,34.6829505203968,1.0261741580115145,0.030014732584614026,0.9153266336192596,True,True,2
184,168184,2.5547798831624533,34.242491450370906,36.17737121248157,36.83229082433525,35.94941254816154,33.83344014081936,1.0367107272632163,0.018295488601169405,0.9864045510713203,True,True,2
185,170831,2.594988834969587,34.42120141716751,36.674637507244,35.70617745022859,36.29516890962413,34.1255477416958,1.0262169443692408,0.031512015428749054,0.9008102994247948,True,True,2
186,178988,2.7188968137723037,34.96056440819251,36.585899613381905,42.14770263928308,36.143031935101796,34.54187006444341,1.0368066343118894,0.034032260000734255,0.9099589196017065,True,True,2
187,179526,2.7270692414535422,34.99555738720984,38.65904660049241,38.93662756369551,39.419070218241366,34.55824424221056,1.0384455655174711,0.0351850482184849,0.9151853953433452,True,True,2
188,178869,2.717089157835376,34.95281485794827,40.38802699182083,37.84025739507685,34.067110566951236,34.81048533501229,1.0123163113325888,0.03665078358608221,0.9030986640493911,True,True,2
189,193515,2.9395675515517654,35.88189257584682,37.452254347208225,40.86058961837583,37.65655375552283,35.22189969752955,1.0572743521477665,0.05713040460392904,0.8291580766978242,True,True,2
190,187688,2.8510531721863823,35.51806511315389,41.66451771024253,37.579946506969016,37.820702442351134,35.1725800432755,1.0297581011634875,0.025786130490664822,0.9680262143889661,True,True,2
191,184255,2.7989045769639076,35.30017763718353,35.72432769802719,35.86030229844509,39.000824943692166,34.79607392265076,1.0440948127218874,0.04183674359036511,0.8653472414429353,True,True,2
192,173541,2.636154781096271,34.60226242032512,39.13687255461245,39.31538944687423,39.65795979048179,34.29809389164214,1.026841781864328,0.02797460868229315,0.9394924903255498,True,True,2
193,177787,2.7006531601567514,34.882194347787056,40.32587309533318,35.27007036509981,36.5811617272354,34.49769300460676,1.03381120059935,0.028788274655552927,0.9423042729240524,True,True,2
194,186142,2.8275688353923405,35.42027446967023,41.038056967261554,42.90276240719451,35.68908682618646,34.83085893314437,1.0516305974869806,0.0875703700043926,0.7428534750843843,True,True,2
195,161489,2.4530802487277112,33.781954966308916,38.25910123909368,37.13907448804562,39.463579562694676,33.46951531381488,1.0282673978524335,0.032334746945289074,0.9270703266082274,True,True,2
196,180748,2.7456318931756116,35.0747806496578,36.226785358620845,37.44079049284086,41.11432491645827,34.68562972725287,1.0340371457988704,0.030483806222115793,0.9365998729386557,True,True,2
197,182168,2.767202241330553,35.16639314331112,42.059324359931495,37.45303236572834,37.33891792191823,34.80847565787779,1.031165718041505,0.02323016543127908,0.9473678139138507,True,True,2
198,165363,2.511927804187038,34.04995778186768,36.532404467746716,36.76335093098214,38.52164631749545,33.728490034644665,1.0288665224412838,0.02429725837592465,0.940362391979625,True,True,2
199,182811,2.7769696595443754,35.20772026673139,37.72816187209741,36.585407880269784,38.22454885099912,34.8788204372188,1.028556960574133,0.02531959277476266,0.9360170893621341,True,True,2
200,172076,2.6139008655702223,34.50461857406455,36.58163834584718,35.59540551849183,37.129158046444594,34.09385532093491,1.0365812553718652,0.021974844512302742,0.9610032675564797,True,True,2
201,163068,2.4770658682605653,33.89170194826906,35.659859690435894,36.66306694139868,36.73949517992494,33.496845922608586,1.0357820693136557,0.021050368958543616,0.9631903579679996,True,True,2
202,174236,2.646712099383373,34.648392806879556,39.761507380793866,33.550311072338665,37.07039876948507,34.29455842282114,1.0312729755061953,0.0712776160929376,0.8333880855445202,True,True,2
203,149160,2.265797979430335,32.899395771579556,39.43376910699919,36.34920219898096,32.12770850093859,32.97555297165312,0.9930874745193133,0.07757985512634598,0.8252321202781623,True,True,2
204,177028,2.6891236571640746,34.83248439292221,35.93976094177192,36.515681135187656,35.63519895157828,34.42452223740123,1.035975748069277,0.02515453489804537,0.9582123342113382,True,True,2
205,173781,2.6398004737421767,34.618206236944935,39.75021435024542,36.351091316081735,36.19841064328091,34.28471071835074,1.0294664898687809,0.028313068726129775,0.9337212459352094,True,True,2
206,191218,2.904675234853244,35.73935585107002,37.93894926209876,39.51465343220826,37.90454873495173,35.42345891798652,1.0269924847420826,0.028998822978855726,0.9213695721654368,True,True,2
207,174320,2.64798809180944,34.65395996369501,36.85116452501147,35.78069642037632,37.39524437815512,34.368869575716474,1.0250920463923665,0.029563771889141378,0.9307091819669085,True,True,2
208,181879,2.762812219769442,35.14778675294169,37.324974296097956,36.43626257017028,36.437136777747845,34.75884902283478,1.0339458324419293,0.01915709447402559,0.9574596146940354,True,True,2
209,174753,2.6545655289580945,34.6826289973045,36.7766161382065,37.441451648898735,38.55444541724606,34.44093696160216,1.0212008253460285,0.02977764373552686,0.9146312257742585,True,True,2
210,162362,2.4663414557271928,33.842720018110576,35.82468804276863,35.56034047375618,35.92610955765512,33.40962230751277,1.0393961050586842,0.023432735090687683,0.9363685617727522,True,True,2
211,181780,2.761308371553006,35.141408405393136,40.952816591484215,37.857899658928375,38.915557267026074,34.720777071458656,1.0367861348205576,0.022485583117894475,0.9668656322367721,True,True,2
212,182436,2.771273264785148,35.18362993464557,39.624619044486835,41.495094170010304,36.27268192681269,34.618943176973154,1.0497370230261618,0.04682302319826481,0.8712237282834362,True,True,2
213,196278,2.9815385881377536,36.05185964074114,38.85990279093938,41.54458472167028,40.60763814589511,36.20179927663998,0.9876260727109185,0.06435035777324238,0.8126036590018679,True,True,2
214,190589,2.895120482043766,35.70012532378434,37.807197687169776,41.478301475950865,42.07186144006212,35.38534896132341,1.02692511064038,0.029657343634604632,0.941337066427702,True,True,2
215,173403,2.6340585078248755,34.593088068638096,36.17439144651477,36.74588098245128,36.892643149195806,34.19507239014633,1.035326702326822,0.02079239295463454,0.975404505697333,True,True,2
216,169343,2.5723855405649725,34.3209694474925,39.790159616872266,37.78857112487673,35.36569565910607,34.19431492989668,1.0111531014022541,0.04667722271908201,0.9071299162590661,True,True,2
217,179608,2.7283148531075603,35.000884747233016,38.359549685982806,38.90690281056523,36.291139592891184,34.60862403331717,1.0343894170449635,0.025663007619814944,0.9454356481099683,True,True,2
218,181822,2.7619463677660394,35.14411465378208,39.92235263059476,40.37274367238288,39.277793666333004,34.72913005038499,1.0362775928281205,0.03294300349018394,0.9593160698121409,True,True,2
219,172038,2.6133236309012875,34.50207847156246,40.09439774933445,36.133028749462326,36.60835396830932,34.09688224352377,1.036076364909139,0.027312083778183487,0.957948976186346,True,True,2
220,177529,2.696734040562403,34.86531279291435,37.76690005576554,41.33783212883529,36.55095223878916,34.34237973904259,1.0463802625844825,0.04233054787218122,0.87710211634825,True,True,2
221,176765,2.685128585639603,34.81522632495782,39.606997991683876,35.23584985715498,40.74135716912285,34.45113840738532,1.03204096508747,0.02566232271631231,0.9409855194109457,True,True,2
222,192289,2.9209441382855976,35.80595629240921,41.66990831508823,40.7784636666684,39.53310381769108,35.76469379398067,1.003465159445388,0.04531657422361267,0.8776154761590106,True,True,2
223,163863,2.4891422251501276,33.94668971415141,39.44111849532842,36.77232810335463,34.78115865082417,33.5066512401735,1.0399182899590207,0.029510612794698677,0.9625817502226749,True,True,2
224,177228,2.6921617343689963,34.84559696084562,40.3242659173494,37.61345272755998,36.11769584941431,34.444655881363076,1.0353285169829693,0.028119991226743673,0.9239010827285158,True,True,2
225,181623,2.758923480947143,35.131288498087294,37.422468519956176,40.79171140219025,38.519735936527866,34.87525259615564,1.0221865217801311,0.03358144221019233,0.9171755728213004,True,True,2
226,179265,2.72310455070112,34.978589983412775,35.60058014671018,38.132730873288146,39.2264636153181,34.46426009820945,1.0454421803092022,0.03175534983587619,0.9010820849285565,True,True,2
227,177271,2.692814920968054,34.84841487431597,36.59089755233513,37.35519064031906,36.93666194696256,34.42700575675265,1.0371733015209799,0.020130072252145685,0.9504022142898704,True,True,2
228,186832,2.838050201749319,35.46398635447274,37.14834182581142,38.87619893808341,41.9428256401473,35.08960955843837,1.0323501993980977,0.030317753481777218,0.9286324232560607,True,True,2
229,190559,2.894664770463028,35.69825207828566,37.40959492860479,37.26312585603409,38.60395992842112,35.26155502698836,1.0376155551747908,0.026108869516329066,0.9432037982318527,True,True,2
230,193155,2.934099012582907,35.85962815218211,39.96393569930885,37.21627190598224,41.16007869327742,35.39547187036948,1.0398584519536886,0.03529101616205368,0.9081992446712701,True,True,2
231,182682,2.775010099747201,35.19943691282184,40.711969433222755,39.94855541323174,37.31219277213957,34.808237602185784,1.0340964420923702,0.022783806376797815,0.9521689537785377,True,True,2
232,173157,2.6303216728628223,34.57672171000286,35.82402097518437,41.511986232147706,40.404332484392775,34.2045858025965,1.0329955160928577,0.026524076435491227,0.9673486625474542,True,True,2
233,186235,2.8289815412926287,35.426172363182474,39.46133648347518,38.66587376164523,35.52127151179961,34.97502436114985,1.0391987531325475,0.05025199753245402,0.8452858883474378,True,True,2
234,182525,2.7726252091413377,35.189350358979944,38.75476784002191,36.08931927133269,34.758389261744966,34.68136605307265,1.0445883104819749,0.03882083253444046,0.9022699485556049,True,True,2
235,172857,2.62576455705544,34.55674174420598,37.02800580826926,35.75272624192252,37.979954528888044,34.175377847674135,1.0338520361483685,0.022650268001165617,0.9359648080691297,True,True,2
236,178151,2.7061824606697082,34.90598398229622,39.60570527249356,39.35043305959551,36.02502371583657,34.55595939325431,1.0306964736875805,0.028421853318429904,0.9409482499515945,True,True,2
237,177536,2.696840373264575,34.86577103538343,39.801437454938714,36.23920218997837,36.75473706741168,34.41971770303586,1.039383717623096,0.02640392019385504,0.960703639535283,True,True,2
238,168455,2.5588964777751215,34.26087357037213,36.45961235938381,39.722418450031164,36.0537057374373,33.85559968758575,1.0363435863506398,0.021322378563004594,0.9795251081786059,True,True,2
239,187475,2.847817619963141,35.504623991806454,38.58992398986531,36.76248033071076,40.5839178557141,35.06518785876996,1.0380690509591572,0.020475160088387633,0.9670996061361753,True,True,2
240,164108,2.4928638697261563,33.9635997698927,39.27034026372876,38.87853730470178,39.220129426962735,34.06098446310232,0.9914471183210074,0.05141497849136637,0.8411669675668668,True,True,2
241,172437,2.6193845949251053,34.52873091745373,38.817840718639275,41.72221738953937,37.19452321717497,34.152874844177134,1.0333799938014996,0.029096889941586702,0.939974392952989,True,True,2
242,185205,2.8133354436872837,35.36074170806466,44.11138468183904,37.77110229205475,37.138381793148135,35.309160701603986,1.0043889229041305,0.047202291303982846,0.8649739281964935,True,True,2
243,167859,2.549843007704456,34.220420413308936,40.03877659225898,35.313227172805746,35.46772588899017,33.841632745807104,1.0339560954260816,0.030769916253390896,0.9215112304839628,True,True,2
244,220679,3.352199197524182,37.48787294501534,47.20938557814745,39.06801734646251,38.653637183420265,37.265412158238675,1.0180160174296906,0.07564660311433087,0.7648856099256764,True,True,2
245,179110,2.7207500408673058,34.96850576023762,37.646803640221094,40.658466863938365,40.179571213220925,34.615835510857394,1.0308768076255594,0.03367652267536902,0.9170031788594998,True,True,2
246,218031,3.311975055331023,37.337326064513924,39.45838894469135,46.200728336796146,38.20040269502961,36.80306264736802,1.0441857318617704,0.08594747684014926,0.7340269889391917,True,True,2
247,189838,2.8837125021392866,35.65317247998332,38.02958838588692,37.42891834090119,42.19008839115456,35.237235222838294,1.0358313805977588,0.02954597922521437,0.9466446880707303,True,True,2
248,184463,2.8020641772570256,35.31345574957054,39.99576608859229,38.737405333318875,36.84303085171552,34.8666857128921,1.0389356694634317,0.02911806348929956,0.960101815315475,True,True,2
249,177364,2.6942276268683427,34.8545078731717,40.276183441961166,36.75516452042128,36.868569721025686,34.34912335575133,1.0447921295330784,0.03237570407629766,0.9083800249872248,True,True,2
250,183302,2.7844281390824572,35.2392127864019,39.99283695758911,38.20563332642306,36.561352303848295,34.884642248079174,1.0308032369923408,0.028603118478908125,0.9347701590223821,True,True,2
251,188981,2.8706943413161987,35.599440942140745,41.52612696514464,37.537736597859045,38.63639730978247,35.25899821043333,1.0292470406295164,0.04013018210605409,0.8924128028422694,True,True,2
252,181252,2.7532878477320137,35.10735138157239,38.62333105289873,41.91731953302584,39.57987222209962,34.719057231446996,1.033928309989223,0.025446712019080848,0.9602064580678252,True,True,2
253,180785,2.7461939374585222,35.077173812774454,38.34548220261637,39.26371103797328,36.84774179273723,34.67165912070344,1.0354995434867196,0.027589377948659722,0.973345708735937,True,True,2
254,188786,2.8677322160414005,35.587192303360055,39.03792124416005,37.89014015869821,38.50797198944837,35.2515645980721,1.0288355996646448,0.022976349883848068,0.9415978709680851,True,True,2
255,183379,2.785597798806352,35.24414642875086,35.76636910442308,38.89400094885456,43.885477617393484,34.99905634772616,1.0211557471016877,0.032884238412395114,0.9177245652018948,True,True,2
256,178371,2.7095243455951215,34.920346625150245,36.47780749112804,40.461975321100404,40.181520538652585,34.54020170720062,1.0333823260554273,0.03163580616386365,0.9405774862874602,True,True,2
257,158501,2.4076913752861864,33.57230287077149,39.53694929369531,36.664462684778016,35.32770771162327,33.1455075386215,1.0391287881406321,0.024552206895055866,0.9700462247062579,True,True,2
258,231460,3.5159667492554667,38.08866752882755,35.525226821048996,49.08705607880411,40.3580143437311,37.213614627888475,1.0722147362662606,0.1178256895918836,0.6761925298902978,True,True,2
259,185067,2.811239170415888,35.35195685728501,41.477567583631874,36.41635191579266,40.00452268637844,35.0879637682461,1.0227414982156477,0.03142567946990717,0.9225764119531107,True,True,2
260,173647,2.6377649620148795,34.609306083954124,38.101712094075914,36.34052416684423,40.78413102443463,34.27633814040223,1.0294266797274552,0.05474146615736745,0.8190424805222709,True,True,2
261,187999,2.855777382240035,35.53767216084625,38.930738993292515,38.20078830206543,38.387065888648344,35.15675846867444,1.032857610434739,0.023704572083988646,0.933906688084456,True,True,2
262,203279,3.0878864806960253,36.47550405310189,40.193187687857574,41.96697642156839,40.3349829544616,35.9690551442789,1.0428379261153249,0.06756226245143751,0.796392988679835,True,True,2
263,185225,2.813639251407776,35.362014512756176,41.1674503981644,36.24821703333783,41.630616817384265,34.893552374015336,1.0408195417611306,0.02694686170059766,0.9406023265384359,True,True,2
264,206979,3.14409090898707,36.69547876931459,42.10551311968847,40.247657974963644,40.92359611361539,36.30314101067443,1.0327734560727497,0.03395955588198263,0.9064997441220782,True,True,2
265,184243,2.798722292331612,35.2994112874183,37.35039594448636,39.94836710214228,41.47682679938993,34.92542873744851,1.0324693045129159,0.027855634790655562,0.9381171963104197,True,True,2
266,164118,2.4930157735864023,33.964289618649424,39.196175922202315,35.720323182100685,35.76058689479521,33.58515666060498,1.0342498610909208,0.02526683975994541,0.9688755059712901,True,True,2
267,183531,2.7879067374820923,35.253881514368814,43.212536301769184,35.73025265486485,35.97621655197214,34.63701467789757,1.0543855870743295,0.04768993961862081,0.8647191133137322,True,True,2
268,179141,2.721220942834069,34.97052307016702,41.712907709569556,36.453369133810796,37.32324258544945,34.51950772484738,1.0397109162109173,0.026635574458759796,0.9628480634479466,True,True,2
269,176070,2.6745712673525017,34.76953786178861,40.79429772249674,38.84984949167944,35.94005225194525,34.2334614441432,1.0477177763890466,0.03719199393223914,0.8953200805758035,True,True,2
270,178582,2.7127295170463137,34.934110614623705,39.735460460740725,36.661578434556674,38.45560022846647,34.51182360260687,1.0371590211998458,0.025127533630146748,0.9425475644637802,True,True,2
271,170654,2.5923001366432317,34.409309239027955,40.686371254116516,36.60196655220505,40.05196479426208,33.96703100221368,1.0395732602222671,0.0327264817749943,0.9294278561541887,True,True,2
272,182292,2.7690858491976047,35.17437047506022,36.06795141860312,36.01513505803875,38.66237136023523,34.7360587986983,1.0383347210949605,0.02217785897177892,0.9374129391509914,True,True,2
273,185392,2.816176045873885,35.37263885704638,38.04911754552516,37.43077910589454,39.9364319927505,34.948683061416645,1.0368356814106188,0.0224851523259347,0.9432942640708406,True,True,2
274,186114,2.8271435045836513,35.418498375044514,37.589977110803055,37.96464532490839,37.893022556067784,35.07138944709837,1.0299864656603432,0.021354805601261195,0.9610468914819068,True,True,2
275,204721,3.109791017343508,36.56154965870476,42.68686651589236,35.62205635963091,38.631371476301894,35.83564116105051,1.0620091231086886,0.0874960257464141,0.7558118362519247,True,True,2
276,190309,2.8908671739568765,35.68263404805846,44.65208161463725,42.77199186586026,36.75938605110636,35.211281439518515,1.0406992130834314,0.04392661114451148,0.8896111205379265,True,True,2
277,189973,2.8857632042526085,35.66162185576558,40.96142083348686,40.94313402430872,40.03980039268738,35.23034851941908,1.037175986836454,0.02787159286345733,0.9448032456085558,True,True,2
278,177223,2.6920857824388733,34.84526926690846,41.14385266020776,36.685464076333204,35.96538259706697,34.42998966515669,1.0366228976618832,0.029504500660489683,0.9305036518826679,True,True,2
279,177797,2.7008050640169974,34.88284834274284,42.483483973295385,39.43400057368797,36.39069838073758,34.41845584117675,1.0410262319992645,0.026414824261130867,0.9534237782957049,True,True,2
280,190591,2.8951508628158154,35.700250199828076,42.68619714467105,40.394131936974986,37.337550041712355,35.24864679832807,1.0389303476679164,0.03899489797870845,0.893751435010952,True,True,2
281,184713,2.8058617737631772,35.32940181756288,39.12815015727101,36.99662178623053,38.10107572287819,35.06131258878205,1.023114737316361,0.039382761774513546,0.8936951017288209,True,True,2
282,169660,2.5772008929347727,34.34237170134025,38.89191913238241,36.14169515501592,38.6798656135801,33.94973982859964,1.0350980776512964,0.023192356184504652,0.9623293670226618,True,True,2
283,185169,2.812788589790398,35.358450428687554,41.74380700873256,41.29273258482792,40.43165972706014,35.226520090054336,1.0112777300069895,0.04090336201033715,0.8839834409682473,True,True,2
284,171761,2.6091158939724712,34.483551150772435,36.781760702371315,36.51320148345666,41.160967856498274,34.28277574548119,1.017672448715885,0.03613909227283725,0.9033963989063502,True,True,2
285,177527,2.6967036597903538,34.865181864282135,39.250970274944095,39.598821587702155,39.45172283652627,34.48299271286893,1.0336201178976705,0.030081692731370062,0.9415106355500736,True,True,2
286,165905,2.5201609934123743,34.08711835332573,37.09310147373497,36.2092944757542,36.03826888882192,33.88350756500497,1.0181359705509008,0.0348952601143112,0.8898068751853543,True,True,2
287,192515,2.924377165527159,35.819978550432246,38.79493545957458,38.63066254577566,38.033223385190766,35.593560012356164,1.019205318934867,0.03493560639539189,0.9091009615870009,True,True,2
288,193383,2.9375624205965174,35.873732162514685,37.843828051069636,40.24334093482881,37.54221415532906,35.324505008576104,1.0473731327754876,0.04467572921878837,0.872750173168824,True,True,2
289,178954,2.7183803406474674,34.958350601563986,37.549828447534004,38.474652704046854,39.04507303552868,34.56548205444871,1.034486784554949,0.021356226981851557,0.9712270269991279,True,True,2
290,164113,2.4929398216562793,33.963944697773975,37.604303132597664,35.866713788670005,36.02151566298831,33.63966379721367,1.0291991884244347,0.026241045723150003,0.9358516096186305,True,True,2
291,178287,2.7082483531690547,34.914864101465135,37.44391907430155,35.90380117451076,40.420182065994716,34.50393222632128,1.0361563471794868,0.02449201367604515,0.973456796844016,True,True,2
292,177611,2.6979796522164206,34.87068002039367,39.830292042722576,36.80882377780655,38.409113174296635,34.51007643660922,1.031676377513661,0.029284982531296987,0.9258794641255889,True,True,2
293,196687,2.987751456021818,36.076883638187844,39.79846659921601,37.41145576474297,37.63452083767611,35.719950325155594,1.0302781943714885,0.027087309449545183,0.9257818203783491,True,True,2
294,209134,3.1768261908700977,36.82239323182675,38.34234031769105,42.037736570811056,36.66115504891601,36.59927657897023,1.0184003293832753,0.06827186081007425,0.7741287758088263,True,True,2
295,231386,3.514842660689646,38.084607991075494,45.181164806859535,43.09952633262168,39.05675797152809,37.307655125084764,1.0637868286450392,0.12064556398270729,0.6645751257117539,True,False,2
296,178963,2.7185170541216888,34.95893663648759,38.7246022920939,36.8143582751742,39.36821577644541,34.56334984283461,1.0347302850071671,0.026746995001497364,0.93964230370376,True,True,2
297,188344,2.8610180654185244,35.55939746208073,38.149364991717285,36.74765323025952,40.18575054156225,34.9985641446055,1.0488478647919481,0.037737172764757895,0.9023521169671366,True,True,2
298,186971,2.840161665406739,35.47277905258338,37.63753737210583,39.13671104074964,39.41804343989175,35.12549608672721,1.02995497967853,0.04973250342095557,0.8472781359674455,True,True,2
299,181156,2.7518295706736513,35.101152091937884,38.916337300448234,39.67015169246395,39.94892799576056,34.66007496823981,1.0386652936708354,0.021688394620598538,0.9758870857269929,True,True,2
300,192919,2.9305140814810997,35.84501756952707,41.17113918276583,36.0651724298799,40.21284580575267,35.34701509909971,1.0428651545699419,0.0365749129305341,0.8992705362096325,True,True,2
301,181423,2.755885403742221,35.11838844625524,39.730640547229406,36.856594808816965,36.37774152119632,34.6105568868029,1.0446672340195036,0.032584759430830536,0.9128414386825595,True,True,2
302,175943,2.6726420883273767,34.76117604843971,42.896568775114666,36.564967063196605,36.77437579215996,34.40686606872771,1.0312121770306493,0.03589098385504278,0.939294446684627,True,True,2
303,181143,2.7516320956553315,35.10031243644227,40.07349442153437,34.85568307911429,40.884444886084474,34.72969443499584,1.032357363953646,0.032116386513185026,0.9289964888476783,True,True,2
304,173931,2.642079031645868,34.6281636692056,37.221668362741546,36.277857311232616,35.6370227274034,34.284988951490405,1.0303299946445004,0.02356932700259996,0.9541969859877824,True,True,2
305,186251,2.8292245874690223,35.427186856566685,40.800666842057225,38.74674498391955,38.60953229781317,35.03302853316109,1.034134329779006,0.02977725829702996,0.9443740255999142,True,True,2
306,180245,2.7379911290052346,35.042214119136425,41.30549529806652,36.749546450664376,36.70076285056451,34.60490975334588,1.0383922879305645,0.0262879120666269,0.9613502640059047,True,True,2
307,182780,2.7764987575776128,35.205730049097994,38.625243462085564,39.87619542619542,36.536196520407046,34.83867813927236,1.0319414525364905,0.01894443905118441,0.9559402152715011,True,True,2
308,179260,2.723028598770997,34.97826477664075,38.915151177061254,40.288893227713935,35.404847707240876,34.64944746952851,1.028740510041852,0.031068596782611594,0.9254864152751293,True,True,2
309,184416,2.801350229113869,35.31045628011365,37.135855891028974,38.933937402394584,38.099123720284574,35.1063901471373,1.0175399371229426,0.041102785151963916,0.8699654660249772,True,True,2
310,173310,2.6326458019245873,34.586902607589096,35.90530840690093,36.84908545381109,36.36408747331372,34.20302732089498,1.0340496002446642,0.030972436795530932,0.9062524175528844,True,True,2
311,174128,2.6450715376927154,34.641232404029004,37.49530230634935,36.92154621887347,35.97340462188735,34.285613528814494,1.0314406094738153,0.02983938305354252,0.9226867312528385,True,True,2
312,165756,2.517897625894708,34.076910700595576,36.63590458263954,35.55696324718261,36.1747086078332,33.67234264797379,1.036479345758327,0.018260560930276542,0.975874498744619,True,True,2
313,170944,2.5967053485903677,34.428789303158176,38.87084659303632,35.934686213028826,37.76037766754025,34.00053724491001,1.0382642835143823,0.022398916347767826,0.9593531839150671,True,True,2
314,173817,2.6403473276390628,34.62059654309169,38.4014106790475,38.16983954388811,36.51730268040525,34.20197191754814,1.0371706115437656,0.023611148692246422,0.9767121736107129,True,True,2
315,184999,2.810206224166215,35.347626484040504,39.221374169590106,45.254574349050536,37.15257920313083,35.09654569964204,1.0216159136516194,0.03800280644219916,0.9175009622900939,True,True,2
316,173506,2.63562311758541,34.59993605247116,39.389317948658835,39.2787857480433,35.614802946295804,34.60735886726527,0.9993566781988119,0.051450298978568065,0.8466588002809773,True,True,2
317,172168,2.6152983810844863,34.51076674763133,36.406817759397796,36.99082291715069,37.80426095441662,34.12374749079904,1.0344122770614328,0.0220962758162729,0.9786323982077053,True,True,2
318,171413,2.6038296396359084,34.460246695927495,37.670106701358705,40.10275766715477,36.767293029116814,34.14592364033896,1.0278708555166458,0.029287965180986,0.9169575883697108,True,True,2
319,191455,2.9082753563410755,35.75411514908922,37.363981092162646,36.3839805698467,40.08736778877543,35.3451289301288,1.035116884897993,0.02002197119525332,0.9687998598231363,True,True,2
320,197787,3.0044608806488853,36.14401368147404,42.55821666742506,38.85642130170335,37.24854515210808,35.69956659779905,1.0378158587668973,0.025179315698964016,0.9529254715152645,True,True,2
321,187783,2.8524962588587197,35.52405670034287,38.625216340137285,39.04489756793746,40.259001081035024,35.1108872517077,1.035719733845896,0.02199485061375887,0.9562281432594381,True,True,2
322,181416,2.755779071040049,35.11793677276132,41.26712638356044,36.957263967896985,37.33751157560524,34.73045563392233,1.0338452458618543,0.02613594901833092,0.9656146407557384,True,True,2
323,179172,2.7216918448008314,34.97254014738215,41.565668742883936,40.814022280267004,37.93667537338423,34.56109904418653,1.0361410938941487,0.031176356809292913,0.9581752963469782,True,True,2
324,202990,3.083496459134914,36.45821021856964,40.72187299866989,36.18893048918666,43.76063352874526,35.94230221422525,1.0436823993993218,0.0569731005779813,0.8255108446821452,True,True,2
325,236484,3.5922832486430907,38.36227766706507,39.076034742308146,46.68186008355745,37.07473655723009,37.636439275467794,1.0589795341219808,0.09273184448424637,0.729763249917486,True,True,2
326,219664,3.336780955709206,37.43031018478312,40.881960630781556,38.662420788112755,43.81847731080195,37.01791231079239,1.0337952001188795,0.09544598964411564,0.7280840868924491,True,True,2
327,176275,2.677685296487546,34.78302679752419,40.616394837611686,38.04127641469295,36.83254006523897,34.49450717358789,1.0253031236698176,0.030946416199297284,0.913920292223129,True,True,2
328,174425,2.6495830823420237,34.66091639529324,38.5662147054608,40.48040131861832,35.18501934929053,34.28087912914611,1.0336280105620528,0.022924411098592928,0.9513287830034504,True,True,2
329,176832,2.686146341503252,34.819624491094515,41.47702338943178,38.874683315237064,35.22932500904814,34.80037177756261,1.0016606173223153,0.053222302632382416,0.8408363135487124,True,True,2
330,187637,2.8502784624991273,35.51484774280777,38.28979359081631,39.41353251224439,38.56290070721659,35.13058010675129,1.0331750442389893,0.02599984372897206,0.9201215660395266,True,True,2
331,181996,2.764589494934321,35.15532181668117,38.59567243236115,37.28171498274688,38.533418316886085,34.736565623810904,1.0366033308056952,0.019389891819730155,0.9590851075193321,True,True,2
332,196365,2.9828601517218947,36.05718550250253,38.2701958088254,37.31297328953734,38.853227408143,35.657084778649406,1.0340415066174375,0.018747804573142787,0.9518139917707136,True,True,2
333,171763,2.6091462747445204,34.48368499340768,37.77831081199094,35.76118255968981,39.78861570885464,34.094317609821275,1.0346536635663632,0.019920336297044542,0.9650481385634636,True,True,2
334,172198,2.6157540926652243,34.51277111327765,39.2922507810776,38.426340607904855,38.1630390596871,34.05590285733713,1.0407880534963854,0.021639147421380997,0.9649354410321338,True,True,2
335,186982,2.84032875965301,35.47347469151072,38.53552748392893,38.84831160218631,36.64965076852317,35.38406046521632,1.0076000630154394,0.05474069715207659,0.82427152357056,True,True,2
336,182238,2.768265568352276,35.17089692056168,37.223224574457575,36.26447283223038,41.68613022530976,34.81726843324431,1.0307806178778811,0.02423349806365549,0.9364920046664355,True,True,2
337,183756,2.7913245743376285,35.2682821407516,36.09598598141013,38.867558066131174,38.5021822416683,34.86370767583269,1.0352189299800607,0.01695048298838566,0.9584613617829092,True,True,2
338,173679,2.638251054367667,34.61143190966385,39.96513683289287,37.793112581256224,38.0909609106455,34.37586627787081,1.0206991351120587,0.029322864037740697,0.929269746211363,True,True,2
339,180385,2.7401177830486794,35.05128444073712,36.77650580702387,39.065964464894535,36.304343487540535,34.70568866073717,1.03017216699472,0.024835832474329644,0.9357874052153053,True,True,2
340,189047,2.8716969067938227,35.60358472667221,35.32441667945008,41.031050479510384,39.57274117018519,35.63799612692021,0.997106050761236,0.04968096530836673,0.8667805950207242,True,True,2
