Label	Zpos	Ypos	Xpos	Zdisp	Ydisp	Xdisp	Fzz	Fzy	Fzx	Fyz	Fyy	Fyx	Fxz	Fxy	Fxx	PSCC	error	iterations	returnStatus	deltaPhiNorm	LabelDilate
0.0000000	0.0000000	0.0000000	0.0000000	41.0498163	-19.4151169	-21.1132854	0.9815171	0.0000000	0.0000000	0.0000000	1.0750200	0.0000000	0.0000000	0.0000000	1.0750200	0.0000000	0.0000000	0.0000000	0.0000000	0.0000000	0.0000000
1.0000000	378.1338806	255.3672333	438.4719543	85.8803753	-8.7330372	28.1641911	0.8238873	-0.3522477	0.4439946	-0.2770587	-0.9337339	-0.2266706	0.4944170	0.0637385	-0.8668848	0.0000000	1927.5104980	300.0000000	1.0000000	0.1667093	2.0000000
2.0000000	633.9568481	355.0708313	148.5910034	29.9884791	19.4475777	-6.3673931	0.7945693	-0.2646913	-0.5464413	0.6069252	0.3205121	0.7272645	-0.0173595	-0.9095111	0.4153170	0.0000000	298.1810303	175.0000000	2.0000000	0.0009930	2.0000000
3.0000000	594.1055908	256.0860901	187.4900970	21.5899544	48.7419134	-26.0520344	0.6864788	0.1078012	0.7191145	-0.1712981	0.9850917	0.0158508	-0.7066850	-0.1340642	0.6947108	0.0000000	578.7329712	300.0000000	1.0000000	0.0104768	2.0000000
4.0000000	872.5535889	299.9403992	165.8050842	41.3367801	-38.6509832	12.6608592	0.5955912	-0.7927210	0.1298636	0.1349199	-0.0606491	-0.9889986	0.7918761	0.6065600	0.0708318	0.0000000	297.0294189	300.0000000	1.0000000	0.0039410	2.0000000
5.0000000	481.6354675	186.0688477	172.7510529	49.4354427	-28.9332852	-32.8839163	0.9241929	-0.3758841	-0.0676657	-0.0256128	-0.2377688	0.9709840	-0.3810663	-0.8956434	-0.2293716	0.0000000	470.4917603	300.0000000	1.0000000	0.0131990	2.0000000
6.0000000	824.8113403	377.6631470	341.4940796	41.9891159	15.7868298	-23.1978045	0.9990673	-0.0367212	0.0227190	0.0266648	0.9384799	0.3443029	-0.0339645	-0.3433759	0.9385837	0.0000000	51.1647873	8.0000000	2.0000000	0.0007463	2.0000000
7.0000000	755.9077148	374.6035461	171.8022461	38.6856380	-42.6857986	-10.2080998	0.9780695	0.1139964	0.1743125	-0.1095951	0.9933704	-0.0347022	-0.1771128	0.0148373	0.9840787	0.0000000	854.3139038	157.0000000	2.0000000	0.0008556	2.0000000
8.0000000	489.5205688	458.4748535	217.6586761	34.8837819	24.7094928	35.6323715	-0.2718204	-0.9615051	0.0402691	0.9507797	-0.2618490	0.1656894	-0.1487668	0.0833248	0.9853555	0.0000000	468.6415100	300.0000000	1.0000000	0.0114554	2.0000000
9.0000000	865.0471802	180.5454865	264.8483582	47.8745397	2.5012194	46.1881932	0.9946871	-0.0915065	-0.0471602	0.0985470	0.9788655	0.1791952	0.0297660	-0.1828907	0.9826826	0.0000000	497.3080750	23.0000000	2.0000000	0.0009729	2.0000000
10.0000000	693.8350220	412.3828125	193.7365875	16.1833362	25.3982242	0.5147343	0.7134619	0.6212701	0.3240302	-0.7000794	0.6126710	0.3667739	0.0293417	-0.4885260	0.8720558	0.0000000	60.5418510	300.0000000	1.0000000	0.0013063	2.0000000
11.0000000	667.6213989	239.3034821	298.4803467	5.6532919	18.1125478	-20.1915737	0.7246117	-0.1026190	0.6814742	-0.0258713	0.9841039	0.1756991	-0.6886715	-0.1449442	0.7104384	0.0000000	354.0804138	300.0000000	1.0000000	0.0051673	2.0000000
12.0000000	940.9105835	372.6557922	348.4042358	42.1884593	21.7444911	-25.8628707	0.9993002	-0.0340494	0.0154834	0.0265485	0.9372486	0.3476495	-0.0263490	-0.3469952	0.9374967	0.0000000	53.8039055	10.0000000	2.0000000	0.0009781	2.0000000
13.0000000	905.6329346	111.9586182	390.3772278	16.1491429	15.7726959	4.9994089	0.9819477	-0.1603208	-0.1003788	0.1891477	0.8360399	0.5150345	0.0013499	-0.5247234	0.8512717	0.0000000	166.4010010	71.0000000	2.0000000	0.0009960	2.0000000
14.0000000	605.2125854	257.7326050	342.2891235	48.1621589	16.7129466	25.4593534	0.9998435	-0.0130871	-0.0119041	0.0164467	0.9355190	0.3528932	0.0065181	-0.3530338	0.9355879	0.0000000	65.7592163	35.0000000	2.0000000	0.0009596	2.0000000
15.0000000	539.4323120	194.3526917	328.2654724	8.8844033	-23.9032096	-11.2343634	0.9139125	0.3360432	-0.2276817	-0.2487031	0.9068720	0.3401911	0.3207971	-0.2542797	0.9123766	0.0000000	197.5288849	94.0000000	2.0000000	0.0009968	2.0000000
16.0000000	580.7793579	174.5812531	182.4017639	18.9835048	-44.7196899	-10.2365974	-0.8625810	-0.1782338	0.4734837	-0.1770996	0.9830501	0.0474145	-0.4739091	-0.0429549	-0.8795255	0.0000000	941.5021362	300.0000000	1.0000000	0.0201227	2.0000000
17.0000000	551.7498169	233.2266083	391.7115784	41.9819502	-15.3796687	-8.0525658	0.9837477	0.1765275	-0.0328417	-0.1748488	0.9834033	0.0484329	0.0408464	-0.0419034	0.9982864	0.0000000	70.8986206	11.0000000	2.0000000	0.0009459	2.0000000
18.0000000	862.0933838	182.5312958	372.9249268	12.3090277	-11.0762296	0.4445639	0.9389413	-0.0284879	-0.3428959	0.2082185	0.8404220	0.5003358	0.2739238	-0.5411833	0.7950386	0.0000000	283.9573975	103.0000000	2.0000000	0.0009855	2.0000000
19.0000000	668.0889282	198.9298859	362.1045227	-6.0482214	1.4215756	2.2355581	0.9595546	0.2731776	0.0680369	-0.2733843	0.8465038	0.4568286	0.0672018	-0.4569522	0.8869490	0.0000000	148.2193298	38.0000000	2.0000000	0.0009796	2.0000000
20.0000000	1046.0461426	340.0223389	395.6196289	-11.2731599	-12.1499900	11.4897749	0.9683680	0.2314406	-0.0932667	-0.2231392	0.9704873	0.0914507	0.1116795	-0.0677465	0.9914323	0.0000000	494.5173340	300.0000000	1.0000000	0.0047175	2.0000000
21.0000000	667.9933472	302.9809570	344.1083069	44.8808556	16.7259619	7.3855693	0.9993482	-0.0360495	-0.0018978	0.0345209	0.9389526	0.3423103	-0.0105581	-0.3421527	0.9395851	0.0000000	57.7853279	10.0000000	2.0000000	0.0008238	2.0000000
22.0000000	341.9759216	184.9105835	177.2557678	41.4681882	-35.7260357	-39.5326595	-0.2976644	0.9543959	0.0228973	-0.9214104	-0.2934871	0.2546924	0.2497975	0.0547151	0.9667510	0.0000000	4974.9907227	300.0000000	1.0000000	0.2943936	2.0000000
23.0000000	1100.1782227	180.6060333	201.4119873	46.0678415	-12.4921603	42.0167385	0.9932140	-0.1011869	0.0573334	0.0957476	0.9912580	0.0907743	-0.0660174	-0.0846688	0.9942197	0.0000000	526.8037109	17.0000000	2.0000000	0.0009616	2.0000000
24.0000000	525.5950928	141.9757996	243.1404724	33.1406562	-17.5510493	13.4870478	0.9937038	-0.0069772	-0.1118219	0.0662065	0.8417307	0.5358228	0.0903854	-0.5398525	0.8368929	0.0000000	297.3641357	39.0000000	2.0000000	0.0009383	2.0000000
25.0000000	566.8327026	451.4465027	223.4526672	14.2136470	-7.4613809	0.2048049	0.8408874	-0.3774815	-0.3878352	0.3984549	0.9167493	-0.0283630	0.3662541	-0.1306847	0.9212923	0.0000000	102.5001907	102.0000000	2.0000000	0.0009822	2.0000000
26.0000000	920.3622437	290.6199646	339.1661987	45.0295223	22.7555440	3.1035217	0.9989592	-0.0405602	0.0208667	0.0311689	0.9410075	0.3369472	-0.0333023	-0.3359461	0.9412923	0.0000000	56.2358017	10.0000000	2.0000000	0.0008240	2.0000000
27.0000000	407.4310608	310.1385803	383.3929138	28.4661097	-5.2342394	55.6741513	0.9864792	-0.0393179	0.1591002	0.1561039	-0.0701807	-0.9852443	0.0499035	0.9967591	-0.0630942	0.0000000	710.4824829	31.0000000	2.0000000	0.0009841	2.0000000
28.0000000	639.7910767	349.1608276	464.6811829	52.6034283	4.1392962	48.1130068	0.9025126	-0.3133990	-0.2953845	0.0929791	0.8115016	-0.5769056	0.4205066	0.4932000	0.7615300	0.0000000	123.8101349	300.0000000	1.0000000	0.0062794	2.0000000
29.0000000	833.5181274	116.9544601	390.3724670	-6.1900888	28.7679814	28.1547556	0.5430374	0.1848469	0.8191105	-0.2764278	0.9604513	-0.0334825	-0.7929048	-0.2082427	0.5726578	0.0000000	295.1766052	59.0000000	2.0000000	0.0009821	2.0000000
30.0000000	918.5567627	235.5448761	282.9972839	45.9923427	7.0200975	25.6092263	0.9990096	-0.0344969	0.0281030	0.0224654	0.9362385	0.3506464	-0.0384074	-0.3496677	0.9360862	0.0000000	54.2412376	12.0000000	2.0000000	0.0009410	2.0000000
31.0000000	712.9754639	320.1209106	145.7927246	20.9413133	53.8178427	14.6482724	0.9885153	-0.0990544	0.1141302	0.0915558	0.9933939	0.0691823	-0.1202291	-0.0579385	0.9910540	0.0000000	626.6181030	24.0000000	2.0000000	0.0009512	2.0000000
32.0000000	802.3904419	339.6576233	477.4442139	25.1467264	8.3596942	30.3636223	0.9825587	-0.1750126	0.0628411	-0.0090984	0.2922892	0.9562867	-0.1857300	-0.9401796	0.2855990	0.0000000	205.9530334	300.0000000	1.0000000	0.0030517	2.0000000
33.0000000	1101.3890381	191.7515717	298.0683899	30.8056489	-34.7423891	-33.3556144	0.2975876	0.4575501	0.8379078	0.1212677	0.8524456	-0.5085575	-0.9469613	0.2529516	0.1981912	0.0000000	493.7968445	300.0000000	1.0000000	0.0673482	2.0000000
34.0000000	430.6196899	154.9395447	359.4578552	76.6491947	-9.2213224	10.8051479	0.9296369	-0.3672578	-0.0299487	0.2916824	0.7831208	-0.5492206	0.2251589	0.5018402	0.8351406	0.0000000	422.2912903	147.0000000	2.0000000	0.0009731	2.0000000
35.0000000	246.7399750	387.8114319	386.3409424	54.2005081	-35.7748391	-56.5616222	-0.4042868	0.6056204	-0.6854022	0.1157830	-0.7094583	-0.6951714	-0.9072742	-0.3604065	0.2167041	0.0000000	5581.0004883	300.0000000	1.0000000	0.3108302	2.0000000
36.0000000	344.6646118	244.4369202	133.2169647	-31.0636227	-24.4614092	42.0375755	0.9899825	-0.1044111	0.0950418	0.1236489	0.3161877	-0.9406042	0.0681585	0.9429335	0.3259307	0.0000000	5195.8295898	300.0000000	1.0000000	0.0674200	2.0000000
37.0000000	293.5800476	159.7847443	227.3390656	15.0275953	-7.2333416	-2.6899091	0.9998018	-0.0128532	0.0152036	0.0129714	0.9998862	-0.0077064	-0.0151028	0.0079020	0.9998547	0.0000000	5924.0126953	300.0000000	1.0000000	0.1738586	2.0000000
38.0000000	406.4709778	383.8836975	374.3809509	73.3634206	-49.4701261	52.1481492	0.9878831	-0.0544426	-0.1453377	0.1272823	-0.2516307	0.9594171	-0.0888046	-0.9662908	-0.2416521	0.0000000	3511.7912598	300.0000000	1.0000000	0.0135533	2.0000000
39.0000000	615.6315918	306.7511292	404.9544067	-2.1633303	-5.3999737	-19.6620918	0.7032114	-0.5700474	0.4248995	0.6886400	0.6947379	-0.2076396	-0.1768294	0.4386173	0.8811051	0.0000000	473.8568115	202.0000000	2.0000000	0.0006927	2.0000000
40.0000000	594.8631592	207.2096710	246.7371826	-6.5550156	-1.9089492	11.4917664	0.9927411	-0.1167768	0.0287814	0.1172005	0.9930166	-0.0134956	-0.0270044	0.0167708	0.9994946	0.0000000	129.7779694	42.0000000	2.0000000	0.0009897	2.0000000
41.0000000	477.7787476	261.3367310	266.5031738	28.1673333	-2.9835088	-23.8865725	-0.7808893	-0.0465952	0.6229292	0.3302775	-0.8772265	0.3484114	0.5302157	0.4778102	0.7004061	0.0000000	432.2597961	300.0000000	1.0000000	0.0314386	2.0000000
42.0000000	982.3676758	224.9695892	241.0405731	45.4225320	-4.9050559	29.6007386	0.9991095	-0.0396216	0.0145032	0.0322326	0.9385618	0.3436028	-0.0272262	-0.3428293	0.9390031	0.0000000	55.4227943	10.0000000	2.0000000	0.0005898	2.0000000
43.0000000	577.2042236	237.3042145	462.8894958	-1.7288767	34.2096629	30.5775719	0.8454611	-0.5300294	0.0653018	0.5335925	0.8334301	-0.1437820	0.0217842	0.1564067	0.9874525	0.0000000	77.0806656	16.0000000	2.0000000	0.0009828	2.0000000
44.0000000	458.5816956	472.6841125	315.5676575	51.4768724	7.1955669	6.8935053	0.7070878	-0.3230580	-0.6290153	0.3647613	0.9286920	-0.0669350	0.6057854	-0.1821116	0.7745059	0.0000000	152.0658569	10.0000000	2.0000000	0.0009430	2.0000000
45.0000000	1029.4863281	101.6442871	273.0885620	-6.3722306	25.3913845	13.2940534	0.9342009	0.2100970	-0.2883190	-0.2000914	0.9776781	0.0641015	0.2953507	-0.0021936	0.9553864	0.0000000	177.4534760	16.0000000	2.0000000	0.0009698	2.0000000
46.0000000	420.2479553	296.1138306	310.6785278	75.4518343	9.6798553	17.8192938	0.9419530	-0.3194234	0.1034081	0.1442175	0.1068077	-0.9837649	0.3031927	0.9415736	0.1466743	0.0000000	686.4401245	300.0000000	1.0000000	0.0106455	2.0000000
47.0000000	1029.0711670	358.8677673	475.2228394	41.3914604	13.2503229	24.1515990	0.7007465	0.3782690	-0.6048693	-0.0896155	0.8878132	0.4513942	0.7077594	-0.2621073	0.6560308	0.0000000	115.1003723	300.0000000	1.0000000	0.0015143	2.0000000
48.0000000	297.1341248	362.1775818	434.1997070	1.5443738	-28.2627482	-56.7695100	0.4553270	0.2962637	-0.8395863	0.0543460	-0.9505019	-0.3059292	-0.8886641	0.0936697	-0.4488900	0.0000000	6374.8930664	300.0000000	1.0000000	0.1117410	2.0000000
49.0000000	876.2974243	426.7303162	245.6484070	53.4266723	19.0258376	23.0294298	0.6806869	-0.5481009	-0.4860564	0.5272578	0.8271743	-0.1943757	0.5085909	-0.1239680	0.8520371	0.0000000	197.2809143	149.0000000	2.0000000	0.0009845	2.0000000
50.0000000	913.1478271	112.7564392	262.8879700	18.8582338	29.7910674	-12.3271312	0.4285332	-0.8619505	0.2709255	0.0490632	0.3216106	0.9456000	-0.9021929	-0.3919286	0.1801109	0.0000000	213.6726532	217.0000000	2.0000000	0.0009956	2.0000000
51.0000000	1109.8254395	267.2697449	255.1912079	43.9282875	1.0577101	9.9356074	0.9996400	-0.0165298	0.0211336	0.0079920	0.9353719	0.3535752	-0.0256123	-0.3532791	0.9351673	0.0000000	59.4295578	12.0000000	2.0000000	0.0009644	2.0000000
52.0000000	655.3583984	390.7593994	288.9769287	41.2882393	-6.6233254	-19.4195389	0.9595798	-0.2496361	-0.1299557	0.2538352	0.9671059	0.0165482	0.1215499	-0.0488667	0.9913817	0.0000000	64.8692017	34.0000000	2.0000000	0.0009868	2.0000000
53.0000000	493.0881042	359.1680298	132.8155670	25.0381683	28.8920627	-32.9145890	0.9754318	-0.1935634	-0.1051952	0.2141069	0.7205016	0.6595724	-0.0518758	-0.6658909	0.7442434	0.0000000	102.5591736	12.0000000	2.0000000	0.0009630	2.0000000
54.0000000	849.0765381	247.4586639	495.3293152	-24.8353572	23.4605571	7.0711662	0.9888876	-0.0234252	0.1468079	-0.0242073	0.9489563	0.3144774	-0.1466810	-0.3145366	0.9378440	0.0000000	834.2345581	26.0000000	2.0000000	0.0007190	2.0000000
55.0000000	526.7018433	230.1433411	218.3210297	48.4778707	-8.9970562	-2.1287860	0.1712094	-0.1462420	0.9743206	-0.2712574	0.9437055	0.1893126	-0.9471572	-0.2967038	0.1219020	0.0000000	584.7321777	300.0000000	1.0000000	0.0262023	2.0000000
56.0000000	555.1418457	373.6084595	451.2990723	53.4416982	4.8808032	-9.1573890	0.9493109	0.0710190	-0.3062111	-0.0277499	0.9892741	0.1434107	0.3131116	-0.1276440	0.9410994	0.0000000	199.6031799	16.0000000	2.0000000	0.0009720	2.0000000
57.0000000	770.5862427	202.1759186	470.7622070	56.8738715	0.3082193	8.8732613	0.9329010	-0.3378665	0.1246670	0.3364945	0.9411227	0.0325488	-0.1283241	0.0115849	0.9916646	0.0000000	69.6409149	40.0000000	2.0000000	0.0009706	2.0000000
58.0000000	821.9885864	406.9411621	430.8485413	27.3311477	-3.4693170	28.5763452	0.7637769	0.4345348	-0.4773095	-0.0709017	0.7914678	0.6070846	0.6415745	-0.4298351	0.6353140	0.0000000	92.0465775	11.0000000	2.0000000	0.0009524	2.0000000
59.0000000	732.0777588	236.6704407	349.8146057	47.6488200	24.5987954	27.5327219	0.9991078	-0.0344865	0.0243789	0.0242795	0.9413395	0.3365866	-0.0345565	-0.3356944	0.9413369	0.0000000	52.4017334	9.0000000	2.0000000	0.0008878	2.0000000
60.0000000	1053.6843262	319.9956665	252.7581024	41.9078551	-4.7716727	-5.9240664	0.9988515	-0.0444429	0.0179012	0.0359287	0.9419526	0.3338180	-0.0316980	-0.3327915	0.9424675	0.0000000	54.0543671	10.0000000	2.0000000	0.0006696	2.0000000
61.0000000	908.3043823	364.5735474	281.5875244	41.0680082	-1.7184405	-17.8405565	0.9989035	-0.0396536	0.0248863	0.0287286	0.9389191	0.3429368	-0.0369649	-0.3418459	0.9390287	0.0000000	52.6902046	8.0000000	2.0000000	0.0007537	2.0000000
62.0000000	1123.7622070	310.6113892	195.9092407	37.2529933	-7.2723165	25.2226907	0.9993725	0.0302023	-0.0185066	-0.0216041	0.9337639	0.3572370	0.0280702	-0.3566130	0.9338304	0.0000000	244.6641998	300.0000000	1.0000000	0.0033352	2.0000000
63.0000000	996.5468750	220.3348846	332.2205200	47.6389934	27.0403753	25.2145545	0.9990839	-0.0377393	0.0201749	0.0285659	0.9391827	0.3422278	-0.0318634	-0.3413380	0.9394004	0.0000000	55.1264763	10.0000000	2.0000000	0.0005846	2.0000000
64.0000000	505.0148315	260.6166077	337.2290039	32.1386131	-19.4564752	-32.3408697	0.7720662	0.6340271	-0.0438579	-0.5746486	0.6669514	-0.4742941	-0.2714642	0.3913893	0.8792733	0.0000000	106.6893997	55.0000000	2.0000000	0.0009527	2.0000000
65.0000000	1100.8240967	168.2492218	370.4679260	47.6539774	-19.8533624	2.9114393	0.9378213	-0.0004267	0.3471182	-0.1919478	0.8325598	0.5196155	-0.2892184	-0.5539351	0.7807104	0.0000000	66.1779556	300.0000000	1.0000000	0.0057510	2.0000000
66.0000000	470.0887146	190.9803619	245.6323700	36.7747852	-0.5483195	17.7165381	0.4821617	0.8721444	0.0829718	-0.7942359	0.3951813	0.4615420	0.3697423	-0.2884370	0.8832297	0.0000000	136.1051788	300.0000000	1.0000000	0.0099571	2.0000000
67.0000000	746.9765015	187.5690002	173.6860352	13.2090692	9.9083665	-6.2726425	0.9020462	0.1712043	0.3962344	-0.0625151	0.9601152	-0.2725265	-0.4270884	0.2210608	0.8767711	0.0000000	310.1952820	26.0000000	2.0000000	0.0008653	2.0000000
68.0000000	1106.2663574	388.5287476	442.7154541	37.4214403	23.7707210	20.8240996	0.9812500	0.1249569	0.1467451	-0.1050351	0.9850618	-0.1364585	-0.1616044	0.1184865	0.9797168	0.0000000	120.4573059	154.0000000	2.0000000	0.0009989	2.0000000
69.0000000	913.2172241	379.2211914	195.8826141	1.2560073	28.9754721	13.6727938	0.9770720	0.0396848	-0.2091780	-0.0351643	0.9990616	0.0252870	0.2099852	-0.0173516	0.9775506	0.0000000	78.5184326	10.0000000	2.0000000	0.0007138	2.0000000
70.0000000	508.3845215	269.1427612	462.6799927	21.8776251	-7.2634577	-21.7443009	0.0077004	0.9863116	-0.1647123	-0.9942450	-0.0100494	-0.1066580	-0.1068533	0.1645857	0.9805580	0.0000000	294.4259033	300.0000000	1.0000000	0.0010883	2.0000000
71.0000000	1018.0339355	252.1553955	401.2749939	47.8019496	48.0093903	9.4024404	0.9786497	0.0548713	0.1980756	-0.0661364	0.9965213	0.0507079	-0.1946041	-0.0627253	0.9788742	0.0000000	521.7117310	41.0000000	2.0000000	0.0009547	2.0000000
72.0000000	796.2356567	444.5889893	352.3223267	1.1987337	15.5141944	14.1832662	0.5991606	-0.6056263	-0.5236635	0.7864877	0.3228355	0.5265114	-0.1498120	-0.7273198	0.6697479	0.0000000	123.5204391	300.0000000	1.0000000	0.0030266	2.0000000
73.0000000	774.7106323	346.9757385	238.7956848	40.7003411	-18.9060323	-5.0513056	0.9985392	-0.0502501	0.0198594	0.0399478	0.9340635	0.3548654	-0.0363820	-0.3535537	0.9347064	0.0000000	50.2882423	9.0000000	2.0000000	0.0007636	2.0000000
74.0000000	425.7050781	309.7710876	456.3064880	10.1859356	-6.4112032	-14.3343401	0.8552589	0.4701853	-0.2178485	-0.3889088	0.8602224	0.3297991	0.3424648	-0.1973404	0.9185720	0.0000000	247.1153717	169.0000000	2.0000000	0.0009769	2.0000000
75.0000000	430.0452881	245.1887360	361.9032593	21.6273184	-28.3053075	12.7365991	0.6489862	-0.0215242	-0.7604956	0.0713363	0.9969175	0.0326608	0.7574483	-0.0754474	0.6485212	0.0000000	1107.9536133	300.0000000	1.0000000	0.2346284	2.0000000
76.0000000	407.3816833	210.8280792	151.1519165	71.2955947	-49.0064291	-56.8471167	-0.0728526	0.1670104	0.9832599	-0.0504532	0.9840002	-0.1708744	-0.9960657	-0.0620572	-0.0632608	0.0000000	1257.9514160	88.0000000	2.0000000	0.0009951	2.0000000
77.0000000	1095.5184326	336.3472900	491.2369080	42.8911768	20.0221267	17.8089042	0.6653191	0.3863580	-0.6388098	-0.6762841	0.6743321	-0.2965062	0.3162125	0.6292882	0.7099338	0.0000000	90.8295288	10.0000000	2.0000000	0.0009785	2.0000000
78.0000000	1087.8717041	267.1698608	513.4843140	-24.6784582	-17.3341018	0.3278804	0.9996945	-0.0240641	0.0056401	0.0227138	0.9844400	0.1742467	-0.0097454	-0.1740654	0.9846859	0.0000000	502.7864990	136.0000000	2.0000000	0.0008109	2.0000000
79.0000000	626.1867065	234.9458008	410.4585876	36.0927766	-34.4913007	-43.4288935	0.9676613	0.2508096	0.0269474	-0.2455799	0.9610809	-0.1265467	-0.0576377	0.1158367	0.9915946	0.0000000	1073.4042969	44.0000000	2.0000000	0.0009721	2.0000000
80.0000000	748.0694580	367.2269592	363.1704102	64.9031198	-0.2888736	48.9636342	0.9761557	-0.0974941	-0.1939458	0.0866092	0.9941940	-0.0638532	0.1990450	0.0455332	0.9789320	0.0000000	455.6114197	300.0000000	1.0000000	0.0030142	2.0000000
81.0000000	481.4648438	329.9873657	341.4250793	13.6837246	-22.6721910	-14.5633156	0.2453743	-0.9406879	-0.2343026	0.4980538	0.3296815	-0.8020303	0.8317054	0.0801023	0.5494085	0.0000000	420.9011841	300.0000000	1.0000000	0.0070343	2.0000000
82.0000000	994.7092285	366.6026001	202.4483032	39.0313357	-26.0641538	-17.0167373	0.8836351	0.4122914	0.2218216	-0.3077412	0.8685592	-0.3884589	-0.3528235	0.2749922	0.8943684	0.0000000	65.1252060	11.0000000	2.0000000	0.0008788	2.0000000
83.0000000	1041.2606201	162.4976044	328.4931641	39.0064423	-45.3311839	12.7171270	0.7712047	-0.1849563	-0.6091260	0.2371379	0.9714618	0.0052598	0.5907698	-0.1485032	0.7930560	0.0000000	203.5142212	300.0000000	1.0000000	0.0035883	2.0000000
84.0000000	1052.4709473	424.2294312	353.0147400	29.0253260	32.0035912	22.6684852	0.7182140	-0.6942814	0.0462812	0.6946015	0.7114280	-0.1067661	0.0412000	0.1088279	0.9932065	0.0000000	75.5612259	10.0000000	2.0000000	0.0009086	2.0000000
85.0000000	869.8184204	97.9011917	323.6517334	15.6963653	21.1324319	10.1950884	0.8587110	-0.3610868	0.3636368	0.0869151	0.8019305	0.5910611	-0.5050358	-0.4759451	0.7200105	0.0000000	97.0666580	300.0000000	1.0000000	0.0011211	2.0000000
86.0000000	773.8712158	146.2276917	426.1481934	50.9966819	-0.7871269	-7.4199031	0.1862526	0.3474023	0.9190330	-0.5045315	0.8364667	-0.2139424	-0.8430646	-0.4238338	0.3310696	0.0000000	148.9405365	17.0000000	2.0000000	0.0008691	2.0000000
87.0000000	384.9396057	474.4101257	320.8114929	-2.3420606	67.9880418	-0.5944886	-0.8481938	-0.0639749	-0.5258084	0.0758771	0.9677666	-0.2401468	0.5242232	-0.2435878	-0.8159994	0.0000000	1587.5845947	300.0000000	1.0000000	0.0329810	2.0000000
88.0000000	965.6906738	126.9916077	409.1553650	11.6082814	13.6324602	-19.3701346	0.3662422	0.4555023	0.8114088	-0.4242269	0.8578362	-0.2900838	-0.8281897	-0.2379805	0.5074121	0.0000000	255.3190918	300.0000000	1.0000000	0.0022187	2.0000000
89.0000000	1097.7308350	235.6348267	416.1498718	-0.4265909	8.0052173	29.1535748	0.9699694	-0.1961681	-0.1437966	0.2216643	0.4695868	0.8546070	-0.1001217	-0.8608172	0.4989683	0.0000000	171.8922729	300.0000000	1.0000000	0.0013982	2.0000000
90.0000000	1046.7641602	316.6897888	179.4868164	40.0664624	-29.7542600	-0.5096417	0.8658793	0.4961737	-0.0637544	-0.4700932	0.7634594	-0.4428793	-0.1710712	0.4134505	0.8943116	0.0000000	76.6239395	147.0000000	2.0000000	0.0009568	2.0000000
91.0000000	615.5972900	323.8027954	213.2342987	23.2197772	31.6821686	4.4923262	0.8338009	-0.5434833	0.0969641	0.4956655	0.6596429	-0.5649664	0.2430881	0.5191312	0.8193967	0.0000000	80.5906525	51.0000000	2.0000000	0.0009888	2.0000000
92.0000000	1111.1386719	249.2717590	175.0402832	42.8888285	-25.2689141	20.8672044	0.9987591	-0.0428512	0.0253794	0.0317441	0.9404047	0.3385725	-0.0383752	-0.3373467	0.9405980	0.0000000	52.5442886	8.0000000	2.0000000	0.0008065	2.0000000
93.0000000	496.9061890	205.2676849	432.4989624	9.4860124	-15.9820383	-5.9395692	-0.1229979	0.1499287	-0.9810163	-0.0578656	-0.9879238	-0.1437293	-0.9907185	0.0390887	0.1301883	0.0000000	310.2769775	300.0000000	1.0000000	0.0267998	2.0000000
94.0000000	689.8065186	136.0299988	389.7502441	-4.3682151	17.9956080	28.2384308	0.7604947	-0.5313768	0.3732111	0.6480188	0.6577665	-0.3839464	-0.0414655	0.5338370	0.8445701	0.0000000	75.0071640	11.0000000	2.0000000	0.0008956	2.0000000
95.0000000	877.5133057	344.0044250	477.0351257	21.5723414	-19.9381312	29.0749468	0.7108833	-0.3540386	-0.6077018	0.6299439	0.7047602	0.3263184	0.3127547	-0.6147924	0.7240268	0.0000000	167.5909882	34.0000000	2.0000000	0.0009939	2.0000000
96.0000000	1038.9619141	409.0000000	421.6260376	35.5485773	18.6762269	22.0069548	0.9775033	-0.1831027	-0.1046931	0.1583427	0.9649589	-0.2092413	0.1393372	0.1879567	0.9722435	0.0000000	95.2850571	26.0000000	2.0000000	0.0009944	2.0000000
97.0000000	714.8456421	247.8255005	149.1247253	42.5103100	18.8785112	-3.5485888	0.4177540	-0.2804319	0.8641988	-0.6033013	0.6255877	0.4946388	-0.6793446	-0.7280096	0.0921568	0.0000000	124.9823227	50.0000000	2.0000000	0.0009969	2.0000000
98.0000000	761.8126221	283.9096375	195.1069794	32.3243121	43.5062226	-33.3648110	0.9868980	0.0178573	-0.1603541	-0.0409854	0.9890024	-0.1421072	0.1560530	0.1468175	0.9767764	0.0000000	293.5143433	26.0000000	2.0000000	0.0008670	2.0000000
99.0000000	424.2336121	197.9837189	416.7211609	70.5295709	-31.2825035	28.6423307	0.9357520	0.3514383	-0.0293149	-0.3511545	0.9362053	0.0144944	0.0325387	-0.0032691	0.9994651	0.0000000	1211.8671875	300.0000000	1.0000000	0.0185410	2.0000000
100.0000000	959.0214233	187.7951202	180.7984314	45.5888076	-23.8241223	44.8052789	0.9999361	-0.0069402	0.0089216	0.0082091	0.9884783	-0.1511396	-0.0077698	0.1512031	0.9884722	0.0000000	946.1261597	85.0000000	2.0000000	0.0008980	2.0000000
101.0000000	559.5379028	462.4018860	345.1291809	23.0896448	35.0180826	12.4808533	0.9731703	-0.1865085	-0.1347375	0.2171108	0.9382413	0.2693810	0.0761745	-0.2914065	0.9535616	0.0000000	157.1026459	14.0000000	2.0000000	0.0009755	2.0000000
102.0000000	823.7905273	280.8826599	434.9566650	-16.5479604	14.1866016	1.1708612	0.9960478	-0.0885231	0.0072469	0.0868558	0.9537221	-0.2878720	0.0185718	0.2873637	0.9576415	0.0000000	343.7969360	35.0000000	2.0000000	0.0009507	2.0000000
103.0000000	1094.4700928	118.6078033	243.3366547	39.8937935	28.1596981	33.8705510	0.8578952	-0.2522381	0.4476513	0.2679082	0.9630020	0.0291939	-0.4384529	0.0948842	0.8937315	0.0000000	595.7913208	300.0000000	1.0000000	0.0069877	2.0000000
104.0000000	713.9088135	192.3794861	430.4388123	28.0443972	-13.6243855	22.1245657	0.9441038	0.3273986	0.0384475	-0.3087859	0.9191512	-0.2445655	-0.1154095	0.2190232	0.9688702	0.0000000	74.8813324	237.0000000	2.0000000	0.0009852	2.0000000
105.0000000	640.9966431	447.5052185	240.4802094	2.6509541	-14.8944569	17.0909211	0.9511862	-0.0424737	-0.3056807	0.2331827	0.7477426	0.6216968	0.2021647	-0.6626289	0.7211466	0.0000000	239.4981995	33.0000000	2.0000000	0.0009709	2.0000000
106.0000000	435.8773193	381.9180298	440.8936768	52.2581262	3.7370909	51.6320042	0.9762557	0.0470075	-0.2114593	-0.0448708	0.9988818	0.0148945	0.2119230	-0.0050525	0.9772733	0.0000000	223.5697479	107.0000000	2.0000000	0.0008643	2.0000000
107.0000000	537.9118652	226.8666229	144.5180511	9.4110974	17.9647063	-32.0416705	0.7337922	0.4781969	-0.4825730	-0.3568839	0.8757424	0.3251293	0.5780855	-0.0663549	0.8132738	0.0000000	110.4167862	12.0000000	2.0000000	0.0009291	2.0000000
108.0000000	927.5859985	408.8784180	433.7565308	-3.1387266	2.3310564	22.7201689	0.5109088	-0.6036239	0.6120543	0.8223513	0.5506048	-0.1434322	-0.2504209	0.5766044	0.7776997	0.0000000	102.8807449	300.0000000	1.0000000	0.0035724	2.0000000
109.0000000	861.4938965	337.3827209	228.3898315	41.0298949	-19.5494121	-3.6905433	0.9990613	-0.0365990	0.0231752	0.0269407	0.9438736	0.3292063	-0.0339231	-0.3282729	0.9439736	0.0000000	50.6029892	10.0000000	2.0000000	0.0009863	2.0000000
110.0000000	975.3395386	185.1756592	393.4588928	-14.2992998	-23.2062475	55.1841056	0.9590439	-0.0581094	0.2772328	0.0766741	0.9954489	-0.0565912	-0.2726826	0.0755300	0.9591347	0.0000000	520.6342163	40.0000000	2.0000000	0.0009618	2.0000000
111.0000000	713.2258911	450.8172607	270.8487549	-3.3558806	29.7506828	-18.1933846	0.9291474	-0.2705480	0.2519700	0.3670339	0.7568613	-0.5407838	-0.0443983	0.5949494	0.8025360	0.0000000	73.6117172	66.0000000	2.0000000	0.0009378	2.0000000
112.0000000	641.6948242	276.7768250	475.6331177	42.0339069	10.9368424	-13.7818356	0.7609802	0.1725755	0.6254014	-0.1990449	0.9795870	-0.0281155	-0.6174871	-0.1030876	0.7797965	0.0000000	85.4070740	19.0000000	2.0000000	0.0009873	2.0000000
113.0000000	558.5615845	394.2890015	346.3823547	58.5440640	29.2280218	-19.4520687	0.9897725	0.0130301	0.1420587	-0.0976448	0.7878635	0.6080597	-0.1039998	-0.6157120	0.7810779	0.0000000	110.9629440	45.0000000	2.0000000	0.0005848	2.0000000
114.0000000	1020.7706299	286.9003601	507.9268188	40.7025494	-34.8371376	5.9737918	0.1737926	-0.3744109	-0.9108307	0.0919834	0.9270340	-0.3635204	0.9804770	-0.0206042	0.1955512	0.0000000	271.1151428	261.0000000	2.0000000	0.0009535	2.0000000
115.0000000	283.0787048	420.4499817	314.8489685	14.7881135	-57.3765890	38.5606529	0.4580440	0.3058239	-0.8346661	-0.8615680	-0.0784356	-0.5015461	-0.2188523	0.9488517	0.2275611	0.0000000	6376.0708008	300.0000000	1.0000000	0.3065351	2.0000000
116.0000000	579.6281738	310.8015442	474.1459961	46.3284264	3.7803059	46.8604600	0.8243005	-0.3201875	0.4669140	-0.1187034	0.7086400	0.6955134	-0.5535686	-0.6287363	0.5461249	0.0000000	165.0966797	26.0000000	2.0000000	0.0009824	2.0000000
117.0000000	1045.7886963	244.3061218	283.7762451	47.5571285	-7.5174289	-49.4964633	0.7165168	-0.6968845	-0.0309142	0.6962478	0.7171833	-0.0297827	0.0429263	-0.0001841	0.9990782	0.0000000	804.0285645	44.0000000	2.0000000	0.0008960	2.0000000
118.0000000	625.4583740	162.7636566	412.8104553	59.7919952	-9.4191855	4.7179964	0.7301258	0.5718559	-0.3740283	-0.5975268	0.7998559	0.0565001	0.3314786	0.1822397	0.9256947	0.0000000	72.2975998	47.0000000	2.0000000	0.0009945	2.0000000
119.0000000	1096.1697998	117.2392273	315.0239258	47.7879002	7.2121047	-10.0761018	0.9803086	-0.0841438	0.1786473	-0.0272707	0.8383188	0.5444978	-0.1955795	-0.5386477	0.8195165	0.0000000	79.2224579	34.0000000	2.0000000	0.0009844	2.0000000
120.0000000	610.8749390	188.8496399	315.1385498	41.5667449	-1.6379844	-27.4529313	0.9940337	0.0100181	-0.1086120	-0.0402595	0.9591581	-0.2799909	0.1013711	0.2826931	0.9538388	0.0000000	115.3494492	18.0000000	2.0000000	0.0009866	2.0000000
121.0000000	635.0836182	369.9389648	374.0335388	37.6978213	-19.1659152	51.6581598	0.9416396	0.3331790	0.0480283	-0.3361678	0.9381624	0.0827199	-0.0174978	-0.0940378	0.9954148	0.0000000	409.7240295	61.0000000	2.0000000	0.0009578	2.0000000
122.0000000	508.5819092	155.9089203	382.6696472	-1.4023927	-9.5706280	-10.6960337	0.5754746	0.1945078	-0.7943523	0.0115992	0.9692662	0.2457409	0.8177374	-0.1506315	0.5555320	0.0000000	118.0686111	300.0000000	1.0000000	0.0017586	2.0000000
123.0000000	822.1307373	186.5496826	172.9452515	27.7549405	21.6650574	7.8965174	0.7741331	0.5781491	-0.2578016	-0.5277255	0.8143379	0.2415772	0.3496052	-0.0509644	0.9355099	0.0000000	83.6509018	28.0000000	2.0000000	0.0009975	2.0000000
124.0000000	975.2612305	224.7322540	460.1098633	13.1350942	13.3676727	48.7119388	0.9601918	0.2061789	-0.1884725	-0.2288295	0.9675270	-0.1073712	0.1602145	0.1462250	0.9761914	0.0000000	104.0852203	22.0000000	2.0000000	0.0009736	2.0000000
125.0000000	771.7149048	418.7093506	228.2001038	8.0473220	45.6827842	-7.5070238	0.9768781	-0.1047176	-0.1863958	0.0849698	0.9901846	-0.1109715	0.1961869	0.0925676	0.9761875	0.0000000	83.5372314	32.0000000	2.0000000	0.0009760	2.0000000
126.0000000	457.8023987	411.9153748	169.0618134	44.8516152	30.8062211	27.2623355	0.5808547	0.4906297	0.6495309	0.7561558	-0.0297766	-0.6537139	-0.3013906	0.8708593	-0.3882883	0.0000000	1488.7056885	183.0000000	2.0000000	0.0009070	2.0000000
127.0000000	1048.3247070	303.7563477	324.3474731	44.1314956	20.7575708	-4.6724044	0.9991402	-0.0379419	0.0167097	0.0300835	0.9408418	0.3375079	-0.0285269	-0.3367151	0.9411744	0.0000000	55.9903069	9.0000000	2.0000000	0.0006429	2.0000000
128.0000000	834.4088135	113.1871033	262.5580139	15.8552163	-23.5456309	-4.7282999	0.6212849	0.0562292	-0.7815647	-0.5952843	0.6824740	-0.4241059	0.5095504	0.7287438	0.4574831	0.0000000	871.3383789	300.0000000	1.0000000	0.0065766	2.0000000
129.0000000	911.0926514	336.2512817	411.3062134	28.9894055	2.6980130	39.7388686	0.9685091	0.2489684	0.0022271	-0.2487831	0.9680651	-0.0309337	-0.0098575	0.0294055	0.9995190	0.0000000	187.4246674	64.0000000	2.0000000	0.0009806	2.0000000
130.0000000	448.6822205	246.9543610	200.7318573	55.8560415	-4.4544822	-28.1084961	0.9401373	0.1309112	-0.3146493	0.2405816	0.3989890	0.8848324	0.2413761	-0.9075627	0.3436096	0.0000000	212.6533203	65.0000000	2.0000000	0.0009905	2.0000000
131.0000000	1045.7188721	184.1692963	415.1071472	32.4042719	-1.0197552	22.0203325	-0.6919182	0.7120868	-0.1190865	0.1361978	-0.0332441	-0.9901237	-0.7090129	-0.7013040	-0.0739824	0.0000000	435.4101868	300.0000000	1.0000000	0.0277433	2.0000000
132.0000000	755.6471558	423.9654846	406.7972412	9.7690479	20.5422348	28.0029144	0.7558985	-0.6094034	-0.2392590	0.6500654	0.6552882	0.3847236	-0.0776683	-0.4463461	0.8914835	0.0000000	84.6144257	300.0000000	1.0000000	0.0031334	2.0000000
133.0000000	520.3798218	293.2856140	124.3350372	65.1736142	9.8712154	-31.5002115	0.7782701	-0.0001951	0.6279296	-0.0125703	0.9997947	0.0158906	-0.6278038	-0.0202604	0.7781079	0.0000000	80.9499435	26.0000000	2.0000000	0.0008679	2.0000000
134.0000000	1105.3780518	307.3276062	426.2156372	41.0195892	-14.5290815	1.6474571	0.9993746	-0.0349668	-0.0052620	0.0353505	0.9915140	0.1251013	0.0008430	-0.1252091	0.9921300	0.0000000	152.0686951	30.0000000	2.0000000	0.0009681	2.0000000
135.0000000	663.8610229	306.7993469	267.3761902	42.5504021	-10.3633564	10.7341526	0.9982641	-0.0560926	0.0179560	0.0468836	0.9413466	0.3341683	-0.0356472	-0.3327463	0.9423424	0.0000000	58.0996780	12.0000000	2.0000000	0.0009731	2.0000000
136.0000000	991.2072754	305.4542236	444.1715088	34.2536373	-10.6642224	32.2775242	0.8561649	0.4892983	-0.1660384	-0.5122437	0.8458850	-0.1486099	0.0677348	0.2122867	0.9748571	0.0000000	67.5818634	27.0000000	2.0000000	0.0009768	2.0000000
137.0000000	915.4600220	223.4063416	496.7857666	8.5257238	-9.3855205	-5.2741554	0.5656726	0.7753107	0.2809053	-0.6268833	0.6256182	-0.4643481	-0.5357536	0.0865742	0.8399244	0.0000000	113.4899292	18.0000000	2.0000000	0.0009833	2.0000000
138.0000000	402.3745422	203.4757996	278.3327637	74.5790993	-25.9750954	36.0868229	0.9928171	0.1044812	-0.0582906	0.0338919	0.2216469	0.9745378	0.1147409	-0.9695134	0.2165138	0.0000000	1037.5233154	300.0000000	1.0000000	0.0289693	2.0000000
139.0000000	940.7042236	94.8950577	330.6000977	22.8110677	24.4156686	0.3996472	0.4681487	0.1965900	-0.8615040	-0.0416943	0.9787668	0.2006916	0.8826655	-0.0580337	0.4664050	0.0000000	100.5038300	83.0000000	2.0000000	0.0009914	2.0000000
140.0000000	464.8225098	334.9732361	262.1461487	71.8659199	-4.6118569	4.4060180	0.9678258	0.1439569	0.2063726	-0.1729436	0.9763123	0.1300189	-0.1827670	-0.1615264	0.9697966	0.0000000	187.9004517	14.0000000	2.0000000	0.0009278	2.0000000
141.0000000	667.9545288	203.0641785	227.3912201	56.6550217	31.0710677	-1.5350659	0.9334721	0.3573131	0.0309383	-0.3570689	0.9178016	0.1736149	0.0336396	-0.1731118	0.9843275	0.0000000	91.7718811	14.0000000	2.0000000	0.0009726	2.0000000
142.0000000	721.5293579	343.1938782	300.2720337	41.2498429	0.8755253	-5.9818864	0.9985484	-0.0458934	0.0281933	0.0341155	0.9439604	0.3282910	-0.0416798	-0.3268526	0.9441558	0.0000000	52.3666039	10.0000000	2.0000000	0.0008498	2.0000000
143.0000000	1049.3193359	251.1609192	212.8759918	43.7811252	-14.3717384	20.1485344	0.9990906	-0.0380231	0.0192908	0.0291724	0.9395787	0.3410878	-0.0310944	-0.3402149	0.9398335	0.0000000	54.1914024	9.0000000	2.0000000	0.0005176	2.0000000
144.0000000	988.8983154	251.8209686	164.0554352	-5.6151508	32.9908470	6.7157267	0.7327912	0.2062001	-0.6484586	-0.5908585	0.6654865	-0.4560854	0.3374956	0.7173627	0.6094978	0.0000000	89.0928040	174.0000000	2.0000000	0.0009552	2.0000000
145.0000000	980.3818359	282.0530090	295.1978149	44.4335574	10.0343364	6.8893220	0.9991427	-0.0323980	0.0257712	0.0213584	0.9366939	0.3494972	-0.0354628	-0.3486472	0.9365829	0.0000000	55.9007263	9.0000000	2.0000000	0.0009936	2.0000000
146.0000000	706.3015747	336.2889709	216.1660309	39.8727190	-27.9164824	1.9330969	0.9691947	-0.2145773	0.1209058	0.2077628	0.9759128	0.0665491	-0.1322734	-0.0393793	0.9904307	0.0000000	67.4667282	40.0000000	2.0000000	0.0009648	2.0000000
147.0000000	316.5220642	294.5593262	446.6351013	-12.7145364	-29.8776298	-38.7826323	-0.4530733	0.8796640	-0.1446232	0.0189856	0.1717139	0.9849639	0.8912711	0.4435151	-0.0944999	0.0000000	5490.6059570	300.0000000	1.0000000	0.1577732	2.0000000
148.0000000	307.7559509	424.8228149	400.6696472	-0.9501749	-35.0634763	-40.9293635	-0.8626195	0.2403032	-0.4451314	-0.3768013	-0.8923468	0.2484714	-0.3375031	0.3820624	0.8603023	0.0000000	5517.9355469	300.0000000	1.0000000	0.1010276	2.0000000
149.0000000	767.4249268	403.9818420	298.9698181	40.0786365	-2.3404063	-27.4053061	0.9994713	-0.0276931	0.0170346	0.0201534	0.9388296	0.3437917	-0.0255132	-0.3432667	0.9388914	0.0000000	54.4450836	11.0000000	2.0000000	0.0009430	2.0000000
150.0000000	885.6310425	163.3393707	194.5703583	37.9525956	28.4940291	3.6260488	0.9406057	0.0195731	-0.3389362	-0.1269916	0.9461488	-0.2977843	0.3148556	0.3231397	0.8924386	0.0000000	88.8940353	104.0000000	2.0000000	0.0009537	2.0000000
151.0000000	991.8259888	296.3941040	220.4983673	42.3078346	-16.2370174	6.1434140	0.9991837	-0.0371335	0.0159067	0.0292259	0.9363129	0.3499486	-0.0278884	-0.3491981	0.9366338	0.0000000	53.9459610	9.0000000	2.0000000	0.0007606	2.0000000
152.0000000	874.9571533	257.2844849	226.6105347	43.9800510	-14.9072803	22.9534016	0.9990355	-0.0361082	0.0249871	0.0252098	0.9375613	0.3469053	-0.0359530	-0.3459407	0.9375673	0.0000000	53.7972832	11.0000000	2.0000000	0.0007738	2.0000000
153.0000000	477.4132385	286.1465454	399.4933472	15.3921285	20.3166714	-5.6806272	0.8638267	-0.5037168	-0.0085260	0.4830782	0.8329988	-0.2697192	0.1429642	0.2288719	0.9629013	0.0000000	145.9823151	300.0000000	1.0000000	0.0036357	2.0000000
154.0000000	407.0599060	374.6517334	128.8033600	77.7498336	0.3105950	34.2589421	0.9410675	-0.3378081	0.0166633	0.3342081	0.9212140	-0.1991724	0.0519316	0.1930037	0.9798228	0.0000000	789.3837891	66.0000000	2.0000000	0.0009047	2.0000000
155.0000000	375.2285767	145.7500153	312.6555481	90.8577563	20.3466781	-2.9941367	-0.8971100	0.2921670	0.3314092	-0.4074763	-0.2572455	-0.8762351	-0.1707534	-0.9211206	0.3498286	0.0000000	2793.6701660	300.0000000	1.0000000	0.1322475	2.0000000
156.0000000	525.6115112	470.3299866	281.7059937	-0.8839966	10.8551712	-29.1457216	0.9320405	-0.2323359	0.2780656	0.2494466	0.9680035	-0.0273043	-0.2628247	0.0948113	0.9601740	0.0000000	184.8014832	13.0000000	2.0000000	0.0009772	2.0000000
157.0000000	642.4797363	206.3430939	158.3954010	5.8326959	-0.5948444	31.4251979	0.9765269	-0.2149627	0.0136455	0.2144295	0.9642026	-0.1559916	0.0203753	0.1552559	0.9876641	0.0000000	259.0544739	115.0000000	2.0000000	0.0008249	2.0000000
158.0000000	978.0968628	151.7011414	295.0202637	21.3013844	-1.2818070	16.0229305	0.9987700	0.0365643	-0.0334887	-0.0413628	0.9868752	-0.1560974	0.0273416	0.1572906	0.9871738	0.0000000	633.1392822	300.0000000	1.0000000	0.0028528	2.0000000
159.0000000	296.1810608	451.2687683	178.9246063	21.7994206	-31.4347549	57.1105886	0.9915911	-0.0624462	0.1133474	0.0663274	0.9973226	-0.0307959	-0.1111208	0.0380550	0.9930780	0.0000000	4314.1342773	300.0000000	1.0000000	0.0185823	2.0000000
160.0000000	681.7282715	426.7265015	405.1546021	6.7625586	-13.9937525	-35.6546101	0.0702064	-0.3223577	-0.9440109	-0.0076904	0.9461430	-0.3236577	0.9975028	0.0299827	0.0639462	0.0000000	430.8101807	87.0000000	2.0000000	0.0009695	2.0000000
161.0000000	835.3508911	208.2015533	435.5520325	51.1382942	-41.6242814	17.2174840	0.8804007	-0.2841407	0.3796824	0.1279962	0.9132893	0.3866777	-0.4566308	-0.2918334	0.8404294	0.0000000	178.4915771	124.0000000	2.0000000	0.0009164	2.0000000
162.0000000	555.7243042	257.8442688	283.0143738	52.9595131	-4.6473001	28.1378660	0.9981147	-0.0578261	0.0205733	0.0441417	0.9092061	0.4139998	-0.0426454	-0.4123112	0.9100444	0.0000000	59.9391060	10.0000000	2.0000000	0.0008547	2.0000000
163.0000000	376.7844238	235.8713226	218.9412994	-11.3844385	-31.3614443	28.2579764	0.9858260	0.1667106	-0.0188311	-0.1665121	0.9859704	0.0116691	0.0205123	-0.0083681	0.9997546	0.0000000	4813.9067383	300.0000000	1.0000000	1.3307568	2.0000000
164.0000000	310.9058533	164.6053162	338.7527771	-16.3289947	46.2764058	-31.3488400	-0.7056961	-0.5689903	0.4221884	0.2752811	0.3288711	0.9033627	-0.6528502	0.7537200	-0.0754507	0.0000000	4939.8588867	300.0000000	1.0000000	0.0786474	2.0000000
165.0000000	269.9742432	360.9560852	252.0787506	53.6315889	8.1893212	-12.6700501	0.2138730	-0.0538247	0.9753775	0.6728463	0.7319824	-0.1071431	-0.7081922	0.6791941	0.1927671	0.0000000	1803.3305664	300.0000000	1.0000000	0.0113719	2.0000000
166.0000000	1059.4313965	391.6662598	243.0844574	-5.7624756	28.8057688	5.5740080	0.9553293	0.2941014	0.0291583	-0.2919574	0.9544561	-0.0614364	-0.0458989	0.0501790	0.9976850	0.0000000	89.9545288	42.0000000	2.0000000	0.0009913	2.0000000
167.0000000	721.5416870	316.5807495	478.4102478	40.1777358	4.3259217	34.8731276	0.7200210	0.1739345	0.6718010	-0.3048442	0.9489486	0.0810349	-0.6234098	-0.2631414	0.7362858	0.0000000	101.6582108	149.0000000	2.0000000	0.0009953	2.0000000
168.0000000	1082.5279541	365.0765686	311.5980835	-24.5053101	21.9191090	-1.5627396	0.9915738	0.1134476	-0.0625382	-0.0901930	0.9511258	0.2953385	0.0929871	-0.2872094	0.9533437	0.0000000	467.4049072	18.0000000	2.0000000	0.0009105	2.0000000
169.0000000	690.1632690	265.6622925	403.0767822	26.6387860	-36.5904605	2.1253716	0.9814168	0.0701578	0.1786030	-0.1009222	0.9803550	0.1694662	-0.1632049	-0.1843419	0.9692173	0.0000000	171.4581146	57.0000000	2.0000000	0.0008740	2.0000000
170.0000000	352.3216858	197.2446747	401.9201660	92.9904265	-39.8212044	35.1604238	-0.0222595	0.2014427	-0.9792473	-0.5863388	0.7907180	0.1759883	0.8097600	0.5780881	0.1005127	0.0000000	2796.9145508	300.0000000	1.0000000	0.0365708	2.0000000
171.0000000	535.9063110	431.0058594	409.5472107	52.4364774	-6.3849194	-14.9550938	0.7911355	-0.6116395	0.0013143	0.5723251	0.7395222	-0.3543317	0.2157513	0.2810766	0.9351189	0.0000000	98.6613159	10.0000000	2.0000000	0.0009199	2.0000000
172.0000000	459.0805054	410.7770386	263.8905334	65.7400266	66.6729763	-10.8633494	0.8638860	-0.1976885	-0.4632711	0.2502442	0.9666676	0.0541442	0.4371255	-0.1627053	0.8845611	0.0000000	1348.9853516	55.0000000	2.0000000	0.0007981	2.0000000
173.0000000	791.3508911	236.2923279	301.3356628	46.3951298	9.4165776	28.4406341	0.9990246	-0.0351644	0.0267078	0.0240651	0.9406995	0.3383864	-0.0370232	-0.3374136	0.9406282	0.0000000	53.9038162	9.0000000	2.0000000	0.0009700	2.0000000
174.0000000	466.7845764	202.6356964	317.1601257	10.2463274	-26.4693635	-1.6094357	0.6880815	0.0538395	0.7236333	-0.6737067	-0.3230601	0.6646439	0.2695611	-0.9448458	-0.1860196	0.0000000	651.7496338	300.0000000	1.0000000	0.0142935	2.0000000
175.0000000	408.2518005	371.7050781	301.0303650	94.9213183	-26.9084221	16.8897101	-0.2895198	-0.9559868	-0.0476178	0.5624558	-0.2101709	0.7996697	-0.7744816	0.2047373	0.5985490	0.0000000	2805.7304688	300.0000000	1.0000000	0.0648058	2.0000000
176.0000000	577.7385864	127.5627975	299.4190674	36.5128319	-24.0534217	-3.7328858	0.9352991	-0.3478357	-0.0650067	0.3535081	0.9103034	0.2153597	-0.0157340	-0.2244061	0.9743687	0.0000000	136.2601929	16.0000000	2.0000000	0.0008422	2.0000000
177.0000000	446.0176697	335.7304077	185.7409058	39.1314793	41.3363735	-19.9286119	0.1442338	-0.9543341	0.2616163	0.9776340	0.1783221	0.1115029	-0.1530630	0.2396825	0.9587095	0.0000000	193.5709534	300.0000000	1.0000000	0.0086258	2.0000000
178.0000000	981.6287842	368.0837708	411.5739136	56.4727533	-2.4855775	23.4983347	0.6585988	0.4009692	-0.6367663	-0.6159089	0.7734021	-0.1500180	0.4323238	0.4909917	0.7563222	0.0000000	66.6315384	300.0000000	1.0000000	0.0023566	2.0000000
179.0000000	280.9561157	311.6581726	175.3087769	29.1664094	-42.0014524	2.5283612	0.7396037	-0.0055492	0.6730197	0.0765862	0.9941648	-0.0759660	-0.6686710	0.1077288	0.7357130	0.0000000	4531.6391602	300.0000000	1.0000000	0.0142172	2.0000000
180.0000000	988.2138062	350.9412842	271.4159546	41.2193013	-2.0761803	-15.1968003	0.9992902	-0.0350094	0.0139052	0.0280422	0.9378307	0.3459583	-0.0251525	-0.3453228	0.9381469	0.0000000	55.7105103	10.0000000	2.0000000	0.0005231	2.0000000
181.0000000	573.4885254	380.9295959	235.5921478	26.7450399	-8.7105881	39.3976121	0.9552209	0.2911805	-0.0526027	-0.2879111	0.9556607	0.0618039	0.0682664	-0.0438914	0.9967012	0.0000000	287.7330322	54.0000000	2.0000000	0.0008210	2.0000000
182.0000000	363.0460205	223.9626160	337.4580688	-2.4885798	38.4725672	38.5479087	0.9858640	-0.0690025	-0.1526787	0.0832808	0.9925273	0.0891849	0.1453838	-0.1006394	0.9842435	0.0000000	4559.0483398	300.0000000	1.0000000	0.0208174	2.0000000
183.0000000	336.6580505	361.0416870	283.0388489	5.0657606	18.5701520	-46.6129699	-0.1939502	-0.7308257	-0.6544289	0.0433852	0.6600535	-0.7499648	0.9800515	-0.1738484	-0.0963105	0.0000000	990.3675537	143.0000000	2.0000000	0.0009830	2.0000000
184.0000000	1013.7418213	88.9209213	341.9706421	7.0581211	-38.6431735	37.4143827	0.4101597	0.5556569	-0.7231974	-0.8832772	0.0445343	-0.4667313	-0.2271354	0.8302181	0.5090652	0.0000000	5732.5668945	155.0000000	-1.0000000	3.3378012	2.0000000
185.0000000	1085.7431641	98.8367310	382.0310059	-18.8973199	28.2767836	28.6398148	0.9946408	-0.0417157	-0.0946022	0.0548135	0.9885789	0.1403821	0.0876656	-0.1448153	0.9855675	0.0000000	324.1551208	13.0000000	2.0000000	0.0009489	2.0000000
186.0000000	879.5382690	227.0383148	161.5373993	34.5190642	34.3025450	17.0076091	0.7047460	0.0409680	-0.7082759	0.5252061	0.6410388	0.5596675	0.4769608	-0.7664143	0.4302529	0.0000000	177.4108124	300.0000000	1.0000000	0.0036809	2.0000000
187.0000000	353.2589722	349.2166748	178.7949524	103.7766591	24.2367996	-14.2187392	0.9974431	-0.0710232	-0.0079322	-0.0435532	-0.6921214	0.7204658	-0.0566598	-0.7182782	-0.6934451	0.0000000	4421.6611328	300.0000000	1.0000000	0.0253245	2.0000000
188.0000000	423.3469543	476.7668457	251.0495758	4.9330821	40.7164941	38.6873370	-0.1272164	0.9918305	-0.0093938	0.9333510	0.1164997	-0.3395347	-0.3356665	-0.0519621	-0.9405466	0.0000000	651.2729492	300.0000000	1.0000000	0.0415187	2.0000000
189.0000000	790.5158081	141.1476898	216.0284576	8.3350800	-50.1164022	24.9757882	0.7107862	-0.1405589	-0.6892214	0.1476738	0.9878137	-0.0491591	0.6877321	-0.0668383	0.7228812	0.0000000	416.9814148	74.0000000	2.0000000	0.0008098	2.0000000
190.0000000	280.8632507	349.5047302	334.0167236	29.6355499	24.5231722	15.8911172	-0.8208117	-0.2499893	0.5135888	-0.4620190	-0.2381290	-0.8543026	0.3358669	-0.9385094	0.0799593	0.0000000	5162.4238281	300.0000000	1.0000000	0.0686702	2.0000000
191.0000000	766.3275757	322.0855713	417.9241943	40.5678852	-27.1584262	18.5660861	0.5224758	0.8427307	-0.1297073	-0.7092959	0.5139962	0.4823973	0.4732001	-0.1600400	0.8662961	0.0000000	73.8352127	10.0000000	2.0000000	0.0007217	2.0000000
192.0000000	974.5505981	132.2253265	224.2375793	30.6917807	31.3445132	4.5697670	0.9662074	-0.2541964	-0.0427489	0.2518069	0.9662539	-0.0542832	0.0551049	0.0416844	0.9976101	0.0000000	171.2786407	300.0000000	1.0000000	0.0013653	2.0000000
193.0000000	261.4207153	219.5565033	258.0687561	45.2509433	29.6095951	-62.1362323	-0.0803018	-0.7196424	-0.6896857	-0.8228721	0.4383439	-0.3615745	0.5625239	0.5384880	-0.6273735	0.0000000	4139.5683594	300.0000000	1.0000000	0.1915735	2.0000000
194.0000000	879.4274902	405.3517761	375.2191467	41.6818978	27.0188034	-35.6919179	0.9967199	-0.0611777	0.0529793	0.0487025	0.9762567	0.2110710	-0.0646342	-0.2077985	0.9760339	0.0000000	286.0167542	39.0000000	2.0000000	0.0009825	2.0000000
195.0000000	363.2804871	315.9081726	114.6839905	97.7140857	34.3683153	-54.1853106	0.9970799	0.0758819	0.0085801	0.0756659	-0.9968636	0.0231886	0.0103128	-0.0224717	-0.9996943	0.0000000	4572.8442383	300.0000000	1.0000000	0.4479859	2.0000000
196.0000000	415.6133423	163.3374939	202.0152435	90.8437466	-43.7522362	4.6940375	0.9787694	-0.1951554	-0.0626480	0.1832584	0.9701287	-0.1589551	0.0917976	0.1440996	0.9852962	0.0000000	1530.5200195	52.0000000	2.0000000	0.0009909	2.0000000
197.0000000	647.6895752	461.5055237	312.3283997	26.9649860	64.5208921	-10.9772799	0.8430839	-0.0318585	-0.5368376	-0.0050319	0.9977327	-0.0671126	0.5377586	0.0592828	0.8410121	0.0000000	778.3491821	300.0000000	1.0000000	0.0018577	2.0000000
198.0000000	942.3070679	295.3700867	502.6494751	24.4516342	10.4866083	11.8074266	0.5695533	-0.7547354	0.3255509	0.7531086	0.6378479	0.1611757	-0.3292969	0.1533771	0.9316861	0.0000000	66.3888626	300.0000000	1.0000000	0.0037851	2.0000000
199.0000000	329.3290100	200.3031769	277.5017700	-29.9079899	34.6750845	-34.8791824	0.9928357	0.0949344	-0.0725582	-0.1109588	0.9578207	-0.2650805	0.0443325	0.2712324	0.9614924	0.0000000	3844.5524902	300.0000000	1.0000000	0.0272276	2.0000000
200.0000000	771.8657227	171.9276886	275.7447510	10.0398256	35.5630836	0.9052068	0.8927559	0.0944599	0.4405272	0.0149415	0.9710294	-0.2384925	-0.4502928	0.2194977	0.8654809	0.0000000	263.5088806	27.0000000	2.0000000	0.0009152	2.0000000
201.0000000	688.7896118	336.4985657	407.0149536	-12.5894450	15.8403641	22.8738186	0.9938527	0.0338145	0.1054200	0.0165720	0.8960472	-0.4436494	-0.1094631	0.4426692	0.8899785	0.0000000	383.4350281	300.0000000	1.0000000	0.0039047	2.0000000
202.0000000	1110.6450195	284.2011719	355.2592468	21.0196939	-12.9927468	11.1994047	0.3442014	0.6254854	0.7002096	-0.4711930	0.7601404	-0.4473966	-0.8120976	-0.1759394	0.5563657	0.0000000	532.4997559	300.0000000	1.0000000	0.1077000	2.0000000
203.0000000	1066.8834229	228.1240387	350.5248108	47.3214330	34.3515491	19.0943037	0.9991221	-0.0388761	0.0156095	0.0317343	0.9455910	0.3238064	-0.0273486	-0.3230267	0.9459946	0.0000000	75.3732147	11.0000000	2.0000000	0.0008596	2.0000000
204.0000000	1084.9747314	181.4737244	472.0503235	13.2787021	5.9444630	21.4828405	0.6777755	-0.7297491	0.0899252	0.5513666	0.4235261	-0.7187632	0.4864311	0.5367419	0.6894149	0.0000000	2286.4975586	300.0000000	1.0000000	0.4770562	2.0000000
205.0000000	359.6828308	265.1536560	281.2207336	-1.6661866	-19.4151731	35.2513117	-0.9840438	0.1779084	0.0025127	0.0122151	0.0534613	0.9984952	0.1775063	0.9825938	-0.0547814	0.0000000	4736.7207031	300.0000000	1.0000000	0.0551698	2.0000000
206.0000000	405.4887695	388.7331543	216.8089600	90.1903266	47.0584883	-22.1124332	0.9949999	-0.0605305	0.0794433	0.0816619	0.9510098	-0.2981807	-0.0575024	0.3031773	0.9511977	0.0000000	2675.9545898	153.0000000	2.0000000	0.0008765	2.0000000
207.0000000	493.9018250	338.6781006	453.1049194	52.7504642	13.0830275	-17.9643773	0.8646677	-0.3757442	0.3334159	0.1179789	0.7970502	0.5922769	-0.4882938	-0.4727866	0.7335134	0.0000000	123.0347824	22.0000000	2.0000000	0.0009972	2.0000000
208.0000000	758.1981201	247.3122253	417.4754028	23.6776203	37.3447268	-25.7643411	0.9880874	0.1515586	0.0267080	0.0185610	0.0549174	-0.9983184	-0.1527705	0.9869215	0.0514502	0.0000000	533.8013306	300.0000000	1.0000000	0.0102838	2.0000000
209.0000000	805.1959229	322.3722839	153.4768982	-6.3847023	9.4056665	8.9369504	0.8542486	0.2196717	-0.4711727	-0.1137810	0.9633664	0.2428559	0.5072605	-0.1538488	0.8479489	0.0000000	189.9551392	300.0000000	1.0000000	0.0031222	2.0000000
210.0000000	808.6076050	219.3244019	234.5863342	40.8715507	-10.9608361	-52.5704244	0.9772979	0.1938571	0.0854888	-0.1983551	0.9789726	0.0476231	-0.0744591	-0.0634991	0.9952003	0.0000000	637.1139526	64.0000000	2.0000000	0.0009149	2.0000000
211.0000000	632.9990845	127.2611465	348.7932739	-0.1523086	2.9261218	19.8817662	0.5653530	-0.8171697	0.1122929	0.7827009	0.5744311	0.2396001	-0.2602985	-0.0475669	0.9643558	0.0000000	73.8758469	39.0000000	2.0000000	0.0009918	2.0000000
212.0000000	373.5687256	447.8525085	388.9749756	87.3937738	43.6604111	13.0517882	0.9672792	0.2332876	-0.0997390	-0.1562870	0.8575448	0.4900932	0.1998633	-0.4584690	0.8659450	0.0000000	1636.1097412	150.0000000	2.0000000	0.0001756	2.0000000
213.0000000	1043.3635254	115.2228241	438.2212219	31.1698194	21.7373907	-12.9514374	0.5725621	-0.7008269	0.4254577	-0.4701844	0.1444341	0.8706695	-0.6716392	-0.6985560	-0.2468204	0.0000000	235.6470642	200.0000000	2.0000000	0.0009888	2.0000000
214.0000000	283.5249634	228.2617798	192.9921417	29.9368696	26.5280471	-2.2016522	0.6511545	-0.0008655	0.7589447	0.3041215	0.9164993	-0.2598830	-0.6953473	0.4000354	0.5970459	0.0000000	4759.7641602	300.0000000	1.0000000	0.0244287	2.0000000
215.0000000	319.1791687	470.5444641	349.2442932	2.3683237	51.9784635	-1.0087297	0.0416636	0.8743864	-0.4834382	0.9652664	0.0896815	0.2453937	0.2579244	-0.4768706	-0.8402794	0.0000000	1038.2985840	300.0000000	1.0000000	0.0137828	2.0000000
216.0000000	272.7113647	286.3349915	369.4869995	39.2870544	-29.7209601	-16.5924151	0.6639295	0.0641121	-0.7450417	0.6845639	0.3488569	0.6400556	0.3009483	-0.9349805	0.1877276	0.0000000	4711.7397461	300.0000000	1.0000000	0.0063934	2.0000000
217.0000000	361.4379272	147.6386719	244.5011749	88.6600550	-22.1605374	14.7595540	0.9445568	0.2884722	-0.1568322	0.2543599	-0.9448985	-0.2060774	-0.2076381	0.1547600	-0.9658860	0.0000000	4747.4345703	300.0000000	1.0000000	0.0165418	2.0000000
218.0000000	679.4815063	269.0265808	206.7586975	-11.7585749	11.9151212	-1.9011127	0.9930675	0.1082102	-0.0459069	-0.1153574	0.9721868	-0.2038269	0.0225740	0.2077096	0.9779300	0.0000000	207.4449921	21.0000000	2.0000000	0.0008969	2.0000000
219.0000000	364.7177124	385.4769287	432.1319275	88.9517087	52.3140232	22.5546547	0.9587176	0.2835116	-0.0219471	-0.2843379	0.9548267	-0.0863598	-0.0035283	0.0890351	0.9960222	0.0000000	1599.1987305	178.0000000	2.0000000	0.0009290	2.0000000
220.0000000	892.3562622	441.2672729	314.3208313	30.8249154	-7.8418837	27.1599959	0.9861285	0.1653857	-0.0140776	0.0711170	-0.3443580	0.9361410	0.1499766	-0.9241565	-0.3513429	0.0000000	186.9565582	67.0000000	2.0000000	0.0009776	2.0000000
221.0000000	943.0332642	320.7971497	168.9201965	41.8678859	-35.6554087	2.5369159	0.0829766	0.4851309	0.8704958	-0.9938391	0.1046876	0.0363910	-0.0734757	-0.8681523	0.4908287	0.0000000	327.7414551	300.0000000	1.0000000	0.0041043	2.0000000
222.0000000	504.6907654	377.4069519	217.5070648	64.9347715	-26.9268352	-11.7528621	-0.9356883	0.0642719	0.3469243	-0.2535669	0.5612211	-0.7878672	-0.2453390	-0.8251667	-0.5088308	0.0000000	238.3621063	300.0000000	1.0000000	0.0126144	2.0000000
223.0000000	468.0541077	244.6352234	132.3320465	78.2618950	1.1423452	-18.5616853	0.9961481	0.0876805	0.0010528	-0.0871114	0.9909131	-0.1024829	-0.0100290	0.1019964	0.9947342	0.0000000	472.8645020	300.0000000	1.0000000	0.0063105	2.0000000
224.0000000	609.2226562	335.4835510	309.1301880	44.3120577	0.0956387	0.1700950	0.9897002	0.0389388	0.1377579	-0.0927088	0.9075810	0.4095141	-0.1090805	-0.4180676	0.9018431	0.0000000	62.0948563	25.0000000	2.0000000	0.0009944	2.0000000
225.0000000	1042.8502197	166.7264252	243.5225983	30.3144082	4.1887721	-19.3943515	0.3683275	-0.6270789	-0.6863722	0.5998909	0.7243236	-0.3398327	0.7102575	-0.2865788	0.6429673	0.0000000	74.6957474	300.0000000	1.0000000	0.0134750	2.0000000
226.0000000	585.9884644	424.7268372	289.4880676	31.5227093	55.9128383	5.4206253	0.9016788	0.1294093	-0.4125877	-0.1558755	0.9872905	-0.0309873	0.4033339	0.0922529	0.9103907	0.0000000	402.6341553	155.0000000	2.0000000	0.0008996	2.0000000
227.0000000	714.5341187	454.1626587	349.7727966	17.3018525	24.7980821	25.7657885	0.9721083	-0.2204459	-0.0800559	0.2330149	0.9465759	0.2229305	0.0266349	-0.2353669	0.9715416	0.0000000	79.4404373	83.0000000	2.0000000	0.0009860	2.0000000
228.0000000	1120.2720947	352.7332458	253.1469421	39.3707090	-4.8078695	-21.0820525	0.9963727	-0.0724194	0.0446858	0.0523513	0.9356432	0.3490432	-0.0670874	-0.3454378	0.9360406	0.0000000	90.5820694	23.0000000	2.0000000	0.0008671	2.0000000
229.0000000	504.1224060	132.6899719	315.3651733	31.9507571	2.7080440	20.4230401	0.9831566	-0.1681054	0.0717193	0.1743661	0.9803317	-0.0924454	-0.0547681	0.1033938	0.9931315	0.0000000	711.1071777	300.0000000	1.0000000	0.0015085	2.0000000
230.0000000	525.4103394	372.7744446	288.4976501	74.1132837	-0.5083749	-11.8767376	0.9829267	-0.1833751	-0.0151232	0.1744569	0.9026828	0.3933555	-0.0584801	-0.3892779	0.9192621	0.0000000	298.9408569	25.0000000	2.0000000	0.0009335	2.0000000
231.0000000	740.3155518	279.8913269	276.9562683	44.3329465	-2.8254833	16.7983493	0.9997635	-0.0191784	0.0102553	0.0145753	0.9408368	0.3385463	-0.0161413	-0.3383168	0.9408938	0.0000000	52.9521828	7.0000000	2.0000000	0.0007312	2.0000000
232.0000000	1044.3369141	235.0456848	466.8681946	18.7768113	15.7750422	47.1222000	0.4826020	0.8643672	-0.1412965	-0.3871095	0.3552233	0.8508599	0.7856472	-0.3559295	0.5060362	0.0000000	267.8310547	300.0000000	1.0000000	0.0060054	2.0000000
233.0000000	871.9597168	147.9379730	444.0905151	14.7914176	17.2122837	9.5026691	0.9785478	-0.1818054	0.0969067	0.1469006	0.9455272	0.2905141	-0.1444450	-0.2700463	0.9519510	0.0000000	199.0172882	130.0000000	2.0000000	0.0009964	2.0000000
234.0000000	1113.2084961	356.4199219	373.4407043	37.0578824	14.1639710	1.9973797	0.8761513	0.3930473	-0.2790567	-0.3938193	0.9174924	0.0558041	0.2779661	0.0610051	0.9586518	0.0000000	639.3923340	300.0000000	1.0000000	0.0064451	2.0000000
235.0000000	438.2299194	308.2838745	118.6253662	76.1195437	4.4737290	-0.1290232	0.1490353	0.9782222	0.1444640	-0.9885740	0.1507340	-0.0008234	-0.0225811	-0.1426907	0.9895097	0.0000000	231.0077057	139.0000000	2.0000000	0.0009206	2.0000000
236.0000000	717.4130249	141.0579681	221.8468170	-6.1475689	-13.7315572	-38.0782951	0.5958388	0.7109085	0.3736110	-0.4855569	0.6894409	-0.5374996	-0.6396957	0.1388537	0.7559822	0.0000000	93.9672546	12.0000000	2.0000000	0.0005197	2.0000000
237.0000000	795.5837402	320.9326477	301.6932983	43.1984037	4.9511376	-0.6763911	0.9990133	-0.0358492	0.0262166	0.0246954	0.9390154	0.3429871	-0.0369136	-0.3420012	0.9389742	0.0000000	52.6681061	9.0000000	2.0000000	0.0006440	2.0000000
238.0000000	736.4037476	221.4777832	237.2450562	67.6078772	32.3705841	-21.2170487	0.9781368	-0.0840827	0.1902067	0.1266828	0.9662446	-0.2243278	-0.1649241	0.2435191	0.9557711	0.0000000	211.4395447	300.0000000	1.0000000	0.0102522	2.0000000
239.0000000	712.2836304	245.2200775	476.3663025	52.0451721	0.6743239	-5.9371678	0.8679942	-0.3113088	-0.3868758	0.1744204	0.9205815	-0.3494385	0.4649340	0.2358316	0.8533580	0.0000000	91.6069183	62.0000000	2.0000000	0.0009733	2.0000000
240.0000000	669.5180054	148.7942657	286.9713440	2.9977548	-28.6575097	17.4293345	-0.7091201	-0.2604813	-0.6552085	-0.5463121	0.7904455	0.2770180	0.4457486	0.5543874	-0.7028249	0.0000000	237.9790497	300.0000000	1.0000000	0.0470368	2.0000000
241.0000000	813.2556763	288.3032837	242.4837952	43.1935783	-13.0825760	13.4674737	0.9993023	-0.0339016	0.0156744	0.0266389	0.9410870	0.3371138	-0.0261797	-0.3364610	0.9413334	0.0000000	53.6534462	10.0000000	2.0000000	0.0006702	2.0000000
242.0000000	926.2956543	301.4659424	253.3147583	42.8774536	-6.8531955	4.5826378	0.9990225	-0.0402978	0.0181718	0.0315702	0.9381434	0.3448046	-0.0309426	-0.3438939	0.9384986	0.0000000	51.3619614	8.0000000	2.0000000	0.0005781	2.0000000
243.0000000	866.7691650	304.4489746	291.5229492	43.4197036	4.3066297	3.2145869	0.9991209	-0.0372285	0.0192734	0.0284109	0.9393786	0.3417027	-0.0308261	-0.3408547	0.9396105	0.0000000	52.2795296	9.0000000	2.0000000	0.0009030	2.0000000
244.0000000	935.4833374	161.9680786	470.3907471	22.7648670	-0.6213634	-18.9089433	0.9581544	0.0800818	-0.2748219	-0.1569087	0.9499171	-0.2702538	0.2394157	0.3020668	0.9227328	0.0000000	139.1720428	300.0000000	1.0000000	0.0049418	2.0000000
245.0000000	1014.3454590	419.5554810	289.6179810	39.1462593	0.6653459	-40.3932308	0.9990750	-0.0402141	0.0152321	0.0338171	0.9535402	0.2993618	-0.0265630	-0.2985698	0.9540181	0.0000000	235.5936737	44.0000000	2.0000000	0.0008546	2.0000000
246.0000000	205.8895264	336.4575500	351.4161072	110.0673997	7.9159669	-77.2056367	-0.9480358	0.2009773	0.2466501	-0.0873622	0.5809981	-0.8092028	-0.3059346	-0.7887011	-0.5332491	0.0000000	4605.1435547	300.0000000	1.0000000	0.0344963	2.0000000
247.0000000	466.3794250	403.4378052	335.1564331	34.1336935	-12.7286752	-11.2350536	0.8202552	0.5518231	0.1505741	-0.5712911	0.8034277	0.1677215	-0.0284228	-0.2235961	0.9742674	0.0000000	113.7503433	11.0000000	2.0000000	0.0008177	2.0000000
248.0000000	606.1774902	437.1175232	395.0867310	20.9033831	53.4793367	18.1674592	0.9024555	-0.4170892	-0.1077528	-0.0543688	-0.3584098	0.9319799	-0.4273384	-0.8352119	-0.3461255	0.0000000	331.1083984	300.0000000	1.0000000	0.0075866	2.0000000
249.0000000	531.3659668	420.7832642	169.3224487	23.1287217	-14.0665285	-3.2930308	0.4407846	-0.0713418	0.8947733	-0.3809815	0.8877228	0.2584594	-0.8127496	-0.4548170	0.3641147	0.0000000	87.5342484	300.0000000	1.0000000	0.0033140	2.0000000
250.0000000	1015.3963623	367.1086731	335.8117676	14.4458653	-23.0190903	22.7522817	0.9936292	-0.0046271	0.1126036	0.0061274	0.9998970	-0.0129809	-0.1125319	0.0135882	0.9935552	0.0000000	98.7007751	138.0000000	2.0000000	0.0009996	2.0000000
251.0000000	350.3952332	408.6660767	334.0895081	73.1420289	76.0325129	35.2433237	-0.2837342	-0.6487756	-0.7061056	-0.9333512	0.0179963	0.3585131	-0.2198873	0.7607670	-0.6106417	0.0000000	4240.9028320	300.0000000	1.0000000	0.0068989	2.0000000
252.0000000	553.5117188	315.8600769	345.7878723	22.9538717	-28.1985876	22.8262602	0.8399102	-0.4892170	-0.2349844	0.2126489	0.6949971	-0.6868475	0.4993309	0.5269210	0.6877666	0.0000000	156.4978027	39.0000000	2.0000000	0.0009918	2.0000000
253.0000000	254.1876068	457.7193909	367.8998413	69.4086687	63.4637908	-25.2953143	-0.6058689	0.7945312	-0.0405356	0.4086143	0.2670615	-0.8727614	-0.6826107	-0.5453424	-0.4864610	0.0000000	1578.4644775	300.0000000	1.0000000	0.0441228	2.0000000
254.0000000	978.7498169	429.2685547	377.5289307	-9.0981760	27.8256669	10.7882392	0.8733662	-0.0928726	-0.4781277	0.0656933	0.9951439	-0.0733012	0.4826135	0.0326090	0.8752262	0.0000000	154.1207275	300.0000000	1.0000000	0.0036257	2.0000000
255.0000000	719.0255127	383.2749329	452.1682434	52.2087300	5.2905150	36.6088729	0.9687558	0.0074811	0.2479036	0.0822513	0.9332871	-0.3495853	-0.2339805	0.3590532	0.9035120	0.0000000	114.2523804	21.0000000	2.0000000	0.0009911	2.0000000
256.0000000	391.0328369	323.9648743	246.4841309	95.2441010	-33.2418352	-8.4204270	-0.9807310	-0.1108979	-0.1608364	-0.0657148	0.9625598	-0.2629831	0.1839790	-0.2473464	-0.9512999	0.0000000	3532.5063477	300.0000000	1.0000000	0.0229680	2.0000000
257.0000000	284.2368774	229.7901917	325.7012024	27.4843614	32.7851492	26.6764551	-0.0357849	0.6891206	-0.7237626	-0.5219736	0.6047006	0.6015652	0.8522106	0.3993119	0.3380636	0.0000000	4652.2875977	300.0000000	1.0000000	0.0010266	2.0000000
258.0000000	806.9188843	251.4955597	149.7137451	38.6514889	26.4955339	12.0098740	0.7063872	-0.6551793	0.2678754	0.6656898	0.7435495	0.0631767	-0.2405707	0.1336947	0.9613800	0.0000000	82.5009155	300.0000000	1.0000000	0.0032340	2.0000000
259.0000000	782.7256470	181.6562653	365.0210876	-6.8996909	7.4293672	18.7592587	0.1307992	-0.8749817	-0.4661529	0.8575210	0.3358172	-0.3897238	0.4975433	-0.3487604	0.7942398	0.0000000	109.7776566	300.0000000	1.0000000	0.0011078	2.0000000
260.0000000	545.0372925	306.8853149	414.3679199	66.0761614	-17.7525021	18.7127887	0.9999835	-0.0057368	0.0003590	0.0056864	0.9782135	-0.2075236	0.0008394	0.2075223	0.9782299	0.0000000	160.1632996	300.0000000	1.0000000	0.0028361	2.0000000
261.0000000	391.0122375	285.7683411	171.7548676	96.0432706	37.1577141	16.8547297	0.9815673	0.1068942	0.1584276	-0.1902265	0.4665183	0.8638139	0.0184273	-0.8780286	0.4782532	0.0000000	3345.4841309	300.0000000	1.0000000	0.0021571	2.0000000
262.0000000	955.3330078	411.6969910	249.8011780	43.1575847	30.4782626	23.8267796	0.5360138	0.3628985	0.7622296	0.1626232	0.8415955	-0.5150443	-0.8283978	0.4000271	0.3920911	0.0000000	934.7402344	300.0000000	1.0000000	0.0032476	2.0000000
263.0000000	342.4006958	276.5172424	378.7514038	-33.2352682	24.7020910	22.0566649	-0.4343541	0.0160640	-0.9005990	0.8859791	-0.1726605	-0.4303828	-0.1624115	-0.9848504	0.0607634	0.0000000	4353.6606445	300.0000000	1.0000000	0.2987127	2.0000000
264.0000000	944.4379883	266.5808716	403.6683655	-22.9938533	34.8828561	-5.9540147	0.9911475	0.0103140	0.1323642	-0.0772320	0.8557236	0.5116369	-0.1079902	-0.5173304	0.8489449	0.0000000	871.1856689	300.0000000	1.0000000	0.0021364	2.0000000
265.0000000	776.7625732	271.2372131	489.8410645	46.8763564	-0.7218325	12.6524055	0.8119105	-0.2607370	-0.5223194	0.2610808	0.9624298	-0.0746033	0.5221476	-0.0757964	0.8494803	0.0000000	166.2146149	234.0000000	2.0000000	0.0009929	2.0000000
266.0000000	1029.2260742	192.7272797	180.8820496	2.3032325	26.5081936	8.1909422	0.8723221	0.3454381	-0.3460155	0.1063543	0.5566893	0.8238846	0.4772243	-0.7554929	0.4488735	0.0000000	109.8683548	153.0000000	2.0000000	0.0009949	2.0000000
267.0000000	514.8462524	366.6513672	394.6219177	32.0415452	-14.9598115	39.6203047	0.6116433	0.7906119	0.0287276	-0.5562113	0.4039132	0.7262803	0.5626024	-0.4602031	0.6867981	0.0000000	143.5194855	54.0000000	2.0000000	0.0009660	2.0000000
268.0000000	825.0884399	151.5634918	319.0569763	50.0254660	21.7221392	53.8513795	0.9975276	0.0536736	-0.0453633	-0.0468049	0.9889226	0.1408596	0.0524212	-0.1383881	0.9889898	0.0000000	787.3099976	26.0000000	2.0000000	0.0008449	2.0000000
269.0000000	984.9525146	311.4325867	366.1271973	6.7272752	2.4324214	43.8032919	0.9639301	0.2466780	-0.0999435	-0.2606740	0.9508068	-0.1673785	0.0537384	0.1873938	0.9808138	0.0000000	115.1084366	14.0000000	2.0000000	0.0009686	2.0000000
270.0000000	892.5126953	278.3649597	449.3350830	18.7257611	-34.6489544	12.5154715	0.2363156	0.8381243	-0.4916327	-0.9687230	0.1637970	-0.1864036	-0.0757014	0.5203059	0.8506180	0.0000000	487.5927734	300.0000000	1.0000000	0.0109669	2.0000000
271.0000000	502.1719055	293.0063171	192.1431732	4.2087585	18.0282832	0.0739712	0.6448243	0.2263475	0.7300469	0.6737781	0.2826228	-0.6827499	-0.3608666	0.9321433	0.0297340	0.0000000	119.0350800	300.0000000	1.0000000	0.0068402	2.0000000
272.0000000	242.7708282	317.2161865	423.8762207	54.2672070	-2.1922154	-52.4787676	0.7621878	0.4034757	-0.5062382	-0.0728342	0.8304913	0.5522494	0.6432456	-0.3840462	0.6623772	0.0000000	6215.1601562	300.0000000	1.0000000	0.4916586	2.0000000
273.0000000	440.4616089	143.5489197	288.7656250	68.5554414	-32.7920020	18.5321062	0.7692218	-0.1194624	-0.6277154	-0.0954241	0.9498754	-0.2977094	0.6318165	0.2889037	0.7192653	0.0000000	166.8555908	300.0000000	1.0000000	0.0056065	2.0000000
274.0000000	736.4353027	112.6225433	286.8512268	50.7454759	-56.2963655	18.1493973	0.9841863	-0.0325449	0.1741209	0.0606784	0.9854470	-0.1587837	-0.1664193	0.1668382	0.9718383	0.0000000	507.7796326	24.0000000	2.0000000	0.0009614	2.0000000
275.0000000	774.6935425	112.5731277	350.0752563	12.2670243	10.4853338	10.5415123	0.9894363	-0.1427901	0.0250371	0.1410119	0.9880438	0.0623304	-0.0336379	-0.0581415	0.9977415	0.0000000	90.6469650	31.0000000	2.0000000	0.0009829	2.0000000
276.0000000	909.7104492	158.1156769	319.8479309	3.6695715	24.8028832	-5.8926571	0.8180930	-0.4123302	0.4008835	0.5750439	0.5780936	-0.5789062	0.0069523	0.7041247	0.7100423	0.0000000	183.1160126	300.0000000	1.0000000	0.0141103	2.0000000
277.0000000	957.3815918	358.4515991	476.5409546	33.5965980	16.1208897	17.0429117	0.9916125	-0.1214977	-0.0440796	0.1200563	0.9921846	-0.0340022	0.0478663	0.0284250	0.9984492	0.0000000	72.5536118	141.0000000	2.0000000	0.0009861	2.0000000
278.0000000	258.5602722	290.7413025	238.8808594	65.0598449	46.6006324	13.3080332	0.8403177	0.0905518	0.5344778	0.3781532	0.6085245	-0.6976375	-0.3884152	0.7883516	0.4771115	0.0000000	2175.5410156	300.0000000	1.0000000	0.0267365	2.0000000
279.0000000	283.0038147	204.4640198	389.8611755	12.8224339	10.6503793	-56.8278262	-0.9796624	0.1324854	0.1506960	0.1842743	0.2968480	0.9369761	0.0794019	0.9456896	-0.3152244	0.0000000	6291.1054688	300.0000000	1.0000000	0.5855060	2.0000000
280.0000000	830.0258179	392.4679871	195.4787140	38.4739832	-34.0964506	-19.8689725	0.9963339	0.0845450	-0.0130760	-0.0836720	0.9948618	0.0570001	0.0178279	-0.0556970	0.9982885	0.0000000	377.1647034	64.0000000	2.0000000	0.0009971	2.0000000
281.0000000	1008.0654907	167.4288788	481.8186951	20.3157567	16.4769884	7.4438918	0.6739597	-0.1340192	0.7265102	0.0006014	0.9835069	0.1808694	-0.7387678	-0.1214617	0.6629247	0.0000000	375.8361511	300.0000000	1.0000000	0.0100106	2.0000000
282.0000000	362.8529358	421.0630188	165.1844635	99.0084429	-42.0258694	4.6688733	0.7792578	0.6219935	0.0766898	-0.6177738	0.7829652	-0.0729453	-0.1054170	0.0094662	0.9943831	0.0000000	4481.5156250	300.0000000	1.0000000	0.1368262	2.0000000
283.0000000	858.2878418	237.6510773	323.3751831	-17.8500436	9.7354226	6.7205534	0.9938564	-0.0052545	-0.1105526	0.0423787	0.9408136	0.3362645	0.1022425	-0.3388837	0.9352563	0.0000000	582.6594238	300.0000000	1.0000000	0.0017689	2.0000000
284.0000000	326.7111511	296.7383423	225.5520020	-28.3389015	-12.2963038	-23.5266033	-0.0862621	0.0582698	0.9945670	0.6933758	0.7203530	0.0179347	-0.7153942	0.6911557	-0.1025421	0.0000000	3591.5358887	300.0000000	1.0000000	0.0068088	2.0000000
285.0000000	871.1225586	261.4670105	385.2018738	34.2366983	-4.8716521	-35.9356781	0.9836948	-0.1690390	0.0614025	0.1746884	0.9792482	-0.1027474	-0.0427600	0.1117984	0.9928105	0.0000000	466.7322083	27.0000000	2.0000000	0.0008942	2.0000000
286.0000000	269.0639343	491.6047668	307.5475464	50.6168520	32.8960687	39.9083786	-0.0243814	0.7452791	0.6663067	0.9994199	0.0340253	-0.0014873	-0.0237797	0.6658839	-0.7456763	0.0000000	967.6300659	258.0000000	2.0000000	0.0009894	2.0000000
287.0000000	442.3769836	450.8935852	380.6501465	43.4801302	35.1524505	24.3147481	0.9750303	0.2153367	-0.0542771	-0.0838474	0.5832971	0.8079196	0.2056344	-0.7831951	0.5867878	0.0000000	699.6375122	300.0000000	1.0000000	0.1413443	2.0000000
288.0000000	236.2363892	249.1299438	414.0540466	64.3903133	-14.4599124	-54.6911782	-0.4737926	0.1030885	0.8745818	0.2721065	0.9616643	0.0340569	-0.8375432	0.2541153	-0.4836805	0.0000000	6020.3579102	300.0000000	1.0000000	1.1300110	2.0000000
289.0000000	649.1262817	273.7059021	134.6399689	33.0071718	-43.4768347	-29.0726388	-0.6018548	-0.2173782	-0.7684514	-0.0943146	0.9748549	-0.2018976	0.7930167	-0.0490369	-0.6072230	0.0000000	720.9553833	300.0000000	1.0000000	0.0128641	2.0000000
290.0000000	555.5893555	350.6668396	173.6609802	59.1648233	-43.2231465	-13.0200664	0.9854560	-0.0268083	0.1678030	-0.0050263	0.9824470	0.1864742	-0.1698566	-0.1846056	0.9680235	0.0000000	747.8563843	34.0000000	2.0000000	0.0009319	2.0000000
291.0000000	905.6041870	212.1927185	425.9435120	4.1518297	9.9476124	-11.7603938	0.7756663	-0.2421349	-0.5828486	0.2039447	0.9700972	-0.1315975	0.5972841	-0.0167932	0.8018539	0.0000000	106.0154495	45.0000000	2.0000000	0.0009731	2.0000000
292.0000000	606.7613525	417.7875671	181.6655884	30.8431723	-0.5116337	0.6257529	0.8211992	-0.4811255	0.3068390	0.3879886	0.8650555	0.3180311	-0.4184457	-0.1421169	0.8970541	0.0000000	156.5413971	121.0000000	2.0000000	0.0009896	2.0000000
293.0000000	543.5626831	317.1114197	245.1708679	-4.6122150	13.7588396	21.0511971	0.7077055	-0.2448231	-0.6627327	-0.1956697	0.8334279	-0.5168281	0.6788714	0.4954388	0.5419170	0.0000000	130.8447418	55.0000000	2.0000000	0.0009784	2.0000000
294.0000000	238.1302948	279.5405273	307.5323792	85.4567657	39.5355570	-33.7214749	0.0378082	0.1669569	-0.9852390	0.1833976	0.9680377	0.1710798	0.9823115	-0.1871586	0.0059803	0.0000000	2683.4650879	300.0000000	1.0000000	0.0092458	2.0000000
295.0000000	241.6153717	178.4591980	342.7631226	66.1238722	30.0397142	-11.9898565	0.1783832	0.6846847	0.7066727	-0.0759830	-0.7064619	0.7036606	0.9810230	-0.1792163	-0.0739965	0.0000000	4409.4038086	300.0000000	1.0000000	0.0151390	2.0000000
296.0000000	302.9266663	494.9517822	246.3108063	20.7219548	21.5968725	65.5741979	-0.4403776	-0.7108409	0.5484275	0.1338896	0.5520215	0.8230102	-0.8877731	0.4358640	-0.1479237	0.0000000	4289.6372070	300.0000000	1.0000000	0.2119426	2.0000000
297.0000000	801.9776001	249.8321686	371.3634033	47.6394432	33.8410110	19.1417720	0.9990633	-0.0360461	0.0239421	0.0255470	0.9378855	0.3460031	-0.0349270	-0.3450673	0.9379278	0.0000000	56.5793152	10.0000000	2.0000000	0.0007374	2.0000000
298.0000000	268.6616516	433.6232300	245.8384247	43.6655957	-49.5872997	-10.2534108	0.6286291	-0.7596116	0.1667806	0.7315777	0.6503437	0.2045656	-0.2638551	-0.0065829	0.9645399	0.0000000	4150.7290039	300.0000000	1.0000000	0.0738862	2.0000000
299.0000000	268.3849792	381.3926697	182.0135803	48.9357883	-9.4854800	49.8750392	0.9733688	-0.1834644	0.1374553	0.1819007	0.9830249	0.0239615	-0.1395180	0.0016798	0.9902181	0.0000000	3100.5190430	300.0000000	1.0000000	0.1642995	2.0000000
300.0000000	361.5328369	472.3290710	213.1633301	40.5042992	73.8683921	33.7132237	0.6063290	-0.2083593	0.7674317	-0.1889508	0.8996758	0.3935493	-0.7724394	-0.3836272	0.5061299	0.0000000	2268.8977051	300.0000000	1.0000000	0.0077635	2.0000000
301.0000000	323.0251770	398.3477173	222.1444855	5.6104861	46.1185294	1.1758191	0.5447051	-0.5877393	0.5982130	0.8352113	0.4445146	-0.3237729	-0.0756204	0.6759950	0.7330159	0.0000000	1984.4820557	300.0000000	1.0000000	0.2230632	2.0000000
302.0000000	921.8411255	218.9714508	353.5410461	48.1960462	32.0536459	26.6726921	0.9990593	-0.0386661	0.0196346	0.0295183	0.9380329	0.3452867	-0.0317688	-0.3443823	0.9382918	0.0000000	63.0140915	11.0000000	2.0000000	0.0008302	2.0000000
303.0000000	726.4012451	166.5750122	329.5245056	-6.3222608	-11.8439458	20.0485700	0.8802762	0.4630981	0.1032179	-0.4695528	0.8190920	0.3295581	0.0680728	-0.3385684	0.9384762	0.0000000	150.6770630	18.0000000	2.0000000	0.0009916	2.0000000
304.0000000	604.0958252	135.5625610	242.2518158	41.2619439	-13.4661238	-28.9083026	0.2819017	0.1237742	-0.9514260	-0.1839283	0.9802234	0.0730237	0.9416485	0.1544086	0.2990922	0.0000000	129.7154694	73.0000000	2.0000000	0.0009866	2.0000000
305.0000000	367.7715454	427.2137146	268.2573853	64.3172642	77.0573002	23.6244416	-0.9417688	-0.2753051	0.1930765	-0.2421840	0.9536656	0.1785182	-0.2332774	0.1213628	-0.9648071	0.0000000	2912.9697266	300.0000000	1.0000000	0.0073539	2.0000000
306.0000000	586.2078857	300.6608582	130.1268616	2.4907367	2.9692701	-36.1009012	0.9959168	0.0107989	-0.0896281	-0.0352122	0.9606498	-0.2755216	0.0831259	0.2775526	0.9571074	0.0000000	135.1877594	28.0000000	2.0000000	0.0009848	2.0000000
307.0000000	300.9179382	292.9969482	110.9666443	4.4597794	-30.3988398	52.8158368	0.5180726	0.8427796	-0.1460255	-0.8528573	0.5219767	-0.0132215	0.0650791	0.1313886	0.9891925	0.0000000	5219.2099609	300.0000000	1.0000000	0.0260511	2.0000000
308.0000000	743.3360596	296.2484436	355.3757629	45.5187443	23.5063820	5.6755691	0.9991659	-0.0360873	0.0191085	0.0274357	0.9398755	0.3404134	-0.0302442	-0.3396052	0.9400817	0.0000000	53.7345581	12.0000000	2.0000000	0.0008086	2.0000000
309.0000000	827.6574097	384.5034790	268.8100891	24.7326488	17.1736520	16.2332236	0.6623888	0.7065231	-0.2491307	-0.7252508	0.5214097	-0.4496033	-0.1877560	0.4784945	0.8577824	0.0000000	466.8096924	300.0000000	1.0000000	0.0020673	2.0000000
310.0000000	345.4570007	344.0417175	364.9061279	-33.0044793	43.5057728	8.2788978	0.9956980	-0.0187552	-0.0907395	0.0524390	0.9214401	0.3849653	0.0763909	-0.3880675	0.9184596	0.0000000	4435.9350586	300.0000000	1.0000000	3.8624237	2.0000000
311.0000000	1200.3599854	248.9835663	171.1236572	27.3508128	-0.4950472	2.3777083	0.9999412	0.0042087	-0.0099892	-0.0041769	0.9999861	0.0032035	0.0100026	-0.0031615	0.9999450	0.0000000	92.7460480	88.0000000	2.0000000	0.0009991	2.0000000
312.0000000	1197.6235352	234.8914795	390.9969482	25.0084531	0.4206574	2.6020616	0.9999344	0.0049108	-0.0103435	-0.0049662	0.9999734	-0.0053359	0.0103171	0.0053869	0.9999323	0.0000000	117.6257935	247.0000000	2.0000000	0.0009973	2.0000000
313.0000000	279.6468201	229.1927185	126.9407043	32.2296710	37.9747861	12.9655977	0.9998264	-0.0163399	0.0089580	0.0178088	0.9793796	-0.2012421	-0.0054850	0.2013667	0.9795006	0.0000000	4962.5249023	300.0000000	1.0000000	0.1812501	2.0000000
314.0000000	1275.6279297	287.7210388	521.1746216	20.1965321	-7.3071441	8.6045099	0.9999969	-0.0002855	0.0024912	0.0003607	0.9995430	-0.0302259	-0.0024814	0.0302267	0.9995400	0.0000000	3399.1921387	135.0000000	2.0000000	0.0009883	2.0000000
315.0000000	1199.7457275	188.0238037	111.0583801	19.0504012	-9.5801081	-36.3434594	0.9892015	0.0606020	0.1334458	-0.0708100	0.9948059	0.0731240	-0.1283212	-0.0817837	0.9883547	0.0000000	3724.4707031	300.0000000	1.0000000	0.0012652	2.0000000
316.0000000	297.1229248	249.5206146	428.7122498	8.9804315	24.3256942	-41.4198289	-0.0895335	-0.6399802	-0.7631573	0.3698257	-0.7328158	0.5711480	-0.9247771	-0.2310984	0.3022927	0.0000000	5096.9399414	300.0000000	1.0000000	0.0063965	2.0000000
317.0000000	365.7041321	329.7172546	441.6232605	72.3832964	-27.7883075	26.7353172	0.8599645	-0.5103431	0.0033075	-0.1127233	-0.1962596	-0.9740511	0.4977494	0.8372766	-0.2263038	0.0000000	1389.6276855	300.0000000	1.0000000	0.0071303	2.0000000
318.0000000	309.5403748	360.9487000	119.6596909	4.4797096	-29.1043960	32.8735050	-0.4210024	0.8332526	0.3583950	-0.5816995	-0.5511899	0.5981766	0.6959760	0.0433556	0.7167550	0.0000000	4880.6215820	300.0000000	1.0000000	0.1547366	2.0000000
319.0000000	1022.3726807	131.0566406	381.7321167	35.7217630	-3.1248147	25.7487723	0.2752037	0.5583102	0.7826574	-0.6088924	0.7312213	-0.3075150	-0.7439845	-0.3919249	0.5411857	0.0000000	152.2119598	300.0000000	1.0000000	0.0014854	2.0000000
320.0000000	651.8504028	207.2633514	466.6956177	28.8282889	6.5096338	10.5090603	0.9852431	0.1424084	-0.0949517	-0.1414906	0.9898043	0.0163643	0.0963140	-0.0026881	0.9953474	0.0000000	211.7314606	37.0000000	2.0000000	0.0009380	2.0000000
321.0000000	538.6759644	195.1312408	273.0150757	53.6762727	12.4600390	-2.5486202	0.7634662	0.0212498	0.6454982	0.0814910	0.9883011	-0.1289188	-0.6406861	0.1510274	0.7528028	0.0000000	197.3586884	300.0000000	1.0000000	0.0020400	2.0000000
322.0000000	1302.3269043	258.5303955	523.2117310	-7.5014533	-57.4744271	3.8140769	-0.9887827	0.0072074	-0.1491874	0.0043983	-0.9969968	-0.0773173	-0.1492967	-0.0771062	0.9857815	0.0000000	6428.5541992	300.0000000	1.0000000	0.4928183	2.0000000
323.0000000	625.3208618	395.3676758	435.6067810	55.8034774	30.8704029	34.4127081	0.5511851	0.0232579	0.8340588	-0.2239237	0.9670647	0.1210125	-0.8037743	-0.2534658	0.5382396	0.0000000	161.5389252	300.0000000	1.0000000	0.0089123	2.0000000
324.0000000	828.2194214	443.9806213	309.5752258	17.5008096	10.0721142	-3.3827548	0.5830393	-0.1465733	-0.7991129	-0.2332925	0.9119642	-0.3374846	0.7782286	0.3831939	0.4975165	0.0000000	186.7824402	58.0000000	2.0000000	0.0009560	2.0000000
325.0000000	354.7035217	487.5190430	275.2167053	70.3133636	33.1633068	10.5010238	0.9591658	0.0923177	0.2673543	-0.2574113	0.6766457	0.6898478	-0.1172190	-0.7304985	0.6727791	0.0000000	320.3941650	300.0000000	1.0000000	0.0137979	2.0000000
326.0000000	232.5429840	234.2939758	363.7304077	72.1710199	-31.4387484	23.1879942	0.8691176	0.1723510	-0.4636052	0.4945544	-0.3163002	0.8095493	-0.0071118	-0.9328716	-0.3601390	0.0000000	6364.8090820	300.0000000	1.0000000	0.0201895	2.0000000
327.0000000	839.4172363	343.5346680	404.5474243	32.7621443	-9.3072217	34.5261863	0.6473738	0.7161074	0.2609547	-0.6554811	0.6978086	-0.2888038	-0.3889110	0.0159132	0.9211379	0.0000000	107.3846970	300.0000000	1.0000000	0.0032924	2.0000000
328.0000000	1181.4075928	374.8967285	79.1199799	22.1812007	-5.5388114	-21.7743033	0.9762042	-0.1087912	-0.1875897	0.1214283	0.9909501	0.0572109	0.1796680	-0.0786282	0.9805799	0.0000000	3657.9470215	200.0000000	-1.0000000	0.5789993	2.0000000
329.0000000	1198.9379883	208.2062378	272.0031433	26.1506117	-1.3994710	0.5396437	0.9999747	0.0003494	-0.0071081	0.0001976	0.9970456	0.0768111	0.0071140	-0.0768106	0.9970203	0.0000000	77.1494217	272.0000000	2.0000000	0.0009969	2.0000000
330.0000000	615.3688354	270.5725098	255.7767487	-6.7064745	27.4855987	-2.4276103	0.9640613	0.2640990	-0.0289386	-0.2102866	0.8250882	0.5244131	0.1623739	-0.4994810	0.8509721	0.0000000	323.4952393	300.0000000	1.0000000	0.0028070	2.0000000
331.0000000	295.6749878	412.4372559	134.7315216	11.1687298	-38.1018918	13.5444390	0.0165726	-0.7379509	-0.6746509	0.9588328	0.2030369	-0.1985337	0.2834871	-0.6435872	0.7109364	0.0000000	5023.8759766	300.0000000	1.0000000	0.3616912	2.0000000
332.0000000	1244.8538818	384.5542297	74.2912216	28.2975160	-0.5821146	1.6125145	0.9999994	-0.0008544	-0.0006453	0.0008601	0.9999614	0.0087482	0.0006378	-0.0087488	0.9999615	0.0000000	1108.7750244	73.0000000	2.0000000	0.0009895	2.0000000
333.0000000	1274.2158203	55.5367584	269.7867432	23.4018533	21.4674453	-26.1492690	0.9999904	0.0031923	0.0029857	-0.0029019	0.9956926	-0.0926700	-0.0032687	0.0926605	0.9956924	0.0000000	4182.1206055	300.0000000	1.0000000	0.1425481	2.0000000
334.0000000	1203.2131348	399.4580383	143.7416687	27.7171589	-0.7833974	2.1099365	0.9999093	0.0012280	-0.0134098	-0.0012186	0.9999990	0.0007052	0.0134107	-0.0006888	0.9999098	0.0000000	80.0536346	108.0000000	2.0000000	0.0009957	2.0000000
335.0000000	1192.6906738	286.0828247	278.8365479	26.7527451	-0.3899554	2.0131465	0.9998916	-0.0019292	-0.0145987	0.0017909	0.9999534	-0.0094818	0.0146163	0.0094546	0.9998485	0.0000000	172.6369324	64.0000000	2.0000000	0.0009918	2.0000000
336.0000000	290.5684509	165.3874512	170.8985443	19.3161235	25.9952522	29.9000633	0.9973732	0.0688604	0.0224689	0.0605293	-0.6219645	-0.7807025	-0.0397846	0.7800118	-0.6244988	0.0000000	3123.5659180	300.0000000	1.0000000	0.0660457	2.0000000
337.0000000	1292.9077148	521.8090210	235.0871277	32.5693265	5.5037900	58.0961358	0.9935749	-0.1101855	0.0258479	0.0892548	0.6224308	-0.7775690	0.0695883	0.7748800	0.6282662	0.0000000	9642.0029297	300.0000000	1.0000000	1.4166723	2.0000000
338.0000000	1265.0704346	525.0974731	263.1147461	24.8304867	1.9857678	5.6801837	0.9999987	0.0008397	-0.0013698	-0.0008477	0.9999825	-0.0058618	0.0013649	0.0058630	0.9999819	0.0000000	1013.2668457	300.0000000	1.0000000	0.0953835	2.0000000
339.0000000	1253.0858154	526.2247314	313.2652893	25.4241231	7.3006088	-3.2267886	0.9998685	-0.0110947	-0.0118295	0.0112207	0.9998805	0.0106325	0.0117101	-0.0107638	0.9998735	0.0000000	299.7342834	300.0000000	1.0000000	0.1014602	2.0000000
340.0000000	1260.8571777	48.7178078	301.2546387	23.5477575	13.4288840	-46.4860251	0.9954020	0.0259765	0.0921956	-0.0087058	0.9830757	-0.1829928	-0.0953888	0.1813488	0.9787817	0.0000000	3799.4719238	226.0000000	-1.0000000	0.8279904	2.0000000
341.0000000	1179.9257812	376.3769836	479.2448425	-13.1177306	43.5750216	-21.2339528	0.5240631	0.4648537	0.7136308	-0.5754128	0.8110016	-0.1057193	-0.6278997	-0.3552287	0.6924988	0.0000000	1873.6456299	300.0000000	1.0000000	0.1619913	2.0000000
342.0000000	10.6773710	164.7285919	438.3808899	15.4298591	49.2368165	5.9761607	-0.1506621	0.8322243	0.5335762	-0.9885717	-0.1296610	-0.0769023	0.0051841	-0.5390646	0.8422485	0.0000000	9850.5654297	300.0000000	1.0000000	0.0040381	2.0000000
343.0000000	129.0872192	387.4786072	417.1935120	72.0900618	-1.9621747	-84.2602106	0.0807512	0.6362455	0.7672489	-0.1006087	0.7710343	-0.6287957	-0.9916436	-0.0264159	0.1262738	0.0000000	1711.4444580	300.0000000	1.0000000	0.1244305	2.0000000
344.0000000	127.6569138	342.3028564	437.8069763	36.9701917	69.9418561	-55.9328613	-0.1696336	0.9242223	0.3421076	-0.1396498	0.3210928	-0.9366949	-0.9755626	-0.2066702	0.0745994	0.0000000	8699.1660156	274.0000000	-1.0000000	0.4157655	2.0000000
345.0000000	1296.4383545	525.9030151	305.4627686	-3.9133046	2.1110458	40.5883092	-0.9980070	-0.0581200	-0.0245782	-0.0630593	0.9330857	0.3540827	0.0023542	0.3549269	-0.9348911	0.0000000	614.2336426	300.0000000	1.0000000	0.5958375	2.0000000
346.0000000	112.5459061	238.4811401	461.4764709	81.5735020	-57.8938532	-25.8410133	0.1115871	-0.0298618	-0.9933059	0.0607459	0.9978842	-0.0231753	0.9918963	-0.0577532	0.1131650	0.0000000	8962.1318359	300.0000000	1.0000000	0.0423395	2.0000000
347.0000000	119.7624130	460.0253906	301.6267395	43.7494223	-10.1605928	-3.6438024	0.2146575	0.5906999	0.7778148	-0.9375117	0.3479105	-0.0054856	-0.2738502	-0.7280330	0.6284696	0.0000000	1584.9822998	300.0000000	1.0000000	0.0191727	2.0000000
348.0000000	123.8656998	446.9940491	345.2566223	42.0976922	-14.8019021	-16.0211877	0.2781902	0.9081539	0.3128366	-0.9129296	0.3512417	-0.2078191	-0.2986129	-0.2277845	0.9267926	0.0000000	1732.9788818	300.0000000	1.0000000	0.0206787	2.0000000
349.0000000	17.7397327	223.3882751	464.5748901	36.4705676	69.1441632	8.6322537	0.6724380	-0.7023194	-0.2336122	0.1961365	-0.1352594	0.9712031	-0.7136930	-0.6988937	0.0467969	0.0000000	10920.8037109	300.0000000	1.0000000	0.0838880	2.0000000
350.0000000	224.6249390	224.5930939	314.0737915	88.6597966	37.0560857	-9.2962472	-0.2266123	-0.9738706	0.0149297	0.0142244	-0.0186360	-0.9997251	0.9738812	-0.2263376	0.0180759	0.0000000	3521.7834473	300.0000000	1.0000000	0.2986499	2.0000000
351.0000000	123.9071655	307.7890625	459.7147827	68.8100637	-22.0279643	-45.3285050	0.0757686	0.1689553	0.9827071	0.1451840	0.9731680	-0.1785093	-0.9864992	0.1561988	0.0492060	0.0000000	4431.0976562	233.0000000	-1.0000000	1.0596353	2.0000000
352.0000000	91.5336685	200.8669739	455.4776306	79.8817873	-36.8172677	-40.0738896	0.0297772	-0.6949425	-0.7184485	-0.4170823	0.6445654	-0.6407634	0.9083808	0.3187323	-0.2706549	0.0000000	9481.8798828	300.0000000	1.0000000	0.1636565	2.0000000
353.0000000	35.6129074	309.3455505	469.3457947	37.6417613	-19.2436605	4.3707149	0.4254018	0.8756311	0.2286997	-0.7770360	0.2238457	0.5883096	0.4639487	-0.4279759	0.7756212	0.0000000	3953.1010742	168.0000000	-1.0000000	0.9744381	2.0000000
354.0000000	37.0707283	131.9005127	411.1863403	47.8190050	-66.0373737	77.3113953	-1.3973337	1.4243693	1.0333704	1.3494708	0.9936574	0.8129185	1.0151100	1.1451403	-0.6345380	0.0000000	16985.1503906	23.0000000	-3.0000000	3.0710220	2.0000000
355.0000000	52.4613075	266.7862244	471.1737671	-34.8758983	40.2716572	-2.8287706	-0.1668430	0.9858272	0.0175555	-0.0769483	-0.0307695	0.9965602	0.9829763	0.1649183	0.0809914	0.0000000	8403.5292969	300.0000000	1.0000000	0.1216801	2.0000000
356.0000000	62.1911125	314.7430420	87.2880859	-37.1670450	-15.9332091	-8.8178769	0.0454757	0.9986364	0.0256396	-0.2036494	0.0343948	-0.9784395	-0.9779872	0.0392737	0.2049358	0.0000000	6105.3486328	300.0000000	1.0000000	0.0116404	2.0000000
357.0000000	81.4030685	104.1207809	370.9732056	-2.5072914	-9.1065302	-41.2535232	-0.0221780	-0.5348390	0.8446629	-0.0602812	0.8440489	0.5328674	-0.9979350	-0.0390994	-0.0509601	0.0000000	6465.5600586	300.0000000	1.0000000	0.3623034	2.0000000
358.0000000	35.8537750	103.5334625	368.3222656	54.2951249	-1.3001893	-29.6735437	0.9619921	0.2606179	-0.0815444	-0.2148708	0.9066945	0.3629540	0.1685282	-0.3316373	0.9282322	0.0000000	2279.8342285	300.0000000	1.0000000	0.0718822	2.0000000
359.0000000	83.9251175	90.1368027	339.1364746	-32.5889095	4.9684664	-64.9053975	0.3737675	0.1224640	-0.9194022	-0.9271487	0.0211933	-0.3740937	-0.0263278	0.9922466	0.1214637	0.0000000	9311.1572266	300.0000000	1.0000000	0.0310482	2.0000000
360.0000000	100.4229584	130.5228729	406.9999695	11.2024405	-37.0582573	-61.0024451	0.4329308	0.7312977	0.5270433	-0.1765362	-0.5045710	0.8451290	0.8839717	-0.4589246	-0.0893438	0.0000000	9095.1347656	300.0000000	1.0000000	0.0350646	2.0000000
361.0000000	55.2148476	444.1513062	179.0601501	39.3127350	33.9507943	54.9111996	0.6979102	-0.0418014	-0.7149643	-0.6939136	-0.2864894	-0.6606117	-0.1772152	0.9571711	-0.2289504	0.0000000	10214.3291016	300.0000000	1.0000000	0.1626504	2.0000000
362.0000000	78.9912720	164.0661011	436.2862549	75.6758275	-48.0212916	-51.8040990	-0.1259370	0.9901231	0.0616124	-0.7585839	-0.0560917	-0.6491565	-0.6392889	-0.1284911	0.7581555	0.0000000	10942.3623047	300.0000000	1.0000000	0.0431572	2.0000000
363.0000000	77.3547287	322.2281494	464.4243774	-20.3804422	-32.8138860	-4.2832604	-0.1644881	-0.0898321	-0.9822799	-0.6432341	0.7647372	0.0377758	0.7477925	0.6380496	-0.1835733	0.0000000	8244.4306641	300.0000000	1.0000000	0.0607314	2.0000000
364.0000000	42.8623886	460.1649170	212.3146057	-31.2077474	3.8513673	56.0395562	-0.2986541	0.1608150	-0.9407147	-0.9540811	-0.0741992	0.2902133	-0.0231296	0.9841915	0.1755905	0.0000000	7851.0732422	300.0000000	1.0000000	0.0382134	2.0000000
365.0000000	30.1392708	408.7885437	419.6906128	44.8643049	-44.7057569	39.3203819	0.7720478	0.5438153	0.3289486	-0.2347978	-0.2369099	0.9427320	0.5906033	-0.8050706	-0.0552191	0.0000000	7678.7836914	300.0000000	1.0000000	1.4793335	2.0000000
366.0000000	41.0382767	178.1899261	445.9299011	24.9472626	51.9979294	17.9048177	-0.9527822	-0.2860131	-0.1019933	0.0527751	0.1748013	-0.9831883	0.2990333	-0.9421470	-0.1514532	0.0000000	5061.4580078	300.0000000	1.0000000	0.0920501	2.0000000
367.0000000	72.9683990	426.3073730	151.4935913	125.9531380	7.8056268	-21.5492315	0.9999889	-0.0043614	0.0017772	0.0042606	0.9985739	0.0532174	-0.0020068	-0.0532092	0.9985814	0.0000000	6394.7529297	300.0000000	1.0000000	0.0728606	2.0000000
368.0000000	13.2184324	87.8659515	332.5060120	56.1190982	8.0276187	-55.8210199	0.9936234	-0.0462790	-0.1028147	-0.1084452	-0.1426955	-0.9838077	0.0308585	0.9886841	-0.1468043	0.0000000	9686.6689453	300.0000000	1.0000000	0.0848718	2.0000000
369.0000000	6.8199081	109.8380814	379.7044983	4.9200067	-5.2550165	-47.8961889	-0.0346206	-0.5731127	-0.8187449	-0.1659818	0.8111558	-0.5607818	0.9855209	0.1164822	-0.1232090	0.0000000	13613.6484375	300.0000000	1.0000000	0.3607109	2.0000000
370.0000000	1274.9865723	194.6580505	503.4232178	20.2908074	40.8133280	19.1035924	0.9999990	0.0000759	-0.0013925	0.0004173	0.9364770	0.3507288	0.0013307	-0.3507290	0.9364760	0.0000000	4085.5117188	300.0000000	1.0000000	0.4333052	2.0000000
371.0000000	58.7886734	83.3951645	262.5583496	-28.5170762	13.5456298	45.0342606	0.3972449	-0.9117131	0.1047648	0.2845889	0.2309138	0.9304235	-0.8724710	-0.3397911	0.3511928	0.0000000	7794.0268555	300.0000000	1.0000000	0.0163194	2.0000000
372.0000000	59.6066513	199.6134796	98.3727722	-49.9731093	10.9029660	6.8019234	0.0015577	0.0153700	0.9998807	0.0501573	-0.9986246	0.0152725	0.9987401	0.0501275	-0.0023265	0.0000000	10611.8417969	300.0000000	1.0000000	0.0488530	2.0000000
373.0000000	20.4552689	436.2925720	388.1090393	24.5998990	9.9846359	14.3776791	0.8262041	-0.0053683	0.5633453	0.3184742	0.8292977	-0.4591727	-0.4647160	0.5587813	0.6868788	0.0000000	7589.8476562	300.0000000	1.0000000	2.7337065	2.0000000
374.0000000	120.6273422	431.1443481	382.9928284	59.3774261	-47.0095647	-6.8798156	0.4771526	0.0581772	0.8768927	-0.0555918	0.9978062	-0.0359494	-0.8770604	-0.0315947	0.4793400	0.0000000	5301.5883789	300.0000000	1.0000000	0.2375778	2.0000000
375.0000000	89.9980316	89.7030029	210.1203766	3.1742651	15.9383102	57.9513190	-0.1447083	0.1629069	0.9759717	0.9879881	0.0778310	0.1334986	-0.0542130	0.9835668	-0.1722129	0.0000000	5035.2236328	300.0000000	1.0000000	0.0183462	2.0000000
376.0000000	57.3572121	375.7048340	109.8719406	19.6686473	18.4755766	-43.5088650	-0.0141867	0.2164738	-0.9761853	0.3832665	0.9028941	0.1946512	0.9235289	-0.3713776	-0.0957763	0.0000000	10598.7294922	300.0000000	1.0000000	0.0206809	2.0000000
377.0000000	65.5214615	442.6927185	378.3152466	1.6882461	46.3361811	-52.5876424	0.9917831	-0.1185393	0.0481113	0.0449273	-0.0293891	-0.9985579	0.1197823	0.9925143	-0.0238220	0.0000000	9043.2177734	300.0000000	1.0000000	0.3065175	2.0000000
378.0000000	59.9969330	470.0149841	289.6482239	-26.3232893	18.2508861	-41.5180095	-0.0816738	-0.2191127	-0.9722752	-0.6047445	-0.7645339	0.2230962	-0.7922206	0.6061992	-0.0700648	0.0000000	4893.7778320	300.0000000	1.0000000	0.0353444	2.0000000
379.0000000	86.3376694	459.4321289	340.9306946	97.3566811	6.6281691	37.6225331	0.9992069	-0.0176407	0.0356971	0.0299188	0.9241947	-0.3807481	-0.0262744	0.3815142	0.9239895	0.0000000	11130.6416016	300.0000000	1.0000000	0.1975307	2.0000000
380.0000000	98.4954681	195.4011383	95.6708679	-11.4866189	37.6750439	-23.3844093	-0.2036349	-0.0353984	0.9784068	0.9783629	0.0299929	0.2047109	-0.0365917	0.9989231	0.0285249	0.0000000	6838.4838867	300.0000000	1.0000000	0.1308708	2.0000000
381.0000000	14.9063501	80.4060822	269.4296875	-8.0272852	-5.5554087	23.3291103	-0.1345577	-0.9889270	-0.0625916	0.6972724	-0.1393764	0.7031255	-0.7040635	0.0509676	0.7083056	0.0000000	6603.5957031	300.0000000	1.0000000	0.0378666	2.0000000
382.0000000	4.0181184	131.9616699	413.1785278	78.1387721	44.8187446	-26.0938029	0.4618875	0.8447678	0.2702355	-0.8681988	0.4929321	-0.0569982	-0.1813580	-0.2082914	0.9611056	0.0000000	11681.6855469	300.0000000	1.0000000	0.3430125	2.0000000
383.0000000	105.6872177	405.1275635	128.6005554	38.8432240	1.8266246	-7.8417428	0.7198808	0.5187459	-0.4611663	-0.4658080	0.8536346	0.2330898	0.5145819	0.0470180	0.8561511	0.0000000	832.4282227	300.0000000	1.0000000	0.0191619	2.0000000
384.0000000	1174.7735596	466.3031616	126.2945709	27.9791219	-0.2563994	1.8625849	0.9999303	0.0054241	-0.0104913	-0.0053587	0.9999661	0.0062502	0.0105249	-0.0061936	0.9999254	0.0000000	127.2283325	228.0000000	2.0000000	0.0009533	2.0000000
385.0000000	1290.7656250	149.4280701	473.3284607	22.5667015	0.9763081	4.2818673	0.9999892	-0.0009223	0.0045467	0.0010451	0.9996324	-0.0270909	-0.0045201	0.0270954	0.9996226	0.0000000	5836.1440430	300.0000000	1.0000000	0.1526560	2.0000000
386.0000000	104.9664078	465.7138977	244.5350647	43.5510869	-23.8473593	-29.9648389	0.0954673	0.8204949	-0.5636259	-0.9952057	0.0907590	-0.0364467	0.0212498	0.5644032	0.8252257	0.0000000	4804.8056641	300.0000000	1.0000000	0.1680307	2.0000000
387.0000000	13.9207439	112.2119904	167.2623291	66.2775995	3.7659968	45.8699478	0.8121356	-0.0762190	0.5784691	-0.5731607	0.0813215	0.8153978	-0.1091908	-0.9937693	0.0223584	0.0000000	8749.4755859	300.0000000	1.0000000	0.1164840	2.0000000
388.0000000	106.1828232	80.0831451	266.1058044	103.3669117	21.1138658	40.3633428	0.9969838	0.0323260	-0.0705570	-0.0070255	0.9429848	0.3327615	0.0772910	-0.3312622	0.9403677	0.0000000	9961.0263672	300.0000000	1.0000000	0.0944742	2.0000000
389.0000000	18.9907417	379.7541199	442.5735168	45.8458174	-48.0950644	7.5493548	0.9223141	0.3862298	-0.0127773	0.0192438	-0.0789268	-0.9966947	-0.3859617	0.9190196	-0.0802279	0.0000000	6842.4663086	300.0000000	1.0000000	0.0067855	2.0000000
390.0000000	1160.9331055	280.2341003	531.7443848	29.7144208	-8.8479233	-4.9985512	0.9732834	-0.0160473	0.2290455	-0.0083292	0.9944305	0.1050645	-0.2294558	-0.1041653	0.9677291	0.0000000	252.9648438	300.0000000	1.0000000	0.0037405	2.0000000
391.0000000	16.8098011	215.6593628	92.4922791	68.8564204	-8.0431185	-32.6736859	-0.5557628	-0.5734084	-0.6019389	-0.3310807	0.8168232	-0.4724250	0.7625702	-0.0632659	-0.6438045	0.0000000	8742.7509766	300.0000000	1.0000000	1.3251941	2.0000000
392.0000000	121.5845108	448.5180359	193.6676483	54.4622237	-37.7552671	34.8798384	-0.0780065	-0.3939062	-0.9158345	-0.9917200	0.1246570	0.0308543	0.1020115	0.9106583	-0.4003687	0.0000000	1414.4631348	300.0000000	1.0000000	0.0266495	2.0000000
393.0000000	25.7863026	342.9320068	460.2581787	55.5752587	-51.8306906	-3.7521736	0.9816949	-0.1891873	-0.0219861	-0.0346234	-0.0637542	-0.9973648	0.1872870	0.9798692	-0.0691375	0.0000000	9360.6738281	300.0000000	1.0000000	0.0741936	2.0000000
394.0000000	5.4347167	307.2374573	468.2306213	0.4805650	-24.2418773	-35.3212924	0.9634727	0.2678065	-0.0000939	0.0673367	-0.2425931	-0.9677884	-0.2592028	0.9324314	-0.2517650	0.0000000	12655.6347656	300.0000000	1.0000000	0.5190781	2.0000000
395.0000000	45.7088890	458.3582764	343.0846558	38.6416424	27.2307925	-39.9150821	0.1208409	-0.8421918	0.5254621	0.2222501	-0.4929495	-0.8411930	0.9674721	0.2184346	0.1276088	0.0000000	4961.9755859	300.0000000	1.0000000	0.0033393	2.0000000
396.0000000	24.0667706	404.5320740	129.2876282	54.1981686	77.1744824	48.3486875	0.0459964	0.9954456	0.0835008	0.6810389	0.0299031	-0.7316364	-0.7308012	0.0905199	-0.6765618	0.0000000	11514.7509766	300.0000000	1.0000000	0.0537387	2.0000000
397.0000000	15.1368303	135.3784332	137.7375488	48.8293644	1.8785999	-21.1258731	0.8927905	-0.0543569	-0.4471805	-0.3462599	0.5521756	-0.7584235	0.2881477	0.8319540	0.4741556	0.0000000	5916.6186523	300.0000000	1.0000000	4.4102268	2.0000000
398.0000000	79.2630920	391.4011841	432.7427368	-9.0032828	-5.6794544	11.1820482	-0.0295048	-0.9991252	0.0296369	0.0145799	0.0292165	0.9994668	-0.9994583	0.0299212	0.0137052	0.0000000	5804.5117188	300.0000000	1.0000000	0.3603702	2.0000000
399.0000000	12.2672920	463.0583496	337.0625916	53.2289832	39.0307690	-47.3486965	0.7714962	-0.1158017	0.6256066	-0.6255628	0.0412707	0.7790815	-0.1160381	-0.9924146	-0.0406011	0.0000000	11953.0371094	300.0000000	1.0000000	0.1378753	2.0000000
400.0000000	98.1237411	270.4078064	81.4627304	41.7723004	12.5699458	-10.4843528	0.8362890	-0.0870532	-0.5413339	0.1589876	0.9833980	0.0874722	0.5247319	-0.1592174	0.8362453	0.0000000	462.1925049	300.0000000	1.0000000	0.0554428	2.0000000
401.0000000	13.6378727	331.2330017	87.5243301	66.7220754	-30.6603877	-35.2365157	0.1389396	0.3029852	-0.9428127	-0.0717832	0.9526236	0.2955596	0.9876958	0.0266131	0.1541064	0.0000000	3782.2946777	300.0000000	1.0000000	0.4594370	2.0000000
402.0000000	65.5150833	133.4415741	140.4917297	53.9368677	-26.4017310	31.4882611	0.1253061	0.8664310	-0.4833174	0.1361819	-0.4975670	-0.8566689	-0.9827273	0.0415268	-0.1803404	0.0000000	3950.0273438	300.0000000	1.0000000	0.9193594	2.0000000
403.0000000	98.8277817	114.3872070	162.3841400	65.7795702	1.8853255	-32.3934742	0.0032794	-0.2364979	0.9716265	0.7940340	-0.5900078	-0.1462903	0.6078645	0.7719842	0.1858525	0.0000000	4492.3149414	300.0000000	1.0000000	0.1377304	2.0000000
404.0000000	23.5087318	469.3969727	258.5666199	78.7258507	13.9220790	12.4240729	0.3772943	-0.4872077	0.7875771	0.7377673	0.6721667	0.0623804	-0.5597753	0.5575129	0.6130506	0.0000000	999.0454712	300.0000000	1.0000000	0.0030205	2.0000000
405.0000000	15.3763189	92.4336624	209.1552124	53.0039315	2.0344785	56.4995495	0.9889383	0.1276546	0.0755335	-0.0437604	-0.2354699	0.9708960	0.1417251	-0.9634616	-0.2272790	0.0000000	8965.8701172	300.0000000	1.0000000	0.9338840	2.0000000
406.0000000	1272.4371338	465.0465393	451.0544128	21.4164155	-23.4474411	29.3284540	0.9999695	-0.0012855	0.0077054	0.0028250	0.9791187	-0.2032697	-0.0072832	0.2032853	0.9790925	0.0000000	3246.0383301	300.0000000	1.0000000	0.0048206	2.0000000
407.0000000	1266.3380127	118.5143433	455.0008545	20.3806749	9.0122991	12.7727070	0.9999129	0.0070144	-0.0111816	-0.0079980	0.9958649	-0.0904939	0.0105006	0.0905754	0.9958342	0.0000000	2242.2475586	300.0000000	1.0000000	0.2846965	2.0000000
408.0000000	1265.4597168	291.8886719	48.4709587	25.3354748	-9.6912191	-12.6413259	0.9970437	0.0038438	-0.0767409	-0.0031471	0.9999528	0.0091969	0.0767727	-0.0089282	0.9970086	0.0000000	4454.2358398	300.0000000	1.0000000	0.0462736	2.0000000
409.0000000	1279.0949707	82.5463333	404.7690125	20.9667902	32.8935487	44.6902433	0.9994021	0.0340837	-0.0058067	-0.0344756	0.9950944	-0.0927281	0.0026176	0.0928728	0.9956745	0.0000000	3882.2668457	300.0000000	1.0000000	0.0186345	2.0000000
410.0000000	1285.0571289	61.1194382	353.7465820	20.6119801	0.6542857	4.4555124	0.9997469	-0.0212667	0.0073400	0.0210453	0.9993570	0.0290295	-0.0079526	-0.0288677	0.9995516	0.0000000	4359.8022461	300.0000000	1.0000000	0.0372765	2.0000000
411.0000000	1296.5496826	384.8944397	506.5623169	21.2421833	16.9878059	14.3594751	0.9999993	-0.0008952	0.0007990	0.0005082	0.9192032	0.3937832	-0.0010870	-0.3937825	0.9192030	0.0000000	8673.7705078	300.0000000	1.0000000	0.3747444	2.0000000
412.0000000	1236.3365479	241.9362488	64.3611069	27.2991039	7.4089845	-9.3911610	0.9999888	0.0009506	-0.0046334	-0.0011558	0.9990091	-0.0444924	0.0045865	0.0444972	0.9989990	0.0000000	1113.4324951	300.0000000	1.0000000	0.0051273	2.0000000
413.0000000	1264.8105469	399.1856995	498.4503479	19.9508606	-17.2182514	15.8404375	0.9997946	0.0057351	0.0194367	-0.0037084	0.9947005	-0.1027479	-0.0199230	0.1026548	0.9945175	0.0000000	957.0488892	300.0000000	1.0000000	0.0019703	2.0000000
414.0000000	1248.0417480	56.3473434	348.2985229	46.9683921	-14.6928013	15.6898023	0.0220430	0.9997559	-0.0015134	-0.9174774	0.0208303	0.3972422	0.3971767	-0.0073679	0.9177126	0.0000000	2414.2165527	300.0000000	1.0000000	0.3910572	2.0000000
415.0000000	1274.9714355	500.7308350	392.6221008	21.8454752	-5.7236876	-31.1090228	0.9998748	-0.0158100	0.0005906	0.0154846	0.9855916	0.1684323	-0.0032450	-0.1684021	0.9857130	0.0000000	3670.0417480	300.0000000	1.0000000	0.0446971	2.0000000
416.0000000	1209.0822754	95.1082764	237.8926697	27.5527236	0.5872538	1.6933854	0.9907322	-0.1358263	0.0010095	0.1341884	0.9775789	-0.1622743	0.0210542	0.1609058	0.9867452	0.0000000	341.4889221	186.0000000	2.0000000	0.0009857	2.0000000
417.0000000	1302.1451416	436.5693054	478.0702515	42.4656085	-67.5459331	-28.7536559	0.9953871	0.0938481	0.0199263	-0.0955532	0.9511166	0.2936779	0.0086089	-0.2942272	0.9556967	0.0000000	14516.9892578	29.0000000	-2.0000000	18.1872616	2.0000000
418.0000000	1204.5989990	127.5349808	454.4606628	24.5232310	-0.9947062	2.5578338	0.9999568	-0.0077033	-0.0051992	0.0076940	0.9999688	-0.0018042	0.0052129	0.0017641	0.9999849	0.0000000	72.6005096	93.0000000	2.0000000	0.0009411	2.0000000
419.0000000	1290.4682617	519.6095581	343.7197266	23.2955874	0.6968774	0.6749157	0.9999938	0.0026710	-0.0022971	-0.0027347	0.9995993	-0.0281751	0.0022209	0.0281812	0.9996004	0.0000000	7112.5556641	133.0000000	2.0000000	0.0009881	2.0000000
420.0000000	1210.7272949	100.0263824	342.3076477	25.3732995	-0.6103864	2.4629227	0.9999474	-0.0002215	-0.0102570	0.0002013	0.9999980	-0.0019661	0.0102574	0.0019639	0.9999455	0.0000000	70.8712540	21.0000000	2.0000000	0.0009324	2.0000000
421.0000000	1257.4699707	516.6381226	354.6851501	24.7868973	2.0142646	1.6413106	0.9974845	-0.0690984	0.0158130	0.0665576	0.9897398	0.1264330	-0.0243871	-0.1250625	0.9918491	0.0000000	604.5712891	300.0000000	1.0000000	0.0525775	2.0000000
422.0000000	1201.4246826	358.5772705	450.4670105	25.5832080	-0.9006759	3.2209175	0.9999517	0.0083809	-0.0051277	-0.0083706	0.9999629	0.0020127	0.0051443	-0.0019697	0.9999848	0.0000000	77.3868103	229.0000000	2.0000000	0.0009858	2.0000000
423.0000000	1207.8442383	315.7951965	532.0419922	24.9158133	2.3715700	11.1210005	0.9322026	-0.0506591	-0.3583741	0.0858666	0.9928425	0.0830096	0.3516039	-0.1081542	0.9298803	0.0000000	3567.6171875	151.0000000	-1.0000000	2.6875584	2.0000000
424.0000000	1190.4335938	276.4313660	37.7440796	28.8554659	-0.1833213	2.2454885	0.9999324	-0.0112775	-0.0028392	0.0113044	0.9998898	0.0096249	0.0027303	-0.0096564	0.9999496	0.0000000	72.7863922	38.0000000	2.0000000	0.0009767	2.0000000
425.0000000	1244.6342773	84.5661697	184.9103546	40.1369739	-2.9623864	-0.8658049	0.0023202	0.0024737	0.9999942	-0.8031436	0.5957854	0.0003897	-0.5957810	-0.8031399	0.0033691	0.0000000	2368.2924805	300.0000000	1.0000000	0.4730539	2.0000000
426.0000000	1293.2078857	80.6746445	171.4690704	11.4497213	27.2448886	-64.9692238	0.9738720	0.0748823	-0.2143969	-0.0224593	0.9712029	0.2371929	0.2259845	-0.2261803	0.9475091	0.0000000	6928.6367188	300.0000000	1.0000000	0.7427432	2.0000000
427.0000000	1266.4285889	497.4136047	171.3508148	26.0350345	-4.4502833	-9.5233318	0.9999767	-0.0055194	-0.0040193	0.0062178	0.9793497	0.2020779	0.0028210	-0.2020981	0.9793612	0.0000000	3367.2106934	300.0000000	1.0000000	0.0128325	2.0000000
428.0000000	1249.4360352	55.0296211	213.8697815	26.9133118	-6.0418672	9.2339591	0.9997525	-0.0196274	-0.0104748	0.0211929	0.9834434	0.1799721	0.0067690	-0.1801495	0.9836159	0.0000000	69.6781311	82.0000000	2.0000000	0.0009908	2.0000000
429.0000000	1187.9090576	492.7717590	181.1283569	27.7425558	-0.6848687	2.3046356	0.9998799	-0.0151576	-0.0032383	0.0152319	0.9995882	0.0243184	0.0028683	-0.0243648	0.9996990	0.0000000	86.0876160	92.0000000	2.0000000	0.0009732	2.0000000
430.0000000	1287.9016113	60.8688011	213.2258148	33.7476082	5.6506189	-2.5286407	0.9980008	-0.0438329	-0.0455312	0.0419490	0.9982559	-0.0415378	0.0472725	0.0395447	0.9980990	0.0000000	9147.7890625	300.0000000	1.0000000	1.9185889	2.0000000
431.0000000	1208.7551270	482.0389404	228.4655457	27.7856891	-0.2751333	4.0480055	0.9999986	-0.0013173	-0.0009935	0.0013235	0.9999793	0.0063009	0.0009851	-0.0063023	0.9999797	0.0000000	90.1967392	74.0000000	2.0000000	0.0009970	2.0000000
432.0000000	161.1024170	110.3376160	418.3116455	96.0187587	-122.9140518	-21.3079001	0.9626663	0.2697730	0.0222749	-0.0507513	0.2607058	-0.9640834	-0.2658908	0.9269601	0.2646640	0.0000000	1335.0151367	300.0000000	1.0000000	0.5824093	2.0000000
433.0000000	139.3597412	293.2482300	304.8084717	97.5737724	-26.7184197	-18.8690876	0.8102219	0.5748275	0.1145157	0.5251750	-0.6252271	-0.5773060	-0.2602530	0.5278867	-0.8084578	0.0000000	10726.6054688	300.0000000	1.0000000	0.1427707	2.0000000
434.0000000	1205.3599854	220.3747406	525.6408691	4.6250745	-14.5215510	10.4122351	0.9533673	0.2762436	0.1215738	-0.2800974	0.9598465	0.0154990	-0.1124107	-0.0488287	0.9924614	0.0000000	6160.3623047	155.0000000	-1.0000000	0.6301989	2.0000000
435.0000000	139.8010559	343.6805420	370.8599854	87.7819170	-45.7713273	-44.2649915	-0.6805309	-0.0250540	-0.7322909	0.7324316	0.0047476	-0.6808240	0.0205340	-0.9996748	0.0151195	0.0000000	8930.7949219	212.0000000	-1.0000000	3.1064777	2.0000000
436.0000000	1169.2489014	177.3843994	507.7478027	25.3978443	-1.2857038	2.0292414	0.9995675	0.0154347	-0.0250326	-0.0151806	0.9998316	0.0103097	0.0251875	-0.0099253	0.9996335	0.0000000	160.9168701	38.0000000	2.0000000	0.0009658	2.0000000
437.0000000	1242.1397705	461.9208679	129.7361908	28.1923129	4.3125795	0.0098955	0.9998995	-0.0135080	0.0043137	0.0138219	0.9963910	-0.0837491	-0.0031668	0.0838003	0.9964775	0.0000000	144.5685577	104.0000000	2.0000000	0.0009807	2.0000000
438.0000000	1170.6059570	221.6663666	498.6321411	23.9475424	-1.2291847	3.6089466	0.9996289	0.0104769	-0.0251452	-0.0107005	0.9999042	-0.0087747	0.0250509	0.0090405	0.9996453	0.0000000	101.0020905	60.0000000	2.0000000	0.0009671	2.0000000
439.0000000	160.3689423	157.5916443	475.2220459	58.2504428	-33.7891369	39.0696512	0.2794693	-0.0503371	0.9588342	0.5817595	0.8033227	-0.1273911	-0.7638408	0.5934128	0.2537881	0.0000000	871.1629028	300.0000000	1.0000000	0.2436047	2.0000000
440.0000000	159.9511566	82.5024872	345.0597229	90.6582806	-87.2946758	-11.0835062	0.9889347	0.1424590	-0.0413960	-0.1460657	0.8862252	-0.4396244	-0.0259423	0.4408064	0.8972273	0.0000000	8159.5649414	300.0000000	1.0000000	0.1730967	2.0000000
441.0000000	1187.6250000	480.9554749	322.5245972	24.4686488	-48.2217027	43.9273272	0.7047376	0.6190468	0.3465919	-0.5174650	0.1142957	0.8480368	0.4853605	-0.7769926	0.4008836	0.0000000	1696.9885254	300.0000000	1.0000000	0.1945534	2.0000000
442.0000000	161.5738068	49.5610352	282.5107422	16.7481225	-40.5581033	-28.7764457	-0.8978086	-0.2142838	-0.3847365	0.1883825	-0.9765423	0.1042941	-0.3980599	0.0211586	0.9171154	0.0000000	7756.8603516	151.0000000	-1.0000000	1.1343787	2.0000000
443.0000000	1157.7906494	129.2481537	484.5155640	30.0192227	-26.0720671	-1.7309395	-0.4847707	0.5464182	-0.6829528	-0.7629501	0.1176274	0.6356657	0.4276733	0.8292110	0.3598675	0.0000000	7657.1113281	172.0000000	-1.0000000	1.1601487	2.0000000
444.0000000	1296.4870605	510.7267151	182.3495178	17.2730275	-2.5285510	-16.0470291	0.9997578	-0.0215167	-0.0046125	0.0218905	0.9938398	0.1086429	0.0022465	-0.1087175	0.9940701	0.0000000	7027.4619141	300.0000000	1.0000000	0.3899667	2.0000000
445.0000000	1287.1920166	213.0108185	59.6417274	31.5704227	11.5138421	-3.9213386	0.9982873	0.0458154	0.0363777	-0.0443574	0.9982177	-0.0399230	-0.0381419	0.0382410	0.9985403	0.0000000	7663.7104492	300.0000000	1.0000000	1.7228688	2.0000000
446.0000000	1189.0196533	467.8406067	361.8558350	27.0611839	-0.7947455	1.9351868	0.9998642	-0.0054431	0.0155556	0.0054566	0.9999848	-0.0008272	-0.0155509	0.0009119	0.9998787	0.0000000	80.9236755	115.0000000	2.0000000	0.0009903	2.0000000
447.0000000	1288.5582275	128.2504883	107.0831223	30.4329614	33.1022029	-77.3568666	0.9843823	0.0749677	-0.1592835	0.1091977	0.4496761	0.8864916	0.1380842	-0.8900400	0.4344669	0.0000000	9414.8955078	300.0000000	1.0000000	1.6221721	2.0000000
448.0000000	1300.3753662	394.9804077	73.2430801	21.3263163	4.6428106	-17.0913305	0.9999381	0.0085020	-0.0071717	-0.0055616	0.9405578	0.3395882	0.0096325	-0.3395273	0.9405469	0.0000000	9286.3867188	300.0000000	1.0000000	0.3986227	2.0000000
449.0000000	159.3177948	214.2986755	485.4383850	67.2651736	47.9510617	82.3950362	0.0307179	-0.8487038	0.5279756	-0.1434026	0.5190181	0.8426482	-0.9891876	-0.1015974	-0.1057632	0.0000000	1571.3029785	300.0000000	1.0000000	0.2873406	2.0000000
450.0000000	1161.6834717	427.5622864	366.8542175	39.8838916	-29.9475131	-37.3686475	0.9897216	0.1352247	0.0465345	-0.1247908	0.9755716	-0.1807964	-0.0698458	0.1731311	0.9824191	0.0000000	932.3793335	300.0000000	1.0000000	0.0433712	2.0000000
451.0000000	1187.8859863	484.2503662	264.3935852	24.8126650	17.2858339	9.6365759	0.7513031	0.0863091	0.6542892	-0.6553848	-0.0189280	0.7550579	0.0775527	-0.9960886	0.0423450	0.0000000	323.4563293	300.0000000	1.0000000	0.0081721	2.0000000
452.0000000	1154.0794678	109.3287811	421.8906250	25.3206084	-1.4342364	-11.6003782	0.4041034	0.2450164	-0.8812873	-0.1122082	0.9694592	0.2180783	0.9078049	0.0107615	0.4192546	0.0000000	1058.4182129	300.0000000	1.0000000	0.0273991	2.0000000
453.0000000	155.5378113	302.3011475	501.9574890	84.0071492	-24.0648988	84.6728398	0.5956258	0.7270378	0.3415348	0.3213591	0.1739974	-0.9308347	-0.7361781	0.6641845	-0.1300029	0.0000000	1284.1687012	300.0000000	1.0000000	0.1017187	2.0000000
454.0000000	1298.3651123	155.1356354	77.4419327	2.0208440	47.8864665	-0.4609546	0.9980792	0.0221803	0.0578436	-0.0206900	0.9994416	-0.0262363	-0.0583932	0.0249891	0.9979808	0.0000000	4826.4877930	300.0000000	1.0000000	0.1932970	2.0000000
455.0000000	1288.1101074	184.0919647	68.7449570	31.2043422	8.5003778	41.3215230	0.9994288	-0.0323340	-0.0098295	0.0320555	0.9991137	-0.0272828	0.0107029	0.0269521	0.9995794	0.0000000	9898.6347656	300.0000000	1.0000000	1.5107685	2.0000000
456.0000000	1221.1363525	311.3355408	120.5420380	27.5881043	-0.4912993	2.8280661	0.9999981	-0.0019672	0.0001228	0.0019650	0.9998738	0.0157664	-0.0001538	-0.0157661	0.9998757	0.0000000	97.6478271	62.0000000	2.0000000	0.0009932	2.0000000
457.0000000	1295.1575928	447.9155579	105.3343658	20.8779329	7.5724913	-4.6116774	0.9998312	0.0068642	-0.0170451	-0.0099696	0.9818508	-0.1893928	0.0154357	0.1895307	0.9817534	0.0000000	7626.9658203	300.0000000	1.0000000	0.3603323	2.0000000
458.0000000	1286.6555176	351.0425415	52.8883553	30.4485506	-1.6618637	9.1414622	0.9749037	0.0750102	-0.2096098	-0.0773145	0.9970028	-0.0028089	0.2087709	0.0189443	0.9777811	0.0000000	7426.2382812	300.0000000	1.0000000	3.0340178	2.0000000
459.0000000	160.2665863	255.0703125	530.8204346	67.6803470	32.8967093	38.2728472	0.0011328	-0.7557333	0.6548786	0.0015369	0.6548795	0.7557317	-0.9999982	0.0001504	0.0019033	0.0000000	1196.1777344	110.0000000	2.0000000	0.0009884	2.0000000
460.0000000	1218.0461426	324.9379272	155.7430878	26.5740398	0.2398554	3.8250498	0.9999626	-0.0052323	-0.0068919	0.0050560	0.9996658	-0.0253505	0.0070222	0.0253147	0.9996549	0.0000000	112.7336502	142.0000000	2.0000000	0.0009616	2.0000000
461.0000000	1163.3624268	427.7970886	269.7245178	29.1236752	1.4512571	2.1638174	0.9993080	-0.0285860	-0.0237996	0.0281679	0.9994462	-0.0177174	0.0242929	0.0170348	0.9995597	0.0000000	347.5778503	300.0000000	1.0000000	0.4833229	2.0000000
462.0000000	157.4250641	90.9177628	226.1656342	101.4394105	-41.4187333	87.3167502	0.1985086	0.7815767	-0.5913816	0.8652680	-0.4231526	-0.2687995	-0.4603321	-0.4583446	-0.7602727	0.0000000	11315.2148438	151.0000000	-1.0000000	14.8566084	2.0000000
463.0000000	155.7414093	382.6252136	493.3710022	20.4938970	1.9647088	19.6179510	0.8895632	-0.0762729	0.4503996	0.1405073	0.9838491	-0.1108995	-0.4346666	0.1619365	0.8859128	0.0000000	943.4619751	300.0000000	1.0000000	0.0040752	2.0000000
464.0000000	154.2297821	431.6390991	450.0442810	40.7294799	-22.2722577	49.2803334	0.6834986	0.1481239	0.7147650	-0.0740849	0.9882152	-0.1339481	-0.7261825	0.0386001	0.6864175	0.0000000	1163.5272217	300.0000000	1.0000000	0.0114018	2.0000000
465.0000000	1216.0018311	320.7590637	224.5370331	26.5226303	3.1451483	-3.8008610	0.9990208	0.0423959	-0.0126535	-0.0431915	0.9965294	-0.0711594	0.0095928	0.0716362	0.9973847	0.0000000	73.8957901	128.0000000	2.0000000	0.0009569	2.0000000
466.0000000	156.9254303	111.9518814	177.6726227	88.8025837	-19.0240603	77.4661477	-0.6965320	0.0377758	-0.7165306	-0.0693019	-0.9974862	0.0147798	-0.7141711	0.0599515	0.6973990	0.0000000	24698.0917969	179.0000000	-1.0000000	3.7334332	2.0000000
467.0000000	156.3096924	482.3887634	401.0418396	25.4433743	39.4835054	3.1803505	0.9677896	-0.0024699	-0.2517484	-0.0723058	0.9550975	-0.2873337	0.2411539	0.2962814	0.9241548	0.0000000	3712.5385742	300.0000000	1.0000000	0.5841275	2.0000000
468.0000000	160.1011047	521.0511475	359.9520569	25.6644050	20.8436719	0.1539446	0.9861683	-0.0806321	-0.1448120	0.0491046	0.9766017	-0.2093747	0.1583060	0.1993678	0.9670531	0.0000000	684.6888428	126.0000000	2.0000000	0.0009831	2.0000000
469.0000000	1220.6331787	468.2037964	376.1352539	23.0265066	-22.5210998	-32.7165101	0.9848398	0.0259171	0.1715194	0.1734551	-0.1583831	-0.9720227	0.0019738	0.9870375	-0.1604775	0.0000000	891.7208252	300.0000000	1.0000000	0.1461302	2.0000000
470.0000000	157.6395111	123.4627075	135.7666931	31.8336228	-60.2008401	4.0886910	0.6495779	0.0671565	0.7573233	0.3412258	0.8643846	-0.3693295	-0.6794215	0.4983265	0.5385696	0.0000000	12697.5488281	300.0000000	1.0000000	0.0228167	2.0000000
471.0000000	152.8521118	490.9958191	356.8569641	16.4462143	-38.1706100	47.4974098	-0.7727592	-0.4389846	0.4584057	-0.5840137	0.7746088	-0.2427121	-0.2485382	-0.4552732	-0.8549591	0.0000000	25098.1093750	152.0000000	-1.0000000	0.7004918	2.0000000
472.0000000	157.0971832	169.5349121	101.4569397	75.9923443	92.0754041	124.4068456	0.9551469	-0.2956118	0.0175525	0.2224354	0.7553116	0.6164632	-0.1954914	-0.5849086	0.7871881	0.0000000	32426.3632812	300.0000000	1.0000000	0.4941323	2.0000000
473.0000000	153.6777039	485.6105957	298.4253235	127.4688453	-80.5117995	-61.0476713	-0.9514852	-0.2993960	0.0709781	0.2848678	-0.7699498	0.5709883	-0.1163021	0.5635063	0.8178841	0.0000000	1781.4095459	61.0000000	-2.0000000	8.3075762	2.0000000
474.0000000	159.2866974	530.9736938	289.6128235	32.7749243	19.2596364	-5.6319068	0.9863383	-0.1172202	0.1157415	0.1110605	0.9921005	0.0583283	-0.1216645	-0.0446772	0.9915653	0.0000000	678.0751343	300.0000000	1.0000000	0.0118929	2.0000000
475.0000000	154.0057068	488.7175903	230.2129517	89.0131940	-123.5660681	2.2189359	0.6104920	-0.4910303	0.6214409	0.0455760	0.8051048	0.5913790	-0.7907100	-0.3327093	0.5138893	0.0000000	92915.7187500	300.0000000	1.0000000	0.8142348	2.0000000
476.0000000	159.1841888	265.8619995	65.2599030	100.7787513	83.7567145	79.7067057	0.5849442	0.0851285	0.8065937	-0.1464249	-0.9670528	0.2082512	0.7977469	-0.2399208	-0.5532070	0.0000000	6596.6679688	240.0000000	-1.0000000	4.0622921	2.0000000
477.0000000	156.7784271	439.6175232	122.7459335	50.0639006	-11.3043536	-92.2713641	0.7609553	0.4404551	-0.4763888	-0.6475065	0.4691392	-0.6005363	-0.0410166	0.7654461	0.6421915	0.0000000	3352.9536133	182.0000000	-1.0000000	1.0091773	2.0000000
478.0000000	155.5040131	490.2400208	183.1063995	21.3707135	74.1522435	6.9376875	0.0285404	-0.5822112	-0.8125365	0.9432740	-0.2533084	0.2146370	-0.3307864	-0.7725704	0.5419551	0.0000000	840.9943848	300.0000000	1.0000000	0.0205289	2.0000000
479.0000000	156.1144562	223.4819031	97.5468140	94.1062973	37.3689947	124.8266619	-0.5555898	0.8173418	-0.1525529	-0.6813297	-0.3423823	0.6469654	0.4765605	0.4633862	0.7471033	0.0000000	46315.0664062	161.0000000	-1.0000000	1.0371122	2.0000000
480.0000000	155.5089722	375.3865356	94.8100052	117.0972672	-82.5487695	87.0211849	0.5501794	0.7105531	-0.4386536	-0.6125843	0.7004268	0.3662552	0.5674885	0.0672063	0.8206340	0.0000000	1313.4155273	170.0000000	-2.0000000	5.9790764	2.0000000
481.0000000	161.1584473	316.0872192	48.8628464	62.8507230	-16.1879560	-14.2934190	0.9973322	-0.0719600	0.0122592	0.0725043	0.9960087	-0.0520557	-0.0084643	0.0528057	0.9985689	0.0000000	92264.2578125	152.0000000	-1.0000000	1.9503825	2.0000000
482.0000000	162.7407074	321.3518982	75.4677277	95.8339493	-12.6114050	69.2468064	0.0017587	0.0900910	0.9959320	-0.0087065	-0.9958944	0.0901030	0.9999606	-0.0088295	-0.0009671	0.0000000	71482.3593750	177.0000000	-1.0000000	1.1855451	2.0000000
