bead_id,voxels,volume_mm3,r_eq_vox,cz,cy,cx,r_fit_vox,fill,roughness,sphericity,radius_ok,shape_ok,scan,on_boundary
1,238464,3.622360212971812,38.469045005996286,39.79122215512614,40.67384594739667,41.74588617149758,38.02979099512304,1.0350525494185232,0.0139476484892788,0.9901659008046468,True,True,1,False
2,234360,3.560018868726826,38.24708080178451,39.85952380952381,40.59746543778802,40.85682283666154,37.81972002521926,1.034284345799073,0.0136036008176961,0.987377629639194,True,True,1,False
3,234460,3.5615379073292868,38.25251996121985,40.70316045380875,40.96694958628338,42.24199863516165,37.806660876470914,1.0357982816320284,0.0157140318206187,0.982644977648348,True,True,1,False
4,226731,3.444131413745102,37.827481835382166,39.54608324402045,40.33115453996145,40.210800463985954,37.398515401047646,1.0348066400142046,0.0122962267115569,0.9871673010130602,True,True,1,False
5,222649,3.382124257992657,37.59909397495719,39.347897363114136,39.31754914686345,39.471845820102494,37.163756132980666,1.0355553931767054,0.0117471808267129,0.9944506981025014,True,True,1,False
6,226661,3.443068086723379,37.82358853410111,39.77862534798664,39.69866893731167,38.538178160336365,37.40478089245194,1.0339673995124672,0.0162415035720304,0.9839006325560844,True,True,1,True
7,235323,3.5746472104685223,38.29939576652454,40.449412084666605,41.00513761935722,41.78835472945696,37.86250577740745,1.0350175388950371,0.0157396695338248,0.9856724814327243,True,True,1,False
8,224937,3.416879861216957,37.72744805110875,40.31891151744711,39.84573458346114,39.93348359762956,37.284167758376526,1.0360934522987713,0.0145098816251095,0.982836320096389,True,True,1,True
9,228985,3.478370543844565,37.95242012819042,39.80600039303884,40.17696792366312,38.01809288818045,37.54027175889112,1.0332994262353987,0.0195553832894616,0.979910741359464,True,True,1,True
10,234414,3.5608391495721547,38.25001814000371,39.94395812536794,41.81315109165835,40.614378834028685,37.82107543760985,1.034411440065765,0.0177596007293526,0.9668552248711186,True,True,1,True
11,218464,3.318552492479678,37.36202648420899,39.86411948879449,40.79806741614179,40.467152482788926,36.917546954000215,1.036555986338226,0.0143462817278753,0.9806911630805888,True,True,1,False
12,222625,3.3817596887280663,37.59774295357272,39.24196743402583,40.6317888826502,39.71647838293094,37.14894658742321,1.0366826101493345,0.0151510058560988,0.9854983087226906,True,True,1,False
13,218532,3.319585438729351,37.36590256790465,38.63024637124082,39.3476195705892,39.67591931616423,36.91891791820925,1.0367631214974682,0.0151924988485166,0.9872761091744728,True,True,1,True
14,219719,3.3376164269405595,37.433433887750766,39.6620092026634,39.51180371292424,39.94583081117245,36.98936094573333,1.036450391330356,0.0150377076918978,0.9838784617579696,True,True,1,True
15,224092,3.4040439850261643,37.68014636670188,39.220944969030576,38.22327883190832,40.224711279296,37.24318745731742,1.0356123345489443,0.0150554509154486,0.9900898426639216,True,True,1,True
16,220500,3.3494801184257774,37.47773432074183,39.68679818594104,40.43944671201814,39.44091609977324,37.02963698024925,1.0367442159659537,0.0154351297250078,0.9824545697643908,True,True,1,True
17,214803,3.2629404892435927,37.152146542045095,39.06553446646462,39.21964311485407,39.985735767191336,36.69791976533051,1.037593859239004,0.0156365084658264,0.9851265886363362,True,True,1,False
18,211737,3.2163667656921486,36.97453452940727,39.62690507563629,40.15077194821878,39.634716653206574,36.53526621602416,1.036504799861156,0.0136800365465963,0.9873870370288962,True,True,1,False
19,212185,3.2231720586311727,37.00059346501977,39.5969696255626,38.656648679218605,39.44473926055093,36.55476169934428,1.0370368730557542,0.0145973050541918,0.9788173331430192,True,True,1,False
20,221173,3.3597032482203377,37.51582486891948,40.13005204071021,39.216133976570376,41.59452555239564,37.08702254061834,1.0350887650590996,0.0163488323099833,0.9761358276372316,True,True,1,True
21,219198,3.329702235821739,37.40382295364701,40.23772114709076,39.380528107008274,36.62746922873384,36.97476327805468,1.0352178964652767,0.0173139143551264,0.9734751024598964,True,True,1,True
22,212143,3.222534062418139,36.99815199889097,39.726726783348965,38.77452001715824,38.991920544161246,36.58900365365288,1.0339233568136978,0.0155707897950491,0.9840827039389072,True,True,1,False
23,210943,3.204305599188611,36.92825927024467,38.623144640969365,39.503657386118526,37.01716103402341,36.49638503946904,1.0359217690381273,0.0152289968834168,0.982564393222324,True,True,1,True
24,223364,3.392985384000251,37.6392987012217,39.8498146523164,40.61226518149746,39.97878798732114,37.19412630699796,1.0363381465718242,0.0152284130437515,0.9855180515934662,True,True,1,False
25,212743,3.231648294032903,37.03299955578703,38.33726609101122,39.23629919668332,39.75309175860075,36.59240312083695,1.036558637144487,0.0149897411347113,0.9798538207915136,True,True,1,False
26,224587,3.411563226108345,37.707870033715466,39.864266409008536,40.08780116391421,40.23379803817674,37.26703400919011,1.0359087835750886,0.0157417724318282,0.990284609536756,True,True,1,False
27,215118,3.267725460841344,37.170298383798624,38.45468068687883,40.03812791119292,38.92597086250337,36.72376133828923,1.0369233953002202,0.0150730235696469,0.9839772513780908,True,True,1,False
28,207646,3.1542228964654826,36.73485416444828,39.00665555801701,38.20033133313428,38.6738824730551,36.29708789850501,1.036620064626118,0.013845907628396,0.986459773323044,True,True,1,False
29,214932,3.264900049040768,37.159582297628006,39.61658105819515,38.93770587906873,39.88591740643552,36.71314996007902,1.0369254311804423,0.0163187566105938,0.9817933231121898,True,True,1,False
30,211242,3.2088475246099684,36.94569895252556,38.91671163878395,40.915774325181545,38.70859488169966,36.50350690726085,1.0367830618233134,0.0149198732000993,0.9779703000064368,True,True,1,True
31,226951,3.447473298670515,37.83971271072362,40.27635040162855,39.937268397142994,40.149455168736864,37.39370997129859,1.036210110625993,0.0158568962398962,0.9838399940156612,True,True,1,False
32,218528,3.3195246771852527,37.36567458524123,39.79407673158588,40.47907819592913,39.87798817542832,36.92190639467431,1.0364924213314486,0.0187983971443347,0.9725535115548896,True,True,1,True
33,209859,3.1878392207379376,36.86489460303017,38.49185881949309,39.09280516918503,39.45165563545047,36.44098050362741,1.035306231909455,0.0138477116477868,0.9874829712852968,True,True,1,True
34,213352,3.2408992391218887,37.06830288837944,39.499967190370846,39.359073268589,39.25504799580037,36.62005714175064,1.03717265035997,0.0254250785567841,0.9823430969337744,True,True,1,False
35,217668,3.306460945204091,37.31659357227989,39.19891761765625,39.11493650881158,38.29720951173346,36.87656550003664,1.0362262239166042,0.015734726511658,0.9797991342258237,True,True,1,False
36,216104,3.2827031814616063,37.227002240939015,39.43779384000296,40.60830896235146,40.539393070003335,36.81327081264072,1.0340962881410978,0.0159878976701749,0.9859830388799764,True,True,1,False
37,204214,3.1020894916290325,36.53134264676992,38.43034267973792,43.9114409394067,38.90942834477558,36.06845061609986,1.038997355702055,0.0330970676976958,0.9759104439748888,True,True,1,True
38,205976,3.1288549518043896,36.6361085307293,38.18334174855323,37.98772672544374,39.166155280226825,36.21274047275222,1.0354850526168602,0.0128070252880634,0.9867641839591472,True,True,1,True
39,208504,3.167256247674595,36.78538117103105,38.68606357671796,38.9455550013429,38.57948048958293,36.371603740019225,1.0345188991456344,0.0156750228873689,0.9781358286588314,True,True,1,True
40,210301,3.1945533713608136,36.8907577734414,38.38979367668247,39.4779482741404,39.11050827147755,36.457468398497824,1.0360797950145446,0.0139872838326023,0.9846767117507684,True,True,1,False
41,209617,3.1841631473199827,36.85071883754194,38.94921690511743,38.30686919476951,39.55154400644986,36.425379703741726,1.0354416470657437,0.0149411523269082,0.9850214454510268,True,True,1,True
42,216714,3.2919693169366164,37.26199640778509,39.88564652029864,40.22879924693375,39.28393643234863,36.83078926137883,1.0355361918709591,0.0156994060965268,0.979991041042985,True,True,1,True
43,204597,3.1079074094764567,36.55416636174651,38.26939788950962,38.62361129439826,36.9642907765021,36.13714712961948,1.0350207589040656,0.0159315804542794,0.9803591937444366,True,True,1,True
44,206477,3.1364653352027174,36.66578808715585,38.55399390731171,39.60635324999879,38.68066176862314,36.24568786564728,1.035175616757298,0.0141047583999416,0.9883708900145728,True,True,1,True
45,204126,3.1007527376588677,36.52609452464983,38.64317137454317,37.5050605998256,38.87020761686409,36.093800392691705,1.0363629517082928,0.0154688200013627,0.9844326008805016,True,True,1,True
46,210516,3.197819304356104,36.90332517531369,39.88123943073211,38.98552129054324,38.90759372209238,36.47918224222823,1.0352880895406291,0.0136034013569029,0.9921581791936652,True,True,1,False
47,211624,3.214650252071368,36.96795582424679,39.69633878955128,39.65958492420519,37.91643669905115,36.54833273353208,1.0348409345221463,0.018463992011534,0.9679368796658144,True,True,1,True
48,215034,3.266449468415277,37.16545962622503,39.4858813024917,39.06747770120074,39.40165276188882,36.73551724546857,1.0355237087756717,0.0171118044589643,0.981820362412238,True,True,1,False
49,209376,3.1805022642880525,36.83659080249594,38.30876509246523,39.1778570609812,39.44663189668348,36.43182504576545,1.033702356307664,0.0142331524300856,0.9888375450340284,True,True,1,True
50,208496,3.1671347245863983,36.78491069754183,38.88622323689663,38.82465371038293,39.42051646074745,36.36080802657538,1.035400906546349,0.0146766077435631,0.9918692186460644,True,True,1,False
51,213525,3.2435271759041457,37.07831933048345,34.18168364360145,38.83758810443742,40.48558716777895,36.769799246364144,1.025383547987828,0.0245428508213015,0.9601797822604904,True,True,1,True
52,199528,3.0309073427177258,36.24975536332333,38.89004049556954,38.50989836012991,39.24531394090052,35.80971508473881,1.0373197416264364,0.0150534699401662,0.9783836751745494,True,True,1,True
53,231215,3.512245104679438,38.07522385530623,44.2978137231581,49.45812771662738,46.42647319594317,41.82535695379416,0.7544117219888322,0.2732261016224778,0.6710941895054185,True,False,1,True
54,212581,3.2291874514969168,37.02359717925622,38.686387776894456,40.87128200544733,39.95837821818507,36.60360056671829,1.0348190471504402,0.0170017573905398,0.9838415572788664,True,True,1,True
55,204938,3.113087331110848,36.57446325767553,38.33952219695713,39.61430774185364,39.387263465047965,36.135075983103874,1.0369240978375294,0.0148690549786191,0.9870797363292666,True,True,1,False
56,197723,3.0034886959433105,36.140114762562334,38.32374584646197,39.00764706179858,38.23213283229568,35.70086738168693,1.0373666422677223,0.0163052333340444,0.985156025873512,True,True,1,True
57,219777,3.3384974693299867,37.43672740985917,40.375926507323335,41.22423183499638,41.3208889010224,36.98092260341275,1.0374338307620985,0.0171701259848767,0.9819624157387348,True,True,1,False
58,198170,3.010278798496309,36.16732871468511,38.64895796538325,37.89370237674724,38.363147802391886,35.75015957554392,1.035417130865275,0.012931740753598,0.9911152923363814,True,True,1,True
59,197945,3.0068609616407733,36.15363553760913,38.32580767384879,38.33677536689484,38.332991487534414,35.73441646044469,1.035609065069328,0.0142789362938387,0.984959722765,True,True,1,True
60,203079,3.084848403491104,36.46353774965553,39.04621846670508,38.851323869036186,38.36010124138882,36.03140624538042,1.0364128051523451,0.0178902055656154,0.9671846887952352,True,True,1,True
61,201055,3.0541030621773,36.34199432422642,39.12748252965606,38.20821168337022,37.8940439183308,35.90547514136021,1.0369175717334382,0.0155432985566858,0.9876662346346142,True,True,1,True
62,205786,3.1259687784597143,36.6248402243277,38.786720185046605,38.49627768652872,39.034613627749216,36.18772446181605,1.036676829012236,0.0151479462177037,0.9860771531293752,True,True,1,False
63,210533,3.1980775409185225,36.90431851175298,40.16664845891143,39.274664779393255,38.91637415512057,36.470794356000255,1.0360862301626927,0.0167723206645733,0.9774565995890854,True,True,1,False
64,203163,3.086124395917171,36.46856455360579,38.87481972603279,39.73467609751776,39.17503679311686,36.043365837356674,1.0358097343955228,0.0150762730979732,0.9840719471650426,True,True,1,False
65,199691,3.0333833756397364,36.25962382264942,38.19899745106189,38.4097981381234,38.04363241207666,35.83130346317908,1.036291798764671,0.0142858122791843,0.9968546849147348,True,True,1,True
66,195159,2.964540546176219,35.98321730809904,38.165321609559385,38.067468064501256,38.75371876264994,35.5498203668899,1.0370214584171549,0.0149877287289976,0.9735439627767248,True,True,1,True
67,198052,3.008486332945406,36.16014869728839,38.09209197584473,39.09469230303153,37.668627431179694,35.72355786974092,1.0371140218443082,0.0143942637108275,0.9948660829126228,True,True,1,False
68,200685,3.0484826193481958,36.31968733548496,38.73185838503127,38.787687171437824,37.87874529735655,35.90079453473782,1.0354142144627017,0.0145471536505774,0.9799547068145492,True,True,1,True
69,197704,3.003200078608843,36.1389571090498,37.83447982843038,38.09871322785578,38.925772872577184,35.68644678827853,1.0385249183162686,0.0161022543658634,0.9721822526157742,True,True,1,False
70,201473,3.060452643535585,36.36716229364056,39.27222506241531,38.25678378740576,39.31748671037806,35.91965359740183,1.0378433924802295,0.0159027766898099,0.9825940552382462,True,True,1,False
71,194126,2.9488488774128,35.91961713261117,37.87494204794824,37.25887825432966,38.44314002245964,35.472819175164844,1.0382644436029156,0.0141256623997524,0.9789085123168488,True,True,1,True
72,199827,3.035449268139083,36.26785352048308,37.533716664915154,37.36739779909622,38.09310553628889,35.82649163044656,1.037415459123985,0.0157610064510276,0.9871139981173276,True,True,1,True
73,193572,2.940433403555168,35.885415243508945,37.44474924059265,38.77046783625731,38.33074514909181,35.45426330605102,1.036927830359816,0.0134109485592095,0.9932046138065156,True,True,1,False
74,204273,3.1029857244044843,36.53486042988025,39.30322656445051,39.30725059112071,38.87352709364429,36.11352738920266,1.035410648606109,0.0162035925455152,0.9883698118779874,True,True,1,False
75,200688,3.0485281905062696,36.319868313168186,38.85931395997768,38.778242844614525,39.79883700071753,35.891795741677804,1.0362086969158966,0.015444230031262,0.9902785730417988,True,True,1,False
76,201108,3.054908152636604,36.34518740816804,38.35488891540864,38.983630685999564,38.963169043499015,35.9301907298126,1.035052002504787,0.0149555232954841,0.9878858258335655,True,True,1,True
77,213377,3.241278998772504,37.06975068572565,39.13909184213856,39.82474212309668,40.52498629186838,36.63045064068492,1.0364114704836664,0.0167765753993664,0.9824109941506476,True,True,1,False
78,198405,3.013848539212092,36.18161941596451,38.1154406390968,38.95606965550263,38.3811295078249,35.72925607151543,1.038465521901451,0.0153623576389213,0.9859289880754168,True,True,1,False
79,198323,3.0126029275580746,36.17663415581315,38.24892725503346,38.11264452433656,38.92488011980456,35.75126854926083,1.0361201149034918,0.0159756040833482,0.9813192008690144,True,True,1,False
80,198190,3.010582606216802,36.16854538428099,37.61604016347949,38.86984711640345,38.508643221151424,35.73898774339162,1.0364930292612204,0.0155668982952387,0.987080058343706,True,True,1,True
81,196964,2.991959192950634,36.09381173401473,38.35755772628501,38.85112507869459,39.75628033549278,35.66699302940365,1.0363316346469351,0.0160950012839632,0.988354275469733,True,True,1,False
82,201087,3.0545891545300874,36.34392229107731,37.98540930045204,39.73715854331707,37.62711662116397,35.914768219811506,1.036277769445049,0.017638060092571,0.9782322285553312,True,True,1,True
83,196104,2.9788954609694724,36.04120319399272,38.23859788683556,37.91897156610778,37.88457145188267,35.63065492851771,1.0349668207420162,0.01369960418053,0.9899772939418204,True,True,1,False
84,190163,2.888649377597284,35.673506791197624,37.5578161892692,37.96433060059002,37.90128468734717,35.23026901498732,1.0382203390812772,0.0142081072730688,0.9847738616434188,True,True,1,True
85,194935,2.961137899706707,35.96944507375879,38.69556005848104,38.7138020365763,37.95430271629005,35.5257071442984,1.0379418400246696,0.0160635918099392,0.9840731040793108,True,True,1,False
86,200204,3.04117604367036,36.29064722228676,38.88189047171885,38.82542306847016,38.32335018281353,35.87637993636323,1.035042772537968,0.0148084179935599,0.9900406532678048,True,True,1,True
87,198403,3.013818158440043,36.18149784059765,38.00026713305746,38.76858212829443,38.2958977434817,35.744346399569494,1.0371403832587762,0.0156159495759849,0.986337506818681,True,True,1,True
88,197985,3.0074685770817573,36.1560706383052,38.226108038487766,38.50901330908907,39.107179836856325,35.73141567911231,1.0360793281029903,0.0160721226912213,0.9883599595125462,True,True,1,True
89,195400,2.968201429208149,35.99802299334317,38.42029170931423,38.10636642784033,39.52916069600819,35.5667235433142,1.0368224026812147,0.0153580234761422,0.994087780267712,True,True,1,False
90,201747,3.064614809306328,36.38364107515797,38.34646859680689,38.692644748125126,39.2526481186833,35.96695267443567,1.0351601520935685,0.0177291168159521,0.9820053807663784,True,True,1,True
91,194058,2.947815931163127,35.91542257303428,38.46979253625205,38.28188479732864,36.46832905626153,35.46629470213645,1.0384736623247506,0.0201549699709223,0.9763575606515916,True,True,1,True
92,196818,2.9897413965910413,36.08489132367293,38.56346472375494,38.52806145779349,37.97034824050646,35.649049747270894,1.0371279331806358,0.0155570420120292,0.9822385079187091,True,True,1,False
93,195288,2.966500105973393,35.991143858002715,38.327992503379626,37.81193416902216,38.30384355413543,35.555270525030345,1.037229801502637,0.015391995202155,0.9916105353656994,True,True,1,False
94,193750,2.943137292267548,35.89641140513762,37.4013935483871,37.67229935483871,38.35510709677419,35.47859980683258,1.0357470065153964,0.0154196157438604,0.9910013177923384,True,True,1,True
95,193494,2.939248553445249,35.88059457654834,38.72121099362254,37.85243986893651,38.28158495870673,35.452560404486455,1.0366593674141242,0.0144241330177172,0.9882133612545332,True,True,1,True
96,198569,3.016339762520128,36.19158581700373,38.25219445129905,37.29891876375466,38.74103208456506,35.76264928807279,1.0364152345283906,0.0178350950810816,0.9770803576786196,True,True,1,False
97,192623,2.9260177272178165,35.8266755774945,38.82267434314698,38.33323123406862,37.42030806290007,35.40486043444723,1.0361696632348556,0.0138097063236599,0.9919228973873252,True,True,1,True
98,193665,2.9418461094554567,35.89116126961165,37.94929904732399,37.908687682338055,39.94686701262489,35.44667140234608,1.0380927382398288,0.0152978172017291,0.9908403039840298,True,True,1,False
99,195328,2.967107721414377,35.9936009939137,39.28605729849279,37.79339367627785,38.68135136795544,35.578904848117915,1.0353761722428698,0.0160693181625163,0.983964606773717,True,True,1,False
100,189467,2.8780768689241576,35.62993169385695,37.96003525679934,38.100809111877005,38.56687444251506,35.19134937140958,1.0378562626207148,0.0145997091060416,0.9939122592996232,True,True,1,True
101,190037,2.8867353889581837,35.665626087151345,37.99862132111115,37.99075443203166,37.935454674616,35.23190066923986,1.037388281784004,0.014582717279958,0.991064485456945,True,True,1,True
102,197776,3.0042937864026147,36.14334361464908,38.28269860852682,38.06958882776475,39.54751840465982,35.731486472439826,1.0349794542431672,0.0167440594516565,0.98270780446275,True,True,1,True
103,192402,2.9226606519063782,35.81296879399418,37.1353416284654,39.6334393613372,38.31439382127005,35.35409613016815,1.039445581519236,0.0171543539533039,0.976831026073341,True,True,1,True
104,192641,2.9262911541662597,35.82779150528109,38.63749669073562,38.06272288868932,48.85940168499956,35.36151904083852,1.0400815103082452,0.0306564720833886,0.9831737013679518,True,True,1,True
105,204978,3.113694946551832,36.57684264942452,38.652430992594326,39.080940393603214,39.24613860999717,36.14827789141744,1.0359905769133655,0.0170606918563693,0.9922776011161504,True,True,1,False
106,194165,2.94944130246776,35.92202239391426,38.910225838848405,38.54335745371205,37.98445136868128,35.49021586563834,1.0369466552414577,0.0154539172442767,0.9935936043757936,True,True,1,False
107,188068,2.8568255188757328,35.54201934611102,37.66553055277878,37.54834953314759,37.36190633175234,35.12562107993165,1.0359868925459226,0.0138092072889582,0.9877055683345902,True,True,1,False
108,193932,2.9459019425240265,35.90764771016112,37.62907101458243,39.24119794567168,37.7388259802405,35.47546459376016,1.0369948311839778,0.0153143068956693,0.9908288103454096,True,True,1,True
109,188873,2.869053779625541,35.592658122246405,38.67156237259957,37.58847479523278,37.62868700131835,35.16415544298465,1.0370046307073255,0.0149376873599942,0.97890692483911,True,True,1,True
110,192310,2.921263136392114,35.8072597084671,38.47557069315168,37.83356559721283,39.09012011855858,35.371281581848805,1.0374349429541432,0.0150002124262591,0.9962520167451492,True,True,1,False
111,203731,3.0947525351791474,36.50251901463472,37.347173478753845,38.93198874987115,39.32546347880293,36.16186591777415,1.0285277483849236,0.0263573206289064,0.9549640854446856,True,True,1,True
112,196500,2.9849108538352165,36.065446657252224,37.98833078880407,37.73481933842239,38.876111959287535,35.6361468947716,1.0365773716830289,0.0164055245876175,0.981523965621389,True,True,1,False
113,191406,2.90753102742587,35.751064647882906,37.45593659550902,38.32300450351609,36.838719789348296,35.30658025914875,1.0382453020517597,0.015816501276435,0.9857106680967912,True,True,1,False
114,191535,2.9094905872230443,35.75909444083849,37.80885477850001,38.86143002584384,37.49567964079672,35.333982449680576,1.0365297457527607,0.0151281687794061,0.9868508901111078,True,True,1,True
115,198901,3.021382970680297,36.211744915612826,38.68223890277073,38.22745486448032,38.79263553224971,35.80848331507534,1.034166766382863,0.0171402527101202,0.9767701400000104,True,True,1,True
116,191467,2.908457640973371,35.754862131266286,38.30479926044697,38.44576349971536,38.18476290953532,35.32355942036186,1.0370792510324542,0.0153505976666203,0.9806172170491396,True,True,1,True
117,198499,3.0152764354984054,36.18733253685068,38.67189759142364,39.434803198001,38.735877762608375,35.789403602561535,1.033728118992278,0.0170328718459917,0.987544010009274,True,True,1,False
118,193396,2.937759895614837,35.874536004404135,37.97076981943784,39.51048108544127,37.64986349252311,35.45524461317831,1.035899014768189,0.0178957081420538,0.9868528181576576,True,True,1,True
119,217245,3.3000354119156823,37.292405121338255,38.434449584570416,39.27200165711524,38.89109070404382,36.90947189830666,1.0314488272327351,0.032436820276496,0.9542703504809082,True,True,1,True
120,189551,2.8793528613502244,35.63519641378069,37.753375081112736,38.89205543626781,37.65172433804095,35.2167851202311,1.0360682099819822,0.0137522084706598,0.9910222320637698,True,True,1,True
121,189483,2.878319915100551,35.630934617603785,37.80935492893822,38.04277428581984,38.39502224473964,35.19343207365118,1.037759645239244,0.0143303927008653,0.9937125323427092,True,True,1,True
122,200630,3.0476471481168423,36.31636909160694,38.71223147086677,38.34551662263869,38.19515526092808,35.92751796705538,1.0328223279813613,0.019005213343235,0.9847601982737506,True,True,1,True
123,191420,2.9077436928302145,35.7519362727754,37.86209904921116,38.43123498067077,38.51105422630864,35.32992119297582,1.0362646813513976,0.0148965365690171,0.9840388331450431,True,True,1,False
124,187859,2.85365072819659,35.52884851529956,38.10407273540262,37.111684827450375,38.3771232679829,35.09417997205668,1.0376194408796011,0.0153227245364298,0.9888463592961624,True,True,1,True
125,192748,2.9279165254708923,35.83442364163843,37.807878680972046,38.14439579139602,38.44927055014838,35.41515534857339,1.035938127735197,0.0146673276703895,0.989265445784402,True,True,1,True
126,193260,2.935694003115491,35.86612479803742,37.84244541032805,38.67810203870434,38.00604367173756,35.435056736834454,1.0369408136331677,0.0163922030955549,0.9922270627972954,True,True,1,True
127,188978,2.870648770158125,35.59925256537631,37.32364084708273,38.42266824709755,38.213617458116815,35.18877450302348,1.0354048918909693,0.0150811853025724,0.9807869509630808,True,True,1,True
128,306818,4.660683859297778,41.84055228225114,55.30203573453969,58.59405250017926,77.31802241067994,49.32880772883986,0.6102255241688529,0.3344091698850613,0.5755308851575613,True,False,1,True
129,189987,2.885975869656953,35.66249785821882,36.91085705864086,37.58292935832452,37.323401074810384,35.25272048337554,1.0352789011292989,0.0142628780505363,0.978755469874772,True,True,1,True
130,196213,2.9805512130461542,36.04787952138077,37.843313134196,37.99117285806751,37.59936395651664,35.67310204139348,1.0318499330568136,0.0184604898233305,0.9738470839600806,True,True,1,False
131,190139,2.8882848083326933,35.6720059731562,37.33164684783237,38.07074298276524,38.07279937309021,35.2416761313543,1.0370815998674128,0.014994359342994,0.9933683385374554,True,True,1,True
132,184771,2.8067428161526045,35.33309924883801,36.69178063657176,37.9223038247344,37.96704569440009,34.91753147095713,1.0361308393699649,0.0139322487780068,0.984715399869412,True,True,1,True
133,191198,2.904371427132752,35.73810978281465,37.642595633845545,38.04410087971632,38.37354470235044,35.31553289976799,1.036328504701947,0.0153014694820524,0.993553300073163,True,True,1,False
134,193339,2.9368940436114346,35.871011199549,38.04135223622756,38.83944780928835,46.574177998231086,35.38065345869943,1.0421573823242514,0.0382945976698393,0.9797863247393094,True,True,1,True
135,185402,2.816327949734131,35.37327484282928,37.535263913010645,37.16051606778783,38.09020938285455,34.94847262475259,1.0369103386245246,0.0383114078132554,0.980839003025411,True,True,1,True
136,189337,2.876102118740959,35.62178084455826,37.9412212087442,37.99235226078368,38.269788789301614,35.18560936968058,1.0376518188938768,0.0155685010649312,0.9912688761602738,True,True,1,False
137,189102,2.872532378025176,35.60703714377713,37.56339964675149,37.13360514431365,38.67517001406648,35.180020896310765,1.0368578822326804,0.0155039550548872,0.993226458491392,True,True,1,False
138,193621,2.941177732470374,35.88844294895827,38.29637281080048,38.61319794856963,38.499088425325766,35.46590689119442,1.0361691092754393,0.0156472774776946,0.9867156802096796,True,True,1,True
139,204459,3.105811136205061,36.54594595847623,37.73687634195609,39.87754513129772,38.69197736465502,36.09724108970927,1.0377568120031382,0.0178980788651184,0.9778666909459244,True,True,1,False
140,187567,2.849215135477405,35.51043079491728,37.46004361108297,37.406302814460965,38.22426119733216,35.070121661688844,1.0381401924919695,0.0166879191410872,0.9768979567701798,True,True,1,True
141,192500,2.92414930973679,35.81904820970796,37.34195844155844,37.57785974025974,38.353542857142855,35.41669524327552,1.034470287714453,0.0187771697076186,0.9915863821560992,True,True,1,True
142,183556,2.7882864971327077,35.25548216498152,37.44669746562357,37.12353178321602,37.53788489616248,34.831587158215385,1.036955651911332,0.0134649670692761,0.9900932686152132,True,True,1,True
143,192165,2.9190605304185464,35.798257995737906,38.49843103582859,37.3555746363802,38.6106627117321,35.39502576824568,1.0345678599616044,0.0158625997697647,0.984782583817256,True,True,1,True
144,188358,2.861230730822869,35.56027850816313,37.95626944435596,37.90359315771032,38.383025939965385,35.14138271258429,1.0361888719390595,0.0163370718670325,0.9855855840615402,True,True,1,True
145,200825,3.050609273391641,36.32813103961761,38.64977467944728,38.729625295655424,37.79677331009585,35.95936337018121,1.0310819480269469,0.0172648621864993,0.9726725471237022,True,True,1,True
146,190479,2.8934495395810598,35.69325579558376,52.28185784259682,44.55270134765512,37.04070264963592,35.121071101387905,1.0496759243488598,0.1109633153160853,0.8673943933995465,True,True,1,True
147,195472,2.9692951370019207,36.002443906642085,38.02061676352624,40.650466562986,39.09607514119669,35.593310648019305,1.0348819023251543,0.0177617764540845,0.9855377432300744,True,True,1,False
148,192355,2.9219467037632216,35.81005242339135,37.68577369966988,38.26998518364482,38.82125237191651,35.40149482108206,1.0350231631534583,0.0158862813177496,0.9891603065837066,True,True,1,True
149,185685,2.820626828979095,35.39126376714951,37.14698548617282,38.09516654549371,37.93405498559388,34.95260535423344,1.0381247671345777,0.0165619854301002,0.982437758384404,True,True,1,False
150,182959,2.779217836676017,35.21721885099203,37.16280150197585,37.27742281057505,37.73327357495395,34.802400684695144,1.0361856181889404,0.0138125085128596,0.9883131096985563,True,True,1,True
151,192457,2.923496123137732,35.816380965084186,37.89648077232837,38.58208327054874,36.94149342450521,35.41038663118884,1.0347920809221185,0.0188078657895422,0.9744636074433292,True,True,1,True
152,188898,2.8694335392761565,35.59422844939045,37.55532615485606,38.34783322216222,37.47147137608656,35.18315068817857,1.0354629531137458,0.0163734760324224,0.9822529098523788,True,True,1,True
153,185282,2.8145051034111783,35.36564150353836,37.927073326065134,37.35004479658035,37.82636737513628,34.93055069125677,1.0378350250380983,0.0157207419825873,0.9831031444662716,True,True,1,False
154,195909,2.9759333356946738,36.02925313110045,38.79060175897993,38.95319765809637,38.05778192936516,35.6282551874652,1.034146617121794,0.0238370015941192,0.9862634084446544,True,True,1,False
155,190641,2.8959103821170458,35.7033718170402,37.43515822934207,38.418189161827726,38.74596230611464,35.27539774374469,1.0368404699592826,0.0163394576918797,0.9822071248851608,True,True,1,True
156,187760,2.852146879980154,35.52260629097952,37.4924158500213,38.21100873455475,38.39313485300384,35.0967169081287,1.0368477493261632,0.0148907024201622,0.98956161080197,True,True,1,True
157,189012,2.8711652432829613,35.60138738531346,37.66218017903625,37.966996804435695,39.87693373965674,35.18643527464832,1.0357977319404903,0.0172057266139246,0.9862487607306992,True,True,1,False
158,190399,2.892234308699091,35.68825811374741,38.59773948392586,38.86431651426741,38.72185253073808,35.2735832828682,1.0356841122077276,0.0210068994749394,0.9878319970707438,True,True,1,True
159,190418,2.8925229260335583,35.68944518992291,37.874638952199895,37.63407345944186,40.10914409352057,35.262798190857346,1.0367381380038547,0.0166996452262539,0.983999478279916,True,True,1,True
160,202542,3.0766911661958902,36.431369308821246,39.47168982235783,38.737229809126006,41.25395720393795,35.99471831987624,1.03683618852383,0.0171166978409961,0.9901271077100964,True,True,1,False
161,185579,2.8190166480604866,35.384528008489525,39.35802542313516,38.57630443099704,39.24168144024917,34.9530118171038,1.0374959485526474,0.0169418994247723,0.9849292281835056,True,True,1,False
162,199488,3.0302997272767414,36.24733283428811,38.203746591273664,38.6174857635547,38.34904856432467,35.871971030813924,1.0317214180525682,0.0201813564470118,0.9685718324873644,True,True,1,True
163,223310,3.3921651031549223,37.63626525813539,39.99531592852985,40.002879405311006,40.64752138283104,37.31739221354261,1.0258543420435398,0.0364050886203167,0.9376573207173754,True,True,1,False
164,191126,2.90327771933898,35.73362321746685,37.97188765526407,38.38261147096679,38.23466718290552,35.3216073559168,1.0354038748606436,0.0173254983904488,0.9892408443212098,True,True,1,True
165,186814,2.837776774800876,35.462847412792925,37.99934694401919,39.43366664168639,38.77121628999968,35.01245469670698,1.039089916887066,0.0327604960523913,0.98931674120561,True,True,1,True
166,183313,2.784595233328728,35.23991767703222,36.37755096474336,37.302979057677305,38.31968272844807,34.74798540113824,1.0430755474263096,0.069295890055582,0.9470458762236276,True,True,1,True
167,183093,2.7812533484033146,35.22581450301618,37.27091696569503,36.90393952799944,38.63410397994462,34.78645065063648,1.038371536447973,0.0147970620959193,0.9939749696071566,True,True,1,False
168,186822,2.837898297889073,35.463353618126746,38.382438899059,38.1029429082228,39.10526597509929,35.030325171907506,1.0375449038996638,0.0169953953119988,0.9818503645687768,True,True,1,False
169,185183,2.8130012551947425,35.35934151706443,38.112931532592086,39.34729969813644,37.531836075665694,34.93430534730156,1.036946070971548,0.0158419018108112,0.9896687724185432,True,True,1,True
170,190713,2.8970040899108174,35.7078659870906,37.38778164047548,37.57085253758265,38.25829911961954,35.32793450553009,1.0326114796151469,0.0169989672578269,0.9828747737903376,True,True,1,True
171,190658,2.896168618679464,35.70443304255554,37.81718574620525,37.57215013269834,38.15093518236843,35.28883555295927,1.035748802629801,0.0171128004672318,0.9948037894411506,True,True,1,False
172,192653,2.9264734387985545,35.828535418520794,38.72706368444821,38.57410473753328,38.38656548301869,35.41886356772643,1.035102361505772,0.0180593246745706,0.9905581744525024,True,True,1,False
173,185116,2.811983499331094,35.355076615763174,37.51156031893515,38.00468895179239,38.13821063549342,34.94254002433856,1.035838226746508,0.0181579330566,0.9850101423650012,True,True,1,False
174,201183,3.05604743158845,36.34970496468319,38.23610841870337,38.99659016914948,35.85233344765711,35.95846232632907,1.0329976531281324,0.0266880249678034,0.969573736772185,True,True,1,True
175,190309,2.8908671739568765,35.68263404805846,37.65243367365705,37.71828972880946,38.384227755912754,35.27251944231604,1.0352882221802504,0.016499143645223,0.9886175118725709,True,True,1,False
176,185595,2.8192596942368806,35.38554489110793,37.00380936986449,38.31249764271667,37.7082087340715,35.003584956637134,1.0330945859627192,0.0190605922359309,0.966099264629644,True,True,1,True
177,188030,2.856248284206797,35.53962537564978,37.30510024996011,38.25800670105834,37.74611498165186,35.109717002743444,1.037185770784986,0.0172069837585942,0.9836110854741672,True,True,1,False
178,180307,2.73893293293876,35.04623155505863,36.96548664222687,37.71816956635072,37.39345116939442,34.61182373677764,1.0381270994835554,0.0167799327912715,0.9729757129252772,True,True,1,True
179,181236,2.75304480155562,35.10631831867022,36.97035357213799,37.6476638195502,36.45676355690922,34.68247870160085,1.0371115583481134,0.0158876264205638,0.9803190985251452,True,True,1,True
180,185016,2.810464460728633,35.34870917682051,36.52114952220349,38.27038742595235,37.175011890863495,34.91952192145864,1.0373273067186282,0.0181702585116141,0.9718691019497308,True,True,1,True
181,192972,2.931319171940404,35.848299796755015,38.62183632858653,38.159634558381526,38.45982836888253,35.43744712976333,1.03518603307541,0.0185684851229488,0.9881851753510916,True,True,1,True
182,189897,2.8846087349147385,35.65686566275596,38.1041564637672,37.58898771439254,38.64443882736431,35.22421508436152,1.0373027314867007,0.0149213360994195,0.992449481185678,True,True,1,True
183,183229,2.783319240902661,35.234534161139976,37.52562640193419,37.87647151924641,37.88407402758297,34.81225695329554,1.0368335954668109,0.0160442906146011,0.9894872983855644,True,True,1,False
184,178169,2.706455887618151,34.9071595516202,36.15524586207477,36.117298744450494,36.80302970774938,34.48046389538241,1.0375863094580504,0.0145367669372636,0.9842623545121256,True,True,1,False
185,176646,2.683320929702675,34.80741191602223,36.9229023017787,36.99853379074533,37.70036683536565,34.37768292449604,1.0379714147863206,0.0141528549239163,0.9858403080865,True,True,1,False
186,187349,2.8459036313240405,35.496668112865294,37.37699694153692,38.20923517072416,38.397605538326864,35.07515181658545,1.03648755424572,0.0176062349592891,0.9799527774648888,True,True,1,False
187,186658,2.8354070745810374,35.452973518955936,37.87300303228364,37.39578801872944,37.76145678192202,35.035545346708346,1.0361708088789616,0.0159877370397454,0.990955963598322,True,True,1,False
188,188801,2.867960071831769,35.588134805712386,37.81605499970869,37.82314712316143,38.84824762580707,35.12906319988036,1.039718988454049,0.0177809371125518,0.9736750068975464,True,True,1,False
189,181951,2.7639059275632136,35.15242409752567,37.0627806387434,37.06075811619612,38.02832081164709,34.7373136086897,1.0362800778371424,0.0154046348684917,0.9849786724499516,True,True,1,True
190,185808,2.8224952464601216,35.39907657667317,37.11374106604667,38.50221196073366,37.94691294239215,34.979406358231444,1.0364264677266424,0.0165246217759409,0.9905738851276906,True,True,1,False
191,184355,2.800423615566368,35.306562591631184,37.355748420167615,37.13994195980581,38.25861517181525,34.89487272754097,1.0358132343079998,0.0173361363077488,0.9766569620946902,True,True,1,True
192,180741,2.7455255604734394,35.07432785233011,37.18108232221798,37.84510985332603,37.34957203954831,34.65034762771413,1.0371588642941003,0.0156483298880653,0.986777324302638,True,True,1,True
193,185929,2.824333283169099,35.406758985089084,37.54406251848824,37.4833673068752,37.71667141758413,34.97481976591505,1.037509468300599,0.0157530438859234,0.9858877534169606,True,True,1,True
194,180737,2.745464798929341,35.07406910575093,36.87605194287833,36.473284385598966,37.697864853350445,34.64931012433332,1.0372290784006517,0.0164358513227111,0.983652625981685,True,True,1,True
195,183328,2.784823089119097,35.2408788460853,37.23798328678652,38.14764793157619,36.2771207889684,34.82125989514902,1.0365893664159893,0.0177984338273467,0.9848236999898488,True,True,1,True
196,182398,2.7706960301162127,35.18118693952102,37.39577736597989,37.94831631925789,37.72167457976513,34.764057845482434,1.0364302281640445,0.0146355144934357,0.9920356688723824,True,True,1,False
197,176415,2.6798119505309907,34.79223274494799,37.09488989031545,37.344528526485846,38.23907830966755,34.342815964055134,1.0397745709823734,0.0245771668075581,0.9854140944138884,True,True,1,False
198,182121,2.766488293187397,35.16336853115337,36.74681667682475,39.48687411116785,36.80884137469045,34.746735382792934,1.0364047539524686,0.0161349314955009,0.9782907432056336,True,True,1,True
199,182937,2.778883648183476,35.215807223484674,37.224262997644,38.23078983475185,37.8514843908012,34.78003074476806,1.0380614394805638,0.017105914421759,0.9904702516609796,True,True,1,False
200,180903,2.747986403009426,35.08480388217968,37.19286026212943,38.257502639536106,37.9663687169367,34.66476280192151,1.0367939665749086,0.0172025514204402,0.9781405565173906,True,True,1,True
201,181405,2.7556119767937783,35.117226976652994,37.08757751991401,36.09138667622172,38.24271657341309,34.714518795136414,1.03520698869584,0.016742327625574,0.9708416019289404,True,True,1,False
202,192251,2.9203669036166624,35.80359748877235,38.60870944754514,38.91877285423743,37.83446640069492,35.37502566286741,1.0367873923316482,0.1070042444607971,0.913541665308906,True,True,1,True
203,184794,2.8070921950311702,35.33456525733043,37.54052620756085,38.28227648083812,37.92250289511564,34.90924373954296,1.0369980394240477,0.0164757154415218,0.9889109539907748,True,True,1,False
204,185109,2.8118771666289217,35.35463096968926,37.238454100016746,37.40756527235305,37.93420093026271,34.92617595261307,1.0372556583095112,0.0167333636666977,0.99419171801667,True,True,1,False
205,174186,2.645952580082142,34.645078173503784,36.68841353495689,35.8844223990447,36.6941430424948,34.233743531620284,1.036481270333167,0.0141482153912924,0.9920231504651948,True,True,1,True
206,175841,2.6710926689528667,34.75445734720734,36.852230139728505,38.14822481673785,37.5764867124277,34.323997634430384,1.0380970227470183,0.015014799459492,0.9939850592207444,True,True,1,True
207,202218,3.071769481123918,36.41193290667461,39.191115528785765,39.6123243232551,39.8591668397472,36.07292879909188,1.028459011153151,0.0335911705837157,0.9414385980387476,True,True,1,False
208,187323,2.845508681287401,35.495025979613594,37.70366692824693,37.34268616240398,38.59495630541898,35.07332511457969,1.036505646284043,0.0176735924471083,0.9875702934076636,True,True,1,True
209,187278,2.844825113916293,35.49218346678995,37.407778810111175,38.20569954826514,38.144010508442,35.08970418179909,1.0348062247685452,0.0177959131728687,0.9850349289950212,True,True,1,False
210,176068,2.6745408865804525,34.76940621085617,36.77340572960447,36.90421882454506,36.79547674762024,34.34600812604194,1.0374400665471888,0.0142521503791686,0.9817844333728006,True,True,1,True
211,198070,3.008759759893849,36.16124413848397,39.41730701267229,37.73746150350886,38.14568081991215,35.802248444099455,1.0303841901536377,0.0309829375468512,0.95102839072084,True,True,1,True
212,183615,2.789182729908159,35.25925912428014,37.625346513084445,37.10921765650954,37.28476976281894,34.851921785089694,1.03547437430977,0.0163784785635986,0.9891703505980404,True,True,1,False
213,192095,2.917997203396824,35.79391072057749,38.33489679585622,37.93955074312189,38.23998542387881,35.39018425251672,1.0346154998264203,0.0175645046356828,0.9844630775644846,True,True,1,False
214,195639,2.97183193146803,36.01269379192217,38.15469819412285,39.44352097485675,38.653008858152006,35.60650041017324,1.0346154315675,0.0177095821717422,0.9861775569823228,True,True,1,False
215,188393,2.86176239433373,35.56248093238742,37.8091436518342,37.886795156932585,38.12499402844055,35.16277398595557,1.0344911153426055,0.0179993170708792,0.994729040488647,True,True,1,True
216,173372,2.633587605858113,34.5910264940758,36.19762706780795,35.466961216344046,37.96010313084005,34.16302608006107,1.0380573608974564,0.0148951113244034,0.9743466596843136,True,True,1,True
217,179557,2.7275401434203053,34.99757157984569,36.632077836007504,37.23737309043925,37.18923238860084,34.561722178942176,1.038311363049019,0.0157265292791727,0.986193856538392,True,True,1,False
218,185780,2.822069915651433,35.39729835410642,37.77973409408978,37.65387016901712,37.75033911077619,34.987569329170654,1.0355451359896428,0.0158645406969963,0.9920813525710136,True,True,1,False
219,187441,2.8473011468383045,35.50247751859002,37.76304543829792,36.890498876979954,38.86009997812645,35.09432832022719,1.0352975327026788,0.0178414907335321,0.9861883964289472,True,True,1,False
220,176934,2.687695760877762,34.82631807415661,36.90564278205432,36.84895497756226,37.8902189516995,34.39406475294054,1.0381788398575875,0.015965812604309,0.9889897052106724,True,True,1,False
221,182162,2.767111099014405,35.16600705157999,37.91051371855821,37.22026547798114,36.93552442331551,34.756728262208185,1.0357442026991257,0.0202589184832029,0.976133571928652,True,True,1,True
222,185604,2.819396407711102,35.38611686189799,37.1724639555182,37.14375767763626,37.9400659468546,34.97512462563508,1.0356688408581516,0.0177167529851206,0.9903509145624058,True,True,1,True
223,182262,2.7686301376168663,35.17244080726276,37.2355345601387,36.90111487858138,38.21850961802241,34.75532416351123,1.0364383915350897,0.0167098764566331,0.9809935339152492,True,True,1,True
224,185518,2.8180900345129856,35.38065060722596,37.62378852725881,37.21309522526116,38.319936609924646,34.951364926918195,1.0373015401271828,0.0174839397574356,0.984689005048022,True,True,1,True
225,180069,2.735317621064904,35.03080476304226,37.76015860586775,37.373601230639366,37.69874881295503,34.61852820055508,1.036154562036858,0.0214033877994896,0.9842892574716228,True,True,1,True
226,180402,2.740376019611098,35.0523855173558,36.91568275296283,37.44429108324741,37.06479972505848,34.64336052600677,1.0358400490718462,0.0168881596012099,0.9845313678868726,True,True,1,False
227,178775,2.7156612615490627,34.94669093427095,36.77187526220109,37.35849531534051,36.80010068521885,34.539258568756175,1.035807724778183,0.0175340328548857,0.9888965901082925,True,True,1,False
228,184657,2.8050111121457992,35.32583114942245,37.6996756147885,36.39341590083235,40.54464764401025,34.88905775340234,1.038028898527717,0.0196539032319228,0.9899772058977456,True,True,1,True
229,179048,2.71980823693378,34.96447044196744,36.90854966266029,37.046211071891335,38.4387650239042,34.563324057810306,1.0352240558610737,0.0228194915267841,0.956787332396636,True,True,1,True
230,185155,2.8125759243860533,35.35755929539476,37.44560503362048,36.894331776079504,37.98186384380654,34.972393074099834,1.033405531937903,0.0183306461390201,0.9917193126028232,True,True,1,True
231,178968,2.718593006051812,34.95926220295544,37.24647981762103,37.944051450538645,37.05927875374368,34.53871298485006,1.0369750905487365,0.0170907041866858,0.9821153561980746,True,True,1,False
232,183784,2.7917499051463177,35.27007339608747,39.36762177338615,37.4187578896966,37.05652831584904,34.86093072748473,1.0356241199636151,0.0189336930068293,0.9725104203687474,True,True,1,True
233,178122,2.7057419394749944,34.904089842928464,36.76202827275687,38.34537564141432,37.89034481984258,34.48987465950473,1.0364637211347236,0.0176065051740005,0.9850689757766669,True,True,1,True
234,177260,2.6926478267217835,34.8476940561097,38.05086878032269,38.32565722667268,37.623349881529954,34.423409631301155,1.037434009263524,0.0168712729259481,0.9845127355372574,True,True,1,True
235,183078,2.781025492612945,35.224852511664466,37.36023443559576,36.92437649526431,38.019975092583486,34.811026367602494,1.0360890062407917,0.017674248302201,0.9779268237325416,True,True,1,False
236,187037,2.841164230884363,35.47695247697016,37.48508049209515,38.02829386698888,38.09629110817646,35.074490988096095,1.0348199369039293,0.0184220114550853,0.9817777521873108,True,True,1,True
237,168516,2.5598230913226225,34.26500852446647,36.47048351491846,35.93357307317999,37.12836169859242,33.8363947792398,1.0384851305549283,0.0139173218802563,0.988017234900758,True,True,1,False
238,222247,3.376017722810765,37.57645154720576,42.39134836465734,37.57308310123421,40.55072959365031,37.36326308535852,1.0172153480464772,0.0476892192252566,0.9170558028725668,True,True,1,True
239,179084,2.720355090830666,34.96681364338909,37.32843805141721,37.68152933818767,37.09506711934065,34.54422203859511,1.0371508494405848,0.0167033807510875,0.9860565191888128,True,True,1,True
240,172347,2.618017460182891,34.522722681428306,37.24358416450533,37.20305546368663,36.66507685077199,34.096822375560485,1.0379427443244051,0.0156906213738532,0.9894908005649412,True,True,1,True
241,242861,3.689152340322008,38.70404802258226,47.987227261684666,52.628347079193446,99.396506643718,44.17775876344563,0.6724471101427416,0.3389812675472411,0.7104550420614901,True,False,1,True
242,185706,2.820945827085612,35.39259790565092,37.77998018373128,38.83662886498013,38.32806155966959,34.9767063482715,1.0360974236029017,0.0183856065867159,0.9899297280795302,True,True,1,False
243,187005,2.840678138531576,35.47492912111168,36.99436913451512,37.4919601080185,38.5968984786503,35.08896128735287,1.0333633924153187,0.0200455678542774,0.9871310514636668,True,True,1,False
244,193849,2.9446411404839843,35.9025243335125,38.00255869259063,38.82692714432368,38.52083838451578,35.45688179684491,1.0381816227569478,0.0180897165660631,0.9891488891589532,True,True,1,False
245,177185,2.691508547769938,34.842778591540295,36.87096537517285,36.59880351045518,36.93396167847165,34.44031742815694,1.035468535997727,0.0161029331724964,0.9867542150560442,True,True,1,False
246,194782,2.958813770644942,35.960032080478044,38.16582127712006,51.150352701995054,38.08093150291095,35.64976652338068,1.0263373686442516,0.0756851242285441,0.9634293007233315,True,True,1,True
247,216822,3.2936098786272736,37.268185251592925,39.4626191069172,39.73271162520408,40.61223492081062,36.975740221813226,1.0239154730478088,0.0524908689657529,0.940640779839844,True,True,1,False
248,169211,2.5703804096097245,34.31204959135809,37.66198414996661,36.24911501025347,36.57706059298745,33.86307499442671,1.0403052866634153,0.0158774475059738,0.982918227849914,True,True,1,True
249,168414,2.5582736719481125,34.25809377795667,36.2246962841569,36.37176838030093,46.374832258600826,33.79347765174833,1.041815755408373,0.0378334070994962,0.9780447440788622,True,True,1,True
250,173634,2.63756748699656,34.60844239265844,37.468255065252194,36.32388241934184,36.50584562931223,34.18217802770452,1.037879575832852,0.0157661644575208,0.9908208484256424,True,True,1,False
251,175203,2.661401202669168,34.71237346652139,37.00178079142481,37.30335097001764,37.06252176047214,34.28644747991125,1.0377326050762223,0.0163599889497354,0.983798992960042,True,True,1,True
252,182092,2.766047771992683,35.161502021492026,36.78880456033214,37.88200470092041,37.41412033477583,34.74479814669739,1.036413062123775,0.017897721354859,0.990360931371962,True,True,1,False
253,187618,2.84998984516466,35.51364896558651,38.1136404822565,37.222883731838095,38.24458740632562,35.06955496583262,1.0384728067925062,0.0412433357987345,0.9659997339444336,True,True,1,True
254,172050,2.6135059155335827,34.502880649600016,36.66265620459169,36.74567858180762,36.810868933449576,34.1207441836108,1.033976298261024,0.0168789006903781,0.9754266619627014,True,True,1,True
255,180616,2.743626762220364,35.066240216631456,37.03582739070736,37.744529831244186,39.06784005846658,34.64344848897642,1.0370609039532122,0.0189208516419765,0.9796878861324804,True,True,1,True
256,174815,2.65550733289162,34.68673015483562,37.08197237079198,38.15083373852358,37.05470354374624,34.254386508004,1.0383445887247125,0.0166107223285188,0.9816667976032808,True,True,1,True
257,171096,2.599014287266108,34.438990744685285,35.884035862907375,37.06417449852714,37.04436106045728,34.02416250066295,1.037024257702102,0.0171627930481905,0.982908390930792,True,True,1,True
258,193380,2.937516849438444,35.87354665542424,38.98057193091323,38.32899989657669,38.47433550522288,35.49949832023498,1.0319444025033904,0.0198783835572876,0.985610452708414,True,True,1,True
259,182699,2.7752683363096198,35.20052874063707,37.91173460172196,36.85886074910098,38.84877859211052,34.788200343409315,1.0359807209290062,0.0186658720522342,0.9829911127666042,True,True,1,True
260,178205,2.707002741515037,34.90951045275941,37.66936954630903,37.54428326926854,37.055065795011366,34.49433308939633,1.0365446575181545,0.0174667850966576,0.9795111753068456,True,True,1,False
261,189084,2.8722589510767333,35.60590733551569,37.94719278204396,39.142016246747474,37.68207251803431,35.21013327684939,1.034101492377291,0.0195380569674695,0.9907085554818296,True,True,1,False
262,170534,2.590477290320279,34.40124206740076,35.981669344529536,37.20632249287532,38.144909519509305,33.98441688618398,1.0372487062981477,0.0159426514015576,0.9864558559821544,True,True,1,True
263,179706,2.7298035109379715,35.007249465653935,36.53040521741066,36.95395813161497,37.351362781431895,34.632493955700554,1.0328153095920631,0.0186318548627193,0.9835478123733888,True,True,1,False
264,185643,2.8199888327660614,35.3885951883482,36.72373318681556,36.27352499151598,37.94739365341004,35.005963681379434,1.0331511301560568,0.0200273861892603,0.9846078030851736,True,True,1,True
265,176693,2.684034877845832,34.81049869841915,36.73400757245618,37.21335876350506,37.47618185213902,34.39098208651632,1.037043566025263,0.0174239977781251,0.9827123958285306,True,True,1,False
266,181171,2.7520574264640203,35.10212087528832,36.98059844014771,35.95837634058431,39.291718873329614,34.67371428261882,1.0375259636924865,0.0185383670410152,0.9823687518672743,True,True,1,True
267,180924,2.7483054011159425,35.08616142807222,36.864081050606885,36.59596294576728,37.79606906767482,34.67380245997842,1.0361035450656078,0.0177434614794504,0.9915006269698632,True,True,1,False
268,176931,2.687650189719688,34.82612124078988,36.53908585832895,37.26696847923767,38.251295702844615,34.42311596269623,1.0355350023507202,0.0184144613458279,0.974822353216648,True,True,1,True
269,175720,2.6692546322438893,34.74648375308635,36.983348508991575,36.48808331436376,37.72213180059185,34.322171335395936,1.0375482933929587,0.0166037760110938,0.9866790807570835,True,True,1,False
270,180923,2.748290210729918,35.08609678541182,37.83338768426347,37.54095388645999,37.038602057228765,34.69101787943366,1.0345560928753117,0.0185740214214582,0.9877630377517868,True,True,1,False
271,181778,2.7612779907809566,35.14127952602509,37.08424011706588,38.03292477637558,37.85739748484415,34.72516627215318,1.0363816378939386,0.0186577691682405,0.9840115281053226,True,True,1,False
272,175627,2.6678419263436006,34.74035279998909,36.9669469956214,36.72619813582194,37.88994289033008,34.28796480368324,1.0401058760697293,0.0176321877367603,0.9829727493133892,True,True,1,False
273,174681,2.653471821164323,34.67786514524556,36.07695170052839,36.5704970775299,37.47589606196438,34.28901352058757,1.0344085168063226,0.0205567700481484,0.969860075443014,True,True,1,False
274,182539,2.7728378745456825,35.190250031736774,37.09821462810688,37.00926377376889,38.86082974049381,34.79055930043728,1.0348629194661658,0.0197264818040948,0.9808450162285176,True,True,1,False
275,176622,2.6829563604380846,34.80583547552976,36.80087984509291,38.892759678862205,35.99523841877003,34.385496143123746,1.0371230908901443,0.0168805624110187,0.9864699991506914,True,True,1,False
276,172279,2.6169845139332177,34.51818173795656,36.84803719547943,36.420596822595904,37.972794130451184,34.09552509321081,1.037651655198225,0.0167359573253215,0.9869897246410436,True,True,1,False
277,185660,2.82024706932848,35.38967537586831,37.98307120542928,37.27219648820424,37.56341699881504,35.01500775486248,1.032445311017432,0.0211171530819689,0.983994325375428,True,True,1,False
278,173526,2.635926925305902,34.601265443834954,36.48658414301027,36.55422818482533,37.52913108122126,34.21112723621528,1.0346031445217725,0.0167542747026582,0.9830760171432178,True,True,1,False
279,180466,2.741348204316673,35.05653012668944,37.00075360455709,37.23996763933373,37.7288852193765,34.675587335353654,1.0333211185600188,0.0216947301458777,0.9839156018155336,True,True,1,True
280,179325,2.7240159738625964,34.98249199309273,37.42922626516102,37.81950648264325,37.0683730656629,34.57033404105272,1.0361950235609332,0.0192335354646077,0.9736887297447208,True,True,1,False
281,174898,2.6567681349316628,34.692218896429786,36.454916579949455,37.48094317830965,36.797476243296096,34.29186181133625,1.0354354722884478,0.0180221269612221,0.9781711392062036,True,True,1,True
282,169758,2.578689550765184,34.34898277569402,36.04614804604201,35.56375546366004,37.436757030596496,33.958151693429016,1.0349265026034369,0.0173609809489611,0.9857233518379016,True,True,1,True
283,181033,2.7499611531926247,35.09320605055566,36.99907199239917,37.762849867151296,38.53994023189142,34.68626143166055,1.0356110123096132,0.0194799348502787,0.9816026877733384,True,True,1,False
284,176263,2.6775030118552507,34.78223748954251,36.38428938574744,36.71224250126232,39.77346919092493,34.371828249110855,1.0362502520289352,0.0192763664615745,0.9873616415905544,True,True,1,False
285,170804,2.594578694546923,34.41938788721628,36.30995175757008,36.05231142127819,36.91877239408913,34.03291272327807,1.0344561068744953,0.0189929475400406,0.9855713679433292,True,True,1,True
286,181587,2.7583766270502568,35.12896718790672,37.58991007065484,36.329494952832526,37.63467098415636,34.7543987769462,1.032682469199212,0.0188032174721665,0.9914675963187554,True,True,1,True
287,175256,2.662206293128472,34.71587335010855,36.21084584835897,36.00156913315379,37.13588122517917,34.21397249486101,1.0446571479197793,0.0464076331904948,0.96393565523613,True,True,1,True
288,174231,2.64663614745325,34.64806137207997,37.09904092842261,37.0933358587163,37.71902244721089,34.24528554604269,1.0357011166891816,0.0207412199983369,0.9736566429999728,True,True,1,False
289,175467,2.665411464579664,34.72979985679908,37.10396826753749,37.16388266739615,37.63597143622447,34.37695662040348,1.031108965945321,0.0207859550788763,0.968774692997864,True,True,1,True
290,179153,2.721403227466364,34.97130390185268,36.89152847007865,38.7196362885355,37.54224601318426,34.572022800787195,1.0350494608299146,0.0190895855388836,0.989643480079094,True,True,1,False
291,173392,2.633891413578605,34.59235657030694,36.75771661899049,36.24066854295469,36.55843406846913,34.19082412436424,1.0356469718726742,0.0192328225014055,0.9919026810953095,True,True,1,True
292,168414,2.5582736719481125,34.25809377795667,36.37794957663852,36.37935088531832,36.77466837673828,33.825837001107864,1.038828668403802,0.0171269858839343,0.9821130128381844,True,True,1,False
293,178673,2.7141118421745527,34.94004339665826,36.737537288790136,37.75185954229234,37.54800669379257,34.51269124732746,1.037609266115047,0.0179407283265214,0.9918442801263356,True,True,1,False
294,174900,2.656798515703712,34.69235113383544,36.76100057175529,36.57779302458548,36.92640365923385,34.26943683135286,1.0374813481801546,0.0190803999492602,0.9781155716181662,True,True,1,True
295,182101,2.7661844854669044,35.16208130431738,37.47842680710156,37.08769309339323,38.07622143755388,34.806085106876154,1.0309988671284518,0.0232510102460762,0.9691508995036768,True,True,1,True
296,169086,2.568481611356648,34.303598480494024,36.63323397561005,36.64801343694924,37.3382539062962,33.88785662074757,1.0372578689940355,0.0174809687306336,0.9821443681904082,True,True,1,False
297,167792,2.548825251840807,34.215866842983104,36.51960760942119,36.671772194145134,36.45885977877372,33.815767630628486,1.035916832175875,0.0180540444272315,0.9727603547490326,True,True,1,True
298,164190,2.494109481380174,33.969255702664874,36.16327425543577,36.30855106888361,35.88091235763445,33.54624097736771,1.0383087321046722,0.0171012891086862,0.9891943256434044,True,True,1,False
299,177368,2.694288388412441,34.85476988985947,36.71727707365478,37.8116627576564,36.07141649000947,34.42880186814137,1.0375784222069775,0.0202361708491176,0.981773694846865,True,True,1,True
300,216561,3.2896451878748514,37.253225358335015,39.6271535502699,40.60788415273295,38.41362018091901,36.96688671404348,1.0234179009235211,0.0354475817234223,0.9616081508849056,True,True,1,False
301,172879,2.626098745547982,34.55820772681524,36.59566517622152,36.11573412618074,37.59477437976851,34.19983006509628,1.0317673678570949,0.0224579715928229,0.9753006418745492,True,True,1,True
302,164018,2.491496734983942,33.95738986962693,36.68697338097038,35.60039142045385,36.22436561840774,33.54210661934947,1.037604621274106,0.0254723327488217,0.972858413826597,True,True,1,True
303,164338,2.496357658511816,33.97945920679168,35.72776229478271,35.877758035268776,36.04257688422641,33.556630803691256,1.0382796421054643,0.0171899185845575,0.9838378360090052,True,True,1,False
304,177701,2.699346786958635,34.87656897857619,36.69446992419852,37.02454685117135,37.68224714548596,34.475819419580496,1.0352791573015931,0.0199799034631985,0.9863610415875592,True,True,1,True
305,182315,2.7694352280761705,35.175849743667186,35.42164385815759,37.19915530812056,37.73562789677207,34.819825556769246,1.030988970924103,0.0352974213545188,0.942457204675772,True,True,1,True
306,177803,2.700896206333145,34.88324072794575,38.071899799215984,39.17005899787968,36.60338127028228,34.49243935092349,1.0343767425199055,0.0230911416802051,0.9925281907298008,True,True,1,True
307,178067,2.704906468243641,34.90049694486924,38.012675004352296,37.73539173457182,38.44719122577457,34.492662989772775,1.035892424688815,0.020669329576887,0.9847421069976124,True,True,1,False
308,171638,2.6072474764914446,34.475317831118815,37.48662883510645,36.942355422458895,37.62487327980983,34.104899106838886,1.0329386518756631,0.02256945373204,0.9824894906474644,True,True,1,False
309,176745,2.6848247779191112,34.81391322415699,36.92700783614812,36.64529689665903,37.386070327307706,34.47271166886359,1.0299880515098283,0.0247436929149888,0.972926139577545,True,True,1,True
310,153190,2.3270152351095,33.19305831739146,35.373725438997326,35.650995495789545,35.405294079247994,32.75857172277417,1.0403199626385613,0.0155189634911639,0.9856138305423612,True,True,1,True
311,171293,2.602006793312956,34.45220336402628,36.14897865061619,37.14182132369682,36.56997658981978,34.05240604528359,1.035637091334479,0.0250442288313296,0.9718126722082444,True,True,1,False
312,166108,2.52324464177537,34.1010155930165,37.03529631324199,36.82309702121511,36.38574301057144,33.6590199265017,1.0399142787319862,0.0197939649739354,0.9667851637699943,True,True,1,False
313,163092,2.477430437525156,33.89336456947648,36.46500134893189,36.92390797831899,35.88107939077331,33.520767529389275,1.0337182571951316,0.0196323251414692,0.9773060371335556,True,True,1,True
314,164421,2.497618460551858,33.98517876129603,35.89548172070478,36.46069540995372,37.48210994945901,33.5538194565832,1.0390651663577384,0.017478509034852,0.9887028130944524,True,True,1,False
315,171567,2.6061689590836976,34.47056347377678,36.704127250578495,36.93075008597224,37.52977553958512,34.08829359840344,1.0340210091462032,0.0206437782654528,0.9834735724189204,True,True,1,True
316,170520,2.5902646249159345,34.40030065089142,37.32995543044804,33.93135702556885,36.66052662444288,34.03742844501068,1.032325108747426,0.0217298796539357,0.966049749500598,True,True,1,True
317,170172,2.584978370579371,34.37688314831693,35.94561384951696,36.59363467550478,36.90584232423665,33.93852256802819,1.0392515872716406,0.0307922678896266,0.9877528360194172,True,True,1,True
318,146951,2.232242416701979,32.73617840351093,38.44084762948194,35.836326394512454,35.2015569815789,32.28921073451777,1.0421054045758666,0.0216185074181881,0.9848656784110058,True,True,1,True
319,169347,2.572446302109071,34.32123967379236,36.89609500020668,36.725799689395146,36.7980241752142,33.9577305083423,1.032459265211024,0.0228115840281502,0.982864430823194,True,True,1,False
320,158853,2.413038391166848,33.5971370217625,36.00836622537818,36.11163150837567,35.831888601411364,33.247914711983455,1.0318428907669424,0.0194717408164361,0.9783912095305456,True,True,1,False
321,152177,2.311627374066574,33.119731168111855,34.939110378046614,35.04340340524521,35.75475268930259,32.68239689387772,1.0406835977312292,0.01685066522846,0.9933211195666116,True,True,1,False
322,136755,2.077361240795089,31.96084121629294,34.064063471171075,34.024920478227486,35.153244853935874,31.51475796498121,1.0430681305087646,0.0169324576551813,0.986622599136556,True,True,1,True
323,132295,2.0096121191253435,31.609547132149697,33.777126875543296,35.68224044748479,33.59917608375222,31.19068886093464,1.040830288745188,0.0169164825134209,0.988512886629776,True,True,1,True
324,177649,2.698556886885356,34.87316671200434,35.916914815169235,37.38388057349042,38.07984283615444,34.73086205308036,1.0123424976649755,0.0608154213894618,0.8701178986448916,True,True,1,True
325,155711,2.365310198277534,33.37415112376185,35.63872173449531,35.16196029824483,37.72308314762605,33.08330486913383,1.0266065322814344,0.0370840192890607,0.9289903921896372,True,True,1,False
326,170980,2.5972522024872533,34.431205980390885,37.03653643701018,37.74110422271611,36.53662416656919,34.27358012977996,1.0138606959273109,0.0499738211226256,0.8788846407339554,True,True,1,False
327,1856313,28.198111052495737,76.24081536605512,56.364629240866165,178.9241383322748,126.78376006632502,92.37017303998722,0.5622990181798401,0.2892510404377634,0.3032264939771353,False,False,1,False
328,217544,3.30457733733704,37.30950611713614,38.57615470893244,41.062653991836136,39.6879619755084,37.523783163731245,0.9829663421658602,0.082485180422708,0.8168855436119732,True,True,1,True
329,171118,2.5993484757586494,34.44046676852528,36.99423789431854,37.58219474280906,36.57677158452062,34.17048219346513,1.0238910912820194,0.0368434151475793,0.9669669664076406,True,True,1,False
330,158915,2.4139801951003736,33.60150741777704,38.27788440361199,38.01655602051411,36.84879967278105,33.57566341387208,1.0023109507723966,0.065901703975884,0.8543098633514228,True,True,1,False
331,177177,2.6913870246817413,34.84225419345551,37.94478402952979,55.11838444041834,53.40336499658534,35.34582329020375,0.9578652740733338,0.1909484057430414,0.8454262456448898,True,False,1,True
332,166638,2.531295546368411,34.13724573622004,34.78213252679461,36.47024688246378,38.78009217585425,34.204380025285424,0.994123330862846,0.0733284828481818,0.8593009921492684,True,True,1,False
333,190712,2.8969888995247928,35.707803575808725,41.53913754771592,41.71455912580225,41.76991484542137,36.16326155425695,0.9626903842619372,0.097920164733012,0.7853050125669034,True,True,1,True
334,168099,2.553488700350361,34.23672177301168,33.8185890457409,39.42160869487624,40.199608564000975,34.39953518945787,0.9858680618706716,0.1038057155582831,0.7744861541317439,True,True,1,True
335,132704,2.015824987009408,31.642088056267887,35.42566915842778,38.56002833373523,35.01938148058838,32.025146345369976,0.96454398113799,0.1103119419599395,0.7488980610512107,True,True,1,True
336,123737,1.8796127955267592,30.912703688944195,33.13042178168212,40.67628114468591,30.91201499955551,31.648061560858764,0.9319006807164536,0.1427591496904783,0.6418946237551336,True,False,1,True
337,533950,8.110906617838747,50.32734197401136,51.09829759340762,66.94264069669445,100.42933795299186,61.32162421790831,0.5528038171817824,0.3793366997065737,0.3646014795136388,False,False,1,False
338,945008,14.355036316341527,60.87639952298429,46.0324917884293,116.93729153615632,102.54240810659805,68.5000280868743,0.7018990054833114,0.4614490597894493,0.3351836185174029,False,False,1,False
339,106952,1.6246421661037358,29.44648315424712,37.96197359563168,28.9583177500187,35.331531902161714,29.83100635561146,0.9618261647286338,0.1468309038244064,0.6591165943982266,True,False,1,True
340,106304,1.6147987959597907,29.386892596756987,37.99577626429861,31.875084662853705,40.50120409391933,30.55246909055186,0.889860761482714,0.1628428163069023,0.62028600548878,True,False,1,False
341,697622,10.597147479258174,55.01872470595096,47.9544409436629,106.25617741412972,84.98755343151448,59.249663986540185,0.8007074759478131,0.3619877717222117,0.509102124859564,False,False,1,False
342,89419,1.3583091279343065,27.74046477449752,35.08475827285029,37.6689294221586,34.02572160279135,28.99116538345774,0.8760808334911059,0.1651897422883542,0.5708451384924421,True,False,1,True
343,96727,1.4693204690021322,28.476484252796663,37.42478315258408,45.36688825250448,24.38628304403114,29.99747495010604,0.8554704468448028,0.2109598699352592,0.5096068395499348,True,False,1,True
344,528418,8.026873402350622,50.1529324335839,64.84284600448888,61.2552013746693,90.62116354855436,52.5103070921862,0.8712751333787474,0.349994709801964,0.3430459241418743,False,False,1,False
345,195520,2.970024275531102,36.00539057909808,43.00772299509001,75.1748619067103,44.50269537643208,40.29483329918637,0.7134351275732239,0.2974179791463889,0.5901271061470914,True,False,1,False
346,284412,4.320328070030441,40.796205335595424,41.84906754989241,76.0047782793975,30.357273954685457,42.386347123366896,0.8916231494041105,0.3016414010858423,0.5660256691774064,True,False,1,False
347,431759,6.558585879598164,46.88683633812735,43.65023080005281,113.95515322205212,76.27548933548577,52.1291910398628,0.7276287215856158,0.5056905776743431,0.4449593336850377,False,False,1,False
348,430112,6.533567313815637,46.827141755479246,25.27789273491556,130.30733855367905,105.66384104605312,69.11087446890572,0.3110668888092342,0.4371983647690553,0.1416635708038743,False,False,1,False
349,118470,1.7996050323351558,30.46771793989568,25.334818941504174,67.74871275428379,43.957179032666495,36.7784398884358,0.5685123068940408,0.3036091659133272,0.4057943704008422,True,False,1,False
350,99359,1.509301565018897,28.73246375513212,29.70872291387796,43.95402530218702,54.37392687124468,30.656084107154253,0.8233198112982616,0.3565680547584507,0.5077109031883191,True,False,1,False
351,28183,0.4281106493314906,18.87844433833947,26.98506191675833,31.149132455735728,22.292800624489946,20.644405367902465,0.7647006807976737,0.3426190316909367,0.457218774055237,False,False,1,False
352,280306,4.2579563450134055,40.59893067012105,60.60842436480132,62.56469715239773,22.71394119283925,42.267811971038086,0.886164778018746,0.3695163092466275,0.4451844167893846,True,False,1,False
353,202737,3.0796532914706884,36.44305715360219,23.79750119613095,99.7258566517212,47.66824506626812,45.12157961119547,0.5268555040907131,0.4043026261913952,0.2227947045654949,True,False,1,False
354,136846,2.0787435659233284,31.967928810104222,23.24108121538079,45.85480028645338,40.29759729915379,39.44038317537044,0.5325006245135905,0.3428768215648375,0.2664811117740951,True,False,1,False
355,303008,4.602808488544027,41.66664142472251,62.87788111204985,78.74167348716865,53.71939684760798,44.92048415677327,0.7980538556260335,0.3567771059651442,0.3829950823138934,True,False,1,False
356,56364,0.856190917890932,23.785068087522717,29.372773401461927,30.965598609041237,55.4081328507558,24.24577853667109,0.9440712997533872,0.3418137581878943,0.8265202587316227,False,False,1,False
357,280311,4.2580322969435285,40.59917206517548,77.1082761646885,22.68333743591939,67.02627082062423,43.70914834379703,0.8013726159871869,0.3768930555555029,0.3672992446261103,True,False,1,False
358,51607,0.7839302515718779,23.09617180254813,34.684655182436494,41.3459026876199,51.85209370821788,22.77292283989276,1.0431906365750103,0.3633640161048627,0.6952787164764096,False,False,1,False
359,135221,2.0540591886333424,31.84088850487245,67.936474364189,31.856627299014207,43.01223922319758,37.21441067219413,0.6263572322447234,0.4901021455592275,0.3075530333787807,True,False,1,False
360,351702,5.342489145626225,43.78870243933921,66.51517477864783,26.21959784135433,80.78362079260283,47.65309831038706,0.7759125923164801,0.3499570459504701,0.338406338108071,True,False,1,False
361,50961,0.774117262199982,22.9993966964367,22.76905869194089,37.3971860834756,22.50634799160142,23.42027593098919,0.9470508750813876,0.235674256523091,0.7274431932093519,False,False,1,False
362,139729,2.122537448832269,32.190865033709606,21.139777712572197,81.78065398020453,56.49671149153004,35.376072185177264,0.7534754514655109,0.4922926036083708,0.2935216407894314,True,False,1,False
363,72836,1.1064069564882535,25.907121346708056,27.47690702399912,20.90514306112362,43.14955516502828,26.457051344361307,0.9389298745223444,0.392206138202149,0.6342870315708011,False,False,1,False
364,346957,5.270410763939466,43.59088452112472,73.53033373011641,84.71257821574432,124.15573687805694,54.30064882827857,0.5173351507679387,0.4074377591889762,0.4457698040039017,True,False,1,True
365,80921,1.2292212274971988,26.83227794112217,51.577686879796346,27.842290629132115,33.60292136775374,29.12700686938769,0.7817809022005654,0.3823908314824055,0.5052864424686645,True,False,1,False
366,100463,1.5260717511900628,28.838489630480854,63.3066900251834,26.42393717089874,31.672247494102308,29.84262800831008,0.9024150657872376,0.3666629730873308,0.4502519229134791,True,False,1,False
367,133979,2.035192729190781,31.74310270106893,43.45724329932303,47.54583180946268,64.13181170183387,38.25928410251922,0.5711334605180285,0.7898432536398562,0.2638214059833925,True,False,1,False
368,64671,0.9823774545973398,24.90043815030041,28.09701411761068,30.08073170354564,32.950008504584744,26.80139933612062,0.8019523383091225,0.3294157361491925,0.4817637131873108,False,False,1,False
369,106696,1.6207534272814363,29.422970044786474,32.80344155357277,35.59578615880633,38.90488865561971,31.52072057254444,0.8133381017308952,0.3323645159363909,0.4057803656502994,True,False,1,False
370,93595,1.421744179973064,28.16575170472293,23.543159356803248,47.87303808964154,39.67616859874993,28.232382492323097,0.9929364455420132,0.3006531973893211,0.4830420993854777,True,False,1,False
371,11912,0.180947878325115,14.16767845909914,6.880288784419073,30.346205507051717,32.63817998656817,16.42518675812572,0.6417488906091868,0.3588153109362363,0.316832470904543,False,False,1,False
372,41550,0.6311605393224083,21.48625898842881,13.190108303249096,39.037641395908544,45.32712394705175,23.476614470346043,0.7666127086013143,0.3613141831661369,0.3518702499185181,False,False,1,False
373,176947,2.6878932358960816,34.82717099303634,49.60407353614359,48.31743403391976,61.852181726731736,37.73592528350664,0.7861213378474566,0.319165365712923,0.3348334387145534,True,False,1,False
374,199323,3.027793313582681,36.237336477581934,57.14169463634403,46.53514145382118,87.52621122499662,39.92982140021649,0.7474406315295281,0.3742868214187907,0.4050456414916401,True,False,1,True
375,68214,1.0361969922825214,25.34710141810837,31.060793971911924,33.811959421819566,25.59050927962002,27.133023906612436,0.8152490757860176,0.306278170201166,0.5276381762740537,False,False,1,False
376,272059,4.132681231468474,40.19680139107924,68.67262615829655,64.07951584031404,66.73152147144553,46.41075818866865,0.6497084245195398,0.5255804308438802,0.3611590873865455,True,False,1,False
377,41563,0.6313580143407282,21.48849960006879,19.16324615643721,16.464788393523087,31.968890599812333,22.081074314547823,0.921632284963748,0.2440021367559388,0.5491969461084723,False,False,1,False
378,56495,0.8581808584601555,23.803480745162688,21.694946455438533,39.8196654571201,17.368829099920347,24.233837503144745,0.9476649740947638,0.2510722011910469,0.6469952154330508,False,False,1,False
379,31669,0.4810643350132695,19.62675857105027,20.29353626574884,29.48444851432,34.53370804256529,20.14074294872276,0.9253782349900566,0.2636057236408429,0.5966790801191354,False,False,1,False
380,153345,2.3293697449433144,33.20424962617177,47.07550295086244,60.99688284587042,21.66954253480713,36.24917068344912,0.7685759404191244,0.3274121299844029,0.3858707116600726,True,False,1,False
381,162699,2.471460615817485,33.86611858625243,50.32538614250856,41.759076576991866,51.55114044954179,34.70760851242281,0.9290138826689636,0.296622472340691,0.3908634564837911,True,False,1,False
382,63017,0.9572525561126404,24.686320985722883,37.81579573765809,28.60152022470127,30.162559309392705,26.8042654622865,0.7811912742342895,0.2823460698921501,0.4527706576548237,False,False,1,False
383,71666,1.0886342048394635,25.767652320604995,20.745765076884435,36.79426785365445,37.60286607317278,30.354547778779207,0.611720809374322,0.3566498773797273,0.3149432490772491,False,False,1,False
384,72292,1.0981433864908676,25.84246143675489,34.68436341503901,31.04600785702429,40.74391357273281,29.454469759995263,0.6753797013898056,0.3611943305634501,0.3963092284492265,False,False,1,False
385,116183,1.7648646194968802,30.270388324328074,56.94585266347056,34.03257791587409,35.61876522382793,33.015729329712755,0.7707105265434485,0.3429130170067171,0.3688294842031855,True,False,1,False
386,81119,1.2322289239300708,26.85414479787558,37.72990298203873,45.53525068109814,44.0090114523108,28.036861902591017,0.878710409922376,0.2690270881916076,0.5289258921976577,True,False,1,False
387,19400,0.2946934888773699,16.668801450430315,9.394639175257732,21.348092783505155,23.049278350515465,18.06432966000425,0.7856833866718287,0.2800167315711114,0.4300803616833542,False,False,1,False
388,75491,1.1467374313835843,26.218158804703336,35.810692665350835,38.70079877071439,68.16119802360546,29.52854156337903,0.699971853408368,0.3758326806358311,0.4505512407061354,False,False,1,False
389,26590,0.4039123643942921,18.51583247063652,26.169010906355773,23.15814215870628,35.424257239563744,20.240450572178485,0.7655423125682074,0.3815557373392859,0.4507314405136174,False,False,1,False
390,93885,1.4261493919202,28.194811826711984,25.75050327528359,23.750130478777223,42.87652979709219,28.75189454169228,0.9429924178867608,0.283174560327079,0.5811704773136022,True,False,1,False
391,101062,1.5351707924188025,28.895691574110295,48.82170350873721,44.92056361441492,41.96514021095961,31.250357134812795,0.7905590680598581,0.3635222891144896,0.4307125085947291,True,False,1,False
392,217967,3.3110028706254484,37.33367242089356,56.13221267439567,53.60446764877252,54.91085806567049,43.12997109115697,0.6485816188144502,0.3773503317073995,0.2595538697259659,True,False,1,False
393,20645,0.3136055194780053,17.018009403791524,13.11407120368128,23.43453620731412,18.77074352143376,17.193951429215797,0.969614700261612,0.2075163798273798,0.7291380159739699,False,False,1,False
394,33694,0.5118248667130981,20.03647508696808,28.25761263132902,24.864456579806493,24.851575948240043,21.19794268729939,0.8444672691891821,0.2496389657615328,0.6162318785794384,False,False,1,False
395,100234,1.522593152790428,28.816561032154496,46.11686653231438,57.42967456152603,47.49572999181915,31.398270223826906,0.7730530254261345,0.32738877277382,0.381173981405459,True,False,1,False
396,127388,1.9350728949025984,31.21379951831241,48.5885640719691,51.69064590071278,40.87030960530034,31.8965183737052,0.9371520675466296,0.284984520660908,0.5938171633020667,True,False,1,False
397,43740,0.6644274847162971,21.857310567047524,12.548399634202104,35.17466849565615,40.991312299954274,24.76144677109683,0.6877999196776412,0.3317035599261088,0.3846428266282611,False,False,1,False
398,12253,0.1861277999595059,14.301599372121826,9.593079245898965,21.85742267199869,17.46861992981311,15.044572653801296,0.859041720245911,0.2535934101239446,0.5051907089267691,False,False,1,False
399,83273,1.2649490154270735,27.08976268694614,31.55487372857949,36.46854322529512,44.52085309764269,27.53180625203548,0.9526019969538748,0.2907791226342831,0.5453061264259866,True,False,1,False
400,16240,0.2466918690396128,15.709624528217963,21.513793103448275,22.53977832512315,21.773091133004925,15.634032257618982,1.0145755788501385,0.2242794839557094,0.6996971301027702,False,False,1,False
401,25864,0.3928841441404276,18.34575942339597,11.764421589854624,29.663586452211568,29.87047633776678,19.59212768476284,0.8210361413645032,0.2618881077074135,0.4843482405190693,False,False,1,False
402,145351,2.2079377990626083,32.61693425582405,50.27205867176696,45.579631375085135,44.671168413014016,34.79969001033703,0.8233856402581303,0.3051634070186958,0.3813909656948431,True,False,1,False
403,57467,0.8729459136760732,23.939218693345023,20.307376407329425,38.00140950458524,22.28134407573042,24.595595757019645,0.9220572286456984,0.2418324766054785,0.5814758231402782,False,False,1,False
404,115324,1.751816077901743,30.19560225193289,44.63671048524158,34.11044535395928,24.26340570913253,30.557267918261505,0.9649115882600708,0.272845605406557,0.4490965697459101,True,False,1,False
405,32353,0.4914545590541005,19.767055553466,31.886162025159955,19.48335548480821,30.11402342904831,20.30693038928037,0.9223443848722278,0.2491528050331915,0.6133613504282356,False,False,1,False
406,52640,0.7996219203352967,23.249257651735345,35.02912234042553,29.261265197568388,30.03514437689969,23.72380127628621,0.9411837902808804,0.2682973625669052,0.6421436950520905,False,False,1,False
407,63585,0.965880695374617,24.76026881834024,38.84477471101675,31.638531100102224,47.71589211291971,29.86770663274492,0.5697186486664028,0.3457897154746929,0.3837764008526588,False,False,1,False
408,95986,1.4580643929578987,28.403580828423333,26.47945533723668,46.029379284478985,44.84457108328298,28.05330259838801,1.0379281617216238,0.3125405290381369,0.6923011318103146,True,False,1,False
409,80676,1.22549958292117,26.805171035364204,64.37685309137785,43.47507313203431,36.815831226139125,29.24591557628645,0.7699456719181778,0.36730705868545,0.4278341452648073,True,False,1,False
410,172527,2.62075172966732,34.53473706325795,75.09276808847311,49.53800854359028,41.986923785842215,35.68329489488443,0.9065121181366746,0.3474527184153702,0.5238715149254572,True,False,1,False
411,123984,1.883364820874837,30.93325901434066,31.307967157052524,69.83264776100143,41.597690024519295,31.161765966882847,0.9781621403859933,0.3672343456598118,0.5442545849108282,True,False,1,False
412,151980,2.3086348680197264,33.10543333395763,29.593821555467823,53.72345045400711,76.67226608764311,34.68793533008644,0.8692855857053915,0.4165386507160579,0.393754029116666,True,False,1,False
413,76512,1.162246815514708,26.33582827643389,46.36772009619406,57.18317388122125,47.66654903805939,29.406691307998045,0.7182943613539998,0.3738970944412511,0.4122541681536665,False,False,1,False
414,159010,2.4154232817727115,33.608201787563864,67.44288409533992,59.16722218728382,60.06378844097856,34.68331022977521,0.909859233295476,0.3683424760392583,0.4695193091942269,True,False,1,False
415,76514,1.162277196286757,26.33605774456795,25.64488851713412,42.39034686462608,52.74398149358287,30.002944495353464,0.6763331297959216,0.3506564634515328,0.5284887997342266,False,False,1,False
416,89418,1.358293937548282,27.74036136408069,43.84678700038024,46.70318056767094,38.92352770135767,28.09231757273624,0.9628832559838536,0.3445605055906268,0.7722547154791904,True,False,1,False
417,47948,0.728348629107842,22.536888832136157,44.94508634353883,58.07631183782431,31.39907816801535,23.979337730026167,0.8301763060363924,0.4383918871582289,0.5742603939395605,False,False,1,False
418,125920,1.9127734082184755,31.093434941826207,37.799404383735705,49.84621188055908,46.2165581321474,31.81640873757437,0.9333674123928362,0.3369651012667495,0.5796215354327776,True,False,1,False
419,41671,0.6329985760313858,21.507095873336777,23.215185620695447,34.02176573636342,45.45439274315471,22.600820133032904,0.8617329835496815,0.3061425247321677,0.6168075829960207,False,False,1,False
420,91074,1.3834492168050303,27.91056323794024,41.309550475437554,50.672980213892,32.79787864813229,27.26669125142869,1.0725276086377211,0.3088491672727443,0.721331941854091,True,False,1,False
421,21514,0.3268059649333885,17.25351232101556,26.297713117040068,37.49330668401971,34.52059124291159,19.900733175391675,0.6516663928446993,0.5079854791394789,0.32974619813252,False,False,1,False
422,113639,1.7262202774502808,30.047817397178747,36.74809704414857,54.68601448446396,67.74477072131927,32.84557631818996,0.7656109469114066,0.3747582354635637,0.5263496408955227,True,False,1,False
423,49990,0.759367397370089,22.8523837912875,43.95973194638928,41.01500300060012,50.55405081016203,23.261559646192588,0.9481521568768494,0.4793758198774161,0.6607486818722429,False,False,1,False
424,196672,2.987523600231449,36.07596650078702,55.94936239017247,68.09421269931663,56.25272534982102,37.01283478695973,0.9259699199743328,0.3245007325200755,0.5855925997808465,True,False,1,False
425,54354,0.8256582419814725,23.498905435800594,44.62552893991243,41.66289509511719,28.27306178018177,24.380658345201105,0.8953784034109473,0.3551174276463683,0.4325830955301712,False,False,1,False
426,100466,1.5261173223481366,28.8387766834514,46.77164413831545,51.59714729361177,58.32483626301436,30.573603215792517,0.8392486031656377,0.3823348222326916,0.4553048999284082,True,False,1,False
427,8832,0.1341614893693263,12.823015001998764,14.189085144927535,23.61401721014493,27.065896739130437,15.30879663873606,0.5876886310004397,0.4480786543842128,0.2685723650259324,False,False,1,False
428,56180,0.8533958868624044,23.759157793206825,33.427198291206835,65.95024919900321,43.10229619081524,31.41334566743048,0.4326637856013857,0.4364055243140482,0.2802435536442895,False,False,1,True
429,55427,0.8419575261858755,23.652529230898544,42.275966586681584,30.750572825518248,37.65709852598914,24.82815955743475,0.8645680466626294,0.2872999853721169,0.647715777257248,False,False,1,False
430,84296,1.2804887803302465,27.200243124408995,43.44099364145392,53.480188858308814,60.79366755243428,29.431216654144173,0.789393799074024,0.3775294580591743,0.5080994303213066,True,False,1,False
431,27478,0.4174014271841429,18.719697936731546,30.326843292816072,24.476017177378267,21.730256932818985,19.14653063461816,0.9346009906507226,0.3609615468783588,0.5895562313002399,False,False,1,False
432,44040,0.668984600523679,21.907167743821656,45.021866485013625,28.614554950045413,40.30737965485922,23.720994518807704,0.787698505533851,0.3862838023041173,0.6328126504129931,False,False,1,False
433,36027,0.5472640373085056,20.488641498446324,45.46881505537514,43.24959058483915,29.31337607905182,22.72772828059199,0.7326075744183365,0.4987087996107954,0.4155029998481638,False,False,1,False
434,197250,2.9963036433536714,36.11127319531098,63.770610899873255,53.279381495564,32.39151837769328,36.24506386488311,0.9889669871511908,0.3158292950949945,0.5681379698125516,True,False,1,False
435,27548,0.4184647542058654,18.735580554352047,21.85857412516335,25.05357920720197,25.254973137795847,18.3964269655657,1.0563334273576064,0.3104938119175842,0.7988753509642417,False,False,1,False
436,30598,0.4647954315809158,19.40296693834282,31.12118439113668,31.25903653833584,46.59503889143081,20.480190672016143,0.8503592575683563,0.4331273900408568,0.6149820886289441,False,False,1,False
437,108656,1.6505265838896654,29.602044099192,34.100104918274184,72.8713738771904,61.23237557060816,39.83784521227223,0.4102773901951739,0.3961572984861246,0.2621259212958383,True,False,1,False
438,72210,1.0968977748368498,25.832686802586217,49.37511425010386,35.555698656695746,48.51131422240687,27.29151204679921,0.8480587556330615,0.3813725568816774,0.5943304721000691,False,False,1,False
439,62745,0.9531207711139472,24.650751941454065,59.44250537891465,27.440369750577734,39.611076579807154,27.886219053700216,0.6907511405738139,0.4248366365147666,0.3962531801211517,False,False,1,False
440,147255,2.2368602940534594,32.758736815559296,33.89129061831517,52.67120301517775,52.19939560626125,36.26563066487522,0.737047941881311,0.3531813992560917,0.4692421271599293,True,False,1,False
441,120816,1.835241677948883,30.667516989469675,64.48113660442326,34.08777810885975,45.83542742683088,30.54079012106062,1.0125000145198408,0.3422956928181834,0.5403758387034502,True,False,1,False
442,60810,0.9237273741563334,24.39469904895088,38.840601874691664,37.84237789837198,21.696267061338595,26.41665437505576,0.7875043326168346,0.4054350735335199,0.6252171632764226,False,False,1,False
443,49764,0.7559343701285278,22.81789395139077,27.772445944859736,70.95679607748573,34.185616108029905,25.87277129184395,0.6859584710281219,0.5453941431795019,0.3265624095507942,False,False,1,False
444,185784,2.8221306771955312,35.397552396840204,61.905815355466565,45.808885587564056,39.92614541618223,37.61294550792574,0.8335039560944101,0.3507408009252338,0.4889355557678426,True,False,1,False
445,27967,0.4248295259501756,18.83009124010057,21.565559409303823,31.17813852039904,43.83516287052598,20.177794996178843,0.8127110358035613,0.3588259582640471,0.4342867593868448,False,False,1,False
446,101483,1.5415659449351615,28.935760155322807,34.11529024565691,36.257195786486406,40.81960525408197,29.41129979005587,0.952274234847144,0.45762784719752,0.6731472144088847,True,False,1,False
447,68021,1.0332652477797724,25.32317372229493,39.40377236441688,33.97352288263919,34.31893091839285,25.784605079040052,0.9472681839573271,0.3311150420432079,0.6801703139982826,False,False,1,False
448,144647,2.197243767301285,32.564189534280025,62.79694013702324,45.96678119836567,50.88011503868037,34.82284181701844,0.8177643828727554,0.3304579281891588,0.5668624255790362,True,False,1,False
449,28688,0.435781794273917,18.99053592480251,19.38814138315672,32.11154489682097,21.766452872281093,20.03262090086569,0.8519190809108919,0.362143478246829,0.4538057983598833,False,False,1,False
450,47089,0.7153000875127049,22.40149242878439,55.82719955828325,35.70075813884347,53.25919004438404,25.250909803312812,0.6982320288660211,0.5180337921573268,0.5923858053981319,False,False,1,False
451,89666,1.3620611532823843,27.765983569983177,50.99975464501595,30.15678183480918,36.430185354537954,27.431890090054544,1.0369838455691769,0.3377654209299782,0.699008014404445,True,False,1,False
452,183208,2.7830002427961444,35.233188025089895,34.10846142089865,129.2332594646522,90.42690821361512,50.10997296104182,0.3476028425253788,0.6684034334892232,0.223271402448512,True,False,1,False
453,128783,1.9562634834069248,31.327324774196946,36.37659473688297,65.90082541950413,33.92306437961532,31.00006743068765,1.03200550264312,0.3958639991598753,0.7221204187619834,True,False,1,False
454,236897,3.5985568780712534,38.38459687459151,47.28839537858225,33.38545021676087,71.266981008624,40.59347433872748,0.8454779407616487,0.3717101919268618,0.4044787625061644,True,False,1,False
455,33430,0.507814604802602,19.984007733565008,42.094466048459466,47.45626682620401,46.041818725695485,22.82799237128073,0.6708796385279964,0.448803786739946,0.5033611891007486,False,False,1,False
456,68101,1.0344804786617408,25.333097423353266,38.41398804716524,27.84568508538788,32.73702295120483,25.99930783908967,0.9250804888664677,0.3483252711694962,0.5378633274336503,False,False,1,False
457,69905,1.0618839350501312,25.554842594121663,58.7508761891138,33.485129819040125,43.140648022316,28.19866085348696,0.7442762793006894,0.4046120889210829,0.5036209417244353,False,False,1,False
458,34266,0.5205137675191732,20.14922131435808,19.582676705772485,22.67845677931477,38.42178836164128,21.80062298641224,0.7895290025332996,0.4135735093956822,0.5927867463982573,False,False,1,False
459,70368,1.0689170837795243,25.611137403080257,29.71987266939518,46.6050051159618,48.78775864029104,27.939561493124103,0.7702431442009136,0.3225891426519932,0.4214238579926428,False,False,1,False
460,160438,2.4371151530158497,33.70850901773904,18.019727246662264,87.52751218539248,70.41209688477792,60.78609784526262,0.1705319804693399,0.399726251919347,0.0792640590173187,True,False,1,False
461,87980,1.3364501624448974,27.590852285865672,30.936724255512612,52.76958399636281,55.81596953853148,34.423895139335364,0.5148910204212247,0.3315120479135654,0.3305299606335015,True,False,1,False
462,119618,1.817043595491404,30.565814691421046,34.80954371415673,57.45646140213012,84.46240532361351,38.56480173787718,0.4978913927372224,0.3959091620331331,0.2752398346653085,True,False,1,False
463,40184,0.6104104720127956,21.24816932773348,27.16521501094963,31.756370694803906,23.24009556042206,21.03722090443083,1.0303848245852278,0.3915449756791758,0.7653617739161431,False,False,1,False
464,35825,0.5441955793315351,20.45027707844143,28.200307048150734,34.14615491974878,24.71260293091417,19.77408463594234,1.106135737100851,0.2868118091871577,0.7130748108340225,False,False,1,False
465,80003,1.2152764531266098,26.730426473417413,31.60101496193893,52.27803957351599,75.19428021449195,31.433475551915443,0.6149509185568546,0.4104748597475548,0.3155006256263422,True,False,1,False
466,95452,1.4499527268207586,28.350810193063293,31.95435402086913,73.41583204123539,49.14424003687717,31.32485084819876,0.7413604060384312,0.3435919151028974,0.3805560220236998,True,False,1,False
467,49041,0.7449517210327371,22.70685060835846,36.31875369588712,65.92514426704186,50.828510837870354,27.201846133053078,0.5816685315043684,0.4713052324850084,0.2568259271564231,False,False,1,True
468,34502,0.5240986986209804,20.195373388849728,41.09799431916991,80.93716306301084,41.7569706103994,32.71740240471426,0.2351901963833723,0.5803951634656421,0.2511476113155961,False,False,1,True
469,31018,0.4711753937112506,19.49134135614037,39.88248758785222,39.98604036365981,39.24040879489329,25.71761538932321,0.4353445290264621,0.4178536638380074,0.368233681185902,False,False,1,False
470,8859,0.1345716297919907,12.836068640128826,11.643187718704144,24.167400383790497,34.32814087368777,16.149739698377047,0.5021107413788495,0.4490446685704313,0.2873112258121938,False,False,1,False
471,5582,0.0847927347893546,11.00441789073328,7.045861698316016,22.237011823719097,27.41992117520602,15.082714749412718,0.3883851982475473,0.4750327310902719,0.1296568121602858,False,False,1,False
472,39241,0.5960859379915915,21.08064132121088,22.608419765041667,59.39267602762417,82.46749573150531,40.79661352533516,0.137968236700809,0.5070190524081388,0.1252351885599088,False,False,1,False
473,7685,0.1167381165991024,12.241982495523084,19.80377358490566,25.371112556929084,33.04150943396226,15.492334721649277,0.4934062514231085,0.3793679069779062,0.4674382845595015,False,False,1,False
1,231524,3.516938933961041,38.09217778269345,39.56056391561998,40.20923100844837,39.54679860403241,37.677212557395,1.033406317087565,0.0106890311800009,0.9890578738211012,True,True,3,True
2,236499,3.59251110443346,38.363088746601086,40.61212520983175,41.12014004287545,39.79344944376086,37.9299863825727,1.0346480392783837,0.0133853887849034,0.9917027878767144,True,True,3,False
3,233358,3.54479810193017,38.19249480558332,41.02008930484492,41.10087933561309,40.20746235397972,37.742865017236106,1.0361663710482545,0.0152453344795799,0.9837375408832456,True,True,3,False
4,223639,3.3971627401570177,37.65473921112723,37.76011786852919,39.79053295713181,40.057525744615205,37.21622129299372,1.0357670857585877,0.0139731153469678,0.9837019942462988,True,True,3,True
5,233409,3.545572811617425,38.19527690483984,40.367685050704985,39.21601566349198,40.62467599792639,37.75839642424832,1.0351144308454407,0.0171668104611637,0.9687899837151196,True,True,3,True
6,250387,3.803475185543198,39.099786783749664,57.76727226253759,41.04394397472712,40.99799110976209,40.78737231385513,0.8809393016254385,0.2501329269163415,0.7560068324325983,True,False,3,True
7,228550,3.471762725923861,37.92837231141011,40.40953401881426,41.40276088383286,40.26665499890615,37.506293939197775,1.034141954737738,0.017620414428111,0.9855381000992218,True,True,3,False
8,218959,3.326071733561858,37.39022373484762,39.56798761411954,39.8337405633018,38.94016688055755,36.946563579970615,1.0364587915930947,0.0148716540220475,0.9841381599580334,True,True,3,False
9,228434,3.4700006411450066,37.92195440759774,40.16089548841241,41.474968699930834,39.68305506185594,37.51974223211147,1.032506031131755,0.018063503603597,0.9857839797374416,True,True,3,True
10,233759,3.5508894467260377,38.214358817521145,40.691699570925614,39.95655354446246,40.28079774468576,37.78472825922467,1.0345007784907534,0.0155159314674924,0.9869226278478156,True,True,3,False
11,220150,3.344163483317165,37.45789433062826,39.610601862366565,39.88276175334999,40.27866454689984,37.00613547793113,1.0370719244180593,0.0139921180736383,0.98639507228838,True,True,3,False
12,216294,3.2855893548062816,37.237909116832206,38.50922818016219,38.70564139550797,40.80160799652325,36.80731751089876,1.0355077659817673,0.0142683138937036,0.9886515034326367,True,True,3,True
13,211711,3.215971815655509,36.9730210523906,39.472205034221176,38.35583885579871,39.24848023957187,36.53126695507102,1.0367179330477712,0.0137786562748508,0.9793480768518398,True,True,3,True
14,222441,3.3789646576995387,37.587381895757424,39.8651597502259,38.99558085065253,40.03704353064408,37.15157045046303,1.0356063370535744,0.0138934643709822,0.9863070720701907,True,True,3,False
15,215568,3.274561134552417,37.19619887324296,39.08687745862095,40.15210513619832,38.877801900096486,36.77810370672971,1.0344933038445965,0.0131734114120354,0.9805071334833892,True,True,3,True
16,226063,3.4339842358806645,37.79029589792097,40.311568014226125,39.85408934677501,39.81611320738024,37.34288271932204,1.0363760193614344,0.0148232258718545,0.9832991680548888,True,True,3,False
17,223650,3.3973298344032883,37.65535656817806,39.75967359713839,39.14963559132573,41.3850927788956,37.21374142574036,1.036025121249771,0.0152448958861576,0.9910029252173488,True,True,3,False
18,224082,3.4038920811659183,37.679585872100446,39.18530270168956,39.837233691238026,41.14215778152641,37.24897418752157,1.0350835617075873,0.015034500570121,0.9917749283123076,True,True,3,True
19,214189,3.253613592224484,37.1167137850091,39.48741065134064,40.032471322056686,40.07806656737741,36.67312124764929,1.0367282454601168,0.01417871852263,0.9843228060186416,True,True,3,True
20,214831,3.263365820052282,37.15376075740592,39.41577798362434,40.57606676876242,38.40117115313898,36.73400670159064,1.0346737666996084,0.0160104122003045,0.9767567055873346,True,True,3,True
21,233640,3.549081790789109,38.20787310561795,41.93259715802089,39.38111624721794,39.32199109741482,37.84859981761163,1.0287483108302566,0.1442041773271012,0.8723225919638165,True,False,3,True
22,213022,3.235886411733768,37.04918135490456,39.04515026616969,39.95739407197379,40.098064988592725,36.6216997582858,1.0354290734988487,0.0146997967590067,0.9790738238573624,True,True,3,False
23,206915,3.143118724281495,36.69169617503545,38.37422613150328,38.31596549307687,38.92642872677186,36.26852137861804,1.0354134809012336,0.0139689547432781,0.9849189472881156,True,True,3,True
24,212902,3.2340635654108154,37.04222317398294,38.79951808813445,38.74633399404421,38.11125776178712,36.60151833676422,1.036558523738383,0.0147761371431056,0.977674879289544,True,True,3,True
25,205441,3.120728095281225,36.6043616079748,38.639103197511695,38.16192483486744,38.89771759288555,36.16646203462764,1.036765250522811,0.0130354214145181,0.9863304658649086,True,True,3,True
26,232764,3.5357750126315537,38.16006163690671,64.558982488701,39.94859600281831,38.83314000446804,38.52291665428882,0.9720077312950246,0.1900989011059513,0.8214335946776165,True,False,3,True
27,206882,3.1426174415426837,36.68974547007718,38.63616457690858,38.1247716089365,38.01094343635502,36.263866832332006,1.03564702748256,0.0142368507206573,0.9819574654695968,True,True,3,True
28,210478,3.197242069687169,36.901104582828935,39.168350136356295,39.46159218540655,40.37072758198006,36.47325091086339,1.0356062818543892,0.0141346982559995,0.98877143074721,True,True,3,True
29,218732,3.3226235159342727,37.37729815582664,39.1743366311285,39.53265640144103,39.85532066638626,36.943900952556014,1.0356081534610109,0.015861260164526,0.9815246986058148,True,True,3,False
30,208266,3.1636409358007387,36.771379434889,39.02926545859622,39.52919823687016,38.80995457731939,36.34631335987286,1.0354965756648922,0.0149352103166971,0.9784735484978074,True,True,3,True
31,213935,3.249755234174234,37.10203613363907,39.70247037651623,38.727814523102815,39.13993035267721,36.65853362908646,1.0367354896323548,0.0155921924983795,0.9800361183253052,True,True,3,False
32,211991,3.2202251237423987,36.98931352238181,54.37602068012321,39.18121524026964,38.34477878777873,36.45034929653035,1.0450179033995255,0.0403664795427801,0.960215749981738,True,True,3,False
33,200061,3.039003818468841,36.28200470660481,38.051924163130245,37.16442485042062,38.52229070133609,35.848714715306926,1.0366999019018923,0.0118864359187323,0.9867093844217806,True,True,3,True
34,218540,3.3197069618175483,37.36635852488565,39.67470028370092,39.4096504072481,39.55857966504988,36.91320510516843,1.037282526304153,0.0156399170449162,0.9805410653029818,True,True,3,False
35,217870,3.309529403181062,37.32813350360647,40.81567907467756,39.66513976224354,40.547936843071554,36.87808387196297,1.037059755013813,0.0180351422243281,0.9718095184029818,True,True,3,False
36,214241,3.254403492297764,37.119717227368014,39.20723857711643,39.58888821467413,39.89785335206613,36.67619631555375,1.0367191276172774,0.0140252932957678,0.984391403599371,True,True,3,False
37,209631,3.184375812724327,36.8515392203966,38.45619684111605,39.59183040676236,37.92391869523114,36.43329959747047,1.0348356494407054,0.0172150951013935,0.9769992970160386,True,True,3,True
38,207389,3.1503189672571588,36.71969253499012,38.24238990496121,39.17596883151951,38.68722545554489,36.30667005562206,1.0345175264592157,0.0362097772166388,0.9770893336098092,True,True,3,True
39,214569,3.259385938913835,37.13865082573237,39.27432201296553,38.52674897119341,39.16582544542781,36.729526423276894,1.0337901303513186,0.0154727438324417,0.9855241571347684,True,True,3,False
40,205392,3.119983766366019,36.60145119194824,38.76484478460699,38.59437076419725,38.51524888992756,36.16239617452504,1.0368676272334625,0.0139626936336066,0.9866994984470256,True,True,3,False
41,208793,3.1716462692357066,36.80236896214927,38.85527292581648,39.24263744474192,37.76615595350419,36.36361092385699,1.0366360746222898,0.0150148922663973,0.9804442027175788,True,True,3,True
42,203867,3.0968184276784942,36.51063958923491,37.95018811283827,38.56829207277293,38.92986113495563,36.1058776091202,1.0340096832554286,0.0138726898957787,0.9899017059521196,True,True,3,True
43,202349,3.073759421693141,36.41979395030452,38.28944052107992,38.86095804772942,38.04088974988757,36.01060629411823,1.034477746922147,0.0119506123249851,0.9874465366650228,True,True,3,True
44,210668,3.2001282430318443,36.912204873973074,39.431085879203295,40.49797786089962,38.34026050468035,36.48892362628499,1.0352060598367607,0.0170132828044658,0.9691422065348984,True,True,3,True
45,200048,3.038806343450521,36.2812188191707,38.00147464608494,38.81410461489243,37.71716288090858,35.84096965168282,1.037304716318494,0.0151688466550283,0.989001837591912,True,True,3,True
46,219400,3.33277069379871,37.41530914801664,40.98941659070192,39.37412032816773,39.28231996353692,36.9884611648693,1.035021146316134,0.0167269715391333,0.975284395220322,True,True,3,False
47,200298,3.0426039399566727,36.29632607499437,38.25505496809753,38.89904042975966,38.81095667455492,35.857742815355905,1.037144239637027,0.0155104479350782,0.9799947247897496,True,True,3,False
48,204767,3.11048977510064,36.56428786555387,38.29851489741999,38.26493038429044,38.477015339385744,36.12470831260395,1.0369511820697936,0.0140572397567402,0.9824981109814792,True,True,3,False
49,207048,3.145139045622768,36.699556005373374,39.16625130404544,38.36607936323944,38.15235597542599,36.28445649819367,1.034714568382739,0.0147091323925426,0.9860476504633578,True,True,3,False
50,200203,3.0411608532843357,36.29058679940536,37.67871110822515,40.49835916544707,41.42256609541315,35.85225573252995,1.0371283717357214,0.0169695913136601,0.98948433150332,True,True,3,True
51,195915,2.9760244780108214,36.02962094355748,38.37084960314422,38.66918306408392,37.258535589413775,35.58117216334,1.038289174358838,0.0152231695503875,0.9763595229012196,True,True,3,True
52,203594,3.0926714522937764,36.49433507523701,38.793029264123696,38.459694293545,38.462798510761615,36.072713095962406,1.0354757744500944,0.0140510503183541,0.9830411801769584,True,True,3,True
53,212795,3.232438194106183,37.03601659058115,39.15594821306892,38.97167696609413,38.70537841584623,36.602449725033296,1.0359584843318383,0.0150280137692936,0.9868964193710432,True,True,3,False
54,199582,3.031727623563054,36.253025263998246,38.91362447515307,38.79557274704132,36.82997965748415,35.821573341932755,1.0365703699097362,0.0150604723432884,0.9864181855207292,True,True,3,True
55,207648,3.154253277237532,36.73497210471272,39.36209835876098,38.40600439204808,38.12067055786716,36.342315672650216,1.032764625660279,0.0148401448542922,0.985676037166731,True,True,3,False
56,197931,3.0066482962364285,36.152783174863934,38.0698374686128,37.98423693105173,38.85863760603443,35.70981353869114,1.0376776481977563,0.0146540229602442,0.9813434878052112,True,True,3,True
57,199850,3.035798647017649,36.26924493844157,38.768061045784336,40.81174881160871,37.74169627220415,35.83478836333292,1.0368143789933242,0.0159610631637889,0.9778118448681468,True,True,3,True
58,196501,2.984926044221241,36.06550783687136,38.00088549167689,38.55377326324039,37.96270756891823,35.617084651771115,1.0382478730861897,0.014790576081528,0.9806168417495458,True,True,3,False
59,197487,2.9999037648415032,36.1257302233565,38.96515213659633,38.15749897461605,38.69237468795414,35.68145124493535,1.037820807839193,0.0145037416753723,0.9850802749504718,True,True,3,True
60,202351,3.0737898024651904,36.419913939939455,39.37514022663589,38.70175091795939,38.21610468937638,35.978040219634714,1.037299663045556,0.0167208081995481,0.9679937783589898,True,True,3,True
61,209546,3.1830846299122357,36.8465577620311,38.53546238057515,40.08716463210942,38.58379544348258,36.43703011125033,1.0340983643588548,0.0165535741147164,0.983786917570048,True,True,3,True
62,198436,3.014319441178855,36.183503729683416,37.89189965530448,39.28527081779516,40.18419036868311,35.75129819696995,1.0367078937638268,0.0151859365365358,0.9932647458650328,True,True,3,True
63,197473,2.999691099437159,36.12487654324112,38.16645819934877,37.61629184749307,37.865515792032326,35.693402077277455,1.0367052121689182,0.0135896071443149,0.9916730071799847,True,True,3,True
64,220269,3.345971139254093,37.46464228507629,59.83940999414352,41.62052308767915,37.69799654059355,37.7040579225189,0.9810711144923484,0.1552240505802645,0.8313635413038868,True,False,3,True
65,193721,2.9426967710728347,35.89462035503366,37.86268396301898,37.07234631248032,37.59961491010267,35.463597480075805,1.0369068081763573,0.0132018344961239,0.9882933015652832,True,True,3,False
66,204069,3.0998868856554647,36.52269436786943,37.90353262866972,38.96040064880016,39.391989964178784,36.082458932058,1.0370508433964711,0.0163025716585084,0.9757702769646226,True,True,3,False
67,200426,3.0445483093678223,36.30405612460664,39.01095666230928,38.35211000568789,38.20611597297756,35.88667937583419,1.03529859858697,0.0146230839827628,0.9871897926233684,True,True,3,False
68,203603,3.0928081657679978,36.49487281894266,38.945948733564826,38.59752066521613,38.75136417439822,36.08030882390783,1.0348676832627637,0.0154326868599067,0.9914832553329714,True,True,3,False
69,172838,2.625475939720973,34.555475568212586,38.20058667654104,38.11856189032505,34.82430368321781,34.66045341043203,0.9909412427162364,0.0754684417874197,0.8429145198812913,True,True,3,True
70,204051,3.099613458707022,36.52162050261049,38.33146125233397,39.361453754208505,38.46524643348967,36.0862557344301,1.0366320943690044,0.0162901631943374,0.9916152840427824,True,True,3,False
71,193539,2.939932120816356,35.883375888636174,38.51937335627444,38.20889846490888,38.586687954365786,35.449472967970195,1.0371714054960313,0.0144172769180962,0.9913288621892204,True,True,3,False
72,196239,2.9809461630827943,36.04947167458976,38.17466456718593,37.78188331575273,38.38939762228711,35.609916202707055,1.037489852698161,0.0142717124269958,0.9863801763963276,True,True,3,False
73,199252,3.026714796174934,36.23303331732032,39.33168550378415,38.47671290626945,38.739806877722685,35.83218717889068,1.03393711590152,0.0158169829874156,0.9800605001828678,True,True,3,True
74,199871,3.0361176451241656,36.27051527030274,39.01516978451101,37.85048356189743,38.103186555328186,35.86239267041298,1.0345307203881595,0.014583333667295,0.9896238068401668,True,True,3,True
75,194128,2.9488792581848493,35.91974048718082,37.81124824857826,37.73928541992912,38.39777363389104,35.482690311821,1.0374088499970808,0.0151759821012287,0.9854229193336952,True,True,3,False
76,197928,3.0066027250783547,36.15260052047513,39.84627743421851,37.52267996443151,39.08942140576371,35.739067613682835,1.0351158831103937,0.0150151660170509,0.9950024365399168,True,True,3,True
77,213877,3.248874191784807,37.0986829148356,40.037381298596856,39.505500825240674,40.024406551429095,36.6693041461701,1.0355414051533978,0.0175341767847952,0.9822327741558216,True,True,3,False
78,191588,2.9102956776823485,35.76239245812201,38.22851639977451,37.91489550493768,38.87403699605403,35.339383678899075,1.0363412410301385,0.0142814389264659,0.9833969968200617,True,True,3,False
79,190566,2.8947711031652004,35.6986891864863,37.31985243957474,38.14708290041246,38.00067693082711,35.24625517147504,1.0390055459760057,0.0149753469896205,0.9772822384925424,True,True,3,True
80,194258,2.950854008368048,35.927756717551866,38.03838709345304,38.95800430355506,38.82560306396648,35.503385822884326,1.0362892372886212,0.0156731634756915,0.9916860976037364,True,True,3,True
81,195642,2.971877502626104,36.012877868255195,38.96386256529784,37.60326003618855,38.5958025372875,35.59092902605819,1.035989875290361,0.0157354630027814,0.9886929703895572,True,True,3,False
82,197622,3.001954466954825,36.1339600692361,38.19600550545992,38.94665067654411,37.8974962301768,35.71258698873098,1.0358163147465445,0.0159195570558186,0.9852498567499988,True,True,3,True
83,192012,2.916736401356782,35.78875472557764,38.49417744724288,37.97505364248068,37.82458908818199,35.352545979413144,1.0374750818734837,0.0150619516285136,0.988816641718206,True,True,3,True
84,197750,3.0038988363659747,36.14175972156397,39.23550442477876,38.32815170670038,38.587317319848296,35.730890523104875,1.0348951747082336,0.014404796493664,0.9876996099603782,True,True,3,True
85,193529,2.93978021695611,35.88275785654397,38.556562582352,38.2393233055511,37.85903921376124,35.46210362598597,1.0360100290299694,0.014610099022842,0.9923860860159296,True,True,3,False
86,192386,2.9224176057299847,35.81197604030649,37.93972014595656,38.22691879866518,42.43895605709355,35.3480353768846,1.0398938574234946,0.0302131687002458,0.9857773267786843,True,True,3,True
87,192238,2.9201694285983426,35.80279045827765,37.99853827026914,38.24781260728888,38.60179048887317,35.37058384389098,1.0371079050902627,0.0136004393350759,0.991446926696036,True,True,3,True
88,195211,2.9653304462494985,35.98641292660787,37.77560178473549,38.521794366096174,38.41085287202053,35.58075685809004,1.0345944182257565,0.0157731739173515,0.9847453683809868,True,True,3,True
89,192164,2.919045340032522,35.79819589924081,37.3812108407402,37.30893923939968,38.76506005287151,35.377207789573305,1.0361264575878344,0.0138547841588545,0.9926577999405782,True,True,3,False
90,197507,3.000207572561995,36.12694969639448,38.35490893993631,38.20350164804285,38.44738161179097,35.70813487318634,1.0356008152918064,0.0165777297967202,0.9794918771946453,True,True,3,False
91,196745,2.988632498411245,36.08042946413903,37.84237464738621,37.759592365752624,38.41804874329716,35.66183935940913,1.0356282216113737,0.017020643338648,0.9799078943849154,True,True,3,True
92,194950,2.9613657554970763,35.97036765109257,37.67585534752501,37.930377019748654,39.20834572967428,35.53975408093599,1.0367913737446597,0.0145112091675247,0.9936010879683448,True,True,3,False
93,182073,2.765759154658216,35.1602790283973,37.54056340039435,36.392573308508126,36.84965371032498,34.74619206968427,1.0361802035963803,0.009679562978701,0.9933227914016872,True,True,3,True
94,199932,3.0370442586716666,36.27420477734615,39.29030370325911,37.95088830202269,37.60985735149951,35.825129697342625,1.038078956024307,0.1219952575188775,0.8970690966651499,True,False,3,True
95,197867,3.0056761115308537,36.1488861475314,37.74880601616237,38.50545568487924,39.03889986708244,35.728386309917084,1.0357252291234422,0.0159044388770364,0.9805037360232244,True,True,3,False
96,190300,2.890730460482655,35.68207154397471,38.69095112979506,38.0116500262743,36.899348397267474,35.26229421090768,1.0361401077214574,0.0149136495580849,0.9790799075769868,True,True,3,True
97,188235,2.859362313341842,35.55253639531664,37.75025898477966,39.02900629532234,37.92149175233087,35.12314072205267,1.0371265159566725,0.0138847178618483,0.991457866195822,True,True,3,True
98,188052,2.856582472699339,35.541011397856465,37.50837002531215,37.12648629102589,37.06136600514751,35.11878504339643,1.036503800769295,0.0132885093040933,0.9838330541910502,True,True,3,True
99,188419,2.86215734437037,35.564116842376805,39.366900365674375,37.81265159033856,37.28972131260648,35.12851345077963,1.0376640466071188,0.0143551256560841,0.9909495255060422,True,True,3,False
100,192714,2.9274000523460555,35.832316499931046,40.30131178845336,38.11535228369501,38.72584762912918,35.417923408523336,1.035512565299913,0.0183786401843188,0.9874017938717246,True,True,3,True
101,194744,2.958236535976007,35.95769344875828,37.76932793821633,37.83739165263115,39.0096999137329,35.53717294653707,1.035921506023173,0.016130372635409,0.9799314302532564,True,True,3,False
102,193126,2.9336584913881936,35.85783342555458,38.39311641104771,38.597946418400426,48.44669283265847,35.367695458420926,1.0421538787918212,0.0370751965087456,0.9785121339311396,True,True,3,True
103,195081,2.9633556960663,35.9784228158241,38.36492533870546,38.028941824165344,37.99157273132699,35.54374771345596,1.037138391840424,0.0148557816959544,0.992357490286344,True,True,3,False
104,183550,2.78819535481656,35.25509802208987,37.71135930264233,37.07563061836012,36.60107327703623,34.824104588898685,1.03759030242479,0.0124727488715079,0.983091739221664,True,True,3,True
105,193371,2.937380135964222,35.87299012264121,37.82029880385373,39.67715944996923,37.538358905937294,35.4558613209534,1.035711059365518,0.0163781829896019,0.9922015596987394,True,True,3,True
106,190394,2.892158356768968,35.68794571215464,37.49439057953507,37.85232202695463,37.470697606017,35.251470015783894,1.0376071418502937,0.0146840117603491,0.9851388361867986,True,True,3,False
107,197871,3.005736873074952,36.14912973635662,38.95691637480985,38.68045848052519,38.26179177342814,35.73276489736162,1.035365461757914,0.0153057376787496,0.9886846777328512,True,True,3,False
108,189413,2.877256588078829,35.626546409298314,37.67366020283718,38.31507341101192,38.419031428677016,35.19760659539505,1.037007207282591,0.0144442436539835,0.9950314867853632,True,True,3,False
109,191359,2.906817079282713,35.74813816771244,38.39849706572464,38.51149410270747,37.53283096170026,35.32436434189391,1.0364234171509306,0.0148384546905273,0.9890311682660388,True,True,3,True
110,190208,2.889332944968391,35.67632048470627,37.49805476110363,37.83206805181696,38.10727203903095,35.25498408131196,1.0362835424070818,0.0140860009951888,0.9924582084798976,True,True,3,True
111,190996,2.901302969155781,35.72551961976122,38.37297639741146,37.75431946218769,38.01070179480199,35.30697461841777,1.0359866203741168,0.0151306074943749,0.9931404884968182,True,True,3,False
112,186693,2.835938738091899,35.45518929419597,37.94422393983706,37.11756734317837,37.43251755555912,35.025177840484375,1.0372856693276464,0.0148300889907972,0.988048347360229,True,True,3,False
113,183900,2.793511989925172,35.27749237349797,37.818667754214246,37.37164219684611,37.60642740619903,34.83927290017432,1.0382115880748364,0.015078127140604,0.9854040088432876,True,True,3,True
114,193090,2.9331116374913075,35.8556052390833,37.65421824019887,37.136154125019424,37.38691801750479,35.52807406189027,1.0279125695639766,0.0193308742802437,0.9677900940691424,True,True,3,True
115,197293,2.9969568299527296,36.11389705999485,38.57838341958407,37.947864343894615,40.05133481674464,35.73363170147489,1.0322659369943454,0.0194793256657687,0.9762817026596672,True,True,3,True
116,197383,2.998323964694944,36.11938763599711,38.01547245710117,37.94753347552727,38.01924684496638,35.71831087671076,1.034066330455213,0.0163886928174515,0.9876243769675572,True,True,3,True
117,201802,3.0654502805376813,36.386947061436,38.500490579875326,38.6765691122982,38.38770180672144,35.95829947454749,1.0361900593515074,0.0159762374146998,0.993969869936017,True,True,3,False
118,185313,2.8149760053779413,35.367613765187755,36.84639501815847,38.30372936599159,38.75607215899586,34.947150531482066,1.036530212989941,0.0162643440201338,0.9759840252139724,True,True,3,False
119,193101,2.933278731737578,35.85628610321958,38.33185742176374,37.80827131915422,38.57916841445668,35.44032719525697,1.035625523372915,0.0148927832021014,0.9865204497962128,True,True,3,True
120,189234,2.874537508980424,35.61532021447828,38.77842776668041,39.11620533307968,37.30792563704197,35.19877022407235,1.0359244636433569,0.0160845578887353,0.987866071684296,True,True,3,True
121,190405,2.8923254510152385,35.688632988439416,38.33086316010609,38.29277067303905,38.4059872377301,35.27844492708848,1.0352886190069952,0.0138749112741957,0.9917843699786988,True,True,3,True
122,195098,2.963613932628718,35.97946787816941,38.20106818111923,38.131636408369125,38.401213748987686,35.57302164808039,1.034670193198954,0.0170817453690538,0.9848652679233376,True,True,3,False
123,194405,2.9530869951136656,35.936816916895104,39.01035981584836,39.15551554743962,37.91538283480363,35.522791774684855,1.035374705661504,0.0166653368297469,0.9843489746088387,True,True,3,True
124,188540,2.8639953810793477,35.571728136536315,37.57288108624165,38.09062798345179,38.290856051766205,35.145276998445986,1.0368453438590275,0.014869351788917,0.992348823431302,True,True,3,False
125,187492,2.8480758565255595,35.505697131095886,37.47646299575449,37.6921628656156,38.17899963731786,35.06872272048116,1.037849278687944,0.0157923612674705,0.9843239058748132,True,True,3,False
126,182300,2.769207372285801,35.174885017383346,36.683955019199125,37.82380691168404,36.52507405375754,34.74105542149172,1.037932319224702,0.0125378652336295,0.9883889434971016,True,True,3,True
127,191242,2.9050398041178345,35.74085101829175,37.3860396774767,38.25527342320201,37.66101065665492,35.343123747209106,1.034141278472228,0.0189657015969496,0.992088489431758,True,True,3,True
128,221999,3.372250507076662,37.56246946360691,40.24073531862757,40.03114428443372,40.94011684737318,37.25167057271929,1.0252390693752618,0.0355838220382914,0.9361458461274764,True,True,3,False
129,188779,2.8676258833392283,35.58675245184368,38.23498376408393,37.829488449456775,37.90243618199058,35.186534957080134,1.03451208490446,0.0156758974631017,0.9856325833736485,True,True,3,False
130,193670,2.94192206138558,35.891470143632915,37.47994526772344,38.105220219961794,38.24814374967728,35.46300227988668,1.036686023198171,0.0160317005023742,0.9884988962147044,True,True,3,False
131,184116,2.796793113306487,35.29129871201796,37.578792717634535,38.53036129396685,36.19714201916183,34.86201789194171,1.037397883139273,0.0148031460075194,0.9866453163260872,True,True,3,False
132,185627,2.819745786589668,35.387578481028875,37.43192531258922,37.45678699758117,37.52883470615805,34.972490067517775,1.0360312852618063,0.017129690980772,0.9855574189703212,True,True,3,False
133,187889,2.854106439777328,35.53073966544048,37.49952897721527,37.89537439658522,38.05858246092107,35.07599238356891,1.0394003156535316,0.016733486578749,0.9730933645912782,True,True,3,False
134,190540,2.8943761531285603,35.69706558777912,37.31125223050278,37.31794898708932,37.86675763619188,35.28640914048361,1.0353213152988952,0.0210476419405695,0.9869021647208196,True,True,3,True
135,186320,2.83027272410472,35.43156119386541,38.4030324173465,37.67980356376127,38.27206419063976,35.00207215837306,1.0372647012980805,0.0147449106627858,0.9914374196376352,True,True,3,True
136,182829,2.777243086492818,35.20887577372337,37.47467305514989,37.63542435828014,37.23023699741288,34.77866254180047,1.0375710475105784,0.0142835473006861,0.9938286910559528,True,True,3,False
137,189342,2.8761780706710818,35.62209440773998,37.47976148979096,37.386369638009526,37.91251808896072,35.1976256449186,1.0366168100378077,0.0157961503115341,0.9868606896822494,True,True,3,False
138,192469,2.923678407770027,35.81712535238292,37.869646540481845,38.380211878276505,38.7902675236012,35.40749345754412,1.0351102993798778,0.0169419379272287,0.992014173407155,True,True,3,False
139,190149,2.8884367121929397,35.67263132935393,37.95530873157366,37.61736848471462,37.8266043997076,35.26159930519657,1.035379157864485,0.0160678269229853,0.9858815782270453,True,True,3,False
140,181563,2.7580120577856664,35.127419477335195,36.70025831254165,35.88118724630018,38.02724674080071,34.73072767863834,1.0346586490444285,0.0151324682451571,0.9787200650333326,True,True,3,True
141,188412,2.8620510116681976,35.56367641987716,37.90306349914018,37.281728340020805,38.229348449143366,35.14295284339761,1.0363470155890715,0.015247471559723,0.9900726550123286,True,True,3,True
142,176655,2.6834576431768964,34.808003044394134,36.23070391440944,37.42174860604002,36.1443151906258,34.36259424110682,1.0393922948703695,0.0246325510425717,0.9782391003787456,True,True,3,True
143,189748,2.8823453673970723,35.647537337143106,37.77056938676561,38.52298838459431,38.024031873853744,35.254467728774856,1.03382281313694,0.0163693476413821,0.9934888076571696,True,True,3,False
144,186085,2.826702983388938,35.41665866066437,37.54040357900959,37.74003278071849,38.02375796007201,34.994707066989584,1.0366106586786927,0.0155875382610087,0.9841856962709844,True,True,3,False
145,218059,3.3124003861397124,37.33892430877008,43.9488211905952,38.450006649576494,42.39866274723813,39.07443590939805,0.8725840202548671,0.2330362574334135,0.7256663577480734,True,False,3,True
146,194314,2.951704669985426,35.93120876083818,37.350901118807705,38.33796329652007,37.69154564261968,35.54016531046371,1.0333730997088288,0.0170718266783435,0.992627132219902,True,True,3,False
147,184950,2.809461895251009,35.344505410162014,40.57110029737767,37.54847796701812,37.51431197620979,34.904903289090825,1.0382606849379648,0.0165864209404415,0.983317088789089,True,True,3,False
148,187206,2.843731406122522,35.487634499010724,37.72253026078224,36.86216787923464,38.44666837601359,35.072592439869354,1.0359231749483813,0.0169686006328288,0.99060784836055,True,True,3,True
149,191303,2.9059664176653355,35.74465067204574,38.3858695368081,37.44137310967418,38.650752993941545,35.35419044731386,1.0334999980766966,0.017504522223048,0.9872193723606452,True,True,3,True
150,191083,2.902624532739922,35.73094320350623,35.811935127667034,38.89361167660127,44.25899739903602,35.54277603488164,1.0159665443439756,0.1877651857220065,0.7841693705540468,True,False,3,True
151,185416,2.816540615138476,35.37416518450705,37.35894960521206,37.52740863787376,37.89037623506062,34.98653982705987,1.0336074238393305,0.0191752793078839,0.9662054610287688,True,True,3,True
152,178480,2.711180097671804,34.927458287016485,37.288609367996415,36.68967951591215,37.06508852532497,34.49841330424011,1.0377759103045503,0.0157520451890182,0.9765793340018972,True,True,3,True
153,186743,2.8366982573931288,35.458354207053766,38.18853718747155,37.87623632478861,37.61925748220817,35.04584315334939,1.0357291114879337,0.0153186686299891,0.9906564718407418,True,True,3,False
154,180026,2.734664434465845,35.028016119942805,36.74002088587204,36.45703398398009,37.6835346005577,34.61563158624587,1.0361672050092003,0.0162420583229273,0.9846673368780068,True,True,3,False
155,181322,2.754351174753736,35.11187031708458,37.41848203748028,37.60374913137954,37.32006044495428,34.70157016878997,1.035892081179049,0.0156142152120977,0.9854177945478844,True,True,3,True
156,225416,3.424156056122744,37.75420907774324,37.74190829399865,46.94566934024204,35.78674539518047,39.34618508347725,0.883462740396417,0.2685667041354795,0.5760515364424238,True,False,3,True
157,188073,2.856901470805856,35.54233431821664,37.10364592472072,37.58934562643229,38.20729716652576,35.13904851825457,1.0348272343943403,0.0172116868851028,0.9830132847870724,True,True,3,False
158,188984,2.8707399124742725,35.59962931691158,38.1042098802015,37.79220463107988,37.87201032891674,35.21065742447898,1.0335084358465545,0.0170767732656741,0.9879519121347836,True,True,3,True
159,184545,2.803309788911043,35.318687646840374,36.80344089517462,37.54859248421794,38.350803327101794,34.89258915025765,1.0370843565662116,0.0164953672720288,0.9828319350826544,True,True,3,True
160,183178,2.782544531215406,35.231264795136774,37.07483977333523,37.631658823657865,37.67767963401719,34.81242602427807,1.036529900711428,0.01744261088806,0.9740715219244822,True,True,3,True
161,182802,2.776832946070154,35.20714248479177,37.252732464633866,37.24959245522478,37.56815023905647,34.80764856873587,1.0348282524579175,0.0146247824284291,0.9850043556160908,True,True,3,False
162,181875,2.762751458225344,35.147529086805264,36.75367697594502,37.10213608247423,37.34528659793814,34.73205942116621,1.036317401969744,0.0160305118736838,0.985939592406644,True,True,3,False
163,184820,2.8074871450678103,35.336222337852426,37.903159831187104,36.76875879233849,37.89947516502543,34.927796013069745,1.035492149440584,0.0151720269314659,0.99161076720962,True,True,3,False
164,183989,2.794863934281362,35.28318240515082,37.638554478800366,36.81442368837268,37.65713711145775,34.88929011230309,1.034253146104949,0.0168200319112981,0.9885801279056756,True,True,3,True
165,182651,2.774539197780438,35.19744575829755,36.81136155838183,38.43675643713968,37.9253603867485,34.78775572086087,1.0357482532981048,0.015980723170055,0.9858714555827248,True,True,3,False
166,199623,3.032350429390063,36.25550757246598,37.65362207761631,38.74604128782755,36.94095369772021,35.85506266286372,1.03388089757967,0.0261406846446945,0.9707413636875502,True,True,3,True
167,185625,2.8197154058176186,35.38745138850615,37.439105723905726,37.7060632996633,37.075243097643096,34.9882073264992,1.0346245597222563,0.0172290885774266,0.9817548129876428,True,True,3,True
168,184861,2.8081099508948197,35.33883511063576,37.878270700688624,37.36989954614548,38.44689793953295,34.91300637649303,1.037038656736906,0.0163081057650703,0.9947063607138116,True,True,3,False
169,184381,2.800818565603008,35.30822230156813,38.4650967290556,38.040400041218994,37.72605094885048,34.87462851748915,1.037764442361217,0.0154737155103175,0.9833618758559272,True,True,3,False
170,187234,2.84415673693121,35.48940368060842,37.87366076674108,38.2632000598182,38.53831034961599,35.07770519521098,1.0356251406971917,0.0178945000256637,0.986982953777104,True,True,3,False
171,180664,2.744355900749545,35.0693463099394,37.35859385378382,37.512553690829385,38.09407518930168,34.65114978276285,1.0366450131297298,0.0166047151480332,0.9789890378464008,True,True,3,False
172,180384,2.7401025926626548,35.05121966936993,37.10865708710307,37.256353113358166,36.83879390633316,34.64223267969313,1.0358378605446623,0.0156917977884405,0.9795609374984112,True,True,3,True
173,185407,2.816403901664254,35.37359282714499,38.65285560955088,37.694725657607314,37.84322598391646,34.948843164215376,1.0369053209008634,0.0161617554594326,0.9921992037837262,True,True,3,True
174,185050,2.81098093385347,35.35087436343262,37.47421237503377,37.25774115104026,38.19815185085112,34.915737249449386,1.037855354287469,0.0190826307066089,0.9887888682325022,True,True,3,True
175,185684,2.8206116385930704,35.391200234235704,38.22950281122768,38.46051356067297,38.057371663686695,34.98296368829984,1.0354188710562315,0.0172000965943253,0.985069928252598,True,True,3,False
176,197275,2.996683403004287,36.11279874443177,38.18850842732227,38.03106830566468,38.47965023444431,35.763900003644174,1.0295532811052173,0.0311080760098302,0.9511285777230456,True,True,3,True
177,174958,2.657679558093139,34.696185580155735,36.5961716526252,37.33062220647241,37.26992192411893,34.26401899156168,1.0383177776331105,0.014702717548782,0.9945638428698262,True,True,3,True
178,182306,2.769298514601949,35.175270914247015,37.19779381918313,37.86082740008557,36.758636578061065,34.752648042372584,1.036928107344934,0.0170066722943335,0.9894608988249468,True,True,3,False
179,182720,2.7755873344161364,35.20187737561034,37.46751313485114,36.17117447460596,38.07709063047285,34.78942310473812,1.0359905547040358,0.017073743528652,0.9860944155660394,True,True,3,False
180,186742,2.836683067007104,35.45829091433329,37.21205192190295,37.05462081374303,37.34072142313995,35.07187185915537,1.0334192791690322,0.0181086955304669,0.9915848825139872,True,True,3,True
181,181504,2.7571158250102146,35.12361410898351,36.729950855077576,37.35666982545839,36.23818207863187,34.72616342949158,1.0347303239597476,0.0192753031859563,0.97762479117935,True,True,3,True
182,171513,2.605348678238369,34.466946605435474,35.480488359482955,36.54466425285547,36.32136339519453,34.04144483049081,1.0379692318206089,0.0125907125051821,0.984797883463252,True,True,3,True
183,182710,2.77543543055589,35.20123518136818,37.32005363691095,36.48786054403153,37.51359531498002,34.788373823329586,1.0360275962917564,0.0165358436837381,0.9800925788411136,True,True,3,False
184,171186,2.6003814220083226,34.44502822434067,36.71293213230054,36.706348650006426,36.32676153423761,34.02614353649644,1.0373885392292763,0.0136688028468525,0.989275013556462,True,True,3,False
185,176588,2.682439887313248,34.80360194035368,37.30124357260969,37.25216322739937,37.9452510929395,34.383444972935315,1.0371090295461896,0.0160473473239674,0.9870805105757704,True,True,3,True
186,179411,2.7253223470607124,34.98808335608436,38.36536221301927,37.20533858013165,36.77796790609271,34.57967368765672,1.0358521824573803,0.0212375708828474,0.9828802106233884,True,True,3,True
187,189426,2.877454063097149,35.62736144400736,37.48250504154657,36.70349371258433,38.47860378195179,35.2242029229275,1.034730989620803,0.0167378869041009,0.9811043860194556,True,True,3,True
188,182429,2.771166932082976,35.18317993471944,37.03426538543762,37.14519621332135,36.95501263505254,34.78120862253826,1.0350736674158758,0.0157151302136708,0.9867318291738316,True,True,3,False
189,160029,2.4309022851317854,33.679840597075454,37.45434889926201,39.05872060689,33.462284960850845,33.720717056261904,0.9963677882252588,0.0755845375180053,0.8422800115375866,True,True,3,True
190,187511,2.848364473860027,35.50689644530491,37.53722181632011,37.88123896731392,38.38809456511885,35.107273884050215,1.0345388837957012,0.0180908480665707,0.985140909522839,True,True,3,True
191,186074,2.826535889142667,35.41596078796825,37.955587561937726,37.87234111160076,36.88413749368531,35.01617947727289,1.0346436711651004,0.0175415156714598,0.9833255416858626,True,True,3,True
192,177659,2.6987087907456018,34.87382104559448,36.764256243702825,37.46668617970381,37.57909815995812,34.48503945559061,1.0342044979902487,0.022196821976314,0.96017777330946,True,True,3,True
193,172638,2.622437862516052,34.54214176708087,36.25832667199574,36.73040697876481,37.31262526210915,34.12200834349943,1.0373947177497995,0.0163694927015871,0.9797215794001216,True,True,3,True
194,184749,2.8064086276600637,35.331696866002474,37.95555050365631,38.89750959409794,37.99891203741292,34.92616602144262,1.035239286513918,0.0163745676848976,0.9894854845092772,True,True,3,False
195,176651,2.683396881632798,34.80774032315204,36.99141244600936,37.08143174960799,36.65990568974985,34.386475841525524,1.03720472123149,0.0151687800382689,0.9889683921599444,True,True,3,False
196,179624,2.728557899283954,35.00192404304678,37.52063198681691,37.043078875874045,36.1648387743286,34.605121083239766,1.0347957456232066,0.0165272272079959,0.9807925067532,True,True,3,False
197,188047,2.856506520769216,35.54069640230208,38.00639201901652,37.85508941913458,38.623009141331686,35.15646880636841,1.0331468567529276,0.0187542828300768,0.9922448938059356,True,True,3,False
198,169364,2.572704538671489,34.322388088097206,36.17963675869724,36.3441876668005,36.20881651354479,33.900562359725726,1.037795504790588,0.0130245266631812,0.9895737680665856,True,True,3,True
199,194430,2.953466754764281,35.93835731265675,37.84947281798076,38.82139587512215,38.376212518644245,35.5441319136584,1.0336438638437957,0.017470380303265,0.9851560043096356,True,True,3,False
200,177986,2.703676046975648,34.895204238556275,36.69921229759644,37.07661838571573,37.83747598125695,34.48372576019666,1.0362264792394795,0.015997769374841,0.9853515960967092,True,True,3,False
201,180299,2.738811409850564,35.04571322798481,37.41337999656127,36.74329308537485,37.88564551106773,34.64887751527902,1.0347542035844013,0.0168823021326548,0.9888093744376568,True,True,3,False
202,186152,2.8277207392525865,35.42090874601483,38.27098822467661,38.91037968971593,38.653922600885295,35.02682888096005,1.0341335672700136,0.0210281427707899,0.9749473495105252,True,True,3,False
203,195706,2.9728496873316788,36.01680438182754,41.0908352324405,49.2968432240197,36.59323679396646,37.732470774113125,0.869700657217246,0.3316693122550253,0.6842203214770423,True,False,3,True
204,193787,2.9436993365504587,35.89869627857463,38.5495466672171,37.83751748053275,38.84353955631699,35.5358722460751,1.0309440358716755,0.0205158202093109,0.9819834884491228,True,True,3,False
205,221137,3.359156394323452,37.51378929348208,41.724464924458594,39.46513247443893,39.25633430859603,37.312836556551616,1.016244029139134,0.0499804948238239,0.9096769133444654,True,True,3,True
206,192765,2.9281747620333105,35.83547711957012,37.94523902160662,37.8921173449537,38.30185977744922,35.48286981453539,1.030109422824877,0.0308486501144082,0.968634323903106,True,True,3,True
207,186676,2.83568050152948,35.45411309509949,37.355541151513854,37.217199854293,37.60521438213804,35.07001432853247,1.033218199036017,0.0201703290147933,0.985310771659494,True,True,3,False
208,171640,2.607277857263494,34.475451737689326,37.12374155208576,37.53953041249126,36.37446982055465,34.05459951715027,1.037534542540983,0.0152555585944058,0.9902859981845816,True,True,3,True
209,183159,2.782255913880938,35.23004664088869,38.16189212651303,37.31687768550822,39.08522649719642,34.811314384953874,1.0365216796870085,0.0168757366542577,0.986652230808983,True,True,3,True
210,174092,2.6445246837958294,34.63884494515007,37.33695402430899,36.82170921122165,37.120085931576405,34.255720953346746,1.033929361631058,0.0173211794257951,0.97928766084601,True,True,3,True
211,178299,2.70843063780135,34.91564742455185,36.82836695662903,37.503087510305726,37.5187578169255,34.52285034825714,1.034523501642786,0.0159626193075431,0.9852866565656048,True,True,3,False
212,180259,2.738203794409579,35.04312136260408,36.17360575616197,36.74355233303192,37.271670207867565,34.63405505217855,1.035853455944436,0.0176872791877387,0.977509268483371,True,True,3,True
213,171019,2.597844627542213,34.43382366462048,36.10267280243716,35.98254579900479,36.81028423742392,34.018146155999794,1.0371076199822025,0.0161993303919293,0.9853803630858136,True,True,3,True
214,205522,3.1219585165492183,36.60917168922732,39.52954914802308,38.14185342688374,38.8413941086599,36.33344259905826,1.022939762693344,0.0338121189155323,0.9593400076481832,True,True,3,False
215,185179,2.812940493650644,35.359086924968246,37.5410710717738,38.31783841580309,36.79788204926045,34.985461585169645,1.0323817069980303,0.0204132555310377,0.989989526463934,True,True,3,True
216,166622,2.531052500192017,34.13615312146232,36.31132743575278,35.99299612296095,36.69779500906243,33.702421840048885,1.0391073176194328,0.0142294178621285,0.9868571043235628,True,True,3,True
217,177681,2.699042979238143,34.87526049306788,37.31312295630934,37.22563470489248,38.340576651414615,34.49207691632225,1.0336995871036383,0.0186719025141232,0.9842994399931658,True,True,3,False
218,198819,3.0201373590262794,36.20676794845868,39.83303406616068,39.924303009269735,38.33238271996137,35.953108092673666,1.0213155738503097,0.0385504872754979,0.9372322736832714,True,True,3,True
219,182163,2.76712628940043,35.16607140079059,36.951598293835744,37.30633553465852,37.04315914867454,34.77439442439476,1.0341721387267315,0.0192530734187354,0.9839032048652164,True,True,3,False
220,179344,2.724304591197064,34.98372744803911,36.68950731555,37.99879003479347,37.993961325720406,34.55501965290895,1.0376832573358623,0.0165541286063149,0.9879450399675008,True,True,3,False
221,175845,2.671153430496965,34.75472087462754,37.318081264750205,36.75227046546674,36.06210583184054,34.35776735796835,1.035062586232873,0.0176048903841394,0.9793801256708768,True,True,3,True
222,175714,2.6691634899277417,34.7460882730131,37.21068326940369,36.34173144996984,36.71738165427912,34.34052286907534,1.0358504179500996,0.0175231012265589,0.981888208733782,True,True,3,True
223,179994,2.7341783421130583,35.02594056245611,37.349622765203286,37.69752880651577,40.14576041423603,34.656329848097194,1.032337524312635,0.0207310006972018,0.9829647584906134,True,True,3,True
224,174212,2.646347530118782,34.64680186200936,35.403307464468575,35.74990815787661,36.97063348104608,34.26901333465483,1.0334385450739751,0.0204780321508133,0.9699246920231912,True,True,3,False
225,170944,2.596705348590368,34.428789303158176,37.40497472856608,35.87477770497941,37.59717802321228,34.0156042498099,1.0368852160063429,0.0161875683587008,0.9882892483944916,True,True,3,False
226,172941,2.6270405494815074,34.56233846333,36.344539467217146,36.542260077136135,36.31988944206406,34.13529141728468,1.038002769083519,0.014971251742144,0.9894194713157146,True,True,3,False
227,173018,2.628210209205402,34.56746719738423,36.59207134517796,36.85430417644407,36.34203955657793,34.189284831077174,1.03355270781501,0.0161297515130742,0.985717820236512,True,True,3,False
228,209308,3.1794693180383797,36.83260250807479,38.952304737516,44.6646234257649,38.04074856192788,36.93128449273349,0.9920052710040304,0.0530035959494191,0.9070707558600012,True,True,3,True
229,169928,2.581271916389367,34.36044493346854,37.19631844075138,35.76148721811591,36.540634857115954,33.9723757584775,1.0346621916357857,0.0179681494997096,0.9721924446149548,True,True,3,False
230,200033,3.038578487660152,36.28031198366947,39.10497267950788,39.29429644108722,37.95326271165258,35.96886007763375,1.026202375895868,0.0344520192800314,0.9407935255459612,True,True,3,True
231,174967,2.657816271567361,34.6967805044918,37.19114461584184,38.4949218995582,36.75912029125492,34.29424388677939,1.0356281338722837,0.0185904413237061,0.9912763236020424,True,True,3,False
232,179370,2.724699541233704,34.98541792920483,36.36954897697497,37.12218319674416,36.43243574733791,34.56565009967761,1.036876450089112,0.0188150467000494,0.9769784001003472,True,True,3,False
233,175801,2.6704850535118823,34.751821853173944,37.68044550372296,38.688676401158126,37.19066444445709,34.353923090464086,1.0351510206753505,0.0186128406302389,0.9879100072362736,True,True,3,False
234,167099,2.538298314325755,34.16869670636365,36.92155548507172,35.891148361151174,37.01794744432941,33.74389761335036,1.038244185560397,0.0153067875878493,0.984569485700066,True,True,3,True
235,174343,2.6483374706880056,34.65548399235406,36.69463069925377,36.02244999799246,38.51736519389938,34.15723610195709,1.0444021098785137,0.047098503984313,0.9626382086791928,True,True,3,True
236,179061,2.7200057119521004,34.965316634264894,37.57384913521091,36.78166099820732,38.02288605558999,34.56739721268674,1.0349332877263322,0.0179322765721925,0.9826182583849672,True,True,3,False
237,174648,2.6529705384255107,34.67568127556212,36.76198410517154,36.78944505519674,36.71291397553937,34.26967585710277,1.0359648434601278,0.015880098484246,0.9838921217247174,True,True,3,True
238,180725,2.745282514297046,35.07329284310676,37.41809932217458,37.405671600498,36.69963203762623,34.70559203698149,1.0321225151564335,0.0190344425411141,0.9894900769059464,True,True,3,False
239,176244,2.677214394520784,34.780987678636315,36.63114772701482,37.94210299357709,37.45467079730374,34.36730112786917,1.036548069017429,0.01724124945179,0.9841752413744886,True,True,3,False
240,180260,2.7382189847956035,35.04318616391138,37.80089870187507,36.82561855098192,37.04303228669699,34.67363593295625,1.0323158675357498,0.0189518627480354,0.985734541901226,True,True,3,False
241,184853,2.807988427806622,35.33832533165019,37.48151774653373,37.72655569560678,38.67468745435562,34.96291796080284,1.0325590095228805,0.021299007519433,0.9831646650360326,True,True,3,False
242,182332,2.7696934646385887,35.17694303615556,37.77337494241274,37.32711208125836,37.5550643880394,34.80561366555813,1.03234866511657,0.0230198055397137,0.9680831422332132,True,True,3,True
243,216294,3.2855893548062816,37.237909116832206,39.50032363357282,39.87560450128066,39.17419808223991,36.95289982622329,1.0233172353239366,0.0349613934109194,0.9597307613984176,True,True,3,False
244,174107,2.644752539586199,34.63983975967772,36.370433124457946,36.49767097244798,36.8685808152458,34.23530209832013,1.035869699311245,0.0170336924486226,0.9821474240308052,True,True,3,True
245,180452,2.741135538912328,35.05562357713867,37.26471859552679,37.36145900294815,37.27927094185711,34.648169239843824,1.035695798329923,0.0171767296327755,0.9828303003795402,True,True,3,False
246,182770,2.7763468537173663,35.20508799540666,38.9227444328938,37.95501997045467,37.18124965804016,34.80758117739866,1.034653112472046,0.0184102383260849,0.976710752193142,True,True,3,False
247,177837,2.701412679457982,34.88546407737195,36.56884675292543,36.67322323251067,36.588111585328136,34.470117075250066,1.0365857607791906,0.0175076603846568,0.9923802669387743,True,True,3,False
248,168010,2.552136755994172,34.23067849662357,35.83086125825844,37.54999107196,36.42141539194096,33.81818677602622,1.0370401416384596,0.0188555591285409,0.9775046019128836,True,True,3,True
249,175227,2.661765771933758,34.713958406896815,36.77206138323432,37.04010226734464,38.37084467576344,34.29151115840493,1.0374150503120103,0.0169288811886711,0.9902359985539648,True,True,3,False
250,165473,2.5135987466497443,34.05750615556192,36.491995673010095,36.60084726813438,35.73132776948505,33.620425169642296,1.039510612502079,0.0179433291157535,0.9685466517331488,True,True,3,False
251,176374,2.679189144703982,34.78953722195827,36.44981686643156,37.93770623788087,36.88954154240421,34.38171016310397,1.0360090051769464,0.0169868899089675,0.9874159691566924,True,True,3,False
252,174710,2.6539123423590363,34.67978407640629,36.73887012764009,36.34338618281724,37.44188083109152,34.23551072311913,1.0394383147754462,0.0172042156236036,0.9840205157103644,True,True,3,False
253,178104,2.705468512526552,34.90291406680944,37.80957193549836,36.9447569959125,37.8869200017967,34.51914288306318,1.033725080377495,0.0178485564633837,0.9853850159628228,True,True,3,False
254,165206,2.5095429135811744,34.03917839330436,35.82071474401656,36.68299577497185,36.20932048472816,33.62691023363219,1.0372329703602516,0.0163655205844385,0.9792846611069588,True,True,3,True
255,180247,2.738021509777284,35.04234372822224,36.86770376205984,36.988382608309706,38.22946845162471,34.62789186930063,1.0363376534176552,0.0166687004764823,0.989715596820664,True,True,3,False
256,164238,2.494838619909355,33.97256561883531,35.71728832547888,36.622298128325966,36.32253193536209,33.54355137661043,1.0388621308271069,0.0167012477786141,0.987727607508732,True,True,3,False
257,172725,2.623759426100192,34.547943235398975,36.90296714430453,35.30390505138225,37.16152265161384,34.15655985921277,1.0347709352265306,0.0207009602329107,0.9720117401585748,True,True,3,False
258,168864,2.565109345659186,34.28857903446624,36.1158150938033,35.34092524161456,41.22667353610006,33.8624255231173,1.038231675384092,0.0285914915890215,0.988552567315933,True,True,3,True
259,185746,2.821553442526596,35.395138843627386,37.681985076394646,37.79932273104132,37.33491972909242,35.12646839341912,1.0231219366235438,0.0343973101160536,0.9502750292409337,True,True,3,True
260,167742,2.548065732539577,34.2124678662694,36.14849590442465,37.068474204433,35.88450119826877,33.80627301516383,1.0364809494983565,0.0178555093867284,0.9747390417256704,True,True,3,True
261,193830,2.9443525231495165,35.901351306654256,36.20398287158851,37.70961151524532,39.22572873136254,35.79196838982408,1.0091962703889146,0.0495250426623148,0.9032069612033587,True,True,3,True
262,172602,2.6218910086191656,34.539740589375654,36.8192141458384,36.47555648254365,37.554512693943295,34.17477906339,1.032381153401036,0.0221692105047009,0.982053769401154,True,True,3,True
263,181612,2.758756386700872,35.13057924141201,36.94617095786622,37.86119859921151,37.07917428363765,34.91942914572584,1.018250250860025,0.0364915378093841,0.940861396061374,True,True,3,True
264,181208,2.752619470746931,35.10451031227921,37.04542293938457,37.90253741556664,38.28053397201007,34.69769553477201,1.035587649086453,0.0177747185548992,0.9875964608051224,True,True,3,False
265,152705,2.319647897887566,33.15799151000595,36.00936446088864,36.12082119118562,35.72051340820536,32.72768232222272,1.039965411458973,0.0152385848890267,0.9896076278236924,True,True,3,True
266,168662,2.5620408876822154,34.27490124916269,36.18484898791666,36.83948963014787,37.23258943923349,33.86199096798664,1.0370296365956762,0.0172574578132929,0.9828400800175696,True,True,3,False
267,171843,2.6103615056264893,34.489037847079096,36.70392160285842,36.288786857771335,36.86856607484739,34.122904149959695,1.0325361792195793,0.021857603186215,0.9843608080918352,True,True,3,False
268,177754,2.700151877417939,34.880035990422705,37.791323964580265,35.06219831902517,38.05766396255499,34.68687437835911,1.0167993751966764,0.0399656876770592,0.9285741321692372,True,True,3,True
269,174535,2.6512540248047305,34.668201091866024,37.14939123957945,36.95334460136935,35.974956312487464,34.32388089938462,1.0303974186167562,0.0218040165199629,0.9681839603958,True,True,3,True
270,162638,2.4705340022699844,33.86188563365206,36.00221350483897,36.23702332788155,35.2087642494374,33.483902932090665,1.0342491983424191,0.0177874048156891,0.9852266613877196,True,True,3,True
271,171565,2.6061385783116484,34.47042952922482,37.169323579984265,36.28910325532597,37.90827383207531,34.110513721747765,1.031989562410016,0.0206499677261491,0.9717260608929984,True,True,3,False
272,181381,2.755247407529188,35.115678230994696,35.48099856104002,37.722523307292384,37.463775147341785,34.77289264825555,1.0298660064037355,0.0353364697128335,0.9405845039813296,True,True,3,False
273,176237,2.6771080618186107,34.78052719934409,38.03146331360611,36.01511600855666,37.98962192956076,34.452090407458265,1.0288729455810075,0.0246265452700556,0.9715916838597536,True,True,3,True
274,172893,2.6263114109523262,34.55914056008542,37.07028624640674,35.55559218707524,36.95051852880105,34.207957042568644,1.0311156686815088,0.023050594912653,0.971430597220692,True,True,3,True
275,176289,2.6778979618918903,34.78394761156285,37.68831294068263,37.12066549813091,36.738440855640455,34.388423713822895,1.0349033607486515,0.0206687485364337,0.9835327136809924,True,True,3,False
276,163408,2.482230599508932,33.915240552289745,36.09206403603251,36.4112895329482,36.10763242925683,33.49381949421735,1.0382230792401312,0.0165609331472273,0.9905666339939712,True,True,3,False
277,176700,2.684141210548004,34.810958385132096,38.01092246745897,40.31032258064516,37.33961516694964,34.4256601377399,1.0339537422368577,0.0227228124906711,0.990100635263326,True,True,3,True
278,169863,2.580284541297768,34.35606324680414,36.50776213772275,36.26599671499974,36.68506973266691,33.984048822446404,1.03320101408067,0.0209982129035386,0.9819828174413564,True,True,3,True
279,185287,2.8145810553413018,35.36595962513484,38.478581875684746,38.16959635592352,36.47562969879161,35.29277228985253,1.006234070504245,0.0525823731567085,0.89783441635774,True,True,3,True
280,156537,2.377857457133859,33.43306035734198,36.43653577109565,35.59809501906897,36.16014744118005,33.06628747384634,1.033646612587239,0.0201805683453035,0.9746922496684628,True,True,3,True
281,142165,2.1595412291882115,32.376857466250044,33.9071009038793,34.19855801357578,35.12814687159287,31.939719890776253,1.041623503343381,0.016733205202157,0.980664372463341,True,True,3,True
282,174040,2.64373478372255,34.6353958123085,37.439243851988046,39.8880889450701,35.191749023213056,34.54218931804967,1.0081168760511052,0.0492724268756812,0.9060473470205868,True,True,3,True
283,173713,2.6387675274925035,34.613690313390535,37.62254408132955,37.49889760697242,37.00702307829581,34.374399970231124,1.021029601625869,0.0408382407707026,0.930247887541292,True,True,3,True
284,168664,2.5620712684542646,34.27503672629357,35.94135085139686,36.79345918512546,37.37509486315989,33.914439783898565,1.032238002278573,0.023114041752982,0.982434728813548,True,True,3,False
285,151638,2.3034397559993107,33.08058234151455,35.18385233252879,35.86558118677377,35.11881586409739,32.64179355678999,1.0408721707054929,0.0164625022995584,0.9927775043047612,True,True,3,False
286,156483,2.37703717628853,33.42921548808177,35.9882479246947,35.53072218707464,37.5826894934274,33.14626456453257,1.025828538358469,0.0356527182886476,0.9225671823471856,True,True,3,False
287,136503,2.073533263516888,31.941197609833058,33.67379471513446,33.08253298462305,34.451440627678515,31.51606014512237,1.0410170081113317,0.0165761898737842,0.9877668213385536,True,True,3,True
288,174327,2.648094424511612,34.65442381269462,37.08615418150946,38.766760169107485,36.221979383572254,34.48343882426129,1.0149492816544363,0.0502190812660635,0.9143355186759542,True,True,3,True
289,130937,1.9889835749039275,31.50101825059321,33.48036842145459,34.21692111473457,33.15059150583868,31.07189630509952,1.0420066732711877,0.0151208958794712,0.997481881156828,True,True,3,True
290,177597,2.697766986812076,34.86976378144478,35.76624605145357,38.07741684825757,37.32663840042344,34.70924273549893,1.0139384681084034,0.0601246736382091,0.8730215369936426,True,True,3,True
291,188497,2.863342194480289,35.56902366956583,40.34519912783758,40.951214077677626,36.19322323432203,35.69044525605247,0.9898284567194644,0.0771543601438965,0.8330973340555221,True,True,3,True
292,170454,2.5892620594383104,34.39586185030302,36.532847571778895,37.763836577610384,36.240909570910624,34.259636923225656,1.011976248598043,0.0499490357318236,0.8777961764456509,True,True,3,False
293,170634,2.59199632892274,34.40796497310431,36.681417536950434,36.68341010584057,36.35247957616888,34.13758711541037,1.0239494051862068,0.0368186339660007,0.9670412989503672,True,True,3,False
294,211123,3.20703986867304,36.93876004831719,63.93796507249328,39.34823302056147,50.87582594032863,38.93484163891332,0.8539485418958132,0.307924536684208,0.4685633395759447,True,False,3,True
295,190953,2.900649782556723,35.72283838971398,40.03198692872068,40.58883075940153,30.77566731080423,36.21393448791578,0.9598662943269624,0.0964945275988223,0.7949571606349662,True,True,3,True
296,165970,2.5211483685039737,34.09156944159394,36.16721094173646,36.8615653431343,42.32690245225041,34.20630284931992,0.9899712338712968,0.1639836625320201,0.844560873942313,True,False,3,True
297,165055,2.507249165291459,34.0288045111776,36.62685165550877,37.54599375965587,33.44431250189331,34.09496462032651,0.994189891835752,0.0745873732166446,0.8486392239530834,True,True,3,True
298,259216,3.93759110375445,39.55405973910419,67.30670560459231,60.9186508548855,45.23088852539966,47.63262597411882,0.5726109137227142,0.3575109926362107,0.4086614803634329,True,False,3,True
299,173798,2.6400587103045954,34.61933503375797,39.26003176100991,38.82327184432502,40.017623908215285,34.9213840739953,0.9742755875226934,0.0856252444678007,0.799543018406053,True,True,3,True
300,160969,2.445181247994916,33.74565630114363,36.80597506352155,31.79774366492927,37.83849685343141,33.78920655961823,0.996138339198106,0.077583031472782,0.8403528198671163,True,True,3,True
301,165858,2.519447045269218,34.0838991498163,34.52988701178116,36.59774023562324,38.136659069806704,34.12826867904177,0.9961048240708004,0.0733369873960349,0.8625501373026027,True,True,3,False
302,200024,3.03844177418593,36.27976786060809,48.21896372435308,72.21772387313523,39.37472003359597,38.90255368418356,0.8110715473554766,0.3531895421140735,0.4361175179487452,True,False,3,True
303,157248,2.3886578215973544,33.48360220336032,37.58759411884412,40.085292022792025,33.27939306064306,33.559139336751834,0.9932625891069709,0.0754017202618399,0.8397768473890601,True,True,3,True
304,167461,2.5437972340666626,34.193353041643185,39.14057004317423,35.48439338114546,34.244086682869444,34.51232049049693,0.9725290632509896,0.0940743028608613,0.7882401951898156,True,True,3,True
305,1088757,16.538639116992716,63.81862609077063,58.4996661330306,119.99741815666856,109.56957521283444,86.99566136968254,0.3947749331080313,0.3134385308910095,0.2466852547517444,False,False,3,True
306,187743,2.851888643417736,35.52153417314591,42.58295648839105,36.03401991019639,38.99399711307479,36.454281946269774,0.9251869523726242,0.1254023251013327,0.7100218284955538,True,False,3,True
307,169977,2.582016245304573,34.3637473125066,34.83647787641858,39.16277496367155,41.802373262264894,34.55493260350397,0.9834932868741486,0.1138312870128123,0.7856926987862426,True,True,3,True
308,140398,2.132699817082732,32.24215815594783,36.81596603940227,38.71548027749683,35.4254975142096,32.46359884117699,0.9796756703105802,0.0797573802428556,0.8264907169123695,True,True,3,True
309,143973,2.187005447120701,32.51353185856716,36.09957422572288,32.18038104366791,34.75539163593174,32.861786273839755,0.968543084709526,0.1058987177232025,0.7575000154513589,True,True,3,True
310,540847,8.21567471025046,50.5431073627362,43.662869536116496,74.66227972051246,104.1332040299752,54.89193267780499,0.7806569845354878,0.4664522254944035,0.36842089234284,False,False,3,False
311,119071,1.8087344543359445,30.519152118170865,23.56042193313233,39.896742279816245,32.064129804906315,30.74949141994596,0.977695418723012,0.1503505673762474,0.6714537968341723,True,False,3,True
312,139537,2.119620894715545,32.17611391030266,37.59444448425865,39.12571575997764,24.092892924457317,32.88271322774238,0.9369099200884452,0.1329471103012154,0.6874973558646555,True,False,3,True
313,131309,1.9946343985050807,31.530822147961786,36.254674089361735,38.01558156714315,32.2801483523597,31.852168693511,0.9700382583274264,0.1093349251072282,0.7491361087008993,True,True,3,True
314,114739,1.7429297020773482,30.14445828551289,25.573048396796207,32.10017518019156,36.93389344512328,30.40767521942801,0.974255345350302,0.1266806823832665,0.8275696181808485,True,False,3,False
315,986569,14.986363949910206,61.7560654121121,44.19469596145835,88.51184053016058,128.60193762423106,66.72723595741138,0.7927375849992722,0.3114361429134156,0.4033928285857116,False,False,3,False
316,295209,4.484338667938119,41.306049528003214,78.42993269175398,72.44075214509043,65.01270625218066,41.9439029275086,0.9550683770602508,0.3977474786015068,0.491647047894013,True,False,3,False
317,45716,0.6944436875009199,22.181617135837232,34.67796832618777,10.34458395310176,33.60847405722286,24.443727708968492,0.7472695795260076,0.2443414562659129,0.4002611188702993,False,False,3,True
318,67573,1.0264599548407485,25.267456714797227,33.9413819128942,31.51979340860995,38.01997839373714,25.392249164327488,0.9853285760629767,0.261559179134121,0.6452536554650284,False,False,3,False
319,367084,5.576147663456726,44.41799477811043,74.27343060443931,69.83938281156357,67.67873838140589,46.50789457086278,0.8711577574434679,0.3827678106422459,0.4228727656559969,False,False,3,False
320,761078,11.561068614835618,56.63873169070335,71.94814066363763,61.61212648375068,87.26929434302397,62.65856158212,0.7385829817765543,0.350483416767115,0.4782951712978672,False,False,3,True
321,123489,1.8758455797926568,30.89203760418681,32.87849120164549,36.268210123978655,29.670926155366065,31.65989251129347,0.928990678524024,0.1421085608257522,0.6429464837005702,True,False,3,False
322,106231,1.6136898977799945,29.380164300549367,42.86162231363726,65.18981276651824,54.10839585431748,32.86682375566919,0.7143144777551994,0.4340242939324637,0.3995979602181544,True,False,3,False
323,450399,6.841734675096833,47.552089238852375,39.091938481213326,88.4334179249954,82.26791578134055,52.04386399326511,0.7627816003465671,0.2917473777637649,0.466455313547735,False,False,3,False
324,104511,1.5875624338176708,29.220734704607864,24.86614806096966,39.029097415583045,30.05617590492867,29.555134623478093,0.9664392691684458,0.1507769222858334,0.6495571139416312,True,False,3,True
325,107882,1.63876922510662,29.531587483243364,39.59959029309802,26.843949871155523,35.449055449472574,29.987634266589765,0.95506683292947,0.1450173934842663,0.6626930145635826,True,False,3,True
326,110358,1.676380620903546,29.75580728460447,37.37907537287736,32.03006578589681,26.549738125011327,30.7877396953322,0.9027797185733633,0.1629556448122298,0.6142975625797769,True,False,3,True
327,108579,1.6493569241657708,29.59504986651764,36.8914799362676,39.57175881155656,26.907698542075355,30.91300944248357,0.8774722050910362,0.1704397089779581,0.5872282256348353,True,False,3,True
328,105296,1.5994868868469871,29.29371293686869,37.42911411639569,23.68515423187965,37.61404991642608,30.502148042559483,0.8857924827900122,0.1677806668051754,0.6190611921666663,True,False,3,True
329,67560,1.026262479822429,25.26583625492829,44.953330373001776,34.43238602723505,54.5453522794553,27.59309956591734,0.767714189192324,0.4581621446065664,0.5184489186014771,False,False,3,False
330,198583,3.016552427924472,36.19243635307955,49.26824048382792,45.4678547509102,58.45376492449001,36.321970066763335,0.9893393190473916,0.3430117462777071,0.522454752133619,True,False,3,False
331,325025,4.937255217647793,42.652325928797815,49.44701484501192,68.92831628336282,65.72530728405508,43.488925392812725,0.9433918681437994,0.3137722219111778,0.571919652690413,True,False,3,False
332,284563,4.322621818320156,40.80342389778848,46.87959081117362,63.30345477099974,79.80240930830783,41.49168270753849,0.9510572860664362,0.3311018359545125,0.6817777330434404,True,False,3,False
333,89048,1.3526734947191774,27.702046471188893,36.21379480729495,34.35532521786003,37.05911418560776,29.010100350054906,0.8707387401992207,0.1644120731715412,0.573257448028321,True,False,3,True
334,185470,2.817360895983805,35.37759893979098,33.728904944195826,78.42385291421793,27.32869466760123,40.20985408242372,0.6810634458484256,0.3574091430857043,0.4354637157290081,True,False,3,True
335,997234,15.148369416862636,61.977799958490536,62.01316942663407,99.91886257387937,68.37874159926356,65.02331772948317,0.8659665020699131,0.3743550256708892,0.5660465290476503,False,False,3,True
336,316612,4.809458500022776,42.28109770339154,56.25606420476798,62.41303867193916,68.49633620961934,43.164394591164736,0.9398570419915716,0.4671035826156585,0.3823610993020964,True,False,3,False
337,85617,1.300555280268752,27.341592039551568,37.04759568777229,30.508765782496468,37.10942920214443,29.17529252734484,0.8230490903251879,0.1981788886066713,0.5122493742994645,True,False,3,True
338,198612,3.016992949119186,36.19419805065129,79.80967917346383,56.976013533925446,61.70025980303305,39.52026608711211,0.7681699171136326,0.3998284996449749,0.4584429677240126,True,False,3,False
339,169271,2.5712918327712004,34.31610464627248,71.34061357231894,56.7069728423652,54.71418021988409,36.43586519201791,0.8354235063549175,0.3674108976710757,0.4704829983088164,True,False,3,False
340,75769,1.150960358698425,26.25030267814607,36.64931568319498,32.6079531206694,32.5651651730919,28.257807173528377,0.801655126919357,0.202769970367693,0.4911741707768337,False,False,3,True
341,42166,0.6405178171135661,21.591920128688564,36.44414931461367,51.03125741118436,24.814471375041503,21.42094678032119,1.0241364148427838,0.4088344912505066,0.634898212874597,False,False,3,False
342,132696,2.0157034639212106,31.641452200550493,68.98204165913064,63.21433200699343,46.38020739133056,31.267691421292813,1.0362911052172832,0.3954012957938222,0.5741430776610412,True,False,3,False
343,39977,0.607266062105702,21.211621239041357,34.71213447732446,52.48860594842034,31.114816019211048,22.444053552121208,0.8441462627213409,0.4147486422145313,0.7027496987076483,False,False,3,False
344,70132,1.065332152677717,25.58247381506699,37.62887127131695,33.65733188843895,17.120829293332573,27.77235176549756,0.7816091639483449,0.2254270467885515,0.4490474550966116,False,False,3,True
345,427995,6.501409266601544,46.75018804052571,103.443643033213,25.71958083622472,113.82762882743955,60.05743291794826,0.4716825302512688,0.4218759255998286,0.2747156495986882,False,False,3,False
346,47802,0.7261308327482494,22.51399089315941,18.005815656248693,22.17231496590101,37.00997866198067,23.20378923358481,0.9134414651272884,0.2267794451866791,0.4891203746136442,False,False,3,False
347,27665,0.4202420293707443,18.762067255134664,33.63036327489608,51.50786191939273,35.13150189770468,22.530668111873734,0.5774572715691878,0.4914030238090351,0.4370876669572125,False,False,3,False
348,169508,2.5748919542590323,34.33211275173606,25.016547891544946,64.33385444934753,32.11217759633764,34.161294454450726,1.0150761738680083,0.3742480061159454,0.3713822534365482,True,False,3,True
349,184334,2.8001046174598514,35.305221942758514,82.81168422537351,43.344347760044265,75.32586500591317,37.18097650739803,0.8561590717353079,0.3533304615319363,0.599302485758,True,False,3,False
350,251283,3.817085771421245,39.14637027687618,57.39683146094245,73.3615127167377,26.31627686711795,47.93072329926338,0.5447942945905732,0.4700124525887736,0.3491594430361023,True,False,3,False
351,87072,1.3226572919345545,27.49560648592237,36.384302646086,52.79460676221977,40.83289691289967,27.29591004158698,1.0221089148011284,0.3411801035204377,0.6327681649714073,True,False,3,False
352,170134,2.5844011359104364,34.374324131935296,68.41995721019902,38.73155865376703,28.334695005113616,35.12639750572839,0.9371339431978246,0.3807837070466542,0.4985732661737984,True,False,3,True
353,157818,2.39731634163138,33.52401106648101,43.796043543828965,20.487092727065352,54.16261769886832,34.64149375746173,0.9063127586827516,0.3858830921415588,0.5684112819338839,True,False,3,False
354,89010,1.3520962600502424,27.69810542239137,30.50543759128188,56.42450286484664,41.01115604988203,29.20258995322857,0.8532692220100947,0.2889610116665096,0.5669657254476562,True,False,3,True
355,140563,2.135206230776792,32.25478386618418,36.966193094911176,45.20300505823012,53.33534429401763,32.07501441023268,1.0169083837756072,0.2849290952342332,0.5482550980306873,True,False,3,True
356,97772,1.4851944223978462,28.578666685092305,55.46463200098188,32.003150186147366,54.80875915395001,29.228522549686456,0.934771150639448,0.3566557012369133,0.5233473499740857,True,False,3,False
357,102747,1.5607665928702643,29.055399218147787,85.8352555305751,54.47336661897671,36.54634198565408,30.30064264116319,0.881708489692776,0.4227513238963465,0.5880212115716539,True,False,3,False
358,189777,2.8827858885917856,35.649353299931725,28.42233252712394,54.78392534395633,69.1194401850593,37.03377742494963,0.8919919425925222,0.3354297313512663,0.3620962219008676,True,False,3,True
359,96891,1.4718116923101678,28.49256906366139,55.12174505372016,38.31749078861814,37.29849005583594,28.156225396427352,1.0362666688199125,0.3288666778845481,0.516097582327486,True,False,3,True
360,59295,0.9007139393290543,24.19040584896781,20.30810355004638,34.763774348596,26.55960873598111,25.407770009390404,0.8630377955824386,0.27340706203126,0.7681883273959406,False,False,3,True
361,83058,1.2616830824317833,27.066428518183525,15.273977220737317,50.15493992150064,41.91458980471478,28.5857681958298,0.8488740491177007,0.3410332068549887,0.4474940267648506,True,False,3,True
362,78284,1.189164179550311,26.537589161156795,29.59632875172449,34.14069286188749,47.781998875887794,32.23804996719743,0.5577994821109697,0.3494776681682275,0.4759013360588886,True,False,3,True
363,58393,0.8870122111348591,24.067116465841615,41.2134844930043,24.8786669635059,31.010806089771037,25.42624126956821,0.8480582585774405,0.3409468700745006,0.7582608100569582,False,False,3,True
364,135629,2.060256866131382,31.87288067187972,44.20385020902609,44.6616136666937,75.05352837519999,50.211952855503526,0.2557658832431222,0.6213240135383986,0.1485981601168315,True,False,3,True
365,69760,1.0596813290765634,25.53716137372213,22.884116972477063,33.067560206422016,18.81549598623853,25.588581740558443,0.993983593098079,0.2541707892842784,0.6561779918547038,False,False,3,True
366,106730,1.621269900406273,29.4260950439713,22.47772884849621,41.9691370748618,52.64285580436616,29.987728481677085,0.9448594048482614,0.3194406382689768,0.5016907774893693,True,False,3,True
367,134382,2.0413144547586977,31.774897896526937,58.79279963090295,19.009182777455315,43.729822446458606,32.24055614606204,0.9572930741760508,0.3638385017041669,0.5219107925782182,True,False,3,False
368,205212,3.1172494968815903,36.59075589264494,64.3089829054831,56.04081632653061,53.31057637954896,41.54251300794421,0.683338437283047,0.3489889502028876,0.4192007315492604,True,False,3,True
369,188415,2.8620965828262714,35.56386517371273,49.66372634875143,47.23216835177666,74.75940875195711,39.80723959152628,0.7130839756366295,0.4328846184192351,0.3061593012920452,True,False,3,True
370,37791,0.5740598782559118,20.817724568852537,66.68013548199306,37.593342330184434,45.550078060913975,25.850864390743965,0.5222453315957697,0.5961124154247887,0.5065504882686122,False,False,3,False
371,67519,1.0256396739954197,25.26072421176421,42.21660569617441,28.09335150105896,22.20687510182319,26.39021773196725,0.8770179295310866,0.2879890625370592,0.5549669310075497,False,False,3,True
372,117204,1.7803740036280036,30.35880049353886,35.20300501689362,35.867094979693526,63.00977782328248,31.78133050788648,0.8716408995210311,0.3792894389404224,0.4163248299567428,True,False,3,True
373,58329,0.8860400264292841,24.05832055691892,36.89946681753501,17.3875430746284,34.591455365255705,26.5870663471306,0.7409427682455028,0.2385608042811982,0.4167737389053216,False,False,3,True
374,7678,0.1166317838969302,12.238264433967236,4.927455066423548,14.24081792133368,17.935530085959886,13.527939824483822,0.7403967610845753,0.2927963660444793,0.3397387765910076,False,False,3,True
375,17112,0.2599378856530698,15.985910877496885,29.17140018700327,28.387038335670876,6.094962599345489,19.40732910768771,0.5588752154720372,0.2943588000077802,0.2750281994809346,False,False,3,True
376,133619,2.0297241902219225,31.71464608353948,58.31900403385746,36.33257994746256,36.32413055029599,32.97873836645321,0.8893598022158894,0.4388665672666368,0.451655547476715,True,False,3,True
377,19684,0.2990075585083582,16.74974690311119,7.201788254419833,25.897175370859586,24.37563503352977,19.1059850336055,0.6737774120126768,0.3459370140637681,0.4360467927181173,False,False,3,True
378,97276,1.4776599909296413,28.53025794998907,31.65033512891155,38.967813232452,39.21405074221802,29.70924580983465,0.8856093917903857,0.2870033683706029,0.5801618683188562,True,False,3,True
379,66033,1.0030667603628542,25.074029918879084,39.9794042372753,52.921402934896186,23.917965259794347,26.485936992043086,0.8484502745186863,0.3520273460005581,0.4810408976018242,False,False,3,True
380,227754,3.459671178648274,37.884288445993285,45.07299981559051,67.57209094022498,63.27612248302994,40.63845213993022,0.8101509209375158,0.3581273767807257,0.3202741779577639,True,False,3,True
381,103252,1.568437737812691,29.10292372940969,58.406578080812,36.27007709293767,31.823954983922828,29.80623229145956,0.9308691084347714,0.4039658170976913,0.7943815161366999,True,False,3,True
382,48077,0.7303081889050163,22.55708192538732,18.414980136031783,37.6874805000312,32.79191713293259,23.076899840804423,0.9339343634210197,0.2395839034986309,0.6997077053907562,False,False,3,True
383,94787,1.4398511201143953,28.28481806535178,50.11022608585566,44.5366980704105,58.58958506968255,28.55135850087945,0.9722542206618484,0.3654988421975726,0.6821354090547829,True,False,3,False
384,148115,2.249924026034621,32.822385693266256,38.337298720588734,78.62818080545522,76.1223373729872,36.1631485896127,0.7476730489184522,0.4392377508742819,0.409846540736052,True,False,3,True
385,256310,3.893447841966944,39.40569398924176,54.54087238110101,50.14359174437205,75.4288322734189,41.106704381380666,0.880925054414464,0.3433307719011458,0.4619220575418785,True,False,3,False
386,177703,2.699377167730684,34.87669982172709,71.37952088597267,37.68155855556744,76.57209501246462,38.33555894591201,0.7530100126039211,0.3886255043077718,0.4888441569499701,True,False,3,False
387,280569,4.261951416537877,40.61162415637666,73.81419187436958,108.17170464306464,91.0865811974951,50.43207487603353,0.5221924232637878,0.5021409764441485,0.3240542384276623,True,False,3,True
388,318096,4.8320010328832925,42.347053691599946,70.16866291937025,64.2228069513606,75.96574304612444,43.39326480109485,0.9293998945882492,0.3668845606457579,0.4228614763061054,True,False,3,False
389,89060,1.3528557793514726,27.703290779975152,24.422176061082418,47.07931731417023,51.350763530204354,30.47003110822684,0.751580300963329,0.3306799590874921,0.6220295158619019,True,False,3,True
390,235209,3.572915506461717,38.29321017430898,47.67425141044773,55.7181655463864,60.87002198045143,40.355317755827855,0.8544034874783949,0.3302227810890017,0.5743941809443514,True,False,3,False
391,204880,3.112206288721421,36.57101258963564,56.76079656384225,58.34199531433034,74.41204119484577,37.28315594051251,0.9437847467948136,0.3427976831558371,0.5699366418407498,True,False,3,False
392,66888,1.016054540413893,25.18178627951175,28.878184427700035,25.83309412749671,57.86564107164215,26.10511438362247,0.8975999085875773,0.3632639632802577,0.6192864115171673,False,False,3,False
393,164625,2.5007172993008777,33.99922828691181,51.70649050873197,55.08973728170084,42.57041154138193,36.25427203672261,0.8247638383325422,0.3190325539131339,0.3502136170408257,True,False,3,True
394,221024,3.357439880702671,37.507398412954494,50.721193173592006,65.4896210366295,56.48524142174605,40.45006456555075,0.7972475027176518,0.3436442354483491,0.3181995690295571,True,False,3,True
395,48384,0.7349716374145705,22.604993512353257,7.207175925925926,73.00886656746032,40.10011574074074,32.62139627259009,0.3327403908353846,0.4810385036851506,0.1520144712648299,False,False,3,True
396,52888,0.8033891360693991,23.28571145617328,43.97761306912721,61.915897746180605,44.98944940251096,26.42979246640873,0.6838916102589698,0.4356370969439374,0.4482806843762075,False,False,3,False
397,78286,1.1891945603223602,26.53781515338313,66.56692128860844,35.77617964897939,59.98551465140638,26.887873397318906,0.9614487308021314,0.3958856040897648,0.5824673698296398,True,False,3,False
398,165452,2.513279748543228,34.05606536081633,40.67056306360757,76.49750380775089,37.63873510141914,40.15998281657702,0.6098216757992667,0.4072454879192509,0.2570316778279372,True,False,3,True
399,44743,0.6796634418989775,22.02311924161695,29.729186688420533,44.20691504816396,34.54319111369376,23.44541817499789,0.8288244247958044,0.3971880982618932,0.5163684011466634,False,False,3,False
400,127318,1.934009567880876,31.208081119135304,45.5560172167329,53.87952999575865,63.73463296627342,31.144222472895144,1.0061638725430673,0.3239682929499409,0.7889633450648103,True,False,3,False
401,149386,2.2692310066718964,32.91600324323987,50.40254106810544,22.374466148099557,42.15467312867337,34.706474813966594,0.8530800334827956,0.3266847982152127,0.3529889837885428,True,False,3,True
402,148235,2.251746872357574,32.831247327983434,58.0789961884845,56.211576213444864,52.92513913718083,35.870493052340535,0.7667435118156795,0.3941829043583867,0.3842922284036668,True,False,3,False
403,18374,0.2791081528161235,16.369611317413966,32.73076085773376,28.281702405573093,33.47164471535866,16.798141243133447,0.92540409494489,0.3626327946569866,0.6363663224128571,False,False,3,True
404,136273,2.070039474731229,31.9232478078706,47.417837722806425,35.52891621964733,49.55375606319667,34.00208915835107,0.8275693584631233,0.3011575891671354,0.3794214293414342,True,False,3,True
405,133397,2.02635192452446,31.6970723496616,55.22705907928964,47.31655884315239,45.63865754102416,35.216338360991735,0.7291633970003422,0.3409288849107665,0.3344999016786423,True,False,3,True
406,242102,3.677622837329331,38.66368607552058,59.482321500855015,53.29413222526043,70.56368390182651,42.792751968661065,0.7375629934847758,0.375292302368396,0.4055316744942415,True,False,3,False
407,172411,2.6189896448884658,34.52699541960367,67.01993492294575,21.86330918560881,67.27874091560284,35.20257083069649,0.9435245798658296,0.3534697736246185,0.5029934955292859,True,False,3,False
408,31657,0.4808820503809743,19.62427927103071,23.836844931610703,23.013330385064915,31.95435448715924,21.305383417679927,0.7814713919870927,0.2618296084564534,0.6057104381052574,False,False,3,True
409,28423,0.4317563419773962,18.931881114431132,8.79347711360518,17.665728459346305,32.517010871477325,21.047454558575037,0.727750586494136,0.3371253958144228,0.3661770217813851,False,False,3,True
410,63037,0.9575563638331324,24.688932313866264,44.25535796437013,35.96809810111522,53.9070228595904,26.71331020594836,0.789448501978178,0.3483269690274531,0.5881980996633174,False,False,3,False
411,91685,1.3927305426660652,27.9728399199959,48.44054098271255,37.072465506898624,62.60139608441948,29.44796511219836,0.857124304879329,0.4329444961224895,0.5085998765209361,True,False,3,False
412,183600,2.78895487411779,35.258298957101296,64.58596405228758,64.67130718954249,57.92246732026144,36.93705543598956,0.8697556405709362,0.4069982425613211,0.5084301488517446,True,False,3,False
413,173929,2.642048650873819,34.62803094110692,67.20145001696095,47.629044035209766,73.18928988265327,37.78629349282141,0.7696273810861406,0.3593069589260191,0.4277484965782394,True,False,3,False
414,121906,1.8517991987157043,30.759468294589546,65.49702229586731,30.95251259166899,58.25441733794891,36.54150642025476,0.5964542406312329,0.3810954322721765,0.3918582621704233,True,False,3,False
415,61812,0.9389481409529892,24.5279580952889,43.74627903966867,41.99828512262991,37.419368407428976,24.24642885115571,1.0352395125577185,0.3503618562027084,0.7732149522654331,False,False,3,False
416,167624,2.5462732669886736,34.20444360238115,60.24014460936382,43.0271977759748,47.64677492483177,35.32770179474555,0.9076145162011604,0.3406620453360883,0.5181518304166834,True,False,3,False
417,247234,3.7555798984076127,38.93497157970428,79.47832013396216,66.21556096653373,51.67168755106498,40.727175493364825,0.873708800313872,0.4135537135425453,0.4408868831467163,True,False,3,False
418,87323,1.3264700788267307,27.522001409434225,58.80696952692876,16.702598399047215,30.494016467597312,29.0481831596834,0.850517228573341,0.395356016796239,0.3632687139191591,True,False,3,True
419,250129,3.799556065948849,39.08635263075752,50.63063459255024,51.31745619260462,65.19158914000376,39.87232665437051,0.9420212543464668,0.3518180851688445,0.4554502453554563,True,False,3,False
420,27257,0.4140443518727048,18.66937653742921,13.575081630406869,16.209670910224897,37.55233517995377,19.66651807171123,0.855474400902109,0.2877780354122582,0.4136815035945606,False,False,3,True
421,125493,1.9062871133859685,31.058248758637,53.97356027826253,45.76609850748648,65.87809678627494,32.1677094381989,0.9000579670011105,0.3580789899247236,0.5199571578021231,True,False,3,False
422,201587,3.0621843475423907,36.37402024283399,89.19144587696627,60.57883692896864,55.499010352850135,38.33005722263406,0.8545854801169197,0.37625867376425,0.5524637317013112,True,False,3,False
423,211230,3.208665239977673,36.94499934925416,55.748482696586656,47.69488235572599,78.14291530559106,45.385335760476025,0.5394116620373909,0.3681241270581503,0.374500425040282,True,False,3,False
424,89227,1.355392573817582,27.72059582085221,29.010097840339807,51.32165151803826,42.84852118753293,27.6799422786545,1.004412575599948,0.3308562172444091,0.8168073283126088,True,False,3,False
425,5811,0.0882713331889895,11.152890083030202,4.327998623300637,18.722767165720185,25.267940113577698,12.755794004061752,0.6684051305355023,0.3228846303036716,0.3183607559837519,False,False,3,True
426,420195,6.382924255609612,46.46444531804135,78.10387320172777,53.17064696152977,86.94263377717488,48.649390442632566,0.8712244636003418,0.4004898926508368,0.3295374866876511,False,False,3,False
427,41322,0.627697131308798,21.44688590307204,59.057281835341946,50.73597599341755,34.381999903199265,22.76803838415065,0.8358260052827274,0.5530736242330749,0.5529124217944047,False,False,3,False
428,48235,0.7327082698969042,22.58176539703503,33.69115787291386,37.41372447392972,49.80035244117342,24.11198206982913,0.8214382797519454,0.4072910823549981,0.5822269688890243,False,False,3,False
429,90627,1.3766591142520317,27.864825746890848,59.9262471448906,45.33509881161243,56.6309929711896,30.33957487136832,0.7747124254397345,0.4339335025491898,0.4852066933899668,True,False,3,False
430,160245,2.4341834085131007,33.694986966241615,51.09836812381042,62.32361696152766,47.40647134075946,33.08102853879893,1.0567174186442727,0.3200458601106348,0.6752322957384842,True,False,3,False
431,104797,1.5919068842207085,29.24736513409378,68.18652251495749,37.117121673330345,51.28141072740632,29.446700769478102,0.979829050637434,0.3627548475992541,0.7655393991466969,True,False,3,False
432,185136,2.812287307051586,35.356349828359015,40.89671376717656,63.041753089620606,50.122607164462885,39.70007970217096,0.7063633067223718,0.3457084590645661,0.4638765923500516,True,False,3,False
433,21743,0.3302845633330235,17.3145131885235,14.817550476015269,20.81327323736375,31.900841650186265,17.88975559518607,0.9066040072936582,0.3053213571281375,0.7490049118121055,False,False,3,True
434,66375,1.0082618723832697,25.11724344430033,52.19483239171375,19.699977401129946,33.06204143126177,25.67529814452733,0.9362017285700276,0.4068799126061847,0.4591678393077879,False,False,3,True
435,44921,0.6823673306113576,22.05228528062946,23.796309075933305,45.39493777965762,63.86839117561942,24.87229394950328,0.6969687101360447,0.4312815798129661,0.3703735144035255,False,False,3,False
436,149415,2.26967152786661,32.918133077654346,53.26361476424723,28.639949134959675,49.83484255262189,35.853022135272,0.7739774045697936,0.3687830153620761,0.3230157248898412,True,False,3,True
437,110617,1.6803149308839194,29.77906713866342,54.02280842908414,56.32739090736505,42.27032011354493,31.59618880904412,0.8371998956754565,0.3491416054509455,0.4417557268966169,True,False,3,False
438,308711,4.6894392600423584,41.92642493935432,79.28197569895468,57.18902468651911,120.4438034278014,46.00616879461623,0.7568595404893467,0.5232151436112874,0.4909171563950882,True,False,3,True
439,138541,2.104491270235037,32.09937449450982,33.99393681292902,50.84990002959413,57.84946694480335,31.35291044496247,1.0731393573523205,0.3049690151903746,0.6671350194044574,True,False,3,False
440,21333,0.3240565050629347,17.204990666302162,13.833966155721184,19.387849810153284,23.576430881732527,17.19357218948292,1.001993662782622,0.261200854884716,0.74796718250876,False,False,3,True
441,198397,3.013727016123896,36.18113310959485,82.29379476504181,54.44535451644934,19.466065515103555,38.99257026864655,0.7989155993114887,0.3915637687982096,0.3869014244293059,True,False,3,False
442,25970,0.394494325059036,18.37078777560784,36.40985752791683,40.15949172121679,47.43276857912976,19.998651306371293,0.7751419047858598,0.4992925372793865,0.4118851792134531,False,False,3,False
443,79488,1.207453404323937,26.672946068409505,28.49189814814815,27.24591133252818,51.10838113929147,27.11497843474683,0.9518865063186002,0.340356264608525,0.7741250972512246,True,False,3,False
444,9661,0.1467543193837253,13.212281685620384,7.97412276161888,20.120173895041923,17.899078770313633,13.700541011213254,0.8968510514958756,0.301663583247597,0.582984445188545,False,False,3,True
445,56279,0.8548997350788404,23.773105676921663,30.86355478953073,44.76975426002594,41.76291334245456,24.742498280014203,0.8870071415502068,0.3355027856407411,0.6695442792911273,False,False,3,False
446,51977,0.7895506944009825,23.15123695395444,46.127517940627584,44.13057698597456,17.76985974565673,25.247668430868647,0.7710077893622322,0.4236273388253461,0.4831130795046151,False,False,3,False
447,109299,1.6602940021034878,29.660321877616948,48.03682558852323,60.39789019112709,36.42836622475961,29.9021381530548,0.975934898416549,0.3722486124663628,0.6591082194682343,True,False,3,False
448,165411,2.512656942716218,34.05325202918995,34.73036859700987,70.3802286425933,52.08377919243581,35.914764666302645,0.8524260295373368,0.3726577498861298,0.5109863677388707,True,False,3,False
449,43392,0.6591412303797339,21.799189807982295,41.828401548672566,26.56678650442478,16.725686762536874,24.013728624269284,0.7480700426800095,0.402362561758128,0.5577995543818574,False,False,3,False
450,156995,2.384814653933129,33.465635046014754,88.8550590783146,77.81153539921654,23.5583362527469,41.56793820597894,0.5218212496610882,0.4029588435764809,0.352631737750322,True,False,3,False
451,42319,0.642841946175331,21.61800414691059,45.89276684231669,51.40473546161299,23.26607434013091,29.732838629570438,0.3843595409797889,0.4717177932899273,0.237360586077855,False,False,3,True
452,92923,1.4115362405645284,28.09818091059397,77.84632437609633,56.51973139050612,50.483152717841655,31.823322626294942,0.6883321394108389,0.4232367203123963,0.5085299711795701,True,False,3,False
453,20355,0.3092003075308693,16.937949452214742,15.108572832227956,30.086858265782364,19.39282731515598,19.568437129513622,0.6485061119996084,0.2931716858581524,0.2850317687597026,False,False,3,True
454,134613,2.044823433930381,31.793094281096177,58.6252219325028,76.59878317844488,51.88113332293315,35.83838089643694,0.6981572480015732,0.4927630479019184,0.3893939210102005,True,False,3,False
455,91677,1.3926090195778684,27.97202630370673,33.63945155273406,54.08668477371642,69.71336322087328,36.27594102882365,0.4584750665345661,0.3169430730893054,0.3171190202766095,True,False,3,False
456,302707,4.59823618235062,41.65284001330634,84.06441212129221,33.25983872193243,88.35289240090252,47.84528578807482,0.6598062051678298,0.3793599806080256,0.3831596896272951,True,False,3,False
457,75290,1.1436841637926385,26.19486890275673,39.04531810333378,51.86996945145437,40.37473768096693,27.498359738655907,0.8644269937427272,0.4142104281977893,0.6523997615049842,False,False,3,False
458,13698,0.2080779077650625,14.843039762118844,21.51460067163089,42.69192582858812,24.13980143086582,17.17830366681922,0.6451010156213979,0.4546491996928737,0.3614063484381859,False,False,3,False
459,65546,0.9956690423688708,25.012236596239067,57.42078845391024,42.68438958899094,38.7489854453361,31.238790499580205,0.513304359406727,0.4283044498208108,0.3375489118066144,False,False,3,False
460,64330,0.977197532962949,24.85659563835499,58.70115031866936,39.997201927561015,21.37449090626457,26.24028315314258,0.8500009102289653,0.4191346718983681,0.5187476986608716,False,False,3,False
461,333670,5.068576104830518,43.02717676145413,79.17818503311655,91.78374441813769,69.56653280187011,52.68645622901765,0.5446676572096079,0.3663518979743341,0.2920230176539682,True,False,3,False
462,13857,0.210493179142975,14.900249338404562,9.894421591975174,20.664213033124053,30.736017897091724,16.04748790225074,0.8004964988977781,0.3362395279733425,0.3403935292866261,False,False,3,True
463,175475,2.6655329876678606,34.7303276562837,79.46321128365864,63.13997435532127,64.09632711212423,39.44876280397792,0.6823802987477474,0.4606811523353619,0.3946747157203027,True,False,3,False
464,159344,2.42049687070493,33.63171663799089,58.068600010041166,71.84527814037554,52.02519705793755,33.54625313156057,1.007662383684326,0.3589835577079268,0.6821600194229968,True,False,3,False
465,98707,1.4993974333308535,28.66947770335135,50.45667480523164,60.9513205750352,35.25177545665454,31.202114843530435,0.7757240394570419,0.3561862301095192,0.4868886697748611,True,False,3,False
466,38021,0.5775536670415713,20.85987213292948,45.46579521843192,34.15186344388627,19.04005681070987,23.76734960242353,0.6760715531060105,0.3890126096276228,0.4932075133969352,False,False,3,False
467,64071,0.9732632229825758,24.82319226252877,41.43714004775952,42.317678825053456,56.07288788999704,28.43691486010884,0.6651589819377325,0.5238535276834551,0.32035926007979,False,False,3,True
468,38262,0.5812145500735015,20.90385348150117,37.653964769222725,34.68903873294653,20.8797762793372,21.811919290454245,0.8802325252092295,0.3513497409355084,0.6988766865905339,False,False,3,False
469,111041,1.6867556545583526,29.817066802088117,56.83823992939545,53.150899217406185,40.16851433254384,30.78292584387083,0.9087931954132056,0.3485381204719811,0.6324582584948419,True,False,3,False
470,105240,1.5986362252296091,29.28851888446472,49.21781641961231,24.16260927404029,54.550655644241736,33.75122782820523,0.6534667589443971,0.4394925593842851,0.4030094146122268,True,False,3,False
471,183461,2.78684341046037,35.249398919213654,37.31925041289429,53.62628569559743,83.0802949945765,48.41913241581454,0.3858372352222009,0.3976036401074695,0.2373730469026098,True,False,3,True
472,132435,2.0117387731687884,31.620693374742167,107.96333295578964,52.06718767697361,41.09733831691018,40.32398876168988,0.482196119975735,0.4684441002588368,0.343729376454537,True,False,3,False
473,70536,1.071469068631658,25.631502964521264,40.70477486673472,41.79070261993876,36.43180787115799,27.90850039331172,0.7746628243966809,0.3806320984371344,0.4535392733529084,False,False,3,True
474,38923,0.5912553952357665,21.023542588006684,41.40390000770753,54.07949027567248,25.69634920227115,21.08233540065185,0.9916571375486734,0.4118008349058851,0.6708788865158741,False,False,3,False
475,232414,3.5304583775229417,38.14092534218218,114.5327475969606,23.566007211269543,43.10993743922483,47.57896644037088,0.5151440228402724,0.4979140274150525,0.2730742888726414,True,False,3,False
476,104426,1.5862712510055792,29.212810702630904,41.74780227146496,47.21079999233907,39.09704479727271,29.56662112687134,0.964528233922932,0.390868675130497,0.624275913559285,True,False,3,False
477,71639,1.0882240644167993,25.76441594630347,43.97300353159592,42.32660980750708,35.46369993997683,26.526709920854703,0.9162431502404756,0.3841638343023912,0.5103596477906348,False,False,3,False
478,115322,1.751785697129694,30.195427695744478,47.06816565789702,81.34065486203846,48.59033835694837,32.11826925931392,0.830935191459117,0.3434839042364308,0.5310940071413368,True,False,3,False
479,116871,1.7753156050818095,30.33002141302529,33.95916009959699,54.74058577405858,76.06344602168203,38.88257531083962,0.474627704935127,0.3879243048993682,0.2586535898868367,True,False,3,False
480,6000,0.0911423161476401,11.272516517868263,12.973833333333332,22.3295,16.565833333333334,11.710880471810436,0.891854475608213,0.328829099796494,0.4180235453862722,False,False,3,False
481,58351,0.8863742149218256,24.061344875998667,50.80953197031756,27.99763500197083,33.19507806207263,26.024232824494185,0.7903617003514869,0.4389020483913266,0.5642613002023422,False,False,3,False
482,104864,1.5929246400843569,29.253596724714097,64.25902120842234,51.366341165700334,36.32961740921574,33.742871725589,0.6516159219172506,0.370227271668422,0.4493909536572972,True,False,3,False
483,169111,2.568861371007264,34.30528903579235,95.43663629213948,51.69331385894472,30.52967577508264,41.96341840175133,0.5463496518398707,0.3899040872514435,0.3553229719999025,True,False,3,False
484,77309,1.1743535531763194,26.426956436052333,60.16510367486321,41.21199342896687,25.8941779094284,27.98555688101225,0.8420533082801391,0.3910338698658802,0.5213436658790455,True,False,3,False
485,26811,0.4072694397057302,18.56698847281975,37.10615046063183,32.003990899257765,29.194584312409084,20.86097387511012,0.7050512156891348,0.4602392104172419,0.4639168267034003,False,False,3,False
486,64845,0.9850205817656216,24.922750038100496,47.94343434343434,31.99381602282365,40.11922276197085,24.704365248469767,1.026754905243716,0.4042836056798287,0.725794347365663,False,False,3,False
487,107565,1.6339538727368197,29.502633942935475,57.43421187189141,35.41737554037094,45.47955189885186,30.76363536027035,0.8820016693663622,0.3582299297858003,0.5320215242132905,True,False,3,False
488,97964,1.4881109765145708,28.597361594833732,58.71209832183251,58.06400310318076,60.858907353721776,31.370260974156015,0.7575712858747048,0.4020546471445652,0.44596809548429,True,False,3,False
489,38839,0.5899794028096996,21.008408010402515,34.19042714796982,45.240351193388086,46.708179922243104,25.59871730725016,0.55274499278771,0.4017899029477882,0.3825338203528965,False,False,3,False
490,16353,0.2484083826603933,15.745976869900804,32.14443832935853,28.36262459487556,20.953586497890296,18.50486747218828,0.6160995478721538,0.4774628520081607,0.3575711245643349,False,False,3,False
491,70699,1.073945101553669,25.651231523354596,60.01671876547052,30.3048982305266,18.572030721792387,28.16745833245978,0.7552342551603876,0.396568514668652,0.4473085944278254,False,False,3,False
492,279144,4.240305116452813,40.54275242584559,89.99794371363883,37.7565808328318,57.00690682945003,45.91090794768365,0.6886396797948602,0.3980452643835988,0.3324442031508268,True,False,3,False
493,118483,1.7998025073534756,30.46883233129289,44.09161651882548,52.465906501354624,33.49069486761814,33.86503259424864,0.728304408690235,0.3828356395398339,0.5234518586460991,True,False,3,False
494,106624,1.6196597194876647,29.41635020729484,42.98738557923169,64.28774947478992,52.64963798019208,46.57385900245714,0.2519646934680805,0.4284233959135289,0.2290303491479675,True,False,3,False
495,17487,0.2656342804122973,16.101842226824047,54.42860410590725,30.369188540058328,26.07782924458169,20.57959954284233,0.4789784143575659,0.5183563559369233,0.2688332827899515,False,False,3,True
496,69039,1.048729060752822,25.44887728957142,58.33110271006243,33.98723909674242,23.022146902475413,29.13066901787486,0.666736923098735,0.3895876051733422,0.4306468027142626,False,False,3,False
497,20077,0.3049773802160287,16.860485261562953,27.194600786970163,20.24356228520197,22.496289286247947,17.24978494083133,0.9338113642221256,0.3786924441916574,0.6479013929598825,False,False,3,False
498,84994,1.2910916697754218,27.275112657684616,51.61401981316328,34.857236981433985,43.66162317340048,31.78102479953454,0.6321148128923563,0.4716600988237868,0.4133037158706111,True,False,3,False
499,137581,2.0899084996514143,32.02505990711354,70.12045267878558,44.2011905713725,36.29219877744747,36.66490729743069,0.6663740534567649,0.3778340527546459,0.3721901667395004,True,False,3,False
500,96126,1.4601910470013435,28.41738343011388,62.47693652081643,46.9164013898425,44.872417452094126,34.18963061862661,0.5742077307604825,0.3835809321591275,0.4095388557356759,True,False,3,False
501,22310,0.3388975122089754,17.463729143508246,25.37727476467952,32.99390407888839,20.760376512774545,18.69122448125853,0.8156384690845332,0.4625709234782476,0.5495983262200306,False,False,3,False
502,15546,0.2361497411385357,15.482580664028662,22.023607358806125,21.73369355461212,24.919657789785155,17.749959913551884,0.6636482053711232,0.469009672567536,0.3943785838386377,False,False,3,False
503,55197,0.838463737400216,23.61976767760477,56.69034548979111,33.81506241281229,25.524158921680527,24.525307432004197,0.89327151352404,0.4167354133859029,0.680436209209815,False,False,3,False
504,95594,1.4521097616362528,28.36486200391912,87.95587589179237,36.15853505450133,40.28387764922485,33.05910608274863,0.6316386648926499,0.4169584300477599,0.450836519641092,True,False,3,False
505,123724,1.8794153205084396,30.91162107225907,22.972737706508035,104.79139051437068,65.66963564061945,60.365878012535575,0.1342736447720577,0.4512573644065017,0.0486289756121588,True,False,3,True
506,11271,0.1712108408833421,13.908851814609,20.67181261644929,16.159080826900897,20.670126874279124,15.520338387945069,0.7197311225277262,0.381001453348769,0.4425257999509542,False,False,3,False
507,21527,0.3270034399517084,17.256986810462337,29.87745621777303,27.305476843034327,26.27955590653598,19.023271014140366,0.7465163366400531,0.5164219862741539,0.5892880332615247,False,False,3,False
508,56080,0.8518768482599437,23.7450523768107,48.55515335235378,36.94249286733238,32.100303138373754,25.8340656889922,0.7764993867039837,0.6005415549395853,0.5016253155870217,False,False,3,False
509,122907,1.867004775126336,30.843430075943985,33.13291350370606,106.70824281774024,90.0739909036914,44.18511691199964,0.3401417827217758,0.4715621463164635,0.2939474635443585,True,False,3,False
510,10322,0.1567951645459903,13.50698492471789,8.267002518891688,23.385002906413487,23.11209068010076,16.788996988408744,0.5207160832105806,0.3627937010685618,0.1835155838944364,False,False,3,True
511,61239,0.9302440497608896,24.451930928422748,63.50698084553961,36.8133542350463,24.666078805989645,27.80582225073357,0.6800365484037618,0.422597884251953,0.3988854602354697,False,False,3,False
512,29768,0.4521874111804922,19.22591491100336,29.796996775060467,34.44295888202096,31.030435366836876,21.753243754651407,0.6903812194833335,0.3900596623200277,0.4347514435151849,False,False,3,False
513,61256,0.930502286323308,24.45419334489523,65.50553415175656,43.9435157372339,30.618959775368943,27.17665587325405,0.7285711657531295,0.4307871611621683,0.4817632221560696,False,False,3,False
514,62735,0.9529688672537012,24.64944229863362,46.5908344624213,38.99928269705906,32.868765441938315,28.28942525678368,0.6615290502633074,0.3669023656545424,0.4949269457530356,False,False,3,False
515,29729,0.4515949861255325,19.21751508154089,34.90591678159373,32.22200544922466,21.30448383733055,19.1862686765604,1.0048937060854937,0.4340973393626965,0.6129055839748709,False,False,3,False
516,67939,1.0320196361257543,25.312993850302025,65.12387582978849,38.87331282473984,23.71366961539028,29.9421601551514,0.6042006023191706,0.3604512185769721,0.5236217983659601,False,False,3,False
517,23566,0.3579766370558815,17.785486721468107,16.324874819655435,92.34982602053806,37.63532207417466,24.186420801851057,0.3976330279449535,0.8612793571124399,0.223703172699148,False,False,3,False
518,23371,0.3550145117810832,17.736294664070336,31.031278079671388,40.33460271276368,36.35535492704634,22.60499646629168,0.4830313913254443,0.4769833755588842,0.3068614261476072,False,False,3,False
519,24154,0.3669085840383502,17.932196294636228,17.089012171896993,54.0604040738594,50.17483646600977,29.59138369931799,0.222538231624135,0.4654017404833351,0.1296797290194616,False,False,3,False
