bead_a,bead_b,r_a_vox,r_b_vox,gap_vox,gap_um,dsum_min,z_mid,axis_dip_deg,lens_vox,lens_mm3,binder_vox,pore_vox,crack_vox,binder_frac,pore_frac,crack_frac,connected,bond_area_vox,r_bond_vox,r_bond_over_R,neck_binder_vox,neck_crack_vox,neck_severed,q_crack_med,q_binder_med,q_pore_med,dq_paired
1,140,38.09217778269345,35.127419477335195,10.0,247.660229,11.0,203.6304111140808,80.28181153410958,9494,0.144217524917616,2328,2845,4433,0.2452074994733516,0.299662945017906,0.46692647988203073,True,195.0,7.878478774854901,0.21520136875038084,472,921,0.6611629576453697,0.3077696896900046,0.08333333333333333,0.3115648476058469,0.2244363563566713
1,142,38.09217778269345,34.808003044394134,5.708203932499369,141.36950931014943,6.708203932499369,188.8956339150147,78.85743384972217,6548,0.09946664768912467,3152,2289,1129,0.4813683567501527,0.34957238851557726,0.17241905925473427,True,140.0,6.6755811781245455,0.18314306226368354,606,328,0.3511777301927195,0.356789172325331,0.15225881209433406,0.3483314773547883,0.20453036023099697
1,306,38.09217778269345,35.52153417314591,1.7320508075688772,42.89600996421431,2.732050807568877,167.57176020200552,44.59530006281258,3225,0.04898899492935661,1455,1149,627,0.4511627906976744,0.35627906976744184,0.19441860465116279,True,184.0,7.653039857325812,0.20792430252442226,297,843,0.7394736842105263,0.37268226712382524,0.21089672205953397,0.3660254037844387,0.16178554506429127
2,47,38.363088746601086,36.29632607499437,1.0,24.7660229,2.0,629.4335900889646,16.779156352857324,3314,0.0503409392855466,3180,119,15,0.9595654797827399,0.035908267954133974,0.004526252263126132,True,1797.0,23.916581391835077,0.6406849410482424,1799,642,0.26300696435886933,0.32037724101704074,0.2989350844248255,0.4068781988545112,0.02144215659221521
2,49,38.363088746601086,36.699556005373374,2.0,49.5320458,3.0,604.3891882569386,72.3042998864283,4462,0.06777950244179509,4402,60,0,0.9865531151949798,0.01344688480502017,0.0,True,1980.0,25.104851615652017,0.6689039987494353,1980,184,0.08502772643253234,,0.28436465220442186,0.3797958971132712,
2,70,38.363088746601086,36.52162050261049,1.0,24.7660229,2.0,555.4717932310829,13.799407143971518,3639,0.05527781474354378,3579,60,0,0.9835119538334708,0.016488046166529265,0.0,True,2333.0,27.250999329690345,0.7278121155281714,2333,0,0.0,,0.2989350844248255,0.39676490936081604,
2,81,38.363088746601086,36.012877868255195,1.7320508075688772,42.89600996421431,2.732050807568877,620.7879938875649,43.28569368588806,3600,0.05468538968858412,3547,52,1,0.9852777777777778,0.014444444444444444,0.0002777777777777778,True,2190.0,26.40262583044538,0.7099773497309161,2191,631,0.22360028348688873,0.26618329551788555,0.2898979485566356,0.355339270094927,-0.023714653038750033
2,89,38.363088746601086,35.79819589924081,1.0,24.7660229,2.0,566.496668025286,45.25455662402305,3685,0.05597657250067569,3602,83,0,0.9774762550881954,0.022523744911804613,0.0,True,2598.0,28.757070162057335,0.775527832328878,2598,0,0.0,,0.3090169943749474,0.39564392373895996,
3,252,38.192494805583316,34.67978407640629,1.7320508075688772,42.89600996421431,2.732050807568877,759.3794797162425,57.283835726184755,3617,0.05494362625100243,3551,66,0,0.9817528338401991,0.01824716615980094,0.0,True,2443.0,27.88603686340174,0.765340052245677,2443,43,0.01729686242960579,,0.2843646522044218,0.41421356237309503,
3,255,38.192494805583316,35.04234372822224,1.0,24.7660229,2.0,704.9438965334523,23.91969091139457,3498,0.053135970314074236,3436,62,0,0.982275586049171,0.017724413950829045,0.0,True,2709.0,29.364970316209906,0.8019399210569678,2709,593,0.17958812840702604,,0.3090169943749474,0.4,
4,112,37.65473921112723,35.45518929419597,8.449489742783179,209.26025646308332,9.449489742783179,853.3521709041831,58.135060686450004,8881,0.1349058182845321,3750,720,4411,0.422249746650152,0.08107195135682918,0.4966783019930188,False,6.0,1.381976597885342,0.037805442465580284,239,1549,0.866331096196868,0.3224156201423654,0.16845630949969403,0.30412917607713125,0.15395931064267138
5,31,38.195276904839844,37.10203613363907,1.0,24.7660229,2.0,566.0350777136106,88.98600838781182,4014,0.06097420950277129,3968,46,0,0.9885401096163428,0.0114598903836572,0.0,True,3467.0,33.22018024332803,0.8823735908438498,3467,2,0.0005765350245027386,,0.3090169943749474,0.3827822185373187,
3,105,38.192494805583316,35.87299012264121,1.0,24.7660229,2.0,744.4201940543493,81.79770619658508,3558,0.05404739347555064,3503,55,0,0.9845418774592468,0.015458122540753232,0.0,True,3465.0,33.21059703809666,0.896790105952332,3465,0,0.0,,0.30484544052339907,0.3797958971132712,
3,165,38.192494805583316,35.19744575829755,3.1815405503520555,78.79410612729761,4.1815405503520555,767.4157254316133,43.47343843657168,4287,0.06512118488748891,4254,33,0,0.9923023093072079,0.007697690692792162,0.0,True,2777.0,29.73123868816075,0.8102265367630804,2777,0,0.0,,0.27718637277259645,0.38926726601953365,
3,169,38.192494805583316,35.30822230156813,1.8284271247461903,45.2828680424453,2.8284271247461903,766.7425930169502,44.386367928859464,3442,0.05228530869669626,3422,20,0,0.9941894247530505,0.005810575246949448,0.0,True,3087.0,31.346811937569694,0.852966152476347,3087,0,0.0,,0.28989794855663564,0.29310293440626656,
3,241,38.192494805583316,35.33832533165019,1.8284271247461903,45.2828680424453,2.8284271247461903,732.7508035256893,80.69268764973042,3506,0.05325749340227109,3380,126,0,0.96406160867085,0.03593839132915003,0.0,True,2693.0,29.278123633405,0.7963497096526889,2693,0,0.0,,0.28172904669025317,0.36366374964901205,
2,236,38.363088746601086,34.965316634264894,1.414213562373095,35.02444547122265,2.414213562373095,588.0929871725214,83.10764353504294,4026,0.061156494135066575,3834,181,11,0.9523099850968704,0.044957774465971184,0.00273224043715847,True,2043.0,25.501119533728012,0.6955318174798923,2043,366,0.1519302615193026,0.375,0.28172904669025317,0.38742588672279316,0.09327095330974683
2,243,38.363088746601086,37.237909116832206,6.6212327846342935,163.98160277048368,7.6212327846342935,593.5562244217024,88.71915642900647,7332,0.11137591033241633,6548,55,729,0.8930714675395527,0.007501363884342607,0.09942716857610474,True,1162.0,19.23216284627303,0.5087806613614884,1162,626,0.35011185682326623,0.3435838933789736,0.2588283628687876,0.25401115162199117,0.08475553051018603
3,71,38.192494805583316,35.883375888636174,6.713293552551451,166.2615818569116,7.713293552551451,723.7697313305596,68.25153595748098,6679,0.10145658825834815,5205,165,1309,0.7793082796825872,0.024704297050456656,0.19598742326695612,True,1427.0,21.312630236183175,0.5754270597550007,1428,872,0.3791304347826087,0.32841267881154246,0.25,0.24210172369314836,0.07841267881154246
3,95,38.192494805583316,36.1488861475314,1.0,24.7660229,2.0,715.3844476605036,51.09420432215535,3959,0.06013873827141793,3795,46,118,0.9585753978277343,0.011619095731245263,0.02980550644102046,True,2451.0,27.931658222104733,0.7514430822779724,2452,751,0.23446768654386513,0.39564392373895996,0.2989350844248255,0.3495151831824591,0.09670883931413443
2,107,38.363088746601086,36.14912973635662,9.74165738677394,241.26210992479758,10.74165738677394,598.2845207923208,82.37526520178304,9331,0.14174149199560512,9062,269,0,0.9711713642696388,0.028828635730361162,0.0,True,1889.0,24.52116177918943,0.6581782767559891,1889,0,0.0,,0.26487139148781225,0.34243216259242865,
2,116,38.363088746601086,36.11938763599711,8.281885242839627,205.10935957933825,9.281885242839627,618.8137988334665,51.67318864940003,7776,0.1181204417273417,7745,31,0,0.9960133744855967,0.003986625514403292,0.0,True,1986.0,25.142860496789307,0.6751349234855352,1986,0,0.0,,0.26675650430010106,0.22163687508390406,
2,125,38.363088746601086,35.505697131095886,1.414213562373095,35.02444547122265,2.414213562373095,569.0442941027932,52.16938426414048,3255,0.049444706510094805,3182,69,4,0.9775729646697389,0.02119815668202765,0.001228878648233487,True,1777.0,23.783117284086124,0.6439287447735594,1778,285,0.13814832767813864,0.26626192221373024,0.28989794855663564,0.3228287342177362,-0.023636026342905403
2,230,38.363088746601086,36.28031198366947,1.0,24.7660229,2.0,579.8585489446698,70.1234993039769,3749,0.05694875720625052,3718,31,0,0.9917311283008803,0.008268871699119766,0.0,True,3015.0,30.979094674378864,0.8300558219828197,3015,0,0.0,,0.3090169943749474,0.40149162409079436,
5,80,38.195276904839844,35.927756717551866,8.958217307690626,221.85941498544238,9.958217307690626,536.2030360720789,46.31430272991245,9149,0.1389768417391267,8463,680,6,0.9250191277735271,0.07432506284839874,0.0006558093780741065,True,1405.0,21.147704132794793,0.5706108641081391,1405,0,0.0,0.44788371899426505,0.2572842744474721,0.3190582958142246,0.19059944454679295
5,135,38.195276904839844,35.43156119386541,1.0,24.7660229,2.0,538.3853587340257,43.17864218408415,3306,0.05021941619734975,2948,358,0,0.8917120387174834,0.10828796128251664,0.0,True,2033.0,25.43863201140436,0.6910151968579974,2039,0,0.0,,0.2989350844248255,0.38510405263005587,
5,237,38.195276904839844,34.67568127556212,1.0,24.7660229,2.0,566.0648345779382,88.91319267571201,3654,0.05550567053391288,3653,1,0,0.9997263273125342,0.0002736726874657909,0.0,True,4376.0,37.32189788770486,1.024328451817785,4376,0,0.0,,0.3090169943749474,0.44151844011225294,
6,26,39.099786783749664,38.16006163690671,1.0,24.7660229,2.0,132.1631273756193,89.0667541042352,9848,0.14959492157032678,8844,200,877,0.8980503655564581,0.020308692120227456,0.08905361494719741,True,3118.0,31.503812866398558,0.8155287257326699,3339,769,0.18719571567672832,0.3797958971132712,0.28172904669025317,0.39782196186948005,0.09806685042301805
6,420,39.099786783749664,18.669376537429212,12.416407864998739,307.50504152029885,13.416407864998739,122.67117694647223,72.11388556558747,7193,0.10926444667499599,2210,4982,2,0.30724315306548033,0.6926178228833588,0.00027804810232170165,True,467.0,12.192240025845548,0.4221020116930004,593,0,0.0,0.13541786701560365,0.10351694645735655,0.30984202856583526,0.0319009205582471
7,37,37.92837231141011,36.851539220396596,1.0,24.7660229,2.0,818.9328654299652,67.36776235114225,4091,0.06214386922666601,4081,10,0,0.9975556098753361,0.0024443901246638962,0.0,True,3349.0,32.64995878756228,0.8732280667027809,3349,343,0.09290357529794149,,0.30484544052339907,0.4364916731037084,
7,92,37.92837231141011,35.97036765109257,1.414213562373095,35.02444547122265,2.414213562373095,809.5426946831697,82.20320695105494,3920,0.059546313216458265,3862,58,0,0.985204081632653,0.01479591836734694,0.0,True,4107.0,36.156585880816074,0.9785440428121635,4109,0,0.0,,0.29339977411634566,0.43131462931466413,
7,165,37.92837231141011,35.19744575829755,1.0,24.7660229,2.0,800.1104477885981,83.28025144831325,3565,0.054153726177722884,3556,9,0,0.9974754558204768,0.0025245441795231417,0.0,True,2916.0,30.46623751157884,0.8332552938426399,2918,392,0.11842900302114803,,0.3090169943749474,0.3900959445746376,
7,166,37.92837231141011,36.25550757246598,1.0,24.7660229,2.0,781.0315780482154,52.28090920877743,3519,0.05345496842059098,3498,21,0,0.9940323955669225,0.005967604433077579,0.0,True,3161.0,31.720301862166483,0.8551804492248163,3162,307,0.08849812626117036,,0.30216947925196225,0.32793442287247493,
7,308,37.92837231141011,32.24215815594783,1.0,24.7660229,2.0,804.6127500291083,89.65855508820611,3207,0.048715567980913685,2185,282,740,0.6813221078889928,0.08793264733395698,0.2307452447770502,True,469.0,12.218319713454786,0.3482464684840462,669,1567,0.7008050089445438,0.40453726661826384,0.25000000000000006,0.37268226712382524,0.15453726661826378
8,68,37.39022373484762,36.49487281894266,1.0,24.7660229,2.0,644.7569681738421,41.33745487773412,3878,0.05890831700342478,3482,396,0,0.8978855079938113,0.10211449200618876,0.0,True,2740.0,29.53250900522315,0.7994172135573434,2745,0,0.0,,0.30484544052339907,0.39564392373895996,
8,82,37.39022373484762,36.1339600692361,4.977725364273731,123.27846036151405,5.977725364273731,657.3819965597897,67.58511705778446,5547,0.08426107127849336,5513,34,0,0.9938705606634217,0.006129439336578331,0.0,True,2396.0,27.616489409343153,0.7512219240116002,2396,48,0.019639934533551555,,0.27669677546737487,0.3239265962360449,
9,83,37.92195440759774,35.78875472557764,1.0,24.7660229,2.0,323.8275364678276,26.128761155634425,3032,0.046057250426607514,2966,66,0,0.9782321899736148,0.021767810026385226,0.0,True,2611.0,28.828928402316265,0.7822181808135955,2615,139,0.0504720406681191,,0.30693121744917323,0.40269974784927715,
9,86,37.92195440759774,35.81197604030649,1.0,24.7660229,2.0,349.0503078171845,75.7351015682679,3610,0.054837293548830185,3465,145,0,0.9598337950138505,0.04016620498614958,0.0,True,2576.0,28.635053113438516,0.7767130529863792,2577,222,0.07931404072883172,,0.3090169943749474,0.38742588672279316,
9,123,37.92195440759774,35.936816916895104,8.126822193908446,201.2690645585648,9.126822193908446,382.08562765213037,54.78537328788125,8984,0.1364704280450666,8834,136,14,0.9833036509349955,0.015138023152270703,0.001558325912733749,True,1852.0,24.279825147895533,0.6574662619616021,1856,149,0.0743142144638404,0.44480506663096514,0.26675650430010106,0.3579949250393912,0.17804856233086408
9,288,37.92195440759774,34.65442381269462,1.7320508075688772,42.89600996421431,2.732050807568877,334.6235248349609,50.867198538780826,3953,0.06004759595527028,3868,85,0,0.9784973437895269,0.021502656210473058,0.0,True,3312.0,32.46909827883606,0.894756643278121,3313,0,0.0,,0.28989794855663564,0.3266316347104093,
8,88,37.39022373484762,35.98641292660787,2.863703305156273,70.92254163430594,3.863703305156273,696.6717946994274,51.280513564816054,4717,0.07165305087806981,4694,23,0,0.9951240195039219,0.004875980496078016,0.0,True,4059.0,35.94467732530098,0.9797308506014586,4060,0,0.0,,0.28172904669025317,0.3126480851423008,
8,224,37.39022373484762,34.64680186200936,1.0,24.7660229,2.0,678.985647539294,79.66385968909424,3565,0.054153726177722884,3445,120,0,0.9663394109396914,0.033660589060308554,0.0,True,2413.0,27.71428792809743,0.7694456482197295,2424,0,0.0,,0.3090169943749474,0.41421356237309503,
8,271,37.39022373484762,34.47042952922482,8.856089212204838,219.33010823390796,9.856089212204838,647.3686555970519,52.40488341790026,7615,0.11567478957738002,6859,756,0,0.9007222586999344,0.09927774130006566,0.0,True,2191.0,26.4086531392399,0.7349961888655193,2191,0,0.0,,0.25669854634830647,0.3430703308172536,
8,290,37.39022373484762,34.86976378144478,3.16227766016838,78.31704094788851,4.16227766016838,703.6671168327865,35.49997975627269,4291,0.06518194643158735,4251,40,0,0.9906781635982288,0.00932183640177115,0.0,True,3153.0,31.680136854778453,0.8768375955679638,3153,0,0.0,,0.2801868778094689,0.25805631865812984,
6,184,39.099786783749664,34.44502822434067,2.863703305156273,70.92254163430594,3.863703305156273,160.24010219741908,45.32412997493837,4363,0.06627565422535903,3116,0,1342,0.7141874856749942,0.0,0.3075865230346092,True,2324.0,27.19838553096727,0.7396411433756492,2951,2053,0.41027178257394087,0.3696030018711294,0.23582845781094003,,0.13377454406018935
6,214,39.099786783749664,36.60917168922732,1.0,24.7660229,2.0,141.64841070528036,76.02709051489286,3565,0.054153726177722884,2267,0,1440,0.6359046283309958,0.0,0.40392706872370265,True,1084.0,18.575465448360347,0.49070719827668857,2737,1625,0.3725355341586428,0.3827822185373187,0.23582845781094003,,0.14695376072637867
6,300,39.099786783749664,33.74565630114363,1.0,24.7660229,2.0,163.28662366302956,36.54862613748005,3283,0.0498700373187838,2321,210,793,0.7069753274444106,0.06396588486140725,0.24154736521474263,True,401.0,11.297887606083718,0.31018790270565805,1200,1787,0.5982591228657516,0.39352981872163206,0.25000000000000006,0.4142135623730951,0.143529818721632
6,337,39.099786783749664,27.341592039551568,10.224972160321824,253.23189467439278,11.224972160321824,149.40743397515496,64.25463871358802,8141,0.12366493262632314,6119,162,2076,0.7516275641813045,0.019899275273307947,0.25500552757646483,True,319.0,10.076748170547344,0.3033274850404938,1202,1487,0.5529936779471922,0.3101795336077763,0.24127429245212265,0.3517425531792507,0.06890524115565363
9,325,37.92195440759774,29.531587483243364,1.0,24.7660229,2.0,385.3802428907552,42.4787492296336,2059,0.031277004824665194,2059,0,0,1.0,0.0,0.0,True,1690.0,23.193613509986026,0.6876914943182627,1692,199,0.10523532522474881,,0.3090169943749474,,
10,39,38.214358817521145,37.13865082573237,1.0,24.7660229,2.0,886.4830107919456,69.64303340789657,3588,0.05450310505628884,3533,55,0,0.9846711259754738,0.015328874024526198,0.0,True,2843.0,30.08247008509303,0.798441103481163,2843,0,0.0,,0.3090169943749474,0.3613020955135854,
10,46,38.214358817521145,37.41530914801664,1.0,24.7660229,2.0,893.8405580808137,81.15412710477213,3829,0.05816398808821905,3679,150,0,0.9608252807521546,0.039174719247845394,0.0,True,2039.0,25.476142917026298,0.6737076494540484,2039,68,0.0322733744660655,,0.3008613653919205,0.40149162409079436,
10,62,38.214358817521145,36.183503729683416,1.7320508075688772,42.89600996421431,2.732050807568877,918.291799613115,61.36166724981873,3828,0.058148797702194444,3772,56,0,0.9853709508881923,0.014629049111807733,0.0,True,1911.0,24.663539739810748,0.6630174280655449,1911,260,0.11976047904191617,,0.28989794855663564,0.3577747210701756,
10,77,38.214358817521145,37.0986829148356,1.0,24.7660229,2.0,885.3645404347612,67.9465488518498,3809,0.057860180367726916,3784,25,0,0.9934365975321606,0.006563402467839328,0.0,True,2388.0,27.570346537664197,0.7321533137817524,2389,0,0.0,,0.30484544052339907,0.38742588672279316,
10,106,38.214358817521145,35.68794571215464,4.0197648378370845,99.55358802648801,5.0197648378370845,862.0930450752303,19.141342934203212,4852,0.0737037529913917,4542,310,0,0.9361088211046991,0.06389117889530091,0.0,True,1488.0,21.76338922689847,0.5889772819779738,1488,0,0.0,,0.2791745113185196,0.27792629762666365,
10,124,38.214358817521145,35.571728136536315,1.0,24.7660229,2.0,870.6322903285836,38.4021884387329,3604,0.05474615123268255,3567,37,0,0.9897336293007769,0.010266370699223086,0.0,True,2275.0,26.910128038865288,0.7294092734751132,2276,0,0.0,,0.3090169943749474,0.31339216579491175,
10,137,38.214358817521145,35.62209440773998,1.0,24.7660229,2.0,882.5857305303582,62.54630570161979,3537,0.0537283953690339,3487,50,0,0.9858637263217416,0.01413627367825841,0.0,True,1789.0,23.86328532249492,0.6463822212503227,1792,0,0.0,,0.30484544052339907,0.41054588061380315,
11,211,37.457894330628264,34.91564742455185,1.0,24.7660229,2.0,324.2194844094978,14.380916175421705,3277,0.04977889500263615,3030,185,62,0.9246261824839792,0.056454073848031736,0.018919743667989014,True,3428.0,33.032806266468405,0.9128420543023679,3428,68,0.019450800915331808,0.394586871230296,0.3090169943749474,0.38742588672279304,0.08556987685534861
11,216,37.457894330628264,34.13615312146232,1.0,24.7660229,2.0,345.9609646490597,67.78223722822813,3348,0.05085741241038323,3295,53,0,0.9841696535244923,0.015830346475507767,0.0,True,3217.0,32.00004537267493,0.8939303339174607,3218,0,0.0,,0.3090169943749474,0.34833147735478825,
12,90,37.237909116832206,36.126949696394476,4.855156433186538,120.24291540738012,5.855156433186538,421.4320685600493,63.14178378694463,5961,0.09054989109268054,5928,33,0,0.9944640161046804,0.0055359838953195776,0.0,True,1846.0,24.24046307097448,0.6608194567016398,1846,0,0.0,,0.2758872381516119,0.2775144043792301,
12,127,37.237909116832206,35.74085101829175,6.330293345472711,156.77618995769478,7.330293345472711,440.94763392881947,22.179566729492688,5993,0.09103598344546796,5953,40,0,0.9933255464708827,0.006674453529117303,0.0,True,2011.0,25.3006162200766,0.6933693083640006,2011,0,0.0,,0.26618329551788555,0.21916368450349538,
11,149,37.457894330628264,35.74465067204574,10.00566930306458,247.80063508952443,11.00566930306458,384.4982356995873,53.92918452900752,9061,0.1376400877689613,8908,128,25,0.9831144465290806,0.014126476106390022,0.0027590773645293012,True,3416.0,32.97493853222215,0.9009232815885734,3416,320,0.08565310492505353,0.3951953998861734,0.26697807758999403,0.1703060784338271,0.12821732229617938
11,158,37.457894330628264,35.59962931691158,1.0,24.7660229,2.0,394.8574058712841,19.879246569775354,3286,0.049915608476857616,3277,9,0,0.9972611077297626,0.002738892270237371,0.0,True,2758.0,29.62935480389161,0.8111239835293638,2758,143,0.04929334712168218,,0.3090169943749474,0.40269974784927715,
11,162,37.457894330628264,35.147529086805264,1.414213562373095,35.02444547122265,2.414213562373095,332.1821394191558,43.15512423451198,3474,0.05277140104948368,3168,306,0,0.9119170984455959,0.08808290155440414,0.0,True,2352.0,27.361740666563517,0.7537106562756742,2353,0,0.0,,0.2857142857142857,0.3761785115301142,
11,209,37.457894330628264,35.23004664088869,1.0,24.7660229,2.0,341.88624699443983,61.831976889423146,3015,0.0457990138641892,2948,67,0,0.9777777777777777,0.022222222222222223,0.0,True,3189.0,31.860480646721395,0.8766373134494495,3189,106,0.032169954476479516,,0.29339977411634566,0.41421356237309503,
10,177,38.214358817521145,34.696185580155735,10.194173437483137,252.4691327992791,11.194173437483137,922.1439356117754,57.88986262213185,8802,0.13370577778858816,8581,221,0,0.9748920699840945,0.025107930015905475,0.0,True,1711.0,23.337270947145164,0.6401617527324004,1716,302,0.14965312190287414,,0.2640379757271236,0.3314366652678501,
10,222,38.214358817521145,34.7460882730131,1.0,24.7660229,2.0,921.9511914201646,52.24788512537321,3479,0.05284735297960671,3412,67,0,0.9807415924116125,0.01925840758838747,0.0,True,3480.0,33.282403818227905,0.9123410051730866,3480,0,0.0,,0.3090169943749474,0.31451985913875646,
10,296,38.214358817521145,34.09156944159394,8.00692826708518,198.29976882128886,9.00692826708518,928.429455256331,45.83747621833328,7000,0.1063327021722469,6744,256,0,0.9634285714285714,0.036571428571428574,0.0,True,2649.0,29.03795599729536,0.8031971014391825,2649,0,0.0,,0.2658626798938589,0.36269215433239255,
11,12,37.457894330628264,37.237909116832206,4.155870949147037,102.92439509602025,5.155870949147037,381.5599150212644,56.47599479351961,6124,0.09302592401469142,6048,76,0,0.9875898105813194,0.012410189418680601,0.0,True,3050.0,31.158388162107514,0.8342741285063947,3050,0,0.0,,0.2791745113185196,0.2742918851774318,
12,158,37.237909116832206,35.59962931691158,1.0,24.7660229,2.0,416.80671903018185,69.0783979069603,3320,0.05043208160169424,3296,24,0,0.9927710843373494,0.007228915662650603,0.0,True,2557.0,28.529254791738826,0.7833668024816705,2557,0,0.0,,0.3090169943749474,0.36602540378443865,
12,164,37.237909116832206,35.28318240515082,8.797958971132712,217.89045335233317,9.797958971132712,416.0738913294813,72.28276635274705,8830,0.13413110859727717,8612,218,0,0.9753114382785957,0.024688561721404302,0.0,True,2417.0,27.73724923106511,0.764942960701501,2419,0,0.0,,0.2658626798938589,0.37079525633325294,
12,197,37.237909116832206,35.54069640230208,1.0,24.7660229,2.0,401.7578100995894,87.24591206751931,3541,0.053789156913132324,3494,47,0,0.9867269133013273,0.01327308669867269,0.0,True,3095.0,31.38740348832366,0.8625447894868381,3097,2,0.0006453694740238787,,0.3090169943749474,0.4,
12,216,37.237909116832206,34.13615312146232,1.0,24.7660229,2.0,367.9102778079575,2.1835137497046113,3470,0.05271063950538525,2856,389,225,0.8230547550432277,0.11210374639769452,0.06484149855907781,True,2786.0,29.77937781264143,0.8344593786246292,2786,96,0.033310201249132546,0.40269974784927715,0.2708131845707603,0.4,0.13188656327851683
13,59,36.9730210523906,36.1257302233565,1.0,24.7660229,2.0,243.21867858540875,45.97442934786892,3349,0.05087260279640784,3305,44,0,0.9868617497760526,0.013138250223947446,0.0,True,2536.0,28.41186145542198,0.7773555897896314,2537,433,0.1457912457912458,,0.3090169943749474,0.39782196186948005,
13,132,36.9730210523906,35.387578481028875,2.6502815398728847,65.63693330793913,3.6502815398728847,252.9520651734052,21.7469986789353,4043,0.06141473069748489,3946,97,0,0.9760079149146673,0.023992085085332675,0.0,True,2477.0,28.07941573603784,0.7760968238818825,2477,0,0.0,,0.28172904669025317,0.27149702790318514,
13,228,36.9730210523906,36.83260250807479,1.8284271247461903,45.2828680424453,2.8284271247461903,231.71225488586862,67.6594939658471,3864,0.05869565159908029,3667,197,0,0.9490165631469979,0.05098343685300207,0.0,True,1984.0,25.13019725725687,0.6809832650941269,1984,2,0.0010070493454179255,,0.28172904669025317,0.39564392373895996,
13,254,36.9730210523906,34.03917839330436,1.0,24.7660229,2.0,219.1464598891189,87.35150153681333,3119,0.047378814010748296,3030,67,25,0.971465213209362,0.02148124398845784,0.008015389547932029,True,1864.0,24.35835848013133,0.6860330667200036,1869,579,0.23651960784313725,0.34833147735478825,0.30484544052339907,0.4142135623730951,0.043486036831389185
13,268,36.9730210523906,34.880035990422705,1.0,24.7660229,2.0,218.13176449940073,88.94034014394101,3214,0.04882190068308593,3200,14,0,0.9956440572495333,0.0043559427504667085,0.0,True,3053.0,31.17370819326942,0.867707220158906,3053,0,0.0,,0.3090169943749474,0.414021404230567,
13,286,36.9730210523906,33.42921548808177,1.0,24.7660229,2.0,187.23022647945794,30.85064784892948,3105,0.0471661486064038,2797,0,333,0.900805152979066,0.0,0.1072463768115942,True,3289.0,32.3561619426422,0.9191799446326255,3293,706,0.1765441360340085,0.3816524151396708,0.30216947925196225,,0.07948293588770855
13,294,36.9730210523906,36.93876004831719,10.58090860936498,262.04702492234026,11.58090860936498,189.70508505335724,49.72703341985762,8308,0.12620172709243246,7977,331,0,0.9601588830043332,0.03984111699566683,0.0,True,2461.0,27.988580348033175,0.7573509914447224,2484,225,0.08305647840531562,,0.2678233792917253,0.23769145108682535,
14,67,37.587381895757424,36.30405612460664,1.0,24.7660229,2.0,357.9380582062676,77.67190906877823,3630,0.05514110126932232,3508,79,43,0.9663911845730028,0.021763085399449034,0.011845730027548209,True,2089.0,25.78661187977084,0.6979594001855586,2090,519,0.19892679187428133,0.40149162409079436,0.3090169943749474,0.38742588672279316,0.09247462971584697
14,174,37.587381895757424,35.35087436343262,1.7320508075688772,42.89600996421431,2.732050807568877,343.66968606262986,54.07937692816034,3845,0.05840703426461276,3759,84,2,0.9776332899869961,0.02184655396618986,0.0005201560468140442,True,1767.0,23.71610357724806,0.6503062944902769,1767,793,0.309765625,0.40650406517858323,0.28989794855663564,0.3289165665865866,0.11660611662194759
14,194,37.587381895757424,35.331696866002474,4.773112505913769,118.21101362573678,5.773112505913769,389.9103551269411,52.67869844932733,5463,0.0829850788524264,5229,234,0,0.957166392092257,0.042833607907743,0.0,True,1651.0,22.92443286298351,0.6287636446390628,1651,0,0.0,,0.27429188517743175,0.3377325925472977,
14,201,37.587381895757424,35.04571322798481,3.1815405503520555,78.79410612729761,4.1815405503520555,393.6392698733936,44.02848197707191,4710,0.07154671817589756,4578,132,0,0.9719745222929936,0.02802547770700637,0.0,True,2228.0,26.63070457981699,0.7332939491136174,2233,473,0.17479674796747968,,0.27429188517743175,0.38221731683849475,
14,205,37.587381895757424,37.513789293482084,1.0,24.7660229,2.0,330.79481233734225,25.555967096501615,3589,0.054518295442313444,3456,133,0,0.962942323767066,0.03705767623293396,0.0,True,2551.0,28.495763187794253,0.7588633502396598,2551,320,0.11145942180424939,,0.29339977411634566,0.36602540378443865,
14,250,37.587381895757424,34.05750615556192,2.863703305156273,70.92254163430594,3.863703305156273,401.178577711618,20.5540608049179,4280,0.06501485218531668,4205,75,0,0.9824766355140186,0.017523364485981307,0.0,True,2017.0,25.33833144531632,0.707331175593894,2017,0,0.0,,0.2791745113185196,0.30383243470068705,
14,253,37.587381895757424,34.90291406680944,3.6855577202829677,91.27660689979977,4.685557720282968,384.33736584286214,61.39738632663987,5031,0.0764228320897963,4630,194,207,0.9202941761081296,0.03856092228185251,0.04114490161001789,True,1702.0,23.275812043510143,0.6421773213763536,1702,522,0.23471223021582735,0.38561575886039895,0.2612038749637415,0.36140563856450547,0.12441188389665747
14,293,37.587381895757424,34.40796497310431,1.0,24.7660229,2.0,375.2732886435882,75.13042142219736,2910,0.044204023331605495,2842,68,0,0.9766323024054983,0.02336769759450172,0.0,True,1986.0,25.142860496789307,0.6984579306933986,1988,0,0.0,,0.3090169943749474,0.3516287047744073,
15,72,37.19619887324296,36.04947167458976,5.19114712955712,128.56406868788088,6.19114712955712,333.13077101290344,81.28427400271529,5983,0.09088407958522188,2322,178,3483,0.38809961557746947,0.02975096105632626,0.5821494233662042,True,8.0,1.5957691216057308,0.04357306335433496,1028,2143,0.6758120466729738,0.34709207640227174,0.1365270594958143,0.2565236958429578,0.21056501690645743
15,270,37.19619887324296,33.86188563365206,8.288221436384907,205.2662818937795,9.288221436384907,353.04454548173,49.54440722043509,6614,0.10046921316674871,1874,2797,1943,0.28333837314786814,0.42289083761717566,0.29377078923495614,True,93.0,5.440847306724618,0.15313802347702385,157,384,0.7097966728280961,0.3169844364313081,0.10493921687680205,0.32400518775327014,0.21204521955450603
16,89,37.79029589792097,35.79819589924081,5.422466567392307,134.29293118252227,6.422466567392307,531.3463894274832,77.12899012837715,5913,0.08982075256349942,5906,7,0,0.9988161677659394,0.0011838322340605445,0.0,True,2057.0,25.58834570424703,0.6954442217616951,2057,0,0.0,,0.27429188517743175,0.39564392373896,
16,125,37.79029589792097,35.505697131095886,8.486832980505138,210.1850999436655,9.486832980505138,533.8940155049903,73.85808050429426,7845,0.11916857836303955,7588,257,0,0.967240280433397,0.03275971956660293,0.0,True,1736.0,23.507147049675353,0.641430617915749,1736,0,0.0,,0.26747889038858935,0.2823299054044593,
16,128,37.79029589792097,37.56246946360691,1.0,24.7660229,2.0,508.77615166642687,69.69709619600324,3502,0.05319673185817266,3403,99,0,0.971730439748715,0.02826956025128498,0.0,True,1710.0,23.330450175131254,0.6192327531231615,1714,957,0.35829277424185696,,0.28989794855663564,0.38742588672279304,
16,207,37.79029589792097,35.45411309509949,1.0,24.7660229,2.0,537.83355458287,65.60002912598088,3310,0.050280177741448176,3172,87,51,0.9583081570996979,0.026283987915407855,0.01540785498489426,True,2089.0,25.78661187977084,0.7041250583980567,2090,603,0.22391385072409953,0.42480768092719207,0.29339977411634566,0.4142135623730951,0.1314079068108464
16,217,37.79029589792097,34.87526049306788,2.1462643699419726,53.15443253543696,3.1462643699419726,501.81234548526777,57.4577295672401,3898,0.05921212472391692,3853,45,0,0.9884556182657773,0.011544381734222679,0.0,True,1989.0,25.161843406625827,0.6925383814922832,1991,251,0.11195361284567351,,0.28172904669025317,0.34514099850039526,
16,243,37.79029589792097,37.237909116832206,1.0,24.7660229,2.0,558.4059458238995,19.824185963332994,3631,0.055156291655346926,3609,22,0,0.9939410630680253,0.006058936931974662,0.0,True,2401.0,27.645289593840058,0.7369305873278995,2401,606,0.20152976388427005,,0.29581631632448924,0.3245951656115701,
16,267,37.79029589792097,34.489037847079096,9.74165738677394,241.26210992479758,10.74165738677394,541.0077448085423,63.506612692687284,8654,0.13145760065694637,3274,311,5069,0.37832216316154377,0.03593713889530853,0.5857406979431476,True,41.0,3.6125759969217834,0.09996151900533212,217,2013,0.9026905829596412,0.32756034947555174,0.12849622184722817,0.29534630882855156,0.19906412762832357
16,276,37.79029589792097,33.915240552289745,1.0,24.7660229,2.0,501.70181602512935,55.26077686881647,3159,0.047986429451732565,3130,29,0,0.9908198797087686,0.009180120291231402,0.0,True,2137.0,26.081185302335488,0.727452483963917,2139,335,0.13540824575586097,,0.3090169943749474,0.3761785115301142,
17,22,37.65535656817806,37.04918135490456,3.0,74.2980687,4.0,845.4024119316541,89.49027498597445,4155,0.06311605393224083,4076,79,0,0.9809867629362214,0.01901323706377858,0.0,True,2092.0,25.805121233904135,0.6908581982120988,2092,730,0.258681785967399,,0.27694157411998566,0.3699677034698106,
17,39,37.65535656817806,37.13865082573237,1.414213562373095,35.02444547122265,2.414213562373095,859.5169978050519,69.31813677757873,3429,0.052087833678376376,3367,62,0,0.9819189268008166,0.018081073199183437,0.0,True,2073.0,25.68767007844421,0.6868911286744518,2073,0,0.0,,0.2898979485566356,0.3682203060327592,
17,117,37.65535656817806,36.386947061436,6.8173377998059435,168.8383440670296,7.8173377998059435,873.1300820885069,49.56275981141253,5291,0.08037233245619405,5245,46,0,0.9913059913059913,0.008694008694008694,0.0,True,1675.0,23.09045385777095,0.6237097639013939,1675,0,0.0,,0.27149702790318514,0.26750871248442454,
17,130,37.65535656817806,35.891470143632915,1.0,24.7660229,2.0,837.1198094324309,76.49162687109413,3535,0.053698014596984686,3444,91,0,0.9742574257425742,0.02574257425742574,0.0,True,2323.0,27.192533269354396,0.7394617683753176,2323,0,0.0,,0.3090169943749474,0.40453726661826384,
17,136,37.65535656817806,35.20887577372337,2.449489742783178,60.66411906308329,3.449489742783178,870.1171733261442,50.40602693021157,4418,0.0671111254567124,4384,34,0,0.9923042100497963,0.007695789950203712,0.0,True,2538.0,28.423062662817685,0.7801650205946841,2538,117,0.04406779661016949,,0.28330039409901914,0.37260030389648435,
17,157,37.65535656817806,35.54233431821664,9.055385138137417,224.26587569943092,10.055385138137417,852.4316597609295,80.94503755930802,7162,0.10879354470823319,6870,292,0,0.959229265568277,0.04077073443172298,0.0,True,1491.0,21.785317080548356,0.5952460198330548,1491,384,0.2048,,0.2588283628687876,0.38044911833851347,
17,168,37.65535656817806,35.33883511063576,2.1462643699419726,53.15443253543696,3.1462643699419726,879.3189721489135,28.061323250881497,4140,0.06288819814187174,4081,59,0,0.9857487922705314,0.014251207729468598,0.0,True,2457.0,27.965825400899107,0.7662479646039025,2457,435,0.1504149377593361,,0.28172904669025317,0.4142135623730951,
17,170,37.65535656817806,35.48940368060842,1.0,24.7660229,2.0,830.8166671819397,65.92478054683316,3697,0.05615885713297097,3686,11,0,0.9970246145523397,0.0029753854476602653,0.0,True,2755.0,29.613235831910423,0.8097158492607605,2755,0,0.0,,0.3090169943749474,0.3288130902060995,
17,252,37.65535656817806,34.67978407640629,1.0,24.7660229,2.0,812.7492718623893,25.321651359226685,3374,0.051252362447023005,3300,74,0,0.978067575577949,0.021932424422050976,0.0,True,2744.0,29.554057719513263,0.8171424692384541,2744,0,0.0,,0.3090169943749474,0.4241077963657325,
17,266,37.65535656817806,34.27490124916269,1.0,24.7660229,2.0,843.4722612925275,86.36187441734386,3315,0.05035612967157121,3244,71,0,0.9785822021116138,0.021417797888386124,0.0,True,2253.0,26.779697040334128,0.7446017254195954,2253,0,0.0,,0.3090169943749474,0.40149162409079436,
18,88,37.679585872100446,35.98641292660787,10.360566425675607,256.5900253552532,11.360566425675607,762.4804522432125,10.657346615938344,10005,0.15197981217619003,9764,241,0,0.975912043978011,0.024087956021989005,0.0,True,4632.0,38.39806496170502,1.042490852981642,4632,0,0.0,,0.26802886775810114,0.1530988741343153,
18,157,37.679585872100446,35.54233431821664,8.281885242839627,205.10935957933825,9.281885242839627,831.6444743132051,48.176675853157356,8316,0.12632325018062932,8260,56,0,0.9932659932659933,0.006734006734006734,0.0,True,1688.0,23.179885415554555,0.6331406047616838,1688,0,0.0,,0.26393116059052896,0.32456729746356683,
18,169,37.679585872100446,35.30822230156813,1.0,24.7660229,2.0,799.3251997153726,82.34590222537499,3639,0.05527781474354378,3593,46,0,0.9873591646056609,0.012640835394339104,0.0,True,3389.0,32.84436335624222,0.8999958809036083,3389,0,0.0,,0.3090169943749474,0.3693538354541319,
18,190,37.679585872100446,35.50689644530491,4.449489742783178,110.1961648630833,5.449489742783178,837.3612622590049,33.18679048075964,5805,0.08818019087284189,5802,3,0,0.999483204134367,0.0005167958656330749,0.0,True,2513.0,28.28272872231154,0.7728948796760322,2513,0,0.0,,0.27718637277259645,0.29520580367290733,
18,233,37.679585872100446,34.751821853173944,3.0,74.2980687,4.0,805.4328741027063,88.18817148160444,3461,0.05257392603116379,3432,29,0,0.9916209188095926,0.008379081190407396,0.0,True,2985.0,30.824584510721554,0.8511386283595741,2985,0,0.0,,0.28172904669025317,0.2588283628687876,
19,69,37.1167137850091,34.555475568212586,1.0,24.7660229,2.0,480.34399866394085,69.9256086079834,3071,0.04664967548156718,2239,65,767,0.7290784760664278,0.021165744057310323,0.2497557798762618,True,810.0,16.05711704537494,0.4480710632750657,1401,2273,0.6186717474142623,0.40149162409079436,0.2612038749637414,0.36602540378443865,0.14028774912705294
19,70,37.1167137850091,36.52162050261049,1.8284271247461903,45.2828680424453,2.8284271247461903,505.4094359518373,70.15700918420379,4115,0.06250843849125656,3960,155,0,0.9623329283110571,0.03766707168894289,0.0,True,3018.0,30.994503327246274,0.8418034880090223,3018,272,0.08267477203647416,,0.28172904669025317,0.38742588672279304,
19,152,37.1167137850091,34.927458287016485,1.0,24.7660229,2.0,460.3880100096685,25.01507408898006,3469,0.05269544911936064,3134,97,238,0.9034303833957913,0.02796194868838282,0.06860766791582588,True,2331.0,27.239316156879124,0.7561837515364,2334,961,0.29165402124430956,0.4176890859898589,0.30216947925196225,0.39564392373896,0.11551960673789663
19,230,37.1167137850091,36.28031198366947,3.0,74.2980687,4.0,529.7961916654242,14.398292780285642,4714,0.07160747971999598,4654,60,0,0.9872719558761137,0.012728044123886296,0.0,True,4431.0,37.5557066992538,1.0233577261731583,4431,0,0.0,,0.2791745113185196,0.30901699437494745,
19,301,37.1167137850091,34.0838991498163,1.0,24.7660229,2.0,479.5086488315609,68.80205568516371,3346,0.05082703163833402,3239,107,0,0.9680215182307232,0.03197848176927675,0.0,True,2189.0,26.396597145395802,0.7414710648504766,2190,1312,0.3746430611079383,,0.3090169943749474,0.3827822185373187,
20,57,37.15376075740592,36.269244938441574,1.0,24.7660229,2.0,554.5919195147044,78.80318421784754,3547,0.05388029922927996,3459,88,0,0.9751903016633775,0.0248096983366225,0.0,True,2623.0,28.895100474995463,0.787085742435893,2625,0,0.0,,0.3090169943749474,0.39782196186948005,
20,181,37.15376075740592,35.12361410898351,8.12403840463596,201.20012116969366,9.12403840463596,585.0728644193509,23.42753429121465,7124,0.10821631003929813,6999,25,100,0.9824536777091522,0.0035092644581695676,0.01403705783267827,True,1471.0,21.638711666278937,0.5987686106829375,1472,337,0.18629076838032063,0.36384157118617444,0.26675650430010106,0.18200213598171075,0.09708506688607338
20,191,37.15376075740592,35.41596078796825,7.694323451653613,190.55779080366042,8.694323451653613,552.6856827727811,82.71521938219442,5326,0.08090399596705528,5214,76,36,0.978971085242208,0.01426962072850169,0.006759294029290274,True,1417.0,21.237822598431116,0.5853080912030835,1417,390,0.2158273381294964,0.4098925533610436,0.26697807758999403,0.3706793556038632,0.14291447577104954
20,199,37.15376075740592,35.93835731265675,1.0,24.7660229,2.0,519.6326254008026,41.267745151462776,3311,0.05029536812747278,2891,105,315,0.8731501057082452,0.03171247357293869,0.09513742071881606,True,4654.0,38.489144057764676,1.0531681137183846,4660,224,0.04586404586404586,0.38742588672279316,0.28989794855663564,0.37406669614897287,0.09752793816615751
20,264,37.15376075740592,35.10451031227921,1.0,24.7660229,2.0,544.2306004615045,85.01935587429915,3386,0.05143464707931829,3223,163,0,0.9518606024808033,0.04813939751919669,0.0,True,2015.0,25.32576594419877,0.7009790178836376,2015,131,0.06104380242311277,,0.30216947925196225,0.41421356237309503,
20,277,37.15376075740592,34.810958385132096,2.4641016151377544,61.02599702842861,3.4641016151377544,569.7133502255417,54.22803077611219,3976,0.060396974833836235,3971,5,0,0.9987424547283702,0.0012575452716297787,0.0,True,2933.0,30.55491607216518,0.8491637690309365,2933,111,0.03646517739816032,,0.2801868778094689,0.3021694792519622,
21,29,38.20787310561795,37.37729815582664,1.0,24.7660229,2.0,926.5534668945747,46.06867418323479,3522,0.053500539578664796,3507,15,0,0.995741056218058,0.004258943781942078,0.0,True,3486.0,33.31108318918336,0.8814184749006472,3486,0,0.0,,0.2989350844248255,0.44151844011225294,
22,233,37.04918135490456,34.751821853173944,1.414213562373095,35.02444547122265,2.414213562373095,825.8627978849463,59.1067039782857,3318,0.05040170082964503,3313,5,0,0.9984930681133213,0.0015069318866787222,0.0,True,2342.0,27.30351174194334,0.7605328762000183,2342,737,0.23936342968496266,,0.29339977411634566,0.32037724101704074,
22,251,37.04918135490456,34.78953722195827,1.0,24.7660229,2.0,880.7474835663006,8.760161976471855,3296,0.05006751233710368,3022,274,0,0.9168689320388349,0.08313106796116505,0.0,True,1813.0,24.022818811521944,0.6687986447257982,1816,958,0.3453496755587599,,0.28989794855663564,0.4142135623730951,
23,156,36.69169617503545,37.75420907774324,3.16227766016838,78.31704094788851,4.16227766016838,223.55806721275096,55.470141970079055,6358,0.0965804743444494,3616,1765,1034,0.5687323057565272,0.2776030198175527,0.16262975778546712,True,2202.0,26.47486297182116,0.7112510186269241,3031,147,0.046255506607929514,0.3412253527198434,0.1951941016011038,0.37406669614897287,0.1460312511187396
24,211,37.04222317398294,34.91564742455185,2.0,49.5320458,3.0,285.31394252238175,84.56726819990728,3758,0.05708547068047198,2044,213,1501,0.543906333155934,0.056679084619478445,0.39941458222458753,True,71.0,4.753945931439391,0.13213136775440357,955,743,0.4375736160188457,0.3816524151396708,0.19637186377855126,0.3288130902060995,0.18528055136111954
22,147,37.04918135490456,35.344505410162014,1.8284271247461903,45.2828680424453,2.8284271247461903,816.8081252817738,41.752371570261,3342,0.05076627009423559,3328,14,0,0.9958108916816277,0.004189108318372232,0.0,True,2029.0,25.41359398170419,0.7020942050976596,2031,0,0.0,,0.2898979485566356,0.3963978462119574,
22,170,37.04918135490456,35.48940368060842,8.38083151964686,207.55986533661593,9.38083151964686,830.4594055164554,69.60279318722243,6774,0.10289967493068579,4800,1974,0,0.70859167404783,0.2914083259521701,0.0,True,877.0,16.708015147921802,0.4606655930700054,890,0,0.0,,0.20843506757934568,0.35388936786452296,
22,173,37.04918135490456,35.37359282714499,1.0,24.7660229,2.0,855.3490029378603,73.51236340856317,3683,0.05594619172862648,3613,70,0,0.9809937550909584,0.019006244909041542,0.0,True,2060.0,25.60699837034026,0.7071532031062991,2061,616,0.23010833022039598,,0.3090169943749474,0.3483848516374013,
22,220,37.04918135490456,34.98372744803911,1.7320508075688772,42.89600996421431,2.732050807568877,852.8673287908598,78.01704237644107,3414,0.05185997788800727,3292,122,0,0.9642647920328061,0.035735207967193906,0.0,True,1706.0,23.30314712285761,0.6470139137822881,1709,0,0.0,,0.2857142857142857,0.3704152082810797,
25,150,36.6043616079748,35.73094320350623,5.741657386773941,142.19801832479757,6.741657386773941,183.22551916258936,44.65843754883375,6012,0.09132460077993548,3092,0,2967,0.5143047238855623,0.0,0.4935129740518962,True,1.0,0.5641895835477563,0.015599286821784662,1641,3635,0.6889689158453374,0.3364707442038019,0.18090731123429274,,0.15556343296950917
25,156,36.6043616079748,37.75420907774324,1.0,24.7660229,2.0,207.19050574575516,84.03778448163129,2508,0.0380974881497136,2181,102,259,0.8696172248803827,0.04066985645933014,0.1032695374800638,True,1213.0,19.649679181628848,0.5285114816065968,2062,1571,0.43242499311863475,0.3797958971132712,0.2708131845707603,0.41421356237309503,0.1089827125425109
25,248,36.6043616079748,34.23067849662357,10.015099296692402,248.0341785276579,11.015099296692402,247.23498222788507,29.191271019889843,7112,0.10803402540700285,4268,2844,0,0.6001124859392576,0.3998875140607424,0.0,True,930.0,17.205469890442554,0.48578979739507866,981,3,0.003048780487804878,,0.19675422795565725,0.27826484500593984,
26,214,38.16006163690671,36.60917168922732,1.0,24.7660229,2.0,141.04426581836202,75.09727269390001,3228,0.049034566087430426,2903,3,389,0.8993184634448576,0.0009293680297397769,0.12050805452292442,True,1374.0,20.91310076522677,0.5594039108039651,2949,719,0.1960196292257361,0.3900959445746376,0.28989794855663564,0.34514099850039526,0.10019799601800194
27,280,36.68974547007718,33.43306035734198,1.0,24.7660229,2.0,680.5363501740021,58.92948871053788,3454,0.05246759332899154,3182,132,140,0.9212507237984945,0.03821656050955414,0.04053271569195136,True,2995.0,30.87617380959715,0.8806314420899589,3028,85,0.0273048506264054,0.3827822185373187,0.30484544052339907,0.381289057825295,0.07793677801391963
28,134,36.901104582828935,35.69706558777912,1.0,24.7660229,2.0,843.2398011834296,17.1940098871236,3792,0.05760194380530861,3745,47,0,0.9876054852320675,0.012394514767932489,0.0,True,3068.0,31.25019569237719,0.8609086322406809,3069,0,0.0,,0.3090169943749474,0.3567891723253309,
28,173,36.901104582828935,35.37359282714499,1.8284271247461903,45.2828680424453,2.8284271247461903,871.9106028729536,80.33958129026652,4181,0.06351100396888061,4149,32,0,0.9923463286295144,0.00765367137048553,0.0,True,2284.0,26.963304323539017,0.7461339940474957,2284,0,0.0,,0.28989794855663564,0.42063227274896864,
28,220,36.901104582828935,34.98372744803911,1.0,24.7660229,2.0,869.4289287259531,76.03523842763825,3161,0.04801681022378178,3152,9,0,0.9971527997469155,0.002847200253084467,0.0,True,4534.0,37.98969628672105,1.0569600070960146,4534,540,0.10642491131257391,,0.3090169943749474,0.407669683062202,
26,286,38.16006163690671,33.42921548808177,1.0,24.7660229,2.0,144.27361520669785,69.85783663523152,2887,0.04385464445303954,2779,3,137,0.9625909248354694,0.0010391409767925182,0.04745410460685833,True,4108.0,36.16098743733379,1.0102347415577317,4138,585,0.1238619521490578,0.420449861343358,0.3008613653919205,0.4,0.1195884959514375
26,373,38.16006163690671,24.05832055691892,15.61324772583615,386.678050721431,16.61324772583615,140.22922465311802,76.36976534035193,9692,0.14722522135048813,6054,155,3913,0.6246388774246802,0.01599257119273628,0.4037350392075939,True,1073.0,18.480976918853813,0.5940680637204935,2550,1438,0.36058174523570713,0.3325198264369536,0.21790292693260993,0.38863950806180286,0.11461689950434367
26,418,38.16006163690671,27.522001409434225,1.0,24.7660229,2.0,96.68297600781487,19.3536244954229,11513,0.17488691430129694,11492,21,0,0.9981759749847998,0.0018240250152002084,0.0,True,1875.0,24.430125595146,0.7438903244531071,1959,0,0.0,,0.3090169943749474,0.4068781988545112,
26,434,38.16006163690671,25.117243444300332,1.0,24.7660229,2.0,95.87690744020736,15.793500139550867,9522,0.144642855726305,9513,9,0,0.999054820415879,0.000945179584120983,0.0,True,1958.0,24.96499062983726,0.7890661777646312,2036,0,0.0,,0.28989794855663564,0.4305008740430604,
28,251,36.901104582828935,34.78953722195827,1.7320508075688772,42.89600996421431,2.732050807568877,897.3090835013938,59.10215802979218,3420,0.05195112020415491,3381,39,0,0.9885964912280701,0.011403508771929825,0.0,True,2752.0,29.597108081327676,0.825689583360692,2752,323,0.10504065040650407,,0.28989794855663564,0.34514099850039526,
29,35,37.37729815582664,37.328133503606466,1.0,24.7660229,2.0,889.995007852903,75.79920466796179,3922,0.05957669398850748,3906,16,0,0.9959204487506375,0.00407955124936257,0.0,True,2696.0,29.294426998176625,0.7842649817411931,2696,40,0.014619883040935672,,0.3090169943749474,0.316389931697937,
29,94,37.37729815582664,36.27420477734615,1.0,24.7660229,2.0,922.7323201671938,50.84620056236542,3643,0.05533857628764221,3624,19,0,0.9947845182541861,0.00521548174581389,0.0,True,3839.0,34.95699719740774,0.9492541443214197,3851,493,0.11348987108655617,,0.3090169943749474,0.43649167310370846,
29,103,37.37729815582664,35.9784228158241,1.0,24.7660229,2.0,883.7696309849171,65.11882356096689,3769,0.057252564926742654,3719,50,0,0.9867338816662244,0.013266118333775537,0.0,True,2264.0,26.844991754889815,0.7319126960871779,2265,659,0.22537619699042408,,0.30484544052339907,0.41421356237309503,
29,210,37.37729815582664,34.63884494515007,3.7320508075688767,92.42805576421429,4.732050807568877,918.7556453277188,59.10940266318588,5208,0.0791115304161517,5164,44,0,0.9915514592933948,0.008448540706605223,0.0,True,1668.0,23.04215463350949,0.6399163754493535,1668,373,0.18275355218030379,,0.27429188517743175,0.3715555634923438,
30,105,36.771379434889,35.87299012264121,2.1462643699419726,53.15443253543696,3.1462643699419726,733.9247821312249,65.23004572733211,4490,0.06820483325048408,4483,7,0,0.9984409799554566,0.0015590200445434299,0.0,True,3075.0,31.285825864361584,0.8613420711039412,3076,148,0.04590570719602978,,0.2898979485566356,0.3516287047744073,
30,223,36.771379434889,35.02594056245611,10.0,247.660229,11.0,676.1894441118998,2.142761207093803,7997,0.12147751703877978,7926,71,0,0.9911216706264849,0.008878329373515069,0.0,True,2500.0,28.209479177387816,0.7858086953226369,2500,0,0.0,,0.2690361463607812,0.15278212615814146,
30,241,36.771379434889,35.33832533165019,1.0,24.7660229,2.0,722.2553916025649,83.30485596686265,3444,0.05231568946874547,3387,57,0,0.9834494773519163,0.016550522648083623,0.0,True,3747.0,34.53559241609536,0.9578625381398259,3747,0,0.0,,0.3090169943749474,0.38742588672279316,
21,320,38.20787310561795,56.638731690703345,1.0,24.7660229,2.0,989.9403689108292,43.34081522941257,11680,0.17742370876740626,10990,690,0,0.9409246575342466,0.059075342465753425,0.0,True,4558.0,38.090109756020894,0.8031939538124248,7140,0,0.0,,0.2402530733520421,0.35889793828373906,
22,28,37.04918135490456,36.901104582828935,2.449489742783178,60.66411906308329,3.449489742783178,861.6067502012629,64.77469866776951,4319,0.06560727724027633,4276,43,0,0.9900439916647372,0.009956008335262792,0.0,True,1917.0,24.702227669065127,0.66807659648171,1917,0,0.0,,0.28172904669025317,0.31451985913875646,
22,134,37.04918135490456,35.69706558777912,3.4721359549995796,85.99099857343296,4.47213595499958,826.6782012483362,62.025785236694915,4185,0.06357176551297904,4166,19,0,0.9954599761051374,0.004540023894862605,0.0,True,1663.0,23.007593110180906,0.6325437827276078,1663,0,0.0,,0.2791745113185196,0.3613020955135854,
22,136,37.04918135490456,35.20887577372337,3.1815405503520555,78.79410612729761,4.1815405503520555,869.7599116606598,49.84717562319161,4218,0.06407304825179105,4097,121,0,0.9713134186818397,0.028686581318160265,0.0,True,1778.0,23.789808272341748,0.658467974858307,1779,110,0.058231868713605084,,0.2742918851774318,0.3273531727209286,
21,35,38.20787310561795,37.328133503606466,1.0,24.7660229,2.0,917.3741381163493,18.04470093392493,3790,0.057571563033259394,3766,24,0,0.9936675461741424,0.0063324538258575196,0.0,True,3679.0,34.22078420010514,0.9060787228835611,3693,0,0.0,,0.3090169943749474,0.29339977411634566,
21,210,38.20787310561795,34.63884494515007,1.0,24.7660229,2.0,946.134775591165,77.69737054652879,3553,0.0539714415454276,3516,37,0,0.9895862651280608,0.010413734871939206,0.0,True,2962.0,30.705600187529114,0.8430194526026527,2962,0,0.0,,0.3090169943749474,0.36602540378443865,
21,239,38.20787310561795,34.780987678636315,4.196152422706632,103.92200699264292,5.196152422706632,929.7818724425179,52.45388168381963,5155,0.07830643995684754,5031,124,0,0.9759456838021339,0.02405431619786615,0.0,True,2566.0,28.579418607585545,0.7831172674981913,2566,0,0.0,,0.2742918851774318,0.29164886133649065,
21,315,38.20787310561795,61.7560654121121,1.0,24.7660229,2.0,985.5636465597397,39.05906783297473,21186,0.32182351831731754,20064,1122,0,0.9470404984423676,0.0529595015576324,0.0,True,2512.0,28.277100878514442,0.5657460339760241,4803,0,0.0,,0.24025307335204216,0.3516287047744073,
30,255,36.771379434889,35.04234372822224,7.324233081729782,181.39212422705734,8.324233081729782,694.448484610328,54.403575808767016,6866,0.1042971904449496,6535,331,0,0.9517914360617535,0.048208563938246435,0.0,True,2219.0,26.57686282166937,0.7401611182671889,2219,0,0.0,,0.2674788903885893,0.3164309725825327,
31,45,37.10203613363907,36.2812188191707,1.0,24.7660229,2.0,557.8519725113006,76.46790748988316,3216,0.04885228145513515,3134,82,0,0.974502487562189,0.025497512437810944,0.0,True,3295.0,32.38566156458118,0.8826444557523996,3295,0,0.0,,0.29581631632448924,0.40209568597003575,
31,68,37.10203613363907,36.49487281894266,3.1815405503520555,78.79410612729761,4.1815405503520555,591.8242095550405,49.80900343083285,4610,0.07002767957343689,4573,37,0,0.9919739696312364,0.008026030368763558,0.0,True,1787.0,23.84994269616667,0.6481234887604619,1787,507,0.2210113339145597,,0.27718637277259645,0.3797958971132713,
31,80,37.10203613363907,35.927756717551866,1.0,24.7660229,2.0,536.8704287349847,35.51990604911763,3240,0.04921685071972571,2831,399,10,0.8737654320987654,0.12314814814814815,0.0030864197530864196,True,1999.0,25.225016600220457,0.6908144091718891,2000,4,0.001996007984031936,0.40361850723377046,0.29339977411634566,0.39564392373895996,0.1102187331174248
31,128,37.10203613363907,37.56246946360691,3.1815405503520555,78.79410612729761,4.1815405503520555,530.9716028475718,24.523272499261445,5072,0.07704563791680517,5000,72,0,0.9858044164037855,0.014195583596214511,0.0,True,1786.0,23.84326858306659,0.6386774650777586,1787,547,0.23436161096829478,,0.2785504044725916,0.28713130038052875,
31,135,37.10203613363907,35.43156119386541,2.6502815398728847,65.63693330793913,3.6502815398728847,539.0527513969314,43.95086018509276,4019,0.06105016143289432,3922,97,0,0.9758646429460065,0.02413535705399353,0.0,True,1455.0,21.520708268953776,0.5933997226632299,1458,207,0.12432432432432433,,0.2791745113185196,0.35977525015625467,
31,195,37.10203613363907,34.80774032315204,5.19114712955712,128.56406868788088,6.19114712955712,596.8469414112628,40.68036672368277,5054,0.07677221096836226,5038,16,0,0.9968341907400079,0.0031658092599920855,0.0,True,1844.0,24.22732816723524,0.6738257121906885,1844,185,0.09117792015771316,,0.27253380620535966,0.2907996720626526,
31,271,37.10203613363907,34.47042952922482,1.0,24.7660229,2.0,594.4358969782502,41.60724308962712,2877,0.04370274059279348,2874,3,0,0.9989572471324296,0.0010427528675703858,0.0,True,3367.0,32.73758370406746,0.914809442454452,3367,0,0.0,,0.30383243470068705,0.3797958971132712,
32,48,36.98931352238181,36.56428786555387,7.0990195135927845,175.81447984118574,8.099019513592784,208.3372677887716,53.03564895694996,6706,0.10186672868101253,4248,2458,0,0.6334625708320907,0.3665374291679093,0.0,True,885.0,16.784047463965738,0.45637595297186007,918,57,0.05846153846153846,,0.21239994067041817,0.34216837353731433,
32,51,36.98931352238181,36.029620943557475,1.0,24.7660229,2.0,183.8734351416337,89.23331702472896,3175,0.048229475628126274,2787,141,256,0.8777952755905511,0.044409448818897634,0.08062992125984252,True,1265.0,20.066439794405365,0.5496229146911379,1346,798,0.37220149253731344,0.41421356237309503,0.28172904669025317,0.37406669614897287,0.13248451568284186
32,140,36.98931352238181,35.127419477335195,1.0,24.7660229,2.0,197.03813949633243,67.72804809267966,3349,0.05087260279640784,3261,88,0,0.9737234995521051,0.026276500447894893,0.0,True,1892.0,24.54062559633988,0.6805806246502092,1990,490,0.1975806451612903,,0.3090169943749474,0.41094162271764856,
32,232,36.98931352238181,34.98541792920483,1.0,24.7660229,2.0,219.87278482854907,7.902124884807975,3097,0.04704462551820695,3051,46,0,0.9851469163706813,0.014853083629318696,0.0,True,1923.0,24.74085510105561,0.6874872500968592,1929,162,0.07747489239598278,,0.30484544052339907,0.39564392373896,
32,389,36.98931352238181,27.703290779975152,1.0,24.7660229,2.0,151.39909837060281,31.94739957399308,4577,0.06952639683462486,3672,0,1057,0.8022722307188115,0.0,0.2309372951715097,True,642.0,14.295277084757526,0.4419447087937593,732,821,0.5286542176432711,0.38742588672279304,0.28989794855663564,,0.0975279381661574
32,408,36.98931352238181,19.62427927103071,1.8284271247461903,45.2828680424453,2.8284271247461903,151.60643280586697,14.683903775155974,1828,0.027768025652981046,1078,0,837,0.5897155361050328,0.0,0.4578774617067834,True,286.0,9.541311620975605,0.33706787187284176,583,1479,0.7172647914645974,0.38742588672279304,0.21712927295533244,,0.1702966137674606
33,142,36.28200470660481,34.808003044394134,7.803118619434352,193.25221442032756,8.803118619434352,160.64131403876985,58.709872337621746,7623,0.11579631266557687,2881,2377,2434,0.3779351961170143,0.31181949363767547,0.3192968647514102,True,14.0,2.111004122822376,0.05938961577318755,246,846,0.7747252747252747,0.3412253527198434,0.13036395476007281,0.337386354243376,0.21086139795977057
33,294,36.28200470660481,36.93876004831719,12.052721803891759,298.4979842025126,13.052721803891759,150.99494461781177,73.7124833962481,8943,0.1358476222180577,2654,5553,770,0.29676842222967686,0.6209325729620933,0.08610086100861009,True,30.0,3.0901936161855166,0.08440757554305084,1032,911,0.4688625836335564,0.23350080084870484,0.11350416126511091,0.3090169943749474,0.11999663958359393
33,306,36.28200470660481,35.52153417314591,5.0,123.8301145,6.0,139.31744032576063,88.88894419217674,7000,0.1063327021722469,2131,391,4663,0.30442857142857144,0.055857142857142855,0.6661428571428571,True,38.0,3.477898169151024,0.09687261166822028,1294,1657,0.5615045747204338,0.3364707442038019,0.12389934309929541,0.3232117085825545,0.2125714011045065
33,324,36.28200470660481,29.220734704607864,10.190632664367211,252.38144193120635,11.190632664367211,131.45903611204994,76.42292675123443,7853,0.11929010145123642,2581,3216,2155,0.3286642047625111,0.4095250222844773,0.2744174200942315,False,51.0,4.029119531035698,0.1230214054328848,545,280,0.3393939393939394,0.32037724101704074,0.11228770976294225,0.33996830356244234,0.2080895312540985
34,40,37.36635852488565,36.60145119194824,5.81864367245563,144.10466243897622,6.81864367245563,598.7197725341539,25.248367957069142,5784,0.08786119276632515,5731,42,11,0.9908367911479945,0.007261410788381743,0.0019017980636237897,True,1440.0,21.409489393833255,0.5788866663970123,1526,866,0.3620401337792642,0.33836542244144424,0.2687959533979827,0.3861916231004925,0.06956946904346156
34,125,37.36635852488565,35.505697131095886,1.0,24.7660229,2.0,553.5755816397277,77.17752097530365,3602,0.054715770460633334,3529,37,36,0.9797334813992227,0.010272071071626874,0.009994447529150472,True,1705.0,23.296316359960496,0.6393758526571295,1705,824,0.3258204824041123,0.384539150931232,0.3090169943749474,0.4270509831248423,0.07552215655628458
32,240,36.98931352238181,35.04318616391138,1.414213562373095,35.02444547122265,2.414213562373095,183.58845969099914,89.66898242847992,3494,0.05307520876997581,3379,114,1,0.9670864338866628,0.03262736119061248,0.00028620492272467084,True,2224.0,26.60678836073137,0.7387439968515845,2240,322,0.12568306010928962,0.22400923773979586,0.28989794855663564,0.4241077963657325,-0.06588871081683978
32,254,36.98931352238181,34.03917839330436,6.69041575982343,165.69498991830795,7.69041575982343,202.0983677120699,61.79532798990954,6504,0.09879827070404197,6308,161,41,0.9698646986469864,0.0247539975399754,0.006303813038130381,True,1462.0,21.572414181094846,0.6074298805809425,1537,483,0.2391089108910891,0.389422155555816,0.2685019276956926,0.2870859492177852,0.12092022786012341
32,298,36.98931352238181,39.55405973910419,1.0,24.7660229,2.0,172.84136314235775,72.8308049848824,3527,0.05357649150878783,3467,58,2,0.9829883753898497,0.016444570456478593,0.0005670541536716756,True,2021.0,25.363443772040124,0.6627208258876706,2098,529,0.201370384468976,0.4047473899544748,0.3090169943749474,0.3797958971132713,0.0957303955795274
32,354,36.98931352238181,27.698105422391375,2.6502815398728847,65.63693330793913,3.6502815398728847,154.44072913570255,32.44844685959631,3037,0.046133202356730546,2355,15,813,0.7754362858083635,0.004939084622983207,0.26769838656568984,True,1120.0,18.881394877652593,0.5837733267352208,1823,1166,0.3900970224155236,0.3797958971132712,0.24025307335204216,0.44151844011225294,0.13954282376122906
34,191,37.36635852488565,35.41596078796825,1.0,24.7660229,2.0,559.8151439228193,87.0930343837796,3462,0.05258911641718839,3428,29,5,0.9901790872328134,0.008376660889659156,0.0014442518775274408,True,1495.0,21.81451993156776,0.59944558341974,1497,1376,0.47894187260703097,0.39564392373896,0.3090169943749474,0.407669683062202,0.08662692936401262
34,225,37.36635852488565,34.428789303158176,2.23606797749979,55.37851073671648,3.23606797749979,527.0398375061335,24.32250424671437,3762,0.0571462322245704,3691,57,14,0.9811270600744285,0.015151515151515152,0.003721424774056353,True,1574.0,22.38347070615472,0.6235371437569919,1588,790,0.3322119428090833,0.373690108648028,0.28172904669025317,0.3567891723253309,0.09196106195777481
34,243,37.36635852488565,37.237909116832206,1.0,24.7660229,2.0,578.0875119586369,64.44050335335643,3534,0.05368282421096008,3384,148,2,0.9575551782682513,0.04187889077532541,0.0005659309564233164,True,1852.0,24.279825147895533,0.650896414250665,1855,452,0.19592544429995665,0.3245656527641301,0.29339977411634566,0.3887609156487154,0.031165878647784417
34,264,37.36635852488565,35.10451031227921,1.0,24.7660229,2.0,551.3600616115427,74.04332506133224,3064,0.046543342779394925,3046,18,0,0.9941253263707572,0.00587467362924282,0.0,True,1430.0,21.33502137901016,0.5887888946646389,1431,1125,0.44014084507042256,,0.30383243470068705,0.3605068722393068,
34,267,37.36635852488565,34.489037847079096,1.0,24.7660229,2.0,560.6893109432797,88.43580903337464,3415,0.05187516827403188,3354,31,30,0.9821376281112738,0.009077598828696925,0.008784773060029283,True,1856.0,24.306031118985995,0.6765262554022815,1856,649,0.2590818363273453,0.35749287423650206,0.3090169943749474,0.41421356237309503,0.04847587986155466
35,92,37.328133503606466,35.97036765109257,1.0,24.7660229,2.0,847.7457672111013,24.30227168370978,3785,0.057495611103136356,3714,71,0,0.9812417437252312,0.018758256274768823,0.0,True,3479.0,33.27762152007574,0.9080027830266859,3479,0,0.0,,0.3090169943749474,0.4270509831248423,
35,103,37.328133503606466,35.9784228158241,1.0,24.7660229,2.0,874.5903022066915,80.44532846388759,3056,0.046421819691198074,2991,65,0,0.9787303664921466,0.021269633507853405,0.0,True,2104.0,25.879026267050612,0.7060494331307483,2104,0,0.0,,0.30383243470068705,0.3827822185373187,
35,239,37.328133503606466,34.780987678636315,1.0,24.7660229,2.0,893.2234134008462,70.5446033580237,3260,0.04952065844021784,3227,33,0,0.9898773006134969,0.010122699386503068,0.0,True,2058.0,25.594564770010084,0.7098842518223026,2059,0,0.0,,0.30216947925196225,0.4068781988545112,
35,321,37.328133503606466,30.892037604186815,2.0,49.5320458,3.0,870.3470851381614,72.49469529221209,3988,0.06057925946613152,3950,38,0,0.9904714142427282,0.009528585757271816,0.0,True,2738.0,29.521728749706018,0.8654838670240023,2815,15,0.00530035335689046,,0.2857142857142857,0.41421356237309503,
36,44,37.119717227368014,36.912204873973074,1.0,24.7660229,2.0,486.8191622281598,89.05711486870081,3772,0.05729813608481647,3676,47,49,0.9745493107104984,0.012460233297985153,0.012990455991516436,True,2812.0,29.918011296689148,0.8082462388517989,2812,789,0.21910580394334908,0.3816524151396708,0.2989350844248255,0.4142135623730951,0.08271733071484527
36,52,37.119717227368014,36.494335075237004,1.0,24.7660229,2.0,450.00013392062004,12.041437356416887,3378,0.05131312399112143,2478,754,146,0.7335701598579041,0.22320899940793368,0.04322084073416223,True,1409.0,21.177786230693734,0.5753734665669072,1463,628,0.3003347680535629,0.4013498739246386,0.25,0.4,0.1513498739246386
36,63,37.119717227368014,36.12487654324112,1.0,24.7660229,2.0,471.6868483882326,66.97243330864126,3411,0.051814406729933454,3184,33,194,0.9334506009967751,0.009674582233948988,0.056874816769275874,True,1523.0,22.01785540550926,0.6012144862040144,1541,924,0.3748478701825558,0.4041849114726528,0.29581631632448924,0.3585701736362872,0.10836859514816355
37,75,36.851539220396596,35.91974048718082,1.0,24.7660229,2.0,816.1337225448472,61.820834660696114,3504,0.053227112630221875,3435,69,0,0.9803082191780822,0.019691780821917807,0.0,True,1988.0,25.15551736167189,0.6913583892644543,1989,473,0.19212022745735174,,0.3090169943749474,0.41421356237309503,
37,97,36.851539220396596,35.552536395316636,5.0,123.8301145,6.0,831.1032279129479,86.65175490526731,4291,0.06518194643158735,4076,215,0,0.94989512934048,0.05010487065951993,0.0,True,1787.0,23.84994269616667,0.6588011101129431,1789,0,0.0,,0.2687959533979827,0.3637753569896289,
37,166,36.851539220396596,36.25550757246598,6.082762530298219,150.64583612062765,7.082762530298219,795.5549094593662,7.003983650969149,11224,0.1704968927401856,11178,46,0,0.9959016393442623,0.004098360655737705,0.0,True,2599.0,28.76260409266991,0.7868626994102024,2599,0,0.0,,0.26820790199340255,0.28788003891615543,
37,246,36.851539220396596,35.20508799540666,1.0,24.7660229,2.0,861.6894706370049,38.81240005733597,3476,0.05280178182153289,3458,18,0,0.9948216340621404,0.005178365937859608,0.0,True,2773.0,29.70981848459616,0.8246241777489216,2775,531,0.16061705989110708,,0.3090169943749474,0.35717844056961345,
38,168,36.71969253499012,35.33883511063576,1.0,24.7660229,2.0,937.0603303028249,47.93925823298451,3363,0.05108526820075233,3345,18,0,0.9946476360392507,0.0053523639607493305,0.0,True,2571.0,28.607249385051436,0.7940003860677817,2597,503,0.16225806451612904,,0.3090169943749474,0.3647357197245781,
38,204,36.71969253499012,35.89869627857463,1.0,24.7660229,2.0,945.3959682860891,64.23755149624664,3435,0.052178975994524014,3425,10,0,0.9970887918486172,0.002911208151382824,0.0,True,3898.0,35.22459277755268,0.9701287333153527,3898,328,0.0776147657359205,,0.3090169943749474,0.3827822185373187,
38,213,36.71969253499012,34.433823664620476,4.0197648378370845,99.55358802648801,5.0197648378370845,959.6725313536992,87.64176243489845,4713,0.07159228933397138,4594,119,0,0.9747506895820072,0.025249310417992787,0.0,True,1863.0,24.351823709127043,0.6844868675445813,1916,0,0.0,,0.2742918851774318,0.3827822185373187,
38,242,36.71969253499012,35.17694303615556,6.8173377998059435,168.8383440670296,7.8173377998059435,956.507882423687,83.41574669625331,4822,0.07324804141065351,4811,11,0,0.9977187888842803,0.0022812111157196184,0.0,True,1906.0,24.631253379929838,0.6851851462661519,1969,0,0.0,,0.269128646713734,0.39498901438513584,
36,74,37.119717227368014,36.27051527030274,1.0,24.7660229,2.0,470.61120418081373,64.96591709121533,3495,0.05309039915600042,3136,63,296,0.8972818311874106,0.018025751072961373,0.08469241773962805,True,3312.0,32.46909827883606,0.8848343212393163,3314,513,0.1340475568330285,0.40074581204539717,0.28989794855663564,0.4,0.11084786348876152
36,135,37.119717227368014,35.43156119386541,1.0,24.7660229,2.0,498.80513549723145,69.9036609315824,3488,0.052984066453828166,3311,177,0,0.9492545871559633,0.0507454128440367,0.0,True,2957.0,30.67967296835918,0.8457376254690565,2957,329,0.10012172854534389,,0.30484544052339907,0.3827822185373187,
36,196,37.119717227368014,35.00192404304678,1.0,24.7660229,2.0,468.86393528196663,62.13595864917711,3008,0.045692681162016954,2794,62,152,0.9288563829787234,0.020611702127659573,0.05053191489361702,True,1088.0,18.609705966725112,0.5160644056046753,1295,1732,0.5721836802114305,0.4142135623730951,0.30383243470068705,0.4041849114726528,0.11038112767240804
36,264,37.119717227368014,35.10451031227921,1.0,24.7660229,2.0,513.6263307582506,40.9278744272313,3666,0.05568795516620816,3562,55,49,0.9716312056737588,0.015002727768685215,0.01336606655755592,True,2777.0,29.73123868816075,0.8233037500287531,2789,772,0.2167930356641393,0.37406669614897287,0.3090169943749474,0.3797958971132712,0.06504970177402547
39,170,37.13865082573237,35.48940368060842,5.0,123.8301145,6.0,844.5739913898533,43.47288039990345,5796,0.08804347739862044,5702,94,0,0.9837819185645272,0.01621808143547274,0.0,True,2027.0,25.401065711787442,0.6994835779215263,2027,81,0.03842504743833017,,0.2742918851774318,0.24897257180613536,
40,66,36.60145119194824,36.52269436786943,1.7320508075688772,42.89600996421431,2.732050807568877,619.3341887066383,64.47869374437407,3744,0.05687280527612748,3700,41,3,0.9882478632478633,0.0109508547008547,0.0008012820512820513,True,1963.0,24.9968459326128,0.6836824072608044,1964,574,0.22616233254531126,0.4142135623730951,0.28989794855663564,0.4142135623730951,0.12431561381645945
40,71,36.60145119194824,35.883375888636174,2.6502815398728847,65.63693330793913,3.6502815398728847,672.1421090704407,16.543277066116527,4437,0.06739974279117993,3910,392,135,0.8812260536398467,0.08834798287130945,0.030425963488843813,True,1515.0,21.95995167500245,0.6059185779829109,1515,607,0.28605089538171535,0.3699677034698106,0.2612038749637414,0.4,0.1087638285060692
40,85,36.60145119194824,35.88275785654397,2.23606797749979,55.37851073671648,3.23606797749979,654.6607036834795,60.1579013837325,3766,0.05720699376866883,3703,63,0,0.983271375464684,0.016728624535315983,0.0,True,2261.0,26.827199866209494,0.7402219109064706,2263,533,0.19062947067238914,,0.28172904669025317,0.3704152082810797,
39,124,37.13865082573237,35.571728136536315,4.196152422706632,103.92200699264292,5.196152422706632,857.4236015496035,65.83842747601899,5766,0.08758776581788223,5647,119,0,0.9793617759278529,0.02063822407214707,0.0,True,2098.0,25.842100170334316,0.7108228712091971,2098,206,0.08940972222222222,,0.2742918851774318,0.32373650232843554,
39,130,37.13865082573237,35.891470143632915,2.863703305156273,70.92254163430594,3.863703305156273,850.8771336403445,54.27977405755965,4816,0.07315689909450586,4749,67,0,0.9860880398671097,0.013911960132890365,0.0,True,2192.0,26.414679072721462,0.7233913547480472,2192,0,0.0,,0.27718637277259645,0.4142135623730951,
39,136,37.13865082573237,35.20887577372337,1.0,24.7660229,2.0,883.8744975340577,73.01539100056844,3553,0.0539714415454276,3533,20,0,0.9943709541232761,0.005629045876723895,0.0,True,3562.0,33.67224100927443,0.9308470542661992,3562,0,0.0,,0.3090169943749474,0.40209568597003575,
39,144,37.13865082573237,35.41665866066437,3.16227766016838,78.31704094788851,4.16227766016838,884.4073627959876,73.23971024418213,4090,0.0621286788406414,4042,48,0,0.9882640586797066,0.0117359413202934,0.0,True,3209.0,31.960231926001168,0.8809894727826454,3209,9,0.0027967681789931634,,0.2801868778094689,0.32592648628038423,
40,183,36.60145119194824,35.20123518136818,5.5725953684008385,138.0110245062491,6.5725953684008385,657.5424492107591,56.474437954604575,5664,0.08603834644337234,5405,105,154,0.9542725988700564,0.018538135593220338,0.027189265536723163,True,1307.0,20.39683851096082,0.5681358049729116,1310,767,0.36928261916225325,0.2916487993034694,0.2742918851774317,0.2658626798938589,0.01735691412603768
40,195,36.60145119194824,34.80774032315204,1.0,24.7660229,2.0,631.3781286153082,83.04003108517786,3253,0.04941432573804559,3157,96,0,0.9704887795880726,0.02951122041192745,0.0,True,2712.0,29.381225490616288,0.8228975813121564,2712,375,0.12147716229348883,,0.3090169943749474,0.4,
40,212,36.60145119194824,35.043121362604076,1.0,24.7660229,2.0,640.4692252703844,82.47727709186384,3414,0.05185997788800727,3217,58,139,0.9422964264792033,0.01698886936145284,0.040714704159343876,True,1298.0,20.32649089898599,0.5674258404852313,1303,1478,0.5314635023372888,0.3816524151396708,0.2989350844248255,0.4013498739246386,0.08271733071484527
40,243,36.60145119194824,37.237909116832206,3.414213562373095,84.55649127122264,4.414213562373095,615.1325842090899,58.075820015848805,5136,0.07801782262238001,5106,30,0,0.9941588785046729,0.005841121495327103,0.0,True,1993.0,25.187131697839174,0.6822142443410117,1993,933,0.31886534518113463,,0.2801868778094689,0.4170409888650807,
40,255,36.60145119194824,35.04234372822224,1.7320508075688772,42.89600996421431,2.732050807568877,653.3162742733334,61.934161528403834,3724,0.056568997555635346,3548,127,49,0.9527389903329753,0.0341031149301826,0.013157894736842105,True,1748.0,23.58825303088947,0.6584869787306163,1748,521,0.22961657117672984,0.29893508442482547,0.28989794855663564,0.37268226712382524,0.009037135868189827
41,76,36.80236896214927,36.15260052047513,6.082762530298219,150.64583612062765,7.082762530298219,753.3507751800175,11.85640422887428,6539,0.09932993421490321,6245,294,0,0.9550389967884998,0.044961003211500226,0.0,True,1968.0,25.028660691489268,0.6861399811139752,1968,194,0.08973172987974098,,0.2742918851774317,0.23497542908541058,
41,101,36.80236896214927,35.95769344875828,1.0,24.7660229,2.0,696.8123004320164,62.28245088530372,3417,0.05190554904608109,3086,302,29,0.9031314018144572,0.08838162130523851,0.008486976880304361,True,2319.0,27.169111617059006,0.7468138623527637,2328,287,0.10975143403441683,0.4142135623730951,0.28989794855663564,0.40453726661826384,0.12431561381645945
41,118,36.80236896214927,35.367613765187755,1.0,24.7660229,2.0,711.3508339719874,86.11152254079707,3281,0.049839656546734584,3276,5,0,0.9984760743675709,0.0015239256324291375,0.0,True,2811.0,29.912691120369555,0.8289510400295282,2832,636,0.18339100346020762,,0.3090169943749474,0.3827822185373187,
41,202,36.80236896214927,35.42090874601483,3.2426406871192857,80.30731351366796,4.242640687119286,741.0631305752465,45.3221054554558,4201,0.06381481168937274,4149,24,28,0.9876219947631516,0.0057129254939300165,0.006665079742918353,True,2066.0,25.644263000829476,0.7101384432994422,2073,209,0.0915863277826468,0.2435336266397794,0.27792629762666365,0.2867933259629073,-0.034392670986884255
41,280,36.80236896214927,33.43306035734198,1.0,24.7660229,2.0,706.145904348456,77.48812020606381,2871,0.04361159827664583,1461,345,1065,0.5088819226750261,0.12016718913270637,0.3709508881922675,True,162.0,7.1809610472257885,0.20448258426842073,205,1771,0.896255060728745,0.3827822185373187,0.21712927295533244,0.36602540378443865,0.16565294558198626
42,55,36.51063958923491,36.73497210471272,1.0,24.7660229,2.0,218.65614323579962,59.95065465849288,3442,0.05228530869669626,3364,78,0,0.9773387565368972,0.02266124346310285,0.0,True,3107.0,31.44819257720605,0.8587051660817695,3116,85,0.02655420181193377,,0.3090169943749474,0.39782196186948005,
42,131,36.51063958923491,35.29129871201796,1.0,24.7660229,2.0,265.7644904152364,37.03812637281126,3319,0.05041689121566963,2996,79,244,0.9026815305815005,0.02380235010545345,0.0735161193130461,True,2139.0,26.093387027121036,0.7268156722355706,2287,228,0.09065606361829026,0.39564392373896,0.28989794855663564,0.39352981872163206,0.10574597518232437
42,184,36.51063958923491,34.44502822434067,8.906071389742918,220.5679679874079,9.906071389742918,212.3315601225694,52.64885545419664,7842,0.11912300720496574,7300,361,196,0.9308849783218567,0.04603417495536853,0.024993624075490946,True,1185.0,19.42156572287085,0.5474281708939118,1195,361,0.2320051413881748,0.36213972022756774,0.2713010500451303,0.2149851662190087,0.09083867018243746
42,208,36.51063958923491,34.475451737689326,6.211102550927978,153.82430801053073,7.211102550927978,274.536964832462,18.448113609862997,4845,0.07359742028921946,4028,117,700,0.8313725490196079,0.02414860681114551,0.14447884416924664,True,1857.0,24.312578198194025,0.6849955461337687,1859,112,0.056823947234906136,0.26747889038858924,0.2674788903885893,0.28259835342023926,-5.551115123125783e-17
42,229,36.51063958923491,34.36044493346854,5.324555320336759,131.868058995777,6.324555320336759,198.57325327679484,3.5507136041670133,5702,0.0866155811123074,5580,115,8,0.9786039985969835,0.020168361978253245,0.0014030164854437039,True,2097.0,25.835940689810563,0.7290968062308699,2097,364,0.14790735473384803,0.21805286590901288,0.28172904669025317,0.2517564787261065,-0.0636761807812403
42,284,36.51063958923491,34.27503672629357,1.0,24.7660229,2.0,257.44576948211756,55.2165881220012,3046,0.04626991583095201,2629,114,303,0.8630991464215364,0.03742613263296126,0.0994747209455023,True,1920.0,24.721548929484133,0.6984901527051139,1925,211,0.09878277153558053,0.38742588672279316,0.28989794855663564,0.39396243989911095,0.09752793816615751
42,289,36.51063958923491,31.501018250593212,1.0,24.7660229,2.0,245.71527826714643,75.40725344585856,2762,0.0419558461999637,2748,14,0,0.9949312092686459,0.005068790731354091,0.0,True,2793.0,29.816765621229397,0.8768133748908111,2793,0,0.0,,0.3090169943749474,0.32117516385414036,
42,292,36.51063958923491,34.39586185030302,1.0,24.7660229,2.0,224.74151784230858,70.25359720176247,3023,0.04592053695238605,2948,75,0,0.9751902084022495,0.02480979159775058,0.0,True,1816.0,24.04268606686374,0.6781518077680075,1817,0,0.0,,0.3090169943749474,0.4,
43,229,36.419793950304516,34.36044493346854,1.0,24.7660229,2.0,166.24287948091563,80.15797981064685,2927,0.04446225989402381,1984,18,971,0.6778271267509395,0.0061496412709258624,0.33173898189272294,True,1888.0,24.514670406003766,0.6926981539652293,2176,2725,0.5560089777596409,0.38742588672279316,0.25,0.40209568597003575,0.13742588672279316
43,312,36.419793950304516,32.17611391030266,4.449489742783178,110.1961648630833,5.449489742783178,156.4419425026693,63.91723763538572,5209,0.0791267208021763,1986,0,3375,0.3812631983106162,0.0,0.6479170666154732,True,3655.0,34.10898172038789,0.9944902774579583,3758,859,0.18605154862464804,0.339056738914926,0.1482675827043134,,0.1907891562106126
43,327,36.419793950304516,29.59504986651764,1.0,24.7660229,2.0,192.09046022867375,52.8386764156585,2653,0.040300094123281574,1826,0,885,0.6882774217866566,0.0,0.3335846211835658,True,2896.0,30.361578193306386,0.9198409460015881,2994,1015,0.2531803442254926,0.40453726661826384,0.25000000000000006,,0.15453726661826378
44,54,36.912204873973074,36.253025263998246,1.0,24.7660229,2.0,459.1723551771782,39.521092704558214,3521,0.05348534919264019,3513,7,1,0.9977279182050554,0.0019880715705765406,0.00028401022436807724,True,2335.0,27.262677495784438,0.745235884432369,2335,495,0.17491166077738515,0.39564392373896,0.3090169943749474,0.3797958971132712,0.08662692936401262
44,57,36.912204873973074,36.269244938441574,1.7320508075688772,42.89600996421431,2.732050807568877,524.5995734624938,6.028640407103223,4107,0.06238691540305972,3926,181,0,0.9559289018748478,0.044071098125152176,0.0,True,3287.0,32.3463227567852,0.8840033325302582,3287,0,0.0,,0.28330039409901914,0.4,
44,74,36.912204873973074,36.27051527030274,7.803118619434352,193.25221442032756,8.803118619434352,471.22312783185714,66.93161292890674,7462,0.1133506605156152,6289,264,909,0.8428035379254891,0.03537925489145002,0.12181720718306084,True,3074.0,31.280738324550022,0.8548667844781316,3087,437,0.12400681044267878,0.35524351900212886,0.2474401533514073,0.2821637000552462,0.10780336565072157
38,251,36.71969253499012,34.78953722195827,1.7320508075688772,42.89600996421431,2.732050807568877,938.8461033856963,52.85867909359226,3689,0.056037334044774116,3669,20,0,0.9945784765519111,0.005421523448088913,0.0,True,2990.0,30.85038994388133,0.8628365890316043,2990,470,0.13583815028901733,,0.28989794855663564,0.2973757003746573,
38,305,36.71969253499012,63.81862609077063,1.0,24.7660229,2.0,987.871028018996,53.051581547355894,16690,0.25352754275068584,14268,2422,0,0.8548831635710006,0.1451168364289994,0.0,True,2693.0,29.278123633405,0.5824271587908397,4061,0,0.0,,0.25,0.3753612022949537,
39,117,37.13865082573237,36.386947061436,1.0,24.7660229,2.0,886.8874062964204,68.11061893809755,4101,0.062295773086912073,4050,51,0,0.9875640087783467,0.012435991221653255,0.0,True,3004.0,30.922530590107066,0.8411364607346808,3004,0,0.0,,0.30484544052339907,0.42857142857142855,
39,122,37.13865082573237,35.97946787816941,6.164414002968976,152.66801836261033,7.164414002968976,833.7376950970424,11.601071255594949,6188,0.09399810872026626,5799,389,0,0.937136393018746,0.06286360698125404,0.0,True,1888.0,24.514670406003766,0.6705498128385405,1891,108,0.054027013506753374,,0.27149702790318514,0.24127429245212265,
44,264,36.912204873973074,35.10451031227921,9.839639641948533,243.68874070024518,10.839639641948533,514.238254409294,49.568011695308336,9131,0.13870341479068377,8847,284,0,0.9688971635089256,0.031102836491074363,0.0,True,1714.0,23.357721312641292,0.6486749986369884,1714,0,0.0,,0.26841742285197584,0.2211865543352784,
45,128,36.2812188191707,37.56246946360691,8.856089212204838,219.33010823390796,9.856089212204838,522.1211049823562,49.62241675690691,9363,0.14222758434839253,9103,260,0,0.9722311225034711,0.027768877496528892,0.0,True,2408.0,27.685559519911603,0.7498422726094693,2408,74,0.029814665592264304,,0.2674788903885893,0.2129967979969869,
45,155,36.2812188191707,35.11187031708458,2.1462643699419726,53.15443253543696,3.1462643699419726,569.7099783417826,56.3349093070829,3753,0.057009518750348945,3723,30,0,0.9920063948840927,0.007993605115907274,0.0,True,3084.0,31.331576548121713,0.8777201526698114,3085,0,0.0,,0.2898979485566356,0.3333333333333333,
45,207,36.2812188191707,35.45411309509949,1.0,24.7660229,2.0,551.1785078987994,86.60535605722775,3173,0.04819909485607706,3128,45,0,0.9858178380081941,0.014182161991805862,0.0,True,3377.0,32.78616302104687,0.9140868842770288,3377,8,0.002363367799113737,,0.30216947925196225,0.420449861343358,
45,231,36.2812188191707,34.6967805044918,2.23606797749979,55.37851073671648,3.23606797749979,512.5963096309633,10.237478914987694,3662,0.05562719362210974,3301,354,7,0.901419989077007,0.09666848716548335,0.0019115237575095577,True,3380.0,32.80072278626208,0.9242504184061172,3386,50,0.014551804423748545,0.2449655295864104,0.2708131845707603,0.3722409522150263,-0.025847654984349905
45,271,36.2812188191707,34.47042952922482,7.194052389321207,178.16806621772872,8.194052389321207,585.5853991130346,22.143730464331945,7326,0.11128476801626869,7197,129,0,0.9823914823914824,0.01760851760851761,0.0,True,2605.0,28.795785342802766,0.813996168711334,2605,0,0.0,,0.27149702790318514,0.1983555576735248,
46,62,37.41530914801664,36.183503729683416,1.0,24.7660229,2.0,912.4406581230032,50.58904677514194,3261,0.04953584882624245,3249,12,0,0.9963201471941122,0.0036798528058877645,0.0,True,2071.0,25.67527554451228,0.6977089586261986,2185,586,0.2114760014435222,,0.2989350844248255,0.36935668110646747,
46,77,37.41530914801664,37.0986829148356,7.79385036540706,193.0226766288446,8.79385036540706,879.5133989446495,78.26201866481496,8376,0.12723467334210573,7710,666,0,0.920487106017192,0.07951289398280802,0.0,True,1089.0,18.61825625707596,0.49972510508822393,1089,0,0.0,,0.2568080306030585,0.35337239550595406,
46,279,37.41530914801664,35.36595962513484,12.385308147766896,306.73482521115153,13.385308147766896,893.7339992331933,82.17412575734888,11030,0.16754995785141188,2069,1677,7284,0.18757932910244787,0.15203989120580236,0.6603807796917498,False,68.0,4.652426491681278,0.12784680921631658,574,1261,0.6871934604904633,0.2791745113185196,0.07065666533701108,0.43981855441530004,0.20851784598150852
47,49,36.29632607499437,36.699556005373374,1.0,24.7660229,2.0,641.2106531360714,47.48584573314833,3516,0.05340939726251716,3493,23,0,0.9934584755403868,0.006541524459613196,0.0,True,2132.0,26.05065598682386,0.713756865302137,2133,440,0.1710066070734551,,0.3090169943749474,0.4364916731037084,
47,58,36.29632607499437,36.065507836871355,1.0,24.7660229,2.0,674.6279702298872,76.83286035633346,3109,0.047226910150502226,3014,95,0,0.9694435509810229,0.030556449018977163,0.0,True,2955.0,30.6692959435508,0.8476649715899952,2958,141,0.04549854791868345,,0.3090169943749474,0.38742588672279304,
47,81,36.29632607499437,36.012877868255195,3.16227766016838,78.31704094788851,4.16227766016838,657.6094587666977,76.93598350276588,4695,0.07131886238552845,4527,101,67,0.9642172523961662,0.021512247071352502,0.014270500532481363,True,1197.0,19.519655062577243,0.5398940659863122,1208,817,0.4034567901234568,0.38208552579183985,0.27429188517743175,0.3753612022949537,0.1077936406144081
46,97,37.41530914801664,35.552536395316636,1.0,24.7660229,2.0,858.3698377877408,35.72776904181319,3632,0.05517148204137153,3584,48,0,0.986784140969163,0.013215859030837005,0.0,True,2441.0,27.87461985704259,0.764024746776681,2458,10,0.004051863857374392,,0.3090169943749474,0.37512260383954354,
46,106,37.41530914801664,35.68794571215464,8.45791845713346,209.46900219569991,9.45791845713346,856.2419035851185,39.30428018275509,8952,0.13598433569227916,8346,606,0,0.9323056300268097,0.06769436997319035,0.0,True,1198.0,19.527806933913016,0.5342527352924287,1198,41,0.033091202582728005,,0.26889823853821654,0.2775144043792301,
46,137,37.41530914801664,35.62209440773998,1.0,24.7660229,2.0,876.7345890402464,72.00485384924738,3617,0.05494362625100243,3590,27,0,0.9925352502073541,0.007464749792645839,0.0,True,2705.0,29.343282742855372,0.8035138521991617,2706,0,0.0,,0.3090169943749474,0.4211646096066227,
46,246,37.41530914801664,35.20508799540666,5.6332495807108,139.51318811729905,6.6332495807108,888.9560805117978,88.61229507628818,6056,0.09199297776501818,6028,28,0,0.9953764861294584,0.004623513870541612,0.0,True,1771.0,23.742931757293437,0.6538915426309717,1776,196,0.09939148073022312,,0.27429188517743175,0.31423420205978303,
47,116,36.29632607499437,36.11938763599711,1.0,24.7660229,2.0,655.6352637125993,73.00531751322212,3460,0.05255873564513918,3216,135,109,0.9294797687861271,0.03901734104046243,0.0315028901734104,True,2353.0,27.36755674499387,0.7558458059038626,2354,436,0.15627240143369175,0.4068781988545112,0.30484544052339907,0.4,0.10203275833111214
47,188,36.29632607499437,35.18317993471944,1.414213562373095,35.02444547122265,2.414213562373095,696.6446601767675,34.13287886583259,3578,0.054351201196042774,3549,25,4,0.9918949133594187,0.006987143655673561,0.0011179429849077697,True,2084.0,25.75573339679963,0.7206466534141832,2086,678,0.24529667149059334,0.40498217996585195,0.29581631632448924,0.4270509831248423,0.10916586364136271
47,224,36.29632607499437,34.64680186200936,2.23606797749979,55.37851073671648,3.23606797749979,675.829181216283,75.18795656232909,3695,0.056128476360921754,3680,15,0,0.9959404600811907,0.0040595399188092015,0.0,True,1731.0,23.473270180870447,0.6617489491502067,1732,832,0.3244929797191888,,0.28172904669025317,0.32793442287247493,
47,256,36.29632607499437,33.97256561883531,1.0,24.7660229,2.0,674.4861716467882,76.52296175680117,2959,0.04494835224681122,2629,83,247,0.8884758364312267,0.02805001689760054,0.0834741466711727,True,1027.0,18.080493718666894,0.5146087630767212,1058,1518,0.5892857142857143,0.4068781988545112,0.28989794855663564,0.41421356237309503,0.11698025029787557
48,51,36.56428786555387,36.029620943557475,1.0,24.7660229,2.0,208.83468225028213,48.488155348818836,3229,0.04904975647345503,3052,177,0,0.9451842675751007,0.05481573242489935,0.0,True,1620.0,22.708192698181442,0.6256225369512355,1663,716,0.30096679277007143,,0.2989350844248255,0.38742588672279316,
48,78,36.56428786555387,35.76239245812201,1.0,24.7660229,2.0,244.26351564859726,72.8069498558177,3151,0.04786490636353571,3145,6,0,0.9980958425896541,0.001904157410345922,0.0,True,2399.0,27.63377312194109,0.7641377427603372,2404,887,0.2695229413552112,,0.3090169943749474,0.31467262018161946,
48,121,36.56428786555387,35.688632988439416,1.0,24.7660229,2.0,227.31468902876304,80.54300526561195,3236,0.04915608917562728,3125,76,46,0.965698393077874,0.023485784919653894,0.014215080346106305,True,1926.0,24.76014621907514,0.6853742638061584,1981,825,0.2940128296507484,0.30693121744917323,0.3090169943749474,0.40343909942725564,-0.002085776925774163
48,162,36.56428786555387,35.147529086805264,4.841619252963779,119.90765329198184,5.841619252963779,269.0260959366825,22.05575427571097,5243,0.07964319392701293,5085,158,0,0.9698645813465573,0.030135418653442686,0.0,True,2724.0,29.44615645486938,0.8212358215503471,2731,420,0.13329101872421453,,0.28172904669025317,0.25824569976124334,
48,219,36.56428786555387,35.16607140079059,1.0,24.7660229,2.0,246.62505659562788,68.5774851241851,3203,0.04865480643681526,3091,112,0,0.9650327817670934,0.03496721823290665,0.0,True,1902.0,24.60539378919935,0.6860524341676922,1903,321,0.1443345323741007,,0.3090169943749474,0.394586871230296,
48,232,36.56428786555387,34.98541792920483,1.0,24.7660229,2.0,244.8340319371975,71.77574964904532,3042,0.04620915428685358,3004,38,0,0.9875082182774491,0.012491781722550954,0.0,True,1576.0,22.397686948112614,0.6260734883344087,1580,599,0.27489674162459843,,0.30484544052339907,0.4072739409583566,
48,240,36.56428786555387,35.04318616391138,1.0,24.7660229,2.0,208.54970679964754,46.418694332389,3492,0.0530448279979266,2850,642,0,0.8161512027491409,0.18384879725085912,0.0,True,2205.0,26.492891481211682,0.7399476616172862,2498,763,0.2339773075743637,,0.27429188517743175,0.40361850723377046,
49,82,36.699556005373374,36.1339600692361,1.0,24.7660229,2.0,629.1811284047526,69.35673969449171,3482,0.05289292413768053,3450,32,0,0.9908098793796669,0.009190120620333142,0.0,True,3304.0,32.429860683500394,0.8905202558195808,3313,241,0.06781091727630839,,0.3090169943749474,0.39396243989911095,
49,89,36.699556005373374,35.79819589924081,4.55269276785519,112.752093345366,5.55269276785519,578.2737310723928,15.638888680459091,5178,0.07865581883541349,5069,109,0,0.9789494013132484,0.021050598686751642,0.0,True,2302.0,27.069343508757026,0.7467636663926451,2302,410,0.15117994100294985,,0.28172904669025317,0.21551468935838852,
49,107,36.699556005373374,36.14912973635662,1.8284271247461903,45.2828680424453,2.8284271247461903,610.0615838394276,80.77245512879364,3635,0.05521705319944535,3474,161,0,0.9557083906464925,0.044291609353507566,0.0,True,2820.0,29.96053869739811,0.8225416393541272,2821,235,0.0768979057591623,,0.2857142857142857,0.36602540378443865,
49,224,36.699556005373374,34.64680186200936,1.0,24.7660229,2.0,650.784779384257,14.4490000524103,3361,0.051054887428703115,3286,75,0,0.9776852127343053,0.022314787265694733,0.0,True,2216.0,26.558891313141824,0.7445058754788574,2216,32,0.014234875444839857,,0.3090169943749474,0.38742588672279316,
49,243,36.699556005373374,37.237909116832206,1.414213562373095,35.02444547122265,2.414213562373095,605.3332874688092,73.09218976921224,3933,0.05974378823477815,3397,536,0,0.8637172641749301,0.13628273582506992,0.0,True,2544.0,28.456639830653998,0.7697488623290019,2544,301,0.10579964850615114,,0.2612038749637415,0.3516287047744073,
50,248,36.290586799405354,34.23067849662357,1.0,24.7660229,2.0,284.7547861832418,86.8146841368326,3631,0.055156291655346926,3274,344,13,0.9016799779675021,0.09473974111814927,0.0035802809143486644,True,2690.0,29.26181118513338,0.8298719843525303,2694,104,0.03716940671908506,0.44151844011225294,0.2989350844248255,0.4072739409583566,0.14258335568742742
51,91,36.029620943557475,36.08042946413903,8.657737169873558,214.41771701126973,9.657737169873558,181.6066121252652,86.09357170172959,7926,0.1203989996310327,1359,371,6224,0.17146101438304315,0.0468079737572546,0.7852636891244007,False,2.0,0.7978845608028654,0.02212963536405197,271,1124,0.8057347670250896,0.29807335387954476,0.08333333333333333,0.44744553051970837,0.21474002054621144
51,121,36.029620943557475,35.688632988439416,6.834654549917682,169.2672110968505,7.834654549917682,202.85085638162514,62.43279633509031,6783,0.10303638840490724,6682,59,52,0.985109833407047,0.008698216128556686,0.007666224384490638,True,1882.0,24.47568601281472,0.6825510848611156,2272,1494,0.3967073818374934,0.1867124514937587,0.2711923793731366,0.20413505196644968,-0.08447992787937791
51,140,36.029620943557475,35.127419477335195,1.0,24.7660229,2.0,197.53555395784292,68.7346092935669,3176,0.04824466601415088,3092,84,0,0.9735516372795969,0.02644836272040302,0.0,True,2057.0,25.58834570424703,0.719207700401602,2351,641,0.2142379679144385,,0.30484544052339907,0.39676490936081604,
51,219,36.029620943557475,35.16607140079059,4.766114533138578,118.03770167173282,5.766114533138578,222.16122394848998,9.60460232538029,5013,0.07614940514135339,4362,83,632,0.8701376421304609,0.01655695192499501,0.1260722122481548,True,1986.0,25.142860496789307,0.7063028581892932,2050,9,0.004371053909664886,0.25,0.2857142857142857,0.3008613653919205,-0.0357142857142857
51,362,36.029620943557475,26.537589161156795,1.0,24.7660229,2.0,154.48358917743434,33.073655132948076,1659,0.025200850414822513,1038,327,310,0.6256781193490054,0.19710669077757687,0.18685955394816153,True,271.0,9.287732724180174,0.2968881849977315,1794,1272,0.41487279843444225,0.39396243989911095,0.25000000000000006,0.4,0.1439624398991109
52,63,36.494335075237004,36.12487654324112,1.0,24.7660229,2.0,435.4797437317362,53.50658817725034,3305,0.050204225811325144,2934,371,0,0.8877458396369138,0.11225416036308623,0.0,True,1811.0,24.00956484151358,0.6612455383749799,1825,496,0.2137009909521758,,0.28989794855663564,0.3827822185373187,
52,74,36.494335075237004,36.27051527030274,1.414213562373095,35.02444547122265,2.414213562373095,434.4040995243173,57.07026870560035,3286,0.049915608476857616,2977,309,0,0.9059646987218503,0.09403530127814973,0.0,True,1791.0,23.876620492757535,0.6562679749734714,1794,164,0.08375893769152196,,0.2843646522044218,0.3761785115301142,
52,119,36.494335075237004,35.85628610321958,1.414213562373095,35.02444547122265,2.414213562373095,405.0624433429437,76.70520453422736,2946,0.04475087722849134,2927,19,0,0.993550577053632,0.006449422946367957,0.0,True,1865.0,24.364891498481366,0.6735226623247392,1865,401,0.176963812886143,,0.28989794855663564,0.40149162409079436,
52,143,36.494335075237004,35.647537337143106,1.414213562373095,35.02444547122265,2.414213562373095,399.28179932544464,67.11144603938955,3303,0.05017384503927593,3287,16,0,0.9951559188616409,0.004844081138359067,0.0,True,1915.0,24.68933842860029,0.6844662497105747,1924,476,0.19833333333333333,,0.29339977411634566,0.4253526177384017,
52,186,36.494335075237004,34.98808335608436,4.766114533138578,118.03770167173282,5.766114533138578,396.07919573857146,63.01480732209116,4582,0.0696023487647479,4231,351,0,0.9233958969882148,0.07660410301178525,0.0,True,1615.0,22.673122109379246,0.6343691947457836,1620,0,0.0,,0.269128646713734,0.3288130902060995,
52,244,36.494335075237004,34.63983975967772,2.863703305156273,70.92254163430594,3.863703305156273,387.5817311942908,45.488243458961264,4993,0.07584559742086125,4532,461,0,0.9076707390346485,0.09232926096535149,0.0,True,1735.0,23.500375582719457,0.6607337650927467,1761,212,0.10745058286872783,,0.26618329551788555,0.3816524151396708,
52,275,36.494335075237004,34.78394761156285,6.0,148.5961374,7.0,375.24067110240316,10.136358693701688,6606,0.10034769007855186,6497,109,0,0.9834998486224644,0.016500151377535573,0.0,True,1878.0,24.449661884229787,0.6860339773241383,1878,176,0.08568646543330087,,0.2727272727272727,0.2222222222222222,
53,133,37.03601659058115,35.53073966544048,1.0,24.7660229,2.0,352.32773859514214,42.79166053253428,3422,0.051981500976204124,3326,96,0,0.9719462302746932,0.028053769725306838,0.0,True,2439.0,27.86319817254052,0.767932855486521,2441,20,0.008126777732629013,,0.3090169943749474,0.38753158729829035,
53,143,37.03601659058115,35.647537337143106,1.0,24.7660229,2.0,381.9632587999173,85.56795693932126,3617,0.05494362625100243,3566,51,0,0.9858999170583357,0.014100082941664363,0.0,True,2193.0,26.4207036318311,0.7270063777592263,2194,0,0.0,,0.3090169943749474,0.41421356237309503,
53,174,37.03601659058115,35.35087436343262,1.0,24.7660229,2.0,350.31508029405137,37.59865367067079,3589,0.054518295442313444,3532,57,0,0.984118138757314,0.015881861242685986,0.0,True,2912.0,30.445334430207833,0.8411836460706474,2912,168,0.05454545454545454,,0.30484544052339907,0.4364916731037084,
53,293,37.03601659058115,34.40796497310431,1.0,24.7660229,2.0,381.9186828750097,85.60215439606863,3322,0.05046246237374346,3271,51,0,0.9846478025285972,0.015352197471402769,0.0,True,1899.0,24.585981246698665,0.6882589886114513,1899,710,0.2721349175929475,,0.3090169943749474,0.40149162409079436,
54,119,36.253025263998246,35.85628610321958,4.242640687119285,105.07333641366795,5.242640687119285,413.6227409484584,63.568597929834986,5597,0.08502059057972369,5583,14,0,0.9974986599964266,0.002501340003573343,0.0,True,2391.0,27.58765915886021,0.7651621860142197,2391,292,0.10883339545285128,,0.27718637277259645,0.30271354381898774,
54,143,36.253025263998246,35.647537337143106,1.0,24.7660229,2.0,407.8420969309593,50.49574259214618,3495,0.05309039915600042,3333,64,98,0.9536480686695279,0.018311874105865523,0.02804005722460658,True,2024.0,25.38226171238474,0.7060379166485636,2076,890,0.3000674308833446,0.3516287047744073,0.3090169943749474,0.3991718357941185,0.04261171039945988
54,164,36.253025263998246,35.28318240515082,1.0,24.7660229,2.0,429.7760894769767,88.19648366769509,3563,0.05412334540567367,3496,67,0,0.9811956216671345,0.01880437833286556,0.0,True,3151.0,31.670087643786594,0.8854281957539312,3151,258,0.07568201818715166,,0.3090169943749474,0.4270509831248423,
53,175,37.03601659058115,35.391200234235704,1.414213562373095,35.02444547122265,2.414213562373095,349.1927255121483,37.236974833238506,3200,0.04860923527874144,3195,5,0,0.9984375,0.0015625,0.0,True,2129.0,26.032321212010473,0.7188546613623462,2129,168,0.07313887679582064,,0.29581631632448924,0.34514099850039526,
53,196,37.03601659058115,35.00192404304678,6.8173377998059435,168.8383440670296,7.8173377998059435,415.3382900999429,26.484588406599773,6412,0.09740075518977816,6381,31,0,0.9951653150343107,0.004834684965689333,0.0,True,1671.0,23.06286668680011,0.6402977787522751,1671,405,0.19508670520231214,,0.26747889038858924,0.3380788308512194,
53,197,37.03601659058115,35.54069640230208,1.0,24.7660229,2.0,389.5811701160427,73.80710821194661,3111,0.047257290922551445,3108,3,0,0.9990356798457087,0.0009643201542912247,0.0,True,2477.0,28.07941573603784,0.7737858213223646,2478,0,0.0,,0.3090169943749474,0.3288130902060995,
53,201,37.03601659058115,35.04571322798481,1.0,24.7660229,2.0,400.2846641048151,55.03898301583338,3278,0.04979408538866076,3274,4,0,0.9987797437461867,0.0012202562538133007,0.0,True,2925.0,30.513217088461644,0.8466283249657088,2925,609,0.17232597623089982,,0.3030009569763247,0.4263320575632834,
55,229,36.73497210471272,34.36044493346854,1.0,24.7660229,2.0,180.2792083997562,56.15721653902292,3053,0.046376248533124255,3034,19,0,0.9937766131673763,0.006223386832623649,0.0,True,2537.0,28.417462611012212,0.7994175657131549,2608,289,0.09975837072833967,,0.3090169943749474,0.4211646096066227,
55,240,36.73497210471272,35.04318616391138,1.0,24.7660229,2.0,192.08149853031802,76.67007232390537,3147,0.04780414481943728,3118,2,34,0.9907848744836352,0.0006355258976803305,0.010803940260565617,True,2205.0,26.492891481211682,0.7381881095935654,2410,1583,0.3964437766090659,0.3744038111608787,0.3090169943749474,0.43232573088722714,0.06538681678593128
55,292,36.73497210471272,34.39586185030302,2.1462643699419726,53.15443253543696,3.1462643699419726,206.44747296526992,80.43311835562143,4967,0.07545064738422148,4868,99,0,0.9800684517817596,0.019931548218240388,0.0,True,2415.0,27.725770956528052,0.7795710921669292,2424,0,0.0,,0.28330039409901914,0.40453726661826384,
56,97,36.152783174863934,35.552536395316636,1.0,24.7660229,2.0,795.4100482266963,27.637315553551627,2378,0.03612273796651473,2344,34,0,0.9857022708158116,0.014297729184188394,0.0,True,2555.0,28.518095294033667,0.7954248154803072,2555,0,0.0,,0.2973757003746574,0.31176842675685196,
56,106,36.152783174863934,35.68794571215464,6.1587762089111235,152.52839262586807,7.1587762089111235,793.282114024074,38.00908353380068,6367,0.09671718781867086,5901,463,3,0.926810114653683,0.07271870582692005,0.0004711795193968902,True,2062.0,25.619425936405687,0.7132284522529406,2062,371,0.1524866420057542,0.1850295167994048,0.27429188517743175,0.2588283628687876,-0.08926236837802695
56,178,36.152783174863934,35.175270914247015,1.0,24.7660229,2.0,737.1338156438981,46.789721864755016,3135,0.047621860187142005,3081,24,30,0.9827751196172249,0.007655502392344498,0.009569377990430622,True,2370.0,27.46624164780438,0.7701385380145235,2372,760,0.24265644955300128,0.32449979983983984,0.3090169943749474,0.40226863330913193,0.015482805464892446
56,313,36.152783174863934,31.530822147961786,1.0,24.7660229,2.0,744.1622557789873,57.61007717799453,2922,0.04438630796390078,2916,6,0,0.997946611909651,0.002053388090349076,0.0,True,2865.0,30.1986394381694,0.892347246992328,2865,49,0.016815374056280027,,0.3090169943749474,0.32118424947338525,
57,66,36.269244938441574,36.52269436786943,1.414213562373095,35.02444547122265,2.414213562373095,582.335796837227,56.769035134818445,3560,0.05407777424759985,3534,26,0,0.9926966292134831,0.007303370786516854,0.0,True,2386.0,27.558798748031897,0.7571936950893289,2386,0,0.0,,0.30484544052339907,0.26051685533185653,
54,180,36.253025263998246,35.45829091433329,9.6878320578688,239.92907059653282,10.6878320578688,396.562838198528,33.963015615233935,9124,0.13859708208851151,9009,115,0,0.9873958790004385,0.012604120999561597,0.0,True,2288.0,26.986904594423443,0.752654003095201,2288,0,0.0,,0.2694233545043003,0.1983555576735248,
54,199,36.253025263998246,35.93835731265675,6.5630027024141775,162.5394752207514,7.5630027024141775,461.3815486465669,40.56811403893206,6775,0.10291486531671039,6711,21,43,0.9905535055350554,0.0030996309963099633,0.006346863468634686,True,2436.0,27.846056861676377,0.7714509922873021,2436,388,0.13739376770538245,0.3813570972530608,0.269128646713734,0.34367480358879676,0.11222845053932679
55,78,36.73497210471272,35.76239245812201,1.414213562373095,35.02444547122265,2.414213562373095,227.79530737926774,42.70967355595003,3505,0.05324230301624648,3359,80,85,0.9583452211126962,0.02282453637660485,0.024251069900142655,True,2617.0,28.86203340277639,0.7962229682917968,2617,522,0.16629499840713602,0.3827822185373187,0.28989794855663564,0.40269974784927715,0.09288426998068305
55,146,36.73497210471272,35.93120876083818,6.117215614703381,151.4991019979815,7.117215614703381,173.35649973878435,47.44748158302388,7033,0.10683398491105892,6730,303,0,0.9569173894497369,0.043082610550263044,0.0,True,2537.0,28.417462611012212,0.782137227318745,2538,296,0.10444601270289344,,0.26820790199340255,0.38408837821107494,
59,110,36.1257302233565,35.67632048470627,1.0,24.7660229,2.0,270.73160344884997,87.21702513870619,3366,0.051130839358826154,3204,162,0,0.9518716577540107,0.0481283422459893,0.0,True,1878.0,24.449661884229787,0.6810296263999127,1879,413,0.18019197207678883,,0.30484544052339907,0.37268226712382524,
59,132,36.1257302233565,35.387578481028875,2.6502815398728847,65.63693330793913,3.6502815398728847,278.69853872459277,75.23085892446375,3942,0.05988050170899961,3922,20,0,0.9949264332825977,0.0050735667174023336,0.0,True,1976.0,25.079480359432697,0.7013933717737427,1976,0,0.0,,0.2775563351996301,0.4150551006080436,
59,175,36.1257302233565,35.391200234235704,1.0,24.7660229,2.0,294.097327473912,46.21822755686622,3172,0.04818390447005245,3164,8,0,0.9974779319041615,0.0025220680958385876,0.0,True,2295.0,27.028155482603687,0.7558533429683683,2295,37,0.015866209262435677,,0.3090169943749474,0.38317382610411743,
59,205,36.1257302233565,37.513789293482084,1.0,24.7660229,2.0,282.3448085305274,69.5622426607377,3263,0.04956622959829166,3233,30,0,0.9908060067422617,0.009193993257738278,0.0,True,1941.0,24.85637723166306,0.6750825479239946,1941,201,0.0938375350140056,,0.3090169943749474,0.40361850723377046,
57,237,36.269244938441574,34.67568127556212,1.0,24.7660229,2.0,564.2650225754779,86.11835425946964,2923,0.044401498349925385,2898,25,0,0.9914471433458775,0.008552856654122478,0.0,True,4391.0,37.38580894180337,1.0539389054836694,4391,0,0.0,,0.30383243470068705,0.4211646096066227,
57,264,36.269244938441574,35.10451031227921,1.0,24.7660229,2.0,551.4067419925844,73.1676660295843,3175,0.048229475628126274,3123,52,0,0.9836220472440945,0.016377952755905513,0.0,True,2521.0,28.327711221864295,0.7937850859144256,2521,0,0.0,,0.3090169943749474,0.3467362379275918,
58,82,36.065507836871355,36.1339600692361,7.944271909999159,196.74802004686592,8.94427190999916,662.5984454985684,60.178257246277944,6910,0.1049655674300323,6887,23,0,0.996671490593343,0.0033285094066570187,0.0,True,3456.0,33.16743834924821,0.9187723763388712,3505,0,0.0,,0.26675650430010106,0.4163250964468658,
58,107,36.065507836871355,36.14912973635662,7.4852813742385695,185.38064992733587,8.48528137423857,643.4789009332434,10.845085435668741,7843,0.11913819759099034,7036,807,0,0.8971056993497386,0.10289430065026138,0.0,True,3.0,0.9772050238058398,0.02706390440068116,2903,0,0.0,,0.25987517556175926,0.3025822873792978,
58,185,36.065507836871355,34.80360194035368,1.0,24.7660229,2.0,711.6510645321432,36.96836906976498,3582,0.0544119627401412,3324,258,0,0.9279731993299832,0.07202680067001675,0.0,True,3289.0,32.3561619426422,0.9131245487449425,3289,77,0.02287581699346405,,0.2989350844248255,0.39564392373895996,
58,224,36.065507836871355,34.64680186200936,2.23606797749979,55.37851073671648,3.23606797749979,684.2020964780727,88.16227910561771,3226,0.04900418531538121,3166,60,0,0.981401115933044,0.018598884066955982,0.0,True,2992.0,30.860706075232656,0.8728524412976753,2992,123,0.03948635634028892,,0.2838325231517205,0.38072415612647104,
59,65,36.1257302233565,35.89462035503366,1.0,24.7660229,2.0,258.41391804980765,73.06945530483169,3548,0.05389548961530457,3446,77,26,0.9712514092446449,0.021702367531003384,0.007328072153325817,True,1875.0,24.430125595146,0.6784228457359469,1875,305,0.13990825688073394,0.381289057825295,0.3090169943749474,0.4364916731037084,0.07227206345034759
59,86,36.1257302233565,35.81197604030649,3.4721359549995796,85.99099857343296,4.47213595499958,304.45243614127645,22.902142964382328,4227,0.06420976172601252,4185,42,0,0.9900638750887154,0.0099361249112846,0.0,True,2278.0,26.9278651349615,0.7486439736142447,2278,405,0.15095042862467387,,0.2801868778094689,0.28504241318305223,
59,227,36.1257302233565,34.56746719738423,2.449489742783178,60.66411906308329,3.449489742783178,242.77861174088713,45.28229953558642,3893,0.05913617279379388,3834,45,14,0.9848445928589776,0.011559208836372977,0.0035961983046493705,True,2438.0,27.857485574187805,0.7881235137347085,2459,277,0.10124269005847954,0.268007367820692,0.2898979485566356,0.3203772410170408,-0.021890580735943577
60,109,36.419913939939455,35.74813816771244,5.5725953684008385,138.0110245062491,6.5725953684008385,915.3868186461802,45.16679749302856,5593,0.08495982903562527,5517,60,16,0.9864115859109601,0.01072769533345253,0.0028607187555873413,True,2153.0,26.178639860651685,0.7254911029495832,2158,451,0.17286316596397086,0.2585797250046157,0.27429188517743175,0.2952176543494299,-0.01571216017281607
60,144,36.419913939939455,35.41665866066437,1.0,24.7660229,2.0,919.4577719028227,49.87951423362984,3132,0.047576289029068186,3112,20,0,0.9936143039591315,0.006385696040868455,0.0,True,4090.0,36.08167726827155,1.0045489633498539,4090,0,0.0,,0.30484544052339907,0.3262171113561574,
60,145,36.419913939939455,37.33892430877008,11.090536506409418,274.66848109102165,12.090536506409418,948.6619807086156,82.87928222263444,9619,0.14611632317069184,9610,9,0,0.9990643518037218,0.0009356481962781994,0.0,True,1878.0,24.449661884229787,0.6629622283850858,1935,304,0.13577489950870925,,0.2630818304726545,0.3745077442719077,
61,131,36.8465577620311,35.29129871201796,1.0,24.7660229,2.0,296.05712754910485,87.66008410517988,3511,0.05333344533239412,3507,4,0,0.9988607234406152,0.0011392765593847907,0.0,True,3237.0,32.09936294659024,0.8899450168203347,3320,0,0.0,,0.3090169943749474,0.4403109978207467,
61,133,36.8465577620311,35.53073966544048,1.0,24.7660229,2.0,311.5174956788952,67.40476993886999,3439,0.05223973753862244,3364,67,8,0.9781913346903169,0.019482407676650187,0.0023262576330328583,True,1938.0,24.837160856752256,0.6863246277367921,1938,551,0.22137404580152673,0.32395788567032635,0.3090169943749474,0.3827822185373187,0.014940891295378955
61,161,36.8465577620311,35.20714248479177,9.3166247903554,230.7357429086495,10.3166247903554,278.39409742260455,62.55138351400642,8070,0.12258641521857606,2619,379,5072,0.32453531598513014,0.046964064436183395,0.6285006195786865,False,559.0,13.339236349084569,0.3702581908601633,583,1155,0.6645569620253164,0.325150584336374,0.11228770976294225,0.22222222222222224,0.21286287457343175
61,180,36.8465577620311,35.45829091433329,1.0,24.7660229,2.0,329.87375715123903,30.020931701764,2846,0.043231838626030666,2582,66,198,0.9072382290934645,0.023190442726633873,0.06957132817990162,True,2520.0,28.32209231647889,0.783407830455416,2527,356,0.12348248352410683,0.393962439899111,0.2989350844248255,0.32037724101704074,0.09502735547428548
61,216,36.8465577620311,34.13615312146232,1.0,24.7660229,2.0,314.92339490816397,60.75624017006176,3277,0.04977889500263615,3243,34,0,0.9896246566981995,0.010375343301800427,0.0,True,2068.0,25.65667251667837,0.7228992017165878,2068,472,0.1858267716535433,,0.3090169943749474,0.3516287047744073,
61,248,36.8465577620311,34.23067849662357,5.513233075965879,136.54085661240842,6.513233075965879,290.1831618194168,78.95415765041044,5768,0.08761814658993144,1389,2032,2347,0.2408113730929265,0.3522884882108183,0.4069001386962552,False,3.0,0.9772050238058398,0.0274969899012316,6,560,0.9893992932862191,0.3288130902060995,0.11606619483971768,0.3234518715067226,0.2127468953663818
62,137,36.183503729683416,35.62209440773998,1.0,24.7660229,2.0,901.1858305725477,9.136839653644905,3482,0.05289292413768053,3362,120,0,0.9655370476737507,0.03446295232624928,0.0,True,3387.0,32.83467046438108,0.9145434705951823,3388,0,0.0,,0.3090169943749474,0.38742588672279304,
62,222,36.183503729683416,34.7460882730131,1.0,24.7660229,2.0,940.5512914623541,84.09037368913643,3511,0.05333344533239412,3468,43,0,0.9877527769866135,0.0122472230133865,0.0,True,3004.0,30.922530590107066,0.8719218514306831,3004,0,0.0,,0.3090169943749474,0.40269974784927715,
63,102,36.12487654324112,35.85783342555458,3.414213562373095,84.55649127122264,4.414213562373095,434.7797873051982,54.35721560183946,4347,0.06603260804896532,4207,140,0,0.9677938808373591,0.0322061191626409,0.0,True,2298.0,27.045815174447064,0.7514530971721222,2298,0,0.0,,0.27429188517743175,0.32663163471040935,
63,128,36.12487654324112,37.56246946360691,1.0,24.7660229,2.0,476.20359675898817,59.10951882815669,3714,0.05641709369538928,3429,116,169,0.9232633279483037,0.031233171782444804,0.04550350026925148,True,2334.0,27.256839038174757,0.7397970076338937,2335,369,0.1364644970414201,0.40269974784927715,0.29339977411634566,0.41421356237309503,0.10929997373293149
63,135,36.12487654324112,35.43156119386541,1.0,24.7660229,2.0,484.2847453083476,42.07062660533973,3153,0.04789528713558493,2656,161,336,0.842372343799556,0.05106248017760863,0.1065651760228354,True,1980.0,25.104851615652017,0.7016797484493437,1984,624,0.2392638036809816,0.4,0.28172904669025317,0.3816524151396708,0.11827095330974685
63,250,36.12487654324112,34.05750615556192,2.23606797749979,55.37851073671648,3.23606797749979,446.82922693617945,73.51956035428347,3934,0.059758978620802754,3871,63,0,0.9839857651245552,0.01601423487544484,0.0,True,1619.0,22.701182914807703,0.6469196981308778,1620,723,0.3085787451984635,,0.28708594921778513,0.37406669614897287,
65,78,35.89462035503366,35.76239245812201,9.838393244542416,243.6578723935428,10.838393244542416,251.54560018139676,84.9437350868417,7546,0.11462665294168216,5930,69,1556,0.7858468062549695,0.009143917307182614,0.20620196130400212,True,1047.0,18.255696394123913,0.5095299309147956,1049,848,0.4470216130732736,0.3307825116568342,0.24025307335204216,0.4617779392590527,0.09052943830479204
65,110,35.89462035503366,35.67632048470627,1.0,24.7660229,2.0,260.1803693620613,70.49323226144544,2986,0.04535849266947561,2976,10,0,0.9966510381781648,0.003348961821835231,0.0,True,1608.0,22.623931952327283,0.6322099915658868,1608,100,0.0585480093676815,,0.30383243470068705,0.3921665818657675,
65,175,35.89462035503366,35.391200234235704,1.0,24.7660229,2.0,283.54609338712334,13.309660591140686,2744,0.04168241925152078,2550,131,63,0.9293002915451894,0.04774052478134111,0.02295918367346939,True,1502.0,21.86553107171316,0.6134608787825211,1516,925,0.3789430561245391,0.38742588672279316,0.3090169943749474,0.3333333333333333,0.07840889234784576
65,232,35.89462035503366,34.98541792920483,1.0,24.7660229,2.0,252.11611646999697,83.20200463119639,3240,0.04921685071972571,3113,126,1,0.9608024691358025,0.03888888888888889,0.00030864197530864197,True,1942.0,24.862779389459288,0.7015453149095716,1949,1216,0.38420221169036334,0.28989794855663564,0.30484544052339907,0.392280956059262,-0.014947491966763427
63,293,36.12487654324112,34.40796497310431,4.55269276785519,112.752093345366,5.55269276785519,420.9239378681496,19.810873349474193,4620,0.07017958343368295,4519,101,0,0.9781385281385281,0.021861471861471863,0.0,True,1481.0,21.712138113004762,0.6156603830563993,1481,323,0.17904656319290466,,0.28330039409901914,0.23669181907653403,
64,150,37.46464228507629,35.73094320350623,6.89920048531124,170.86575721090927,7.89920048531124,142.82567256090528,73.04111219480811,7177,0.10902140049860229,2873,30,4515,0.4003065347638289,0.004180019506757698,0.6290929357670336,True,8.0,1.5957691216057308,0.04360287880625392,1294,2677,0.6741374968521783,0.32826296249979997,0.13437158921882872,0.2021926808460321,0.19389137328097125
64,229,37.46464228507629,34.36044493346854,1.0,24.7660229,2.0,145.51786421744745,65.87324040276074,3032,0.046057250426607514,2157,0,962,0.7114116094986808,0.0,0.31728232189973615,True,958.0,17.462556255144076,0.48625228124012193,1260,2532,0.6677215189873418,0.38742588672279316,0.2553967929896867,,0.13202909373310645
64,381,37.46464228507629,29.10292372940969,1.0,24.7660229,2.0,106.62299403747775,51.5944623892839,4012,0.06094382873072208,4003,9,0,0.9977567298105683,0.002243270189431705,0.0,True,3683.0,34.239382453760776,1.028710662075577,4656,3,0.000643915003219575,,0.2989350844248255,0.44499443206436484,
65,284,35.89462035503366,34.27503672629357,1.0,24.7660229,2.0,262.90201740720795,65.10506383007575,2934,0.044568592596196055,2903,31,0,0.9894342194955692,0.010565780504430812,0.0,True,1477.0,21.68279737242081,0.6180106409039526,1477,636,0.3009938476100331,,0.3090169943749474,0.4142135623730951,
65,292,35.89462035503366,34.39586185030302,1.0,24.7660229,2.0,230.19776576739895,57.94197395243476,3810,0.05787537075375153,3701,109,0,0.9713910761154856,0.028608923884514435,0.0,True,2534.0,28.400655830274864,0.8080939250725071,2535,0,0.0,,0.3090169943749474,0.37406669614897287,
66,181,36.52269436786943,35.12361410898351,1.0,24.7660229,2.0,612.8167417418737,74.063854190339,3634,0.055201862813420745,3564,67,3,0.9807374793615851,0.018436984039625758,0.000825536598789213,True,3068.0,31.25019569237719,0.8723462898991737,3068,458,0.1298922291548497,0.4387496113528984,0.30484544052339907,0.43405783005789966,0.13390417082949935
66,223,36.52269436786943,35.02594056245611,1.0,24.7660229,2.0,618.6265776969365,64.03048503434573,3192,0.04848771219054458,2868,324,0,0.8984962406015038,0.10150375939849623,0.0,True,3101.0,31.417812735070132,0.8782225619165195,3101,0,0.0,,0.29581631632448924,0.3761785115301142,
66,237,36.52269436786943,34.67568127556212,2.863703305156273,70.92254163430594,3.863703305156273,584.8327583669206,61.2490341797732,4002,0.060791924870476015,3759,243,0,0.93928035982009,0.060719640179910044,0.0,True,2700.0,29.316150714175198,0.8235061670786805,2700,0,0.0,,0.27429188517743175,0.3577747210701756,
66,255,36.52269436786943,35.04234372822224,1.0,24.7660229,2.0,636.8856181953647,21.996285157873935,3208,0.04873075836693829,3196,12,0,0.9962593516209476,0.003740648379052369,0.0,True,3004.0,30.922530590107066,0.8641798121755158,3004,0,0.0,,0.3090169943749474,0.4390050566079807,
66,264,36.52269436786943,35.10451031227921,1.0,24.7660229,2.0,571.9744777840272,30.63850275525382,3245,0.04929280264984874,3223,22,0,0.9932203389830508,0.006779661016949152,0.0,True,2145.0,26.129958014972605,0.7296098774664169,2146,337,0.13572291582762788,,0.3090169943749474,0.3266316347104093,
66,267,36.52269436786943,34.489037847079096,1.0,24.7660229,2.0,581.3037271157641,52.839647839722424,3345,0.05081184125230941,3302,43,0,0.9871449925261584,0.012855007473841554,0.0,True,2972.0,30.757389059187485,0.8662621823133844,2972,0,0.0,,0.3090169943749474,0.3797958971132712,
60,206,36.419913939939455,35.83547711957012,1.0,24.7660229,2.0,949.1601896241214,81.19606977712834,3063,0.04652815239337032,3056,7,0,0.9977146588312112,0.002285341168788769,0.0,True,2856.0,30.15116971098976,0.8345721826114605,2856,421,0.12847116264876413,,0.2989350844248255,0.4068781988545112,
60,265,36.419913939939455,33.15799151000595,7.840676900366725,194.18238366598334,8.840676900366725,915.6922523437622,45.72842695500903,6931,0.10528456553654904,6904,27,0,0.9961044582311355,0.0038955417688645217,0.0,True,2435.0,27.840340746074396,0.8002638356540593,2435,0,0.0,,0.2674788903885893,0.21712927295533246,
60,310,36.419913939939455,50.5431073627362,2.0,49.5320458,3.0,978.0190048813763,24.927089775588957,11049,0.1678385751858794,7864,3185,0,0.7117386188795366,0.2882613811204634,0.0,True,2130.0,26.038434238092623,0.5988392272496053,3848,0,0.0,,0.2222222222222222,0.3577747210701756,
61,78,36.8465577620311,35.76239245812201,2.1462643699419726,53.15443253543696,3.1462643699419726,276.38198939017485,56.11168191916568,3998,0.06073116332637758,3852,146,0,0.9634817408704353,0.03651825912956478,0.0,True,2211.0,26.528911744592186,0.7307339291962083,2298,203,0.08116753298680528,,0.28330039409901914,0.38753158729829035,
68,243,36.49487281894266,37.237909116832206,6.082762530298219,150.64583612062765,7.082762530298219,605.7231361835688,73.9538289581369,6427,0.09762861098014726,6352,28,47,0.9883304807841917,0.004356620507235102,0.007312898708573207,True,1934.0,24.811515872260834,0.6730117926073363,1979,987,0.3327714093054619,0.2727272727272727,0.2708131845707603,0.30702201713868493,0.0019140881565123946
68,271,36.49487281894266,34.47042952922482,1.0,24.7660229,2.0,619.5576361567746,85.82601407868907,2917,0.04431035603377774,2858,59,0,0.9797737401439836,0.020226259856016456,0.0,True,1558.0,22.269414062214253,0.6276141529830123,1561,0,0.0,,0.30433893761204306,0.39564392373895996,
69,291,34.555475568212586,35.56902366956583,1.0,24.7660229,2.0,477.2728929021893,75.43531290826834,3976,0.060396974833836235,3905,71,0,0.9821428571428571,0.017857142857142856,0.0,True,3013.0,30.96881797989328,0.8832524528947892,3055,815,0.21059431524547803,,0.3090169943749474,0.3585701736362872,
69,297,34.555475568212586,34.0288045111776,6.330293345472711,156.77618995769478,7.330293345472711,440.91371916602486,46.15915137620063,5751,0.08735991002751313,5728,23,0,0.996000695531212,0.003999304468788037,0.0,True,2018.0,25.344611859700862,0.7390793292679617,2020,829,0.290979290979291,,0.27149702790318514,0.17176743283130236,
67,72,36.30405612460664,36.04947167458976,6.4031242374328485,158.57992149580696,7.4031242374328485,344.5928106147476,82.23404022747219,6624,0.10062111702699478,6436,84,104,0.9716183574879227,0.012681159420289856,0.01570048309178744,True,1518.0,21.981683448430292,0.6076188436709352,1547,845,0.3532608695652174,0.382550092039609,0.26427884169111276,0.4022641306466326,0.11827125034849623
67,84,36.30405612460664,36.14175972156397,1.7320508075688772,42.89600996421431,2.732050807568877,318.123230543544,31.78117975427279,3704,0.05626518983514322,3504,148,52,0.9460043196544277,0.03995680345572354,0.014038876889848811,True,1950.0,24.913937425834398,0.6877950682130752,1975,491,0.19910786699107866,0.40014309603743287,0.28172904669025317,0.4270509831248423,0.1184140493471797
67,194,36.30405612460664,35.331696866002474,1.8284271247461903,45.2828680424453,2.8284271247461903,381.9832535829828,30.496755232206787,3871,0.05880198430125253,3834,37,0,0.9904417463187807,0.009558253681219323,0.0,True,2310.0,27.11633893217439,0.7570616012294622,2310,589,0.20317350810624354,,0.28989794855663564,0.34833147735478825,
67,253,36.30405612460664,34.90291406680944,1.0,24.7660229,2.0,376.4102642989038,41.0323909858215,3601,0.05470058007460873,3501,100,0,0.9722299361288531,0.027770063871146902,0.0,True,2017.0,25.33833144531632,0.7116812125892369,2022,1070,0.3460543337645537,,0.3090169943749474,0.3789154633348925,
67,258,36.30405612460664,34.28857903446624,5.414213562373095,134.08853707122265,6.414213562373095,317.0633858780563,31.904239728378734,5466,0.08303065001050022,5427,39,0,0.9928649835345774,0.007135016465422613,0.0,True,2507.0,28.24894484158237,0.8003368843768597,2532,130,0.048835462058602556,,0.27718637277259645,0.25728427444747204,
68,85,36.49487281894266,35.88275785654397,2.1462643699419726,53.15443253543696,3.1462643699419726,645.2512556579584,42.668866394583034,3060,0.0464825812352965,3009,51,0,0.9833333333333333,0.016666666666666666,0.0,True,2588.0,28.701672171559103,0.7931089178712226,2588,39,0.014845831747240197,,0.2857142857142857,0.2801868778094689,
68,195,36.49487281894266,34.80774032315204,6.89920048531124,170.86575721090927,7.89920048531124,621.968680589787,82.7026797427233,6662,0.10119835169592983,5253,541,868,0.7885019513659561,0.08120684479135394,0.13029120384268988,True,1325.0,20.53681083307539,0.5760465129699752,1328,757,0.3630695443645084,0.3704152082810797,0.23497542908541058,0.3516287047744073,0.13543977919566913
68,207,36.49487281894266,35.45411309509949,1.0,24.7660229,2.0,585.1507449425394,29.622220115796363,3400,0.05164731248366278,3236,164,0,0.951764705882353,0.04823529411764706,0.0,True,3003.0,30.91738326912424,0.8594251295233379,3004,292,0.08859223300970874,,0.30693121744917323,0.3898534213910276,
69,303,34.555475568212586,33.48360220336032,3.7320508075688767,92.42805576421429,4.732050807568877,437.3940903976926,34.90792865395503,4457,0.06770355051167207,4293,164,0,0.9632039488445142,0.03679605115548575,0.0,True,2625.0,28.90611442640554,0.8496915411890745,2625,719,0.21501196172248804,,0.2791745113185196,0.25824569976124334,
70,89,36.52162050261049,35.79819589924081,1.0,24.7660229,2.0,529.3563360465371,72.636357495293,3183,0.048350998716323125,3132,51,0,0.9839773798303487,0.016022620169651274,0.0,True,2363.0,27.425649692437503,0.7584546271534904,2363,64,0.026370004120313144,,0.30693121744917323,0.43405783005789966,
70,113,36.52162050261049,35.27749237349797,1.414213562373095,35.02444547122265,2.414213562373095,534.0750645032741,64.86704242852308,3279,0.04980927577468537,3225,54,0,0.9835315645013724,0.01646843549862763,0.0,True,3099.0,31.40767959088298,0.8748765362902987,3099,0,0.0,,0.2989350844248255,0.31688470340597624,
70,125,36.52162050261049,35.505697131095886,1.0,24.7660229,2.0,531.9039621240443,67.73319928601032,3265,0.049596610370340875,3252,13,0,0.9960183767228178,0.003981623277182236,0.0,True,2106.0,25.891323262882167,0.7189306533543849,2106,0,0.0,,0.3090169943749474,0.4142135623730951,
70,187,36.52162050261049,35.627361444007356,7.60555127546399,188.35925705526537,8.60555127546399,494.40698314694026,53.81427068846326,7132,0.10833783312749498,7073,59,0,0.9917274256870443,0.008272574312955692,0.0,True,2161.0,26.227231345362622,0.727029838474168,2161,475,0.18019726858877086,,0.26968623182294527,0.20612578333232154,
70,230,36.52162050261049,36.28031198366947,6.69041575982343,165.69498991830795,7.69041575982343,542.7182169659209,52.592991029544876,7297,0.11084424682155508,7032,265,0,0.9636837056324516,0.03631629436754831,0.0,True,1936.0,24.824341676101277,0.6819693057125813,1936,0,0.0,,0.27300950793662115,0.24794514361227074,
70,245,36.52162050261049,35.05562357713867,1.0,24.7660229,2.0,504.2980899239304,67.45999608304356,3185,0.04838137948837234,3180,5,0,0.9984301412872841,0.0015698587127158557,0.0,True,2728.0,29.467768315727287,0.823383707897309,2728,283,0.0939887080704085,,0.3090169943749474,0.4270509831248423,
70,276,36.52162050261049,33.915240552289745,1.0,24.7660229,2.0,499.71176264418324,59.67746638326197,2532,0.03846205741430416,2467,65,0,0.9743285939968405,0.025671406003159557,0.0,True,1856.0,24.306031118985995,0.6901508884685044,1856,418,0.1838170624450308,,0.28989794855663564,0.4270509831248423,
70,301,36.52162050261049,34.0838991498163,9.259739418689833,229.3269184913051,10.259739418689833,492.43067413205756,50.53218531901571,8017,0.1217813247592719,7833,184,0,0.9770487713608582,0.022951228639141823,0.0,True,1365.0,20.844495547766904,0.5904494620358044,1365,486,0.2625607779578606,,0.2656344619433038,0.20325087441648604,
71,85,35.883375888636174,35.88275785654397,1.0,24.7660229,2.0,691.0379679693132,60.90941558181124,3363,0.05108526820075233,3293,50,20,0.9791852512637526,0.014867677668748141,0.005947071067499257,True,1852.0,24.279825147895533,0.6766374020956976,1857,528,0.22138364779874214,0.3578762989705394,0.3090169943749474,0.376931296631122,0.04885930459559201
71,183,35.883375888636174,35.20123518136818,1.0,24.7660229,2.0,693.9197134965927,65.80877516770872,3125,0.047469956326895935,3068,51,6,0.98176,0.01632,0.00192,True,1890.0,24.527651434398777,0.6900973660879671,1903,516,0.21331128565522944,0.2741030866672537,0.3090169943749474,0.40453726661826384,-0.0349139077076937
71,212,35.883375888636174,35.043121362604076,8.899494936611665,220.40509539855856,9.899494936611665,676.8464895562181,39.27838236640479,6057,0.09200816815104278,5631,75,351,0.9296681525507677,0.012382367508667657,0.05794947994056464,True,1163.0,19.24043652393959,0.5425457979627816,1163,239,0.1704707560627675,0.19237376877814535,0.28311398369632357,0.25987517556175926,-0.09074021491817821
71,226,35.883375888636174,34.56233846333,1.0,24.7660229,2.0,716.4319564117458,77.34718715587833,2969,0.04510025610705729,2940,29,0,0.9902324014819804,0.009767598518019536,0.0,True,1576.0,22.397686948112614,0.635885011718601,1576,313,0.1656961355214399,,0.3090169943749474,0.4211646096066227,
71,247,35.883375888636174,34.88546407737195,1.0,24.7660229,2.0,728.5441100546,55.74339703508416,3313,0.050325748899521995,3268,45,0,0.9864171445819498,0.013582855418050106,0.0,True,1940.0,24.849973424463737,0.7022857358238382,1941,140,0.06727534839019703,,0.3090169943749474,0.3585701736362872,
71,252,35.883375888636174,34.67978407640629,3.0,74.2980687,4.0,744.1291217419573,14.339160584873254,4380,0.06653389078777734,3424,956,0,0.7817351598173516,0.2182648401826484,0.0,True,2189.0,26.396597145395802,0.748169360852685,2206,19,0.00853932584269663,,0.24897257180613536,0.3585701736362872,
71,256,35.883375888636174,33.97256561883531,1.0,24.7660229,2.0,695.6183308408766,69.17703515507291,2867,0.04355083673254741,2795,72,0,0.9748866410882455,0.02511335891175445,0.0,True,1935.0,24.817929602721396,0.7105459912831317,1935,67,0.033466533466533464,,0.28989794855663564,0.4047889733518942,
72,84,36.04947167458976,36.14175972156397,1.0,24.7660229,2.0,312.7050844959823,43.09622724410421,3419,0.051935929818130305,3223,82,114,0.9426732962854636,0.023983620941795847,0.03334308277274057,True,2093.0,25.81128806903433,0.7150809750672718,2153,835,0.2794511378848728,0.40269974784927715,0.2989350844248255,0.39153490523087653,0.10376466342445162
72,163,36.04947167458976,35.336222337852426,2.449489742783178,60.66411906308329,3.449489742783178,367.5389121991865,41.232579958022995,3682,0.055931001342601865,3622,6,54,0.9837045084193373,0.0016295491580662683,0.014665942422596416,True,1556.0,22.255115881567058,0.62351753217355,1565,386,0.19784725781650436,0.38537416754326664,0.28172904669025317,0.30120838424564655,0.10364512085301347
72,209,36.04947167458976,35.23004664088869,1.0,24.7660229,2.0,331.66827834684943,77.94157103747723,3453,0.052452402942966936,3422,28,3,0.9910222994497538,0.00810889081957718,0.0008688097306689834,True,2160.0,26.221162334209897,0.73572782066671,2160,576,0.21052631578947367,0.42705098312484235,0.3090169943749474,0.4494897427831781,0.11803398874989496
72,253,36.04947167458976,34.90291406680944,1.0,24.7660229,2.0,370.99211825134216,28.898543010203625,3080,0.046786388955788634,3056,18,6,0.9922077922077922,0.005844155844155844,0.001948051948051948,True,2365.0,27.43725352189364,0.7733990403619252,2367,496,0.17324484806147397,0.4334818324014233,0.3090169943749474,0.4176890859898589,0.1244648380264759
74,186,36.27051527030274,34.98808335608436,8.9498743710662,221.6527936259486,9.9498743710662,416.69026599876514,20.408497513611895,6958,0.10569470595921342,6956,2,0,0.9997125610807703,0.0002874389192296637,0.0,True,2751.0,29.59173021118583,0.8305448263538541,2751,0,0.0,,0.267982878680112,0.23022511380669675,
75,77,35.91974048718082,37.0986829148356,1.0,24.7660229,2.0,834.9243147735876,11.420175795812364,3435,0.052178975994524014,3306,129,0,0.9624454148471616,0.03755458515283843,0.0,True,1480.0,21.70480664627101,0.5945021991716032,1483,345,0.1887308533916849,,0.3090169943749474,0.38742588672279304,
75,97,35.91974048718082,35.552536395316636,1.0,24.7660229,2.0,813.780753616679,65.59659609302459,3434,0.05216378560849941,3197,237,0,0.930984274898078,0.06901572510192196,0.0,True,2039.0,25.476142917026298,0.7128957975946347,2040,0,0.0,,0.3008613653919205,0.392280956059262,
75,106,35.91974048718082,35.68794571215464,1.0,24.7660229,2.0,811.6528194140567,69.52518165373374,3111,0.047257290922551445,3010,101,0,0.9675345548055287,0.03246544519447123,0.0,True,2271.0,26.88646037550106,0.7509378337028455,2271,0,0.0,,0.3090169943749474,0.35977525015625467,
72,270,36.04947167458976,33.86188563365206,1.0,24.7660229,2.0,359.08843903601246,55.36452492876373,3268,0.049642181528414694,3263,4,1,0.9984700122399021,0.0012239902080783353,0.0003059975520195838,True,2738.0,29.521728749706018,0.8445474351053892,2761,168,0.05735745988391942,0.3333333333333333,0.3090169943749474,0.3659482118241207,0.02431633895838592
73,102,36.23303331732032,35.85783342555458,1.0,24.7660229,2.0,421.86240095741596,74.74981559040168,4451,0.06761240819552441,4140,311,0,0.9301280611098629,0.06987193889013704,0.0,True,2759.0,29.63472584622774,0.8221492453940203,2762,0,0.0,,0.3090169943749474,0.3827822185373187,
73,186,36.23303331732032,34.98808335608436,6.8173377998059435,168.8383440670296,7.8173377998059435,404.84852385840173,49.50078213362841,4626,0.07027072574983059,4619,7,0,0.9984868136619109,0.0015131863380890619,0.0,True,2279.0,26.933774904622243,0.7563423928925795,2279,0,0.0,,0.269128646713734,0.2914719243378125,
74,119,36.27051527030274,35.85628610321958,5.19114712955712,128.56406868788088,6.19114712955712,425.6735136031374,41.932737677830715,5400,0.08202808453287617,5299,101,0,0.9812962962962963,0.018703703703703705,0.0,True,1765.0,23.702678100045794,0.6572502217947246,1765,123,0.06514830508474577,,0.2742918851774318,0.3602425986153711,
75,130,35.91974048718082,35.891470143632915,1.0,24.7660229,2.0,813.6455967581509,65.82435003331277,3518,0.05343977803456637,3479,39,0,0.988914155770324,0.011085844229675953,0.0,True,2143.0,26.117773375459546,0.7274010045515812,2143,67,0.030316742081447964,,0.3090169943749474,0.37406669614897287,
75,165,35.91974048718082,35.19744575829755,2.23606797749979,55.37851073671648,3.23606797749979,797.31130490348,87.69813332734456,3733,0.05670571102985681,3708,25,0,0.993302973479775,0.00669702652022502,0.0,True,1915.0,24.68933842860029,0.6943283257405319,1917,500,0.2068680182043856,,0.2857142857142857,0.3090169943749474,
75,166,35.91974048718082,36.25550757246598,4.196152422706632,103.92200699264292,5.196152422706632,778.2324351630973,58.083576295602754,5171,0.07854948613324124,5138,33,0,0.9936182556565462,0.006381744343453877,0.0,True,2483.0,28.11340334065501,0.7790317067541392,2483,280,0.10133912414042708,,0.27718637277259645,0.27669677546737487,
75,247,35.91974048718082,34.88546407737195,1.0,24.7660229,2.0,773.6900475007519,46.17053766913118,3032,0.046057250426607514,2988,44,0,0.9854881266490765,0.014511873350923483,0.0,True,2661.0,29.103652814295785,0.8220766536381411,2661,361,0.11945731303772336,,0.2989350844248255,0.40343909942725564,
76,106,36.15260052047513,35.68794571215464,1.0,24.7660229,2.0,808.6703340068768,63.931072696049604,3394,0.05155617016751514,3058,336,0,0.9010017678255745,0.09899823217442545,0.0,True,2196.0,26.438769072322643,0.7360403131320911,2196,517,0.19056395134537413,,0.30383243470068705,0.3827822185373187,
76,124,36.15260052047513,35.571728136536315,3.3166247903554,82.13960550864952,4.3166247903554,817.20957926023,51.511213079928126,3193,0.04850290257656919,3187,6,0,0.9981208894456624,0.0018791105543376136,0.0,True,2086.0,25.768089230274473,0.7185313466926538,2086,59,0.027505827505827505,,0.27669677546737487,0.2573080267213811,
76,137,36.15260052047513,35.62209440773998,1.0,24.7660229,2.0,829.1630194620047,5.828962298525406,3199,0.048594044892716834,3166,33,0,0.9896842763363551,0.01031572366364489,0.0,True,3036.0,31.086794856562303,0.8662327269423719,3036,5,0.001644195988161789,,0.3090169943749474,0.3797958971132712,
76,202,36.15260052047513,35.42090874601483,1.0,24.7660229,2.0,780.5586328294476,69.96861493681017,3474,0.05277140104948368,3449,25,0,0.9928036845135291,0.007196315486470927,0.0,True,2490.0,28.15300368695388,0.7866878116072715,2491,436,0.14895797745131534,,0.30901699437494745,0.4142135623730951,
77,130,37.0986829148356,35.891470143632915,1.0,24.7660229,2.0,849.7586632831601,54.566821639599844,3352,0.05091817395448166,3286,66,0,0.9803102625298329,0.019689737470167064,0.0,True,2446.0,27.90315361398335,0.7645730949935569,2447,26,0.010513546300040437,,0.3090169943749474,0.3656262203800562,
77,177,37.0986829148356,34.696185580155735,2.0,49.5320458,3.0,907.816776475611,12.140932550833137,3665,0.055672764780183556,3602,63,0,0.9828103683492496,0.01718963165075034,0.0,True,2269.0,26.87461872754702,0.7486501275344459,2269,69,0.02951240376390077,,0.28172904669025317,0.4,
77,246,37.0986829148356,35.20508799540666,1.0,24.7660229,2.0,880.4800628657454,74.93233804432103,3547,0.05388029922927996,3406,141,0,0.9602480969833662,0.039751903016633776,0.0,True,1760.0,23.66908109081279,0.654712217435949,1761,629,0.26317991631799165,,0.2989350844248255,0.4142135623730951,
78,133,35.76239245812201,35.53073966544048,1.0,24.7660229,2.0,290.3640226884949,10.927525875916928,3205,0.04868518720886447,2739,111,355,0.8546021840873635,0.034633385335413415,0.11076443057722309,True,1237.0,19.843117930641572,0.5566628184114636,1271,712,0.3590519415027736,0.4,0.27429188517743175,0.39564392373895996,0.12570811482256827
77,97,37.0986829148356,35.552536395316636,4.55269276785519,112.752093345366,5.55269276785519,849.8938201416883,57.727465177265934,5544,0.08421550012041955,5019,525,0,0.9053030303030303,0.0946969696969697,0.0,True,786.0,15.817445133157866,0.4354350906522926,787,0,0.0,,0.26618329551788555,0.3483314773547883,
77,103,37.0986829148356,35.9784228158241,8.222125139210444,203.62933948435153,9.222125139210444,869.7011533186512,88.17531066678288,6330,0.0961551435357604,5431,237,662,0.8579778830963665,0.03744075829383886,0.10458135860979463,True,756.0,15.512648837479231,0.4245556438607244,762,1250,0.621272365805169,0.3602425986153711,0.24812962916664352,0.3602425986153711,0.11211296944872759
77,106,37.0986829148356,35.68794571215464,1.0,24.7660229,2.0,847.765885939066,50.128432503940395,3756,0.057055089908422764,3709,47,0,0.9874866879659212,0.012513312034078808,0.0,True,1868.0,24.384480051691096,0.6700263636788093,1871,0,0.0,,0.3090169943749474,0.37406669614897287,
77,117,37.0986829148356,36.386947061436,1.0,24.7660229,2.0,885.7689359392361,66.9388177578977,3434,0.05216378560849941,3416,18,0,0.9947582993593477,0.0052417006406523005,0.0,True,2142.0,26.11167892353304,0.7106608171411054,2142,159,0.06910039113428944,,0.3008613653919205,0.30901699437494745,
79,158,35.6986891864863,35.59962931691158,1.0,24.7660229,2.0,454.7120311598881,46.857359897262214,3111,0.047257290922551445,3101,10,0,0.9967855994856959,0.0032144005143040825,0.0,True,2728.0,29.467768315727287,0.8266048606552463,2728,59,0.021169716541083603,,0.3090169943749474,0.39011948307876687,
79,187,35.6986891864863,35.627361444007356,1.0,24.7660229,2.0,474.9011787405607,82.8541528897103,3441,0.05227011831067165,3432,9,0,0.997384481255449,0.0026155187445510027,0.0,True,3045.0,31.132838024016422,0.872972434301763,3045,0,0.0,,0.3090169943749474,0.30901699437494745,
79,234,35.6986891864863,34.16869670636365,1.0,24.7660229,2.0,514.1207039623232,8.487336757351324,3009,0.04570787154804156,2991,18,0,0.9940179461615155,0.005982053838484547,0.0,True,3395.0,32.87342488384758,0.9410234679243029,3395,0,0.0,,0.3090169943749474,0.37004604996670576,
79,245,35.6986891864863,35.05562357713867,1.0,24.7660229,2.0,484.7922855175508,81.21309268047266,3198,0.04857885450669223,3145,53,0,0.9834271419637274,0.01657285803627267,0.0,True,4181.0,36.48086668562616,1.0311983894890178,4181,60,0.014147606696533836,,0.3090169943749474,0.3816524151396708,
78,162,35.76239245812201,35.147529086805264,2.863703305156273,70.92254163430594,3.863703305156273,279.9910966878598,48.03276719186491,4594,0.06978463339704317,3932,187,475,0.8558989986939486,0.040705267740531126,0.10339573356552025,True,1833.0,24.154958525629645,0.6812857213591892,1873,825,0.30578206078576725,0.3699677034698106,0.26618329551788555,0.3704152082810797,0.10378440795192506
78,240,35.76239245812201,35.04318616391138,1.0,24.7660229,2.0,219.5147075508248,15.224227783111102,2578,0.03916081517143607,2355,223,0,0.9134988363072148,0.0865011636927851,0.0,True,2155.0,26.190796183508223,0.7397947080784997,2155,387,0.15224232887490166,,0.28172904669025317,0.4,
78,284,35.76239245812201,34.27503672629357,1.0,24.7660229,2.0,266.5849336255857,70.85274153802204,3284,0.0498852277048084,3256,28,0,0.9914738124238733,0.008526187576126675,0.0,True,2136.0,26.075082298788182,0.7446042095614297,2137,217,0.09218351741716228,,0.3090169943749474,0.3562297707504051,
79,149,35.6986891864863,35.74465067204574,1.0,24.7660229,2.0,444.3528609881914,14.126484756303627,3638,0.05526262435751917,3226,412,0,0.8867509620670698,0.11324903793293019,0.0,True,2686.0,29.2400470979385,0.8185520765361178,2687,75,0.02715423606082549,,0.2791745113185196,0.41421356237309503,
81,236,36.012877868255195,34.965316634264894,2.6502815398728847,65.63693330793913,3.6502815398728847,616.2688558502543,29.88746933754351,3547,0.05388029922927996,3459,21,67,0.9751903016633775,0.005920496193966732,0.018889202142655766,True,1788.0,23.85661494212072,0.6722237754659619,1808,1051,0.3676110528156698,0.4,0.2791745113185196,0.28172904669025317,0.12082548868148041
81,257,36.012877868255195,34.547943235398975,1.0,24.7660229,2.0,669.4334148548012,54.603720274061786,3240,0.04921685071972571,2915,92,233,0.8996913580246914,0.028395061728395062,0.07191358024691358,True,1136.0,19.015783725757565,0.5389898651497632,1212,1525,0.557179393496529,0.40269974784927715,0.28989794855663564,0.41421356237309503,0.1128017992926415
81,269,36.012877868255195,34.668201091866024,1.0,24.7660229,2.0,674.5566269024387,44.12317077123855,3096,0.04702943513218234,2839,132,125,0.9169896640826873,0.04263565891472868,0.04037467700258398,True,1476.0,21.675455981530703,0.6133312139663333,1477,532,0.26480836236933797,0.4211646096066227,0.2989350844248255,0.3733744816363991,0.1222295251817972
81,328,36.012877868255195,29.29371293686869,1.0,24.7660229,2.0,640.6964883408468,73.42454190433793,4821,0.0732328510246289,4735,86,0,0.9821613773076125,0.017838622692387472,0.0,True,2629.0,28.928129749038145,0.8859176200258327,2629,13,0.004920514761544285,,0.3090169943749474,0.37406669614897287,
80,128,35.927756717551866,37.56246946360691,1.0,24.7660229,2.0,501.1395612060403,80.710802476726,3556,0.05401701270350143,3515,41,0,0.9884701912260967,0.011529808773903262,0.0,True,3418.0,32.98459020476375,0.8976592376639125,3419,282,0.0761956228046474,,0.3090169943749474,0.30901699437494745,
80,135,35.927756717551866,35.43156119386541,1.0,24.7660229,2.0,509.22070975539975,86.5170727651262,3233,0.04911051801755346,3192,41,0,0.9873182802350757,0.012681719764924219,0.0,True,2620.0,28.878571671769564,0.809384745174227,2620,0,0.0,,0.3090169943749474,0.39564392373895996,
81,87,36.012877868255195,35.80279045827765,5.741657386773941,142.19801832479757,6.741657386773941,637.4812004177835,72.9463810160726,6086,0.09244868934575637,5980,36,70,0.9825829773250082,0.005915215248110417,0.011501807426881366,True,960.0,17.480774889473267,0.4868234271660983,960,371,0.2787377911344853,0.3139910455244324,0.2588283628687876,0.2961674292705856,0.055162682655644835
81,116,36.012877868255195,36.11938763599711,1.0,24.7660229,2.0,646.9896675111995,86.85876469611534,3286,0.049915608476857616,3280,0,6,0.9981740718198417,0.0,0.0018259281801582471,True,2194.0,26.42672681750876,0.7327297051539541,2194,542,0.19809941520467836,0.33086182157485,0.3090169943749474,,0.021844827199902606
83,260,35.78875472557764,34.2124678662694,1.0,24.7660229,2.0,302.8213366758338,67.68457966310301,3021,0.04589015618033684,2919,102,0,0.9662363455809335,0.033763654419066536,0.0,True,2364.0,27.431452220735256,0.7837420892111723,2380,492,0.1713091922005571,,0.3090169943749474,0.4142135623730951,
83,268,35.78875472557764,34.880035990422705,1.0,24.7660229,2.0,254.14275070591157,10.08506939802085,3236,0.04915608917562728,3117,119,0,0.9632262051915945,0.03677379480840544,0.0,True,2594.0,28.73492378205923,0.8132281164265986,2594,0,0.0,,0.30484544052339907,0.4142135623730951,
84,140,36.14175972156397,35.127419477335195,3.3166247903554,82.13960550864952,4.3166247903554,248.4678813686602,9.502123863709496,3967,0.06026026135961478,3940,27,0,0.993193849256365,0.006806150743634989,0.0,True,1812.0,24.016192740836935,0.6739573265972983,1835,285,0.13443396226415094,,0.2742918851774318,0.27429188517743175,
84,205,36.14175972156397,37.513789293482084,1.0,24.7660229,2.0,290.97998467461866,83.08959732030398,2204,0.03347961079823317,2018,186,0,0.9156079854809437,0.08439201451905626,0.0,True,1200.0,19.544100476116796,0.5306891534302298,1256,139,0.0996415770609319,,0.29581631632448924,0.37268226712382524,
85,138,35.88275785654397,35.81712535238292,1.0,24.7660229,2.0,708.2131045614169,17.915653857327534,3085,0.046862340885911666,2700,121,264,0.8752025931928687,0.039222042139384114,0.08557536466774716,True,1664.0,23.014509567006368,0.6419678397507064,1692,787,0.3174667204517951,0.41421356237309503,0.28989794855663564,0.353889367864523,0.12431561381645939
85,224,35.88275785654397,34.64680186200936,1.0,24.7660229,2.0,679.4799350234102,80.67613379916445,3187,0.04841176026042155,2968,104,115,0.9312833385629118,0.03263256981487292,0.03608409162221525,True,2179.0,26.336234392837557,0.7468140875380969,2181,869,0.28491803278688527,0.37406669614897287,0.2857142857142857,0.3937129433613965,0.08835241043468717
85,243,35.88275785654397,37.237909116832206,9.1104335791443,225.62920665001667,10.1104335791443,634.0284431079624,18.6547654777247,9122,0.13856670131646232,9091,24,7,0.9966016224512169,0.00263100197325148,0.0007673755755316816,True,1684.0,23.152404806704283,0.6332656898530278,1699,744,0.30454359394187475,0.4142135623730951,0.267982878680112,0.39829231789224,0.1462306836929831
85,256,35.88275785654397,33.97256561883531,1.0,24.7660229,2.0,678.1369254539154,82.48362955819596,3209,0.0487459487529629,3158,13,38,0.9841071985042069,0.0040511062636335304,0.011841695232159551,True,1435.0,21.372287820299903,0.6119014774251995,1468,1588,0.5196335078534031,0.4142135623730951,0.3090169943749474,0.30484544052339907,0.1051965679981477
82,155,36.1339600692361,35.11187031708458,2.1462643699419726,53.15443253543696,3.1462643699419726,616.3072437714701,46.40750278653878,3545,0.05384991845723075,3545,0,0,1.0,0.0,0.0,True,3174.0,31.785461751362867,0.8922757045292501,3176,332,0.09464082098061574,,0.2898979485566356,,
82,218,36.1339600692361,36.206767948458676,6.032065437739018,149.39027076534305,7.032065437739018,608.0145197858103,30.166344003887556,6995,0.10625675024212386,3896,806,2293,0.5569692637598285,0.11522516082916369,0.32780557541100785,True,25.0,2.8209479177387813,0.07799058690835316,691,1841,0.7270932069510269,0.337386354243376,0.1951941016011038,0.34998314477691156,0.1421922526422722
82,224,36.1339600692361,34.64680186200936,1.0,24.7660229,2.0,663.7996564849642,52.880910315053804,3146,0.047788954433412675,3052,94,0,0.9701207883026065,0.029879211697393517,0.0,True,2659.0,29.09271364728116,0.8220514403487501,2659,0,0.0,,0.3090169943749474,0.3542089385498691,
83,100,35.78875472557764,35.832316499931046,1.0,24.7660229,2.0,266.3977446178481,51.65382200679347,2859,0.043429313644350556,2859,0,0,1.0,0.0,0.0,True,2483.0,28.11340334065501,0.7850595602552812,2483,0,0.0,,0.30383243470068705,,
84,219,36.14175972156397,35.16607140079059,1.0,24.7660229,2.0,273.09355135930724,68.29021707905554,3235,0.04914089878960267,3070,72,93,0.9489953632148377,0.022256568778979906,0.02874806800618238,True,1867.0,24.37795228285463,0.6837384309452735,1935,714,0.2695356738391846,0.40453726661826384,0.3090169943749474,0.40361850723377046,0.09552027224331644
84,232,36.14175972156397,34.98541792920483,3.2426406871192857,80.30731351366796,4.242640687119286,271.30252670087685,66.66732320256183,4597,0.069830204555117,4212,104,281,0.9162497280835328,0.02262345007613661,0.06112682184033065,True,1208.0,19.60913925979463,0.5513824646909121,1220,526,0.30126002290950743,0.3288130902060995,0.2708131845707603,0.3174017425546639,0.05799990563533919
84,258,36.14175972156397,34.28857903446624,1.0,24.7660229,2.0,285.175659759291,88.32156975823091,2908,0.04417364255955628,2845,63,0,0.9783356258596974,0.021664374140302613,0.0,True,1948.0,24.901157769991823,0.7071145250699167,2074,268,0.11443210930828351,,0.30383243470068705,0.38742588672279304,
85,95,35.88275785654397,36.1488861475314,1.0,24.7660229,2.0,682.6526842992571,75.41510712745912,3453,0.052452402942966936,3306,75,72,0.9574283231972198,0.021720243266724587,0.020851433536055605,True,1932.0,24.798683434954437,0.6885497000054974,1947,669,0.25573394495412843,0.41094162271764856,0.3090169943749474,0.40453726661826384,0.10192462834270116
86,244,35.81197604030649,34.63983975967772,1.0,24.7660229,2.0,350.65507663520725,72.42807622788055,4024,0.06112611336301736,3452,571,1,0.8578528827037774,0.1418986083499006,0.00024850894632206757,True,1414.0,21.215328870038288,0.6022649275717615,1428,122,0.07870967741935483,0.2857142857142857,0.28989794855663564,0.38742588672279316,-0.0041836628423499445
86,293,35.81197604030649,34.40796497310431,1.0,24.7660229,2.0,362.3105688414535,50.2332951492327,3193,0.04850290257656919,3091,102,0,0.9680551205762605,0.03194487942373943,0.0,True,2011.0,25.3006162200766,0.7206105802693459,2011,0,0.0,,0.3090169943749474,0.4241077963657325,
87,234,35.80279045827765,34.16869670636365,6.28538328578604,155.6639463910543,7.28538328578604,587.4600468776705,5.06779545865125,6051,0.09191702583489514,6019,32,0,0.9947116179143943,0.005288382085605685,0.0,True,2316.0,27.151532118863187,0.7760741758989989,2316,0,0.0,,0.2708131845707603,0.43185593436705993,
87,236,35.80279045827765,34.965316634264894,4.155870949147037,102.92439509602025,5.155870949147037,604.7861937027401,56.277182899096026,4063,0.06171853841797702,4015,48,0,0.9881860694068423,0.011813930593157764,0.0,True,2035.0,25.451141789397465,0.7192828191975047,2036,514,0.2015686274509804,,0.28172904669025317,0.3212855787565888,
87,257,35.80279045827765,34.547943235398975,9.198039027185569,227.7988451823715,10.198039027185569,657.9507527072868,37.54460370315302,8034,0.12203956132169022,4496,377,3161,0.5596216081652975,0.04692556634304207,0.39345282549166044,True,173.0,7.420755373261929,0.2109645481616045,605,1259,0.6754291845493562,0.3318824654794923,0.20413505196644968,0.2753138740406814,0.1277474135130426
87,278,35.80279045827765,34.35606324680414,2.0,49.5320458,3.0,631.253150203996,81.81067752993191,3540,0.05377396652710772,3483,38,19,0.9838983050847457,0.010734463276836158,0.005367231638418079,True,2132.0,26.05065598682386,0.7426192023127922,2134,682,0.2421875,0.34833147735478825,0.2791745113185196,0.3189459828173758,0.06915696603626864
87,328,35.80279045827765,29.29371293686869,1.0,24.7660229,2.0,629.2138261933324,84.62689826013307,2574,0.03910005362733764,2502,72,0,0.972027972027972,0.027972027972027972,0.0,True,2712.0,29.381225490616288,0.9026975016543509,2719,17,0.0062134502923976605,,0.3090169943749474,0.40269974784927715,
88,95,35.98641292660787,36.1488861475314,1.0,24.7660229,2.0,706.2622039004489,66.71058255461845,3235,0.04914089878960267,3214,21,0,0.9935085007727975,0.006491499227202473,0.0,True,2678.0,29.19647025241564,0.8094919027758677,2678,275,0.093125634947511,,0.30484544052339907,0.3816524151396708,
86,102,35.81197604030649,35.85783342555458,3.6855577202829677,91.27660689979977,4.685557720282968,376.16641827850214,18.2078489566744,4639,0.07046820076815048,4022,560,57,0.8669971976719121,0.12071567148092262,0.012287130847165338,True,1930.0,24.78584435387901,0.6916676502589394,1930,12,0.006179196704428424,0.2592192604530755,0.2592192604530755,0.3550392228080413,0.0
86,111,35.81197604030649,35.72551961976122,1.0,24.7660229,2.0,351.656348271684,71.50764446440178,2892,0.04393059638316257,2809,83,0,0.9713001383125864,0.028699861687413553,0.0,True,2292.0,27.010484244701136,0.7551420131632706,2292,0,0.0,,0.2989350844248255,0.37268226712382524,
86,132,35.81197604030649,35.387578481028875,1.0,24.7660229,2.0,314.1858227292729,45.10849662260826,3294,0.05003713156505447,3292,2,0,0.9993928354584092,0.0006071645415907711,0.0,True,2529.0,28.372622405389436,0.7969887619700602,2529,0,0.0,,0.30484544052339907,0.33496790445819585,
86,175,35.81197604030649,35.391200234235704,9.885661164744507,244.82851078770312,10.885661164744507,329.58461147859214,75.52607771050927,7658,0.1163279761764381,7444,214,0,0.9720553669365369,0.027944633063463044,0.0,True,1536.0,22.111625566165472,0.6210853707117897,1536,0,0.0,,0.2633950078282708,0.35888000371820283,
88,273,35.98641292660787,34.78052719934409,1.0,24.7660229,2.0,721.9035325491708,88.19804664112165,3365,0.05111564897280155,3343,22,0,0.9934621099554235,0.006537890044576523,0.0,True,2994.0,30.871018759254923,0.8724700744248731,2996,186,0.05845380263984915,,0.3090169943749474,0.321531303646471,
89,207,35.79819589924081,35.45411309509949,9.634842514655627,238.61673035585486,10.634842514655627,546.868375996127,80.90089553288551,7838,0.11906224566086732,7808,30,0,0.9961724929829038,0.003827507017096198,0.0,True,2007.0,25.275441471334737,0.7094630848620614,2043,432,0.17454545454545456,,0.26841742285197584,0.41840579365909325,
89,217,35.79819589924081,34.87526049306788,5.81864367245563,144.10466243897622,6.81864367245563,510.84716689852473,40.40420554874521,5738,0.08716243500919324,5697,41,0,0.9928546531892646,0.007145346810735448,0.0,True,2571.0,28.607249385051436,0.8095613500563058,2571,24,0.009248554913294798,,0.27149702790318514,0.2674788903885893,
89,276,35.79819589924081,33.915240552289745,8.657737169873558,214.41771701126973,9.657737169873558,510.73663743838637,41.363284319436836,8355,0.12691567523558897,8166,189,0,0.9773788150807899,0.022621184919210054,0.0,True,1508.0,21.909160375631842,0.6285491432018147,1508,0,0.0,,0.2658626798938589,0.2937978523903241,
89,301,35.79819589924081,34.0838991498163,6.89920048531124,170.86575721090927,7.89920048531124,503.4555489262607,17.93356282258892,5541,0.08416992896234572,5476,65,0,0.9882692654755459,0.01173073452445407,0.0,True,1858.0,24.319123514828473,0.6960044199521062,1858,498,0.21137521222410866,,0.2711923793731366,0.1842574582922436,
90,127,36.126949696394476,35.74085101829175,1.414213562373095,35.02444547122265,2.414213562373095,458.87047430870655,58.25152318410023,3310,0.050280177741448176,3252,58,0,0.9824773413897281,0.017522658610271902,0.0,True,2474.0,28.062406497282055,0.7809451859724847,2474,244,0.08977189109639441,,0.29339977411634566,0.32837375653928724,
90,158,36.126949696394476,35.59962931691158,1.0,24.7660229,2.0,434.7295594100689,82.63727002140308,3330,0.05058398546194031,3147,183,0,0.945045045045045,0.054954954954954956,0.0,True,2327.0,27.215934765311314,0.7588800452970846,2327,659,0.22069658405894174,,0.3008613653919205,0.38742588672279304,
90,197,36.126949696394476,35.54069640230208,1.0,24.7660229,2.0,419.6806504794764,56.863749830313296,3210,0.048761139138987504,3141,34,35,0.9785046728971962,0.01059190031152648,0.010903426791277258,True,3329.0,32.552321132383774,0.9084244538338705,3329,46,0.01362962962962963,0.32449979983983984,0.3090169943749474,0.3228287342177362,0.015482805464892446
90,201,36.126949696394476,35.04571322798481,1.0,24.7660229,2.0,430.3841444682488,75.40090791455283,3643,0.05533857628764221,3585,58,0,0.984079055723305,0.01592094427669503,0.0,True,3529.0,33.51590053008567,0.9418194894771944,3529,0,0.0,,0.3090169943749474,0.430554406591371,
90,225,36.126949696394476,34.428789303158176,1.414213562373095,35.02444547122265,2.414213562373095,465.8799418342512,43.303185409085216,3246,0.04930799303587335,3125,121,0,0.9627233518176217,0.03727664818237831,0.0,True,2274.0,26.904213074943115,0.7626371279340918,2275,230,0.09181636726546906,,0.29339977411634566,0.36602540378443865,
90,245,36.126949696394476,35.05562357713867,1.0,24.7660229,2.0,464.80981376773155,44.679466475388175,3251,0.04938394496599638,2963,288,0,0.9114118732697631,0.08858812673023685,0.0,True,3171.0,31.770436715424612,0.8926464794505368,3171,206,0.06100088836245188,,0.28989794855663564,0.38742588672279316,
91,93,36.08042946413903,35.1602790283973,1.414213562373095,35.02444547122265,2.414213562373095,156.69146902389028,52.933784992635296,3119,0.047378814010748296,1752,496,941,0.5617184995190766,0.15902532863097146,0.3016992625841616,True,169.0,7.334464586120832,0.20590655936245333,635,1061,0.6255896226415094,0.38742588672279316,0.22400923773979592,0.3797958971132713,0.16341664898299724
91,114,36.08042946413903,35.8556052390833,4.55269276785519,112.752093345366,5.55269276785519,177.74829644379253,88.38571162855867,4938,0.07501012618950788,1489,1524,1934,0.30153908464965573,0.3086269744835966,0.39165654110976106,True,2.0,0.7978845608028654,0.022183167701544847,110,580,0.8405797101449275,0.33996830356244234,0.125,0.33905673891492605,0.21496830356244234
91,182,36.08042946413903,34.466946605435474,8.0,198.1281832,9.0,217.66143150343459,4.765761036967904,2216,0.03366189543052844,1382,834,0,0.6236462093862816,0.37635379061371843,0.0,False,94.0,5.4700209598571305,0.1550736898977658,216,0,0.0,,0.08930134977850068,0.16867238178476865,
91,302,36.08042946413903,36.27976786060809,7.0,173.3621603,8.0,174.53066918586964,83.92561353213496,6911,0.1049807578160569,1896,1542,3498,0.2743452467081464,0.22312255824048619,0.5061496165533208,False,188.0,7.735777827895049,0.21381306613019477,1561,975,0.38446372239747634,0.3333333333333333,0.10477782979607683,0.3368702499140705,0.22855550353725648
92,105,35.97036765109257,35.87299012264121,1.0,24.7660229,2.0,782.2480770756894,25.73018222827424,3249,0.049353564193947166,3186,63,0,0.9806094182825484,0.019390581717451522,0.0,True,4044.0,35.878199226372125,0.9987895983193964,4044,0,0.0,,0.3090169943749474,0.3516287047744073,
92,154,35.97036765109257,35.028016119942805,1.0,24.7660229,2.0,805.2079381166985,74.60852167386471,3430,0.05210302406440098,3422,8,0,0.997667638483965,0.0023323615160349854,0.0,True,2938.0,30.580949063231785,0.8614547948542919,2938,0,0.0,,0.3090169943749474,0.47066359509470784,
92,165,35.97036765109257,35.19744575829755,1.0,24.7660229,2.0,805.2436084529534,74.68633652447174,3288,0.04994598924890683,3276,12,0,0.9963503649635036,0.0036496350364963502,0.0,True,2493.0,28.16995822247861,0.7916488331721534,2493,0,0.0,,0.3090169943749474,0.41352549156242113,
92,266,35.97036765109257,34.27490124916269,3.414213562373095,84.55649127122264,4.414213562373095,827.9303521677209,69.26961808947972,4422,0.06717188700081082,4362,60,0,0.9864314789687924,0.013568521031207599,0.0,True,2077.0,25.71244122217362,0.732076099208446,2077,0,0.0,,0.27718637277259645,0.3430703308172536,
92,321,35.97036765109257,30.892037604186815,1.0,24.7660229,2.0,837.2771732745853,47.23764193050818,2555,0.038811436292870115,2518,37,0,0.9855185909980431,0.014481409001956947,0.0,True,2950.0,30.643338007504706,0.9166089042267932,2950,0,0.0,,0.2989350844248255,0.3516287047744073,
95,195,36.1488861475314,34.80774032315204,1.0,24.7660229,2.0,659.3701092310858,28.029823895308326,2706,0.04110518458258573,2412,294,0,0.8913525498891353,0.10864745011086474,0.0,True,2432.0,27.823185353208192,0.784230782581065,2432,130,0.0507416081186573,,0.27429188517743175,0.3874258867227931,
95,273,36.1488861475314,34.78052719934409,1.0,24.7660229,2.0,707.3901346648843,64.08585408830925,3140,0.04769781211726504,2981,156,3,0.9493630573248407,0.049681528662420385,0.0009554140127388535,True,2353.0,27.36755674499387,0.7716842831098768,2353,258,0.09881271543469936,0.25,0.30484544052339907,0.4,-0.05484544052339907
96,159,35.68207154397471,35.318687646840374,2.449489742783178,60.66411906308329,3.449489742783178,607.7471960124849,83.84170051933253,4055,0.061597015329780166,4037,18,0,0.9955610357583231,0.0044389642416769425,0.0,True,2251.0,26.767808162038836,0.7540147025780429,2251,0,0.0,,0.28330039409901914,0.28372166620226946,
96,160,35.68207154397471,35.231264795136774,3.16227766016838,78.31704094788851,4.16227766016838,575.3828954515652,19.12952404717835,3326,0.050523223917841885,3322,4,0,0.9987973541791942,0.0012026458208057728,0.0,True,2306.0,27.092851410285725,0.7641115990009613,2306,1,0.00043346337234503684,,0.2791745113185196,0.3334951521140906,
93,114,35.1602790283973,35.8556052390833,1.414213562373095,35.02444547122265,2.414213562373095,155.5973908202966,53.91348772712205,3676,0.055839859026454226,2070,1251,379,0.5631120783460283,0.34031556039173017,0.10310119695321002,True,150.0,6.90988298942671,0.19460105469927563,1783,200,0.10085728693898134,0.3797958971132712,0.23166247903554,0.3797958971132712,0.14813341807773123
94,177,36.27420477734615,34.696185580155735,6.211102550927978,153.82430801053073,7.211102550927978,945.4432376779422,88.75660910442234,6459,0.09811470333293468,6424,35,0,0.9945812045208237,0.005418795479176343,0.0,True,1745.0,23.568002702620237,0.6641643813398863,1745,82,0.04488232074438971,,0.26968623182294527,0.27429188517743175,
94,210,36.27420477734615,34.63884494515007,1.0,24.7660229,2.0,942.3136288637841,83.5164200737908,3333,0.05062955662001413,3297,36,0,0.9891989198919892,0.010801080108010801,0.0,True,2199.0,26.456822177241087,0.7461764028137126,2204,301,0.12015968063872255,,0.3090169943749474,0.4084566551111861,
94,246,36.27420477734615,35.20508799540666,1.0,24.7660229,2.0,918.1065240680764,38.805975633003264,3409,0.05178402595788424,3401,8,0,0.9976532707538868,0.0023467292461132297,0.0,True,2428.0,27.80029502818709,0.7778559062292313,2432,641,0.20859095346566872,,0.3090169943749474,0.3516287047744073,
96,235,35.68207154397471,34.65548399235406,1.0,24.7660229,2.0,619.1927909145245,77.72794579924334,3240,0.04921685071972571,3184,47,9,0.9827160493827161,0.014506172839506172,0.002777777777777778,True,1961.0,24.984108685450707,0.7104059416038881,1962,255,0.11502029769959404,0.4068781988545112,0.3090169943749474,0.3585701736362872,0.09786120447956381
96,277,35.68207154397471,34.810958385132096,7.694323451653613,190.55779080366042,8.694323451653613,601.850936798627,75.90240049578311,5815,0.08833209473308795,5143,672,0,0.8844368013757523,0.11556319862424763,0.0,True,1034.0,18.1420071192258,0.5147177568469051,1035,0,0.0,,0.25355482027512377,0.3430703308172535,
96,278,35.68207154397471,34.35606324680414,1.0,24.7660229,2.0,624.0993566337589,69.44391876668563,2917,0.04431035603377774,2717,133,67,0.9314364072677408,0.04559478916695235,0.02296880356530682,True,1389.0,21.0269453775218,0.600442757087534,1390,263,0.15910465819721717,0.4142135623730951,0.30484544052339907,0.40269974784927715,0.10936812184969602
97,106,35.552536395316636,35.68794571215464,1.0,24.7660229,2.0,826.6223247821574,86.58808925996254,3432,0.052133404836450195,3366,66,0,0.9807692307692307,0.019230769230769232,0.0,True,1748.0,23.58825303088947,0.6622148624795922,1751,53,0.029379157427937917,,0.3090169943749474,0.40149162409079436,
97,246,35.552536395316636,35.20508799540666,1.0,24.7660229,2.0,859.3365017088367,31.41772445789009,3307,0.05023460658337436,3283,24,0,0.9927426670698518,0.00725733293014817,0.0,True,2302.0,27.069343508757026,0.7651286696478171,2338,0,0.0,,0.3090169943749474,0.32837375653928724,
98,121,35.541011397856465,35.688632988439416,10.23606797749979,253.50669393671646,11.23606797749979,255.91961659270913,33.570755775174895,8306,0.12617134632038324,7698,424,201,0.9267999036840838,0.05104743558873104,0.024199373946544665,True,1382.0,20.97389479104915,0.5889091535345188,1502,233,0.13429394812680115,0.23461295545686628,0.26571737407042917,0.2971743994165254,-0.03110441861356289
98,182,35.541011397856465,34.466946605435474,1.0,24.7660229,2.0,273.49442919239755,62.00706549917164,2520,0.038279772782008885,1961,187,372,0.7781746031746032,0.0742063492063492,0.14761904761904762,True,496.0,12.565098628628435,0.35896200909152626,1006,1191,0.5421028675466545,0.39564392373895996,0.2612038749637414,0.38742588672279316,0.13444004877521853
98,209,35.541011397856465,35.23004664088869,1.0,24.7660229,2.0,307.3351310759126,61.50202173320834,3235,0.04914089878960267,2934,56,245,0.9069551777434313,0.01731066460587326,0.07573415765069552,True,2924.0,30.508000708034015,0.8621603676274487,2924,571,0.16337625178826895,0.41421356237309503,0.29581631632448924,0.3599573858244808,0.1183972460486058
98,211,35.541011397856465,34.91564742455185,1.0,24.7660229,2.0,289.6683684909706,88.65514212284391,3072,0.04666486586759178,2868,185,19,0.93359375,0.060221354166666664,0.006184895833333333,True,2505.0,28.237674565912748,0.8015615567887794,2505,444,0.150559511698881,0.42705098312484235,0.2989350844248255,0.3585701736362872,0.12811589870001683
98,219,35.541011397856465,35.16607140079059,2.23606797749979,55.37851073671648,3.23606797749979,275.229984159574,65.43496596829212,3813,0.05792094191182535,3322,100,391,0.8712300026226069,0.026226068712300026,0.1025439286650931,True,1690.0,23.193613509986026,0.6560478128063805,1692,886,0.34367726920093095,0.3816524151396708,0.2612038749637414,0.3613020955135854,0.12044854017592938
99,122,35.564116842376805,35.97946787816941,2.863703305156273,70.92254163430594,3.863703305156273,779.2839842733968,67.05012559937418,3499,0.05315116070009884,3496,3,0,0.9991426121749071,0.0008573878250928837,0.0,True,1515.0,21.95995167500245,0.6138901694898128,1515,447,0.22782874617737003,,0.2791745113185196,0.3874258867227931,
99,170,35.564116842376805,35.48940368060842,1.0,24.7660229,2.0,790.1202805662077,44.38071942161026,3114,0.047302862080625264,2959,47,108,0.9502247912652537,0.015093127809890815,0.03468208092485549,True,3103.0,31.42794261208173,0.8846273170071862,3103,362,0.10447330447330447,0.3827822185373187,0.3090169943749474,0.3827822185373187,0.0737652241623713
99,257,35.564116842376805,34.547943235398975,3.6855577202829677,91.27660689979977,4.685557720282968,727.1349337549894,13.786217021106049,3118,0.04736362362472369,3084,34,0,0.9890955740859525,0.010904425914047467,0.0,True,2472.0,28.05106127486678,0.80017792213635,2472,0,0.0,,0.27792629762666365,0.2708853877830105,
100,227,35.832316499931046,34.56746719738423,1.0,24.7660229,2.0,229.94669156681567,67.91603251279908,3107,0.04719652937845301,2932,57,133,0.9436755712906341,0.018345671065336338,0.04280656581911812,True,3062.0,31.21962317989708,0.8869238381221801,3157,707,0.18297101449275363,0.3827822185373187,0.30383243470068705,0.34833147735478825,0.07894978383663165
100,260,35.832316499931046,34.2124678662694,2.0,49.5320458,3.0,279.724903846439,7.096308518595916,3422,0.051981500976204124,3329,93,0,0.972822910578609,0.027177089421391,0.0,True,2110.0,25.915899749917973,0.7399808560885079,2116,0,0.0,,0.2857142857142857,0.3827822185373187,
100,262,35.832316499931046,34.539740589375654,1.0,24.7660229,2.0,259.0602629671459,64.10237272038715,2887,0.04385464445303954,2869,13,5,0.9937651541392449,0.004502944232767579,0.0017319016279875303,True,1995.0,25.199766327024985,0.7161867186870734,2031,22,0.01071602532878714,0.42705098312484235,0.30484544052339907,0.30484544052339907,0.12220554260144328
99,188,35.564116842376805,35.18317993471944,1.7320508075688772,42.89600996421431,2.732050807568877,745.7005828755559,59.166045033136896,3794,0.05763232457735782,3767,27,0,0.9928835002635741,0.007116499736425936,0.0,True,3217.0,32.00004537267493,0.9046294863674464,3219,433,0.11856516976998904,,0.28989794855663564,0.3524704450894247,
99,202,35.564116842376805,35.42090874601483,1.0,24.7660229,2.0,766.3189442951755,86.90516923063683,3110,0.04724210053652684,3096,14,0,0.9954983922829582,0.0045016077170418,0.0,True,2239.0,26.696363706795488,0.7521688830992325,2239,349,0.1348531684698609,,0.3090169943749474,0.3892130711381393,
99,221,35.564116842376805,34.75472087462754,1.0,24.7660229,2.0,763.8424908152123,89.16141230226238,3037,0.046133202356730546,2945,92,0,0.969706947645703,0.030293052354297002,0.0,True,3082.0,31.32141550470609,0.8908399661199751,3084,722,0.18970047293746717,,0.2989350844248255,0.41421356237309503,
99,226,35.564116842376805,34.56233846333,1.0,24.7660229,2.0,744.3557199164458,56.137749354617206,2903,0.04409769062943325,2825,78,0,0.9731312435411643,0.02686875645883569,0.0,True,2477.0,28.07941573603784,0.8008223319895302,2477,0,0.0,,0.30484544052339907,0.37406669614897287,
100,268,35.832316499931046,34.880035990422705,2.863703305156273,70.92254163430594,3.863703305156273,231.0463178765168,70.80263579415718,4342,0.06595665611884229,4317,0,28,0.9942422846614464,0.0,0.006448641179180101,True,3009.0,30.948254353469213,0.8753280937072778,3012,313,0.09413533834586466,0.3219145562618817,0.28172904669025317,,0.04018550957162853
101,159,35.95769344875828,35.318687646840374,5.0990195135927845,126.28243404118575,6.0990195135927845,641.7863844166955,13.605875580793562,5058,0.07683297251246068,4890,73,95,0.966785290628707,0.014432582048240411,0.01878212732305259,True,1234.0,19.819041337834626,0.5561180585544195,1235,553,0.3092841163310962,0.2708131845707603,0.27149702790318514,0.3090169943749474,-0.0006838433324248272
101,178,35.95769344875828,35.175270914247015,1.0,24.7660229,2.0,695.9835608786998,62.82512972234328,3235,0.04914089878960267,3141,53,41,0.9709428129829984,0.016383307573415766,0.01267387944358578,True,2008.0,25.281737508665255,0.710830421171474,2022,1036,0.33878351863963374,0.4,0.3090169943749474,0.36602540378443865,0.09098300562505263
101,212,35.95769344875828,35.043121362604076,1.0,24.7660229,2.0,662.471466847189,62.31675264472967,2535,0.03850762857237798,2508,5,22,0.9893491124260355,0.0019723865877712033,0.008678500986193294,True,1141.0,19.05758589474819,0.53682724474025,1142,981,0.46208195949128594,0.3632858174941741,0.2989350844248255,0.44579905519622387,0.06435073306934858
101,226,35.95769344875828,34.56233846333,1.0,24.7660229,2.0,702.0569337027167,51.626690313529764,3104,0.047150958220379194,2992,83,29,0.9639175257731959,0.026739690721649483,0.009342783505154639,True,1875.0,24.430125595146,0.6928563397589239,1875,560,0.2299794661190965,0.39564392373895996,0.30484544052339907,0.37406669614897287,0.09079848321556089
101,235,35.95769344875828,34.65548399235406,3.6855577202829677,91.27660689979977,4.685557720282968,653.2319793187351,45.10823859421042,5135,0.0780026322363554,4986,75,74,0.970983446932814,0.014605647517039922,0.014410905550146057,True,1373.0,20.90548908134762,0.592112969248033,1376,430,0.23809523809523808,0.36580655467467726,0.27429188517743175,0.39564392373895996,0.09151466949724552
101,257,35.95769344875828,34.547943235398975,1.0,24.7660229,2.0,684.8361475412604,81.83285469656677,3346,0.05082703163833402,3341,5,0,0.9985056784219964,0.0014943215780035865,0.0,True,1711.0,23.337270947145164,0.661997310986317,1711,724,0.2973305954825462,,0.3090169943749474,0.3008613653919205,
101,278,35.95769344875828,34.35606324680414,4.773112505913769,118.21101362573678,5.773112505913769,658.1385450379696,55.17438798391227,5320,0.08081285365090764,5229,91,0,0.9828947368421053,0.017105263157894738,0.0,True,1980.0,25.104851615652017,0.7140807942988605,1980,178,0.082483781278962,,0.2742918851774318,0.34604203085127516,
102,153,35.85783342555458,35.458354207053766,1.414213562373095,35.02444547122265,2.414213562373095,422.2908267992596,74.26565227356556,3547,0.05388029922927996,3485,62,0,0.9825204398082887,0.017479560191711305,0.0,True,2520.0,28.32209231647889,0.7942682652186248,2520,327,0.1148577449947313,,0.29339977411634566,0.41094162271764856,
102,244,35.85783342555458,34.63983975967772,1.0,24.7660229,2.0,386.88177476775286,44.979508521578616,3107,0.04719652937845301,2867,239,1,0.9227550691985839,0.07692307692307693,0.000321853878339234,True,1917.0,24.702227669065127,0.7007955455255989,1921,77,0.03853853853853854,0.34833147735478825,0.29581631632448924,0.38742588672279316,0.05251516103029902
102,293,35.85783342555458,34.40796497310431,1.0,24.7660229,2.0,398.53726697399907,66.96025753992608,3152,0.04788009674956032,3106,46,0,0.9854060913705583,0.014593908629441625,0.0,True,2070.0,25.669076033243712,0.7306278906163725,2071,0,0.0,,0.3090169943749474,0.3733744816363991,
102,325,35.85783342555458,29.531587483243364,1.0,24.7660229,2.0,412.49635335207284,89.80444509421436,3468,0.05268025873333603,3354,97,17,0.967128027681661,0.027970011534025375,0.004901960784313725,True,1899.0,24.585981246698665,0.7519865111205075,1903,843,0.30699198834668606,0.37406669614897287,0.3090169943749474,0.40269974784927715,0.06504970177402547
103,266,35.9784228158241,34.27490124916269,1.0,24.7660229,2.0,854.7748871633111,67.62694315727899,3070,0.04663448509554257,3055,15,0,0.995114006514658,0.004885993485342019,0.0,True,2003.0,25.25024162312378,0.7188340753746091,2003,0,0.0,,0.3090169943749474,0.3827822185373187,
104,189,35.25509802208987,33.679840597075454,7.944271909999159,196.74802004686592,8.94427190999916,319.0828541009522,12.391581626403893,3107,0.04719652937845301,2318,789,0,0.7460572899903444,0.2539427100096556,0.0,True,262.0,9.13220620552083,0.26495145679238746,262,0,0.0,,0.1809073112342927,0.20942771453851886,
104,282,35.25509802208987,34.6353958123085,1.0,24.7660229,2.0,266.5753015773152,66.55964059562007,2889,0.043885025225088754,1864,173,853,0.6452059536171686,0.059882312218760815,0.29525787469712705,True,643.0,14.306406146065385,0.409394907981724,901,948,0.5127095727420227,0.40269974784927715,0.2402530733520421,0.36602540378443865,0.16244667449723504
105,154,35.87299012264121,35.028016119942805,1.0,24.7660229,2.0,772.7801598448629,49.515683978909614,3289,0.049961179634931435,3275,14,0,0.9957433870477349,0.004256612952265126,0.0,True,2815.0,29.93396615230549,0.8443876254700257,2815,0,0.0,,0.3090169943749474,0.4364916731037084,
103,117,35.9784228158241,36.386947061436,2.1462643699419726,53.15443253543696,3.1462643699419726,884.4327079592904,65.02773102883184,3605,0.05476134161870715,3489,116,0,0.9678224687933425,0.03217753120665742,0.0,True,2071.0,25.67527554451228,0.7096011694007913,2071,131,0.059491371480472295,,0.28436465220442186,0.35275903631946515,
103,165,35.9784228158241,35.19744575829755,1.0,24.7660229,2.0,832.0881434485436,9.90803841964305,2728,0.04143937307512708,2656,72,0,0.9736070381231672,0.026392961876832845,0.0,True,1951.0,24.920324796129275,0.7002464541806768,1953,538,0.21597751906864712,,0.2857142857142857,0.36602540378443865,
103,210,35.9784228158241,34.63884494515007,3.16227766016838,78.31704094788851,4.16227766016838,903.3509396815073,20.659298985435164,4425,0.06721745815888465,4381,44,0,0.9900564971751412,0.009943502824858758,0.0,True,1952.0,24.926710529686012,0.705966439088471,1954,455,0.1888750518887505,,0.28172904669025317,0.27233263158059284,
103,239,35.9784228158241,34.780987678636315,1.0,24.7660229,2.0,886.9980365328602,58.428906652493936,3440,0.052254927924647046,3421,19,0,0.9944767441860465,0.005523255813953488,0.0,True,2290.0,26.998696993760284,0.7631125472950047,2290,0,0.0,,0.3090169943749474,0.40269974784927715,
94,295,36.27420477734615,35.72283838971398,5.81864367245563,144.10466243897622,6.81864367245563,931.1611453159899,67.19568212392252,4875,0.07405313186995766,2007,181,2687,0.4116923076923077,0.03712820512820513,0.5511794871794872,False,989.0,17.742842991915612,0.49287699081601355,1158,952,0.45118483412322274,0.3217311600325895,0.1463924816619788,0.25,0.1753386783706107
94,315,36.27420477734615,61.7560654121121,1.0,24.7660229,2.0,981.7424998323588,38.76084528312906,22580,0.34299891643561925,20685,1895,0,0.9160761736049602,0.08392382639503985,0.0,True,2956.0,30.67448489476694,0.6258165939047986,5697,0,0.0,,0.2240092377397959,0.36602540378443865,
95,138,36.1488861475314,35.81712535238292,1.0,24.7660229,2.0,717.3092262783221,45.73854945211019,3338,0.05070550855013716,3129,67,142,0.9373876572798082,0.020071899340922707,0.04254044337926902,True,2265.0,26.85091976462419,0.7462111406481422,2269,451,0.16580882352941176,0.392905387390447,0.2989350844248255,0.40149162409079436,0.09397030296562148
95,148,36.1488861475314,35.487634499010724,5.708203932499369,141.36950931014943,6.708203932499369,670.2356681384723,56.524742405859456,6170,0.09372468177182333,5858,312,0,0.9494327390599676,0.050567260940032416,0.0,True,1723.0,23.418965260973238,0.6538275463299924,1723,0,0.0,,0.2687959533979826,0.3469212429524991,
105,273,35.87299012264121,34.78052719934409,1.0,24.7660229,2.0,736.4258810587298,68.78900017508892,2568,0.039008911311190005,2561,7,0,0.9972741433021807,0.0027258566978193145,0.0,True,2508.0,28.254578293596012,0.7998067007713999,2508,0,0.0,,0.2989350844248255,0.30901699437494745,
106,122,35.68794571215464,35.97946787816941,8.438793109825916,208.99534340631084,9.438793109825916,809.3477293803271,68.36164903373042,6729,0.10221610755957848,5984,745,0,0.8892851835339575,0.1107148164660425,0.0,True,1788.0,23.85661494212072,0.6657590597169716,1790,503,0.21936327954644572,,0.2585688584788905,0.3476850412418142,
106,124,35.68794571215464,35.571728136536315,1.0,24.7660229,2.0,833.0336358328884,76.37203007688113,3270,0.04967256230046391,3218,52,0,0.9840978593272172,0.015902140672782873,0.0,True,2171.0,26.287844394415636,0.7378042299276829,2171,0,0.0,,0.3090169943749474,0.3761785115301142,
106,137,35.68794571215464,35.62209440773998,5.81864367245563,144.10466243897622,6.81864367245563,844.987076034663,58.455580767289526,6082,0.09238792780165794,5644,438,0,0.9279842157185136,0.07201578428148635,0.0,True,1293.0,20.287303488528025,0.568988699330941,1293,0,0.0,,0.26968623182294527,0.32929949998747954,
110,275,35.67632048470627,34.78394761156285,1.0,24.7660229,2.0,304.5931838508931,24.351337655772955,3152,0.04788009674956032,2816,89,247,0.8934010152284264,0.028236040609137057,0.07836294416243655,True,1950.0,24.913937425834398,0.7071769125770214,1955,312,0.13762681958535508,0.407669683062202,0.29581631632448924,0.3797958971132712,0.11185336673771279
110,284,35.67632048470627,34.27503672629357,1.0,24.7660229,2.0,275.2197028062502,85.5815649016172,3060,0.0464825812352965,2973,87,0,0.9715686274509804,0.028431372549019607,0.0,True,1990.0,25.16816786152189,0.7195905516344777,1990,110,0.05238095238095238,,0.3090169943749474,0.40269974784927715,
110,287,35.67632048470627,31.941197609833058,3.1815405503520555,78.79410612729761,4.1815405503520555,293.58592473811905,54.16186433415021,3793,0.057617134191333214,3676,117,0,0.9691537041919325,0.030846295808067494,0.0,True,1547.0,22.190660060627405,0.6563583132288757,1547,184,0.10629693818601964,,0.27669677546737487,0.3126480851423008,
110,289,35.67632048470627,31.501018250593212,1.0,24.7660229,2.0,263.4892115912791,74.95836441774314,2352,0.03572778792987496,2352,0,0,1.0,0.0,0.0,True,2769.0,29.688382826333207,0.8838808855859881,2769,0,0.0,,0.3090169943749474,,
109,265,35.74813816771244,33.15799151000595,1.0,24.7660229,2.0,887.7039307633066,89.4909395567163,3056,0.046421819691198074,3045,11,0,0.9964005235602095,0.003599476439790576,0.0,True,3147.0,31.649979649604663,0.9186404692190704,3147,0,0.0,,0.3090169943749474,0.39564392373895996,
110,175,35.67632048470627,35.391200234235704,6.5630027024141775,162.5394752207514,7.5630027024141775,295.86377878616565,53.93161663674295,5971,0.0907017949529266,5871,60,40,0.9832523865349188,0.010048568079048735,0.0066990453860324905,True,1492.0,21.792621462004423,0.6132934212856515,1492,196,0.11611374407582939,0.19204573888650034,0.27253380620535966,0.2602115677084085,-0.08048806731885932
110,227,35.67632048470627,34.56746719738423,2.1462643699419726,53.15443253543696,3.1462643699419726,244.54506305314078,38.72153932968615,4372,0.06641236769958049,4266,39,72,0.9757548032936871,0.008920402561756633,0.01646843549862763,True,2777.0,29.73123868816075,0.8465158178177539,2777,7,0.002514367816091954,0.3154754158606446,0.28989794855663564,0.30484544052339907,0.02557746730400895
110,262,35.67632048470627,34.539740589375654,1.0,24.7660229,2.0,273.658634453471,88.11627113422558,3244,0.049277612263824135,3152,92,0,0.9716399506781751,0.02836004932182491,0.0,True,2111.0,25.922040230930552,0.7383507372645507,2112,282,0.11779448621553884,,0.30484544052339907,0.4,
107,218,36.14912973635662,36.206767948458676,5.5725953684008385,138.0110245062491,6.5725953684008385,588.8949752204853,67.56619058689127,5719,0.08687381767472571,3426,145,2148,0.5990557789823395,0.02535408288162266,0.37559013813603775,True,219.0,8.349243383340204,0.23078266321039334,976,1662,0.6300227445034117,0.3412253527198434,0.19754962595599873,0.27792629762666365,0.14367572676384466
107,230,36.14912973635662,36.28031198366947,1.8284271247461903,45.2828680424453,2.8284271247461903,585.5309445271589,61.244758083044566,3289,0.049961179634931435,3234,55,0,0.9832775919732442,0.016722408026755852,0.0,True,4482.0,37.77121800889865,1.0429796809673668,4487,0,0.0,,0.28989794855663564,0.3443593434156103,
108,179,35.626546409298314,35.20187737561034,3.1815405503520555,78.79410612729761,4.1815405503520555,898.5705866688442,39.90185852822551,3962,0.060184309429491746,3960,2,0,0.9994952044422009,0.0005047955577990914,0.0,True,3805.0,34.80185507885066,0.9827087267828162,3805,0,0.0,,0.27718637277259645,0.3552365927958392,
108,190,35.626546409298314,35.50689644530491,5.0,123.8301145,6.0,899.1054410095786,42.37197137940885,5501,0.08356231352136145,5479,22,0,0.9960007271405199,0.003999272859480095,0.0,True,3048.0,31.14817062185505,0.8757672726602568,3071,197,0.06028151774785802,,0.27669677546737487,0.33274480809957413,
108,213,35.626546409298314,34.433823664620476,1.0,24.7660229,2.0,942.8881665026372,64.32889405922307,3205,0.04868518720886447,3187,18,0,0.9943837753510141,0.005616224648985959,0.0,True,4391.0,37.38580894180337,1.0672455455875731,4398,0,0.0,,0.3090169943749474,0.3662834426115942,
109,145,35.74813816771244,37.33892430877008,6.5630027024141775,162.5394752207514,7.5630027024141775,920.6736591281599,37.34158893844662,6757,0.10264143836826747,6748,9,0,0.9986680479502738,0.0013319520497262099,0.0,True,3026.0,31.03555566752673,0.849276318295407,3076,401,0.11532930687374174,,0.269128646713734,0.3704152082810797,
109,220,35.74813816771244,34.98372744803911,1.0,24.7660229,2.0,874.0440021906373,68.42938652220371,3022,0.045905346566361444,3021,1,0,0.999669093315685,0.00033090668431502316,0.0,True,2715.0,29.397471676812476,0.8312369939883456,2715,735,0.21304347826086956,,0.3090169943749474,0.4641016151377546,
109,249,35.74813816771244,34.713958406896815,1.7320508075688772,42.89600996421431,2.732050807568877,868.0852792244796,58.29149346218742,3520,0.053470158806615584,3496,24,0,0.9931818181818182,0.006818181818181818,0.0,True,2734.0,29.50015642037316,0.8373340520498627,2734,258,0.08622994652406417,,0.28989794855663564,0.39811478328545463,
111,194,35.72551961976122,35.331696866002474,1.0,24.7660229,2.0,388.6642634505339,44.909110785791775,3219,0.04889785261320897,3091,45,83,0.9602360981671326,0.013979496738117428,0.025784405094749923,True,2244.0,26.726155439876237,0.7522432417608371,2244,373,0.14252961406190295,0.40269974784927715,0.3090169943749474,0.34833147735478825,0.09368275347432975
112,124,35.45518929419597,35.571728136536315,1.0,24.7660229,2.0,858.2585525130394,62.150806108247934,3524,0.05353092035071401,3470,54,0,0.9846765039727582,0.01532349602724177,0.0,True,3164.0,31.735350634355903,0.8936147528943581,3164,97,0.029745476847592763,,0.3090169943749474,0.3629003269703467,
112,137,35.45518929419597,35.62209440773998,4.155870949147037,102.92439509602025,5.155870949147037,870.211992714814,82.98039044318497,4525,0.06873649676134531,4454,71,0,0.9843093922651933,0.01569060773480663,0.0,True,3954.0,35.47671475729832,0.9982574715733552,3954,42,0.010510510510510511,,0.27792629762666365,0.3164309725825327,
112,141,35.45518929419597,35.56367641987716,3.3166247903554,82.13960550864952,4.3166247903554,905.9236437194886,35.984397076431215,3723,0.05655380716961074,3711,12,0,0.9967767929089444,0.0032232070910556,0.0,True,2342.0,27.30351174194334,0.7689086967924599,2342,104,0.04251839738348324,,0.27718637277259645,0.23912989444447647,
110,292,35.67632048470627,34.39586185030302,1.0,24.7660229,2.0,242.51545116644127,34.57424546579829,2516,0.03821901123791046,2476,40,0,0.9841017488076311,0.01589825119236884,0.0,True,2354.0,27.37337158766971,0.7812906827077225,2354,0,0.0,,0.2989350844248255,0.3018902624741123,
111,123,35.72551961976122,35.936816916895104,1.0,24.7660229,2.0,384.6916681066299,54.28159832385863,3107,0.04719652937845301,3011,20,76,0.9691020276794335,0.006437077566784679,0.024460894753781784,True,2260.0,26.821266613927218,0.7485456910885888,2271,662,0.2257074667575861,0.3892130711381393,0.3090169943749474,0.3744303893269697,0.0801960767631919
111,132,35.72551961976122,35.387578481028875,4.841619252963779,119.90765329198184,5.841619252963779,325.9024508550003,15.221026081651965,4959,0.07532912429602462,4859,100,0,0.979834644081468,0.02016535591853196,0.0,True,2198.0,26.450805844661367,0.743908128068674,2198,0,0.0,,0.2798057840438667,0.23399972859466714,
111,153,35.72551961976122,35.458354207053766,1.0,24.7660229,2.0,397.7807567924415,18.564508046175906,3316,0.050371320057595814,2942,356,18,0.8872135102533173,0.10735826296743065,0.005428226779252111,True,2314.0,27.139806127334285,0.7625268103099697,2315,4,0.0017248814144027599,0.3632858174941741,0.2857142857142857,0.40209568597003575,0.0775715317798884
112,144,35.45518929419597,35.41665866066437,1.0,24.7660229,2.0,885.2423137594233,73.39623202268601,3337,0.050690318164112555,3320,17,0,0.9949056038357806,0.005094396164219359,0.0,True,2285.0,26.96920632740166,0.7610696519322843,2285,0,0.0,,0.3090169943749474,0.37406669614897287,
113,187,35.27749237349797,35.627361444007356,7.0710678118654755,175.12222735611326,8.071067811865476,510.15058639788043,6.580570754608382,6387,0.09702099553916299,5362,1025,0,0.8395177704712697,0.16048222952873023,0.0,True,2229.0,26.636680279337916,0.7513358774533353,2230,0,0.0,,0.2612038749637414,0.30667540403718385,
113,230,35.27749237349797,36.28031198366947,1.0,24.7660229,2.0,558.461820216861,76.05123828477285,3146,0.047788954433412675,3143,3,0,0.9990464081373173,0.0009535918626827717,0.0,True,3227.0,32.049742631027364,0.8957721081283335,3232,0,0.0,,0.3090169943749474,0.32037724101704074,
113,234,35.27749237349797,34.16869670636365,1.0,24.7660229,2.0,549.370111619643,89.26968936102213,3236,0.04915608917562728,3235,1,0,0.9996909765142151,0.00030902348578491963,0.0,True,3977.0,35.57974729186445,1.0246709794528395,3980,0,0.0,,0.3090169943749474,0.44151844011225294,
115,118,36.11389705999485,35.367613765187755,5.0990195135927845,126.28243404118575,6.0990195135927845,703.7123892188713,82.43018895497863,5491,0.08341040966111539,2859,217,2415,0.5206701875796759,0.03951921325805864,0.4398105991622655,True,731.0,15.254000354017007,0.42679568962448666,833,1320,0.6130980027868091,0.35388936786452296,0.18030816435569247,0.3063869780689344,0.1735812035088305
115,261,36.11389705999485,35.901351306654256,7.4852813742385695,185.38064992733587,8.48528137423857,689.8911831455863,77.68061149202748,6210,0.0943322972128076,5493,150,567,0.8845410628019323,0.024154589371980676,0.09130434782608696,True,2087.0,25.774264925804793,0.7158002092718209,2089,354,0.14490380679492426,0.23845042223198507,0.27826484500593984,0.2604572752185616,-0.03981442277395478
115,274,36.11389705999485,34.55914056008542,2.23606797749979,55.37851073671648,3.23606797749979,723.3243348329954,49.88147939661081,2651,0.04026971335123236,2650,1,0,0.999622783855149,0.0003772161448509996,0.0,True,3027.0,31.040683392579073,0.878430712415268,3047,37,0.011997405966277562,,0.2843646522044218,0.21290885543182678,
116,230,36.11938763599711,36.28031198366947,5.0,123.8301145,6.0,606.0602225683045,7.727796661779488,5809,0.08824095241694031,5521,288,0,0.9504217593389568,0.04957824066104321,0.0,True,2928.0,30.52886088189566,0.8433421973370407,2933,0,0.0,,0.28172904669025317,0.25824569976124334,
116,328,36.11938763599711,29.29371293686869,4.55269276785519,112.752093345366,5.55269276785519,638.7222932867485,80.27658390710754,2856,0.04338374248627674,2801,10,45,0.9807422969187675,0.0035014005602240898,0.015756302521008403,True,1744.0,23.56124872549269,0.7203831807130757,1744,33,0.018570624648283626,0.32373650232843554,0.2836979041098641,0.2972278224237545,0.04003859821857142
117,130,36.386947061436,35.891470143632915,1.0,24.7660229,2.0,864.4902179237994,9.53836877097825,3554,0.05398663193145221,3514,40,0,0.9887450759707372,0.011254924029262802,0.0,True,2191.0,26.4086531392399,0.7307479648956079,2191,0,0.0,,0.3090169943749474,0.4241077963657325,
117,168,36.386947061436,35.33883511063576,3.8989794855663558,96.56221522616659,4.898979485566356,906.689380640282,80.77621073600947,4838,0.07349108758704721,4642,196,0,0.9594873914840844,0.04051260851591567,0.0,True,2110.0,25.915899749917973,0.7226383307398488,2114,0,0.0,,0.2742918851774318,0.3509812290535021,
117,210,36.386947061436,34.63884494515007,3.1815405503520555,78.79410612729761,4.1815405503520555,919.4187223020922,60.326853265228735,3738,0.05678166295997984,3720,18,0,0.9951845906902087,0.004815409309791332,0.0,True,2085.0,25.761912054294488,0.7254241403434302,2086,127,0.05738816086760054,,0.27669677546737487,0.32283726598486945,
117,296,36.386947061436,34.09156944159394,1.0,24.7660229,2.0,928.833850760806,36.67228682778896,3083,0.04683196011386245,3061,22,0,0.9928640934155044,0.007135906584495621,0.0,True,2434.0,27.83462345661149,0.7898754070799675,2434,0,0.0,,0.3090169943749474,0.4057077327363875,
117,307,36.386947061436,34.3637473125066,1.0,24.7660229,2.0,928.168484228147,38.19912291676,3430,0.05210302406440098,3422,8,0,0.997667638483965,0.0023323615160349854,0.0,True,2489.0,28.147349905656394,0.7956769938366296,2489,0,0.0,,0.3090169943749474,0.4567956789604663,
118,202,35.367613765187755,35.42090874601483,1.8284271247461903,45.2828680424453,2.8284271247461903,738.5586916214174,37.244497166089175,2585,0.03926714787360832,2498,87,0,0.9663442940038685,0.033655705996131526,0.0,True,2586.0,28.690579737455337,0.8105997616468102,2586,2,0.0007727975270479134,,0.2857142857142857,0.36602540378443865,
118,257,35.367613765187755,34.547943235398975,1.0,24.7660229,2.0,699.3746810812315,74.35307826198681,3210,0.048761139138987504,3101,109,0,0.9660436137071651,0.03395638629283489,0.0,True,3293.0,32.37583134381607,0.9261409830016621,3296,109,0.032011747430249635,,0.30383243470068705,0.38742588672279316,
118,278,35.367613765187755,34.35606324680414,6.164414002968976,152.66801836261033,7.164414002968976,672.6770785779406,19.87951445167626,5833,0.08860552168153088,5729,104,0,0.9821704097376993,0.0178295902623007,0.0,True,2843.0,30.08247008509303,0.8629054397093571,2891,254,0.0807631160572337,,0.27013511384464434,0.24758021679349348,
118,333,35.367613765187755,27.702046471188893,1.0,24.7660229,2.0,741.0300949127267,10.925167567976033,2036,0.03092762594609924,2001,35,0,0.9828094302554028,0.01719056974459725,0.0,True,2186.0,26.378502823279536,0.8364878683162851,2187,108,0.047058823529411764,,0.3090169943749474,0.439607805437114,
119,143,35.85628610321958,35.647537337143106,1.0,24.7660229,2.0,390.5512134042647,80.78922603369386,3297,0.050082702723128286,3223,73,1,0.9775553533515317,0.022141340612678192,0.00030330603579011223,True,2944.0,30.612159429303247,0.8562383927577,2944,239,0.07508639648130694,0.24025307335204213,0.30484544052339907,0.40453726661826384,-0.06459236717135694
119,186,35.85628610321958,34.98808335608436,7.803118619434352,193.25221442032756,8.803118619434352,387.34860981739155,77.46643187982808,4179,0.0634806231968314,4163,16,0,0.9961713328547499,0.00382866714525006,0.0,True,2602.0,28.77919949981624,0.8124625773216388,2602,0,0.0,,0.27328259927026555,0.20872175203358448,
120,123,35.61532021447828,35.936816916895104,1.0,24.7660229,2.0,436.8943937912644,30.501686527206147,3402,0.05167769325571199,3223,80,99,0.9473838918283363,0.023515579071134628,0.0291005291005291,True,2053.0,25.56345431148385,0.7145406227223664,2061,266,0.11431027073485174,0.40149162409079436,0.30484544052339907,0.4142135623730951,0.0966461835673953
120,217,35.61532021447828,34.87526049306788,3.2426406871192857,80.30731351366796,4.242640687119286,474.54577536149486,79.59518602296808,4045,0.0614451114695341,3986,59,0,0.9854140914709518,0.014585908529048208,0.0,True,3160.0,31.71528401797434,0.8998445948276649,3161,573,0.15345474022495983,,0.2791745113185196,0.3228287342177362,
120,231,35.61532021447828,34.6967805044918,1.8284271247461903,45.2828680424453,2.8284271247461903,471.98478619126115,83.36097890516717,3926,0.0596374555326059,3920,6,0,0.9984717269485481,0.0015282730514518594,0.0,True,3401.0,32.902460742489644,0.9358975313224462,3401,582,0.146121014310821,,0.2898979485566356,0.4121503293247858,
120,291,35.61532021447828,35.56902366956583,3.8989794855663558,96.56221522616659,4.898979485566356,477.061813447259,75.97305972039456,4575,0.06949601606257565,3263,131,1181,0.713224043715847,0.028633879781420766,0.25814207650273224,True,1204.0,19.576646877473273,0.5500267561463429,1314,1808,0.5791159513132608,0.35107148320064946,0.2344123783149211,0.339056738914926,0.11665910488572837
121,198,35.688632988439416,34.322388088097206,1.0,24.7660229,2.0,212.25524995940168,74.960607098193,2735,0.041545705777299324,1975,0,819,0.7221206581352834,0.0,0.2994515539305302,True,560.0,13.351162356249091,0.3814017322116611,1084,1793,0.6232186305179006,0.38742588672279304,0.2553967929896867,,0.13202909373310634
121,211,35.688632988439416,34.91564742455185,1.8284271247461903,45.2828680424453,2.8284271247461903,255.07961505836755,21.129850169921564,3805,0.05779941882362849,3612,160,34,0.9492772667542707,0.04204993429697766,0.008935611038107753,True,1961.0,24.984108685450707,0.7077222100220881,1961,262,0.11785874943769681,0.37603381171037525,0.28330039409901914,0.4142135623730951,0.09273341761135612
122,124,35.97946787816941,35.571728136536315,1.414213562373095,35.02444547122265,2.414213562373095,817.8869746336804,50.54609001439223,2968,0.045085065721032686,2810,158,0,0.9467654986522911,0.05323450134770889,0.0,True,2150.0,26.160394784772457,0.7312357093065441,2150,494,0.18683812405446293,,0.28989794855663564,0.3733744816363991,
122,130,35.97946787816941,35.891470143632915,1.0,24.7660229,2.0,811.3405067244214,61.39256175143603,3673,0.05579428786838041,3624,49,0,0.9866594064797168,0.013340593520283148,0.0,True,3037.0,31.091914131171986,0.8652152034453797,3038,0,0.0,,0.3090169943749474,0.37268226712382524,
122,170,35.97946787816941,35.48940368060842,1.0,24.7660229,2.0,805.0373644739302,72.56236183129066,3029,0.046011679268533695,3014,15,0,0.9950478705843513,0.0049521294156487285,0.0,True,2870.0,30.224979294409437,0.8458222058131039,2871,262,0.08362591765081391,,0.3090169943749474,0.44151844011225294,
122,202,35.97946787816941,35.42090874601483,1.0,24.7660229,2.0,781.2360282028978,69.43360610307137,2799,0.04251789048287415,2715,43,41,0.969989281886388,0.015362629510539478,0.014648088603072526,True,1953.0,24.93309462776218,0.6984023280156484,1953,956,0.3286352698521829,0.4068781988545112,0.29581631632448924,0.37268226712382524,0.11106188253002197
122,226,35.97946787816941,34.56233846333,2.0,49.5320458,3.0,759.2728038241682,15.769367885276111,4019,0.06105016143289432,3785,234,0,0.941776561333665,0.058223438666334906,0.0,True,3141.0,31.619793682174567,0.8964838107235367,3141,121,0.03709380748007358,,0.27718637277259645,0.4,
122,247,35.97946787816941,34.88546407737195,4.196152422706632,103.92200699264292,5.196152422706632,771.3849574670223,53.409814533235405,4810,0.07306575677835822,4671,139,0,0.9711018711018711,0.0288981288981289,0.0,True,2528.0,28.367012395961314,0.8005937947914202,2528,392,0.13424657534246576,,0.27149702790318514,0.36602540378443865,
123,153,35.936816916895104,35.458354207053766,1.0,24.7660229,2.0,419.09944850165994,68.9028939466314,3266,0.04961180075636548,3153,18,95,0.9654011022657685,0.005511328842620943,0.029087568891610533,True,2182.0,26.354357735544063,0.7382672335021193,2182,412,0.15882806476484193,0.38742588672279316,0.2989350844248255,0.34514099850039526,0.08849080229796763
123,231,35.936816916895104,34.6967805044918,7.4852813742385695,185.38064992733587,8.48528137423857,441.1007522158451,28.57338776378103,6022,0.09147650464018155,5246,220,556,0.8711391564264364,0.036532713384257724,0.09232813018930588,True,1867.0,24.37795228285463,0.6902650628827611,1878,125,0.06240639041437843,0.3221216609440098,0.2585688584788905,0.2926432002691316,0.0635528024651193
124,137,35.571728136536315,35.62209440773998,1.0,24.7660229,2.0,853.5263212880163,70.79110450661089,3230,0.04906494685947964,3211,19,0,0.9941176470588236,0.0058823529411764705,0.0,True,1937.0,24.830752093684207,0.6975535574941679,1937,0,0.0,,0.3090169943749474,0.4270509831248423,
124,144,35.571728136536315,35.41665866066437,1.0,24.7660229,2.0,868.5566423326256,41.36881098155538,3296,0.05006751233710368,3219,77,0,0.9766383495145631,0.023361650485436893,0.0,True,2550.0,28.490177426065046,0.8026714991412796,2550,89,0.03372489579386131,,0.3090169943749474,0.37406669614897287,
124,202,35.571728136536315,35.42090874601483,4.0,99.0640916,5.0,804.9219346554592,13.2598765166446,5195,0.0789140553978318,5118,77,0,0.9851780558229066,0.01482194417709336,0.0,True,2438.0,27.857485574187805,0.7847992917990831,2438,345,0.12396694214876033,,0.27999633092666776,0.27792629762666365,
125,225,35.505697131095886,34.428789303158176,1.0,24.7660229,2.0,518.9407188621602,42.359335547452005,2669,0.04054314029967528,2592,77,0,0.9711502435369052,0.028849756463094792,0.0,True,2025.0,25.38853125964903,0.7260661385857743,2025,0,0.0,,0.2989350844248255,0.4270509831248423,
125,236,35.505697131095886,34.965316634264894,1.0,24.7660229,2.0,564.5251560654826,57.6538437595871,3257,0.04947508728214402,3198,46,13,0.9818851704022106,0.014123426466073074,0.003991403131716303,True,2027.0,25.401065711787442,0.7208940060480028,2030,732,0.2650253439536568,0.4142135623730951,0.3090169943749474,0.4364916731037084,0.1051965679981477
125,243,35.505697131095886,37.237909116832206,1.0,24.7660229,2.0,569.9883933146637,47.84408929475244,3695,0.056128476360921754,3681,14,0,0.9962110960757781,0.0037889039242219214,0.0,True,1898.0,24.57950699214357,0.6757846705694126,1898,480,0.20185029436501262,,0.3090169943749474,0.3784244573431458,
125,245,35.505697131095886,35.05562357713867,1.0,24.7660229,2.0,517.8705907956406,41.02254675161254,2716,0.041257088442831796,2711,5,0,0.998159057437408,0.001840942562592047,0.0,True,2149.0,26.15431026444716,0.7413214492566871,2149,0,0.0,,0.30484544052339907,0.3333333333333333,
125,276,35.505697131095886,33.915240552289745,2.0,49.5320458,3.0,513.2842635158935,27.408137168162757,3419,0.051935929818130305,3414,5,0,0.9985375840889149,0.0014624159110851126,0.0,True,1867.0,24.37795228285463,0.7023227601458617,1867,0,0.0,,0.28989794855663564,0.3228287342177362,
126,198,35.174885017383346,34.322388088097206,1.8284271247461903,45.2828680424453,2.8284271247461903,178.4317958889482,46.844058123107445,3267,0.04962699114239009,3151,84,34,0.9644934190388735,0.025711662075298437,0.010407101316192225,True,5520.0,41.917425633434654,1.2063041831818015,6866,958,0.1224437627811861,0.33619503612412965,0.28989794855663564,0.34514099850039526,0.04629708756749401
127,160,35.74085101829175,35.231264795136774,1.0,24.7660229,2.0,508.730439725406,31.652434168837235,3105,0.0471661486064038,2661,81,363,0.8570048309178744,0.02608695652173913,0.11690821256038647,True,3688.0,34.262616074167774,0.9655233095836491,3710,414,0.10038797284190107,0.4068781988545112,0.28989794855663564,0.3827822185373187,0.11698025029787557
127,164,35.74085101829175,35.28318240515082,3.414213562373095,84.55649127122264,4.414213562373095,453.51229707813854,49.14744217948987,4560,0.06926816027220654,4556,4,0,0.9991228070175439,0.0008771929824561404,0.0,True,3716.0,34.39243429969688,0.9684731390753465,3716,0,0.0,,0.2791745113185196,0.38519796368477427,
127,193,35.74085101829175,34.54214176708087,1.0,24.7660229,2.0,487.3221831747362,75.42318716461399,3205,0.04868518720886447,3111,27,67,0.9706708268330734,0.008424336973478939,0.020904836193447737,True,2205.0,26.492891481211682,0.7538919568241669,2218,175,0.07312996239030506,0.3816524151396708,0.3090169943749474,0.3567891723253309,0.0726354207647234
127,199,35.74085101829175,35.93835731265675,1.0,24.7660229,2.0,485.1177562477287,79.16866819376715,3372,0.05122198167497379,3366,6,0,0.998220640569395,0.0017793594306049821,0.0,True,2951.0,30.648531353530895,0.8551581990700632,2951,653,0.1811875693673696,,0.3090169943749474,0.36178917330571747,
127,200,35.74085101829175,34.895204238556275,3.414213562373095,84.55649127122264,4.414213562373095,506.04262598753655,43.37024972543282,4136,0.0628274365977733,3808,20,308,0.9206963249516441,0.004835589941972921,0.07446808510638298,True,1979.0,25.098511206000282,0.7106430594046241,1980,381,0.1613722998729352,0.35388936786452296,0.26747889038858924,0.3286742358648679,0.08641047747593372
129,179,35.58675245184368,35.20187737561034,1.0,24.7660229,2.0,899.8512484494676,33.491970372150845,2848,0.04326221939807988,2843,5,0,0.9982443820224719,0.0017556179775280898,0.0,True,3220.0,32.01496265048276,0.9045227384261749,3220,0,0.0,,0.3090169943749474,0.30484544052339907,
129,213,35.58675245184368,34.433823664620476,1.0,24.7660229,2.0,944.1688282832606,66.93849913302988,2898,0.04402173869931022,2890,8,0,0.9972394755003451,0.0027605244996549345,0.0,True,3689.0,34.2672609079279,0.9787768912649815,3698,0,0.0,,0.3090169943749474,0.3934479147484602,
129,239,35.58675245184368,34.780987678636315,1.0,24.7660229,2.0,917.9330657455494,69.56693140458516,3298,0.05009789310915289,3284,14,0,0.9957550030321407,0.004244996967859308,0.0,True,2840.0,30.066594033278285,0.8545561922985458,2840,0,0.0,,0.3090169943749474,0.33349558089370046,
129,321,35.58675245184368,30.892037604186815,4.39834563766817,108.929528784605,5.39834563766817,895.0567374828647,13.040252784450685,3767,0.057222184154693434,3668,99,0,0.973719139899124,0.02628086010087603,0.0,True,2508.0,28.254578293596012,0.8500328682210411,2508,0,0.0,,0.2850394689593538,0.25,
128,135,37.56246946360691,35.43156119386541,1.0,24.7660229,2.0,503.321883867987,77.68501239750411,2922,0.04438630796390078,2815,107,0,0.9633812457221081,0.03661875427789185,0.0,True,1837.0,24.18129981865374,0.6625555432642307,1837,390,0.17512348450830714,,0.29339977411634566,0.3827822185373187,
128,153,37.56246946360691,35.458354207053766,1.0,24.7660229,2.0,463.71463625304955,32.036836967896875,3202,0.04863961605079065,2996,68,138,0.9356652092442224,0.021236727045596503,0.043098063710181135,True,2240.0,26.702324712498182,0.7313619148677726,2245,423,0.15854572713643178,0.3827822185373187,0.3090169943749474,0.3797958971132712,0.0737652241623713
128,207,37.56246946360691,35.45411309509949,6.358898943540674,157.48463685451412,7.358898943540674,524.2981382350707,45.38609586746882,6900,0.10481366356978623,6825,75,0,0.9891304347826086,0.010869565217391304,0.0,True,1943.0,24.86917989912625,0.6811926559047341,1943,254,0.11561219845243514,,0.27195617308673,0.26618329551788555,
128,231,37.56246946360691,34.6967805044918,1.414213562373095,35.02444547122265,2.414213562373095,485.7159399672347,75.34516401984344,3477,0.052816972207557496,3212,246,19,0.9237848720161058,0.07075064710957722,0.00546448087431694,True,2030.0,25.41985580118611,0.7035737518008716,2033,817,0.2866666666666667,0.40149162409079436,0.28989794855663564,0.375,0.11159367553415872
130,165,35.891470143632915,35.19744575829755,1.0,24.7660229,2.0,812.1456534130526,62.73601576812124,3222,0.04894342377128279,3155,67,0,0.979205462445686,0.02079453755431409,0.0,True,1948.0,24.901157769991823,0.7005637223204755,1948,18,0.009155645981688708,,0.30484544052339907,0.4270509831248423,
130,247,35.891470143632915,34.88546407737195,10.0,247.660229,11.0,788.5243960103244,11.788544506157937,9697,0.14730117328061115,8527,1170,0,0.879344127049603,0.12065587295039704,0.0,True,1567.0,22.33364259698807,0.6310994632022361,1568,0,0.0,,0.26533119314590375,0.29289318755255733,
130,252,35.891470143632915,34.67978407640629,3.6855577202829677,91.27660689979977,4.685557720282968,804.1094076976817,49.47412372355127,4843,0.07356703951717025,4644,199,0,0.9589097666735494,0.041090233326450544,0.0,True,2090.0,25.792783140330602,0.7309713685946242,2090,0,0.0,,0.27429188517743175,0.32793442287247493,
130,266,35.891470143632915,34.27490124916269,8.222125139210444,203.62933948435153,9.222125139210444,834.8323971278201,80.90494969371885,7229,0.10981130057188183,7049,180,0,0.9751002904966108,0.024899709503389128,0.0,True,1296.0,20.310825007719227,0.5789333153347205,1296,0,0.0,,0.26697807758999403,0.3349959365532835,
131,180,35.29129871201796,35.45829091433329,4.39834563766817,108.929528784605,5.39834563766817,328.3954223197687,28.706008846726274,4481,0.06806811977626262,4475,6,0,0.9986610131667039,0.0013389868332961392,0.0,True,3616.0,33.92651689225682,0.9590590439162241,3616,166,0.04389212057112639,,0.27792629762666365,0.3710236361786417,
131,208,35.29129871201796,34.475451737689326,1.0,24.7660229,2.0,303.3512671348601,75.57057523294634,3119,0.047378814010748296,3067,50,2,0.9833279897403013,0.016030779095864058,0.0006412311638345624,True,3036.0,31.086794856562303,0.8911636175163933,3040,423,0.12214842622004042,0.3306338781029041,0.3090169943749474,0.3483848516374013,0.021616883727956726
131,284,35.29129871201796,34.27503672629357,1.0,24.7660229,2.0,286.26007178451573,76.29411417671318,2939,0.04464454452631909,2565,214,160,0.8727458319156176,0.07281388227288194,0.05444028581150051,True,1810.0,24.00293511203705,0.6900732936643423,1811,524,0.22441113490364026,0.40453726661826384,0.28989794855663564,0.39564392373895996,0.11463931806162819
132,205,35.387578481028875,37.513789293482084,1.0,24.7660229,2.0,292.0781951185239,83.50792031966172,5306,0.08060018824656315,5181,125,0,0.9764417640407086,0.02355823595929137,0.0,True,2532.0,28.38944578214513,0.7788453536278134,2568,2,0.0007782101167315176,,0.3090169943749474,0.4068781988545112,
133,162,35.53073966544048,35.147529086805264,1.0,24.7660229,2.0,315.12660297658016,73.04963247346983,3173,0.04819909485607706,3131,42,0,0.9867633154743145,0.013236684525685471,0.0,True,2001.0,25.237632263224796,0.714155360870321,2019,509,0.20134493670886075,,0.3090169943749474,0.37623908211854823,
133,174,35.53073966544048,35.35087436343262,1.0,24.7660229,2.0,323.48687067612457,86.80630424496219,3210,0.048761139138987504,3144,35,31,0.9794392523364486,0.010903426791277258,0.009657320872274144,True,1536.0,22.111625566165472,0.62390299287368,1558,812,0.3426160337552743,0.407669683062202,0.3090169943749474,0.37406669614897287,0.09865268868725463
133,197,35.53073966544048,35.54069640230208,7.0710678118654755,175.12222735611326,8.071067811865476,362.7529604981159,19.59452230133816,6528,0.09916283996863254,6500,28,0,0.9957107843137255,0.00428921568627451,0.0,True,2301.0,27.063463342833682,0.7615848177610435,2302,422,0.15491923641703378,,0.2677768736123398,0.23643547723118957,
133,284,35.53073966544048,34.27503672629357,1.0,24.7660229,2.0,301.7204399143061,47.47698990224589,3012,0.04575344270611538,2676,151,185,0.8884462151394422,0.050132802124833994,0.06142098273572377,True,1229.0,19.77884855394466,0.5666822883811301,1261,1062,0.45716745587602237,0.4,0.28989794855663564,0.40269974784927715,0.11010205144336438
132,228,35.387578481028875,36.83260250807479,1.8284271247461903,45.2828680424453,2.8284271247461903,267.1921150250526,56.27059768071459,3263,0.04956622959829166,3211,52,0,0.9840637450199203,0.01593625498007968,0.0,True,2386.0,27.558798748031897,0.7631883047257906,2386,101,0.04061117812625653,,0.28989794855663564,0.3572819466977533,
132,258,35.387578481028875,34.28857903446624,1.0,24.7660229,2.0,286.2738702031962,86.52740267911477,2852,0.043322980942178305,2832,20,0,0.9929873772791024,0.0070126227208976155,0.0,True,3254.0,32.18354190641631,0.9238035808521471,3254,0,0.0,,0.3090169943749474,0.41054588061380315,
132,288,35.387578481028875,34.65442381269462,1.0,24.7660229,2.0,299.7590397470493,71.08005869858671,3043,0.046224344672878184,2904,139,0,0.954321393361814,0.045678606638186,0.0,True,3212.0,31.975167777860612,0.9130283752817822,3212,0,0.0,,0.30383243470068705,0.3827822185373187,
133,143,35.53073966544048,35.647537337143106,6.032065437739018,149.39027076534305,7.032065437739018,355.13504918199044,41.00784134547791,6126,0.09305630478674064,5861,265,0,0.9567417564479269,0.04325824355207313,0.0,True,1440.0,21.409489393833255,0.6015736906094579,1440,303,0.1738382099827883,,0.27149702790318514,0.2801868778094689,
134,139,35.69706558777912,35.67263132935393,1.7320508075688772,42.89600996421431,2.732050807568877,784.6332804810381,50.699806228648036,3405,0.05172326441378581,3265,140,0,0.9588839941262849,0.041116005873715125,0.0,True,2634.0,28.955625363789064,0.8114263227826026,2635,0,0.0,,0.28989794855663564,0.3253815785451056,
134,147,35.69706558777912,35.344505410162014,1.0,24.7660229,2.0,798.4411762639402,74.03928113022684,2944,0.044720496456442126,2884,60,0,0.9796195652173914,0.020380434782608696,0.0,True,2716.0,29.40288507740653,0.8277656212940071,2716,47,0.017010495837857402,,0.3090169943749474,0.39506281728603515,
134,173,35.69706558777912,35.37359282714499,5.0990195135927845,126.28243404118575,6.0990195135927845,836.9820539200268,43.15618631147518,4837,0.0734758972010226,4791,46,0,0.9904899731238371,0.009510026876162911,0.0,True,1455.0,21.520708268953776,0.6056144335489834,1456,0,0.0,,0.2742918851774318,0.21396547756849976,
134,185,35.69706558777912,34.80360194035368,8.288221436384907,205.2662818937795,9.288221436384907,774.3062479015562,31.719524520590596,7284,0.1106467718032352,7276,8,0,0.9989017023613399,0.001098297638660077,0.0,True,2924.0,30.508000708034015,0.8654670027304355,2924,0,0.0,,0.26655131052735265,0.28266700295328195,
135,267,35.43156119386541,34.489037847079096,1.0,24.7660229,2.0,535.5534770101024,46.36900760121426,3282,0.04985484693275919,3062,173,47,0.9329677026203534,0.05271176112126752,0.014320536258379037,True,1878.0,24.449661884229787,0.6993550461406205,1879,626,0.2499001996007984,0.4142135623730951,0.30484544052339907,0.40269974784927715,0.10936812184969602
136,170,35.20887577372337,35.48940368060842,8.9498743710662,221.6527936259486,9.9498743710662,855.1741669109455,14.366527811227396,7245,0.11005434674827554,7071,174,0,0.975983436853002,0.02401656314699793,0.0,True,1308.0,20.404639941160397,0.5772315846622821,1308,0,0.0,,0.2687959533979826,0.2438047243701444,
136,206,35.20887577372337,35.83547711957012,1.0,24.7660229,2.0,924.7099560383783,31.156635193475715,3288,0.04994598924890683,3202,86,0,0.9738442822384428,0.026155717761557177,0.0,True,2193.0,26.4207036318311,0.7437805414742593,2194,381,0.1479611650485437,,0.3090169943749474,0.37948036503371646,
136,220,35.20887577372337,34.98372744803911,1.7320508075688772,42.89600996421431,2.732050807568877,877.5820901853499,62.60395680244627,3278,0.04979408538866076,3256,22,0,0.9932885906040269,0.006711409395973154,0.0,True,1749.0,23.594999278140484,0.6722930392991922,1750,770,0.3055555555555556,,0.28989794855663564,0.4270509831248423,
138,233,35.81712535238292,34.751821853173944,1.0,24.7660229,2.0,774.7750460221024,26.20224542233971,3201,0.04862442566476605,2942,259,0,0.9190877850671665,0.08091221493283349,0.0,True,2797.0,29.838109049604043,0.8456441602477095,2799,0,0.0,,0.3090169943749474,0.38742588672279316,
138,252,35.81712535238292,34.67978407640629,1.7320508075688772,42.89600996421431,2.732050807568877,761.3042583340609,59.88465076491887,3396,0.05158655093956435,3226,157,13,0.9499411071849234,0.04623085983510012,0.0038280329799764428,True,2015.0,25.32576594419877,0.7184929424397248,2015,45,0.021844660194174758,0.3430703308172536,0.2843646522044218,0.37268226712382524,0.05870567861283177
138,285,35.81712535238292,33.08058234151455,1.0,24.7660229,2.0,756.0267494365053,67.58638730333004,2957,0.04491797147476201,2872,85,0,0.971254649983091,0.02874535001690903,0.0,True,1924.0,24.747287144606645,0.7183776637259183,1924,364,0.1590909090909091,,0.3090169943749474,0.37268226712382524,
139,147,35.67263132935393,35.344505410162014,4.55269276785519,112.752093345366,5.55269276785519,774.7632045144757,69.0706355719577,4937,0.07499493580348328,4885,52,0,0.9894672878266153,0.010532712173384647,0.0,True,1754.0,23.628701622526126,0.6654366173391062,1755,237,0.11897590361445783,,0.2791745113185196,0.3010847396259811,
136,242,35.20887577372337,35.17694303615556,1.0,24.7660229,2.0,923.1240239987812,35.80327422711006,3211,0.04877632952501211,3115,96,0,0.9701027717222049,0.02989722827779508,0.0,True,3720.0,34.41093978088511,0.9777804780202511,3721,0,0.0,,0.3090169943749474,0.41054588061380315,
136,251,35.20887577372337,34.78953722195827,1.414213562373095,35.02444547122265,2.414213562373095,905.4622449607907,72.4202466744621,3174,0.04821428524210167,3136,38,0,0.9880277252678009,0.011972274732199117,0.0,True,2488.0,28.14169498849121,0.8040666576320048,2489,204,0.07575194949870033,,0.29339977411634566,0.37623908211854823,
138,139,35.81712535238292,35.67263132935393,9.273618495495704,229.67064802531016,10.273618495495704,751.9124776360277,77.22950884216074,8196,0.12450040385767651,7897,299,0,0.9635187896534895,0.036481210346510494,0.0,True,2158.0,26.20902009584907,0.7332244873214001,2158,314,0.12702265372168284,,0.2612038749637414,0.367798623311118,
138,169,35.81712535238292,35.30822230156813,1.0,24.7660229,2.0,768.6673716347688,44.96403283876203,3255,0.049444706510094805,3192,63,0,0.9806451612903225,0.01935483870967742,0.0,True,2795.0,29.82743924448921,0.8387288140821418,2795,90,0.03119584055459272,,0.3008613653919205,0.3816524151396708,
139,171,35.67263132935393,35.0693463099394,1.0,24.7660229,2.0,781.1569512926787,55.385992060657195,3249,0.049353564193947166,3221,28,0,0.9913819636811326,0.008618036318867343,0.0,True,2165.0,26.251493359195905,0.7421758405751615,2175,0,0.0,,0.3090169943749474,0.33923716591686426,
139,224,35.67263132935393,34.64680186200936,5.196152422706632,128.68802989264293,6.196152422706632,723.179308098021,10.614157959485224,5156,0.07832163034287214,5088,34,34,0.9868114817688131,0.0065942591155934835,0.0065942591155934835,True,2307.0,27.09872519927838,0.7707321850997706,2307,868,0.2733858267716535,0.33859211783417686,0.2794901476811932,0.26499991418086205,0.059101970152983685
139,233,35.67263132935393,34.751821853173944,1.0,24.7660229,2.0,783.8178771176483,49.817371300942675,3752,0.05699432836432434,3714,38,0,0.9898720682302772,0.010127931769722815,0.0,True,2282.0,26.951496438443087,0.765401652990887,2282,0,0.0,,0.3090169943749474,0.40453726661826384,
139,285,35.67263132935393,33.08058234151455,1.0,24.7660229,2.0,765.0695805320512,83.15300312014426,2786,0.04232041546455426,2770,16,0,0.994256999282125,0.00574300071787509,0.0,True,1776.0,23.77642441290137,0.6916454706167636,1781,618,0.2576073363901626,,0.3090169943749474,0.4093754144956795,
139,290,35.67263132935393,34.86976378144478,1.0,24.7660229,2.0,747.8607773915136,68.76717680582921,3421,0.05196631059017952,3399,22,0,0.9935691318327974,0.006430868167202572,0.0,True,3184.0,31.83549399034338,0.9025918085242322,3184,0,0.0,,0.3090169943749474,0.38510405263005587,
140,219,35.127419477335195,35.16607140079059,7.385164807134505,182.90116073376723,8.385164807134505,235.32592830318868,51.224947287334835,6846,0.10399338272445746,6005,841,0,0.8771545427987146,0.12284545720128542,0.0,True,1102.0,18.72905482330962,0.5328816250079793,1103,0,0.0,,0.2511664187323588,0.355989949685296,
140,232,35.127419477335195,34.98541792920483,1.7320508075688772,42.89600996421431,2.732050807568877,233.5349036447583,51.113719361153365,3451,0.05242202217091772,3257,194,0,0.9437844103158505,0.056215589684149525,0.0,True,1323.0,20.521305499922637,0.585379404371629,1323,33,0.024336283185840708,,0.28330039409901914,0.4079883299942573,
140,254,35.127419477335195,34.03917839330436,1.0,24.7660229,2.0,215.7604865282791,81.58857327088158,3350,0.050887793182432445,3128,25,232,0.9337313432835821,0.007462686567164179,0.06925373134328358,True,1752.0,23.615226456547084,0.6828506008265439,1916,821,0.2999634636463281,0.4270509831248423,0.29581631632448924,0.4142135623730951,0.13123466680035306
141,144,35.56367641987716,35.41665866066437,1.0,24.7660229,2.0,916.2217335390749,54.776015481034996,3222,0.04894342377128279,3140,82,0,0.9745499689633768,0.025450031036623216,0.0,True,1985.0,25.136529674456348,0.7082674277582341,1985,0,0.0,,0.3090169943749474,0.3797958971132712,
141,222,35.56367641987716,34.7460882730131,1.414213562373095,35.02444547122265,2.414213562373095,940.556873384272,84.24174561389708,3374,0.051252362447023005,3307,67,0,0.9801422643746295,0.01985773562537048,0.0,True,2262.0,26.83313180655092,0.7632832202968328,2268,7,0.003076923076923077,,0.29339977411634566,0.36602540378443865,
141,265,35.56367641987716,33.15799151000595,1.0,24.7660229,2.0,912.4562139800144,44.8073395249315,3074,0.046695246639640996,3061,13,0,0.9957709824333116,0.004229017566688354,0.0,True,2868.0,30.2144461073691,0.8793280785384014,2869,160,0.05282271376691978,,0.3090169943749474,0.4142135623730951,
141,281,35.56367641987716,32.376857466250044,9.680544149919662,239.74857810137138,10.680544149919662,924.4050822015097,71.52717495515523,7113,0.10804921579302745,2747,556,3810,0.38619429214115003,0.07816673696049486,0.5356389708983551,False,489.0,12.476118560829471,0.3672658381442885,543,682,0.556734693877551,0.3104185909019427,0.15511784463218828,0.336135091352446,0.1553007462697544
142,282,34.808003044394134,34.6353958123085,5.324555320336759,131.868058995777,6.324555320336759,216.83497388319876,21.03815931293602,3620,0.054989197409076256,1434,2186,0,0.3961325966850829,0.6038674033149172,0.0,True,9.0,1.692568750643269,0.048746713971644935,179,0,0.0,,0.12389934309929541,0.3193677407584266,
142,306,34.808003044394134,35.52153417314591,15.038404810405297,372.44147791396773,16.038404810405297,159.90683020140023,57.27923720258091,16475,0.25026160975539535,4255,11129,1116,0.2582701062215478,0.6755083459787556,0.06773899848254931,True,3.0,0.9772050238058398,0.027789320460994787,425,817,0.6578099838969405,0.29494984620439263,0.09986141045059158,0.3141867286024835,0.19508843575380105
142,324,34.808003044394134,29.220734704607864,11.696440508742775,289.6743134880112,12.696440508742775,152.04842598768954,38.40001688906249,7918,0.12027747654283585,3273,4645,0,0.41336196009093207,0.5866380399090679,0.0,True,45.0,3.7846987830302403,0.11821875351866455,646,10,0.01524390243902439,,0.14578395831246946,0.32095506552117975,
143,180,35.647537337143106,35.45829091433329,1.0,24.7660229,2.0,373.49131065433426,71.60834601911445,3320,0.05043208160169424,3307,13,0,0.9960843373493976,0.00391566265060241,0.0,True,3147.0,31.649979649604663,0.8902218124137385,3147,135,0.04113345521023766,,0.3090169943749474,0.44151844011225294,
143,196,35.647537337143106,35.00192404304678,4.977725364273731,123.27846036151405,5.977725364273731,418.1456006867912,30.76611035977988,4628,0.0703011065218798,4480,71,77,0.9680207433016422,0.015341400172860847,0.016637856525496975,True,1277.0,20.16139193252045,0.5707443917802806,1305,897,0.40735694822888285,0.28436465220442186,0.27792629762666365,0.22696955407408304,0.00643835457775821
143,197,35.647537337143106,35.54069640230208,1.0,24.7660229,2.0,392.38848070289106,77.96536393772044,3066,0.04657372355144414,3034,32,0,0.9895629484670581,0.010437051532941943,0.0,True,1861.0,24.338748903508463,0.6837857220222738,1862,270,0.12664165103189493,,0.30383243470068705,0.35275903631946515,
143,275,35.647537337143106,34.78394761156285,1.8284271247461903,45.2828680424453,2.8284271247461903,360.7294411637241,49.449823858925896,3051,0.04634586776107504,3044,7,0,0.9977056702720419,0.0022943297279580466,0.0,True,2277.0,26.92195406801838,0.7644863398130872,2277,349,0.13290175171363292,,0.28989794855663564,0.29339977411634566,
144,222,35.41665866066437,34.7460882730131,1.0,24.7660229,2.0,919.8755434242066,46.3594563416631,3433,0.0521485952224748,3410,23,0,0.9933003204194581,0.0066996795805418004,0.0,True,2884.0,30.29860907292697,0.863666558025935,2884,0,0.0,,0.3090169943749474,0.35977525015625467,
146,389,35.93120876083818,27.703290779975152,3.16227766016838,78.31704094788851,4.16227766016838,132.88653858994508,66.9745632928992,2429,0.03689744765376967,2117,309,3,0.8715520790448744,0.12721284479209552,0.0012350761630300535,True,1172.0,19.314740138231286,0.6070524724043243,1315,413,0.23900462962962962,0.1983555576735248,0.252650308587072,0.3516287047744073,-0.054294750913547185
147,151,35.344505410162014,35.37416518450705,1.0,24.7660229,2.0,797.4650249512949,75.49690554434756,3309,0.05026498735542357,3237,72,0,0.9782411604714415,0.021758839528558477,0.0,True,3089.0,31.356964751418932,0.8868086599405813,3092,601,0.1627403195234227,,0.3090169943749474,0.3937129433613966,
147,170,35.344505410162014,35.48940368060842,4.123105625617661,102.1129283431658,5.123105625617661,802.2223805320593,69.00183790085589,4407,0.06694403121044172,4340,67,0,0.9847969140004538,0.015203085999546177,0.0,True,2488.0,28.14169498849121,0.7945825763315959,2488,43,0.01698933227973133,,0.27792629762666365,0.34709207640227174,
147,185,35.344505410162014,34.80360194035368,1.0,24.7660229,2.0,764.4361719349937,47.36875802964262,3198,0.04857885450669223,3179,19,0,0.9940587867417136,0.0059412132582864294,0.0,True,2855.0,30.145890682723614,0.8594926312720254,2855,52,0.017887856897144824,,0.3090169943749474,0.39564392373895996,
146,214,35.93120876083818,36.60917168922732,1.0,24.7660229,2.0,148.4402251334154,86.77663244309966,3477,0.052816972207557496,3398,79,0,0.9772792637331033,0.02272073626689675,0.0,True,3065.0,31.23491317665728,0.8611731282043221,3067,225,0.06834750911300122,,0.3090169943749474,0.39564392373896,
146,240,35.93120876083818,35.04318616391138,1.8284271247461903,45.2828680424453,2.8284271247461903,165.07589991034138,59.47351941416897,3490,0.05301444722587738,3456,34,0,0.9902578796561604,0.009742120343839542,0.0,True,2493.0,28.16995822247861,0.7938062241276095,2569,751,0.22620481927710842,,0.2898979485566356,0.40937541449567943,
146,292,35.93120876083818,34.39586185030302,3.6855577202829677,91.27660689979977,4.685557720282968,179.4418743452933,29.46314801952668,4292,0.06519713681761195,4291,1,0,0.999767008387698,0.00023299161230195712,0.0,True,2189.0,26.396597145395802,0.7506809800553261,2189,0,0.0,,0.2801868778094689,0.35977525015625467,
146,298,35.93120876083818,39.55405973910419,1.0,24.7660229,2.0,154.3288033617,77.31855141867705,2579,0.03917600555746068,2097,221,314,0.8131058549825514,0.08569212873206669,0.12175261729352463,True,1967.0,25.022300975799894,0.6629717684800709,2013,156,0.07192254495159059,0.3761785115301142,0.28172904669025317,0.3827822185373187,0.09444946483986105
148,215,35.487634499010724,35.359086924968246,1.0,24.7660229,2.0,656.631800666278,77.19926932985145,3332,0.05061436623398952,3285,47,0,0.9858943577430972,0.014105642256902761,0.0,True,3457.0,33.17223653203631,0.9364508580014188,3466,0,0.0,,0.3090169943749474,0.41421356237309503,
148,271,35.487634499010724,34.47042952922482,1.0,24.7660229,2.0,635.4459269203833,68.37891898654784,2996,0.04551039652972167,2995,1,0,0.9996662216288384,0.0003337783711615487,0.0,True,3490.0,33.3301890600913,0.9528619616071424,3490,0,0.0,,0.30484544052339907,0.4142135623730951,
148,273,35.487634499010724,34.78052719934409,3.0,74.2980687,4.0,685.8769967871942,3.810899816672372,3468,0.05268025873333603,2458,1010,0,0.7087658592848904,0.29123414071510956,0.0,True,1962.0,24.990478120528174,0.7112887975583193,1972,0,0.0,,0.21089672205953397,0.3585701736362872,
149,158,35.74465067204574,35.59962931691158,1.0,24.7660229,2.0,419.7450397085048,73.23673616624711,3206,0.04870037759488908,3154,52,0,0.98378041172801,0.016219588271990017,0.0,True,2219.0,26.57686282166937,0.7450313557241853,2221,373,0.14379336931380107,,0.3090169943749474,0.40074581204539717,
147,188,35.344505410162014,35.18317993471944,1.0,24.7660229,2.0,757.8026828414077,29.206213523663504,3285,0.04990041809083301,3276,9,0,0.9972602739726028,0.0027397260273972603,0.0,True,2870.0,30.224979294409437,0.8571096342268664,2871,479,0.14298507462686566,,0.3090169943749474,0.4142135623730951,
147,220,35.344505410162014,34.98372744803911,4.977725364273731,123.27846036151405,5.977725364273731,824.6303038064639,18.907674041900417,5522,0.0838813116278782,5415,107,0,0.9806229626946759,0.019377037305324158,0.0,True,2095.0,25.823617321263136,0.7343741274810601,2095,0,0.0,,0.27429188517743175,0.3203772410170408,
147,285,35.344505410162014,33.08058234151455,5.741657386773941,142.19801832479757,6.741657386773941,778.8774763149532,75.3158838801356,4657,0.0707416277165934,4621,36,0,0.9922697015245866,0.007730298475413356,0.0,True,1500.0,21.850968611841584,0.638682954741441,1500,33,0.021526418786692758,,0.26968623182294527,0.3413922790993448,
148,195,35.487634499010724,34.80774032315204,1.0,24.7660229,2.0,637.8569713533958,72.11596547460292,3365,0.05111564897280155,3169,196,0,0.9417533432392273,0.05824665676077266,0.0,True,2298.0,27.045815174447064,0.769490602841769,2299,0,0.0,,0.3090169943749474,0.4051847154557396,
149,163,35.74465067204574,35.336222337852426,1.0,24.7660229,2.0,402.6445146839976,79.16159698477323,3219,0.04889785261320897,3090,121,8,0.9599254426840633,0.03758931345138242,0.0024852438645542093,True,2807.0,29.891400946056383,0.8410532870606116,2810,549,0.16344150044656147,0.40723843492381767,0.30383243470068705,0.40269974784927715,0.10340600022313062
149,187,35.74465067204574,35.627361444007356,7.555641990915946,187.1232025712259,8.555641990915946,439.9341872891773,40.88249276978321,6956,0.1056643251871642,6941,15,0,0.9978435882691202,0.002156411730879816,0.0,True,2246.0,26.7380628387472,0.7492590455561288,2246,0,0.0,,0.26968623182294527,0.16836049632869177,
149,270,35.74465067204574,33.86188563365206,3.414213562373095,84.55649127122264,4.414213562373095,394.19404152082353,65.81731551614796,4315,0.0655465156961779,4286,29,0,0.993279258400927,0.006720741599073001,0.0,True,2423.0,27.771655590247494,0.79796114170313,2426,0,0.0,,0.2801868778094689,0.28436465220442186,
150,312,35.73094320350623,32.17611391030266,2.449489742783178,60.66411906308329,3.449489742783178,147.70318980596284,78.46598103242087,3323,0.050477652759768066,2575,107,718,0.7749021968101113,0.03219981944026482,0.2160698164309359,True,1677.0,23.104235090784048,0.6804663925300867,2933,1035,0.2608366935483871,0.38742588672279304,0.2449655295864104,0.375,0.14246035713638264
151,176,35.37416518450705,36.11279874443177,2.0,49.5320458,3.0,769.7737290162672,2.013220468556915,4095,0.062204630770764435,3733,362,0,0.9115995115995116,0.0884004884004884,0.0,True,3211.0,31.970189935878576,0.8944341227768002,3211,596,0.1565537168374048,,0.2687959533979827,0.4,
151,220,35.37416518450705,34.98372744803911,1.0,24.7660229,2.0,833.524228460381,41.11598942160097,2925,0.0444318791219746,2908,17,0,0.9941880341880341,0.005811965811965812,0.0,True,3859.0,35.04793646968746,0.9962759019156573,3859,0,0.0,,0.3090169943749474,0.4211646096066227,
152,187,34.927458287016485,35.627361444007356,4.855156433186538,120.24291540738012,5.855156433186538,449.3855572047715,57.12571749799864,4686,0.07118214891130699,4678,8,0,0.9982927870251814,0.0017072129748186087,0.0,True,2873.0,30.240772195928308,0.8572276794474201,2873,614,0.17608259248637798,,0.27429188517743175,0.3930706450853866,
152,253,34.927458287016485,34.90291406680944,3.1815405503520555,78.79410612729761,4.1815405503520555,415.5490906517474,69.79319522924106,4252,0.06458952137662768,4197,55,0,0.9870649106302917,0.012935089369708372,0.0,True,2656.0,29.076297180076903,0.8327693580881743,2665,969,0.2666483214089158,,0.27792629762666365,0.4092698519760595,
153,231,35.458354207053766,34.6967805044918,3.414213562373095,84.55649127122264,4.414213562373095,454.1898409016567,54.30188783444926,4005,0.060837496028549834,3588,50,367,0.8958801498127341,0.012484394506866416,0.0916354556803995,True,1485.0,21.741439257393452,0.6198103487873545,1492,826,0.35634167385677307,0.3288130902060995,0.27429188517743175,0.328795094978005,0.05452120502866775
153,250,35.458354207053766,34.05750615556192,1.0,24.7660229,2.0,434.34026643024083,86.45547920622715,3007,0.04567749077599235,2928,79,0,0.9737279680744928,0.02627203192550715,0.0,True,1205.0,19.584775026828055,0.5634620624607957,1205,149,0.11004431314623338,,0.3090169943749474,0.40453726661826384,
154,169,35.028016119942805,35.30822230156813,1.0,24.7660229,2.0,795.1025588074638,88.97477735359544,3099,0.04707500629025616,2999,100,0,0.9677315262988061,0.032268473701193935,0.0,True,3458.0,33.17703402089385,0.9433838023031758,3458,0,0.0,,0.30484544052339907,0.4176890859898589,
154,273,35.028016119942805,34.78052719934409,3.16227766016838,78.31704094788851,4.16227766016838,759.385742099739,11.939047481060205,3639,0.05527781474354378,3631,8,0,0.9978015938444628,0.0021984061555372354,0.0,True,4109.0,36.16538845815424,1.0361307295223954,4109,0,0.0,,0.27792629762666365,0.3266316347104093,
152,270,34.927458287016485,33.86188563365206,1.414213562373095,35.02444547122265,2.414213562373095,403.6454114364177,46.11923215044536,2893,0.04394578676918718,2872,21,0,0.9927410992049776,0.007258900795022468,0.0,True,3284.0,32.33155836373447,0.9400164770003014,3286,0,0.0,,0.2989350844248255,0.36602540378443865,
152,303,34.927458287016485,33.48360220336032,6.348469228349534,157.22633428924988,7.348469228349534,417.43810174342025,72.92225753991097,5997,0.09109674498956638,1742,470,3785,0.29047857261964316,0.0783725195931299,0.631148907787227,False,13.0,2.0342144725641096,0.059470338801435686,539,1675,0.7565492321589883,0.330295985389095,0.1160661948397177,0.280957962249861,0.2142297905493773
153,194,35.458354207053766,35.331696866002474,1.0,24.7660229,2.0,423.07204384556394,75.15968804283428,3031,0.04604206004058291,2991,40,0,0.9868030353018805,0.013196964698119432,0.0,True,1880.0,24.462677409178383,0.6911332041258901,1880,0,0.0,,0.3090169943749474,0.41054588061380315,
153,217,35.458354207053766,34.87526049306788,1.0,24.7660229,2.0,456.7508300718904,45.94392289360722,3163,0.04804719099583099,2849,213,101,0.9007271577616187,0.06734113183686374,0.031931710401517543,True,1480.0,21.70480664627101,0.6171958241820172,1490,385,0.20533333333333334,0.40269974784927715,0.2989350844248255,0.3827822185373187,0.10376466342445162
154,321,35.028016119942805,30.892037604186815,1.0,24.7660229,2.0,827.8092560437588,17.73412443132232,2913,0.044249594489679314,2846,67,0,0.9769996567112942,0.023000343288705802,0.0,True,2918.0,30.4766836759563,0.9246559113406942,2923,0,0.0,,0.3090169943749474,0.4068781988545112,
155,207,35.11187031708458,35.45411309509949,1.0,24.7660229,2.0,571.8870115944972,58.192847516499896,3200,0.04860923527874144,2783,102,315,0.8696875,0.031875,0.0984375,True,2279.0,26.933774904622243,0.7633642614260457,2320,723,0.2375944791324351,0.40269974784927715,0.28989794855663564,0.4084566551111861,0.1128017992926415
156,326,37.75420907774324,29.75580728460447,1.0,24.7660229,2.0,175.560491833438,36.9405046107084,2715,0.04124189805680719,2553,162,0,0.9403314917127071,0.05966850828729282,0.0,True,9186.0,54.07397354073678,1.6019540937600898,9216,944,0.09291338582677165,,0.3090169943749474,0.39564392373895996,
156,344,37.75420907774324,25.58247381506699,9.954451150103322,246.53216514039022,10.954451150103322,204.6853897826578,87.03036002066159,7427,0.11281899700475395,4204,2275,1007,0.566042816749697,0.3063147973609802,0.13558637404066246,True,229.0,8.537737635702333,0.2695985089762732,734,848,0.5360303413400759,0.2898979485566356,0.2058200856669654,0.326291782126872,0.08407786288967017
157,168,35.54233431821664,35.33883511063576,2.1462643699419726,53.15443253543696,3.1462643699419726,885.9909583127046,43.049625139393896,4249,0.06454395021855387,4174,75,0,0.9823487879501059,0.017651212049894092,0.0,True,2698.0,29.305290869122373,0.8268850840148121,2698,893,0.24867724867724866,,0.28172904669025317,0.4,
157,169,35.54233431821664,35.30822230156813,1.0,24.7660229,2.0,826.7843713268882,23.403492915508895,3409,0.05178402595788424,3331,78,0,0.977119389850396,0.022880610149603988,0.0,True,2480.0,28.096414677602564,0.7931176837009277,2480,0,0.0,,0.3090169943749474,0.39782196186948,
157,179,35.54233431821664,35.20187737561034,1.0,24.7660229,2.0,864.285579529786,81.65485097715732,3287,0.04993079886288222,3221,66,0,0.9799209005171889,0.020079099482811075,0.0,True,3090.0,31.362039925807014,0.886631971009541,3090,0,0.0,,0.3090169943749474,0.41421356237309503,
157,190,35.54233431821664,35.50689644530491,1.0,24.7660229,2.0,864.8204338705204,80.8841794708081,3286,0.049915608476857616,3265,21,0,0.9936092513694461,0.006390748630553865,0.0,True,2169.0,26.275732970416676,0.7396486263974387,2172,1112,0.3386114494518879,,0.3090169943749474,0.3333333333333333,
144,249,35.41665866066437,34.713958406896815,1.0,24.7660229,2.0,872.1562324811221,49.29932472732933,3007,0.04567749077599235,2984,23,0,0.9923511805786498,0.007648819421350183,0.0,True,3039.0,31.10215015256244,0.886977798087811,3039,131,0.04132492113564669,,0.3090169943749474,0.392280956059262,
144,265,35.41665866066437,33.15799151000595,1.414213562373095,35.02444547122265,2.414213562373095,891.7748840199491,83.802939889529,3297,0.050082702723128286,3135,162,0,0.9508644222020018,0.04913557779799818,0.0,True,2000.0,25.2313252202016,0.7358790794384003,2000,0,0.0,,0.29339977411634566,0.4,
145,206,37.33892430877008,35.83547711957012,1.0,24.7660229,2.0,954.447030106101,89.20660137009152,3487,0.05296887606780356,3461,26,0,0.992543733868655,0.007456266131344996,0.0,True,3239.0,32.109277807968496,0.8776095787927465,3275,901,0.2157567049808429,,0.3090169943749474,0.44151844011225294,
145,310,37.33892430877008,50.5431073627362,1.0,24.7660229,2.0,983.305845363356,49.534316558077606,18650,0.28330069935891494,16859,1791,0,0.9039678284182305,0.09603217158176944,0.0,True,1604.0,22.595775212167435,0.5142296959321115,2281,0,0.0,,0.25,0.375,
159,200,35.318687646840374,34.895204238556275,1.0,24.7660229,2.0,568.7513265963855,6.206403507749958,3133,0.04759147941509279,2682,188,263,0.8560485157995531,0.06000638365783594,0.08394510054261091,True,2155.0,26.190796183508223,0.7460288977075058,2208,911,0.29208079512664314,0.41421356237309503,0.27429188517743175,0.38221731683849475,0.13992167719566329
159,212,35.318687646840374,35.043121362604076,1.0,24.7660229,2.0,624.4885233256682,54.88342698931278,2928,0.04447745028004842,2704,157,67,0.9234972677595629,0.05362021857923497,0.022882513661202187,True,718.0,15.117754405994354,0.42971477336420233,721,671,0.48204022988505746,0.40149162409079436,0.30433893761204306,0.39564392373895996,0.0971526864787513
159,235,35.318687646840374,34.65548399235406,1.0,24.7660229,2.0,615.2490357972142,70.99044499828308,4228,0.06422495211203713,3929,299,0,0.9292809839167455,0.0707190160832545,0.0,True,1472.0,21.646065519224038,0.618687295959342,1479,46,0.03016393442622951,,0.30484544052339907,0.38742588672279316,
159,236,35.318687646840374,34.965316634264894,1.0,24.7660229,2.0,593.6886450151928,73.3746390817676,3744,0.05687280527612748,3647,25,72,0.9740918803418803,0.006677350427350427,0.019230769230769232,True,1678.0,23.11112262561905,0.6576495708236734,1723,1292,0.4285240464344942,0.4176890859898589,0.3090169943749474,0.37406669614897287,0.10867209161491148
157,233,35.54233431821664,34.751821853173944,1.0,24.7660229,2.0,832.8920457142218,42.38797964749504,3166,0.04809276215390481,3159,7,0,0.9977890082122552,0.0022109917877447885,0.0,True,2292.0,27.010484244701136,0.7684987121502509,2292,509,0.18172081399500178,,0.3090169943749474,0.42480768092719207,
157,266,35.54233431821664,34.27490124916269,1.0,24.7660229,2.0,850.1442474563187,75.37711026177116,2980,0.04526735035332796,2925,55,0,0.9815436241610739,0.018456375838926176,0.0,True,2589.0,28.707216781322323,0.822353292794514,2591,0,0.0,,0.3090169943749474,0.3827822185373187,
158,193,35.59962931691158,34.54214176708087,1.0,24.7660229,2.0,463.18126827609865,24.386214924696294,2684,0.04077099609004438,2680,4,0,0.9985096870342772,0.0014903129657228018,0.0,True,2715.0,29.397471676812476,0.838230093779924,2715,0,0.0,,0.30484544052339907,0.3779320366654709,
159,167,35.318687646840374,35.38745138850615,1.0,24.7660229,2.0,585.6212733095401,59.28915617588947,3237,0.04917127956165189,3205,32,0,0.9901143033673154,0.009885696632684585,0.0,True,2492.0,28.16430784468183,0.7966580619146035,2492,0,0.0,,0.3090169943749474,0.34998009106459776,
159,278,35.318687646840374,34.35606324680414,1.0,24.7660229,2.0,620.1556015164488,62.681483958830974,2902,0.044082500243408644,2900,2,0,0.9993108201240524,0.0006891798759476223,0.0,True,1748.0,23.58825303088947,0.6770961568817351,1749,413,0.1910268270120259,,0.3090169943749474,0.35768015479763404,
160,191,35.231264795136774,35.41596078796825,1.0,24.7660229,2.0,548.5152136676365,74.8472385148722,2973,0.04516101765115572,2963,10,0,0.996636394214598,0.003363605785401951,0.0,True,3057.0,31.194123197548734,0.8830954914387656,3057,0,0.0,,0.3090169943749474,0.3127833595676174,
160,277,35.231264795136774,34.810958385132096,3.2426406871192857,80.30731351366796,4.242640687119286,565.5428811203972,45.17586432162096,4360,0.06623008306728521,4338,22,0,0.994954128440367,0.005045871559633028,0.0,True,2299.0,27.051699176512642,0.7724397641373895,2299,0,0.0,,0.28251472039463615,0.2961674292705856,
161,198,35.20714248479177,34.322388088097206,6.0710678118654755,150.35620445611326,7.0710678118654755,231.21618461166557,43.21031365196763,5632,0.08555225409058494,3039,1373,1285,0.5395951704545454,0.24378551136363635,0.22816051136363635,True,528.0,12.964089628857149,0.3729088783439053,1132,1265,0.5277430120984564,0.3761785115301142,0.17491720310721423,0.349586663902989,0.2012613084229
161,216,35.20714248479177,34.13615312146232,7.3484692283495345,181.9923571892499,8.348469228349535,295.7820299501933,20.87488486486819,6515,0.09896536495031265,4564,700,1251,0.7005372217958558,0.10744435917114352,0.19201841903300076,True,720.0,15.138795132120961,0.4366332750633095,1296,713,0.3549029367844699,0.3773704777366128,0.21822796141133347,0.3606449097327238,0.15914251632527934
161,238,35.20714248479177,35.07329284310676,1.0,24.7660229,2.0,226.33541589340422,24.991014186796146,2423,0.03680630533762203,1561,0,911,0.6442426743706149,0.0,0.37598018984729675,True,1018.0,18.00109619259613,0.5122647891581973,1608,2063,0.5619722146554073,0.3816524151396708,0.25,,0.1316524151396708
162,174,35.147529086805264,35.35087436343262,1.0,24.7660229,2.0,313.1139446754894,76.2992513457542,3259,0.04950546805419324,3155,103,1,0.9680883706658484,0.03160478674440012,0.0003068425897514575,True,1929.0,24.7794223187009,0.702978254995285,1939,540,0.21782977006857604,0.40149162409079436,0.3090169943749474,0.4,0.09247462971584697
162,209,35.147529086805264,35.23004664088869,1.0,24.7660229,2.0,314.457784551229,73.99801109655077,3224,0.048973804543332,3037,187,0,0.9419975186104218,0.05800248138957816,0.0,True,1812.0,24.016192740836935,0.6824955958631134,1928,101,0.04977821586988664,,0.3090169943749474,0.3761785115301142,
162,211,35.147529086805264,34.91564742455185,1.0,24.7660229,2.0,296.7910219662871,77.01408882388696,3231,0.049080137245504245,3209,22,0,0.993190962550294,0.006809037449705973,0.0,True,2932.0,30.549706811864404,0.8720617115300889,2932,171,0.05510796003867225,,0.3090169943749474,0.42705098312484235,
162,216,35.147529086805264,34.13615312146232,1.0,24.7660229,2.0,318.5325022058489,66.79652003951577,2957,0.04491797147476201,2869,88,0,0.9702401082177883,0.029759891782211702,0.0,True,2593.0,28.729384519591946,0.8293261444514762,2593,352,0.11952461799660441,,0.3090169943749474,0.4013498739246386,
163,201,35.336222337852426,35.04571322798481,1.0,24.7660229,2.0,408.65826991387416,68.88704295525625,2991,0.04543444459959864,2966,23,2,0.9916415914409896,0.007689735874289535,0.0006686726847208291,True,3165.0,31.7403653062106,0.9019463602708047,3165,744,0.1903300076745971,0.2503225036292902,0.3090169943749474,0.4364916731037084,-0.05869449074565719
163,209,35.336222337852426,35.23004664088869,2.863703305156273,70.92254163430594,3.863703305156273,360.03252597885006,16.003593794343978,3927,0.05965264591863051,3882,45,0,0.988540870893812,0.01145912910618793,0.0,True,3121.0,31.518965001719373,0.8933153320381674,3121,439,0.12331460674157303,,0.28172904669025317,0.2742918851774318,
163,253,35.336222337852426,34.90291406680944,1.0,24.7660229,2.0,399.35636588334273,84.36954563633564,3304,0.05018903542530054,3256,44,4,0.9854721549636803,0.013317191283292978,0.0012106537530266344,True,2088.0,25.780439141949365,0.7340761991554977,2089,991,0.32175324675324674,0.28309473351442227,0.3090169943749474,0.41421356237309503,-0.025922260860525126
163,270,35.336222337852426,33.86188563365206,2.6502815398728847,65.63693330793913,3.6502815398728847,387.45268666801303,76.5591437939054,3634,0.055201862813420745,3392,242,0,0.9334067143643369,0.06659328563566318,0.0,True,2282.0,26.951496438443087,0.7789662818394286,2283,0,0.0,,0.27669677546737487,0.35678917232533097,
164,180,35.28318240515082,35.45829091433329,1.0,24.7660229,2.0,395.42530320035166,21.46477944124128,3153,0.04789528713558493,2624,529,0,0.8322232794164288,0.1677767205835712,0.0,True,2472.0,28.05106127486678,0.7930584410698375,2472,0,0.0,,0.27255253487409603,0.41421356237309503,
164,197,35.28318240515082,35.54069640230208,1.0,24.7660229,2.0,414.3224732489084,66.3127798410416,3142,0.04772819288931425,2976,56,110,0.9471674092934437,0.01782304264799491,0.03500954805856143,True,2228.0,26.63070457981699,0.752026153558102,2252,573,0.20283185840707965,0.41421356237309503,0.30484544052339907,0.3660254037844387,0.10936812184969597
164,199,35.28318240515082,35.93835731265675,3.6855577202829677,91.27660689979977,4.685557720282968,460.2440136483906,33.62579848943645,4653,0.07068086617249497,4649,4,0,0.9991403395658714,0.0008596604341285192,0.0,True,3977.0,35.57974729186445,0.99912884312352,3977,165,0.03983582810236601,,0.27792629762666365,0.31339216579491175,
165,241,35.19744575829755,35.33832533165019,2.0,49.5320458,3.0,761.1464396524577,18.49631811894091,3707,0.05631076099321704,3628,79,0,0.9786889668195307,0.021311033180469383,0.0,True,2869.0,30.219713159811683,0.856862062832638,2869,0,0.0,,0.2843646522044218,0.3443593434156103,
165,252,35.19744575829755,34.67978407640629,5.81864367245563,144.10466243897622,6.81864367245563,787.775115843011,77.9193885000522,5812,0.08828652357501414,5541,271,0,0.9533723331039229,0.04662766689607708,0.0,True,1773.0,23.756334485855785,0.6799449417800886,1773,0,0.0,,0.26533119314590375,0.3863017073507673,
165,266,35.19744575829755,34.27490124916269,1.0,24.7660229,2.0,818.4981052731492,51.37464770689567,2635,0.04002666717483865,2531,104,0,0.9605313092979127,0.039468690702087285,0.0,True,1933.0,24.8051004834342,0.7140999707630584,1933,0,0.0,,0.28989794855663564,0.37268226712382524,
166,172,36.25550757246598,35.05121966936993,1.0,24.7660229,2.0,722.8811395823598,14.92122507156845,3459,0.052543545259114574,3394,65,0,0.9812084417461694,0.01879155825383059,0.0,True,3066.0,31.240008179248324,0.8762148926930333,3066,44,0.01414790996784566,,0.3090169943749474,0.4142135623730951,
166,241,36.25550757246598,35.33832533165019,1.0,24.7660229,2.0,742.067569912075,64.41783420301734,3555,0.05400182231747682,3341,214,0,0.939803094233474,0.06019690576652602,0.0,True,2591.0,28.718302789374615,0.802256329196296,2591,332,0.11358193636674649,,0.2989350844248255,0.4013498739246386,
166,263,36.25550757246598,35.13057924141201,6.0710678118654755,150.35620445611326,7.0710678118654755,749.7998965177412,78.36843904364923,6238,0.09475762802149659,3802,972,1464,0.6094902212247515,0.15581917281179866,0.23469060596344982,True,1064.0,18.403307281560924,0.5155992743948301,1071,1009,0.48509615384615384,0.32915323412154973,0.20856217852254144,0.3349959365532835,0.12059105559900829
166,313,36.25550757246598,31.530822147961786,1.0,24.7660229,2.0,741.954148083489,63.99871379377518,2800,0.04253308086889876,2798,2,0,0.9992857142857143,0.0007142857142857143,0.0,True,1906.0,24.631253379929838,0.7267321739211108,1909,422,0.18103818103818103,,0.3090169943749474,0.4318516525781366,
167,193,35.38745138850615,34.54214176708087,4.841619252963779,119.90765329198184,5.841619252963779,531.8487161979508,20.189722346158437,5030,0.0764076417037717,4903,127,0,0.974751491053678,0.02524850894632207,0.0,True,2567.0,28.58498693079622,0.8175362000804784,2567,0,0.0,,0.2798057840438667,0.23371479611805132,
167,200,35.38745138850615,34.895204238556275,3.4721359549995796,85.99099857343296,4.47213595499958,550.569159010751,63.86329418968045,3074,0.046695246639640996,2943,131,0,0.9573845152895251,0.04261548471047495,0.0,True,2789.0,29.79540690386007,0.8478736791609596,2789,0,0.0,,0.2791745113185196,0.28989794855663564,
167,234,35.38745138850615,34.16869670636365,1.0,24.7660229,2.0,558.1803306044887,74.77046646311237,3348,0.05085741241038323,3272,76,0,0.977299880525687,0.022700119474313024,0.0,True,3368.0,32.74244487919323,0.9414680305336859,3369,0,0.0,,0.30484544052339907,0.40361850723377046,
167,278,35.38745138850615,34.35606324680414,1.0,24.7660229,2.0,601.9734339308143,9.450258602911138,3434,0.05216378560849941,3056,378,0,0.8899242865463017,0.1100757134536983,0.0,True,2241.0,26.708284387767684,0.7659001565213809,2241,0,0.0,,0.28989794855663564,0.4142135623730951,
168,213,35.33883511063576,34.433823664620476,1.0,24.7660229,2.0,935.4904717515628,49.94860892744455,3109,0.047226910150502226,3090,19,0,0.9938887101962046,0.006111289803795433,0.0,True,2356.0,27.384997568906428,0.7849778996416309,2381,0,0.0,,0.3090169943749474,0.31339216579491175,
168,239,35.33883511063576,34.780987678636315,3.8989794855663558,96.56221522616659,4.898979485566356,909.2547092138518,84.47463358383422,4798,0.07288347214606294,4676,122,0,0.9745727386411005,0.02542726135889954,0.0,True,2064.0,25.631847476983474,0.7310870580495819,2064,0,0.0,,0.27429188517743175,0.41421356237309503,
168,242,35.33883511063576,35.17694303615556,1.0,24.7660229,2.0,932.3258228215507,56.1519500441569,3571,0.05424486849387052,3539,32,0,0.9910389246709606,0.008961075329039486,0.0,True,2792.0,29.811427376513585,0.8455250203565993,2808,0,0.0,,0.3090169943749474,0.4270509831248423,
168,307,35.33883511063576,34.3637473125066,1.0,24.7660229,2.0,934.3573742885536,51.83451134161387,3504,0.053227112630221875,3349,155,0,0.9557648401826484,0.0442351598173516,0.0,True,1950.0,24.913937425834398,0.7148641143477226,2019,0,0.0,,0.2989350844248255,0.4,
170,285,35.48940368060842,33.08058234151455,1.7320508075688772,42.89600996421431,2.732050807568877,792.5287565496349,48.7083423924547,3690,0.05605252443079872,3654,36,0,0.9902439024390244,0.00975609756097561,0.0,True,2990.0,30.85038994388133,0.899821969744254,2994,0,0.0,,0.2857142857142857,0.4195106216501436,
171,173,35.0693463099394,35.37359282714499,1.0,24.7660229,2.0,833.5057247316674,24.589544479867392,3059,0.04646739084927189,3058,1,0,0.9996730957829356,0.00032690421706440013,0.0,True,2866.0,30.203909247028673,0.8575425618812079,2868,0,0.0,,0.3090169943749474,0.30901699437494745,
171,233,35.0693463099394,34.751821853173944,1.0,24.7660229,2.0,804.0195196787533,85.65057249368222,3146,0.047788954433412675,3073,73,0,0.9767959313413859,0.023204068658614112,0.0,True,2769.0,29.688382826333207,0.8504120915587212,2770,0,0.0,,0.3090169943749474,0.41421356237309503,
171,290,35.0693463099394,34.86976378144478,1.0,24.7660229,2.0,768.0624199526187,10.01937514240987,3189,0.04844214103247076,2800,389,0,0.8780181875195986,0.12198181248040138,0.0,True,4648.0,38.46432569254606,1.0999375211462548,4648,0,0.0,,0.2898979485566356,0.4,
169,233,35.30822230156813,34.751821853173944,6.4031242374328485,158.57992149580696,7.4031242374328485,800.5727711163893,80.79354452181107,8014,0.1217357536011981,7742,272,0,0.9660593960569004,0.03394060394309958,0.0,True,2071.0,25.67527554451228,0.732950595572082,2071,0,0.0,,0.26618329551788555,0.316781378199043,
169,252,35.30822230156813,34.67978407640629,6.082762530298219,150.64583612062765,7.082762530298219,787.1019834283479,79.11987800750462,4916,0.07467593769696654,4871,45,0,0.9908462164361269,0.009153783563873067,0.0,True,1900.0,24.592453796829673,0.7027619464974229,1900,0,0.0,,0.27149702790318514,0.3443593434156103,
169,266,35.30822230156813,34.27490124916269,1.0,24.7660229,2.0,817.8249728584861,48.051727868613035,3212,0.04879151991103672,3190,22,0,0.9931506849315068,0.00684931506849315,0.0,True,2839.0,30.061300152784174,0.8640399746029638,2839,0,0.0,,0.30484544052339907,0.3660254037844387,
170,249,35.48940368060842,34.713958406896815,1.0,24.7660229,2.0,832.3228610749877,61.80047340587778,3691,0.05606771481682333,3634,57,0,0.9845570306150094,0.015442969384990518,0.0,True,2922.0,30.497565270510307,0.8688348923373928,2923,408,0.12248574001801261,,0.3090169943749474,0.4211646096066227,
172,181,35.05121966936993,35.12361410898351,3.6855577202829677,91.27660689979977,4.685557720282968,655.4193039710904,29.382119983079107,4321,0.06563765801232554,4274,47,0,0.9891228882203194,0.01087711177968063,0.0,True,2737.0,29.516337145469713,0.8412228588583989,2737,0,0.0,,0.2791745113185196,0.3443593434156103,
172,192,35.05121966936993,34.87382104559448,1.0,24.7660229,2.0,674.9364566654029,68.17831358031324,3081,0.04680157934181324,3070,11,0,0.9964297306069458,0.0035702693930542034,0.0,True,2768.0,29.683021493047715,0.8489954725673934,2768,164,0.05593451568894952,,0.3090169943749474,0.3333333333333333,
172,241,35.05121966936993,35.33832533165019,6.834654549917682,169.2672110968505,7.834654549917682,707.2950874168184,60.83249043315293,6238,0.09475762802149659,6209,29,0,0.9953510740621995,0.004648925937800577,0.0,True,3028.0,31.045810270703488,0.8821142477978388,3030,425,0.12301013024602026,,0.26747889038858924,0.29534630882855156,
172,313,35.05121966936993,31.530822147961786,1.0,24.7660229,2.0,707.1816655882324,50.3236689945138,4721,0.07171381242216823,4654,67,0,0.9858080915060369,0.014191908493963143,0.0,True,1831.0,24.141777101168852,0.7251738289252824,1832,554,0.23218776194467727,,0.3090169943749474,0.40453726661826384,
174,209,35.35087436343262,35.23004664088869,3.16227766016838,78.31704094788851,4.16227766016838,322.8180522507734,87.95442577851755,4609,0.07001248918741228,4190,413,6,0.9090909090909091,0.08960729008461706,0.0013018008244738556,True,1813.0,24.022818811521944,0.6807170682868009,1816,458,0.20140721196130168,0.3990645096332537,0.2687959533979827,0.36602540378443865,0.130268556235271
174,232,35.35087436343262,34.98541792920483,1.0,24.7660229,2.0,288.9218806760044,23.808178148633253,3243,0.04926242187779953,2595,419,229,0.8001850138760407,0.12920135676842429,0.070613629355535,True,1338.0,20.637311542783667,0.5868182945134829,1346,1169,0.4648111332007952,0.407669683062202,0.2612038749637414,0.41421356237309503,0.1464658080984606
175,205,35.391200234235704,37.513789293482084,1.0,24.7660229,2.0,307.47698386784316,71.4184914731726,3475,0.05278659143550828,3406,69,0,0.9801438848920864,0.019856115107913668,0.0,True,2761.0,29.64546501159066,0.8132629934833125,2761,1,0.0003620564808110065,,0.3090169943749474,0.37268226712382524,
175,244,35.391200234235704,34.63983975967772,9.348469228349535,231.5244029892499,10.348469228349535,340.2999679678428,58.72914823640404,7041,0.10695550799925577,6530,136,375,0.9274250816645363,0.019315438147990343,0.05325948018747337,True,1505.0,21.887356594769614,0.625075869119519,1505,352,0.18955304254173397,0.35434772234002576,0.2603471070980069,0.22313391788877474,0.09400061524201886
175,275,35.391200234235704,34.78394761156285,1.0,24.7660229,2.0,327.95890787595516,75.62518917896249,3259,0.04950546805419324,3230,29,0,0.9911015648972077,0.008898435102792267,0.0,True,2224.0,26.60678836073137,0.7582966100533649,2226,467,0.1734125510582993,,0.3090169943749474,0.4142135623730951,
175,293,35.391200234235704,34.40796497310431,2.449489742783178,60.66411906308329,3.449489742783178,351.95546017408907,25.67944608993833,4243,0.06445280790240622,4237,6,0,0.9985859061984445,0.0014140938015555031,0.0,True,2354.0,27.37337158766971,0.7843466753894973,2354,244,0.0939183987682833,,0.28436465220442186,0.36985650624847005,
176,185,36.11279874443177,34.80360194035368,2.6502815398728847,65.63693330793913,3.6502815398728847,736.744875999966,84.59344770569199,3840,0.05833108233448973,3840,0,0,1.0,0.0,0.0,True,2513.0,28.28272872231154,0.7976357640604107,2513,6,0.0023818975784041284,,0.28172904669025317,,
176,188,36.11279874443177,35.18317993471944,1.0,24.7660229,2.0,730.11138690638,85.0465328897542,3305,0.050204225811325144,3299,6,0,0.9981845688350983,0.001815431164901664,0.0,True,2625.0,28.90611442640554,0.8108764326383653,2627,934,0.2622858747542825,,0.3090169943749474,0.43527475158080403,
173,190,35.37359282714499,35.50689644530491,6.211102550927978,153.82430801053073,7.211102550927978,868.0950387129355,86.46923518838413,5233,0.07949129006676686,5213,20,0,0.9961781005159565,0.0038218994840435697,0.0,True,2074.0,25.69386510327284,0.724991189169447,2074,697,0.25153374233128833,,0.2708131845707603,0.35009919015034835,
173,204,35.37359282714499,35.89869627857463,2.6502815398728847,65.63693330793913,3.6502815398728847,897.601201138384,31.608773875399564,4156,0.06313124431826544,4134,22,0,0.9947064485081809,0.0052935514918190565,0.0,True,2527.0,28.36140127684877,0.7958605408275784,2527,282,0.10039159843360626,,0.2785504044725916,0.4049287430560275,
173,251,35.37359282714499,34.78953722195827,7.0990195135927845,175.81447984118574,8.099019513592784,891.0513362379912,49.23575880873488,7941,0.12062685542140181,7754,187,0,0.9764513285480418,0.023548671451958193,0.0,True,1670.0,23.055964736417568,0.6572102675659419,1670,401,0.19362626750362144,,0.26968623182294527,0.26342817331279195,
174,175,35.35087436343262,35.391200234235704,3.0,74.2980687,4.0,320.3518575931307,88.27568832065629,4424,0.06720226777286004,4204,143,77,0.9502712477396021,0.032323688969258586,0.01740506329113924,True,1710.0,23.330450175131254,0.6595919135201679,1710,450,0.20833333333333334,0.3771527433992079,0.2708131845707603,0.4,0.10633955882844759
176,269,36.11279874443177,34.668201091866024,1.0,24.7660229,2.0,716.6689498334508,61.49566300465344,3972,0.06033621328973781,3924,48,0,0.9879154078549849,0.012084592145015106,0.0,True,3175.0,31.790468518622614,0.8982768989459762,3180,138,0.04159132007233273,,0.3090169943749474,0.42063227274896864,
177,210,34.696185580155735,34.63884494515007,1.0,24.7660229,2.0,941.4665628384671,84.8969660742594,2952,0.04484201954463898,2938,14,0,0.9952574525745257,0.0047425474254742545,0.0,True,2548.0,28.479002615897535,0.8214895818212212,2548,78,0.0297029702970297,,0.3090169943749474,0.41421356237309503,
177,246,34.696185580155735,35.20508799540666,7.694323451653613,190.55779080366042,8.694323451653613,917.2594580427594,46.64255677913016,5633,0.08556744447660954,5566,67,0,0.9881058050772235,0.011894194922776496,0.0,True,1597.0,22.54641630582372,0.6450931478795255,1597,138,0.07953890489913544,,0.26968623182294527,0.27429188517743175,
177,296,34.696185580155735,34.09156944159394,9.273618495495704,229.67064802531016,10.273618495495704,950.8816912971809,80.8824208151899,5875,0.08924351789456436,5390,485,0,0.9174468085106383,0.0825531914893617,0.0,True,1811.0,24.00956484151358,0.6980767095516378,1813,0,0.0,,0.2588283628687876,0.3355818449734017,
178,183,35.175270914247015,35.20123518136818,1.0,24.7660229,2.0,695.7589237280471,62.39972961957687,3320,0.05043208160169424,3248,53,19,0.9783132530120482,0.015963855421686747,0.00572289156626506,True,1342.0,20.6681365211924,0.5873589829285409,1369,1218,0.47081561654425974,0.38742588672279316,0.3090169943749474,0.4,0.07840889234784576
178,192,35.175270914247015,34.87382104559448,2.6502815398728847,65.63693330793913,3.6502815398728847,686.981025031443,47.81472642472569,3308,0.05024979696939896,2855,52,401,0.8630592503022975,0.015719467956469165,0.12122128174123338,True,1178.0,19.364117483750853,0.552872762286544,1178,617,0.34373259052924793,0.3704152082810797,0.2588283628687876,0.30151542232194134,0.11158684541229213
178,247,35.175270914247015,34.88546407737195,1.0,24.7660229,2.0,730.3833202860543,59.13407017883524,3339,0.05072069893616177,3299,40,0,0.988020365378856,0.011979634621144056,0.0,True,2185.0,26.372468623767148,0.7528459022567193,2185,1000,0.3139717425431711,,0.3090169943749474,0.4364916731037084,
178,313,35.175270914247015,31.530822147961786,6.032065437739018,149.39027076534305,7.032065437739018,719.2262339542724,79.45684569564726,5078,0.07713678023295283,4858,74,146,0.956675856636471,0.0145726664040961,0.028751476959432847,True,1192.0,19.47884453275087,0.5840199489598433,1192,855,0.4176844162188569,0.35959728474145486,0.2687959533979827,0.23786183184800958,0.09080133134347218
179,321,35.20187737561034,30.892037604186815,1.0,24.7660229,2.0,864.6730021682483,80.366218225652,4374,0.0664427484716297,4372,2,0,0.9995427526291724,0.0004572473708276177,0.0,True,3329.0,32.552321132383774,0.9850323177960938,3331,0,0.0,,0.3090169943749474,0.4095305641066689,
180,197,35.45829091433329,35.54069640230208,7.547442467302883,186.92013298165568,8.547442467302883,381.10922197045977,61.45271916692185,8033,0.12202437093566562,7881,152,0,0.9810780530312461,0.01892194696875389,0.0,True,2059.0,25.600782325007668,0.7211590838848286,2059,204,0.0901458241272647,,0.27195617308673,0.19596912894928778,
181,183,35.12361410898351,35.20123518136818,6.483314773547883,160.56592214959517,7.483314773547883,651.0250022459943,43.73863241105832,6427,0.09762861098014726,6383,44,0,0.9931538820600592,0.006846117939940875,0.0,True,2423.0,27.771655590247494,0.7898105966949484,2423,515,0.17528931245745405,,0.26968623182294527,0.2739852323582511,
181,192,35.12361410898351,34.87382104559448,1.0,24.7660229,2.0,642.2471035493902,57.477892551926324,2901,0.04406730985738404,2900,1,0,0.9996552912788693,0.0003447087211306446,0.0,True,1817.0,24.049304838101822,0.6871481729292745,1818,331,0.15402512796649603,,0.3090169943749474,0.37268226712382524,
181,235,35.12361410898351,34.65548399235406,8.657737169873558,214.41771701126973,9.657737169873558,624.7122907771657,87.1443743180601,7625,0.11582669343762608,5884,108,1633,0.771672131147541,0.014163934426229508,0.2141639344262295,True,623.0,14.082153922340915,0.4036209783591622,640,1386,0.684106614017769,0.3378231277605953,0.24025307335204216,0.280958012959682,0.09757005440855315
182,219,34.466946605435474,35.16607140079059,5.414213562373095,134.08853707122265,6.414213562373095,258.21604332665936,87.39951160534672,4866,0.0739164183957362,1623,48,3215,0.33353884093711467,0.009864364981504316,0.6607069461570078,True,39.0,3.523362819972964,0.10119805003017192,903,1792,0.6649350649350649,0.33333333333333337,0.12973190755680383,0.2556477130347316,0.20360142577652954
182,304,34.466946605435474,34.193353041643185,1.0,24.7660229,2.0,249.31052920132856,77.68957469938218,2654,0.04031528450930618,1363,334,961,0.5135644310474755,0.12584777694046723,0.36209495101733236,True,191.0,7.797255174810172,0.22712557955292664,735,548,0.4271239282930631,0.3827822185373187,0.21712927295533246,0.3483314773547883,0.16565294558198623
183,212,35.20123518136818,35.043121362604076,2.1462643699419726,53.15443253543696,3.1462643699419726,662.2468296965365,62.388169607450486,3710,0.05635633215129086,3697,13,0,0.9964959568733154,0.003504043126684636,0.0,True,1345.0,20.691225118808177,0.5891213511467125,1346,962,0.4168110918544194,,0.28989794855663564,0.31339216579491175,
183,235,35.20123518136818,34.65548399235406,3.7320508075688767,92.42805576421429,4.732050807568877,653.0073421680825,45.364501483067954,4400,0.06683769850826948,4340,60,0,0.9863636363636363,0.013636363636363636,0.0,True,1400.0,21.11004122822376,0.6043811240469664,1400,776,0.35661764705882354,,0.2791745113185196,0.29339977411634566,
183,241,35.20123518136818,35.33832533165019,1.414213562373095,35.02444547122265,2.414213562373095,702.9007856917224,49.47838481645954,3350,0.050887793182432445,3195,124,31,0.9537313432835821,0.037014925373134326,0.009253731343283582,True,2570.0,28.60168539601018,0.8109402777107356,2570,206,0.07420749279538905,0.27429188517743175,0.29339977411634566,0.3516287047744073,-0.01910788893891391
183,247,35.20123518136818,34.88546407737195,1.0,24.7660229,2.0,713.9444501949182,10.616820773539438,3265,0.049596610370340875,2660,148,457,0.8147013782542113,0.04532924961715161,0.13996937212863705,True,1131.0,18.97388946088459,0.5414405204285164,1133,775,0.4061844863731656,0.4142135623730951,0.27429188517743175,0.38742588672279316,0.13992167719566334
184,229,34.44502822434067,34.36044493346854,1.0,24.7660229,2.0,173.95462528652598,66.82722437153883,2640,0.040102619104961684,2610,29,1,0.9886363636363636,0.010984848484848484,0.0003787878787878788,True,3461.0,33.191422326891924,0.9647901773966595,3542,1295,0.26772793053545585,0.3333333333333333,0.3090169943749474,0.34514099850039526,0.02431633895838592
186,287,34.98808335608436,31.941197609833058,1.0,24.7660229,2.0,346.51957846407686,18.560237476237706,2714,0.041226707670782584,2714,0,0,1.0,0.0,0.0,True,2708.0,29.35954992478095,0.8773305047078511,2708,0,0.0,,0.3090169943749474,,
188,256,35.18317993471944,33.97256561883531,1.0,24.7660229,2.0,704.8757768554583,51.33310486085981,2961,0.04497873301886044,2659,61,241,0.8980074299223235,0.020601148260722728,0.08139142181695373,True,1751.0,23.608485989317856,0.6827628218116818,1753,800,0.3133568350959655,0.392280956059262,0.28989794855663564,0.3660254037844387,0.10238300750262636
189,259,33.679840597075454,35.395138843627386,8.486832980505138,210.1850999436655,9.486832980505138,354.56816698782836,85.84217214603338,7351,0.11166452766688385,5627,146,1578,0.7654740851584818,0.019861243368249216,0.21466467147326895,True,1404.0,21.14017691983778,0.6120936145333344,1415,677,0.32361376673040154,0.29804419244398805,0.2576674052298064,0.27536351313807106,0.04037678721418164
189,297,33.679840597075454,34.0288045111776,1.0,24.7660229,2.0,385.54060027738535,38.02541538794887,2788,0.042350796236603476,2788,0,0,1.0,0.0,0.0,True,2320.0,27.17496892263898,0.8027030781428708,2366,940,0.28433151845130067,,0.2989350844248255,,
184,289,34.44502822434067,31.501018250593212,1.0,24.7660229,2.0,221.09665027687757,5.859322648219174,2317,0.03519612441901372,2208,109,0,0.9529564091497627,0.04704359085023738,0.0,True,3498.0,33.36836798332966,1.0119899453263812,3499,118,0.03262372131600774,,0.3090169943749474,0.37406669614897287,
184,292,34.44502822434067,34.39586185030302,2.4641016151377544,61.02599702842861,3.4641016151377544,200.12288985203972,70.12709078473385,3339,0.05072069893616177,3312,27,0,0.9919137466307277,0.008086253369272238,0.0,True,2542.0,28.44545184522819,0.826411506718899,2542,0,0.0,,0.2843646522044218,0.392280956059262,
184,299,34.44502822434067,34.61933503375797,11.36931687685298,281.5727621294974,12.36931687685298,206.48648194665523,61.874548252702674,9511,0.14447576148003433,6395,112,3198,0.672379350226054,0.011775838502786247,0.3362422458206287,True,1069.0,18.44649745427224,0.5341827994659507,1780,1266,0.4156270518713066,0.3284988624195374,0.22241846975351037,0.16845630949969403,0.10608039266602703
186,244,34.98808335608436,34.63983975967772,1.0,24.7660229,2.0,369.86789766873864,75.96213086876897,3076,0.04672562741169021,2912,164,0,0.9466840052015605,0.053315994798439535,0.0,True,1590.0,22.496949104983706,0.6462048011278664,1597,0,0.0,,0.3090169943749474,0.4,
189,303,33.679840597075454,33.48360220336032,2.449489742783178,60.66411906308329,3.449489742783178,382.0209715090531,48.771967818052296,2827,0.04294322129156314,2815,12,0,0.9957552175451008,0.004244782454899187,0.0,True,1645.0,22.88273940708008,0.6814045990784621,1714,1174,0.40650969529085873,,0.2843646522044218,0.29164886133649065,
190,204,35.50689644530491,35.89869627857463,1.0,24.7660229,2.0,900.0433842417685,34.050047942960994,3438,0.05222454715259783,3437,1,0,0.9997091332169866,0.00029086678301337986,0.0,True,2592.0,28.723844188903154,0.80452645495084,2592,602,0.18847839699436444,,0.3090169943749474,0.37406669614897287,
191,199,35.41596078796825,35.93835731265675,2.863703305156273,70.92254163430594,3.863703305156273,524.9025301899592,27.986025819886308,4244,0.06446799828843083,3476,82,686,0.819038642789821,0.01932139491046183,0.16163996229971725,True,1882.0,24.47568601281472,0.6860323709715428,1890,689,0.26715781310585496,0.35922570293119094,0.2553967929896867,0.3167583971073936,0.10382890994150423
191,200,35.41596078796825,34.895204238556275,2.449489742783178,60.66411906308329,3.449489742783178,545.8273999297671,70.82413627749975,3928,0.059667836304655116,3910,18,0,0.995417515274949,0.004582484725050916,0.0,True,2294.0,27.022266353983262,0.768647947841264,2294,595,0.20595361716857044,,0.28330039409901914,0.41054588061380315,
191,235,35.41596078796825,34.65548399235406,1.0,24.7660229,2.0,592.3251091305958,11.64332084693797,3171,0.04816871408402784,2464,67,640,0.7770419426048565,0.021128981393882057,0.20182907600126143,True,1282.0,20.2008235992402,0.576577910233501,1509,1312,0.46508330379298124,0.41421356237309503,0.2553967929896867,0.38742588672279304,0.15881676938340833
191,264,35.41596078796825,35.10451031227921,2.0,49.5320458,3.0,549.5005052506611,76.6534583757615,4214,0.06401228670769263,4205,8,1,0.9978642619838634,0.0018984337921214998,0.00023730422401518748,True,1515.0,21.95995167500245,0.6227965109247658,1518,785,0.340859748154581,0.46190128606001807,0.28989794855663564,0.37832620756983537,0.17200333750338243
191,277,35.41596078796825,34.810958385132096,1.414213562373095,35.02444547122265,2.414213562373095,574.9832550146983,62.066288386654406,3040,0.046178773514804365,2999,40,1,0.9865131578947368,0.013157894736842105,0.0003289473684210526,True,1861.0,24.338748903508463,0.6931458531881932,1865,373,0.16666666666666666,0.29339977411634566,0.29339977411634566,0.35995738582448084,0.0
192,235,34.87382104559448,34.65548399235406,7.639192214932638,189.19240933252343,8.639192214932638,644.2294434714784,63.67705307222911,6182,0.09390696640411862,5524,526,132,0.8935619540601747,0.08508573277256551,0.021352313167259787,True,947.0,17.362012044001403,0.49941566464745635,948,702,0.4254545454545455,0.1986818038203026,0.26675650430010106,0.33644036632125995,-0.06807470047979847
192,277,34.87382104559448,34.810958385132096,2.0,49.5320458,3.0,626.8875893555809,16.589536949228776,3234,0.049125708403578064,2117,785,332,0.6546072974644404,0.24273345701917132,0.10265924551638837,True,24.0,2.763953195770684,0.07932731418109233,993,318,0.2425629290617849,0.4,0.21712927295533246,0.3704152082810797,0.18287072704466756
192,313,34.87382104559448,31.530822147961786,1.0,24.7660229,2.0,694.0094651665322,20.070770097319325,2360,0.03584931101807181,2188,162,10,0.9271186440677966,0.06864406779661017,0.00423728813559322,True,1702.0,23.275812043510143,0.7010296546783875,1710,137,0.07417433676231727,0.40159157058344286,0.30383243470068705,0.40269974784927715,0.09775913588275581
193,200,34.54214176708087,34.895204238556275,1.7320508075688772,42.89600996421431,2.732050807568877,514.9787694847961,58.404575653280666,3426,0.05204226252030255,3415,11,0,0.9967892586106246,0.003210741389375365,0.0,True,3004.0,30.922530590107066,0.8906599220424315,3004,0,0.0,,0.28989794855663564,0.4364916731037084,
194,217,35.331696866002474,34.87526049306788,1.0,24.7660229,2.0,447.6343367299828,16.04862853308826,3321,0.050447271987718846,2801,520,0,0.8434206564287865,0.1565793435712135,0.0,True,2005.0,25.262844689355557,0.7196678403295521,2005,66,0.0318686624818928,,0.28172904669025317,0.40361850723377046,
194,250,35.331696866002474,34.05750615556192,1.0,24.7660229,2.0,425.2237730883332,71.4916896888592,2860,0.04344450403037516,2800,60,0,0.9790209790209791,0.02097902097902098,0.0,True,1969.0,25.035018791602372,0.7215825431464353,1969,0,0.0,,0.3090169943749474,0.41421356237309503,
194,253,35.331696866002474,34.90291406680944,4.123105625617661,102.1129283431658,5.123105625617661,408.3825612195773,81.4899680593389,4946,0.07513164927770474,4841,105,0,0.9787707238172261,0.021229276182773957,0.0,True,2117.0,25.958852614302597,0.7392039984142704,2118,291,0.12079701120797011,,0.27792629762666365,0.36602540378443865,
194,301,35.331696866002474,34.0838991498163,1.414213562373095,35.02444547122265,2.414213562373095,440.24271875771876,45.40603957078132,2413,0.03665440147737597,2337,76,0,0.968503937007874,0.031496062992125984,0.0,True,2114.0,25.94045295272489,0.7473955261239404,2133,598,0.21896741120468693,,0.29339977411634566,0.37798720432169275,
195,215,34.80774032315204,35.359086924968246,8.281885242839627,205.10935957933825,9.281885242839627,645.7662417588915,61.94641226490823,7020,0.10663650989273903,6829,191,0,0.9727920227920228,0.02720797720797721,0.0,True,2436.0,27.846056861676377,0.7937100180747406,2436,0,0.0,,0.2658626798938589,0.3361523330390172,
195,255,34.80774032315204,35.04234372822224,1.0,24.7660229,2.0,648.9295581040346,51.410284703385486,2986,0.04535849266947561,2840,146,0,0.9511051574012056,0.048894842598794376,0.0,True,2381.0,27.529908082004297,0.7882569779517009,2381,69,0.02816326530612245,,0.2989350844248255,0.41054588061380315,
195,267,34.80774032315204,34.489037847079096,5.741657386773941,142.19801832479757,6.741657386773941,593.3476670244338,28.491169263920977,5030,0.0764076417037717,4830,16,184,0.9602385685884692,0.0031809145129224653,0.03658051689860835,True,2076.0,25.70625067405882,0.7419176288660947,2096,418,0.1662688941925219,0.2534682898016305,0.2758872381516119,0.21268233765209096,-0.022418948349981427
196,197,35.00192404304678,35.54069640230208,1.0,24.7660229,2.0,425.76351200291674,44.55357690269344,2935,0.04458378298222066,2895,24,16,0.9863713798977853,0.008177172061328791,0.00545144804088586,True,2671.0,29.158287089554918,0.8266856803864998,2684,440,0.14084507042253522,0.2800030854458587,0.3090169943749474,0.3441056646588244,-0.029013908929088672
196,199,35.00192404304678,35.93835731265675,1.0,24.7660229,2.0,471.6850524023988,55.32756113472607,3128,0.047515527484969754,2667,58,403,0.8526214833759591,0.01854219948849105,0.12883631713554988,True,1283.0,20.208700699792736,0.5697383859661836,1457,1777,0.5494743351886209,0.40269974784927715,0.28989794855663564,0.39782196186948,0.1128017992926415
196,225,35.00192404304678,34.428789303158176,1.8284271247461903,45.2828680424453,2.8284271247461903,471.9628033576915,55.481179792527065,3248,0.04933837380792256,2805,53,390,0.8636083743842364,0.016317733990147784,0.12007389162561577,True,1236.0,19.83509564693766,0.5713637291333357,1315,1803,0.5782552918537524,0.392905387390447,0.27429188517743175,0.3613020955135854,0.11861350221301525
198,238,34.322388088097206,35.07329284310676,2.6502815398728847,65.63693330793913,3.6502815398728847,198.29886804043593,82.27571986302196,3710,0.05635633215129086,2989,3,833,0.8056603773584906,0.0008086253369272237,0.22452830188679246,True,3429.0,33.03762400240396,0.9521521673706496,3471,913,0.208257299270073,0.3900959445746376,0.25211274292798275,0.2612038749637414,0.13798320164665484
199,264,35.93835731265675,35.10451031227921,1.0,24.7660229,2.0,516.4474478786826,46.525713567819146,3239,0.0492016603337011,2909,55,275,0.8981167026860142,0.016980549552330967,0.08490274776165484,True,1805.0,23.96975895919152,0.6747970559335408,1806,660,0.26763990267639903,0.4,0.28989794855663564,0.41421356237309503,0.11010205144336438
200,225,34.895204238556275,34.428789303158176,2.863703305156273,70.92254163430594,3.863703305156273,513.0520935130812,55.969279897037154,3616,0.05492843586497782,3535,81,0,0.9775995575221239,0.022400442477876106,0.0,True,2120.0,25.977239243415305,0.7494443962690629,2120,215,0.09207708779443255,,0.2791745113185196,0.339056738914926,
200,245,34.895204238556275,35.05562357713867,2.6502815398728847,65.63693330793913,3.6502815398728847,511.9819654465616,54.30926542407621,3652,0.055475289761863666,3638,14,0,0.9961664841182913,0.0038335158817086527,0.0,True,3090.0,31.362039925807014,0.8966881709660134,3090,0,0.0,,0.28172904669025317,0.3897686333091319,
201,225,35.04571322798481,34.428789303158176,7.840676900366725,194.18238366598334,8.840676900366725,456.9091773625637,26.586805148525926,6067,0.09216007201128884,5838,218,11,0.9622548211636723,0.0359320916433163,0.001813087193011373,True,1379.0,20.951117704013964,0.6031311327381527,1379,236,0.14613003095975233,0.41214119199642896,0.2726305394663162,0.22010035998273025,0.13951065253011274
201,250,35.04571322798481,34.05750615556192,1.0,24.7660229,2.0,428.9526878347857,77.42660060946598,2931,0.044523021438122236,2842,89,0,0.9696349368816104,0.03036506311838963,0.0,True,1860.0,24.33220886606579,0.7042279385281207,1860,456,0.19689119170984457,,0.3090169943749474,0.38742588672279316,
201,276,35.04571322798481,33.915240552289745,1.0,24.7660229,2.0,451.2527220162969,32.258435770230975,2834,0.04304955399373539,2631,203,0,0.9283697953422724,0.0716302046577276,0.0,True,2056.0,25.582125126616702,0.7419307223657964,2056,579,0.21973434535104364,,0.3090169943749474,0.3797958971132712,
203,478,36.01680438182754,30.195427695744474,1.0,24.7660229,2.0,994.0795004451688,41.56556209036023,15405,0.23400789670906622,14958,447,0,0.970983446932814,0.02901655306718598,0.0,True,2504.0,28.2320377409108,0.8527740828261189,2599,0,0.0,,0.2843646522044218,0.40453726661826384,
204,251,35.89869627857463,34.78953722195827,6.032065437739018,149.39027076534305,7.032065437739018,922.9996817668243,80.33566298052163,6120,0.092965162470593,6052,68,0,0.9888888888888889,0.011111111111111112,0.0,True,1508.0,21.909160375631842,0.6198813944181155,1508,511,0.2530955918771669,,0.2711923793731366,0.2954792253389742,
205,232,37.513789293482084,34.98541792920483,1.0,24.7660229,2.0,276.04700695071676,56.53948066141347,3391,0.05151059900944132,3293,98,0,0.9710999705101739,0.02890002948982601,0.0,True,2269.0,26.87461872754702,0.7413768993362797,2274,71,0.030277185501066096,,0.3090169943749474,0.3898534213910276,
205,254,37.513789293482084,34.03917839330436,2.0,49.5320458,3.0,258.2725898342376,6.8417441973183735,4160,0.06319200586236387,4127,33,0,0.9920673076923077,0.007932692307692307,0.0,True,1965.0,25.00957669276209,0.6990507172878746,1965,540,0.2155688622754491,,0.28172904669025317,0.36602540378443865,
208,287,34.475451737689326,31.941197609833058,1.0,24.7660229,2.0,313.39876813361013,87.83062980600548,2580,0.03919119594348529,2546,34,0,0.9868217054263566,0.01317829457364341,0.0,True,2747.0,29.5702089500036,0.8904456710930628,2747,84,0.02967149417167079,,0.31339216579491175,0.3483314773547883,
208,289,34.475451737689326,31.501018250593212,5.513233075965879,136.54085661240842,6.513233075965879,283.30205498677014,37.3970802237826,5089,0.07730387447922349,5007,82,0,0.983886814698369,0.01611318530163097,0.0,True,1627.0,22.7572007246284,0.6898580881538553,1632,30,0.018050541516245487,,0.27669677546737487,0.2775563351996301,
209,211,35.23004664088869,34.91564742455185,6.348469228349534,157.22633428924988,7.348469228349534,306.49512954157103,63.269298894194684,5153,0.07827605918479832,4936,215,2,0.9578886085775277,0.041723267999223754,0.00038812342324859306,True,1076.0,18.5067943613625,0.5276672961307385,1083,489,0.3110687022900763,0.16375929303739137,0.26747889038858924,0.3463253107581219,-0.10371959735119787
209,219,35.23004664088869,35.16607140079059,1.0,24.7660229,2.0,292.05674521017437,25.756638906535304,3185,0.04838137948837234,2781,143,261,0.8731554160125589,0.044897959183673466,0.08194662480376766,True,1758.0,23.655628926560038,0.6720719717116873,1768,797,0.31072124756335284,0.4,0.28989794855663564,0.4142135623730951,0.11010205144336438
202,333,35.42090874601483,27.702046471188893,1.0,24.7660229,2.0,770.7423915159857,85.07626117901061,3435,0.052178975994524014,3327,69,39,0.9685589519650655,0.020087336244541485,0.011353711790393014,True,2423.0,27.771655590247494,0.8799225414807107,2464,58,0.022997620935765267,0.38742588672279304,0.3090169943749474,0.40269974784927715,0.07840889234784565
203,204,36.01680438182754,35.89869627857463,1.0,24.7660229,2.0,947.8201909498289,59.871662734431524,3715,0.05643228408141389,3692,23,0,0.9938088829071332,0.006191117092866756,0.0,True,3370.0,32.752165064914024,0.9108513398126946,3405,0,0.0,,0.3090169943749474,0.37268226712382524,
203,251,36.01680438182754,34.78953722195827,1.0,24.7660229,2.0,941.2703260494361,46.38811817479967,3583,0.054427153126165806,3507,76,0,0.9787887245325146,0.021211275467485347,0.0,True,3536.0,33.549124542167775,0.947630502643396,3536,0,0.0,,0.3090169943749474,0.3827822185373187,
203,305,36.01680438182754,63.81862609077063,1.0,24.7660229,2.0,990.2952506827355,49.13127368196363,43189,0.6560575820167388,41347,1842,0,0.9573502512213758,0.04264974877862419,0.0,True,5292.0,41.04261099984527,0.8222053194053235,5540,0,0.0,,0.24496552958641038,0.37241847105068987,
214,286,36.60917168922732,33.42921548808177,3.16227766016838,78.31704094788851,4.16227766016838,153.75889853635888,85.0362410986487,3981,0.060472926763959274,3924,2,64,0.9856819894498869,0.0005023863350916855,0.016076362722933935,True,2007.0,25.275441471334737,0.7217596660913239,2009,232,0.1035252119589469,0.3744038111608787,0.27792629762666365,0.23123764778713218,0.09647751353421502
214,292,36.60917168922732,34.39586185030302,5.19114712955712,128.56406868788088,6.19114712955712,181.531198359901,38.24234809867406,4920,0.07473669924106496,4782,138,0,0.9719512195121951,0.02804878048780488,0.0,True,2202.0,26.47486297182116,0.7457179203241112,2202,0,0.0,,0.27253380620535966,0.3671757242289845,
214,298,36.60917168922732,39.55405973910419,1.0,24.7660229,2.0,156.4181273763077,79.60453726801973,5889,0.08945618329890885,4956,120,910,0.8415690269994905,0.020376974019358125,0.1545253863134658,True,2106.0,25.891323262882167,0.6798903559454545,3614,727,0.16747293250403134,0.4068781988545112,0.28330039409901914,0.3542089385498691,0.12357780475549207
215,223,35.359086924968246,35.02594056245611,4.155870949147037,102.92439509602025,5.155870949147037,649.4453469184886,66.61480577149328,4625,0.07025553536380598,4601,24,0,0.9948108108108108,0.005189189189189189,0.0,True,2742.0,29.54328532705789,0.8394764165528349,2742,0,0.0,,0.27718637277259645,0.33776374155936395,
206,310,35.83547711957012,50.5431073627362,1.0,24.7660229,2.0,983.8040542788616,36.40745670061369,11319,0.17193997941252323,8994,2325,0,0.7945931619401008,0.2054068380598993,0.0,True,1843.0,24.22075804422162,0.5608046992060391,2175,0,0.0,,0.25824569976124334,0.36602540378443865,
207,217,35.45411309509949,34.87526049306788,6.89920048531124,170.86575721090927,7.89920048531124,517.3343320539116,23.275185141164986,5983,0.09088407958522188,5945,38,0,0.9936486712351663,0.006351328764833695,0.0,True,2553.0,28.50693142776363,0.8106692829284579,2555,221,0.07961095100864553,,0.2680748568360903,0.19508765042997114,
208,275,34.475451737689326,34.78394761156285,1.0,24.7660229,2.0,324.40602724638416,69.40355959540264,3027,0.04598129849648448,2971,21,35,0.9814998348199537,0.006937561942517344,0.011562603237528906,True,1917.0,24.702227669065127,0.7133249176620775,1917,317,0.14189794091316024,0.37268226712382524,0.3090169943749474,0.3333333333333333,0.06366527274887784
208,284,34.475451737689326,34.27503672629357,9.392304845413264,232.61003688528587,10.392304845413264,295.0325462017413,64.52945455987543,7932,0.12049014194718034,6470,290,1172,0.8156833081190116,0.03656076651538074,0.14775592536560767,True,1315.0,20.45916665780121,0.5951715286654112,1315,372,0.22050978067575577,0.3581925966928192,0.24442669462970273,0.3186048427011299,0.11376590206311649
213,239,34.433823664620476,34.780987678636315,2.449489742783178,60.66411906308329,3.449489742783178,931.866910264726,44.57579415143029,3369,0.05117641051689997,3346,23,0,0.9931730483823092,0.00682695161769071,0.0,True,2146.0,26.136048204547198,0.755215471871498,2146,0,0.0,,0.28172904669025317,0.30484544052339907,
213,307,34.433823664620476,34.3637473125066,1.0,24.7660229,2.0,956.9695753394278,88.16939562575124,3134,0.0476066698011174,3128,6,0,0.998085513720485,0.0019144862795149968,0.0,True,1702.0,23.275812043510143,0.6766463325063784,1756,0,0.0,,0.3090169943749474,0.46017425192248707,
213,323,34.433823664620476,47.552089238852375,2.863703305156273,70.92254163430594,3.863703305156273,987.5973056418252,47.91447425687368,7984,0.12128004202045989,4278,3706,0,0.5358216432865731,0.46417835671342683,0.0,True,2665.0,29.125518822500005,0.7105005675009389,2816,0,0.0,,0.1757340838011157,0.36309290748084294,
214,227,36.60917168922732,34.56746719738423,3.2426406871192857,80.30731351366796,4.242640687119286,183.5608102466005,28.79375957488569,4398,0.06680731773622027,4115,283,0,0.9356525693497044,0.06434743065029559,0.0,True,2700.0,29.316150714175198,0.8237576590509562,2702,51,0.01852524518706865,,0.27669677546737487,0.3013496283140403,
205,258,37.513789293482084,34.28857903446624,1.0,24.7660229,2.0,289.92014000913093,80.83725466640662,4265,0.06478699639494757,3764,501,0,0.8825322391559203,0.11746776084407971,0.0,True,1588.0,22.48279562821002,0.6262410600587063,1596,64,0.03855421686746988,,0.2785504044725916,0.4,
206,242,35.83547711957012,35.17694303615556,4.39834563766817,108.929528784605,5.39834563766817,953.3593069820097,87.64380324192697,4797,0.07286828176003834,4686,111,0,0.9768605378361476,0.023139462163852407,0.0,True,2676.0,29.185565874723483,0.8219848249284113,2676,0,0.0,,0.27429188517743175,0.3516287047744073,
206,251,35.83547711957012,34.78953722195827,1.0,24.7660229,2.0,935.6975279440192,57.15124173548755,3362,0.05107007781472772,3338,24,0,0.9928613920285544,0.007138607971445568,0.0,True,3457.0,33.17223653203631,0.9393905782906332,3457,468,0.11923566878980892,,0.3090169943749474,0.4113281168487085,
206,305,35.83547711957012,63.81862609077063,1.0,24.7660229,2.0,984.7224525773186,39.060352442228286,7965,0.12099142468599236,6768,1197,0,0.8497175141242937,0.15028248587570622,0.0,True,6590.0,45.80024181105576,0.9191842650850975,7367,0,0.0,,0.25,0.3613020955135854,
215,255,35.359086924968246,35.04234372822224,1.0,24.7660229,2.0,667.7043874169168,84.88444715111656,3188,0.04842695064644616,3065,123,0,0.9614178168130489,0.038582183186951065,0.0,True,3017.0,30.989367960907117,0.880361881097731,3017,0,0.0,,0.3090169943749474,0.4142135623730951,
217,250,34.87526049306788,34.05750615556192,1.0,24.7660229,2.0,458.9025593146597,50.725232684302874,2768,0.04204698851611134,2681,87,0,0.9685693641618497,0.03143063583815029,0.0,True,1646.0,22.889693590315257,0.664116492146344,1646,275,0.1431546069755336,,0.30484544052339907,0.40453726661826384,
217,276,34.87526049306788,33.915240552289745,9.498655478055456,235.24391908873187,10.498655478055456,481.20259349617095,89.84200611155671,7258,0.11025182176659543,7147,111,0,0.9847065307247176,0.015293469275282447,0.0,True,1082.0,18.558321498747173,0.5395605851601686,1082,0,0.0,,0.2636541189343806,0.34082007508902207,
217,301,34.87526049306788,34.0838991498163,1.0,24.7660229,2.0,473.9215049840452,77.9466737283019,2846,0.043231838626030666,2826,20,0,0.9929725931131412,0.007027406886858749,0.0,True,3430.0,33.04244103589204,0.9583191328608848,3436,223,0.06094561355561629,,0.3090169943749474,0.4142135623730951,
219,232,35.16607140079059,34.98541792920483,2.6502815398728847,65.63693330793913,3.6502815398728847,258.16057363540534,87.23798745858257,3552,0.053956251159402994,3193,301,58,0.8989301801801802,0.08474099099099099,0.01632882882882883,True,998.0,17.823390990813817,0.5081400597775443,1026,353,0.25598259608411894,0.35533927009492694,0.2612038749637415,0.375,0.09413539513118546
220,249,34.98372744803911,34.713958406896815,1.0,24.7660229,2.0,854.7307843493923,79.90284825190508,3438,0.05222454715259783,3320,118,0,0.9656777196044212,0.03432228039557882,0.0,True,2169.0,26.275732970416676,0.7539915464368564,2169,407,0.1579968944099379,,0.3090169943749474,0.4,
221,269,34.75472087462754,34.668201091866024,1.0,24.7660229,2.0,731.7337362521648,27.875171826051478,2941,0.044674925298368307,2929,12,0,0.9959197551853112,0.004080244814688882,0.0,True,3631.0,33.996811567165295,0.9794117160200659,3632,22,0.0060207991242474,,0.3090169943749474,0.32037724101704074,
221,272,34.75472087462754,35.115678230994696,1.0,24.7660229,2.0,793.3995399128951,26.245991130595787,4401,0.06685288889429408,4341,60,0,0.9863667348329925,0.013633265167007498,0.0,True,4349.0,37.20658134004393,1.0650169976501551,4387,0,0.0,,0.3090169943749474,0.37948036503371646,
221,333,34.75472087462754,27.702046471188893,1.0,24.7660229,2.0,768.2659380360226,81.27156050772022,2445,0.03714049383016338,2432,13,0,0.9946830265848671,0.005316973415132925,0.0,True,2423.0,27.771655590247494,0.8893081333037559,2440,0,0.0,,0.3090169943749474,0.36602540378443865,
223,237,35.02594056245611,34.67568127556212,1.0,24.7660229,2.0,600.5558034351875,19.373125397943173,2719,0.041302659600905615,2684,35,0,0.9871276204486944,0.012872379551305628,0.0,True,3466.0,33.215388986327085,0.9530736333084864,3466,0,0.0,,0.3090169943749474,0.3567891723253309,
223,255,35.02594056245611,35.04234372822224,4.155870949147037,102.92439509602025,5.155870949147037,652.6086632636316,61.0352352496407,4690,0.07124291045540541,4625,65,0,0.9861407249466951,0.013859275053304905,0.0,True,2701.0,29.321579128389704,0.8369429742777518,2701,0,0.0,,0.27718637277259645,0.3333333333333333,
224,290,34.64680186200936,34.86976378144478,5.422466567392307,134.29293118252227,6.422466567392307,710.084776757961,48.86538815368995,5473,0.08313698271267246,5451,22,0,0.9959802667641148,0.004019733235885255,0.0,True,2861.0,30.177551000235674,0.8682117915610024,2861,0,0.0,,0.27429188517743175,0.3529086405037649,
225,245,34.428789303158176,35.05562357713867,1.0,24.7660229,2.0,491.3348466620464,88.25372647346762,3144,0.04775857366136346,3089,55,0,0.9825063613231552,0.017493638676844784,0.0,True,1967.0,25.022300975799894,0.7202277442829275,1967,0,0.0,,0.3090169943749474,0.4211646096066227,
225,276,34.428789303158176,33.915240552289745,4.39834563766817,108.929528784605,5.39834563766817,486.74851938229926,81.18593207829858,4610,0.07002767957343689,4486,123,1,0.9731019522776573,0.02668112798264642,0.00021691973969631235,True,1434.0,21.364839732316174,0.6252145147865644,1436,364,0.20222222222222222,0.3,0.27549433032240334,0.41048532859718323,0.024505669677596653
226,247,34.56233846333,34.88546407737195,3.8989794855663558,96.56221522616659,4.898979485566356,736.4566931100712,71.18743249066779,4205,0.06387557323347118,3986,121,98,0.9479191438763377,0.02877526753864447,0.023305588585017835,True,1306.0,20.38903409571014,0.5871757881398922,1306,575,0.3056884635832004,0.38032432580624614,0.269241092610464,0.3602425986153711,0.11108323319578217
226,256,34.56233846333,33.97256561883531,1.0,24.7660229,2.0,703.530913896348,53.81137055639619,2788,0.042350796236603476,2649,51,88,0.9501434720229556,0.018292682926829267,0.03156384505021521,True,1864.0,24.35835848013133,0.710830745481996,1864,332,0.151183970856102,0.4068781988545112,0.28989794855663564,0.37406669614897287,0.11698025029787557
210,307,34.63884494515007,34.3637473125066,1.0,24.7660229,2.0,947.0867159503638,75.67260091729104,3168,0.04812314292595402,3109,59,0,0.9813762626262627,0.018623737373737372,0.0,True,2254.0,26.785639500640343,0.7763661805812276,2255,0,0.0,,0.3090169943749474,0.36602540378443865,
210,315,34.63884494515007,61.7560654121121,10.832159566199232,268.26951187294424,11.832159566199232,977.7658249928836,27.435629650724426,28178,0.42803469740136757,16257,11921,0,0.576939456313436,0.423060543686564,0.0,True,1294.0,20.295147023902665,0.42108337356576364,2350,0,0.0,,0.22187040560619792,0.29855487276419157,
212,235,35.043121362604076,34.65548399235406,1.0,24.7660229,2.0,635.9341182277078,74.96791859954273,3837,0.05828551117641591,3351,460,26,0.8733385457388585,0.11988532707844671,0.006776127182694814,True,93.0,5.440847306724618,0.15612499788240236,547,424,0.43666323377960864,0.3069312174491733,0.2989350844248255,0.37406669614897287,0.007996133024347762
212,256,35.043121362604076,33.97256561883531,1.0,24.7660229,2.0,663.9454470408205,57.926789820701195,2807,0.042639413571071004,1971,69,767,0.7021731385821162,0.02458140363377271,0.27324545778411113,True,972.0,17.58969042850512,0.509730213458154,976,1531,0.6106900678101316,0.39352981872163206,0.2612038749637414,0.3164309725825327,0.13232594375789064
226,257,34.56233846333,34.547943235398975,3.8989794855663558,96.56221522616659,4.898979485566356,707.1237533057608,62.24837647458835,4822,0.07324804141065351,4697,125,0,0.974077146412277,0.025922853587722935,0.0,True,1362.0,20.821576909118168,0.6025609040311899,1362,327,0.1936056838365897,,0.27195617308673,0.3900959445746376,
227,262,34.56746719738423,34.539740589375654,5.928203230275509,146.8180169568572,6.928203230275509,245.70564274550821,40.84193214104534,5014,0.07616459552737799,4773,46,203,0.951934583167132,0.009174311926605505,0.040486637415237337,True,2607.0,28.80683726619676,0.833685463174387,2607,38,0.014366729678638942,0.22646721143623744,0.27792629762666365,0.1975666929070794,-0.05145908619042622
228,268,36.83260250807479,34.880035990422705,1.0,24.7660229,2.0,232.37181435104816,67.83319459860122,3312,0.05031055851349739,3175,137,0,0.9586352657004831,0.04136473429951691,0.0,True,2031.0,25.42611607853781,0.7091111583928272,2031,13,0.006360078277886497,,0.3090169943749474,0.4068781988545112,
228,288,36.83260250807479,34.65442381269462,1.0,24.7660229,2.0,278.51922945951276,13.362655451938089,5222,0.07932419582049619,5221,1,0,0.9998085024894676,0.00019149751053236308,0.0,True,2623.0,28.895100474995463,0.8084012431945418,2640,0,0.0,,0.3203772410170408,0.3333333333333333,
235,277,34.65548399235406,34.810958385132096,1.0,24.7660229,2.0,609.3527765833564,60.622533793142196,2959,0.04494835224681122,2893,24,42,0.9776951672862454,0.008110848259547145,0.014193984454207503,True,1682.0,23.138652263283095,0.666182158503118,1687,303,0.15226130653266332,0.3585701736362872,0.3090169943749474,0.35882705427942296,0.049553179261339786
239,266,34.780987678636315,34.27490124916269,1.414213562373095,35.02444547122265,2.414213562373095,873.4079983574658,24.577929839762024,3369,0.05117641051689997,3333,36,0,0.9893143365983972,0.01068566340160285,0.0,True,2531.0,28.38383909782421,0.8220541227845398,2533,0,0.0,,0.2989350844248255,0.4176890859898589,
239,307,34.780987678636315,34.3637473125066,1.0,24.7660229,2.0,930.7338128017168,42.70838342748601,3237,0.04917127956165189,3196,41,0,0.9873339511893728,0.012666048810627124,0.0,True,2558.0,28.534832903981346,0.8253653125617305,2558,0,0.0,,0.3090169943749474,0.392280956059262,
239,321,34.780987678636315,30.892037604186815,2.6502815398728847,65.63693330793913,3.6502815398728847,882.7548194643302,53.46742291197849,2419,0.036745543793523607,2418,1,0,0.9995866060355518,0.00041339396444811904,0.0,True,1927.0,24.76657325259521,0.7542388414706682,1927,0,0.0,,0.2838325231517205,0.27718637277259645,
240,389,35.04318616391138,27.703290779975152,2.6502815398728847,65.63693330793913,3.6502815398728847,151.61153738147874,27.6338145415965,2268,0.034451795503807996,2186,37,70,0.9638447971781305,0.016313932980599646,0.030864197530864196,True,2036.0,25.45739437315213,0.8114366132753044,2054,973,0.3214403700033036,0.34514099850039526,0.28172904669025317,0.4026997478492772,0.06341195181014209
241,247,35.33832533165019,34.88546407737195,1.0,24.7660229,2.0,737.5251822497296,71.7904235795563,3336,0.05067512777808795,3278,58,0,0.9826139088729017,0.01738609112709832,0.0,True,2217.0,26.564883166870207,0.7565778887875632,2217,467,0.1739940387481371,,0.3090169943749474,0.3693538354541319,
241,255,35.33832533165019,35.04234372822224,3.3166247903554,82.13960550864952,4.3166247903554,698.6746107542967,42.66164728257773,4116,0.06252362887728118,4106,10,0,0.9975704567541303,0.0024295432458697765,0.0,True,3030.0,31.05606148784623,0.8825168019197719,3030,0,0.0,,0.27669677546737487,0.3991718357941185,
242,296,35.17694303615556,34.09156944159394,1.0,24.7660229,2.0,954.4702929420746,85.5967989930469,3087,0.04689272165796088,3000,87,0,0.9718172983479106,0.028182701652089408,0.0,True,3056.0,31.18902069924069,0.900525204991496,3057,0,0.0,,0.3090169943749474,0.4,
249,265,34.713958406896815,33.15799151000595,4.65685424949238,115.33175898489058,5.65685424949238,868.3907129220615,58.14032636430178,4238,0.0643768559722832,4188,50,0,0.9882019820670127,0.011798017932987258,0.0,True,1895.0,24.560073988452952,0.72371794293585,1895,0,0.0,,0.27718637277259645,0.30350745988768063,
249,272,34.713958406896815,35.115678230994696,1.414213562373095,35.02444547122265,2.414213562373095,836.1265299721372,69.25052181530793,3454,0.05246759332899154,3429,25,0,0.9927620150550087,0.007237984944991315,0.0,True,3633.0,34.006173211723066,0.9739753734668688,3633,496,0.12012593848389441,,0.29339977411634566,0.4364916731037084,
250,276,34.05750615556192,33.915240552289745,1.0,24.7660229,2.0,458.7920298545213,49.020207678447704,3211,0.04877632952501211,3205,6,0,0.9981314232326378,0.0018685767673621925,0.0,True,2255.0,26.791580642889436,0.7883036052093123,2255,201,0.08184039087947882,,0.3090169943749474,0.346554291744794,
250,293,34.05750615556192,34.40796497310431,1.0,24.7660229,2.0,410.58670660498024,41.275430141094695,2585,0.03926714787360832,2502,83,0,0.9678916827852998,0.03210831721470019,0.0,True,1605.0,22.60281768552284,0.6602691053727119,1606,227,0.12384069830878341,,0.30901699437494745,0.3430703308172536,
229,364,34.36044493346854,31.87288067187972,18.027756377319946,446.4758272763268,19.027756377319946,126.70008432488873,24.14507927401273,13699,0.20809309815108717,8370,5322,7,0.6109935031754142,0.38849551062121324,0.000510986203372509,True,3139.0,31.60972528717893,0.9544960938704996,7306,96,0.012969467711429343,0.07675925082444879,0.18416167982106513,0.36425580757243775,-0.10740242899661634
232,254,34.98541792920483,34.03917839330436,2.4641016151377544,61.02599702842861,3.4641016151377544,238.59513186049577,61.17608362075953,3373,0.0512371720609984,3346,27,0,0.9919952564482657,0.008004743551734361,0.0,True,1609.0,22.630965663659147,0.6557362699498788,1609,293,0.15404837013669823,,0.28172904669025317,0.4045372666182638,
233,285,34.751821853173944,33.08058234151455,8.9498743710662,221.6527936259486,9.9498743710662,787.9321489181259,61.11606034502166,7549,0.11467222409975597,7250,299,0,0.9603921049145582,0.03960789508544178,0.0,True,1588.0,22.48279562821002,0.6628924890729584,1588,0,0.0,,0.26383210493946546,0.33171322267475806,
234,236,34.16869670636365,34.965316634264894,1.0,24.7660229,2.0,566.2477023101413,60.473965879652354,2763,0.04197103658598831,2760,3,0,0.998914223669924,0.0010857763300760044,0.0,True,3178.0,31.805484091459554,0.920111029421987,3179,0,0.0,,0.3090169943749474,0.4211646096066227,
244,293,34.63983975967772,34.40796497310431,4.449489742783178,110.1961648630833,5.449489742783178,373.02592533070424,71.73635550729472,4645,0.07055934308429812,4558,87,0,0.981270182992465,0.018729817007534982,0.0,True,1592.0,22.511093682995384,0.6520437186993644,1592,227,0.12479384277075316,,0.27669677546737487,0.3090169943749474,
245,276,35.05562357713867,33.915240552289745,7.246211251235321,179.45983378633161,8.246211251235321,485.67839131577966,83.20359813480475,5698,0.08655481956820897,5657,35,6,0.9928044928044928,0.006142506142506142,0.001053001053001053,True,1286.0,20.232313600583467,0.586691608288862,1286,332,0.20519159456118666,0.45548503911954935,0.2687959533979826,0.2868348888132401,0.18668908572156673
247,252,34.88546407737195,34.67978407640629,8.38083151964686,207.55986533661593,9.38083151964686,764.1538584402828,67.06970581726796,7454,0.11322913742741834,7397,57,0,0.9923530990072444,0.007646900992755568,0.0,True,1980.0,25.104851615652017,0.7217641647782583,1981,0,0.0,,0.26857492567190105,0.23166247903553994,
248,283,34.23067849662357,34.613690313390535,1.7320508075688772,42.89600996421431,2.732050807568877,303.226702669794,55.10428486887541,3435,0.052178975994524014,3326,109,0,0.9682678311499272,0.03173216885007278,0.0,True,2868.0,30.2144461073691,0.87776085770356,2868,19,0.0065812261863526155,,0.28989794855663564,0.4083069769263126,
260,262,34.2124678662694,34.539740589375654,1.0,24.7660229,2.0,295.48385502513156,53.77482348700149,2908,0.04417364255955628,2908,0,0,1.0,0.0,0.0,True,1406.0,21.15522866750463,0.6154050653122732,1406,396,0.21975582685904552,,0.30901699437494745,,
261,274,35.901351306654256,34.55914056008542,1.0,24.7660229,2.0,714.6371345589976,17.30772721816133,4391,0.06670098503404802,3780,611,0,0.8608517421999544,0.13914825780004555,0.0,True,2910.0,30.434877505829245,0.863884900587695,2924,105,0.034664905909541105,,0.2791745113185196,0.4,
261,280,35.901351306654256,33.43306035734198,1.414213562373095,35.02444547122265,2.414213562373095,689.8202593213421,76.15749943281524,2894,0.043960977155211786,2693,167,34,0.9305459571527298,0.05770559778852799,0.011748445058742226,True,3097.0,31.397543176356965,0.9056842748883088,3326,20,0.005977286312014346,0.30693121744917323,0.28989794855663564,0.3761785115301142,0.01703326889253759
262,287,34.539740589375654,31.941197609833058,1.0,24.7660229,2.0,294.7465044304864,54.46014467005373,2565,0.038963340153116185,2565,0,0,1.0,0.0,0.0,True,2118.0,25.964982937357547,0.7811256471608157,2141,301,0.12325962325962327,,0.3090169943749474,,
269,328,34.668201091866024,29.29371293686869,1.0,24.7660229,2.0,666.2892526779876,16.950985709315017,2350,0.035697407157825746,2060,290,0,0.8765957446808511,0.12340425531914893,0.0,True,1702.0,23.275812043510143,0.7278022365951572,1702,20,0.011614401858304297,,0.28172904669025317,0.41421356237309503,
272,333,35.115678230994696,27.702046471188893,1.0,24.7660229,2.0,798.3473966841675,35.13342734846524,2560,0.038887388222993154,2513,47,0,0.981640625,0.018359375,0.0,True,2682.0,29.218266799126305,0.9302554951695235,2682,1,0.0003727171077152441,,0.3090169943749474,0.3827822185373187,
275,284,34.78394761156285,34.27503672629357,2.6502815398728847,65.63693330793913,3.6502815398728847,307.3148318960398,36.39458095933729,3434,0.05216378560849941,2888,83,463,0.8410017472335469,0.024170064065230052,0.13482818870122307,True,1532.0,22.082815618339236,0.639534908602297,1554,606,0.28055555555555556,0.3516287047744073,0.2612038749637414,0.31339216579491175,0.09042482981066585
275,287,34.78394761156285,31.941197609833058,1.0,24.7660229,2.0,325.68105382790856,71.17655186814847,2591,0.03935829018975596,2508,83,0,0.9679660362794288,0.032033963720571206,0.0,True,1958.0,24.96499062983726,0.7482933322064035,1958,13,0.006595636732623034,,0.3090169943749474,0.4,
254,298,34.03917839330436,39.55405973910419,1.0,24.7660229,2.0,191.56371017430445,46.79493871853032,3261,0.04953584882624245,3120,42,109,0.9567617295308187,0.012879484820607176,0.03342532965348053,True,1581.0,22.433188138482972,0.6096535145829921,1624,1473,0.47562156926057475,0.39564392373896,0.30484544052339907,0.42877592858395136,0.09079848321556094
257,269,34.547943235398975,34.668201091866024,1.0,24.7660229,2.0,695.026179191942,81.6135307844855,2888,0.04386983483906415,2831,57,0,0.9802631578947368,0.019736842105263157,0.0,True,2676.0,29.185565874723483,0.8433167191957258,2676,252,0.0860655737704918,,0.3090169943749474,0.4068781988545112,
258,282,34.28857903446624,34.6353958123085,6.713293552551451,166.2615818569116,7.713293552551451,268.27752947289565,65.45597900225152,5254,0.0798102881732836,1961,604,2690,0.3732394366197183,0.1149600304529882,0.5119908641035401,True,3.0,0.9772050238058398,0.028356026360298273,79,986,0.9258215962441314,0.3430703308172536,0.125,0.3314912501438664,0.21807033081725358
259,297,35.395138843627386,34.0288045111776,1.414213562373095,35.02444547122265,2.414213562373095,382.6544183659517,30.504326667029392,3572,0.05426005887989513,2853,88,631,0.7987122060470325,0.02463605823068309,0.17665173572228443,True,1453.0,21.505912317896396,0.6195531765744311,1483,630,0.29815428300993846,0.3900959445746376,0.27429188517743175,0.3333333333333333,0.11580405939720584
263,308,35.13057924141201,32.24215815594783,4.39834563766817,108.929528784605,5.39834563766817,773.3810684986342,32.81181953892079,4799,0.07289866253208756,4781,18,0,0.9962492185872057,0.003750781412794332,0.0,True,2404.0,27.66255531193445,0.8211794972433012,2421,400,0.14179369018078697,,0.2801868778094689,0.20454075291930396,
264,267,35.10451031227921,34.489037847079096,7.840676900366725,194.18238366598334,8.840676900366725,550.3746722711214,76.39706344230348,5860,0.08901566210419526,5837,23,0,0.9960750853242321,0.003924914675767918,0.0,True,1521.0,22.003393758362495,0.6323400470393656,1521,170,0.10053222945002957,,0.2711923793731366,0.27213346626784274,
265,272,33.15799151000595,35.115678230994696,1.0,24.7660229,2.0,855.7451815109644,23.05798216616301,2739,0.04160646732139775,2739,0,0,1.0,0.0,0.0,True,3123.0,31.529062379842163,0.9236082518912234,3123,0,0.0,,0.3090169943749474,,
268,294,34.880035990422705,36.93876004831719,1.0,24.7660229,2.0,190.36464451853678,40.606540092025526,3326,0.050523223917841885,3260,40,32,0.9801563439567047,0.012026458208057728,0.009621166566446182,True,2435.0,27.840340746074396,0.7752939977177282,2509,53,0.02068696330991413,0.39782196186948,0.3090169943749474,0.4364916731037084,0.0888049674945326
276,301,33.915240552289745,34.0838991498163,1.0,24.7660229,2.0,473.81097552390685,77.91854045463988,2781,0.04224446353443123,2733,48,0,0.982740021574973,0.017259978425026967,0.0,True,2326.0,27.210086278134018,0.8003067802721414,2326,349,0.13046728971962618,,0.3090169943749474,0.4241077963657325,
284,292,34.27503672629357,34.39586185030302,2.0,49.5320458,3.0,245.23709921158786,24.007410982803126,3513,0.05336382610444334,3346,167,0,0.9524622829490464,0.0475377170509536,0.0,True,1708.0,23.31680264534386,0.6790883220884589,1722,0,0.0,,0.2857142857142857,0.3827822185373187,
286,298,33.42921548808177,39.55405973910419,1.0,24.7660229,2.0,159.6474767646435,84.43957489590991,5973,0.09073217572497581,5673,51,270,0.9497739829231542,0.008538422903063787,0.045203415369161226,True,2461.0,27.988580348033175,0.7669861419868848,3535,819,0.18810289389067525,0.3797958971132712,0.3090169943749474,0.44151844011225294,0.07077890273832382
287,289,31.941197609833058,31.501018250593212,1.0,24.7660229,2.0,284.57708156829455,22.024504602162477,2276,0.03457331859200485,2246,30,0,0.9868189806678384,0.013181019332161687,0.0,True,1743.0,23.554492811740758,0.7425494993289944,1747,40,0.02238388360380526,,0.3090169943749474,0.4364916731037084,
299,337,34.61933503375797,27.341592039551568,1.0,24.7660229,2.0,195.6538137243911,31.79547068403737,2080,0.031596002931181935,1636,112,370,0.7865384615384615,0.05384615384615385,0.1778846153846154,True,1498.0,21.836396440423,0.7048440839042678,1831,659,0.26465863453815264,0.41421356237309503,0.2871313003805287,0.3898534213910276,0.12708226199256634
300,317,33.74565630114363,22.181617135837232,3.6855577202829677,91.27660689979977,4.685557720282968,189.24197169485467,82.11221295655336,2391,0.03632021298483462,1170,343,898,0.4893350062735257,0.14345462149728147,0.3755750731911334,True,162.0,7.1809610472257885,0.256796393098524,1603,995,0.3829869130100077,0.3827822185373187,0.17411239489546831,0.3827822185373187,0.20866982364185038
300,337,33.74565630114363,27.341592039551568,1.8284271247461903,45.2828680424453,2.8284271247461903,179.92678537564692,66.3739619225083,2268,0.034451795503807996,1833,6,442,0.8082010582010583,0.0026455026455026454,0.1948853615520282,True,774.0,15.696236870863475,0.5138956917267766,1140,1151,0.5024006983849847,0.38742588672279304,0.25355482027512377,0.45612292453074577,0.13387106644766927
302,304,36.27976786060809,34.193353041643185,1.0,24.7660229,2.0,206.17976688376365,24.02655635108337,2937,0.044614163754269874,2867,70,0,0.9761661559414369,0.02383384405856316,0.0,True,2051.0,25.550999521798648,0.72512751513414,2081,0,0.0,,0.3090169943749474,0.3205757469245829,
289,299,31.501018250593212,34.61933503375797,4.449489742783178,110.1961648630833,5.449489742783178,239.87020009123225,65.2533360765982,3730,0.05666013987178299,2063,1328,341,0.553083109919571,0.3560321715817694,0.09142091152815013,True,1257.0,20.002887964817102,0.605044800011715,1287,200,0.13449899125756556,0.3333333333333333,0.19675422795565725,0.3412253527198434,0.13657910537767606
291,297,35.56902366956583,34.0288045111776,1.0,24.7660229,2.0,449.98602539167314,10.359252947766329,3176,0.04824466601415088,3124,52,0,0.9836272040302267,0.0163727959697733,0.0,True,1996.0,25.206081266687335,0.7243352824524327,2013,703,0.25883652430044185,,0.3090169943749474,0.3836108919180321,
296,332,34.09156944159394,40.80342389778848,1.0,24.7660229,2.0,988.0234008764551,21.351447649145587,19315,0.2934023060652784,17683,1632,0,0.9155060833549055,0.08449391664509448,0.0,True,794.0,15.89773724873857,0.42453404533194566,3641,0,0.0,,0.2612038749637414,0.3585701736362872,
298,354,39.55405973910419,27.698105422391375,1.0,24.7660229,2.0,143.90607159793709,43.109109899925876,18897,0.2870527247069928,15124,2469,1506,0.8003386780970524,0.13065565962851247,0.0796951897126528,True,2405.0,27.668308157023564,0.8228228218551015,2646,441,0.14285714285714285,0.41421356237309503,0.29285713244056244,0.41421356237309503,0.1213564299325326
242,305,35.17694303615556,63.81862609077063,1.0,24.7660229,2.0,983.1365205377217,54.860477744255675,7255,0.1102062506085216,5663,1592,0,0.780565127498277,0.21943487250172294,0.0,True,1795.0,23.903268514994018,0.4829159269612699,1917,0,0.0,,0.2612038749637414,0.36602540378443865,
242,332,35.17694303615556,40.80342389778848,1.0,24.7660229,2.0,985.3264828767932,34.59532829386736,3166,0.04809276215390481,2067,1099,0,0.6528742893240682,0.3471257106759318,0.0,True,1196.0,19.511499785403828,0.5135931971048988,1197,0,0.0,,0.20799159651347812,0.3797958971132712,
244,260,34.63983975967772,34.2124678662694,9.6878320578688,239.92907059653282,10.6878320578688,338.75946451444133,55.94300610735135,6469,0.09826660719318074,3640,2766,63,0.5626835677848199,0.4275776781573659,0.009738754057814191,True,596.0,13.773623058786647,0.40009183522546254,624,417,0.40057636887608067,0.33104625151254813,0.1951941016011038,0.33822212664633183,0.13585214991144434
244,275,34.63983975967772,34.78394761156285,1.0,24.7660229,2.0,349.02937303257033,69.77712790504434,2968,0.045085065721032686,2967,1,0,0.9996630727762803,0.00033692722371967657,0.0,True,2228.0,26.63070457981699,0.7671925024029732,2230,395,0.15047619047619049,,0.3090169943749474,0.27792629762666365,
251,305,34.78953722195827,63.81862609077063,35.932370625238775,889.9019137559508,36.932370625238775,965.4747414997311,7.64861617174184,37529,0.5700799971174648,36357,1172,0,0.9687708172346718,0.031229182765328146,0.0,True,81.0,5.077706251929807,0.10298754345167584,2415,0,0.0,,0.16280238367521632,0.07278688121387226,
252,266,34.67978407640629,34.27490124916269,5.414213562373095,134.08853707122265,6.414213562373095,810.4618595577783,35.04046699545095,5588,0.08488387710550224,5437,151,0,0.9729778095919828,0.02702219040801718,0.0,True,1793.0,23.889948219440257,0.6929173298853895,1793,0,0.0,,0.2758872381516119,0.28571428571428575,
252,285,34.67978407640629,33.08058234151455,1.0,24.7660229,2.0,774.4613612300844,81.16684071207881,3023,0.04592053695238605,2958,65,0,0.9784981806152828,0.02150181938471717,0.0,True,2791.0,29.806088175722753,0.8797499113830006,2791,0,0.0,,0.3090169943749474,0.3827822185373187,
253,301,34.90291406680944,34.0838991498163,3.6855577202829677,91.27660689979977,4.685557720282968,434.6697294736398,22.83253490528347,5664,0.08603834644337234,5577,87,0,0.9846398305084746,0.015360169491525424,0.0,True,2609.0,28.817884951076994,0.8354606803067088,2613,1289,0.33034341363403386,,0.2801868778094689,0.3305953784295673,
318,319,25.267456714797227,44.41799477811043,1.0,24.7660229,2.0,1235.1074062586667,30.907522909777185,5654,0.08588644258312628,5534,120,0,0.9787760877255041,0.02122391227449593,0.0,True,3.0,0.9772050238058398,0.028046170409193556,348,0,0.0,,0.25,0.36602540378443865,
318,322,25.267456714797227,29.380164300549367,1.0,24.7660229,2.0,1270.401502113266,78.8805781821778,5486,0.08333445773099235,5315,171,0,0.9688297484506015,0.031170251549398467,0.0,True,26.0,2.876813695875796,0.1052859627711115,1531,0,0.0,,0.28989794855663564,0.4,
318,356,25.267456714797227,28.578666685092305,1.0,24.7660229,2.0,1284.2030069569382,44.75778510788116,1945,0.02954530081786003,1860,85,0,0.9562982005141388,0.043701799485861184,0.0,True,5.0,1.2615662610100802,0.04685820190400813,526,0,0.0,,0.28989794855663564,0.3827822185373187,
318,386,25.267456714797227,34.87669982172709,1.0,24.7660229,2.0,1248.6604513994334,50.4513080862204,9002,0.13674385499350952,8752,250,0,0.972228393690291,0.027771606309708954,0.0,True,15.0,2.1850968611841584,0.07266198370766722,3587,0,0.0,,0.28989794855663564,0.3660254037844387,
329,330,25.26583625492829,36.19243635307955,1.0,24.7660229,2.0,1122.1107854284148,30.916884978421447,17052,0.25902646249159345,16129,923,0,0.9458714520290875,0.0541285479709125,0.0,True,4.0,1.1283791670955126,0.03672017188938981,2296,0,0.0,,0.28989794855663564,0.3827822185373187,
329,331,25.26583625492829,42.652325928797815,1.0,24.7660229,2.0,1121.7001726090068,55.46695610600358,13353,0.20283722458657327,12613,740,0,0.9445817419306523,0.05541825806934771,0.0,True,2.0,0.7978845608028654,0.023495469699091675,1583,0,0.0,,0.2612038749637414,0.37268226712382524,
330,331,36.19243635307955,42.652325928797815,1.0,24.7660229,2.0,1100.8576276644199,89.45699548247373,27667,0.42027241014279354,25553,2114,0,0.9235912820327465,0.0764087179672534,0.0,True,3085.0,31.33665583429403,0.7948950552292255,3396,0,0.0,,0.25,0.36822030603275924,
330,392,36.19243635307955,25.18178627951175,1.0,24.7660229,2.0,1091.073212455764,64.48743657687673,20364,0.3093370210050908,18849,1515,0,0.9256040070713023,0.0743959929286977,0.0,True,1849.0,24.260152092553522,0.7905648675269984,1972,0,0.0,,0.28989794855663564,0.4,
315,432,61.7560654121121,35.356349828359015,1.0,24.7660229,2.0,1037.5457048643175,66.01973527622252,54227,0.8237290629563475,52096,2131,0,0.960702233204861,0.03929776679513895,0.0,True,13.0,2.0342144725641096,0.04189401463297889,3563,0,0.0,,0.2402530733520421,0.3483314773547883,
316,318,41.306049528003214,25.267456714797227,1.0,24.7660229,2.0,1293.1856573023242,36.56628344787628,10820,0.16435997678624448,10322,498,0,0.9539741219963032,0.046025878003696855,0.0,True,28.0,2.985410660720923,0.08968764991385078,549,0,0.0,,0.25,0.3797958971132712,
316,322,41.306049528003214,29.380164300549367,1.0,24.7660229,2.0,1298.6457775026956,16.82406188244782,55187,0.83831183353997,50398,4789,0,0.9132223168499828,0.08677768315001722,0.0,True,1673.0,23.076664394697122,0.6529325350674156,2056,0,0.0,,0.26968623182294527,0.3797958971132712,
316,356,41.306049528003214,28.578666685092305,1.0,24.7660229,2.0,1312.447282346368,76.94371111597746,15447,0.2346458929220997,14344,1103,0,0.9285945491033858,0.07140545089661422,0.0,True,27.0,2.9316150714175193,0.0838986041662761,1460,0,0.0,,0.2612038749637414,0.3660254037844387,
302,314,36.27976786060809,30.14445828551289,1.0,24.7660229,2.0,146.89600606057465,45.598758024466974,2756,0.041864703883816065,2751,5,0,0.9981857764876633,0.00181422351233672,0.0,True,2830.0,30.013613209677498,0.9036947797826989,3070,0,0.0,,0.3164309725825327,0.2791745113185196,
305,310,63.81862609077063,50.5431073627362,1.0,24.7660229,2.0,1013.5812678345735,88.8404389460699,66710,1.013350651701513,62213,4497,0,0.9325888172687753,0.0674111827312247,0.0,True,4.0,1.1283791670955126,0.019733509330798125,3598,0,0.0,,0.2402530733520421,0.3516287047744073,
305,478,63.81862609077063,30.195427695744474,1.0,24.7660229,2.0,1018.2839158954638,85.82628476539716,45657,0.6935474547254681,44704,953,0,0.9791269684823795,0.02087303151762052,0.0,True,3131.0,31.56941959620811,0.6715893704125386,3365,0,0.0,,0.23166247903554,0.3827822185373187,
306,453,35.52153417314591,16.937949452214742,1.0,24.7660229,2.0,128.8457646603095,70.20783187099944,605,0.009190183544887053,372,233,0,0.6148760330578512,0.3851239669421488,0.0,True,874.0,16.679413674486074,0.6358969826543506,1542,131,0.07830245068738792,,0.25,0.4,
319,322,44.41799477811043,29.380164300549367,1.0,24.7660229,2.0,1240.5675264590382,15.731131242033346,31959,0.4854695469604055,29988,1971,0,0.9383272317656998,0.0616727682343002,0.0,True,1641.0,22.85490151428355,0.6193894752827919,2187,0,0.0,,0.2553967929896867,0.37268226712382524,
319,329,44.41799477811043,25.26583625492829,1.0,24.7660229,2.0,1174.1133804887204,17.324731904145462,44262,0.6723568662211418,40825,3437,0,0.9223487415842031,0.07765125841579684,0.0,True,2465.0,28.01131681022947,0.8039545586105521,2570,0,0.0,,0.2612038749637414,0.3827822185373187,
319,386,44.41799477811043,34.87669982172709,1.0,24.7660229,2.0,1218.826475745206,69.37506354244918,46140,0.7008844111753532,41986,4154,0,0.9099696575639359,0.09003034243606416,0.0,True,4169.0,36.42847671122447,0.9188124601541529,4578,0,0.0,,0.25,0.3585701736362872,
319,410,44.41799477811043,24.688932313866264,1.0,24.7660229,2.0,1210.2643942844047,82.88768822955288,5332,0.08099513828320293,5079,253,0,0.9525506376594148,0.047449362340585145,0.0,True,1224.0,19.738573927438622,0.5712473338936891,2068,0,0.0,,0.25000000000000006,0.37406669614897287,
319,411,44.41799477811043,27.9728399199959,1.0,24.7660229,2.0,1200.8569857935759,79.76194453194141,67062,1.0186976675821744,60890,6172,0,0.9079657630252602,0.0920342369747398,0.0,True,4799.0,39.08412905254525,1.0798087690393119,5388,0,0.0,,0.2612038749637415,0.37406669614897287,
320,470,56.638731690703345,29.28851888446472,1.0,24.7660229,2.0,1060.082978541625,43.14963500061626,41876,0.6361126051664302,38569,3307,0,0.9210287515522018,0.07897124844779826,0.0,True,8426.0,51.78879319876666,1.205410224395868,8983,0,0.0,,0.25,0.356789172325331,
322,397,29.380164300549367,26.537815153383132,1.0,24.7660229,2.0,1269.2142718011228,77.51403010997375,5955,0.0904587487765329,5608,347,0,0.9417296389588581,0.058270361041141895,0.0,True,59.0,4.3336224206596095,0.15499924936414497,1721,0,0.0,,0.28989794855663564,0.38742588672279316,
323,332,47.552089238852375,40.80342389778848,1.0,24.7660229,2.0,1017.9857646461935,88.68712248365738,44308,0.6730556239782737,42356,1952,0,0.9559447503836779,0.04405524961632211,0.0,True,19.0,2.4592453796829674,0.05566704990733902,2142,0,0.0,,0.25,0.3567891723253309,
338,347,36.19419805065129,18.762067255134664,1.0,24.7660229,2.0,1166.72002122418,20.261909748663467,16588,0.2519781233761759,15480,1108,0,0.9332047263081746,0.06679527369182542,0.0,True,2824.0,29.98177977677484,1.091114165416851,3062,0,0.0,,0.28989794855663564,0.4,
338,422,36.19419805065129,36.37402024283399,1.0,24.7660229,2.0,1144.0005625252152,86.90682418823631,36379,0.5526110531891671,34388,1991,0,0.9452706231617142,0.054729376838285826,0.0,True,3365.0,32.72785918767764,0.9019887757287198,3644,0,0.0,,0.2612038749637414,0.36602540378443865,
339,341,34.31610464627248,21.591920128688564,1.0,24.7660229,2.0,1211.8923814434663,78.43756554751664,7682,0.11669254544102867,7293,389,0,0.949362145274668,0.05063785472533194,0.0,True,92.0,5.4115163798060095,0.19358639127703936,998,0,0.0,,0.3090169943749474,0.38742588672279316,
339,465,34.31610464627248,28.66947770335135,1.0,24.7660229,2.0,1189.3986441887753,60.87547727658541,11367,0.17266911794170436,10745,622,0,0.9452801970616698,0.05471980293833025,0.0,True,442.0,11.861406733319429,0.37663878909552606,1839,0,0.0,,0.2612038749637414,0.3797958971132712,
341,342,21.591920128688564,31.641452200550493,1.0,24.7660229,2.0,1245.7130954868721,12.156782216320641,9497,0.14426309607568982,8848,649,0,0.9316626303043066,0.06833736969569337,0.0,True,950.0,17.38949084575512,0.6533304235622787,1082,0,0.0,,0.28989794855663564,0.41421356237309503,
341,347,21.591920128688564,18.762067255134664,1.0,24.7660229,2.0,1202.537256294755,19.608407292840088,7873,0.11959390917172855,7588,285,0,0.9638003302426013,0.0361996697573987,0.0,True,23.0,2.7057581899030048,0.13410115655572946,1240,0,0.0,,0.3203772410170408,0.4364916731037084,
341,417,21.591920128688564,38.93497157970428,1.0,24.7660229,2.0,1229.9612347242878,68.37161515782948,4030,0.061217255679165,3851,179,0,0.9555831265508685,0.04441687344913151,0.0,True,13.0,2.0342144725641096,0.06721688212124195,1643,0,0.0,,0.2612038749637414,0.3827822185373187,
342,343,31.641452200550493,21.211621239041353,1.0,24.7660229,2.0,1304.8470880682275,4.480846910834096,6163,0.0936183490696511,5811,352,0,0.9428849586240468,0.05711504137595327,0.0,True,146.0,6.817128675830715,0.25796526983893636,1756,0,0.0,,0.3090169943749474,0.41421356237309503,
330,406,36.19243635307955,38.66368607552058,1.0,24.7660229,2.0,1105.8752809923415,82.56954393044589,21381,0.32478564359211587,19901,1480,0,0.9307796641878303,0.06922033581216969,0.0,True,3757.0,34.58164603358986,0.9239497027534336,3947,0,0.0,,0.25000000000000006,0.36602540378443865,
331,390,42.652325928797815,38.29321017430898,1.0,24.7660229,2.0,1099.56063312773,88.84061829853249,41122,0.6246590541038767,37635,3487,0,0.9152035406838189,0.08479645931618111,0.0,True,4602.0,38.27351690422249,0.945660965305621,4900,0,0.0,,0.25000000000000006,0.36602540378443865,
331,416,42.652325928797815,34.20444360238115,1.0,24.7660229,2.0,1131.8435797271877,38.30069980125519,37502,0.5696698566948004,34634,2868,0,0.9235240787158018,0.07647592128419818,0.0,True,12.0,1.9544100476116797,0.05085850106720455,2930,0,0.0,,0.2553967929896867,0.36602540378443865,
331,488,42.652325928797815,28.597361594833735,7.0710678118654755,175.12222735611326,8.071067811865476,1061.0795565834221,10.17861987177834,5335,0.08104070944127674,4297,1038,0,0.80543580131209,0.19456419868791003,0.0,False,157.0,7.069275219628611,0.19843666590913617,1092,0,0.0,,0.122828568570857,0.23027281023427415,
342,357,31.641452200550493,29.055399218147787,1.0,24.7660229,2.0,1277.9086485948528,80.27745590359733,24076,0.3657237339284309,22420,1656,0,0.9312178102674863,0.06878218973251371,0.0,True,3778.0,34.67815955327447,1.1426674940371457,4222,0,0.0,,0.28989794855663564,0.38742588672279316,
342,417,31.641452200550493,38.93497157970428,1.0,24.7660229,2.0,1258.2301808965462,58.28380743948536,31152,0.4732109054385479,28832,2320,0,0.9255264509501797,0.07447354904982023,0.0,True,5132.0,40.41740139958547,1.145351357711981,5907,0,0.0,,0.2612038749637414,0.37406669614897287,
342,437,31.641452200550493,29.77906713866342,1.0,24.7660229,2.0,1293.5024250441074,56.46454238297198,8536,0.1296651351060428,8207,329,0,0.9614573570759137,0.038542642924086226,0.0,True,1980.0,25.104851615652017,0.8174744168802178,2186,0,0.0,,0.28989794855663564,0.37406669614897287,
342,445,31.641452200550493,23.773105676921663,1.0,24.7660229,2.0,1302.4227982243306,29.24717497016026,10407,0.1580863473580819,9737,670,0,0.9356202555971942,0.0643797444028058,0.0,True,1.0,0.5641895835477563,0.020362504192318675,1574,0,0.0,,0.28989794855663564,0.4,
345,456,46.75018804052571,41.65284001330634,1.0,24.7660229,2.0,1158.2540275772526,60.40492956868684,98236,1.4922427615132638,89682,8554,0,0.9129239789893725,0.08707602101062747,0.0,True,5977.0,43.6180947511525,0.9868009209954153,6217,0,0.0,,0.25,0.3516287047744073,
348,363,34.33211275173606,24.067116465841618,1.0,24.7660229,2.0,38.115016192274624,54.399649762702005,13977,0.21231602546592784,13977,0,0,1.0,0.0,0.0,True,2330.0,27.233472690941056,0.93266548397334,2417,0,0.0,,0.3090169943749474,,
348,365,34.33211275173606,25.53716137372213,1.0,24.7660229,2.0,23.950332432011002,88.29439071966036,4987,0.07575445510471361,4987,0,0,1.0,0.0,0.0,True,27.0,2.9316150714175193,0.09793387724308185,2851,0,0.0,,0.2989350844248255,,
348,374,34.33211275173606,12.238264433967235,1.0,24.7660229,2.0,14.972001478984245,69.16225076347413,1228,0.018653794038217028,1228,0,0,1.0,0.0,0.0,True,15.0,2.1850968611841584,0.0938406340352753,372,0,0.0,,0.3203772410170408,,
343,351,21.211621239041353,27.49560648592237,1.0,24.7660229,2.0,1333.5482185617052,85.3674075663039,8310,0.12623210786448166,7861,449,0,0.9459687123947051,0.054031287605294825,0.0,True,1557.0,22.262266119785785,0.914125773919824,1634,0,0.0,,0.3090169943749474,0.4142135623730951,
343,445,21.211621239041353,23.773105676921663,1.0,24.7660229,2.0,1333.2878446334275,82.1182055558011,10732,0.1630232228160791,10189,543,0,0.9494036526276556,0.05059634737234439,0.0,True,1543.0,22.161952855774896,0.985310098566393,1586,0,0.0,,0.3090169943749474,0.4142135623730951,
345,353,46.75018804052571,33.52401106648101,1.0,24.7660229,2.0,1137.119843288521,3.9158483660723924,61230,0.9301073362866682,56930,4300,0,0.9297729870978279,0.07022701290217213,0.0,True,1752.0,23.615226456547084,0.5883640501991837,1945,0,0.0,,0.25,0.36602540378443865,
345,367,46.75018804052571,31.774897896526937,1.0,24.7660229,2.0,1215.118221332058,8.379909671870793,63719,0.9679162071019143,59427,4292,0,0.9326417552064533,0.06735824479354667,0.0,True,12.0,1.9544100476116797,0.04977797920981267,3601,0,0.0,,0.25,0.3613020955135854,
335,494,61.977799958490536,29.416350207294837,1.0,24.7660229,2.0,1029.500277502933,74.69371386612859,160036,2.4310086178339576,157691,2345,0,0.9853470469144443,0.01465295308555575,0.0,True,4554.0,38.07339256857711,0.833169136088327,9267,0,0.0,,0.25,0.3567891723253309,
336,338,42.28109770339154,36.19419805065129,1.0,24.7660229,2.0,1122.5328716891158,39.436892623488504,56653,0.8605809394520434,53018,3635,0,0.9358374666831413,0.06416253331685877,0.0,True,5306.0,41.09686430971581,1.047383483294451,5764,0,0.0,,0.25,0.3567891723253309,
336,447,42.28109770339154,29.660321877616948,1.0,24.7660229,2.0,1104.1464448966456,81.9831297130586,39376,0.5981366401049134,36614,2762,0,0.9298557496952459,0.07014425030475417,0.0,True,4784.0,39.022999570807656,1.0848548665867352,5140,0,0.0,,0.2612038749637414,0.3797958971132712,
338,339,36.19419805065129,34.31610464627248,1.0,24.7660229,2.0,1176.0751463728914,39.0123565439125,38468,0.5843437695945706,35814,2654,0,0.9310075907247582,0.06899240927524176,0.0,True,5.0,1.2615662610100802,0.03578388441849988,1784,0,0.0,,0.2612038749637414,0.37406669614897287,
307,323,34.3637473125066,47.552089238852375,1.0,24.7660229,2.0,986.464208178816,9.765247039547292,13606,0.20668039225079876,8962,4644,0,0.658679994120241,0.3413200058797589,0.0,True,646.0,14.339741506551949,0.3501091390933016,2223,0,0.0,,0.21712927295533244,0.36602540378443865,
310,438,50.5431073627362,41.92642493935432,1.0,24.7660229,2.0,1011.9724226175356,89.08946889427817,112726,1.712351455009815,99427,13299,0,0.882023668009155,0.11797633199084506,0.0,True,833.0,16.283492720884475,0.3521915233157579,6338,0,0.0,,0.2402530733520421,0.3797958971132713,
315,320,61.7560654121121,56.638731690703345,1.0,24.7660229,2.0,1021.571418312548,85.18909038598949,180963,2.7488978261709023,174494,6469,0,0.9642523609798688,0.035747639020131186,0.0,True,988.0,17.733870630789692,0.2995717897196004,5999,0,0.0,,0.21712927295533244,0.34604203085127516,
315,323,61.7560654121121,47.552089238852375,1.0,24.7660229,2.0,1017.1433172213358,89.94534239616007,124147,1.8858408537968478,116050,8097,0,0.9347789314280651,0.06522106857193488,0.0,True,4262.0,36.832549937729205,0.6739213566515775,6643,0,0.0,,0.23166247903554,0.32992307237087687,
348,381,34.33211275173606,29.10292372940969,1.0,24.7660229,2.0,53.71156298617847,23.573085362855213,11251,0.17090703316284997,11251,0,0,1.0,0.0,0.0,True,3078.0,31.301083522359217,0.9868705137944571,3133,0,0.0,,0.2843646522044218,,
349,356,35.305221942758514,28.578666685092305,1.0,24.7660229,2.0,1305.6381581131777,84.6581714694025,16943,0.25737071041491133,16054,889,0,0.9475299533730744,0.05247004662692557,0.0,True,8.0,1.5957691216057308,0.049958421626514427,2897,0,0.0,,0.28989794855663564,0.38742588672279316,
349,370,35.305221942758514,20.817724568852537,1.0,24.7660229,2.0,1322.2459098536833,52.03229969408255,15992,0.24292465330551033,15268,724,0,0.954727363681841,0.04527263631815908,0.0,True,3354.0,32.67432261364318,1.1643837198349278,3405,0,0.0,,0.3090169943749474,0.40453726661826384,
349,383,35.305221942758514,28.28481806535178,1.0,24.7660229,2.0,1316.9609551556146,71.24985932511787,21320,0.32385903004461486,19954,1366,0,0.9359287054409006,0.06407129455909943,0.0,True,3183.0,31.830494305351365,1.0011157187915496,3279,0,0.0,,0.28172904669025317,0.3827822185373187,
351,474,27.49560648592237,21.023542588006684,1.0,24.7660229,2.0,1332.8941013268968,86.55003458463771,7018,0.10660612912068981,6663,355,0,0.9494157879737817,0.050584212026218295,0.0,True,10.0,1.7841241161527712,0.07354309175679423,1445,0,0.0,,0.3090169943749474,0.4142135623730951,
352,360,34.374324131935296,24.19040584896781,1.0,24.7660229,2.0,44.3640303801227,26.57218208011153,9874,0.14998987160696656,9812,62,0,0.9937208831274053,0.006279116872594693,0.0,True,26.0,2.876813695875796,0.09824389856536084,2453,0,0.0,,0.3090169943749474,0.4494897427831781,
352,365,34.374324131935296,25.53716137372213,1.0,24.7660229,2.0,45.65203709133804,41.16790998108342,5706,0.08667634265640582,5688,18,0,0.9968454258675079,0.0031545741324921135,0.0,True,27.0,2.9316150714175193,0.0978648767151897,3462,0,0.0,,0.3090169943749474,0.4142135623730951,
352,371,34.374324131935296,25.260724211764206,1.0,24.7660229,2.0,72.81828145318671,78.45826888935902,11286,0.1714386966737112,11278,8,0,0.999291157185894,0.000708842814105972,0.0,True,1.0,0.5641895835477563,0.018921409446878177,3501,0,0.0,,0.3090169943749474,0.3827822185373187,
354,408,27.698105422391375,19.62427927103071,2.0,49.5320458,3.0,122.67114126144628,83.58138052732106,928,0.014096678230835017,707,135,99,0.7618534482758621,0.14547413793103448,0.10668103448275862,True,1135.0,19.007412259921193,0.8033159099255311,1322,545,0.2919121585431173,0.4,0.25,0.40269974784927715,0.15000000000000002
355,358,32.25478386618418,35.649353299931725,1.0,24.7660229,2.0,54.19426281101756,24.765631185947587,15145,0.23005839634266848,14281,864,0,0.9429514691317267,0.057048530868273356,0.0,True,2818.0,29.949912508485266,0.8821233509003408,3066,0,0.0,,0.28989794855663564,0.4068781988545112,
355,359,32.25478386618418,28.49256906366139,1.0,24.7660229,2.0,72.54396907431567,75.32409955795865,8148,0.12377126532849539,7799,349,0,0.9571674030436917,0.0428325969563083,0.0,True,13.0,2.0342144725641096,0.06697294201159132,2915,0,0.0,,0.3090169943749474,0.39564392373895996,
355,379,32.25478386618418,25.074029918879084,1.0,24.7660229,2.0,76.47279866609324,83.34856484837988,5644,0.08573453872288021,5438,206,0,0.9635010630758327,0.03649893692416726,0.0,True,1670.0,23.055964736417568,0.8043412453241684,1847,0,0.0,,0.3090169943749474,0.3874258867227931,
352,376,34.374324131935296,31.71464608353948,1.0,24.7660229,2.0,70.86948062202823,84.63627620461396,13178,0.2001789070322671,13116,62,0,0.9952951889512824,0.004704811048717559,0.0,True,5.0,1.2615662610100802,0.03817781565961467,2095,0,0.0,,0.2989350844248255,0.32415583194475783,
353,443,33.52401106648101,26.672946068409505,1.0,24.7660229,2.0,1084.6439708459884,77.5602649579097,11792,0.1791250320021622,10931,861,0,0.9269843962008141,0.07301560379918588,0.0,True,765.0,15.604712843580296,0.5184552039271006,913,0,0.0,,0.29581631632448924,0.40269974784927715,
353,470,33.52401106648101,29.28851888446472,1.0,24.7660229,2.0,1093.0069299817205,87.52986296789481,39767,0.6040760810405347,37007,2760,0,0.9305957200694043,0.06940427993059572,0.0,True,2908.0,30.424416987387996,0.9687371933959146,3082,0,0.0,,0.28989794855663564,0.38742588672279304,
354,389,27.698105422391375,27.703290779975152,1.0,24.7660229,2.0,122.46380682618215,84.61380607329865,2599,0.03947981327795281,2294,111,230,0.8826471719892266,0.042708734128510964,0.08849557522123894,True,1017.0,17.99225261741606,0.6495234362576409,1079,228,0.17444529456771232,0.38742588672279304,0.30216947925196225,0.40269974784927715,0.0852564074708308
359,361,28.49256906366139,27.066428518183525,1.0,24.7660229,2.0,40.19786113722874,0.47917528542906884,6905,0.10488961549990926,6747,158,0,0.9771180304127444,0.02288196958725561,0.0,True,3412.0,32.9556267071208,1.1863290606916836,3578,0,0.0,,0.3090169943749474,0.41421356237309503,
359,376,28.49256906366139,31.71464608353948,1.0,24.7660229,2.0,69.22037454378881,76.97825941787391,13853,0.2104324175988766,13595,258,0,0.9813758752616761,0.018624124738323828,0.0,True,28.0,2.985410660720923,0.09917119246993505,3631,0,0.0,,0.3090169943749474,0.38742588672279304,
360,376,24.19040584896781,31.71464608353948,1.0,24.7660229,2.0,46.81355379195192,29.766420624468303,6367,0.09671718781867086,6345,22,0,0.9965446835244228,0.0034553164755771948,0.0,True,3126.0,31.544202386659418,1.1284920162400318,3194,0,0.0,,0.3090169943749474,0.4455040914477155,
361,376,27.066428518183525,31.71464608353948,1.0,24.7660229,2.0,44.29649062729739,31.20073165275144,4029,0.061202065293140394,4007,22,0,0.9945395879870935,0.005460412012906428,0.0,True,3656.0,34.11364747264559,1.1607017293843636,3769,0,0.0,,0.3090169943749474,0.3266316347104093,
349,385,35.305221942758514,39.405693989241755,1.0,24.7660229,2.0,1276.6762783032373,21.322770040153582,32346,0.4913482263519283,30164,2182,0,0.9325418908056637,0.06745810919433624,0.0,True,459.0,12.087358593107094,0.3235767743527241,3072,0,0.0,,0.2553967929896867,0.37406669614897287,
350,446,39.14637027687618,23.151236953954438,1.0,24.7660229,2.0,1086.262174700785,19.964477963769937,33525,0.5092576914749396,31153,2372,0,0.9292468307233408,0.07075316927665921,0.0,True,2609.0,28.817884951076994,0.9251682763448172,2781,0,0.0,,0.2843646522044218,0.38742588672279304,
351,357,27.49560648592237,29.055399218147787,1.0,24.7660229,2.0,1306.6097790883305,11.097348814323045,17467,0.2653304726918052,16357,1110,0,0.9364515944352207,0.0635484055647793,0.0,True,1675.0,23.09045385777095,0.8166239864451803,1960,0,0.0,,0.2989350844248255,0.4,
351,463,27.49560648592237,34.7303276562837,1.0,24.7660229,2.0,1308.9237569648724,48.55087469091381,11387,0.1729729256621965,10658,729,0,0.9359796258891718,0.06402037411082814,0.0,True,1642.0,22.861864165325283,0.7348017986545174,1950,0,0.0,,0.28989794855663564,0.38742588672279304,
356,370,28.578666685092305,20.817724568852537,1.0,24.7660229,2.0,1320.0723837414876,17.342856295202772,13189,0.20034600127853777,12361,828,0,0.9372204109485177,0.0627795890514823,0.0,True,875.0,16.688952945311364,0.6757154732018432,955,0,0.0,,0.3090169943749474,0.41421356237309503,
356,386,28.578666685092305,34.87669982172709,1.0,24.7660229,2.0,1267.9220764434772,4.248307714878286,25000,0.3797596506151675,23239,1761,0,0.92956,0.07044,0.0,True,2530.0,28.37823130579125,0.8944312472843888,2806,0,0.0,,0.28172904669025317,0.3761785115301142,
357,463,29.055399218147787,34.7303276562837,1.0,24.7660229,2.0,1284.1492334071168,85.61421703126268,17249,0.262018968538441,16168,1081,0,0.9373297002724795,0.06267029972752043,0.0,True,14.0,2.111004122822376,0.0661904857485781,2960,0,0.0,,0.28989794855663564,0.3827822185373187,
358,379,35.649353299931725,25.074029918879084,1.0,24.7660229,2.0,50.70086838219962,39.42807092392346,9449,0.14353395754650872,9056,393,0,0.9584082971743042,0.04159170282569584,0.0,True,3119.0,31.508864387775752,1.037783559398745,3296,0,0.0,,0.3090169943749474,0.4142135623730951,
362,389,26.537589161156795,27.703290779975152,1.0,24.7660229,2.0,122.00925240640345,84.27390907273418,3771,0.057282945698791866,3071,484,244,0.8143728453990984,0.12834791832405198,0.06470432246088571,True,1096.0,18.677998695187732,0.6887055931046513,1209,1054,0.4657534246575342,0.40937541449567943,0.28989794855663564,0.40269974784927715,0.11947746593904379
362,408,26.537589161156795,19.62427927103071,1.0,24.7660229,2.0,122.21658684166759,84.45563931896656,1501,0.022800769422934655,1327,143,33,0.8840772818121253,0.09526982011992005,0.021985343104596936,True,1311.0,20.42802635564556,0.8850606376843106,1675,489,0.22597042513863216,0.4,0.3090169943749474,0.4142135623730951,0.09098300562505263
363,364,24.067116465841618,31.87288067187972,1.0,24.7660229,2.0,72.2086673510152,44.597251316164616,7891,0.11986733612017146,7891,0,0,1.0,0.0,0.0,True,1.0,0.5641895835477563,0.020171241058834923,658,0,0.0,,0.3090169943749474,,
363,368,24.067116465841618,36.59075589264494,1.0,24.7660229,2.0,58.761233699243704,75.0857420360383,10047,0.1526178083892235,10047,0,0,1.0,0.0,0.0,True,4076.0,36.01987085047822,1.187640431487661,4136,0,0.0,,0.3090169943749474,,
368,372,36.59075589264494,30.35880049353886,1.0,24.7660229,2.0,50.755993961188366,41.486390047464425,31200,0.47394004396772904,31200,0,0,1.0,0.0,0.0,True,4202.0,36.572368555294425,1.0925350526397741,4348,0,0.0,,0.2989350844248255,,
369,378,35.56386517371273,28.53025794998907,1.0,24.7660229,2.0,54.15703073883149,39.97012616179427,13575,0.20620949028403596,12751,824,0,0.9393001841620626,0.06069981583793738,0.0,True,3193.0,31.880455871659734,0.9948012178942018,3426,0,0.0,,0.2989350844248255,0.4270509831248423,
371,381,25.260724211764206,29.10292372940969,1.0,24.7660229,2.0,79.81159188849321,82.98560208845744,10619,0.16130670919529855,10549,70,0,0.99340804218853,0.0065919578114700065,0.0,True,23.0,2.7057581899030048,0.09954292224211539,2321,0,0.0,,0.3090169943749474,0.46218939417668714,
372,377,30.35880049353886,16.74974690311119,1.0,24.7660229,2.0,21.202396635656726,43.15487593139722,4696,0.07133405277155307,4696,0,0,1.0,0.0,0.0,True,1833.0,24.154958525629645,1.0255021587588724,1859,0,0.0,,0.3090169943749474,,
364,368,31.87288067187972,36.59075589264494,1.0,24.7660229,2.0,79.7564165572546,63.784965452051374,10583,0.1607598552984127,10388,195,0,0.9815742228101673,0.01842577718983275,0.0,True,9059.0,53.69887576978646,1.5686831276973459,10126,0,0.0,,0.30216947925196225,0.44151844011225294,
365,371,25.53716137372213,25.260724211764206,1.0,24.7660229,2.0,50.050361334325736,5.492595457075467,2382,0.03618349951061316,2382,0,0,1.0,0.0,0.0,True,24.0,2.763953195770684,0.10882158435981767,713,0,0.0,,0.2989350844248255,,
365,374,25.53716137372213,12.238264433967235,1.0,24.7660229,2.0,13.905786019450305,47.86157721516789,1545,0.023469146408017352,1545,0,0,1.0,0.0,0.0,True,360.0,10.704744696916627,0.5667570632512964,384,0,0.0,,0.3333333333333333,,
366,369,29.4260950439713,35.56386517371273,1.0,24.7660229,2.0,49.57072759862382,18.266706073477078,13453,0.20435626318903394,12690,763,0,0.9432840258678362,0.05671597413216383,0.0,True,1677.0,23.104235090784048,0.7110093624737223,2705,0,0.0,,0.28989794855663564,0.4142135623730951,
366,378,29.4260950439713,28.53025794998907,1.0,24.7660229,2.0,27.064031988703878,80.62751782547382,9995,0.15182790831594395,9380,615,0,0.9384692346173087,0.061530765382691345,0.0,True,1717.0,23.378153788902335,0.8067503416351464,1852,0,0.0,,0.3090169943749474,0.44151844011225294,
366,382,29.4260950439713,22.557081925387322,1.0,24.7660229,2.0,20.446354492263993,85.40187977385845,7265,0.11035815446876768,6945,320,0,0.9559532002752925,0.0440467997247075,0.0,True,1759.0,23.66235596463902,0.9103851416617629,1819,0,0.0,,0.3090169943749474,0.4142135623730951,
367,407,31.774897896526937,34.52699541960367,1.0,24.7660229,2.0,1282.9063672769244,10.38445540996047,30781,0.4675752722234188,28957,1824,0,0.9407426659302817,0.05925733406971833,0.0,True,1442.0,21.424351935986913,0.6462666709632128,1581,0,0.0,,0.28172904669025317,0.3827822185373187,
367,475,31.774897896526937,38.14092534218218,1.0,24.7660229,2.0,1259.1627736139317,67.58862010143649,23674,0.359617198746539,22118,1556,0,0.9342738869646026,0.06572611303539748,0.0,True,13.0,2.0342144725641096,0.058190388908640076,4458,0,0.0,,0.2612038749637414,0.3797958971132712,
372,401,30.35880049353886,32.91600324323987,1.0,24.7660229,2.0,42.80277304249953,76.06428223099114,6065,0.09212969123923963,6065,0,0,1.0,0.0,0.0,True,32.0,3.1915382432114616,0.10087864536058189,2797,0,0.0,,0.28989794855663564,,
377,401,16.74974690311119,32.91600324323987,1.0,24.7660229,2.0,28.802164661262637,39.08510127260694,3156,0.047940858293658746,3156,0,0,1.0,0.0,0.0,True,979.0,17.652914166616544,0.71086872199044,1017,0,0.0,,0.3090169943749474,,
378,379,28.53025794998907,25.074029918879084,1.0,24.7660229,2.0,52.31486968309343,46.44812495636442,4982,0.07567850317459057,4816,166,0,0.9666800481734243,0.03331995182657567,0.0,True,1007.0,17.903576608797394,0.6679904657103105,1124,0,0.0,,0.3090169943749474,0.41421356237309503,
380,382,37.884288445993285,22.557081925387322,1.0,24.7660229,2.0,31.743989975811147,57.6453092893615,10498,0.15946867248632113,9724,774,0,0.9262716707944371,0.07372832920556296,0.0,True,2.0,0.7978845608028654,0.026401934830407786,5517,0,0.0,,0.3090169943749474,0.4195106216501436,
389,408,27.703290779975152,19.62427927103071,1.0,24.7660229,2.0,119.62951049634655,89.50138565810897,2475,0.037596205410901584,2227,43,245,0.8997979797979798,0.017373737373737375,0.09898989898989899,True,657.0,14.461313744703505,0.611115834982369,1088,417,0.2770764119601329,0.4142135623730951,0.3090169943749474,0.41421356237309503,0.1051965679981477
390,415,38.29321017430898,24.5279580952889,1.0,24.7660229,2.0,1108.7102652250583,62.46645871338811,25551,0.38812955331472576,23626,1925,0,0.9246604829556573,0.07533951704434269,0.0,True,4045.0,35.882634931306725,1.1423740092612071,4305,0,0.0,,0.28172904669025317,0.38742588672279316,
390,416,38.29321017430898,34.20444360238115,1.0,24.7660229,2.0,1130.9571980099058,31.31517291334024,15786,0.23979543378444135,14795,991,0,0.9372228556949196,0.06277714430508045,0.0,True,2.0,0.7978845608028654,0.02201132089765382,2077,0,0.0,,0.25000000000000006,0.36602540378443865,
390,424,38.29321017430898,27.720595820852214,1.0,24.7660229,2.0,1088.842174625394,72.98299344702674,12237,0.18588475378311217,11687,550,0,0.9550543433848165,0.04494565661518346,0.0,True,2495.0,28.18125557934844,0.8537988426667635,2639,0,0.0,,0.28989794855663564,0.3827822185373187,
380,394,37.884288445993285,37.507398412954494,1.0,24.7660229,2.0,49.39709649459125,83.9817052481222,36945,0.5612088116790945,34166,2779,0,0.9247800784950603,0.07521992150493978,0.0,True,21.0,2.5854414729132054,0.06858691138587662,5289,0,0.0,,0.27429188517743175,0.4270509831248423,
380,403,37.884288445993285,16.369611317413966,7.803118619434352,193.25221442032756,8.803118619434352,63.40188033666213,55.52158144788052,428,0.006501485218531667,428,0,0,1.0,0.0,0.0,False,5.0,1.2615662610100802,0.04650601215807796,1726,0,0.0,,0.10997418407885903,,
383,413,28.28481806535178,34.62803094110692,1.0,24.7660229,2.0,1306.1558380514084,53.155680533056405,3692,0.056082905202847935,3607,85,0,0.9769772481040087,0.023022751895991334,0.0,True,46.0,3.826519928662906,0.12164510077329581,2202,0,0.0,,0.2843646522044218,0.36602540378443865,
384,438,32.822385693266256,41.92642493935432,1.0,24.7660229,2.0,1005.3096372097717,80.82365525023879,48323,0.7340450238670695,43404,4919,0,0.8982058233139498,0.10179417668605012,0.0,True,80.0,5.046265044040321,0.13501927325217178,4519,5,0.0011052166224580018,,0.25000000000000006,0.3797958971132712,
388,402,42.347053691599946,32.831247327983434,1.0,24.7660229,2.0,1234.1238295539274,49.07539369426483,30576,0.46446124308837444,28564,2012,0,0.934196755625327,0.06580324437467294,0.0,True,3185.0,31.84049289027061,0.8470660405580701,3400,0,0.0,,0.2612038749637414,0.37406669614897287,
388,428,42.347053691599946,22.58176539703503,1.0,24.7660229,2.0,1278.929910396142,51.34054167304855,20054,0.30462800133746276,18753,1301,0,0.9351251620624315,0.06487483793756857,0.0,True,2361.0,27.414040951306866,0.8444336840281566,2590,0,0.0,,0.28989794855663564,0.38742588672279316,
388,429,42.347053691599946,27.864825746890848,1.0,24.7660229,2.0,1251.5474550321305,75.22213962565449,40572,0.616304341790343,37493,3079,0,0.9241102237996648,0.07588977620033521,0.0,True,19.0,2.4592453796829674,0.07005211651790043,5491,0,0.0,,0.27429188517743175,0.3827822185373187,
388,430,42.347053691599946,33.694986966241615,1.0,24.7660229,2.0,1279.6335155215902,47.693174927528204,39647,0.6022532347175819,37105,2542,0,0.9358841778697001,0.0641158221302999,0.0,True,1.0,0.5641895835477563,0.01483888592854527,4047,0,0.0,,0.2612038749637414,0.36602540378443865,
393,398,33.99922828691181,34.05606536081633,1.0,24.7660229,2.0,52.188526786169774,62.73384793863242,30757,0.4672107029588283,29040,1717,0,0.9441753096856,0.055824690314399975,0.0,True,3385.0,32.824974710304524,0.9646560304394572,3444,0,0.0,,0.28989794855663564,0.4270509831248423,
393,405,33.99922828691181,31.6970723496616,1.0,24.7660229,2.0,59.4667747940108,83.23277857195733,12406,0.18845192902127073,11873,533,0,0.9570369176205062,0.04296308237949379,0.0,True,4905.0,39.51341533873645,1.2029114259361862,5061,0,0.0,,0.28989794855663564,0.439607805437114,
394,395,37.507398412954494,22.604993512353257,1.0,24.7660229,2.0,30.464184549758965,39.6880277929544,12061,0.1832112458427814,11232,829,0,0.9312660641737832,0.06873393582621673,0.0,True,116.0,6.076507779746499,0.20217155182568092,3743,0,0.0,,0.3090169943749474,0.4142135623730951,
394,403,37.507398412954494,16.369611317413966,1.0,24.7660229,2.0,67.72597701566288,46.759928568719694,12392,0.18823926361692622,11808,584,0,0.9528728211749515,0.04712717882504842,0.0,True,4763.0,38.937257066894105,1.4454127005844806,4791,0,0.0,,0.3090169943749474,0.4270509831248423,
391,406,36.571012589635636,38.66368607552058,1.0,24.7660229,2.0,1144.1215590323486,14.56583355627874,31899,0.4845581237989291,29796,2103,0,0.934073168437882,0.06592683156211794,0.0,True,38.0,3.477898169151024,0.09245463146280292,4528,0,0.0,,0.2612038749637414,0.3660254037844387,
391,414,36.571012589635636,30.759468294589546,1.0,24.7660229,2.0,1147.1289094298547,30.02117171369325,23697,0.359966577625105,22178,1519,0,0.93589905895261,0.06410094104738996,0.0,True,13.0,2.0342144725641096,0.060424771837347874,2511,0,0.0,,0.2791745113185196,0.37406669614897287,
392,406,25.18178627951175,38.66368607552058,1.0,24.7660229,2.0,1095.6802529642775,43.75770758782746,24505,0.37224040953298715,23107,1398,0,0.9429504182819832,0.05704958171801673,0.0,True,1646.0,22.889693590315257,0.7170341997950958,1816,0,0.0,,0.28989794855663564,0.38742588672279316,
392,478,25.18178627951175,30.195427695744474,10.44030650891055,258.5648700826977,11.44030650891055,1051.4731750427986,17.592264265036636,6526,0.09913245919658333,4854,1672,0,0.7437940545510267,0.25620594544897335,0.0,False,1788.0,23.85661494212072,0.8616040147046903,2015,0,0.0,,0.11309410860626547,0.21089672205953394,
334,335,35.37759893979098,61.977799958490536,1.0,24.7660229,2.0,1009.8710371854149,75.89302603939429,56111,0.8523477502267065,50122,5989,0,0.8932651351784855,0.1067348648215145,0.0,True,39.0,3.523362819972964,0.07238145721439095,3131,0,0.0,,0.23166247903554,0.3567891723253309,
334,350,35.37759893979098,39.14637027687618,1.0,24.7660229,2.0,1034.062868202569,1.8235343770216035,12266,0.18632527497782578,11992,274,0,0.9776618294472526,0.022338170552747432,0.0,True,29.0,3.0382538898732494,0.08153762935090014,1084,0,0.0,,0.2612038749637414,0.3900959445746376,
335,350,61.977799958490536,39.14637027687618,1.0,24.7660229,2.0,1044.2050004437883,58.701455017860546,77650,1.1795334748107102,71967,5683,0,0.9268126207340631,0.0731873792659369,0.0,True,6542.0,45.63313790891832,0.9025169314656841,7142,0,0.0,,0.23166247903554,0.3333333333333333,
335,471,61.977799958490536,35.249398919213654,1.0,24.7660229,2.0,1011.6662099197642,81.1584194854961,84101,1.277526655055448,76964,7137,0,0.9151377510374431,0.08486224896255692,0.0,True,7188.0,47.833162783670154,0.9839461248664872,8717,0,0.0,,0.24025307335204216,0.3699677034698106,
387,438,40.61162415637666,41.92642493935432,1.0,24.7660229,2.0,1007.0480837866621,82.06230202726036,56668,0.8608087952424125,48873,7795,0,0.8624444130726335,0.1375555869273664,0.0,True,1002.0,17.859073490978144,0.43274765242547636,3805,0,0.0,,0.24025307335204216,0.3660254037844387,
387,473,40.61162415637666,25.631502964521264,1.0,24.7660229,2.0,1003.2594833705522,88.99477587526198,29870,0.45373683055500214,27893,1977,0,0.9338131904921326,0.06618680950786743,0.0,True,609.0,13.923028430838189,0.42036144837872086,2201,0,0.0,,0.2612038749637415,0.392280956059262,
387,489,40.61162415637666,21.008408010402515,1.0,24.7660229,2.0,1015.0023095111696,67.44716821443645,17174,0.26087968958659546,17107,67,0,0.9960987539303598,0.0039012460696401536,0.0,True,1761.0,23.675804306710585,0.7684450486046575,2124,0,0.0,,0.3090169943749474,0.4364916731037084,
388,400,42.347053691599946,31.208081119135304,1.0,24.7660229,2.0,1217.3623400680517,6.52752045957114,23773,0.3611210469629751,22403,1370,0,0.9423715980313802,0.05762840196861986,0.0,True,24.0,2.763953195770684,0.0751532358110039,2887,0,0.0,,0.2612038749637414,0.3761785115301142,
385,386,39.405693989241755,34.87669982172709,1.0,24.7660229,2.0,1238.9601966335367,79.27740197109962,16600,0.2521604080084712,15731,869,0,0.9476506024096386,0.052349397590361446,0.0,True,1.0,0.5641895835477563,0.015190398548099717,3769,0,0.0,,0.25,0.3660254037844387,
385,391,39.405693989241755,36.571012589635636,1.0,24.7660229,2.0,1211.6508344724716,8.412334308386493,47621,0.7233813728777957,44623,2998,0,0.9370445811721719,0.06295541882782806,0.0,True,3561.0,33.6675140855466,0.8862588443628762,3896,0,0.0,,0.252650308587072,0.37406669614897287,
386,391,34.87669982172709,36.571012589635636,1.0,24.7660229,2.0,1205.0701587249073,47.45330426420889,25164,0.382250873923203,22632,2532,0,0.899380066762041,0.100619933237959,0.0,True,3799.0,34.77440520860451,0.9734224941559962,3988,0,0.0,,0.2572842744474721,0.3761785115301142,
387,424,40.61162415637666,27.720595820852214,4.0,99.0640916,5.0,1040.9121448573546,0.66376379714406,7436,0.11295571047897542,5923,1513,0,0.7965303926842389,0.20346960731576116,0.0,False,337.0,10.357143990692485,0.3031408607577484,713,0,0.0,,0.2025519956555797,0.35922570293119094,
395,398,22.604993512353257,34.05606536081633,1.0,24.7660229,2.0,23.93886949476675,57.75656725018529,7953,0.12080914005369708,7633,320,0,0.9597636112158934,0.040236388784106625,0.0,True,4224.0,36.667982753900326,1.2942921817249524,4281,0,0.0,,0.3090169943749474,0.4494897427831781,
396,400,23.28571145617328,31.208081119135304,1.0,24.7660229,2.0,1162.2668151429302,48.581713533853225,13094,0.19890291460620013,12498,596,0,0.9544829692989155,0.04551703070108447,0.0,True,1778.0,23.789808272341748,0.8731199334113159,1891,0,0.0,,0.3090169943749474,0.4,
396,412,23.28571145617328,35.258298957101296,1.0,24.7660229,2.0,1145.7817885607074,84.41461525265552,16717,0.2539376831733502,15463,1254,0,0.9249865406472453,0.07501345935275468,0.0,True,3543.0,33.58231568473458,1.1472502634400992,3624,0,0.0,,0.28989794855663564,0.4,
396,415,23.28571145617328,24.5279580952889,1.0,24.7660229,2.0,1133.361946054398,33.70214620677054,8137,0.12360417108222471,7706,431,0,0.9470320757035763,0.052967924296423746,0.0,True,32.0,3.1915382432114616,0.1334989877644253,1860,0,0.0,,0.3090169943749474,0.41421356237309503,
397,410,26.537815153383132,24.688932313866264,1.0,24.7660229,2.0,1238.9111396264893,7.275602593705947,7449,0.1131531854972953,7146,303,0,0.959323399113975,0.04067660088602497,0.0,True,510.0,12.741194683142286,0.4974430473567765,571,0,0.0,,0.3090169943749474,0.40269974784927715,
397,421,26.537815153383132,31.058248758637,1.0,24.7660229,2.0,1294.2702407834354,17.84086492576515,8791,0.1335386835423175,8245,546,0,0.9378910249118416,0.062108975088158346,0.0,True,1745.0,23.568002702620237,0.8183893516967108,1893,0,0.0,,0.28989794855663564,0.39564392373895996,
397,428,26.537815153383132,22.58176539703503,1.0,24.7660229,2.0,1281.1290395807612,41.892797397921626,4947,0.07514683966372934,4680,267,0,0.9460278956943602,0.053972104305639784,0.0,True,1274.0,20.137695871130575,0.8199457587167502,1389,0,0.0,,0.3090169943749474,0.41421356237309503,
397,429,26.537815153383132,27.864825746890848,1.0,24.7660229,2.0,1253.7465842167494,63.314017640213955,17168,0.2607885472704478,15995,1173,0,0.9316752096924511,0.06832479030754893,0.0,True,3966.0,35.530508138850394,1.3062052705853644,4099,0,0.0,,0.28989794855663564,0.40269974784927715,
398,425,34.05606536081633,11.152890083030202,1.0,24.7660229,2.0,22.499280843454105,38.37758080045307,3047,0.04628510621697662,2960,87,0,0.971447325237939,0.028552674762061043,0.0,True,700.0,14.927053303604616,0.6603582479203847,795,0,0.0,,0.3203772410170408,0.4270509831248423,
399,412,22.02311924161695,35.258298957101296,1.0,24.7660229,2.0,1111.6575753703542,5.052924712108734,8865,0.1346627721081384,8416,449,0,0.9493513818386915,0.050648618161308515,0.0,True,1.0,0.5641895835477563,0.019698869242046137,984,0,0.0,,0.28989794855663564,0.3827822185373187,
399,424,22.02311924161695,27.720595820852214,1.0,24.7660229,2.0,1079.3696422643802,88.79614315067901,10691,0.16240041698907023,10211,480,0,0.9551024225984472,0.04489757740155271,0.0,True,1862.0,24.34528718405717,0.9788286682441738,2003,0,0.0,,0.3090169943749474,0.41421356237309503,
399,439,22.02311924161695,32.09937449450982,1.0,24.7660229,2.0,1078.8615617506748,88.17999626663557,6257,0.09504624535596412,5968,289,0,0.9538117308614352,0.04618826913856481,0.0,True,1612.0,22.65205369339104,0.8370661486453567,1711,0,0.0,,0.3090169943749474,0.4,
404,436,31.923247807870602,32.918133077654346,1.0,24.7660229,2.0,50.34072624352683,84.58008100566263,18488,0.28083985682292867,18373,115,0,0.9937797490263955,0.0062202509736045,0.0,True,4797.0,39.07598398023579,1.205279204316237,4987,0,0.0,,0.2989350844248255,0.39564392373895996,
404,444,31.923247807870602,13.212281685620384,1.0,24.7660229,2.0,27.695980242212652,31.4275449231787,3572,0.05426005887989513,3511,61,0,0.9829227323628219,0.01707726763717805,0.0,True,45.0,3.7846987830302403,0.16770375026069134,915,0,0.0,,0.3203772410170408,0.4270509831248423,
405,433,31.6970723496616,17.3145131885235,1.0,24.7660229,2.0,35.02230477765245,37.57295723018497,5737,0.08714724462316864,5641,96,0,0.9832665156004881,0.01673348439951194,0.0,True,58.0,4.296739856991561,0.17533568072977176,1084,0,0.0,,0.3203772410170408,0.4270509831248423,
406,414,38.66368607552058,30.759468294589546,1.0,24.7660229,2.0,1113.4896718983612,83.50148348930541,43573,0.6618906902501878,40082,3491,0,0.9198815780414477,0.08011842195855232,0.0,True,4757.0,38.912724507239176,1.1210301479470919,5044,0,0.0,,0.27429188517743175,0.3827822185373187,
407,475,34.52699541960367,38.14092534218218,1.0,24.7660229,2.0,1294.2763412599534,54.80635266051021,44483,0.6757139415325798,41123,3360,0,0.9244655261560596,0.07553447384394038,0.0,True,4259.0,36.81958453400533,1.0133655717136683,4491,0,0.0,,0.2612038749637414,0.3797958971132712,
409,418,18.931881114431135,27.522001409434225,1.0,24.7660229,2.0,35.30022332026697,13.837908982603407,3323,0.050477652759768066,3323,0,0,1.0,0.0,0.0,True,7.0,1.4927053303604616,0.06426611724406865,1255,0,0.0,,0.3090169943749474,,
409,434,18.931881114431135,25.117243444300332,1.0,24.7660229,2.0,34.49415475265946,21.882996064616826,2658,0.040376046053404606,2657,1,0,0.9996237772761475,0.0003762227238525207,0.0,True,1211.0,19.633473257897354,0.8914353442697688,1252,0,0.0,,0.3090169943749474,0.4142135623730951,
410,411,24.688932313866264,27.9728399199959,1.0,24.7660229,2.0,1205.8479494735413,58.83981084327885,8272,0.1256548731955466,7955,317,0,0.9616779497098646,0.0383220502901354,0.0,True,2.0,0.7978845608028654,0.030302229756324676,2209,0,0.0,,0.3090169943749474,0.41421356237309503,
400,402,31.208081119135304,32.831247327983434,1.0,24.7660229,2.0,1193.3175067026086,62.57716860098629,11307,0.17175769478022795,10391,916,0,0.9189882373750774,0.08101176262492261,0.0,True,2815.0,29.93396615230549,0.9348619630520901,2977,0,0.0,,0.2572842744474721,0.38742588672279316,
400,415,31.208081119135304,24.5279580952889,1.0,24.7660229,2.0,1147.651148128201,12.76512783375129,2598,0.0394646228919282,2491,107,0,0.9588144726712856,0.041185527328714396,0.0,True,26.0,2.876813695875796,0.10322992937507806,590,0,0.0,,0.3090169943749474,0.3797958971132712,
400,416,31.208081119135304,34.20444360238115,1.0,24.7660229,2.0,1169.8980809130485,78.37532220203315,10638,0.16159532652976608,10103,535,0,0.9497085918405715,0.050291408159428466,0.0,True,73.0,4.820437914901168,0.14738577773670794,1208,0,0.0,,0.27429188517743175,0.38742588672279316,
401,418,32.91600324323987,27.522001409434225,1.0,24.7660229,2.0,56.1047552975171,76.02551956956364,11124,0.16897785413772493,11067,57,0,0.9948759439050702,0.005124056094929882,0.0,True,2627.0,28.917124182823198,0.9569185597375195,2764,0,0.0,,0.3090169943749474,0.4494897427831781,
402,412,32.831247327983434,35.258298957101296,1.0,24.7660229,2.0,1176.8324801203862,10.86198922653042,33913,0.515151561252487,32015,1898,0,0.9440332615811046,0.055966738418895406,0.0,True,2357.0,27.39080870903951,0.8045525401023143,2506,0,0.0,,0.2791745113185196,0.38742588672279316,
402,417,32.831247327983434,38.93497157970428,1.0,24.7660229,2.0,1226.2786581612233,62.89574387379907,25043,0.3804128372142256,23460,1583,0,0.9367887233957592,0.06321127660424071,0.0,True,3682.0,34.23473383756207,0.9540626316567665,3809,0,0.0,,0.2572842744474721,0.3660254037844387,
402,427,32.831247327983434,21.446885903072037,1.0,24.7660229,2.0,1206.5681390119132,82.33996744665875,1204,0.018289224773626465,1126,78,0,0.9352159468438538,0.06478405315614617,0.0,True,1640.0,22.847936741452536,0.8418836603754084,1871,0,0.0,,0.2612038749637414,0.392280956059262,
404,405,31.923247807870602,31.6970723496616,1.0,24.7660229,2.0,51.322448401048035,81.03063330987355,21501,0.32660848991506863,20771,730,0,0.966048090786475,0.03395190921352495,0.0,True,2.0,0.7978845608028654,0.0250826955547284,7096,0,0.0,,0.2989350844248255,0.4305008740430604,
410,416,24.688932313866264,34.20444360238115,1.0,24.7660229,2.0,1189.247751286867,14.269801670791285,21389,0.3249071666803127,20278,1111,0,0.9480574126887652,0.051942587311234745,0.0,True,801.0,15.967661658277217,0.5422566259738588,1158,0,0.0,,0.28989794855663564,0.38742588672279316,
410,429,24.688932313866264,27.864825746890848,1.0,24.7660229,2.0,1230.0908025546305,51.33266236118014,7220,0.10967458709766037,6866,354,0,0.9509695290858726,0.049030470914127426,0.0,True,1732.0,23.480049464818542,0.8935630992430031,1805,0,0.0,,0.3090169943749474,0.38742588672279316,
411,416,27.9728399199959,34.20444360238115,1.0,24.7660229,2.0,1179.8403427960382,52.559851759279574,20065,0.3047950955837334,18341,1724,0,0.9140792424619985,0.08592075753800149,0.0,True,23.0,2.7057581899030048,0.08703365720148346,1746,0,0.0,,0.28172904669025317,0.38742588672279316,
412,415,35.258298957101296,24.5279580952889,1.0,24.7660229,2.0,1131.166121545978,68.90830672046364,1203,0.01827403438760186,1170,33,0,0.972568578553616,0.02743142144638404,0.0,True,1029.0,18.098090310392436,0.6054264375350753,1205,0,0.0,,0.25830033397671404,0.4142135623730951,
415,424,24.5279580952889,27.720595820852214,1.0,24.7660229,2.0,1098.8781884400041,33.33495492066486,11676,0.17736294722330784,11039,637,0,0.9454436450839329,0.05455635491606715,0.0,True,907.0,16.991382132383997,0.6504058336104441,993,0,0.0,,0.3090169943749474,0.4,
417,427,38.93497157970428,21.446885903072037,1.0,24.7660229,2.0,1222.767800984652,16.668707590176563,23095,0.35082196523829173,21785,1310,0,0.9432777657501624,0.056722234249837626,0.0,True,2226.0,26.61874915628302,0.8816803677785471,2313,0,0.0,,0.28989794855663564,0.3898534213910276,
417,437,38.93497157970428,29.77906713866342,1.0,24.7660229,2.0,1277.750564281523,7.153889956700032,31898,0.4845429334129045,30172,1726,0,0.9458900244529438,0.054109975547056245,0.0,True,2.0,0.7978845608028654,0.02322333472707334,2594,0,0.0,,0.27429188517743175,0.37406669614897287,
418,434,27.522001409434225,25.117243444300332,1.0,24.7660229,2.0,61.00090095932126,87.26130665898664,9844,0.14953416002622835,9807,37,0,0.996241365298659,0.0037586347013409183,0.0,True,38.0,3.477898169151024,0.13214088381453218,2873,0,0.0,,0.3090169943749474,0.4142135623730951,
432,493,35.356349828359015,30.468832331292894,1.0,24.7660229,2.0,1081.494165143001,30.60708693379512,43365,0.6587310899570695,40590,2775,0,0.936008301625735,0.06399169837426497,0.0,True,2166.0,26.257555359821495,0.7977966637794215,2636,0,0.0,,0.28172904669025317,0.3827822185373187,
434,436,25.117243444300332,32.918133077654346,1.0,24.7660229,2.0,56.72922357798049,81.31441072368952,13155,0.19982952815370114,13102,53,0,0.9959711136450019,0.004028886354998099,0.0,True,3.0,0.9772050238058398,0.03367618450570972,3202,0,0.0,,0.3090169943749474,0.4721359549995794,
435,442,22.05228528062946,18.37078777560784,1.0,24.7660229,2.0,1340.603083301925,89.5661394042444,2988,0.04538887344152482,2851,137,0,0.9541499330655957,0.045850066934404285,0.0,True,450.0,11.968268412042981,0.5921503491529461,1022,0,0.0,,0.3203772410170408,0.4364916731037084,
436,440,32.918133077654346,17.204990666302162,1.0,24.7660229,2.0,33.548790459984204,8.677646550096286,8653,0.13144241027092177,8553,100,0,0.9884433144574136,0.011556685542586386,0.0,True,9.0,1.692568750643269,0.06753644323084898,38,0,0.0,,0.3090169943749474,0.4270509831248423,
419,431,39.086352630757524,29.24736513409378,1.0,24.7660229,2.0,1128.9085785537538,24.081007238571726,33448,0.5080880317510449,31045,2403,0,0.9281571394403253,0.07184286055967472,0.0,True,3268.0,32.252700786889584,0.9439761757988046,3427,0,0.0,,0.27792629762666365,0.3761785115301142,
419,456,39.086352630757524,41.65284001330634,1.0,24.7660229,2.0,1117.347523356921,67.99813260920686,32683,0.49646738644222077,30657,2026,0,0.9380105865434629,0.06198941345653704,0.0,True,11.0,1.8712051592547776,0.04635184222125989,4741,0,0.0,,0.25,0.3516287047744073,
421,428,31.058248758637,22.58176539703503,1.0,24.7660229,2.0,1312.832359075588,29.20192671948724,15397,0.23388637362086936,14549,848,0,0.9449243359095928,0.05507566409040722,0.0,True,4.0,1.1283791670955126,0.042072291920757995,1494,0,0.0,,0.3090169943749474,0.4,
422,427,36.37402024283399,21.446885903072037,1.0,24.7660229,2.0,1172.624363856154,11.595442044778412,13466,0.2045537382073538,12650,816,0,0.9394029407396406,0.06059705926035942,0.0,True,1696.0,23.23474912642073,0.8036798685855895,1767,0,0.0,,0.28989794855663564,0.38742588672279316,
412,422,35.258298957101296,36.37402024283399,1.0,24.7660229,2.0,1142.8887049646269,88.45693888781982,46953,0.7132341950133584,44220,2733,0,0.9417928566864737,0.05820714331352629,0.0,True,6135.0,44.19084918552206,1.233824331784639,6845,0,0.0,,0.2612038749637414,0.3797958971132712,
413,423,34.62803094110692,36.944999349254154,1.0,24.7660229,2.0,1306.4749663567738,43.854368398280556,51394,0.7806946993486367,48057,3337,0,0.9350702416624509,0.06492975833754913,0.0,True,6064.0,43.934395976484154,1.2276801973662113,6316,0,0.0,,0.2612038749637414,0.3761785115301142,
413,426,34.62803094110692,46.46444531804135,1.0,24.7660229,2.0,1257.1526616093442,23.407855228181386,62927,0.9558854213704258,58777,4150,0,0.9340505665294706,0.06594943347052934,0.0,True,7130.0,47.63978892155618,1.174949665350287,7840,0,0.0,,0.25,0.35388936786452296,
414,419,30.759468294589546,39.086352630757524,1.0,24.7660229,2.0,1108.5638284442089,73.06995005789891,40423,0.6140409742726766,37455,2968,0,0.9265764539989609,0.07342354600103901,0.0,True,4522.0,37.93938989128715,1.086375373319406,5095,0,0.0,,0.27429188517743175,0.38742588672279304,
422,439,36.37402024283399,32.09937449450982,1.0,24.7660229,2.0,1110.0926913449475,2.1107125286952466,38397,0.5832652521868235,35352,3045,0,0.920696929447613,0.0793030705523869,0.0,True,2138.0,26.087286878112575,0.7619685566395665,2326,0,0.0,,0.27429188517743175,0.38742588672279316,
426,431,46.46444531804135,29.24736513409378,1.0,24.7660229,2.0,1192.6451978583427,4.581271219152725,34248,0.5202403405707302,32045,2203,0,0.9356750759168418,0.06432492408315814,0.0,True,13.0,2.0342144725641096,0.053735723935703174,3341,0,0.0,,0.2553967929896867,0.37406669614897287,
428,429,22.58176539703503,27.864825746890848,1.0,24.7660229,2.0,1272.3087025089021,2.017127588244182,8631,0.1311082217783804,8244,387,0,0.9551616266944735,0.04483837330552659,0.0,True,999.0,17.83231830967603,0.7069781289601831,1031,0,0.0,,0.3090169943749474,0.4,
430,435,33.694986966241615,22.05228528062946,1.0,24.7660229,2.0,1320.9473385998717,6.599629272871748,21028,0.31942343732542966,19786,1242,0,0.9409358949971467,0.05906410500285334,0.0,True,1933.0,24.8051004834342,0.8899126175568682,2154,0,0.0,,0.3090169943749474,0.41421356237309503,
430,437,33.694986966241615,29.77906713866342,1.0,24.7660229,2.0,1307.060588276447,79.68042837388755,6217,0.09443862991497985,5918,299,0,0.9519060640180151,0.04809393598198488,0.0,True,280.0,9.440697438826296,0.29746634501156766,750,0,0.0,,0.2612038749637414,0.37406669614897287,
430,442,33.694986966241615,18.37078777560784,1.0,24.7660229,2.0,1320.7541128258636,52.01464051570591,2138,0.032477045320609126,2091,47,0,0.9780168381665107,0.021983161833489244,0.0,True,1077.0,18.515392175699183,0.7112308332105495,1244,0,0.0,,0.3090169943749474,0.4,
431,456,29.24736513409378,41.65284001330634,1.0,24.7660229,2.0,1145.6254673181247,68.12005304040778,33630,0.5108526820075233,31502,2128,0,0.9367231638418079,0.06327683615819209,0.0,True,5515.0,41.89843699117672,1.1818988930728962,5763,0,0.0,,0.2553967929896867,0.3660254037844387,
432,467,35.356349828359015,24.82319226252877,1.0,24.7660229,2.0,1028.166926907468,12.116857442768467,8040,0.12213070363783786,8028,12,0,0.9985074626865672,0.0014925373134328358,0.0,True,58.0,4.296739856991561,0.14279735962438175,841,0,0.0,,0.28989794855663564,0.3950628172860351,
437,445,29.77906713866342,23.773105676921663,1.0,24.7660229,2.0,1321.9431816093074,56.60333448003555,23563,0.35793106589780765,22289,1274,0,0.9459321818104656,0.05406781818953444,0.0,True,4.0,1.1283791670955126,0.042141302874161804,2283,0,0.0,,0.3090169943749474,0.40453726661826384,
438,473,41.92642493935432,25.631502964521264,1.0,24.7660229,2.0,1007.4933752828447,83.48548426058697,32155,0.48844686262122844,29692,2463,0,0.9234022702534598,0.0765977297465402,0.0,True,398.0,11.255546841497692,0.3332117248330228,1498,0,0.0,,0.2612038749637415,0.392280956059262,
441,446,36.18113310959485,23.151236953954438,1.0,24.7660229,2.0,1134.2106563528346,9.8562051788943,29716,0.4513975111072127,28178,1538,0,0.9482433705747745,0.051756629425225464,0.0,True,16.0,2.256758334191025,0.07607174066277388,758,0,0.0,,0.28989794855663564,0.4,
441,468,36.18113310959485,20.90385348150117,1.0,24.7660229,2.0,1198.4738797671323,4.955607442091222,17559,0.266727988206069,16780,779,0,0.9556352867475368,0.04436471325246313,0.0,True,2169.0,26.275732970416676,0.9205829602319675,2559,0,0.0,,0.2989350844248255,0.4,
441,491,36.18113310959485,25.651231523354593,1.0,24.7660229,2.0,1172.1552567652561,75.0638567397319,23183,0.3521587192084571,21963,1220,0,0.9473752318509252,0.052624768149074755,0.0,True,12.0,1.9544100476116797,0.06321640969784961,2824,0,0.0,,0.28989794855663564,0.38742588672279316,
441,503,36.18113310959485,23.61976767760477,1.0,24.7660229,2.0,1152.4920701274164,68.67848587549666,9302,0.14130097080089152,8657,645,0,0.9306600731025586,0.06933992689744141,0.0,True,2737.0,29.516337145469713,0.9871535965822,2896,0,0.0,,0.27429188517743175,0.392280956059262,
441,506,36.18113310959485,13.908851814609001,1.0,24.7660229,2.0,1172.4828036907456,73.10228419145321,8096,0.12298136525521584,7689,407,0,0.9497282608695652,0.050271739130434784,0.0,True,4.0,1.1283791670955126,0.045054082919089536,2925,0,0.0,,0.3090169943749474,0.41421356237309503,
443,455,26.672946068409505,27.97202630370673,5.477225575051661,135.6490940201951,6.477225575051661,1053.0656748504412,42.57707112332349,6886,0.10460099816544173,5759,1127,0,0.8363345919256462,0.16366540807435376,0.0,True,5728.0,42.69987152276635,1.5628106180379322,5920,0,0.0,,0.21551468935838852,0.31117804156868345,
449,450,21.799189807982298,33.465635046014754,1.0,24.7660229,2.0,1301.8417303134936,19.875410723239764,16545,0.25132493677711787,15729,816,0,0.9506799637352674,0.049320036264732546,0.0,True,1.0,0.5641895835477563,0.02041767381108242,1501,0,0.0,,0.29581631632448924,0.4,
449,466,21.799189807982298,20.859872132929482,1.0,24.7660229,2.0,1288.1470983835522,60.89831931644109,19061,0.2895439480150283,17973,1088,0,0.9429200986307119,0.057079901369288075,0.0,True,2056.0,25.582125126616702,1.1993758869827562,2406,0,0.0,,0.3090169943749474,0.4270509831248423,
449,468,21.799189807982298,20.90385348150117,1.0,24.7660229,2.0,1257.2411831589477,7.638600445991964,8687,0.1319588833957584,8205,482,0,0.9445147922182572,0.05548520778174283,0.0,True,1114.0,18.83075179616424,0.8819395689675219,1267,0,0.0,,0.3090169943749474,0.4142135623730951,
450,466,33.465635046014754,20.859872132929482,1.0,24.7660229,2.0,1308.1604271483732,52.44846827045152,26005,0.39502598856989724,24518,1487,0,0.9428186887137089,0.0571813112862911,0.0,True,478.0,12.334995970645954,0.4541143419062939,659,0,0.0,,0.3090169943749474,0.40453726661826384,
451,495,21.61800414691059,16.101842226824047,1.0,24.7660229,2.0,1000.6606854741119,70.98146445312447,5179,0.0786710092214381,5141,38,0,0.9926626761923151,0.007337323807684881,0.0,True,331.0,10.264529815185629,0.544250881272576,1207,0,0.0,,0.3333333333333333,0.4772255750516612,
452,458,28.09818091059397,14.843039762118845,1.0,24.7660229,2.0,1334.1804625238638,68.20388072461478,2164,0.0328719953572489,2085,79,0,0.9634935304990758,0.03650646950092421,0.0,True,274.0,9.338999347593866,0.4349666451623893,423,0,0.0,,0.3090169943749474,0.41421356237309503,
452,472,28.09818091059397,31.620693374742167,1.0,24.7660229,2.0,1297.4048286659431,12.064275134670668,35320,0.5365244343891087,33043,2277,0,0.9355322763306908,0.06446772366930917,0.0,True,278.0,9.40692023773423,0.31504010583950615,513,0,0.0,,0.28989794855663564,0.38742588672279316,
454,457,31.793094281096177,26.19486890275673,1.0,24.7660229,2.0,1090.8352700179184,11.368770899651656,7875,0.11962428994377776,7600,275,0,0.9650793650793651,0.03492063492063492,0.0,True,1874.0,24.42361002612889,0.8423682669692316,1984,0,0.0,,0.26968623182294527,0.3827822185373187,
443,456,26.672946068409505,41.65284001330634,1.0,24.7660229,2.0,1105.7781551347202,17.611757676381448,42138,0.6400924863048771,40067,2071,0,0.9508519625990792,0.04914803740092078,0.0,True,1.0,0.5641895835477563,0.01651468986754138,3116,0,0.0,,0.27429188517743175,0.3761785115301142,
447,448,29.660321877616948,34.05325202918995,1.0,24.7660229,2.0,1091.8835970927666,37.50090350607889,41478,0.6300668315286367,39136,2342,0,0.9435363325136217,0.05646366748637832,0.0,True,3667.0,34.16492869355884,1.072453689178745,3921,0,0.0,,0.28989794855663564,0.38742588672279304,
447,465,29.660321877616948,28.66947770335135,1.0,24.7660229,2.0,1140.7467501968774,2.4144283955083874,22705,0.3448977146886951,20981,1724,0,0.9240695881964325,0.0759304118035675,0.0,True,15.0,2.1850968611841584,0.07492214534874234,2233,0,0.0,,0.28989794855663564,0.38742588672279316,
448,454,34.05325202918995,31.793094281096177,1.0,24.7660229,2.0,1066.1777952647562,77.26259597539226,27353,0.41550262893106704,25380,1973,0,0.9278689723247907,0.0721310276752093,0.0,True,2035.0,25.451141789397465,0.7730464396449478,2230,0,0.0,,0.27429188517743175,0.38742588672279316,
458,474,14.843039762118845,21.023542588006684,1.0,24.7660229,2.0,1338.9592503396693,73.13878390384444,2924,0.04441668873594999,2804,120,0,0.9589603283173734,0.04103967168262654,0.0,True,10.0,1.7841241161527712,0.0994867087550385,511,0,0.0,,0.3333333333333333,0.4494897427831781,
459,469,25.012236596239067,29.817066802088114,1.0,24.7660229,2.0,1296.129514191653,33.85559330024905,18047,0.2741408965860771,16631,1416,0,0.9215382057959771,0.07846179420402283,0.0,True,1272.0,20.12188299403865,0.7339828065243141,1487,0,0.0,,0.28989794855663564,0.41421356237309503,
459,472,25.012236596239067,31.620693374742167,1.0,24.7660229,2.0,1269.19206070485,87.00851589367544,31294,0.47536794025404205,29442,1852,0,0.9408193263884451,0.05918067361155493,0.0,True,3992.0,35.64678198162763,1.2588711903089977,4956,0,0.0,,0.3090169943749474,0.4,
459,477,25.012236596239067,25.76441594630347,1.0,24.7660229,2.0,1246.696895992753,10.460827292712102,18021,0.27374594654943735,17095,926,0,0.9486155041340658,0.05138449586593419,0.0,True,685.0,14.766254502611575,0.5816159105896107,1024,0,0.0,,0.3090169943749474,0.41421356237309503,
459,482,25.012236596239067,29.253596724714097,1.0,24.7660229,2.0,1257.3399048311662,65.90398301749427,11607,0.17631481058760995,11127,480,0,0.9586456448694753,0.041354355130524684,0.0,True,3013.0,30.96881797989328,1.141374455515293,3358,0,0.0,,0.29581631632448924,0.41421356237309503,
460,468,24.85659563835499,20.90385348150117,1.0,24.7660229,2.0,1232.677557543946,89.9234379348216,14090,0.21403253908670838,13264,826,0,0.9413768630234208,0.058623136976579136,0.0,True,2238.0,26.69040136976819,1.1665270723134933,2509,0,0.0,,0.3090169943749474,0.4142135623730951,
460,491,24.85659563835499,25.651231523354593,1.0,24.7660229,2.0,1206.35893454207,29.10695246732662,7919,0.12029266692886045,7372,547,0,0.9309256219219598,0.06907437807804016,0.0,True,1866.0,24.371422765586612,0.9650552848990026,1944,0,0.0,,0.3090169943749474,0.40269974784927715,
461,476,43.02717676145413,29.212810702630904,1.0,24.7660229,2.0,1133.9629936522906,40.860821007892426,27903,0.4238573412446007,26251,1652,0,0.9407948966060997,0.059205103393900296,0.0,True,3567.0,33.695865681379686,0.9328868086565487,4707,0,0.0,,0.2612038749637414,0.35388936786452296,
454,471,31.793094281096177,35.249398919213654,1.0,24.7660229,2.0,1030.4722361726986,21.1009366850965,28263,0.42932588021345913,24748,3515,0,0.8756324523228249,0.1243675476771751,0.0,True,2736.0,29.51094455619561,0.8803653667241369,4509,0,0.0,,0.2553967929896867,0.4,
454,476,31.793094281096177,29.212810702630904,1.0,24.7660229,2.0,1080.186512101984,43.00489974794626,26161,0.39739568878973586,24641,1520,0,0.9418982454799129,0.05810175452008715,0.0,True,1960.0,24.977737626138797,0.8188629488506545,2368,0,0.0,,0.28989794855663564,0.38742588672279316,
457,461,26.19486890275673,43.02717676145413,1.0,24.7660229,2.0,1144.6117515682251,2.677184961687594,65691,0.9978716483424387,60707,4984,0,0.9241296372410224,0.07587036275897764,0.0,True,16.0,2.256758334191025,0.06520345686223522,1711,0,0.0,,0.27429188517743175,0.3827822185373187,
457,476,26.19486890275673,29.212810702630904,1.0,24.7660229,2.0,1113.3965601873992,67.88860887131068,18693,0.28395388595797305,17601,1092,0,0.9415824105280052,0.058417589471994866,0.0,True,4461.0,37.68262732700428,1.3601951063599553,4735,0,0.0,,0.29581631632448924,0.40269974784927715,
478,495,30.195427695744474,16.101842226824047,1.0,24.7660229,2.0,1015.2483848819021,70.51547345887742,12528,0.19030515611627274,12328,200,0,0.9840357598978289,0.015964240102171137,0.0,True,1193.0,19.48701347608869,0.8418212783898673,1818,0,0.0,,0.3090169943749474,0.4494897427831781,
481,486,24.061344875998667,24.922750038100496,1.0,24.7660229,2.0,1117.376483156876,82.49426553731293,6031,0.09161321811440301,5604,427,0,0.9291991377880948,0.07080086221190515,0.0,True,2564.0,28.568278705151968,1.1664308080102597,2721,0,0.0,,0.2989350844248255,0.41421356237309503,
481,498,24.061344875998667,27.275112657684616,1.0,24.7660229,2.0,1129.2117758917404,45.859985822889456,13648,0.20731838846383224,12850,798,0,0.9415298944900352,0.05847010550996483,0.0,True,2509.0,28.26021062262507,1.1009801603113247,2851,0,0.0,,0.3090169943749474,0.40269974784927715,
482,483,29.253596724714097,34.30528903579235,1.0,24.7660229,2.0,1263.8478287502808,54.97181733994429,35509,0.5393954173477593,33374,2135,0,0.9398743980399336,0.060125601960066465,0.0,True,5287.0,41.02321742932533,1.2908727690382484,5555,0,0.0,,0.28989794855663564,0.38742588672279316,
466,496,20.859872132929482,25.44887728957142,1.0,24.7660229,2.0,1300.398448964247,74.70954985056648,4244,0.06446799828843083,4002,242,0,0.9429783223374175,0.05702167766258247,0.0,True,455.0,12.034575115625177,0.5197538376960666,1736,0,0.0,,0.3090169943749474,0.4142135623730951,
468,516,20.90385348150117,25.312993850302025,1.0,24.7660229,2.0,1237.3889202995056,79.33413891386458,6731,0.1022464883316277,6456,275,0,0.9591442579111573,0.04085574208884267,0.0,True,1978.0,25.092169194223484,1.0858451254400823,2153,0,0.0,,0.3090169943749474,0.4,
469,483,29.817066802088114,34.30528903579235,1.0,24.7660229,2.0,1302.6374381107676,55.63220955391556,29913,0.4543900171540602,27775,2138,0,0.9285260589041554,0.07147394109584461,0.0,True,5090.0,40.2516747561576,1.255464626344212,5590,0,0.0,,0.28172904669025317,0.38742588672279316,
472,477,31.620693374742167,25.76441594630347,1.0,24.7660229,2.0,1247.4681682436926,39.50261998228775,7896,0.1199432880502945,7617,279,0,0.9646656534954408,0.03533434650455927,0.0,True,19.0,2.4592453796829674,0.08571022722722442,826,0,0.0,,0.28989794855663564,0.392280956059262,
461,477,43.02717676145413,25.76441594630347,1.0,24.7660229,2.0,1195.0755942823562,13.728112871418716,26734,0.4060997799818355,24904,1830,0,0.9315478416997083,0.06845215830029176,0.0,True,50.0,3.989422804014327,0.11598576648638755,6493,0,0.0,,0.2612038749637414,0.3660254037844387,
463,464,34.7303276562837,33.63171663799089,1.0,24.7660229,2.0,1268.26590564685,43.64900226180224,42209,0.6411710037126241,39062,3147,0,0.9254424411855292,0.07455755881447085,0.0,True,3.0,0.9772050238058398,0.028589110635700576,4289,0,0.0,,0.27429188517743175,0.3797958971132712,
463,474,34.7303276562837,21.023542588006684,1.0,24.7660229,2.0,1310.433555645683,1.3320673048393623,22945,0.3485434073346007,21290,1655,0,0.9278709958596644,0.07212900414033559,0.0,True,2063.0,25.625637459332797,0.9192415646501977,2547,0,0.0,,0.2989350844248255,0.4,
464,472,33.63171663799089,31.620693374742167,1.0,24.7660229,2.0,1260.0159664829152,69.17436862814523,28439,0.4319993881537899,26762,1677,0,0.9410316818453532,0.05896831815464679,0.0,True,4728.0,38.79393176615336,1.1890421138034069,5000,0,0.0,,0.27429188517743175,0.3827822185373187,
473,489,25.631502964521264,21.008408010402515,1.0,24.7660229,2.0,1015.4476010073522,54.03687478393887,8778,0.1333412085239976,8744,34,0,0.9961266803372066,0.003873319662793347,0.0,True,1174.0,19.331213267143124,0.8289558390253645,1691,0,0.0,,0.3090169943749474,0.43428471161854765,
475,492,38.14092534218218,40.542752425845585,1.0,24.7660229,2.0,1269.7653456552998,88.7102196363891,61503,0.9342543116713858,57221,4282,0,0.930377379965205,0.06962262003479505,0.0,True,8272.0,51.31334503335674,1.3042945243265522,8811,0,0.0,,0.25000000000000006,0.3660254037844387,
476,484,29.212810702630904,26.426956436052333,1.0,24.7660229,2.0,1111.4564529731642,71.91318134318644,11837,0.1798085993732695,11265,572,0,0.9516769451719186,0.04832305482808144,0.0,True,2.0,0.7978845608028654,0.028680370240016358,2981,0,0.0,,0.2989350844248255,0.40937541449567943,
477,482,25.76441594630347,29.253596724714097,1.0,24.7660229,2.0,1235.6160123700092,63.38610442192758,25316,0.38455981259894323,23730,1586,0,0.937351872333702,0.06264812766629799,0.0,True,2304.0,27.081100010292303,0.9844448643474215,2371,0,0.0,,0.3090169943749474,0.40269974784927715,
482,502,29.253596724714097,15.482580664028662,1.0,24.7660229,2.0,1259.6413142836143,55.69613967722836,2845,0.04321664824000606,2729,116,0,0.9592267135325132,0.04077328646748682,0.0,True,2613.0,28.839967624778033,1.2893353571168202,2857,0,0.0,,0.3090169943749474,0.41421356237309503,
483,496,34.30528903579235,25.44887728957142,1.0,24.7660229,2.0,1293.883869501101,53.62302527234539,45429,0.6900840467118577,42408,3021,0,0.9335006273525721,0.06649937264742785,0.0,True,6.0,1.381976597885342,0.04625540553475135,4738,0,0.0,,0.28989794855663564,0.4,
483,502,34.30528903579235,15.482580664028662,1.0,24.7660229,2.0,1277.230121825473,52.485059967755184,20179,0.3065267995905386,19285,894,0,0.9556965161801874,0.044303483819812674,0.0,True,3.0,0.9772050238058398,0.03925474336209058,3509,0,0.0,,0.3090169943749474,0.41421356237309503,
484,490,26.426956436052333,15.745976869900804,1.0,24.7660229,2.0,1138.154771002111,20.93793074478344,5498,0.08351674236328764,5319,179,0,0.967442706438705,0.03255729356129502,0.0,True,8.0,1.5957691216057308,0.07567740711934172,1901,0,0.0,,0.3203772410170408,0.4,
487,500,29.502633942935475,28.41738343011388,1.0,24.7660229,2.0,1188.455574196354,62.814668027326746,15457,0.23479779678234575,14700,757,0,0.9510254253736171,0.04897457462638287,0.0,True,1116.0,18.847647942942654,0.6508163774036647,1309,0,0.0,,0.28989794855663564,0.38742588672279304,
490,491,15.745976869900804,25.651231523354593,1.0,24.7660229,2.0,1168.0805785474145,32.23336970112722,9868,0.1498987292908189,9279,589,0,0.9403121199837859,0.05968788001621402,0.0,True,3.0,0.9772050238058398,0.047211155618167244,133,0,0.0,,0.3090169943749474,0.41421356237309503,
490,501,15.745976869900804,17.463729143508246,1.0,24.7660229,2.0,1166.760856547019,54.6701691015965,2781,0.04224446353443123,2680,101,0,0.9636821287306724,0.03631787126932758,0.0,True,921.0,17.12201521945566,1.0311452448595793,1032,0,0.0,,0.3333333333333333,0.4364916731037084,
491,501,25.651231523354593,17.463729143508246,1.0,24.7660229,2.0,1178.696996765075,86.64209315107747,1843,0.02799588144335015,1782,61,0,0.9669017905588714,0.033098209441128595,0.0,True,1.0,0.5641895835477563,0.026171406621803058,935,0,0.0,,0.3090169943749474,0.4,
503,506,23.61976767760477,13.908851814609001,1.0,24.7660229,2.0,1160.6810790531201,9.38674670069662,5695,0.08650924841013516,5446,249,0,0.9562774363476734,0.0437225636523266,0.0,True,1245.0,19.907179817814963,1.0609065874083214,1330,0,0.0,,0.3333333333333333,0.4142135623730951,
504,508,28.364862003919118,23.7450523768107,1.0,24.7660229,2.0,1272.755514622073,30.548412861047645,27811,0.4224598257303369,25834,1977,0,0.9289130200280464,0.07108697997195354,0.0,True,2785.0,29.774032864592883,1.1427396578338376,2857,0,0.0,,0.3090169943749474,0.41421356237309503,
504,514,28.364862003919118,24.64944229863362,1.0,24.7660229,2.0,1306.2733551771069,59.91629022799339,21465,0.32606163601818283,20251,1214,0,0.9434428138830655,0.05655718611693455,0.0,True,3346.0,32.635331761312976,1.2311896643993694,3955,0,0.0,,0.3090169943749474,0.40269974784927715,
505,510,30.91162107225907,13.50698492471789,1.0,24.7660229,2.0,102.11987011269986,89.56350050552894,5076,0.07710639946090361,5065,11,0,0.997832939322301,0.0021670606776989757,0.0,True,2765.0,29.666931679871805,1.3357885063700952,3546,0,0.0,,0.36602540378443865,0.44151844011225294,
485,486,18.56698847281975,24.922750038100496,1.0,24.7660229,2.0,1142.0247924020332,17.646946633707515,9405,0.142865580561426,8783,622,0,0.9338649654439128,0.06613503455608719,0.0,True,1942.0,24.862779389459288,1.14338601429927,2087,0,0.0,,0.3090169943749474,0.4270509831248423,
485,487,18.56698847281975,29.502633942935475,1.0,24.7660229,2.0,1168.7701811662616,74.32754221349161,12161,0.1847302844452421,11354,807,0,0.9336403256311159,0.06635967436888414,0.0,True,11.0,1.8712051592547776,0.07785395704050607,2151,0,0.0,,0.3090169943749474,0.41421356237309503,
486,487,24.922750038100496,29.502633942935475,1.0,24.7660229,2.0,1147.6888231076628,26.91837727332153,14585,0.2215517801688887,13758,827,0,0.9432979088104216,0.056702091189578335,0.0,True,103.0,5.725898905580716,0.2104128069202361,2106,0,0.0,,0.30216947925196225,0.4,
487,498,29.502633942935475,27.275112657684616,1.0,24.7660229,2.0,1159.5241158425274,63.42985030383374,13126,0.19938900695898754,12199,927,0,0.9293768093859516,0.07062319061404845,0.0,True,2890.0,30.33010997459711,1.0683801943723445,3060,0,0.0,,0.28989794855663564,0.41421356237309503,
499,516,32.02505990711354,25.312993850302025,1.0,24.7660229,2.0,1257.1221642542869,59.74134035105851,16005,0.24312212832383023,15087,918,0,0.9426429240862231,0.05735707591377694,0.0,True,3308.0,32.44948541188257,1.1318656035717243,3403,0,0.0,,0.28989794855663564,0.38742588672279316,
500,507,28.41738343011388,17.256986810462337,1.0,24.7660229,2.0,1202.1771963692947,89.31724543055907,12856,0.19528760273234372,12121,735,0,0.9428282514001245,0.057171748599875546,0.0,True,2354.0,27.37337158766971,1.1986315933197802,2505,0,0.0,,0.3090169943749474,0.4142135623730951,
500,508,28.41738343011388,23.7450523768107,1.0,24.7660229,2.0,1226.516044936585,7.446723055634421,18512,0.2812044260875192,17699,813,0,0.9560825410544511,0.04391745894554883,0.0,True,514.0,12.791062563308351,0.49043195032737846,1720,0,0.0,,0.3090169943749474,0.41421356237309503,
501,515,17.463729143508246,19.21751508154089,1.0,24.7660229,2.0,1191.6415957731365,19.027933246939252,6598,0.100226166990355,6357,241,0,0.9634737799333132,0.036526220066686876,0.0,True,740.0,15.347615963921077,0.8368099985790773,895,0,0.0,,0.3333333333333333,0.4364916731037084,
491,515,25.651231523354593,19.21751508154089,1.0,24.7660229,2.0,1192.9613177735323,53.73253044877072,7080,0.10754793305421544,6817,263,0,0.9628531073446328,0.037146892655367234,0.0,True,1390.0,21.03451311049222,0.9376019925725857,1538,0,0.0,,0.3090169943749474,0.4142135623730951,
492,504,40.542752425845585,28.364862003919118,1.0,24.7660229,2.0,1281.9769098027155,67.04566621232884,53768,0.816756675771053,49550,4218,0,0.9215518524029163,0.07844814759708377,0.0,True,7321.0,48.27366442224509,1.4011126294743195,8037,0,0.0,,0.27429188517743175,0.3827822185373187,
493,503,30.468832331292894,23.61976767760477,1.0,24.7660229,2.0,1122.8909810043083,53.57145129630586,19008,0.28873885755572415,17791,1217,0,0.9359743265993266,0.0640256734006734,0.0,True,4459.0,37.674179254411406,1.393054331160871,4597,0,0.0,,0.2989350844248255,0.40453726661826384,
493,513,30.468832331292894,24.45419334489523,1.0,24.7660229,2.0,1129.298575335291,21.651938151133045,32394,0.4920773648811094,30249,2145,0,0.9337840340803852,0.06621596591961475,0.0,True,3676.0,34.20682887394876,1.2456279839943023,3917,0,0.0,,0.3090169943749474,0.40269974784927715,
498,500,27.275112657684616,28.41738343011388,1.0,24.7660229,2.0,1173.54547816699,5.020533641605363,33023,0.501632117690587,30737,2286,0,0.930775520092057,0.06922447990794295,0.0,True,1910.0,24.6570858499345,0.8854724633301738,2059,0,0.0,,0.29581631632448924,0.40269974784927715,
498,513,27.275112657684616,24.45419334489523,1.0,24.7660229,2.0,1149.0597769824599,77.63332701068983,15588,0.23678773735156924,14914,674,0,0.9567616114960226,0.04323838850397742,0.0,True,2465.0,28.01131681022947,1.0829960413090594,3598,0,0.0,,0.3090169943749474,0.40269974784927715,
499,508,32.02505990711354,23.7450523768107,1.0,24.7660229,2.0,1261.3378030155695,70.07802000509409,15116,0.22961787514795487,14231,885,0,0.9414527652818205,0.058547234718179415,0.0,True,3.0,0.9772050238058398,0.03504404003459465,3270,0,0.0,,0.3090169943749474,0.41421356237309503,
499,514,32.02505990711354,24.64944229863362,1.0,24.7660229,2.0,1294.8556435706034,46.02008890910941,17391,0.2641760033539351,16262,1129,0,0.9350813639238686,0.06491863607613134,0.0,True,12.0,1.9544100476116797,0.06896964142769267,4338,0,0.0,,0.2989350844248255,0.4,
506,511,13.908851814609001,24.451930928422748,1.0,24.7660229,2.0,1189.5893967309944,60.66878419200865,1065,0.016177761116206134,1016,49,0,0.9539906103286385,0.046009389671361506,0.0,True,853.0,16.4778133535604,0.8590968262530357,1009,0,0.0,,0.3090169943749474,0.4364916731037084,
507,511,17.256986810462337,24.451930928422748,1.0,24.7660229,2.0,1200.1922185316562,84.95883157411409,4459,0.06773393128372128,4229,230,0,0.9484189280107648,0.051581071989235255,0.0,True,2515.0,28.293981051669515,1.3567353259464285,2654,0,0.0,,0.3090169943749474,0.4142135623730951,
507,513,17.256986810462337,24.45419334489523,1.0,24.7660229,2.0,1177.6914951847648,7.532460004888958,4390,0.0666857946480234,4154,236,0,0.9462414578587699,0.05375854214123007,0.0,True,10.0,1.7841241161527712,0.08554656614881756,1063,0,0.0,,0.3090169943749474,0.4142135623730951,
509,517,30.843430075943985,17.785486721468107,1.0,24.7660229,2.0,997.7288941616807,74.11306312075483,23710,0.3601640526434248,22798,912,0,0.9615352172079291,0.038464782792070856,0.0,True,4996.0,39.87826715611172,1.6401050972302942,5286,0,0.0,,0.3090169943749474,0.4142135623730951,
509,519,30.843430075943985,17.932196294636228,3.0,74.2980687,4.0,1020.1109628378015,37.97711177321045,9763,0.14830373875823522,5481,4282,0,0.5614053057461845,0.4385946942538154,0.0,True,4630.0,38.38977432899223,1.5741376251048056,4919,0,0.0,,0.1886378647726465,0.3585701736362872,
511,516,24.451930928422748,25.312993850302025,1.0,24.7660229,2.0,1220.315428337664,34.05320495487572,23373,0.3550448925531324,22080,1293,0,0.9446797586959312,0.0553202413040688,0.0,True,717.0,15.10722305368455,0.6071434095744119,748,0,0.0,,0.3090169943749474,0.4142135623730951,
512,514,19.225914911003358,24.64944229863362,1.0,24.7660229,2.0,1328.193915618741,62.36174268434277,9954,0.1512051024889351,9516,438,0,0.9559975889089813,0.044002411091018684,0.0,True,3031.0,31.06118582770255,1.415882983210454,3202,0,0.0,,0.3090169943749474,0.4270509831248423,
