bead_a,bead_b,r_a_vox,r_b_vox,gap_vox,gap_um,dsum_min,z_mid,axis_dip_deg,lens_vox,lens_mm3,binder_vox,pore_vox,crack_vox,binder_frac,pore_frac,crack_frac,connected,bond_area_vox,r_bond_vox,r_bond_over_R,neck_binder_vox,neck_crack_vox,neck_severed,q_crack_med,q_binder_med,q_pore_med,dq_paired
2,34,38.24708080178451,37.06830288837944,1.0,24.7660229,2.0,339.17974549994733,70.6320397830251,3386,0.05143464707931829,3357,29,0,0.9914353219137626,0.008564678086237449,0.0,True,2155.0,26.190796183508223,0.6954965878220359,2155,0,0.0,,0.3090169943749474,0.39564392373896,
2,40,38.24708080178451,36.8907577734414,1.0,24.7660229,2.0,376.12465874310317,50.23720910951668,3680,0.05590062057055265,3666,14,0,0.996195652173913,0.0038043478260869567,0.0,True,2936.0,30.570538527078803,0.8137188693942116,2936,0,0.0,,0.3090169943749474,0.4075925878904119,
2,185,38.24708080178451,34.80741191602223,1.0,24.7660229,2.0,370.3912130556513,59.776818537532186,3357,0.05099412588460469,3355,2,0,0.9994042299672327,0.0005957700327673518,0.0,True,2444.0,27.891743614073043,0.7635873599673779,2444,0,0.0,,0.30484544052339907,0.3912478224812742,
2,197,38.24708080178451,34.79223274494799,1.0,24.7660229,2.0,359.97720684991964,77.6396130848608,3156,0.047940858293658746,3155,1,0,0.9996831432192649,0.0003168567807351077,0.0,True,1923.0,24.74085510105561,0.6774668024563444,1927,0,0.0,,0.3008613653919205,0.4270509831248423,
1,105,38.469045005996286,36.57684264942452,1.0,24.7660229,2.0,777.7218265738602,19.491405385001347,3715,0.05643228408141389,3705,10,0,0.9973082099596231,0.0026917900403768506,0.0,True,2342.0,27.30351174194334,0.7276484453701073,2342,0,0.0,,0.3090169943749474,0.40692686358558544,
1,110,38.469045005996286,35.8072597084671,1.0,24.7660229,2.0,785.1333964241389,39.46017197761349,3817,0.05798170345592377,3764,53,0,0.9861147498035107,0.013885250196489389,0.0,True,2661.0,29.103652814295785,0.7836591474542919,2661,0,0.0,,0.3090169943749474,0.40453726661826384,
1,117,38.469045005996286,36.18733253685068,8.288221436384907,205.2662818937795,9.288221436384907,841.2315598732748,49.50553967450291,8354,0.12690048484956437,8321,33,0,0.9960497965046684,0.003950203495331578,0.0,True,2068.0,25.65667251667837,0.6873270137424878,2068,0,0.0,,0.2658626798938589,0.35678917232533097,
1,177,38.469045005996286,35.53962537564978,1.0,24.7660229,2.0,790.548161202543,52.819396218160996,2875,0.04367235982074426,2858,17,0,0.9940869565217392,0.00591304347826087,0.0,True,1785.0,23.8365926012521,0.6441567583455332,1786,0,0.0,,0.2989350844248255,0.3827822185373187,
1,207,38.469045005996286,36.41193290667461,1.0,24.7660229,2.0,801.9911688419559,71.64293225171012,3839,0.05831589194846512,3825,14,0,0.9963532169835895,0.0036467830164105238,0.0,True,2921.0,30.492346212498187,0.814421687923455,2921,0,0.0,,0.30484544052339907,0.40209568597003575,
1,283,38.469045005996286,35.09320605055566,1.7320508075688772,42.89600996421431,2.732050807568877,812.3951470737627,87.87659221472693,4738,0.07197204898458655,4570,168,0,0.964542000844238,0.03545799915576193,0.0,True,2060.0,25.60699837034026,0.6961994230071765,2062,0,0.0,,0.28172904669025317,0.4,
1,300,38.469045005996286,37.253225358335015,6.483314773547883,160.56592214959517,7.483314773547883,812.209187852698,87.8541302233598,7063,0.10728969649179712,6356,707,0,0.8999008919722498,0.10009910802775025,0.0,True,1109.0,18.78844495368959,0.49624621299098864,1109,0,0.0,,0.2588283628687876,0.34551100855020994,
2,11,38.24708080178451,37.36202648420899,4.855156433186538,120.24291540738012,5.855156433186538,326.36182164915914,51.17705820747014,6464,0.0981906552630577,6328,136,0,0.9789603960396039,0.02103960396039604,0.0,True,1923.0,24.74085510105561,0.6544411378241157,1924,0,0.0,,0.26968623182294527,0.380576497183166,
1,50,38.469045005996286,36.78491069754183,1.414213562373095,35.02444547122265,2.414213562373095,821.8387226960114,77.99694204470637,4031,0.06123244606518961,3998,33,0,0.9918134457950881,0.008186554204911933,0.0,True,1959.0,24.97136494134924,0.6636558758379049,1963,0,0.0,,0.28989794855663564,0.4068781988545112,
1,70,38.469045005996286,36.36716229364056,1.0,24.7660229,2.0,849.5317236087707,22.05366551277226,3318,0.05040170082964503,3250,68,0,0.9795057263411694,0.020494273658830622,0.0,True,1835.0,24.168132760874514,0.6458941101626832,1837,0,0.0,,0.2989350844248255,0.4142135623730951,
1,81,38.469045005996286,36.09381173401473,1.8284271247461903,45.2828680424453,2.8284271247461903,844.5743899407055,37.462357960030225,3984,0.06051849792203309,3971,13,0,0.9967369477911646,0.003263052208835341,0.0,True,2201.0,26.468850739889017,0.7099741586399176,2201,0,0.0,,0.2857142857142857,0.44151844011225294,
1,88,38.469045005996286,36.156070638305195,9.348469228349535,231.5244029892499,10.348469228349535,817.0086650968069,85.68469077362043,9464,0.1437618133368778,9312,152,0,0.9839391377852916,0.016060862214708368,0.0,True,1906.0,24.631253379929838,0.6601330709444798,1906,0,0.0,,0.2612038749637415,0.3184963389880135,
2,218,38.24708080178451,35.39729835410642,1.414213562373095,35.02444547122265,2.414213562373095,319.3196289518068,32.2923777545211,3166,0.04809276215390481,3166,0,0,1.0,0.0,0.0,True,1774.0,23.7630330153801,0.6453454639105137,1775,0,0.0,,0.29339977411634566,,
2,245,38.24708080178451,34.842778591540295,2.1462643699419726,53.15443253543696,3.1462643699419726,339.8652445923483,71.4690924775382,4104,0.06234134424498589,4084,20,0,0.9951267056530214,0.004873294346978557,0.0,True,1675.0,23.09045385777095,0.6318374135463111,1675,0,0.0,,0.28989794855663564,0.4031800049531814,
2,303,38.24708080178451,33.97945920679168,10.403215514898179,257.6462736756036,11.403215514898179,392.79364305215324,10.193531489309064,9869,0.14991391967684353,9168,701,0,0.9289695004559733,0.07103049954402675,0.0,True,1187.0,19.437948320235847,0.5382494666898838,1187,0,0.0,,0.25506848710332525,0.3671364132752671,
2,325,38.24708080178451,33.37415112376185,3.8989794855663558,96.56221522616659,4.898979485566356,358.24912277200957,80.47182438718474,5355,0.08134451716176888,4952,403,0,0.9247432306255836,0.07525676937441643,0.0,True,979.0,17.652914166616544,0.49295198342769575,980,0,0.0,,0.26618329551788555,0.37268226712382524,
2,330,38.24708080178451,33.601507417777036,1.0,24.7660229,2.0,375.0687041065679,51.386144450189256,3315,0.05035612967157121,3300,15,0,0.995475113122172,0.004524886877828055,0.0,True,1356.0,20.775663783985824,0.5783179405139495,1356,0,0.0,,0.3090169943749474,0.4142135623730951,
3,79,38.25251996121985,36.17663415581315,1.0,24.7660229,2.0,924.476043854421,47.923035862608316,3866,0.0587260323711295,3738,128,0,0.966890843248836,0.03310915675116399,0.0,True,2450.0,27.92595962810029,0.7504037889289804,2454,0,0.0,,0.2989350844248255,0.39564392373895996,
3,98,38.25251996121985,35.89116126961165,6.348469228349534,157.22633428924988,7.348469228349534,937.8262297505664,73.22419923209976,6199,0.09416520296653694,5026,1173,0,0.8107759316018712,0.18922406839812872,0.0,True,1380.0,20.958712816717327,0.5653539848248584,1381,0,0.0,,0.25,0.32549696263601924,
3,126,38.25251996121985,35.86612479803742,1.0,24.7660229,2.0,952.2728029320684,86.10761722205868,3472,0.052741020277434464,3425,47,0,0.986463133640553,0.013536866359447005,0.0,True,3556.0,33.64386950500135,0.9078382265158537,3556,0,0.0,,0.30484544052339907,0.42480768092719207,
3,277,38.25251996121985,35.38967537586831,2.1462643699419726,53.15443253543696,3.1462643699419726,946.343115829619,85.02373418305137,4079,0.061961584594370726,3914,165,0,0.9595489090463349,0.040451090953665114,0.0,True,2712.0,29.381225490616288,0.7979453995396881,2712,0,0.0,,0.2791745113185196,0.375,
4,28,37.827481835382166,36.73485416444828,1.0,24.7660229,2.0,333.27636940101877,88.07587090525445,3586,0.054472724284239625,3586,0,0,1.0,0.0,0.0,True,2282.0,26.951496438443087,0.7229252162513893,2289,0,0.0,,0.3090169943749474,,
4,69,37.827481835382166,36.1389571090498,3.0,74.2980687,4.0,372.6902815362254,11.454791027713329,4657,0.0707416277165934,4641,16,0,0.9965643117887052,0.003435688211294825,0.0,True,2028.0,25.40733061895184,0.686996183175436,2028,0,0.0,,0.2791745113185196,0.3090169943749474,
4,196,37.827481835382166,35.18118693952102,6.713293552551451,166.2615818569116,7.713293552551451,299.97093030500014,31.321555333418797,6683,0.10151734980244657,6585,98,0,0.9853359269789017,0.014664073021098309,0.0,True,1869.0,24.391006073499813,0.6681673966334324,1869,0,0.0,,0.2674788903885893,0.40344966783958736,
5,162,37.599093974957185,36.24733283428811,1.0,24.7660229,2.0,295.7758219771939,87.55936321265713,3508,0.0532878741743203,3480,28,0,0.992018244013683,0.00798175598631699,0.0,True,2042.0,25.494877673511212,0.690483718037373,2043,0,0.0,,0.3090169943749474,0.4295775099874811,
5,325,37.599093974957185,33.37415112376185,1.0,24.7660229,2.0,330.99330954880475,24.26106493382474,2724,0.04137861153102865,2717,7,0,0.9974302496328928,0.0025697503671071953,0.0,True,2172.0,26.29389801439097,0.7409523962957567,2176,0,0.0,,0.30484544052339907,0.4142135623730951,
5,328,37.599093974957185,37.30950611713614,8.306623862918075,205.7220368107155,9.306623862918075,257.9620260360233,22.10521292756991,8585,0.1304094640212485,7725,860,0,0.8998252766453116,0.10017472335468841,0.0,True,2435.0,27.840340746074396,0.7433149387879956,2435,0,0.0,,0.25355482027512377,0.36415492310005443,
6,104,37.823588534101106,35.82779150528109,1.0,24.7660229,2.0,552.2080610193611,81.2841142776843,3509,0.05330306456034491,3448,61,0,0.9826161299515531,0.01738387004844685,0.0,True,2545.0,28.46223217419441,0.7728906684158625,2546,0,0.0,,0.3090169943749474,0.38742588672279316,
4,210,37.827481835382166,34.76940621085617,1.0,24.7660229,2.0,316.15974448681243,60.20545967319781,3041,0.04619396390082897,2846,195,0,0.9358763564616902,0.06412364353830977,0.0,True,2682.0,29.218266799126305,0.8049454345898859,2686,0,0.0,,0.28989794855663564,0.39564392373896,
4,218,37.827481835382166,35.39729835410642,1.0,24.7660229,2.0,310.6629086690551,49.468730197778164,3513,0.05336382610444334,3436,77,0,0.9780814118986622,0.02191858810133789,0.0,True,2042.0,25.494877673511212,0.6963456252797602,2045,0,0.0,,0.3090169943749474,0.41421356237309503,
4,245,37.827481835382166,34.842778591540295,1.8284271247461903,45.2828680424453,2.8284271247461903,331.20852430959667,84.93384627878557,3667,0.05570314555223277,3635,32,0,0.9912735205890374,0.00872647941096264,0.0,True,2018.0,25.344611859700862,0.6975236282574636,2018,0,0.0,,0.2857142857142857,0.3884422601115848,
4,320,37.827481835382166,33.5971370217625,1.0,24.7660229,2.0,354.2772247346993,56.72564084158928,3102,0.04712057744832998,3085,17,0,0.9945196647324307,0.00548033526756931,0.0,True,2396.0,27.616489409343153,0.7733044950391262,2398,0,0.0,,0.3090169943749474,0.4,
6,131,37.823588534101106,35.6720059731562,1.0,24.7660229,2.0,523.0551360979096,25.473306131714033,2848,0.04326221939807988,2789,59,0,0.9792837078651685,0.02071629213483146,0.0,True,2500.0,28.209479177387816,0.767650887553601,2500,0,0.0,,0.28989794855663564,0.40269974784927715,
6,143,37.823588534101106,35.798257995737906,8.657737169873558,214.41771701126973,9.657737169873558,583.1385281919077,52.503765479884116,9644,0.14649608282130702,9508,136,0,0.9858979676482788,0.014102032351721278,0.0,True,1792.0,23.883285285767386,0.6488097327492992,1792,0,0.0,,0.26841742285197584,0.3902651895393534,
6,266,37.823588534101106,35.10212087528832,1.0,24.7660229,2.0,534.8796118940672,52.33532344873255,3044,0.04623953505890279,3004,40,0,0.9868593955321945,0.013140604467805518,0.0,True,3298.0,32.40040130359718,0.8885865236279901,3298,0,0.0,,0.2989350844248255,0.34998009106459776,
6,339,37.823588534101106,29.44648315424712,1.0,24.7660229,2.0,584.8702994718092,43.00393134076843,1973,0.02997063162654902,1972,1,0,0.9994931576279777,0.0005068423720223011,0.0,True,1513.0,21.94545187040074,0.6524581086243108,1513,0,0.0,,0.3090169943749474,0.46989121533028555,
5,18,37.599093974957185,36.97453452940727,3.6855577202829677,91.27660689979977,4.685557720282968,328.9874012193752,37.50381201539684,4976,0.07558736085844293,4801,175,0,0.9648311897106109,0.03516881028938907,0.0,True,1155.0,19.174147139893297,0.5142339865833704,1181,0,0.0,,0.27429188517743175,0.3550392228080413,
5,37,37.599093974957185,36.531342646769914,1.0,24.7660229,2.0,282.88912002142604,66.90998248484269,3420,0.05195112020415491,3293,127,0,0.9628654970760234,0.03713450292397661,0.0,True,2220.0,26.582850624566497,0.7171912600545848,2261,0,0.0,,0.30216947925196225,0.4142135623730951,
5,45,37.599093974957185,36.52609452464983,1.0,24.7660229,2.0,301.49553436882866,83.57694739423427,3716,0.056447474467438495,3680,36,0,0.9903121636167922,0.00968783638320775,0.0,True,2226.0,26.61874915628302,0.7182106297489993,2226,0,0.0,,0.3090169943749474,0.4208072354749903,
5,46,37.599093974957185,36.90332517531369,1.0,24.7660229,2.0,297.6145683969231,89.59015896862094,3530,0.05362206266686165,3405,125,0,0.9645892351274787,0.03541076487252125,0.0,True,1758.0,23.655628926560038,0.6350298204101748,1764,0,0.0,,0.30383243470068705,0.40149162409079436,
3,153,38.25251996121985,35.365641503538356,1.8284271247461903,45.2828680424453,2.8284271247461903,975.8151168899369,47.71224403539,3414,0.05185997788800727,3406,8,0,0.9976567076742824,0.0023432923257176333,0.0,True,2987.0,30.834909275543243,0.8376984337025108,2987,0,0.0,,0.28989794855663564,0.41584293989085164,
3,183,38.25251996121985,35.234534161139976,3.6855577202829677,91.27660689979977,4.685557720282968,980.1143934278715,38.97792682364659,5186,0.07877734192361034,5152,34,0,0.9934438873891246,0.006556112610875434,0.0,True,2624.0,28.900607975374268,0.7865496398114755,2624,0,0.0,,0.27718637277259645,0.36893512470344775,
3,267,38.25251996121985,35.08616142807222,1.0,24.7660229,2.0,916.2836207522078,26.549077810988432,3566,0.05416891656374749,3511,55,0,0.9845765563656759,0.015423443634324173,0.0,True,2615.0,28.85100262331645,0.7867881471762835,2615,0,0.0,,0.30484544052339907,0.4142135623730951,
3,272,38.25251996121985,34.74035279998909,1.7320508075688772,42.89600996421431,2.732050807568877,972.3350537247151,53.05146868782644,3867,0.058741222757154106,3845,22,0,0.9943108352728213,0.005689164727178691,0.0,True,2539.0,28.428661611490693,0.7789434923185737,2539,0,0.0,,0.28989794855663564,0.447644398989701,
9,89,37.95242012819042,35.99802299334317,1.0,24.7660229,2.0,1019.6131460511765,85.7400716827372,3580,0.05438158196809199,3562,18,0,0.9949720670391061,0.005027932960893855,0.0,True,4161.0,36.39350816300557,0.9842674804042698,4161,0,0.0,,0.30383243470068705,0.43681123848118647,
9,174,37.95242012819042,36.34970496468319,1.0,24.7660229,2.0,996.5210544058712,57.96216746700704,3412,0.05182959711595806,3402,10,0,0.9970691676436108,0.0029308323563892145,0.0,True,3125.0,31.539156525252,0.8489435930891552,3125,0,0.0,,0.30484544052339907,0.30120838424564655,
9,183,37.95242012819042,35.234534161139976,1.0,24.7660229,2.0,1013.6658133974865,85.09351337992939,3525,0.053546110736738615,3498,27,0,0.9923404255319149,0.007659574468085106,0.0,True,2786.0,29.77937781264143,0.8137892361229967,2788,0,0.0,,0.3090169943749474,0.43649167310370846,
10,29,38.25001814000371,37.159582297628006,1.0,24.7660229,2.0,770.2802695917815,87.96823446494045,4137,0.06284262698379792,4078,59,0,0.9857384578196761,0.014261542180323905,0.0,True,2695.0,29.288993551594018,0.7767974735741446,2698,0,0.0,,0.3090169943749474,0.4142135623730951,
8,151,37.72744805110875,35.816380965084186,1.0,24.7660229,2.0,220.60769614488774,75.40827123001216,3419,0.051935929818130305,3419,0,0,1.0,0.0,0.0,True,4009.0,35.72260256071521,0.9714643101557787,4371,0,0.0,,0.3090169943749474,,
8,311,37.72744805110875,34.45220336402628,1.8284271247461903,45.2828680424453,2.8284271247461903,232.73394508403163,55.603110360037576,3329,0.050568795075915704,3329,0,0,1.0,0.0,0.0,True,2685.0,29.2346035444895,0.8100511147206628,2687,0,0.0,,0.28989794855663564,,
8,328,37.72744805110875,37.30950611713614,1.0,24.7660229,2.0,214.94753311318976,84.39074398879926,3875,0.058862745845350964,3851,24,0,0.9938064516129033,0.006193548387096774,0.0,True,3973.0,35.561850033542974,0.9478489746214273,4153,0,0.0,,0.2989350844248255,0.4270509831248423,
9,23,37.95242012819042,36.92825927024467,1.0,24.7660229,2.0,1034.714572517004,61.67394557816536,3854,0.05854374773883422,3853,1,0,0.9997405293201869,0.0002594706798131811,0.0,True,3310.0,32.459293326693775,0.8669604385927121,3311,0,0.0,,0.3090169943749474,0.37268226712382524,
7,113,38.29939576652454,35.751064647882906,4.242640687119285,105.07333641366795,5.242640687119285,1089.952674340088,19.551737246967058,5264,0.07996219203352967,5088,176,0,0.9665653495440729,0.03343465045592705,0.0,True,1542.0,22.154770242442265,0.5983695474263865,1543,0,0.0,,0.28172904669025317,0.27429188517743175,
7,136,38.29939576652454,35.62178084455826,1.0,24.7660229,2.0,1099.6953166467056,41.542997380388485,3922,0.05957669398850748,3905,17,0,0.9956654767975522,0.004334523202447731,0.0,True,2160.0,26.221162334209897,0.7094357405095371,2161,0,0.0,,0.3090169943749474,0.34514099850039526,
7,159,38.29939576652454,35.68944518992291,1.0,24.7660229,2.0,1113.6620255184332,68.17753098619767,3620,0.054989197409076256,3575,45,0,0.9875690607734806,0.012430939226519336,0.0,True,1809.0,23.996303550890445,0.6486465591484412,1813,0,0.0,,0.3090169943749474,0.42857142857142855,
7,206,38.29939576652454,34.75445734720734,8.70820393249937,215.66757801014944,9.70820393249937,1147.6508211121977,61.43107360959807,6639,0.10084897281736388,6510,129,0,0.9805693628558518,0.019430637144148215,0.0,True,1792.0,23.883285285767386,0.6538542258294123,1792,0,0.0,,0.26665390741372685,0.35632568845258206,
7,20,38.29939576652454,37.51582486891948,1.0,24.7660229,2.0,1122.7897320626885,82.95418611836956,4030,0.061217255679165,3902,128,0,0.9682382133995037,0.03176178660049628,0.0,True,1955.0,24.945857922495087,0.6580699156030093,1956,0,0.0,,0.2989350844248255,0.41421356237309503,
7,36,38.29939576652454,37.227002240939015,1.0,24.7660229,2.0,1111.9436029623348,65.9304279637826,3822,0.058057655386046805,3773,49,0,0.9871794871794872,0.01282051282051282,0.0,True,2856.0,30.15116971098976,0.7984273183002903,2856,0,0.0,,0.3090169943749474,0.4068781988545112,
7,48,38.29939576652454,37.16545962622503,1.0,24.7660229,2.0,1110.4676466935791,63.58466262736155,3982,0.06048811714998388,3978,4,0,0.9989954796584631,0.0010045203415369162,0.0,True,2386.0,27.558798748031897,0.7303743869806623,2387,0,0.0,,0.3090169943749474,0.44151844011225294,
7,53,38.29939576652454,38.07522385530623,1.8284271247461903,45.2828680424453,2.8284271247461903,1152.3736129039123,53.079037381267746,4124,0.06264515196547803,4047,77,0,0.9813288069835111,0.018671193016488844,0.0,True,1949.0,24.907548417542184,0.652246742199752,1953,0,0.0,,0.28330039409901914,0.407669683062202,
10,94,38.25001814000371,35.89641140513762,9.198039027185569,227.7988451823715,10.198039027185569,738.6726758368775,44.19444102220009,9802,0.14889616381319487,8970,832,0,0.9151193633952255,0.08488063660477453,0.0,True,1492.0,21.792621462004423,0.5878265911303736,1492,0,0.0,,0.26342817331279195,0.29534630882855156,
10,156,38.25001814000371,35.52260629097952,1.0,24.7660229,2.0,744.2181869876946,47.95633354201807,3451,0.05242202217091772,3156,295,0,0.9145175311503911,0.0854824688496088,0.0,True,1952.0,24.926710529686012,0.675771282964341,1958,0,0.0,,0.29339977411634566,0.40149162409079436,
10,251,38.25001814000371,34.71237346652139,1.0,24.7660229,2.0,772.4728694583964,84.48608728213424,3625,0.05506514933919929,3622,3,0,0.9991724137931034,0.0008275862068965517,0.0,True,4403.0,37.43685922813545,1.0261960553603189,4403,0,0.0,,0.3090169943749474,0.3228287342177362,
11,34,37.36202648420899,37.06830288837944,1.0,24.7660229,2.0,313.68204333958266,69.82666606990955,3543,0.05381953768518154,3543,0,0,1.0,0.0,0.0,True,2787.0,29.784721801524764,0.800338304360481,2787,0,0.0,,0.3090169943749474,,
11,45,37.36202648420899,36.52609452464983,1.0,24.7660229,2.0,303.2536454316688,86.29111103458699,3563,0.05412334540567367,3563,0,0,1.0,0.0,0.0,True,2238.0,26.69040136976819,0.7224544623774678,2238,0,0.0,,0.3090169943749474,,
11,58,37.36202648420899,36.167328714685105,1.0,24.7660229,2.0,305.75653872708887,82.331365741262,3305,0.050204225811325144,3303,2,0,0.9993948562783661,0.000605143721633888,0.0,True,3688.0,34.262616074167774,0.9319438741571637,3688,0,0.0,,0.3090169943749474,0.29164886133649065,
11,170,37.36202648420899,35.7078659870906,1.0,24.7660229,2.0,290.125950564635,73.28080193907724,3089,0.0469231024300101,3089,0,0,1.0,0.0,0.0,True,2749.0,29.580971537784905,0.8096623804230647,2750,0,0.0,,0.3090169943749474,,
11,197,37.36202648420899,34.79223274494799,2.863703305156273,70.92254163430594,3.863703305156273,334.479504689555,27.591349941632487,4437,0.06739974279117993,4437,0,0,1.0,0.0,0.0,True,2367.0,27.44885244590441,0.7608380361505407,2367,0,0.0,,0.28172904669025317,,
11,237,37.36202648420899,34.26500852446647,1.0,24.7660229,2.0,277.16730150185646,49.891762236620075,3167,0.048107952539929416,3164,3,0,0.999052731291443,0.000947268708556994,0.0,True,2998.0,30.891633799121156,0.8625691066335377,2998,0,0.0,,0.30216947925196225,0.32449979983983984,
12,13,37.59774295357272,37.36590256790465,2.6502815398728847,65.63693330793913,3.6502815398728847,614.4361069026334,56.04397248121063,4456,0.06768836012564745,4440,16,0,0.9964093357271095,0.003590664272890485,0.0,True,2942.0,30.601759510732585,0.8164426715871247,2942,0,0.0,,0.2791745113185196,0.3786606751953836,
12,164,37.59774295357272,35.73362321746685,1.0,24.7660229,2.0,628.6069275446449,13.972189943811399,3328,0.0505536046898911,3318,10,0,0.9969951923076923,0.0030048076923076925,0.0,True,2737.0,29.516337145469713,0.805012607473457,2738,0,0.0,,0.3090169943749474,0.3970047297431831,
12,181,37.59774295357272,35.848299796755015,8.22446323827975,203.68724489944444,9.22446323827975,617.4319018813062,53.45146507552699,6980,0.10602889445175476,6942,38,0,0.9945558739255015,0.0054441260744985676,0.0,True,3297.0,32.39548880242368,0.8821575020058959,3298,0,0.0,,0.2713010500451303,0.24287580037362233,
12,199,37.59774295357272,35.215807223484674,1.0,24.7660229,2.0,562.7331152158349,38.12401453809464,3170,0.048153523698003235,3116,54,0,0.9829652996845426,0.017034700315457414,0.0,True,2313.0,27.133941231290155,0.7452992242600391,2323,0,0.0,,0.3008613653919205,0.4,
12,223,37.59774295357272,35.17244080726276,1.0,24.7660229,2.0,557.7387509970822,19.14771185992104,3287,0.04993079886288222,3023,264,0,0.9196836020687557,0.0803163979312443,0.0,True,3365.0,32.72785918767764,0.8994854072442674,3365,0,0.0,,0.3008613653919205,0.39564392373896,
12,228,37.59774295357272,35.32583114942245,1.0,24.7660229,2.0,571.9708215244071,57.37952835062334,3189,0.04844214103247076,3177,12,0,0.9962370649106302,0.0037629350893697085,0.0,True,3144.0,31.634890266315733,0.8676176574021324,3144,0,0.0,,0.29339977411634566,0.37785955564432183,
12,248,37.59774295357272,34.31204959135809,1.0,24.7660229,2.0,578.9519757919962,68.35669333328337,3272,0.04970294307251312,3270,2,0,0.9993887530562348,0.0006112469437652812,0.0,True,3268.0,32.252700786889584,0.8970322301162916,3268,0,0.0,,0.3090169943749474,0.44263311237218866,
7,241,38.29939576652454,38.70404802258226,1.0,24.7660229,2.0,1157.2183196731758,42.35343785304982,4015,0.0609893998887959,3995,20,0,0.9950186799501868,0.0049813200498132005,0.0,True,3538.0,33.558611075523544,0.8716132532314321,3538,0,0.0,,0.3090169943749474,0.3333333333333333,
7,331,38.29939576652454,34.84225419345551,8.22446323827975,203.68724489944444,9.22446323827975,1154.1970980570982,50.5168659617937,7525,0.11430765483516542,7354,171,0,0.9772757475083057,0.022724252491694352,0.0,True,2724.0,29.44615645486938,0.805181629645518,2725,0,0.0,,0.263743111936923,0.3602425986153711,
8,83,37.72744805110875,36.041203193992715,1.0,24.7660229,2.0,215.77875470214133,83.21613022777836,3363,0.05108526820075233,3354,9,0,0.9973238180196253,0.0026761819803746653,0.0,True,2899.0,30.377300078295455,0.8235829058976493,2902,0,0.0,,0.3090169943749474,0.4211646096066227,
8,150,37.72744805110875,35.21721885099203,1.0,24.7660229,2.0,229.74085650971148,60.629272064031845,3065,0.04655853316541953,2897,168,0,0.9451876019575857,0.054812398042414355,0.0,True,4091.0,36.086087961676974,0.9894099046365707,4108,0,0.0,,0.28989794855663564,0.4176890859898589,
13,96,37.36590256790465,36.19158581700373,4.766114533138578,118.03770167173282,5.766114533138578,651.9412204112699,67.3312933535522,5893,0.08951694484300728,5872,21,0,0.9964364500254539,0.0035635499745460715,0.0,True,1731.0,23.473270180870447,0.6382292461656809,1731,0,0.0,,0.27429188517743175,0.36930006660518244,
13,141,37.36590256790465,35.81904820970796,6.358898943540674,157.48463685451412,7.358898943540674,672.4861024063996,27.67154907542667,6498,0.09870712838789433,6489,9,0,0.9986149584487535,0.0013850415512465374,0.0,True,1931.0,24.792264725532835,0.677523574508349,1931,0,0.0,,0.2687959533979826,0.3364707442038019,
13,164,37.36590256790465,35.73362321746685,1.0,24.7660229,2.0,650.8010670132524,67.64593196024978,3622,0.05501957818112547,3618,4,0,0.9988956377691883,0.0011043622308117063,0.0,True,2517.0,28.305228907829047,0.7744298914041224,2518,0,0.0,,0.3090169943749474,0.34369163192119334,
13,222,37.36590256790465,35.38611686189799,8.43650317030929,208.9386307118025,9.43650317030929,646.9013551633795,75.58555778868674,8916,0.13543748179539333,8695,221,0,0.9752131000448632,0.024786899955136832,0.0,True,2378.0,27.512559120246415,0.7563380188172751,2378,0,0.0,,0.26427884169111276,0.37833392500911667,
13,248,37.36590256790465,34.31204959135809,1.0,24.7660229,2.0,601.1461152606037,3.9517183064902457,3528,0.053591681894812435,3228,300,0,0.9149659863945578,0.08503401360544217,0.0,True,2801.0,29.859437221769564,0.833155421500443,2801,0,0.0,,0.28989794855663564,0.4364916731037084,
13,261,37.36590256790465,35.60590733551569,1.0,24.7660229,2.0,631.2887195766424,81.5607764590531,3637,0.055247433971494564,3625,12,0,0.9967005773989552,0.003299422601044817,0.0,True,3049.0,31.15327981087028,0.8538442407308322,3049,0,0.0,,0.3090169943749474,0.43134152485943783,
14,74,37.433433887750766,36.53486042988025,1.0,24.7660229,2.0,851.4826178835569,45.01648757459109,3916,0.05948555167235984,3616,300,0,0.923391215526047,0.07660878447395301,0.0,True,2722.0,29.435344574036808,0.7958908569024723,2724,0,0.0,,0.3008613653919205,0.4142135623730951,
14,99,37.433433887750766,35.9936009939137,2.4641016151377544,61.02599702842861,3.4641016151377544,899.974033250578,54.62686293957121,4473,0.06794659668806577,4471,2,0,0.9995528727923094,0.000447127207690588,0.0,True,4052.0,35.91366952591617,0.978213803234596,4052,0,0.0,,0.28172904669025317,0.3958727170952088,
14,102,37.433433887750766,36.14334361464908,4.841619252963779,119.90765329198184,5.841619252963779,863.9723539055951,69.88989084588654,5490,0.08339521927509078,5479,11,0,0.9979963570127505,0.0020036429872495446,0.0,True,2395.0,27.61072576753785,0.7505282700546996,2395,0,0.0,,0.2742918851774318,0.3602425986153711,
14,273,37.433433887750766,34.67786514524556,1.0,24.7660229,2.0,887.3694804515959,74.23788814298335,3470,0.05271063950538525,3400,70,0,0.9798270893371758,0.020172910662824207,0.0,True,2413.0,27.71428792809743,0.7686531320262603,2422,0,0.0,,0.3090169943749474,0.4259293320260172,
14,316,37.433433887750766,34.40030065089142,7.135175045001725,176.70990856002126,8.135175045001725,850.4959823165557,48.878979862518094,4397,0.06679212735019566,4113,284,0,0.9354105071639754,0.06458949283602457,0.0,True,2188.0,26.390567083147985,0.7347680655236285,2189,0,0.0,,0.2597106754733818,0.3622202079311976,
14,324,37.433433887750766,34.87316671200434,3.4721359549995796,85.99099857343296,4.47213595499958,909.2894620089163,34.290498428153214,4831,0.07338475488487496,4812,19,0,0.9960670668598633,0.003932933140136618,0.0,True,2941.0,30.59655822582874,0.846300558235132,2941,0,0.0,,0.2791745113185196,0.2742918851774317,
15,99,37.68014636670188,35.9936009939137,10.181782043891005,252.16224726181343,11.181782043891005,964.2535011337617,8.508116828800434,9652,0.14661760590950387,9548,104,0,0.9892250310816411,0.01077496891835889,0.0,True,4924.0,39.58987092134787,1.0747348231810392,4924,0,0.0,,0.26586267989385887,0.1960914988295706,
15,153,37.68014636670188,35.365641503538356,1.0,24.7660229,2.0,1004.0740091475479,86.62251891698948,3834,0.05823994001834209,3789,45,0,0.9882629107981221,0.011737089201877934,0.0,True,3554.0,33.63440701866457,0.9209129779916481,3555,0,0.0,,0.3090169943749474,0.3816524151396708,
15,157,37.68014636670188,35.60138738531346,8.22446323827975,203.68724489944444,9.22446323827975,1036.4415625740335,42.76069584274138,8437,0.12816128688960673,8412,25,0,0.9970368614436411,0.0029631385563588953,0.0,True,1691.0,23.200474511026496,0.6331874709264925,1691,0,0.0,,0.2681413794147464,0.3483314773547883,
15,209,37.68014636670188,35.49218346678995,4.766114533138578,118.03770167173282,5.766114533138578,1040.314361889571,30.838462208746066,5338,0.08108628059935057,5325,13,0,0.9975646309479206,0.0024353690520794303,0.0,True,2481.0,28.10207870642285,0.7681067083792705,2482,0,0.0,,0.27669677546737487,0.4597406698132665,
17,178,37.152146542045095,35.04623155505863,1.0,24.7660229,2.0,683.5155105543458,30.462141169065557,3521,0.05348534919264019,3250,271,0,0.9230332291962511,0.07696677080374893,0.0,True,3132.0,31.574460621325464,0.8746584467274089,3133,0,0.0,,0.3090169943749474,0.4142135623730951,
17,207,37.152146542045095,36.41193290667461,3.0,74.2980687,4.0,752.1283249976252,9.04397148938419,5042,0.07658992633606698,5011,31,0,0.9938516461721539,0.0061483538278460925,0.0,True,4058.0,35.94024927756933,0.9771140901075961,4058,0,0.0,,0.2791745113185196,0.3333333333333333,
17,332,37.152146542045095,34.13724573622004,1.0,24.7660229,2.0,698.9238334966296,65.03636602945737,3390,0.051495408623416714,3318,72,0,0.9787610619469026,0.021238938053097345,0.0,True,2451.0,27.931658222104733,0.7836133070984419,2451,0,0.0,,0.3090169943749474,0.3797958971132712,
18,46,36.97453452940727,36.90332517531369,1.0,24.7660229,2.0,329.2540722531842,31.964058207636665,3507,0.053272683788295694,3405,102,0,0.9709153122326775,0.0290846877673225,0.0,True,2089.0,25.78661187977084,0.6980876810139376,2090,0,0.0,,0.3090169943749474,0.4208072354749903,
18,154,36.97453452940727,36.029253131100454,1.0,24.7660229,2.0,362.2087534173081,87.54054705942482,3144,0.04775857366136346,3117,27,0,0.9914122137404581,0.008587786259541985,0.0,True,2648.0,29.03247455203703,0.7953689933746408,2648,0,0.0,,0.3090169943749474,0.3797958971132712,
18,166,36.97453452940727,35.23991767703222,6.032065437739018,149.39027076534305,7.032065437739018,363.0022280201898,86.57090254394646,6164,0.0936335394556757,6106,58,0,0.990590525632706,0.009409474367293965,0.0,True,1670.0,23.055964736417568,0.6385415670123058,1670,0,0.0,,0.27172660049495756,0.2917982785674072,
18,198,36.97453452940727,35.16336853115337,1.0,24.7660229,2.0,346.1868608762305,66.31234873583452,3074,0.046695246639640996,2759,315,0,0.8975276512687053,0.10247234873129472,0.0,True,2360.0,27.408234736913393,0.7598844317363607,2361,0,0.0,,0.28989794855663564,0.4142135623730951,
18,278,36.97453452940727,34.601265443834954,3.4721359549995796,85.99099857343296,4.47213595499958,392.05674460932323,34.123413440027825,4639,0.07046820076815048,4604,35,0,0.9924552705324423,0.007544729467557664,0.0,True,2614.0,28.845485651734638,0.8060122461088296,2614,0,0.0,,0.280957962249861,0.28330039409901914,
15,284,37.68014636670188,34.78223748954251,4.55269276785519,112.752093345366,5.55269276785519,1011.302617177389,82.58946035688585,5420,0.08233189225336832,5343,77,0,0.9857933579335794,0.014206642066420664,0.0,True,2645.0,29.01602400323184,0.800857561098065,2646,0,0.0,,0.2742918851774318,0.38561575886039895,
16,21,37.47773432074183,37.40382295364701,1.0,24.7660229,2.0,1136.4622596665158,51.286354925959465,3497,0.05312077992804963,3494,3,0,0.9991421218187018,0.0008578781812982557,0.0,True,3677.0,34.2114812818416,0.9137491934490708,3681,0,0.0,,0.2989350844248255,0.4641016151377545,
16,32,37.47773432074183,37.36567458524123,1.0,24.7660229,2.0,1124.2404374587636,13.319301198986572,3694,0.05611328597489715,3678,16,0,0.9956686518678939,0.004331348132106118,0.0,True,3581.0,33.761926817410085,0.9022017385611392,3582,0,0.0,,0.3090169943749474,0.3406791047266229,
16,265,37.47773432074183,34.81049869841915,4.65685424949238,115.33175898489058,5.65685424949238,1137.7104028791987,53.56755438929736,6060,0.0920537393091166,5980,80,0,0.9867986798679867,0.013201320132013201,0.0,True,2635.0,28.961121354227437,0.8012679282546827,2635,0,0.0,,0.27669677546737487,0.29723428856904716,
19,119,37.00059346501977,37.292405121338255,1.0,24.7660229,2.0,435.0157096050665,72.55599675571344,3064,0.046543342779394925,3062,2,0,0.9993472584856397,0.0006527415143603133,0.0,True,1879.0,24.45617051255864,0.658370801499709,1879,0,0.0,,0.3008613653919205,0.3391945838521814,
19,142,37.00059346501977,35.25548216498152,1.0,24.7660229,2.0,428.0218335455931,83.01498272720202,3314,0.0503409392855466,3277,37,0,0.9888352444176222,0.011164755582377792,0.0,True,1800.0,23.936536824085962,0.662547380697972,1800,0,0.0,,0.3090169943749474,0.44151844011225294,
19,173,37.00059346501977,35.355076615763174,2.6502815398728847,65.63693330793913,3.6502815398728847,459.5542649722489,20.39981998699062,3755,0.05703989952239816,3748,7,0,0.9981358189081225,0.0018641810918774966,0.0,True,2238.0,26.69040136976819,0.7377556268905852,2238,0,0.0,,0.2801868778094689,0.3699677034698106,
19,191,37.00059346501977,35.306562591631184,1.0,24.7660229,2.0,420.47635902286515,85.04997878392169,3258,0.04949027766816863,3258,0,0,1.0,0.0,0.0,True,3077.0,31.29599846286301,0.8656404198318444,3079,0,0.0,,0.3090169943749474,,
19,197,37.00059346501977,34.79223274494799,1.0,24.7660229,2.0,395.8459297579391,39.31319316202314,3323,0.050477652759768066,3323,0,0,1.0,0.0,0.0,True,1909.0,24.650630270337032,0.6867156949147804,1914,0,0.0,,0.3090169943749474,,
19,303,37.00059346501977,33.97945920679168,1.0,24.7660229,2.0,428.6623659601727,81.90367152949666,3062,0.04651296200734571,3031,31,0,0.9898758981058132,0.010124101894186806,0.0,True,1626.0,22.750206041591,0.6410309709625185,1627,0,0.0,,0.3090169943749474,0.4068781988545112,
19,325,37.00059346501977,33.37415112376185,1.0,24.7660229,2.0,394.11784568002895,33.996320373806604,3113,0.04728767169460066,3113,0,0,1.0,0.0,0.0,True,3279.0,32.306936047800164,0.9181400582432859,3280,0,0.0,,0.3090169943749474,,
20,48,37.51582486891948,37.16545962622503,7.0,173.3621603,8.0,1105.807966671601,72.7850686822344,7448,0.11313799511127069,7011,437,0,0.9413265306122449,0.058673469387755105,0.0,True,1270.0,20.106057680545288,0.5384497017282156,1275,0,0.0,,0.2600070273452875,0.35247044508942466,
18,325,36.97453452940727,33.37415112376185,3.2426406871192857,80.30731351366796,4.242640687119286,362.6328134050658,86.89667544566055,4527,0.06876687753339453,4464,63,0,0.9860834990059643,0.013916500994035786,0.0,True,1834.0,24.161546541168924,0.6869082575412828,1834,0,0.0,,0.280957962249861,0.38561575886039895,
18,326,36.97453452940727,34.431205980390885,6.330293345472711,156.77618995769478,7.330293345472711,394.3317207563232,32.14202679773061,6363,0.09665642627457242,6109,254,0,0.9600817224579601,0.039918277542039915,0.0,True,2302.0,27.069343508757026,0.758183958754482,2302,0,0.0,,0.2612038749637414,0.39146931960533626,
18,330,36.97453452940727,33.601507417777036,1.0,24.7660229,2.0,379.45239473962414,59.1982894233596,2664,0.04046718836955225,2663,1,0,0.9996246246246246,0.00037537537537537537,0.0,True,1899.0,24.585981246698665,0.6967231533073964,1899,0,0.0,,0.3090169943749474,0.2708131845707603,
19,87,37.00059346501977,36.18149784059765,1.0,24.7660229,2.0,450.79861837931,42.81568256916981,3346,0.05082703163833402,3295,51,0,0.9847579199043635,0.015242080095636582,0.0,True,2639.0,28.98309489407616,0.7920816248073368,2641,0,0.0,,0.30484544052339907,0.41421356237309503,
20,232,37.51582486891948,35.27007339608747,4.773112505913769,118.21101362573678,5.773112505913769,1115.7488369070484,86.57605021087888,5580,0.08476235401730538,5576,4,0,0.9992831541218637,0.0007168458781362007,0.0,True,1851.0,24.273269234410854,0.6669772528198814,1851,0,0.0,,0.2742918851774318,0.3671156857877199,
21,32,37.40382295364701,37.36567458524123,1.0,24.7660229,2.0,1100.0158989393383,70.92780940229223,3865,0.05871084198510489,3848,17,0,0.995601552393273,0.004398447606727037,0.0,True,2582.0,28.668381993522893,0.7668469880678878,2586,0,0.0,,0.3090169943749474,0.3761785115301142,
21,91,37.40382295364701,35.91542257303428,1.0,24.7660229,2.0,1137.8537568416714,45.92525905878804,3617,0.05494362625100243,3597,20,0,0.9944705557091512,0.00552944429084877,0.0,True,4132.0,36.266464532835606,0.9892754425477015,4133,0,0.0,,0.3090169943749474,0.4278112058481354,
21,93,37.40382295364701,35.991143858002715,1.0,24.7660229,2.0,1097.2828568252353,65.84484957733162,3924,0.05960707476055669,3895,29,0,0.9926095820591233,0.007390417940876657,0.0,True,2205.0,26.492891481211682,0.7219266560661911,2205,0,0.0,,0.3090169943749474,0.40149162409079436,
20,53,37.51582486891948,38.07522385530623,1.7320508075688772,42.89600996421431,2.732050807568877,1147.7139328819342,43.45628278534956,3965,0.060229880587565565,3957,8,0,0.9979823455233291,0.00201765447667087,0.0,True,1946.0,24.888371552065365,0.6585004963448547,1947,0,0.0,,0.28989794855663564,0.3822587549834653,
20,113,37.51582486891948,35.751064647882906,7.194052389321207,178.16806621772872,8.194052389321207,1085.2929943181098,36.745440723777406,6654,0.10107682860773298,6493,161,0,0.9758040276525398,0.024195972347460175,0.0,True,1226.0,19.75469363116845,0.5392529630082926,1227,0,0.0,,0.26747889038858924,0.3273531727209285,
20,121,37.51582486891948,35.630934617603785,1.0,24.7660229,2.0,1086.9697034848243,31.310542509746277,3779,0.05740446878698872,3778,1,0,0.9997353797300873,0.0002646202699126753,0.0,True,2443.0,27.88603686340174,0.7624681410128504,2443,0,0.0,,0.3090169943749474,0.4364916731037084,
20,159,37.51582486891948,35.68944518992291,1.0,24.7660229,2.0,1109.002345496455,75.48032891797422,3705,0.056280380221167825,3664,41,0,0.9889338731443995,0.011066126855600539,0.0,True,2675.0,29.180112157797478,0.7972134283322091,2689,0,0.0,,0.3090169943749474,0.39564392373896,
21,281,37.40382295364701,34.692218896429786,2.863703305156273,70.92254163430594,3.863703305156273,1133.34631886352,56.35698294223568,4018,0.06103497104686972,4010,8,0,0.9980089596814335,0.001991040318566451,0.0,True,1650.0,22.917489221187704,0.635748888096921,1653,0,0.0,,0.2791745113185196,0.4627731245288436,
22,34,36.99815199889097,37.06830288837944,4.0,99.0640916,5.0,287.61334698685994,10.025565022742532,5470,0.08309141155459865,5226,244,0,0.9553930530164534,0.04460694698354662,0.0,True,1883.0,24.4821877225888,0.6610870672789952,1884,0,0.0,,0.26968623182294527,0.39410230168585086,
22,130,36.99815199889097,36.047879521380764,1.0,24.7660229,2.0,244.28501995877247,83.01905438126438,3438,0.05222454715259783,3288,150,0,0.956369982547993,0.04363001745200698,0.0,True,5943.0,43.49385765358446,1.1908616183074656,5943,0,0.0,,0.2989350844248255,0.42480768092719207,
22,145,36.99815199889097,36.32813103961761,1.0,24.7660229,2.0,273.6882507313981,47.529021143391574,3526,0.05356130112276322,3432,94,0,0.9733408961996597,0.02665910380034033,0.0,True,4925.0,39.59389080975964,1.0799372112988797,4925,0,0.0,,0.29339977411634566,0.4057077327363875,
22,196,36.99815199889097,35.18118693952102,1.0,24.7660229,2.0,257.0612520746644,76.58407714486475,3146,0.047788954433412675,3068,78,0,0.9752066115702479,0.024793388429752067,0.0,True,5117.0,40.358291435620224,1.1182782228043537,5117,0,0.0,,0.3090169943749474,0.41094162271764856,
22,218,36.99815199889097,35.39729835410642,10.449489742783179,258.7923022630833,11.449489742783179,267.75323043871936,63.14017851614986,8743,0.13280954501313638,8253,490,0,0.9439551641313051,0.05604483586869496,0.0,True,1511.0,21.930942479148218,0.6058652131373947,1511,0,0.0,,0.2592192604530755,0.32839873740581915,
23,85,36.92825927024467,35.96944507375879,1.0,24.7660229,2.0,1036.6593523497252,64.21938586363201,3438,0.05222454715259783,3417,21,0,0.993891797556719,0.006108202443280977,0.0,True,1958.0,24.96499062983726,0.6849321485359193,1958,0,0.0,,0.3090169943749474,0.4364916731037084,
23,121,36.92825927024467,35.630934617603785,5.477225575051661,135.6490940201951,6.477225575051661,1054.2162497849538,87.73316486362647,4941,0.0750556973475817,4581,360,0,0.9271402550091075,0.07285974499089254,0.0,True,1763.0,23.68924501418361,0.6529632909317881,1763,0,0.0,,0.2612038749637414,0.35921985558006175,
23,174,36.92825927024467,36.34970496468319,6.28538328578604,155.6639463910543,7.28538328578604,1014.4296265298362,2.40693980596999,11741,0.17835032231490727,11668,73,0,0.9937824716804361,0.006217528319563921,0.0,True,2546.0,28.467823419150456,0.7769818312059847,2546,0,0.0,,0.2687959533979827,0.28778024081032516,
23,232,36.92825927024467,35.27007339608747,1.0,24.7660229,2.0,1082.9953832071778,33.06545102747764,3587,0.05448791467026423,3573,14,0,0.9960970170058545,0.0039029829941455256,0.0,True,2815.0,29.93396615230549,0.8292148875694033,2815,0,0.0,,0.3090169943749474,0.3424810190538703,
24,75,37.6392987012217,36.319868313168186,1.0,24.7660229,2.0,574.354564306147,76.77821752193988,3480,0.052862543365631315,3407,73,0,0.9790229885057471,0.020977011494252875,0.0,True,2063.0,25.625637459332797,0.692967173476871,2063,0,0.0,,0.30484544052339907,0.4068781988545112,
24,165,37.6392987012217,35.462847412792925,1.0,24.7660229,2.0,562.9245807981678,58.24449754796783,3250,0.04936875457997177,3199,51,0,0.9843076923076923,0.015692307692307693,0.0,True,1756.0,23.642169108157916,0.6468255821459503,1756,0,0.0,,0.29581631632448924,0.3761785115301142,
24,203,37.6392987012217,35.33456525733043,4.855156433186538,120.24291540738012,5.855156433186538,604.6951704299386,56.610780382398346,5864,0.08907642364829368,5636,228,0,0.961118690313779,0.038881309686221006,0.0,True,1519.0,21.988922600099762,0.6026520018890348,1519,0,0.0,,0.26968623182294527,0.3441056646588244,
24,238,37.6392987012217,37.57645154720576,1.7320508075688772,42.89600996421431,2.732050807568877,546.1205815084868,19.61391105342906,4191,0.06366290782912667,4112,79,0,0.9811500835122883,0.018849916487711765,0.0,True,2535.0,28.406259195394057,0.7553274175042335,2535,0,0.0,,0.28708594921778513,0.37406669614897287,
24,270,37.6392987012217,35.08609678541182,2.6502815398728847,65.63693330793913,3.6502815398728847,612.8416011682899,39.057592071685036,4145,0.06296415007199477,4037,108,0,0.9739445114595898,0.02605548854041013,0.0,True,2221.0,26.588837079011167,0.7312118937571961,2222,0,0.0,,0.27718637277259645,0.40103048993422497,
24,290,37.6392987012217,34.97130390185268,3.16227766016838,78.31704094788851,4.16227766016838,602.8706715611975,58.765927142291574,4600,0.06987577571319081,4299,301,0,0.9345652173913044,0.06543478260869565,0.0,True,1787.0,23.84994269616667,0.6569272762145305,1788,0,0.0,,0.26968623182294527,0.38926726601953365,
24,312,37.6392987012217,34.1010155930165,2.23606797749979,55.37851073671648,3.23606797749979,616.9425554827792,25.407499425608535,3773,0.05731332647084108,3750,23,0,0.993904055128545,0.0060959448714550755,0.0,True,2005.0,25.262844689355557,0.7042858659844075,2005,0,0.0,,0.28330039409901914,0.36602540378443865,
24,329,37.6392987012217,34.44046676852528,1.0,24.7660229,2.0,589.9220262733174,78.87293256274619,3166,0.04809276215390481,3125,41,0,0.9870499052432091,0.012950094756790903,0.0,True,1958.0,24.96499062983726,0.6927045466127513,1959,0,0.0,,0.3090169943749474,0.40149162409079436,
25,26,37.03299955578703,37.707870033715466,4.0,99.0640916,5.0,1061.1007662500099,88.91024030157003,5666,0.08606872721542155,5549,117,0,0.9793505118249206,0.02064948817507942,0.0,True,2070.0,25.669076033243712,0.6868819208078624,2070,0,0.0,,0.27253380620535966,0.3524704450894247,
25,33,37.03299955578703,36.86489460303017,2.23606797749979,55.37851073671648,3.23606797749979,1077.414562455252,63.89667017630845,4068,0.061794490348100056,4060,8,0,0.9980334316617503,0.0019665683382497543,0.0,True,1827.0,24.115392637437726,0.6526679254380451,1827,0,0.0,,0.28172904669025317,0.4235028915036208,
25,217,37.03299955578703,34.99757157984569,1.0,24.7660229,2.0,1071.4846719635093,72.7756540243667,2887,0.04385464445303954,2850,37,0,0.9871839279528922,0.012816072047107724,0.0,True,1672.0,23.06976657227589,0.6405548702046465,1675,0,0.0,,0.2989350844248255,0.4068781988545112,
25,219,37.03299955578703,35.50247751859002,9.198039027185569,227.7988451823715,10.198039027185569,1049.0501557646546,74.36569873007257,8666,0.13163988528924167,6309,2357,0,0.7280175398107547,0.2719824601892453,0.0,True,896.0,16.88803298257901,0.4656489117804303,898,0,0.0,,0.21239994067041817,0.3608833931394961,
25,275,37.03299955578703,34.80583547552976,1.0,24.7660229,2.0,1095.569072968052,13.228966525722477,3200,0.04860923527874144,3046,154,0,0.951875,0.048125,0.0,True,1837.0,24.18129981865374,0.6732096868807061,1837,0,0.0,,0.30216947925196225,0.4142135623730951,
25,284,37.03299955578703,34.78223748954251,1.414213562373095,35.02444547122265,2.414213562373095,1038.3607777383795,54.0410006694529,3119,0.047378814010748296,3117,2,0,0.9993587688361655,0.0006412311638345624,0.0,True,2288.0,26.986904594423443,0.7515648685358902,2296,0,0.0,,0.2989350844248255,0.37198770054687413,
25,158,37.03299955578703,35.68825811374741,3.3166247903554,82.13960550864952,4.3166247903554,1041.4675027874687,61.22197496405295,4242,0.06443761751638162,4212,30,0,0.9929278642149929,0.007072135785007072,0.0,True,1697.0,23.24159798408648,0.6391968106410575,1697,0,0.0,,0.27669677546737487,0.3715890735918233,
25,161,37.03299955578703,35.384528008489525,1.0,24.7660229,2.0,1034.3476457570732,46.72220554366755,2454,0.03727720730438484,2439,15,0,0.9938875305623472,0.006112469437652812,0.0,True,2005.0,25.262844689355557,0.6976997293074578,2005,0,0.0,,0.29339977411634566,0.3430703308172536,
25,167,37.03299955578703,35.22581450301618,3.8989794855663558,96.56221522616659,4.898979485566356,1087.3040915283532,45.2910344273515,5361,0.08143565947791652,5293,68,0,0.987315799291177,0.01268420070882298,0.0,True,1791.0,23.876620492757535,0.6608638905511811,1792,0,0.0,,0.27669677546737487,0.3241813973714994,
25,169,37.03299955578703,35.35934151706443,1.0,24.7660229,2.0,1067.7250988118017,78.23099785710554,3703,0.056249999449118605,3691,12,0,0.9967593842830138,0.0032406157169862274,0.0,True,2030.0,25.41985580118611,0.7022802529788349,2033,0,0.0,,0.3090169943749474,0.40125853844407355,
26,36,37.707870033715466,37.227002240939015,1.414213562373095,35.02444547122265,2.414213562373095,1079.1510301245057,63.63449450861017,3740,0.056812043732029055,3732,8,0,0.9978609625668449,0.0021390374331550803,0.0,True,2108.0,25.903614421069328,0.6913634102458012,2108,0,0.0,,0.28989794855663564,0.31780920727738804,
26,157,37.707870033715466,35.60138738531346,10.0,247.660229,11.0,1064.2632232940223,86.7555807223118,9192,0.13963002833818478,8866,326,0,0.9645343777197564,0.03546562228024369,0.0,True,1529.0,22.061183467235296,0.601866237469454,1529,0,0.0,,0.26049761706712177,0.3937998008548472,
26,160,37.707870033715466,36.431369308821246,7.694323451653613,190.55779080366042,8.694323451653613,1090.1679781156831,47.885834817513484,7096,0.10779097923060914,7023,73,0,0.9897125140924464,0.010287485907553552,0.0,True,1745.0,23.568002702620237,0.6357767603665799,1745,0,0.0,,0.2711923793731366,0.2585688584788905,
26,167,37.707870033715466,35.22581450301618,2.1462643699419726,53.15443253543696,3.1462643699419726,1088.0675916873518,46.76505161622285,4267,0.06481737716699679,4240,27,0,0.9936723693461448,0.006327630653855168,0.0,True,2431.0,27.817464537818594,0.7628152811560991,2431,0,0.0,,0.28172904669025317,0.3761785115301142,
26,296,37.707870033715466,34.303598480494024,1.0,24.7660229,2.0,1057.2487501923092,82.64190337641416,3491,0.053029637611901985,3439,52,0,0.9851045545688915,0.014895445431108566,0.0,True,2315.0,27.14566975625165,0.7539262930291497,2315,0,0.0,,0.3090169943749474,0.4142135623730951,
27,47,37.170298383798624,36.96795582424679,1.0,24.7660229,2.0,702.575509738215,86.73029583223827,3844,0.05839184387858815,3776,68,0,0.9823100936524454,0.01768990634755463,0.0,True,2499.0,28.20383671724989,0.7608443716007878,2500,0,0.0,,0.3090169943749474,0.40453726661826384,
27,64,37.170298383798624,36.46856455360579,1.0,24.7660229,2.0,663.6647502064559,6.968997205417014,3458,0.05252835487308997,2834,624,0,0.8195488721804511,0.18045112781954886,0.0,True,1549.0,22.204999745523345,0.6030782893646353,1563,0,0.0,,0.27429188517743175,0.4142135623730951,
27,67,37.170298383798624,36.160148697288385,1.0,24.7660229,2.0,684.7733863313617,65.00933354610682,3684,0.055961382114651084,3470,214,0,0.9419109663409337,0.05808903365906623,0.0,True,1583.0,22.44737289370274,0.6122251748685231,1583,0,0.0,,0.28989794855663564,0.4068781988545112,
26,204,37.707870033715466,35.35463096968926,1.8284271247461903,45.2828680424453,2.8284271247461903,1093.5513602545125,33.64543614023298,3784,0.05748042071711175,3749,35,0,0.9907505285412262,0.009249471458773785,0.0,True,2494.0,28.17560746714033,0.7712741031360901,2494,0,0.0,,0.28172904669025317,0.4364916731037084,
26,219,37.707870033715466,35.50247751859002,1.0,24.7660229,2.0,1049.8136559236532,70.78085281834414,3696,0.05614366674694636,3689,7,0,0.9981060606060606,0.001893939393939394,0.0,True,2761.0,29.64546501159066,0.8098708994766161,2761,0,0.0,,0.3090169943749474,0.4270509831248423,
26,244,37.707870033715466,35.9025243335125,1.0,24.7660229,2.0,1054.9334125507994,79.19355583022067,3724,0.056568997555635346,3650,74,0,0.9801288936627283,0.01987110633727175,0.0,True,2271.0,26.88646037550106,0.7305071683591241,2271,0,0.0,,0.3090169943749474,0.41421356237309503,
26,272,37.707870033715466,34.74035279998909,1.0,24.7660229,2.0,1028.415606702315,23.70686347855022,3513,0.05336382610444334,3473,40,0,0.9886137204668375,0.01138627953316254,0.0,True,2845.0,30.093049466494495,0.8307463810553134,2845,0,0.0,,0.30484544052339907,0.42877592858395136,
16,281,37.47773432074183,34.692218896429786,1.0,24.7660229,2.0,1157.5708573829452,85.0489593503331,3694,0.05611328597489715,3673,21,0,0.9943151055766107,0.00568489442338928,0.0,True,3225.0,32.03980934622934,0.8878988531367377,3225,0,0.0,,0.3090169943749474,0.4305008740430604,
16,338,37.47773432074183,60.87639952298429,6.0,148.5961374,7.0,1203.3596449871852,22.358743597830074,9321,0.14158958813535905,5668,3653,0,0.6080892608089261,0.39191073919107394,0.0,True,1708.0,23.31680264534386,0.4741397587292404,2314,0,0.0,,0.12729683913915313,0.2597106754733818,
17,41,37.152146542045095,36.85071883754194,1.0,24.7660229,2.0,723.507375685791,75.74505292861761,3029,0.046011679268533695,2969,60,0,0.980191482337405,0.019808517662594914,0.0,True,3133.0,31.57950084174568,0.8534669753600265,3133,0,0.0,,0.29581631632448924,0.3904778527222126,
17,105,37.152146542045095,36.57684264942452,1.0,24.7660229,2.0,727.8589827295295,68.7328849688136,3291,0.04999156040698065,3280,11,0,0.9966575508963841,0.003342449103615922,0.0,True,3061.0,31.214524849957005,0.8467368179670771,3064,0,0.0,,0.2989350844248255,0.44151844011225294,
28,38,36.73485416444828,36.6361085307293,7.944271909999159,196.74802004686592,8.94427190999916,295.59499865328513,26.803125393745468,7970,0.1210673766161154,6907,1063,0,0.866624843161857,0.13337515683814305,0.0,True,1704.0,23.28948359361322,0.6348419793909548,1737,0,0.0,,0.25728427444747204,0.31028189933406525,
28,120,36.73485416444828,35.63519641378069,1.0,24.7660229,2.0,318.8800153195649,69.16209005337556,3037,0.046133202356730546,2782,255,0,0.9160355614092854,0.08396443859071452,0.0,True,1737.0,23.513916566604646,0.6498245165985367,1772,0,0.0,,0.28989794855663564,0.40269974784927715,
28,127,36.73485416444828,35.59925256537631,1.0,24.7660229,2.0,323.66514820254986,76.69887626628899,3182,0.04833580833029852,3057,125,0,0.9607165304839723,0.03928346951602765,0.0,True,2411.0,27.70280013986166,0.7659678509153228,2413,0,0.0,,0.30383243470068705,0.39564392373896,
28,245,36.73485416444828,34.842778591540295,1.0,24.7660229,2.0,329.93881046659493,86.69430169896906,3122,0.047424385168822115,3046,76,0,0.9756566303651505,0.024343369634849454,0.0,True,2104.0,25.879026267050612,0.7231037202717614,2104,0,0.0,,0.3090169943749474,0.4030144453545291,
27,86,37.170298383798624,36.29064722228676,1.0,24.7660229,2.0,682.6682855792989,61.09837103703471,3557,0.05403220308952603,3270,287,0,0.9193140286758504,0.08068597132414956,0.0,True,2746.0,29.56482618688446,0.8049127585538557,2746,0,0.0,,0.29339977411634566,0.40453726661826384,
27,156,37.170298383798624,35.52260629097952,1.0,24.7660229,2.0,709.97354826845,74.95510600077634,3431,0.05211821445042559,3274,157,0,0.9542407461381521,0.04575925386184786,0.0,True,2852.0,30.130048048354833,0.8289680590741036,2853,0,0.0,,0.3090169943749474,0.4,
27,226,37.170298383798624,35.0523855173558,1.0,24.7660229,2.0,686.1851817199208,67.43612524760906,3155,0.04792566790763414,2903,252,0,0.9201267828843106,0.07987321711568938,0.0,True,1034.0,18.1420071192258,0.5023908317795377,1231,0,0.0,,0.28989794855663564,0.4068781988545112,
27,252,37.170298383798624,35.161502021492026,1.0,24.7660229,2.0,730.1217426236055,35.240975471111916,3708,0.056325951379241644,3649,59,0,0.9840884573894283,0.015911542610571736,0.0,True,2787.0,29.784721801524764,0.823558148273223,2790,0,0.0,,0.3090169943749474,0.38742588672279316,
28,247,36.73485416444828,37.268185251592925,1.0,24.7660229,2.0,311.2346373324671,55.64672783046638,3698,0.05617404751899557,3698,0,0,1.0,0.0,0.0,True,1857.0,24.312578198194025,0.6570697201100075,1866,0,0.0,,0.3090169943749474,,
28,249,36.73485416444828,34.25809377795667,1.0,24.7660229,2.0,354.11567592108696,51.93285118125378,3152,0.04788009674956032,3044,108,0,0.9657360406091371,0.03426395939086294,0.0,True,1763.0,23.68924501418361,0.667368962714499,1763,0,0.0,,0.2989350844248255,0.4030144453545291,
29,72,37.159582297628006,36.26785352048308,1.0,24.7660229,2.0,761.0751488615551,73.80696951870864,3485,0.05293849529575435,3438,47,0,0.9865136298421808,0.013486370157819226,0.0,True,3328.0,32.54743156102575,0.8865196284846388,3328,0,0.0,,0.3008613653919205,0.40269974784927715,
29,74,37.159582297628006,36.53486042988025,2.4641016151377544,61.02599702842861,3.4641016151377544,798.4599038113229,46.46869186121098,4316,0.06556170608220252,4311,5,0,0.9988415199258572,0.0011584800741427247,0.0,True,1804.0,23.96311821686732,0.6503371850024858,1806,0,0.0,,0.28172904669025317,0.33971422738143603,
29,316,37.159582297628006,34.40030065089142,1.7320508075688772,42.89600996421431,2.732050807568877,797.4732682443216,45.77559046816057,3596,0.05462462814448569,3580,16,0,0.9955506117908788,0.004449388209121246,0.0,True,3379.0,32.79587024939312,0.9165993262729802,3379,0,0.0,,0.28989794855663564,0.3463454103851993,
30,65,36.94569895252556,36.25962382264942,6.032065437739018,149.39027076534305,7.032065437739018,988.0578545449229,14.373077793456549,6817,0.10355286152974387,6702,115,0,0.9831304092709403,0.016869590729059705,0.0,True,2103.0,25.872875577417208,0.706857769260218,2103,0,0.0,,0.2713447036381609,0.1987625491245426,
30,112,36.94569895252556,36.065446657252224,1.0,24.7660229,2.0,928.952521213794,56.942571579840866,3550,0.05392587038735378,3358,192,0,0.9459154929577465,0.054084507042253524,0.0,True,2445.0,27.897449197361542,0.76419699935856,2446,0,0.0,,0.3090169943749474,0.4,
30,140,36.94569895252556,35.510430794917276,1.0,24.7660229,2.0,946.6883776249334,86.53735214644301,3657,0.0555512416919867,3650,7,0,0.9980858627290129,0.0019141372709871479,0.0,True,2781.0,29.75264347040649,0.8212595283273886,2781,0,0.0,,0.3090169943749474,0.38742588672279316,
29,94,37.159582297628006,35.89641140513762,1.0,24.7660229,2.0,740.0089873032912,30.295791068072106,3380,0.05134350476317064,3083,297,0,0.9121301775147929,0.0878698224852071,0.0,True,2083.0,25.749553256723427,0.7049265077821711,2083,0,0.0,,0.2989350844248255,0.40269974784927715,
29,156,37.159582297628006,35.52260629097952,2.4641016151377544,61.02599702842861,3.4641016151377544,745.5544984541082,47.26120456107643,3984,0.06051849792203309,3919,65,0,0.9836847389558233,0.01631526104417671,0.0,True,1456.0,21.528102431092233,0.5923900435344521,1456,0,0.0,,0.2801868778094689,0.40149162409079436,
29,163,37.159582297628006,37.63626525813539,3.0,74.2980687,4.0,736.8059484933625,27.81292548929226,4763,0.07235180863520171,4665,98,0,0.9794247323115683,0.02057526768843166,0.0,True,1747.0,23.581504853657716,0.6305565248412147,1747,0,0.0,,0.27429188517743175,0.3189459828173758,
29,220,37.159582297628006,34.82631807415661,5.19114712955712,128.56406868788088,6.19114712955712,803.7611119201247,36.050843729566864,5416,0.08227113070926989,5409,7,0,0.9987075332348597,0.001292466765140325,0.0,True,1848.0,24.253590861306396,0.6738428146635438,1848,0,0.0,,0.2758872381516119,0.4463593566567285,
30,253,36.94569895252556,35.51364896558651,3.6855577202829677,91.27660689979977,4.685557720282968,974.5151760605202,48.63855654343654,4992,0.07583040703483665,4912,80,0,0.9839743589743589,0.016025641025641024,0.0,True,2072.0,25.68147355921802,0.7088519093006806,2073,0,0.0,,0.27669677546737487,0.29840904752456426,
31,110,37.839712710723624,35.8072597084671,5.0,123.8301145,6.0,746.3759605473902,75.58167303716235,5645,0.08574972910890481,5626,19,0,0.9966341895482728,0.003365810451727192,0.0,True,2073.0,25.68767007844421,0.6975893029854026,2073,0,0.0,,0.2711923793731366,0.38883113727099095,
31,163,37.839712710723624,37.63626525813539,1.414213562373095,35.02444547122265,2.414213562373095,719.1358331650792,63.908916193610025,3932,0.05972859784875354,3884,48,0,0.987792472024415,0.012207527975584944,0.0,True,1698.0,23.24844482411838,0.616048852886956,1699,0,0.0,,0.28989794855663564,0.41421356237309503,
31,177,37.839712710723624,35.53962537564978,7.79385036540706,193.0226766288446,8.79385036540706,751.7907253257943,68.13847151879526,6678,0.10144139787232354,6416,262,0,0.9607666966157532,0.03923330338424678,0.0,True,1659.0,22.979906465843346,0.6263318003439645,1659,0,0.0,,0.2640379757271236,0.33836542244144424,
31,308,37.839712710723624,34.475317831118815,8.851841083363698,219.22489897774616,9.851841083363698,754.3814896183675,64.43330964030119,7127,0.10826188119737194,2878,4249,0,0.4038164725691034,0.5961835274308966,0.0,True,139.0,6.651697090182843,0.18396444114986807,209,0,0.0,,0.1329928290410277,0.3366585397732337,
32,89,37.36567458524123,35.99802299334317,1.0,24.7660229,2.0,1055.10718422045,25.62678397237346,3981,0.060472926763959274,3947,34,0,0.9914594323034414,0.008540567696558653,0.0,True,3467.0,33.22018024332803,0.9056299325083454,3531,0,0.0,,0.3090169943749474,0.41421356237309503,
32,93,37.36567458524123,35.991143858002715,1.0,24.7660229,2.0,1085.0610346174826,85.82055202460968,3260,0.04952065844021784,3238,22,0,0.9932515337423313,0.006748466257668712,0.0,True,2075.0,25.700058634784586,0.7006862942036854,2075,0,0.0,,0.30383243470068705,0.3211026280005056,
32,265,37.36567458524123,34.81049869841915,1.0,24.7660229,2.0,1101.264042152021,68.79379025759842,3215,0.048837091069110536,3211,4,0,0.998755832037325,0.001244167962674961,0.0,True,2075.0,25.700058634784586,0.7121479974777964,2075,0,0.0,,0.30484544052339907,0.47948446775235865,
31,227,37.839712710723624,34.94669093427095,1.0,24.7660229,2.0,714.5241128319149,55.18504904847432,3045,0.0462547254449274,3035,10,0,0.9967159277504105,0.003284072249589491,0.0,True,1974.0,25.0667851015403,0.6887765804119135,1975,0,0.0,,0.29339977411634566,0.3516287047744073,
31,243,37.839712710723624,35.47492912111168,1.0,24.7660229,2.0,749.1353597680718,69.98016778410239,3432,0.052133404836450195,3333,99,0,0.9711538461538461,0.028846153846153848,0.0,True,2106.0,25.891323262882167,0.7063070245168794,2107,0,0.0,,0.2989350844248255,0.4270509831248423,
31,298,37.839712710723624,33.969255702664874,1.0,24.7660229,2.0,718.2198123285322,60.079536823388025,3347,0.050842222024358626,3326,21,0,0.9937257245294293,0.00627427547057066,0.0,True,2107.0,25.897469571161718,0.7212878876653863,2107,0,0.0,,0.3090169943749474,0.4270509831248423,
31,300,37.839712710723624,37.253225358335015,1.0,24.7660229,2.0,773.4517519759493,14.386823274610538,3811,0.057890561139776135,3801,10,0,0.9973760167934925,0.0026239832065074785,0.0,True,2298.0,27.045815174447064,0.7203291246794629,2346,0,0.0,,0.30383243470068705,0.384539150931232,
32,336,37.36567458524123,30.912703688944195,1.414213562373095,35.02444547122265,2.414213562373095,1075.462249256634,69.24683444412659,3575,0.05430563003796895,3567,8,0,0.9977622377622377,0.0022377622377622378,0.0,True,2644.0,29.010538413996088,0.8497723334171322,2703,0,0.0,,0.2989350844248255,0.4173317118582265,
33,158,36.86489460303017,35.68825811374741,1.0,24.7660229,2.0,1058.5447991517094,11.3935577471976,3533,0.053667633824935466,3528,5,0,0.9985847721483159,0.001415227851684121,0.0,True,3108.0,31.453253031430968,0.8670402829829763,3108,0,0.0,,0.30901699437494745,0.3516287047744073,
33,169,36.86489460303017,35.35934151706443,1.0,24.7660229,2.0,1084.8023951760424,74.92404171688317,3411,0.051814406729933454,3409,2,0,0.999413661682791,0.0005863383172090296,0.0,True,2258.0,26.809396170055738,0.7423933463408882,2259,0,0.0,,0.2989350844248255,0.5,
33,217,36.86489460303017,34.99757157984569,1.0,24.7660229,2.0,1088.5619683277503,80.56514266584524,3428,0.05207264329235177,3401,27,0,0.9921236872812136,0.007876312718786464,0.0,True,4588.0,38.2152555638613,1.063566492878521,4588,0,0.0,,0.3090169943749474,0.439607805437114,
33,275,36.86489460303017,34.80583547552976,1.414213562373095,35.02444547122265,2.414213562373095,1112.646369332293,60.82194994613582,3092,0.04696867358808392,3076,16,0,0.9948253557567918,0.00517464424320828,0.0,True,2753.0,29.602484974474283,0.8260690226547525,2753,0,0.0,,0.29339977411634566,0.4176890859898589,
34,84,37.06830288837944,35.673506791197624,6.348469228349534,157.22633428924988,7.348469228349534,342.02889168982006,67.45349586894301,5728,0.08701053114894718,5609,119,0,0.9792248603351955,0.02077513966480447,0.0,True,1690.0,23.193613509986026,0.6376969066937537,1690,0,0.0,,0.2692803301885514,0.2865345999226436,
34,145,37.06830288837944,36.32813103961761,1.0,24.7660229,2.0,312.5748709349091,67.68978402927117,3456,0.052497974101040755,3419,37,0,0.9892939814814815,0.01070601851851852,0.0,True,2622.0,28.88959192466898,0.7872205876653376,2623,0,0.0,,0.3090169943749474,0.4068781988545112,
34,148,37.06830288837944,35.81005242339135,8.281885242839627,205.10935957933825,9.281885242839627,346.59287044502037,60.946531151035074,7682,0.11669254544102867,7570,112,0,0.9854204634209841,0.014579536579015881,0.0,True,1930.0,24.78584435387901,0.68019768689472,1930,0,0.0,,0.2647281296856081,0.3861703088521442,
35,317,37.31659357227989,34.37688314831693,1.0,24.7660229,2.0,472.5722657335866,50.40153900206467,3165,0.0480775717678802,3161,4,0,0.9987361769352291,0.001263823064770932,0.0,True,1603.0,22.588730543184948,0.6301474437128373,1603,0,0.0,,0.3090169943749474,0.3590148092807359,
35,318,37.31659357227989,32.73617840351093,1.0,24.7660229,2.0,468.81988262356913,56.11500725054568,3440,0.052254927924647046,3413,27,0,0.9921511627906977,0.007848837209302326,0.0,True,2619.0,28.87305996799348,0.8243231253710153,2620,0,0.0,,0.3090169943749474,0.3333333333333333,
35,343,37.31659357227989,28.476484252796663,1.0,24.7660229,2.0,436.8118503851202,65.80393739768974,2627,0.0399051440866418,2490,137,0,0.9478492577084127,0.052150742291587365,0.0,True,3579.0,33.75249742836501,1.026019713444702,3587,0,0.0,,0.2989350844248255,0.42857142857142855,
36,136,37.227002240939015,35.62178084455826,4.0,99.0640916,5.0,1084.1895075243738,71.56936009744034,5109,0.07760768219971563,5069,40,0,0.9921706791935799,0.007829320806420043,0.0,True,2279.0,26.933774904622243,0.739443371978144,2279,0,0.0,,0.27792629762666365,0.29480708435740666,
34,185,37.06830288837944,34.80741191602223,1.0,24.7660229,2.0,357.7114347460748,31.878800951298622,3205,0.04868518720886447,3201,4,0,0.9987519500780031,0.0012480499219968799,0.0,True,2636.0,28.96661630188228,0.8060195681033663,2637,0,0.0,,0.3090169943749474,0.4220725360276889,
34,218,37.06830288837944,35.39729835410642,1.0,24.7660229,2.0,306.63985064223033,57.372784558501365,3121,0.04740919478279751,3117,4,0,0.9987183595001602,0.001281640499839795,0.0,True,1786.0,23.84326858306659,0.6580575659141159,1788,0,0.0,,0.3090169943749474,0.4234419168375366,
34,320,37.06830288837944,33.5971370217625,1.0,24.7660229,2.0,350.2541667078745,47.205906495345175,3432,0.052133404836450195,3428,4,0,0.9988344988344988,0.0011655011655011655,0.0,True,2994.0,30.871018759254923,0.8737232457198444,2997,0,0.0,,0.3090169943749474,0.47546729782144626,
35,80,37.31659357227989,36.16854538428099,3.2426406871192857,80.30731351366796,4.242640687119286,477.40747889056786,43.36430407774403,5259,0.07988624010340663,5226,33,0,0.9937250427837993,0.006274957216200799,0.0,True,1891.0,24.534139372995096,0.6677306383675183,1891,0,0.0,,0.27669677546737487,0.41986841535706637,
35,97,37.31659357227989,35.8266755774945,1.0,24.7660229,2.0,454.5107959804016,81.67917810319182,3542,0.05380434729915693,3523,19,0,0.9946357989836251,0.005364201016374929,0.0,True,2815.0,29.93396615230549,0.8185022764298421,2816,0,0.0,,0.3090169943749474,0.42480768092719207,
35,185,37.31659357227989,34.80741191602223,1.0,24.7660229,2.0,419.0609099597175,35.346324119236336,2993,0.04546482537164785,2985,8,0,0.9973270965586368,0.0026729034413631807,0.0,True,1948.0,24.901157769991823,0.6905095633944116,1948,0,0.0,,0.30484544052339907,0.42324300214581256,
35,201,37.31659357227989,35.117226976652994,1.0,24.7660229,2.0,439.6432475687851,74.69649008831357,3210,0.048761139138987504,3156,54,0,0.983177570093458,0.016822429906542057,0.0,True,1659.0,22.979906465843346,0.6345076455084735,1668,0,0.0,,0.3090169943749474,0.41421356237309503,
35,233,37.31659357227989,34.904089842928464,7.613903745752154,188.56611452569362,8.613903745752154,482.98047294520654,32.84058770973168,7660,0.11635835694848731,7530,130,0,0.9830287206266318,0.016971279373368148,0.0,True,1870.0,24.3975303496827,0.6756383129031711,1877,0,0.0,,0.2708131845707603,0.25792656646318124,
36,147,37.227002240939015,36.002443906642085,6.164414002968976,152.66801836261033,7.164414002968976,1057.7292053017645,16.323565925471943,6311,0.09586652620129288,6082,229,0,0.9637141498970052,0.036285850102994774,0.0,True,1931.0,24.792264725532835,0.6771119004660605,1931,0,0.0,,0.269128646713734,0.2687959533979827,
36,160,37.227002240939015,36.431369308821246,1.0,24.7660229,2.0,1107.4547418311804,72.42268482959119,4069,0.06180968073412466,4046,23,0,0.9943475055296142,0.005652494470385844,0.0,True,3025.0,31.030427095126594,0.8425499082385726,3025,0,0.0,,0.3090169943749474,0.39352981872163206,
36,167,37.227002240939015,35.22581450301618,1.0,24.7660229,2.0,1105.354355402849,75.77063569736463,3727,0.05661456871370917,3720,7,0,0.998121813791253,0.0018781862087469815,0.0,True,3556.0,33.64386950500135,0.9287111534641139,3556,0,0.0,,0.3090169943749474,0.4211646096066227,
36,168,37.227002240939015,35.463353618126746,2.863703305156273,70.92254163430594,3.863703305156273,1110.910116369531,68.03284813621114,3930,0.05969821707670433,3903,27,0,0.9931297709923664,0.006870229007633588,0.0,True,3185.0,31.84049289027061,0.876058247726945,3185,0,0.0,,0.27669677546737487,0.3273531727209286,
36,219,37.227002240939015,35.50247751859002,4.155870949147037,102.92439509602025,5.155870949147037,1067.1004196391505,42.104500799881116,4507,0.0684630698129024,4477,30,0,0.9933436875970713,0.006656312402928777,0.0,True,1996.0,25.206081266687335,0.6931462001385987,1996,0,0.0,,0.27718637277259645,0.33048466194171255,
36,244,37.227002240939015,35.9025243335125,2.449489742783178,60.66411906308329,3.449489742783178,1072.2201762662967,50.805323887496286,4609,0.07001248918741228,4581,28,0,0.9939249294857887,0.0060750705142113256,0.0,True,2249.0,26.7559140009708,0.7317403859775082,2249,0,0.0,,0.2843646522044218,0.40762202615366,
37,90,36.531342646769914,36.38364107515797,4.449489742783178,110.1961648630833,5.449489742783178,243.3884056382724,50.27547557253636,5497,0.08350155197726303,5084,413,0,0.9248681098781153,0.07513189012188466,0.0,True,2520.0,28.32209231647889,0.7768524621630417,2521,0,0.0,,0.26747889038858924,0.36904443083571475,
37,135,36.531342646769914,35.37327484282928,1.0,24.7660229,2.0,303.4828032963743,16.268151061011086,2929,0.04449264066607302,2847,82,0,0.9720040969614203,0.02799590303857972,0.0,True,2369.0,27.4604464706858,0.7638020318975448,2405,0,0.0,,0.3090169943749474,0.4142135623730951,
37,162,36.531342646769914,36.24733283428811,1.0,24.7660229,2.0,281.3170446355058,69.26240664938148,3546,0.053865108843255356,3519,27,0,0.9923857868020305,0.007614213197969543,0.0,True,2929.0,30.534073698612882,0.839093965279979,2931,0,0.0,,0.3090169943749474,0.42705098312484235,
37,216,36.531342646769914,34.5910264940758,1.0,24.7660229,2.0,248.81398487377294,57.14806815077852,3147,0.04780414481943728,3105,42,0,0.9866539561487131,0.01334604385128694,0.0,True,3997.0,35.66909888231845,1.0030346095946803,3997,0,0.0,,0.3090169943749474,0.4211646096066227,
38,71,36.6361085307293,35.91961713261117,1.0,24.7660229,2.0,251.02914189825074,76.97059187496342,3539,0.05375877614108311,3539,0,0,1.0,0.0,0.0,True,5200.0,40.68428945128219,1.1214632361354315,5214,0,0.0,,0.3090169943749474,,
38,83,36.6361085307293,36.041203193992715,1.0,24.7660229,2.0,239.71096981769438,58.25721730353829,3196,0.048548473734643015,3138,58,0,0.9818523153942428,0.018147684605757195,0.0,True,3835.0,34.93878093916325,0.9614769756894689,3835,0,0.0,,0.30484544052339907,0.39782196186948,
38,107,36.6361085307293,35.54201934611102,1.0,24.7660229,2.0,245.424436150666,67.70555282058187,3219,0.04889785261320897,3176,43,0,0.9866418142280211,0.013358185771978875,0.0,True,3915.0,35.30132015108699,0.9781722299952883,3918,0,0.0,,0.3090169943749474,0.3827822185373187,
38,120,36.6361085307293,35.63519641378069,1.0,24.7660229,2.0,282.468358414833,51.961536774597974,2719,0.041302659600905615,2565,154,0,0.9433615299742553,0.05663847002574476,0.0,True,1619.0,22.701182914807703,0.6282211987797287,1626,0,0.0,,0.2898979485566356,0.4068781988545112,
38,127,36.6361085307293,35.59925256537631,1.8284271247461903,45.2828680424453,2.8284271247461903,287.25349129781796,41.78511136869865,3653,0.05549048014788827,3653,0,0,1.0,0.0,0.0,True,2879.0,30.272333281779478,0.8381582876426303,2879,0,0.0,,0.28989794855663564,,
39,126,36.78538117103105,35.86612479803742,1.7320508075688772,42.89600996421431,2.732050807568877,941.764254493523,69.81559344275253,4011,0.06092863834469747,4009,2,0,0.99950137122912,0.0004986287708800798,0.0,True,3028.0,31.045810270703488,0.8546501509251937,3028,0,0.0,,0.28989794855663564,0.3721796717078052,
40,201,36.8907577734414,35.117226976652994,1.0,24.7660229,2.0,415.2386855982983,65.91831930592342,3180,0.048305427558249306,3132,48,0,0.9849056603773585,0.01509433962264151,0.0,True,2204.0,26.486883341553696,0.7356651747296392,2205,0,0.0,,0.3090169943749474,0.4041849114726528,
40,245,36.8907577734414,34.842778591540295,3.0,74.2980687,4.0,364.13037952592765,17.161590570486812,3977,0.06041216521986084,3977,0,0,1.0,0.0,0.0,True,2489.0,28.147349905656394,0.7847751925247937,2489,0,0.0,,0.28172904669025317,,
40,263,36.8907577734414,35.007249465653935,1.0,24.7660229,2.0,404.46009944704656,83.5130636321868,3498,0.053135970314074236,3498,0,0,1.0,0.0,0.0,True,2508.0,28.254578293596012,0.7859627652720887,2512,0,0.0,,0.3090169943749474,,
40,280,36.8907577734414,34.98249199309273,4.55269276785519,112.752093345366,5.55269276785519,438.40950997092176,10.37594403440367,5182,0.07871658037951192,5132,50,0,0.990351215746816,0.0096487842531841,0.0,True,1751.0,23.608485989317856,0.6569477814348259,1751,0,0.0,,0.28172904669025317,0.36156601695145096,
39,267,36.78538117103105,35.08616142807222,6.894954260780955,170.7605951169537,7.894954260780955,905.7750723136623,55.543210822700075,6227,0.09459053377522592,5977,250,0,0.9598522563031957,0.04014774369680424,0.0,True,2217.0,26.564883166870207,0.7392323082599775,2217,0,0.0,,0.2658626798938589,0.34337256720302517,
39,277,36.78538117103105,35.38967537586831,1.0,24.7660229,2.0,935.8345673910736,78.60694344853609,3546,0.053865108843255356,3524,22,0,0.9937958262831359,0.006204173716864072,0.0,True,3702.0,34.327586554437424,0.9512313033556504,3702,0,0.0,,0.3090169943749474,0.4183787889535884,
40,55,36.8907577734414,36.57446325767553,9.633758019665983,238.58987172810637,10.633758019665983,430.3646579368198,45.091117453623575,8815,0.13390325280690807,5518,3297,0,0.62597844583097,0.37402155416903005,0.0,True,821.0,16.165779181867237,0.4400933926277867,825,0,0.0,,0.20269706847261595,0.33333333333333337,
40,69,36.8907577734414,36.1389571090498,1.0,24.7660229,2.0,405.61213675255647,81.95022870169582,3338,0.05070550855013716,3205,133,0,0.9601557819053326,0.03984421809466747,0.0,True,1609.0,22.630965663659147,0.6197741754866114,1612,0,0.0,,0.29339977411634566,0.39564392373896,
40,303,36.8907577734414,33.97945920679168,6.834654549917682,169.2672110968505,7.834654549917682,417.0587779857326,65.27479232466828,5731,0.087056102307021,5663,68,0,0.9881347059849939,0.011865294015006108,0.0,True,1279.0,20.177173846430236,0.5694119393498681,1279,0,0.0,,0.26968623182294527,0.2774808102366574,
40,330,36.8907577734414,33.601507417777036,1.0,24.7660229,2.0,399.33383904014727,88.26866759603116,3100,0.04709019667628077,3087,13,0,0.9958064516129033,0.004193548387096774,0.0,True,2105.0,25.885175495191827,0.7344117946834391,2109,0,0.0,,0.3090169943749474,0.4142135623730951,
41,63,36.85071883754194,36.90431851175298,8.438793109825916,208.99534340631084,9.438793109825916,693.0579326820144,18.609479235586793,7806,0.1185761533080799,7778,28,0,0.9964130156290033,0.0035869843709966692,0.0,True,2755.0,29.613235831910423,0.8030159537894537,2755,0,0.0,,0.2680748568360903,0.19003748278705318,
41,110,36.85071883754194,35.8072597084671,1.0,24.7660229,2.0,744.7123937991346,71.4876286779478,3082,0.04681676972783785,3054,28,0,0.990914990266061,0.009085009733939001,0.0,True,3137.0,31.599653684155328,0.8698192357263436,3137,0,0.0,,0.30484544052339907,0.436403720705399,
41,332,36.85071883754194,34.13724573622004,5.422466567392307,134.29293118252227,6.422466567392307,708.365674715956,49.68634368522745,6204,0.09424115489665996,5895,309,0,0.9501934235976789,0.049806576402321084,0.0,True,2032.0,25.43237481489809,0.7165263849330934,2032,0,0.0,,0.269128646713734,0.3430703308172536,
42,82,37.26199640778509,36.34392229107731,1.0,24.7660229,2.0,774.4355279103754,84.49301724670457,3737,0.056766472573955236,3669,68,0,0.9818035857639819,0.018196414236018196,0.0,True,2665.0,29.125518822500005,0.7913906744825439,2666,0,0.0,,0.3090169943749474,0.38864816943931535,
42,214,37.26199640778509,36.01269379192217,1.0,24.7660229,2.0,743.5201723572108,42.11176646589479,3511,0.05333344533239412,3206,305,0,0.9131301623469097,0.08686983765309028,0.0,True,4199.0,36.5593108808924,0.9978700907844562,4199,0,0.0,,0.28989794855663564,0.40269974784927715,
42,221,37.26199640778509,35.16600705157999,8.565401897601228,212.13093954369546,9.565401897601228,807.3980801194284,27.37963814484665,8341,0.1267030098312445,8197,144,0,0.9827358829876514,0.01726411701234864,0.0,True,1408.0,21.17026971360491,0.5845879688091155,1408,0,0.0,,0.2659858398756301,0.34800825929830126,
43,56,36.55416636174651,36.140114762562334,8.899494936611665,220.40509539855856,9.899494936611665,279.7965718679858,58.793512868896514,8680,0.13185255069358615,8142,538,0,0.9380184331797236,0.061981566820276494,0.0,True,2060.0,25.60699837034026,0.7045120461828825,2062,0,0.0,,0.2603471070980069,0.35477269450245924,
43,66,36.55416636174651,35.983217308099036,1.0,24.7660229,2.0,315.21735974953447,67.35090428743051,3276,0.049763704616611545,3276,0,0,1.0,0.0,0.0,True,2912.0,30.445334430207833,0.8394384492492865,2912,0,0.0,,0.3090169943749474,,
43,150,36.55416636174651,35.21721885099203,6.483314773547883,160.56592214959517,7.483314773547883,274.71609969574274,48.0551425541343,6136,0.09320820864698671,5265,871,0,0.8580508474576272,0.1419491525423729,0.0,True,1669.0,23.049060719273285,0.6422910927789187,1672,0,0.0,,0.25265030858707205,0.355536096278095,
43,151,36.55416636174651,35.816380965084186,1.0,24.7660229,2.0,265.582939330919,7.395398373381796,3224,0.048973804543332,2999,225,0,0.9302109181141439,0.06978908188585609,0.0,True,3453.0,33.15303963428737,0.9162025398140438,3453,0,0.0,,0.30216947925196225,0.4,
42,236,37.26199640778509,35.47695247697016,8.438793109825916,208.99534340631084,9.438793109825916,777.1853635061968,81.28390817506067,6780,0.10299081724683343,6621,159,0,0.9765486725663717,0.023451327433628318,0.0,True,1339.0,20.64502210219441,0.5676469736977799,1339,0,0.0,,0.26533119314590375,0.35902039183346857,
42,252,37.26199640778509,35.161502021492026,1.0,24.7660229,2.0,765.3372255403153,81.30062549705455,3452,0.05243721255694233,3356,96,0,0.9721900347624566,0.027809965237543453,0.0,True,1989.0,25.161843406625827,0.6948530229093208,1990,0,0.0,,0.30484544052339907,0.4068781988545112,
42,306,37.26199640778509,34.88324072794575,1.414213562373095,35.02444547122265,2.414213562373095,795.9787731597573,48.91720231784207,2871,0.04361159827664583,2868,3,0,0.9989550679205852,0.0010449320794148381,0.0,True,2949.0,30.638143781175756,0.8493462631090813,2949,0,0.0,,0.29339977411634566,0.43210403685012,
43,46,36.55416636174651,36.90332517531369,1.0,24.7660229,2.0,299.57531866012084,87.38295112000614,3486,0.05295368568177895,3457,29,0,0.9916810097532989,0.00831899024670109,0.0,True,2750.0,29.586351363515988,0.8055366646597049,2752,0,0.0,,0.3090169943749474,0.4068781988545112,
43,198,36.55416636174651,35.16336853115337,1.0,24.7660229,2.0,316.5081072831672,65.87618687536013,2976,0.045206588809229536,2976,0,0,1.0,0.0,0.0,True,2648.0,29.03247455203703,0.8096339227329266,2649,0,0.0,,0.3008613653919205,,
43,254,36.55416636174651,34.502880649600016,5.0990195135927845,126.28243404118575,6.0990195135927845,338.96602704705066,12.990860918162062,5590,0.08491425787755146,5590,0,0,1.0,0.0,0.0,True,2664.0,29.120053859730724,0.8196246560902194,2664,0,0.0,,0.27669677546737487,,
44,49,36.66578808715585,36.83659080249594,1.0,24.7660229,2.0,439.4313794998885,63.8827350080534,3555,0.05400182231747682,3470,85,0,0.9760900140646976,0.02390998593530239,0.0,True,3514.0,33.44459507977097,0.9100275551620152,3544,0,0.0,,0.3090169943749474,0.407669683062202,
44,193,36.66578808715585,35.406758985089084,1.0,24.7660229,2.0,486.5490282129,30.829948048570877,3275,0.04974851423058694,3063,212,0,0.935267175572519,0.06473282442748092,0.0,True,2248.0,26.749964937194992,0.7423066347407161,2408,0,0.0,,0.30383243470068705,0.40361850723377046,
44,205,36.66578808715585,34.645078173503784,8.22446323827975,203.68724489944444,9.22446323827975,427.6212037211343,46.46488535556165,7393,0.11230252387991733,7056,337,0,0.9544163397808738,0.0455836602191262,0.0,True,1410.0,21.185300080932176,0.5941675144849435,1624,0,0.0,,0.2658626798938589,0.3425326481886458,
44,240,36.66578808715585,34.522722681428306,7.0670198723450905,175.0219759932536,8.06701987234509,491.8987890359085,24.215416963083847,5960,0.09053470070665592,5371,589,0,0.9011744966442953,0.0988255033557047,0.0,True,1820.0,24.069150231250354,0.6762088424491157,1837,0,0.0,,0.2658626798938589,0.2865345999226436,
44,254,36.66578808715585,34.502880649600016,7.3484692283495345,181.9923571892499,8.348469228349535,416.1083250559517,7.359578562288669,6821,0.1036136230738423,6505,316,0,0.9536724820407565,0.04632751795924351,0.0,True,2038.0,25.469894935836805,0.7157614548066595,2268,0,0.0,,0.28259835342023926,0.2,
44,319,36.66578808715585,34.32123967379236,1.0,24.7660229,2.0,476.2250444537592,54.9583008732165,3085,0.046862340885911666,2797,288,0,0.906645056726094,0.09335494327390599,0.0,True,1924.0,24.747287144606645,0.697234070087965,1924,0,0.0,,0.29581631632448924,0.40269974784927715,
44,323,36.66578808715585,31.609547132149697,1.0,24.7660229,2.0,460.6655603914275,81.53215765099311,2700,0.04101404226643809,2693,7,0,0.9974074074074074,0.0025925925925925925,0.0,True,2735.0,29.50555098134362,0.8643106880858089,2735,0,0.0,,0.3090169943749474,0.4068781988545112,
44,326,36.66578808715585,34.431205980390885,1.0,24.7660229,2.0,441.79526517216095,67.65011583382196,2914,0.04426478487570392,2913,1,0,0.9996568291008923,0.00034317089910775565,0.0,True,1809.0,23.996303550890445,0.6750300449578053,1810,0,0.0,,0.3090169943749474,0.4907375632320415,
45,170,36.52609452464983,35.7078659870906,1.0,24.7660229,2.0,292.51547650750933,68.50500248985999,3448,0.0523764510128439,3338,110,0,0.9680974477958236,0.031902552204176336,0.0,True,2749.0,29.580971537784905,0.8190322482172913,2749,0,0.0,,0.30484544052339907,0.42705098312484235,
45,197,36.52609452464983,34.79223274494799,2.863703305156273,70.92254163430594,3.863703305156273,336.8690306324293,32.93769144758638,4583,0.0696175391507725,4583,0,0,1.0,0.0,0.0,True,2643.0,29.00505178729662,0.8133968615851466,2643,0,0.0,,0.28172904669025317,,
46,245,36.90332517531369,34.842778591540295,7.613903745752154,188.56611452569362,8.613903745752154,312.8761024029525,67.97659473638733,7621,0.11576593189352766,6490,1131,0,0.8515942789660149,0.14840572103398503,0.0,True,895.0,16.878606226063,0.4705093472646734,895,0,0.0,,0.25,0.3491066134789189,
46,247,36.90332517531369,37.268185251592925,1.0,24.7660229,2.0,294.17192926882467,84.29187259218929,3527,0.05357649150878783,3506,21,0,0.9940459313864474,0.005954068613552594,0.0,True,2032.0,25.43237481489809,0.6857720617665131,2032,0,0.0,,0.3090169943749474,0.40149162409079436,
46,311,36.90332517531369,34.45220336402628,2.863703305156273,70.92254163430594,3.863703305156273,276.01510904067413,54.39964191391179,4154,0.06310086354621623,3963,191,0,0.9540202214732788,0.045979778526721235,0.0,True,1459.0,21.550269695346056,0.6040252279391327,1463,0,0.0,,0.27429188517743175,0.40149162409079436,
47,61,36.96795582424679,36.34199432422642,1.0,24.7660229,2.0,678.9119106596037,45.341866202735424,3675,0.05582466864042962,3670,5,0,0.998639455782313,0.0013605442176870747,0.0,True,2364.0,27.431452220735256,0.7483691413015252,2366,0,0.0,,0.3090169943749474,0.3900959445746376,
47,82,36.96795582424679,36.34392229107731,1.0,24.7660229,2.0,741.3408740450017,11.48685165883866,3385,0.051419456693293675,3342,43,0,0.9872968980797636,0.012703101920236336,0.0,True,3435.0,33.06651567736342,0.9020779859260392,3435,0,0.0,,0.30216947925196225,0.46410161513775455,
47,86,36.96795582424679,36.29064722228676,7.0670198723450905,175.0219759932536,8.06701987234509,684.7891146306351,61.20843554325572,6343,0.0963526185540803,5408,935,0,0.852593410058332,0.14740658994166797,0.0,True,2425.0,27.783114908082073,0.7584942587680619,2425,0,0.0,,0.25238152575752737,0.32756034947555174,
47,252,36.96795582424679,35.161502021492026,10.31370849898476,255.42954086978116,11.31370849898476,732.2425716749417,48.21150144374091,10727,0.16294727088595606,10362,365,0,0.9659737111960474,0.03402628880395264,0.0,True,1790.0,23.869953838853256,0.66186422445884,1790,0,0.0,,0.26809539033675733,0.23886243995307527,
48,85,37.16545962622503,35.96944507375879,1.0,24.7660229,2.0,1057.0907206804864,8.941600074149049,3534,0.05368282421096008,3472,62,0,0.9824561403508771,0.017543859649122806,0.0,True,1492.0,21.792621462004423,0.5959567883872349,1492,0,0.0,,0.3090169943749474,0.376931296631122,
45,237,36.52609452464983,34.26500852446647,9.816653826391967,243.11947346579606,10.816653826391967,279.5568274447308,50.734452048425666,7635,0.11597859729787215,7343,292,0,0.9617550753110674,0.03824492468893255,0.0,True,1721.0,23.405369343855778,0.6612517205055178,1721,0,0.0,,0.26383210493946546,0.34365877825869007,
45,325,36.52609452464983,33.37415112376185,4.977725364273731,123.27846036151405,5.977725364273731,335.14094655451925,39.100909577467945,5444,0.08269646151795887,5435,9,0,0.99834680382072,0.0016531961792799412,0.0,True,2278.0,26.9278651349615,0.7704655365706394,2278,0,0.0,,0.27669677546737487,0.41714007511212103,
46,56,36.90332517531369,36.140114762562334,10.449489742783179,258.7923022630833,11.449489742783179,278.102492638597,61.88810873834744,9932,0.15087091399639374,9288,644,0,0.9351590817559404,0.0648409182440596,0.0,True,1801.0,23.943184938871582,0.6555875506201634,1801,0,0.0,,0.25783218979627226,0.35031791787598343,
46,154,36.90332517531369,36.029253131100454,1.0,24.7660229,2.0,330.835920594856,28.04380171754887,3170,0.048153523698003235,3154,16,0,0.9949526813880126,0.005047318611987382,0.0,True,2162.0,26.233298952464125,0.7193849322657775,2163,0,0.0,,0.3090169943749474,0.3348203991701175,
48,206,37.16545962622503,34.75445734720734,1.8284271247461903,45.2828680424453,2.8284271247461903,1130.66905572111,9.13502170383444,3556,0.05401701270350143,3528,28,0,0.9921259842519685,0.007874015748031496,0.0,True,2224.0,26.60678836073137,0.7399004192554913,2224,0,0.0,,0.2857142857142857,0.4,
48,232,37.16545962622503,35.27007339608747,1.0,24.7660229,2.0,1103.4267515379388,74.10114415773188,3614,0.05489805509292861,3576,38,0,0.9894853348090759,0.010514665190924184,0.0,True,1732.0,23.480049464818542,0.6483019723920834,1732,0,0.0,,0.3090169943749474,0.4259293320260172,
48,244,37.16545962622503,35.9025243335125,1.0,24.7660229,2.0,1070.7442199975412,51.73493589373311,3613,0.054882864706904004,3595,18,0,0.9950179905895378,0.00498200941046222,0.0,True,2445.0,27.897449197361542,0.7636025434267847,2445,0,0.0,,0.3090169943749474,0.3784244573431458,
49,123,36.83659080249594,35.7519362727754,1.414213562373095,35.02444547122265,2.414213562373095,451.58543207083824,40.95343593849062,3441,0.05227011831067165,3439,2,0,0.999418773612322,0.0005812263876780006,0.0,True,2615.0,28.85100262331645,0.7949190811765373,2615,0,0.0,,0.29339977411634566,0.28264919686468637,
48,93,37.16545962622503,35.991143858002715,8.917213725368399,220.84391932666807,9.917213725368399,1087.9069369029357,82.35627342605653,8418,0.1278726695551392,6769,1649,0,0.8041102399619863,0.19588976003801378,0.0,True,885.0,16.784047463965738,0.45885256189030993,891,0,0.0,,0.24127429245212265,0.34367480358879676,
48,113,37.16545962622503,35.751064647882906,1.0,24.7660229,2.0,1072.9709089490002,55.593344660475665,3848,0.05845260542268658,3784,64,0,0.9833679833679834,0.016632016632016633,0.0,True,1871.0,24.404052881639814,0.6693696147638649,1871,0,0.0,,0.3090169943749474,0.4,
48,121,37.16545962622503,35.630934617603785,3.7320508075688767,92.42805576421429,4.732050807568877,1074.647618115715,61.58625445530931,4605,0.06995172764331385,4272,333,0,0.9276872964169381,0.07231270358306188,0.0,True,757.0,15.522905135351744,0.42647456090636443,758,0,0.0,,0.26968623182294527,0.3753612022949537,
48,160,37.16545962622503,36.431369308821246,1.0,24.7660229,2.0,1105.9787855624247,70.5897337411486,3640,0.05529300512956839,3640,0,0,1.0,0.0,0.0,True,2160.0,26.221162334209897,0.7125622860015255,2161,0,0.0,,0.3090169943749474,,
49,154,36.83659080249594,36.029253131100454,2.6502815398728847,65.63693330793913,3.6502815398728847,393.5496834257226,42.46731861083851,2603,0.03954057482205124,2496,107,0,0.958893584325778,0.041106415674222054,0.0,True,2049.0,25.538538658086665,0.7009742090233737,2049,0,0.0,,0.2791745113185196,0.36256867851363983,
49,254,36.83659080249594,34.502880649600016,1.414213562373095,35.02444547122265,2.414213562373095,399.9857106485285,50.19996500304831,3411,0.051814406729933454,3393,18,0,0.9947229551451188,0.005277044854881266,0.0,True,2611.0,28.828928402316265,0.8082181663393659,2717,0,0.0,,0.30484544052339907,0.3542089385498691,
49,263,36.83659080249594,35.007249465653935,1.0,24.7660229,2.0,415.919585154938,78.13411957521645,3041,0.04619396390082897,3041,0,0,1.0,0.0,0.0,True,1852.0,24.279825147895533,0.6759055489593412,1860,0,0.0,,0.3090169943749474,,
49,285,36.83659080249594,34.41938788721628,1.0,24.7660229,2.0,436.30935842501765,68.54994093355678,3237,0.04917127956165189,3227,10,0,0.9969107198022861,0.0030892801977139327,0.0,True,2844.0,30.087760240780646,0.8444978454874453,2899,0,0.0,,0.3090169943749474,0.4176890859898589,
49,326,36.83659080249594,34.431205980390885,1.414213562373095,35.02444547122265,2.414213562373095,425.6726507647377,86.2834497974711,4288,0.06513637527351353,4247,41,0,0.9904384328358209,0.009561567164179104,0.0,True,2507.0,28.24894484158237,0.7927548238271244,2507,0,0.0,,0.28989794855663564,0.4270509831248423,
50,70,36.78491069754183,36.36716229364056,1.0,24.7660229,2.0,857.5792241496559,41.73683328172425,3558,0.05404739347555064,3541,17,0,0.9952220348510399,0.00477796514896009,0.0,True,2128.0,26.026206750102993,0.7115644351798517,2128,0,0.0,,0.3090169943749474,0.36602540378443865,
50,74,36.78491069754183,36.53486042988025,9.498655478055456,235.24391908873187,10.498655478055456,827.5947249006736,86.91796289114433,7517,0.11418613174696857,7315,202,0,0.9731275774910203,0.026872422508979647,0.0,True,1820.0,24.069150231250354,0.6565527922726516,1820,0,0.0,,0.26697807758999403,0.3438647858294584,
50,88,36.78491069754183,36.156070638305195,1.0,24.7660229,2.0,825.0561656376922,82.71366083101965,3002,0.04560153884586931,2886,116,0,0.9613590939373751,0.038640906062624915,0.0,True,2823.0,29.976470917985676,0.8219376917884614,2823,0,0.0,,0.2898979485566356,0.38510405263005587,
50,102,36.78491069754183,36.14334361464908,1.0,24.7660229,2.0,840.0844609227117,73.96384630704492,3767,0.057222184154693434,3766,1,0,0.9997345367666578,0.0002654632333421821,0.0,True,3264.0,32.23295624828558,0.8839634666230429,3264,0,0.0,,0.3090169943749474,0.2612038749637414,
50,110,36.78491069754183,35.8072597084671,4.39834563766817,108.929528784605,5.39834563766817,793.1808969650242,21.269749260332027,4998,0.07592154935098429,4977,21,0,0.9957983193277311,0.004201680672268907,0.0,True,2263.0,26.839062435821383,0.73944785741245,2263,0,0.0,,0.2808687448721165,0.35214585439363855,
50,273,36.78491069754183,34.67786514524556,1.0,24.7660229,2.0,863.4815874687125,20.22378506115317,3391,0.05151059900944132,3375,16,0,0.9952816278383958,0.004718372161604247,0.0,True,2260.0,26.821266613927218,0.7506360142777532,2260,0,0.0,,0.3090169943749474,0.4425424270714059,
50,300,36.78491069754183,37.253225358335015,1.0,24.7660229,2.0,820.2566883935833,75.0188291824849,3866,0.0587260323711295,3746,120,0,0.9689601655457838,0.031039834454216243,0.0,True,2649.0,29.03795599729536,0.784405376585394,2649,0,0.0,,0.29460804522041745,0.3516287047744073,
52,65,36.249755363323324,36.25962382264942,9.680544149919662,239.74857810137138,10.680544149919662,1009.5445189733157,65.28006714046568,8783,0.13341716045412064,8090,693,0,0.921097574860526,0.07890242513947399,0.0,True,1209.0,19.61725394636576,0.5410956256031718,1210,0,0.0,,0.25633472327031936,0.3455749449464523,
52,113,36.249755363323324,35.751064647882906,5.741657386773941,142.19801832479757,6.741657386773941,1022.1729885455393,40.14104944898199,5997,0.09109674498956638,5739,258,0,0.9569784892446224,0.04302151075537769,0.0,True,1951.0,24.920324796129275,0.6922233605742454,1952,0,0.0,,0.2758872381516119,0.25,
52,121,36.249755363323324,35.630934617603785,2.1462643699419726,53.15443253543696,3.1462643699419726,1023.8496977122539,31.931107989304223,3781,0.05743484955903793,3777,4,0,0.9989420788151283,0.0010579211848717272,0.0,True,2577.0,28.64061062016012,0.7968930356055193,2577,0,0.0,,0.28436465220442186,0.3100652291911865,
52,195,36.249755363323324,35.2408788460853,1.0,24.7660229,2.0,965.5640118911781,43.65909178662068,3420,0.05195112020415491,3341,79,0,0.9769005847953216,0.023099415204678363,0.0,True,2382.0,27.535688640195463,0.7703299584540989,2383,0,0.0,,0.3090169943749474,0.37406669614897287,
54,248,37.02359717925622,34.31204959135809,1.0,24.7660229,2.0,546.1741859634305,56.79745455581361,3410,0.05179921634390885,3405,5,0,0.998533724340176,0.001466275659824047,0.0,True,2501.0,28.21512050914652,0.7910524902052007,2501,0,0.0,,0.3090169943749474,0.42705098312484235,
54,285,37.02359717925622,34.41938788721628,7.79385036540706,193.0226766288446,8.79385036540706,487.9981697672323,15.89723522793037,6861,0.10422123851482656,6829,32,0,0.9953359568576009,0.004664043142399067,0.0,True,2956.0,30.67448489476694,0.8587122966999927,2956,0,0.0,,0.267982878680112,0.21757100493244047,
55,69,36.57446325767553,36.1389571090498,1.0,24.7660229,2.0,435.5870010126938,47.59819306147986,3255,0.049444706510094805,3122,133,0,0.9591397849462365,0.04086021505376344,0.0,True,1346.0,20.698915594865888,0.5693286188566643,1349,0,0.0,,0.3090169943749474,0.4068781988545112,
55,123,36.57446325767553,35.7519362727754,1.0,24.7660229,2.0,470.10081062308416,74.72941065050567,3245,0.04929280264984874,3243,2,0,0.9993836671802774,0.0006163328197226503,0.0,True,2310.0,27.11633893217439,0.7498324016739653,2310,0,0.0,,0.30484544052339907,0.4461145936614179,
54,123,37.02359717925622,35.7519362727754,2.4641016151377544,61.02599702842861,3.4641016151377544,503.2742434130528,52.106145837536545,4143,0.06293376929994556,4123,20,0,0.9951725802558532,0.004827419744146753,0.0,True,2736.0,29.51094455619561,0.8110127993949257,2736,0,0.0,,0.2801868778094689,0.34354431651934725,
54,188,37.02359717925622,35.588134805712386,1.0,24.7660229,2.0,537.7512213883016,72.29296137519283,3461,0.05257392603116379,3435,26,0,0.9924877203120486,0.007512279687951459,0.0,True,1904.0,24.61832697999475,0.6780812496000235,1904,0,0.0,,0.3090169943749474,0.41421356237309503,
54,193,37.02359717925622,35.406758985089084,1.0,24.7660229,2.0,522.1152251476913,82.75009802945755,3298,0.05009789310915289,3294,4,0,0.9987871437234688,0.001212856276531231,0.0,True,3278.0,32.30200933240014,0.8919467207673675,3278,0,0.0,,0.3090169943749474,0.3391945838521814,
54,215,37.02359717925622,35.56248093238742,1.0,24.7660229,2.0,557.7477657143643,33.98047007122227,3053,0.046376248533124255,2947,106,0,0.9652800524074681,0.034719947592531934,0.0,True,2575.0,28.62949452790358,0.7888425789824035,2575,0,0.0,,0.3008613653919205,0.4041849114726528,
55,125,36.57446325767553,35.83442364163843,1.0,24.7660229,2.0,457.5737004389646,85.63476850796275,3431,0.05211821445042559,3419,12,0,0.9965024774118333,0.0034975225881667153,0.0,True,1811.0,24.00956484151358,0.6631662457371945,1814,0,0.0,,0.30484544052339907,0.44151844011225294,
55,199,36.57446325767553,35.215807223484674,4.841619252963779,119.90765329198184,5.841619252963779,496.7818925973006,19.8785225553748,5103,0.07751653988356799,5064,39,0,0.9923574368018813,0.007642563198118754,0.0,True,2436.0,27.846056861676377,0.7757613023336907,2436,0,0.0,,0.2801868778094689,0.21331887166009167,
55,263,36.57446325767553,35.007249465653935,1.0,24.7660229,2.0,434.4349637071839,43.864243884556636,3168,0.04812314292595402,3136,32,0,0.98989898989899,0.010101010101010102,0.0,True,2265.0,26.85091976462419,0.7502173039196672,2266,0,0.0,,0.3090169943749474,0.42063227274896875,
55,274,36.57446325767553,35.190250031736774,1.0,24.7660229,2.0,473.218868412532,69.25231422721642,3437,0.05220935676657323,3390,47,0,0.9863252836776258,0.013674716322374164,0.0,True,1850.0,24.266711549775604,0.6762853340446845,1855,0,0.0,,0.3090169943749474,0.40149162409079436,
51,56,37.07831933048345,36.140114762562334,3.4721359549995796,85.99099857343296,4.47213595499958,234.7527147450317,52.4263905854297,4864,0.07388603762368699,4655,209,0,0.95703125,0.04296875,0.0,True,4992.0,39.86229988133503,1.0888596669707011,4993,0,0.0,,0.2742918851774318,0.3786695003500701,
51,162,37.07831933048345,36.24733283428811,10.0,247.660229,11.0,252.69271511743756,4.195317616558852,9733,0.147848027177497,9659,74,0,0.9923969998972567,0.007603000102743245,0.0,True,2900.0,30.38253889873249,0.8287014980912621,2900,0,0.0,,0.2694233545043003,0.15374298146460008,
51,328,37.07831933048345,37.30950611713614,1.0,24.7660229,2.0,214.87891917626695,84.499533398846,3384,0.05140426630726907,3181,203,0,0.9400118203309693,0.059988179669030736,0.0,True,2622.0,28.88959192466898,0.7767290346459091,2760,0,0.0,,0.30383243470068705,0.39564392373896,
51,460,37.07831933048345,33.70850901773904,24.0,594.3845496,25.0,177.10070544513184,19.225853888171937,38655,0.587184371781172,16897,21758,0,0.43712326995214074,0.5628767300478593,0.0,False,637.0,14.239501307948768,0.4023206475052172,4114,0,0.0,,0.3015724667857082,0.2876130494611182,
52,335,36.249755363323324,31.642088056267887,1.0,24.7660229,2.0,971.6578548269987,52.775310717714554,3099,0.04707500629025616,3096,3,0,0.9990319457889641,0.000968054211035818,0.0,True,2849.0,30.114197079411227,0.8871226810943043,2849,0,0.0,,0.3090169943749474,0.4641016151377546,
53,159,38.07522385530623,35.68944518992291,1.0,24.7660229,2.0,1138.586226337679,10.699771105656994,3438,0.05222454715259783,3418,20,0,0.9941826643397323,0.005817335660267597,0.0,True,3460.0,33.186626918021,0.8997973514304651,3460,0,0.0,,0.3090169943749474,0.41126026964970386,
53,241,38.07522385530623,38.70404802258226,1.0,24.7660229,2.0,1182.1425204924212,81.98070857081483,19363,0.2941314445944595,18711,652,0,0.9663275318907194,0.03367246810928059,0.0,True,5555.0,42.050106037333094,1.0953504769935964,5620,0,0.0,,0.2857142857142857,0.4,
53,465,38.07522385530623,26.730426473417413,1.0,24.7660229,2.0,1206.4494143425486,37.36466229506342,26066,0.39595260211739824,24263,1803,0,0.9308294329778255,0.06917056702217449,0.0,True,123.0,6.257165172872317,0.19310554376456798,2814,0,0.0,,0.28989794855663564,0.40453726661826384,
55,280,36.57446325767553,34.98249199309273,1.0,24.7660229,2.0,468.3843742310591,77.30997965067786,3178,0.04827504678620009,3132,46,0,0.9855254877281309,0.0144745122718691,0.0,True,1637.0,22.827029672799423,0.6380100884058882,1647,0,0.0,,0.3090169943749474,0.42410779636573254,
55,304,36.57446325767553,34.87656897857619,1.0,24.7660229,2.0,456.51699606057787,83.90354538501278,3195,0.04853328334861841,3098,97,0,0.9696400625978091,0.030359937402190923,0.0,True,2476.0,28.07374713484229,0.7858178183351329,2480,0,0.0,,0.30484544052339907,0.4270509831248423,
56,151,36.140114762562334,35.816380965084186,1.0,24.7660229,2.0,244.11011330939516,66.67494019867466,3688,0.05602214365874951,3435,253,0,0.9313991323210412,0.06860086767895879,0.0,True,5876.0,43.247992915463186,1.202059452121063,5881,0,0.0,,0.30383243470068705,0.407669683062202,
56,162,36.140114762562334,36.24733283428811,1.0,24.7660229,2.0,276.2637462188678,61.25233929769587,3195,0.04853328334861841,3077,118,0,0.9630672926447574,0.03693270735524257,0.0,True,2140.0,26.099485750361293,0.7211052915062824,2144,0,0.0,,0.2989350844248255,0.41421356237309503,
56,198,36.140114762562334,35.16336853115337,3.0,74.2980687,4.0,295.0352812616434,13.603218600400641,3965,0.060229880587565565,3912,53,0,0.9866330390920555,0.013366960907944515,0.0,True,2455.0,27.9544409813755,0.7840974855667185,2474,0,0.0,,0.2785504044725916,0.3550392228080413,
56,328,36.140114762562334,37.30950611713614,4.55269276785519,112.752093345366,5.55269276785519,238.4499502776972,60.57272711969671,5325,0.08088880558103068,5180,145,0,0.9727699530516432,0.027230046948356807,0.0,True,2822.0,29.971161118826497,0.8161011795531418,2823,0,0.0,,0.27429188517743175,0.40149162409079436,
57,62,37.436727409859174,36.6248402243277,6.032065437739018,149.39027076534305,7.032065437739018,816.581323346185,30.97353674966789,6351,0.09647414164227715,6282,69,0,0.9891355692017005,0.01086443079829948,0.0,True,1435.0,21.372287820299903,0.5771492152546455,1478,0,0.0,,0.27013511384464434,0.3316128774121265,
57,177,37.436727409859174,35.53962537564978,1.0,24.7660229,2.0,774.3405133786417,78.88512434165058,3680,0.05590062057055265,3647,33,0,0.9910326086956521,0.008967391304347826,0.0,True,1658.0,22.9729795910919,0.6296006504631371,1660,0,0.0,,0.3090169943749474,0.40149162409079436,
57,236,37.436727409859174,35.47695247697016,1.0,24.7660229,2.0,782.4305034997092,88.34957112449638,3552,0.053956251159402994,3498,54,0,0.9847972972972973,0.015202702702702704,0.0,True,1384.0,20.98906578384008,0.5757236726062269,1387,0,0.0,,0.3090169943749474,0.41094162271764856,
57,252,37.436727409859174,35.161502021492026,1.0,24.7660229,2.0,770.5823655338277,73.29038450550058,3170,0.048153523698003235,3159,11,0,0.9965299684542587,0.003470031545741325,0.0,True,1406.0,21.15522866750463,0.5828028819217689,1408,0,0.0,,0.3090169943749474,0.39564392373896,
57,276,37.436727409859174,34.51818173795656,1.414213562373095,35.02444547122265,2.414213562373095,748.1119818514014,28.95109981701068,3023,0.04592053695238605,3005,18,0,0.9940456500165399,0.005954349983460139,0.0,True,1600.0,22.56758334191025,0.6272701504090583,1603,0,0.0,,0.28989794855663564,0.35096508541286314,
57,300,37.436727409859174,37.253225358335015,1.0,24.7660229,2.0,796.0015400287966,67.39897643594794,3660,0.05559681285006052,3551,109,0,0.9702185792349727,0.029781420765027322,0.0,True,1852.0,24.279825147895533,0.6501496988021875,1852,0,0.0,,0.2989350844248255,0.40149162409079436,
58,148,36.167328714685105,35.81005242339135,1.0,24.7660229,2.0,338.66736583252657,40.3975248459026,3150,0.0478497159775111,3139,11,0,0.9965079365079365,0.003492063492063492,0.0,True,2550.0,28.490177426065046,0.7916425125668701,2550,0,0.0,,0.3090169943749474,0.3430703308172536,
58,333,36.167328714685105,35.707803575808725,1.0,24.7660229,2.0,347.59404775654957,15.667955612648937,2790,0.04238117700865269,2728,62,0,0.9777777777777777,0.022222222222222223,0.0,True,2231.0,26.648627658399917,0.7415256656696115,2231,0,0.0,,0.3090169943749474,0.39153490523087653,
59,120,36.15363553760913,35.63519641378069,2.0,49.5320458,3.0,343.53959137748075,1.0846955876663529,3118,0.04736362362472369,3118,0,0,1.0,0.0,0.0,True,2795.0,29.82743924448921,0.8309771432048423,2795,0,0.0,,0.2857142857142857,,
59,249,36.15363553760913,34.25809377795667,1.0,24.7660229,2.0,378.77525197900286,85.79075856434726,4062,0.06170334803195241,4062,0,0,1.0,0.0,0.0,True,3416.0,32.97493853222215,0.9366319746085952,3416,0,0.0,,0.3090169943749474,,
57,308,37.436727409859174,34.475317831118815,1.0,24.7660229,2.0,776.931277671215,82.93441462369398,3462,0.05258911641718839,3399,63,0,0.9818024263431543,0.018197573656845753,0.0,True,1889.0,24.52116177918943,0.6819764810476122,1889,0,0.0,,0.3090169943749474,0.38742588672279316,
58,109,36.167328714685105,35.592658122246405,1.0,24.7660229,2.0,327.1602601689914,62.326808494483856,3431,0.05211821445042559,3412,19,0,0.9944622559020694,0.005537744097930632,0.0,True,2377.0,27.50677370137891,0.7666326295149892,2377,0,0.0,,0.3090169943749474,0.4068781988545112,
58,130,36.167328714685105,36.047879521380764,3.2426406871192857,80.30731351366796,4.242640687119286,275.24613554978964,23.982110233233488,3882,0.05896907854752321,3882,0,0,1.0,0.0,0.0,True,3508.0,33.416030295843605,0.9254568701542537,3508,0,0.0,,0.2791745113185196,,
58,145,36.167328714685105,36.32813103961761,4.123105625617661,102.1129283431658,5.123105625617661,304.6493663224153,81.09082611099227,5650,0.08582568103902785,5650,0,0,1.0,0.0,0.0,True,2739.0,29.52711936944413,0.8145922370729334,2739,0,0.0,,0.2791745113185196,,
59,263,36.15363553760913,35.007249465653935,1.0,24.7660229,2.0,394.92810644562974,67.92263351590637,2914,0.04426478487570392,2875,39,0,0.9866163349347975,0.013383665065202471,0.0,True,2301.0,27.063463342833682,0.7606275088229354,2303,0,0.0,,0.30484544052339907,0.407669683062202,
59,285,36.15363553760913,34.41938788721628,1.0,24.7660229,2.0,415.3178797157094,11.70241585125493,3445,0.05233087985477008,3125,320,0,0.9071117561683599,0.09288824383164006,0.0,True,2336.0,27.26851470332286,0.7727744506332328,2359,0,0.0,,0.2989350844248255,0.40269974784927715,
60,114,36.46353774965553,35.75909444083849,5.414213562373095,134.08853707122265,6.414213562373095,1143.4275366226025,46.077402157783816,5113,0.07766844374381406,5088,25,0,0.9951105026403285,0.004889497359671426,0.0,True,2208.0,26.510907730475957,0.7341440467179577,2208,0,0.0,,0.2750090872762362,0.2658626798938589,
60,168,36.46353774965553,35.463353618126746,1.0,24.7660229,2.0,1148.214328682882,52.07362835109638,3324,0.05049284314579267,3321,3,0,0.9990974729241877,0.0009025270758122744,0.0,True,3859.0,35.04793646968746,0.9745433398609589,3859,0,0.0,,0.2989350844248255,0.44499443206436484,
60,388,36.46353774965553,26.218158804703336,7.840676900366725,194.18238366598334,8.840676900366725,1199.9284555660279,35.99327365150026,4579,0.06955677760667407,2883,1696,0,0.6296134527189343,0.37038654728106574,0.0,True,1160.0,19.21560480373171,0.6131169339702712,1220,0,0.0,,0.1680743603534397,0.32549696263601924,
61,138,36.34199432422642,35.88844294895827,4.39834563766817,108.929528784605,5.39834563766817,632.2119276702283,57.472574651908914,5876,0.08925870828058896,5823,53,0,0.9909802586793737,0.009019741320626277,0.0,True,2359.0,27.40242729225939,0.7587501426474805,2360,0,0.0,,0.27792629762666365,0.41089346321725684,
61,171,36.34199432422642,35.70443304255554,1.0,24.7660229,2.0,628.9723341379306,48.27872001409808,3463,0.052604306803213,3411,52,0,0.9849841178169217,0.015015882183078255,0.0,True,1996.0,25.206081266687335,0.6997177289129249,2010,0,0.0,,0.3090169943749474,0.4142135623730951,
61,214,36.34199432422642,36.01269379192217,5.414213562373095,134.08853707122265,6.414213562373095,684.6410903618894,38.325615327971946,5011,0.07611902436930418,5000,11,0,0.9978048293753742,0.002195170624625823,0.0,True,2473.0,28.05673445952886,0.7755332844359805,2477,0,0.0,,0.2742918851774317,0.34654620645552786,
62,139,36.6248402243277,36.54594595847623,1.0,24.7660229,2.0,834.7617982635013,63.5174153256973,3063,0.04652815239337032,3020,43,0,0.9859614756774404,0.014038524322559582,0.0,True,2074.0,25.69386510327284,0.7022984566294362,2074,0,0.0,,0.29581631632448924,0.4270509831248423,
62,220,36.6248402243277,34.82631807415661,1.0,24.7660229,2.0,843.8461814835505,77.3196882423373,3341,0.05075107970821098,3280,61,0,0.9817419934151451,0.018258006584854835,0.0,True,2530.0,28.37823130579125,0.7943392936260696,2533,0,0.0,,0.3090169943749474,0.3797958971132712,
62,235,36.6248402243277,35.224852511664466,5.928203230275509,146.8180169568572,6.928203230275509,876.0734773103212,52.02014956945349,6599,0.10024135737637961,6395,204,0,0.9690862251856341,0.030913774814365812,0.0,True,1322.0,20.51354843840946,0.5710128368616799,1323,0,0.0,,0.27195617308673,0.2850394689593537,
62,255,36.6248402243277,35.066240216631456,1.0,24.7660229,2.0,859.911273787877,76.93438278496784,3497,0.05312077992804963,3367,130,0,0.9628252788104089,0.03717472118959108,0.0,True,1284.0,20.216574731145414,0.5639913530887479,1286,0,0.0,,0.3090169943749474,0.40074581204539717,
61,215,36.34199432422642,35.56248093238742,9.3166247903554,230.7357429086495,10.3166247903554,620.9683130907451,39.11645904875214,8030,0.1219787997775918,7965,65,0,0.9919053549190535,0.00809464508094645,0.0,True,1996.0,25.206081266687335,0.7010990950627612,1996,0,0.0,,0.26747889038858935,0.2266950946887815,
61,222,36.34199432422642,35.38611686189799,1.0,24.7660229,2.0,655.1499732425871,86.79234533249979,3695,0.056128476360921754,3658,37,0,0.9899864682002706,0.010013531799729363,0.0,True,3133.0,31.57950084174568,0.8805334566750628,3133,0,0.0,,0.3090169943749474,0.4211646096066227,
62,98,36.6248402243277,35.89116126961165,2.6502815398728847,65.63693330793913,3.6502815398728847,888.8680096161853,12.655615529908681,4390,0.0666857946480234,4007,383,0,0.912756264236902,0.08724373576309795,0.0,True,1565.0,22.319385562278196,0.6155713250169641,1581,0,0.0,,0.2612038749637415,0.39410230168585086,
62,106,36.6248402243277,35.92202239391426,2.1462643699419726,53.15443253543696,3.1462643699419726,869.3484730119476,62.45731127931228,4111,0.062447676947158144,4073,38,0,0.9907565069326199,0.009243493067380199,0.0,True,2232.0,26.654599339742866,0.7348243156979899,2249,0,0.0,,0.2898979485566356,0.3755892557650571,
62,267,36.6248402243277,35.08616142807222,1.414213562373095,35.02444547122265,2.414213562373095,867.3254006178267,65.36249229238722,3486,0.05295368568177895,3398,88,0,0.9747561675272519,0.025243832472748137,0.0,True,1781.0,23.809869955405706,0.6640506869731856,1781,0,0.0,,0.29339977411634566,0.39782196186948005,
62,300,36.6248402243277,37.253225358335015,2.863703305156273,70.92254163430594,3.863703305156273,831.2069368676582,58.22249579645318,4600,0.06987577571319081,4576,24,0,0.9947826086956522,0.0052173913043478265,0.0,True,1979.0,25.098511206000282,0.6794577255929196,1979,0,0.0,,0.27718637277259645,0.41421356237309503,
63,144,36.90431851175298,35.56027850816313,1.0,24.7660229,2.0,663.0614589516338,74.356567777241,3469,0.05269544911936064,3469,0,0,1.0,0.0,0.0,True,2702.0,29.327006537807478,0.8094161216337756,2742,0,0.0,,0.3090169943749474,,
63,155,36.90431851175298,35.7033718170402,1.0,24.7660229,2.0,638.8009033441267,66.92477067369587,3555,0.05400182231747682,3523,32,0,0.9909985935302391,0.0090014064697609,0.0,True,2494.0,28.17560746714033,0.7761053227158518,2494,0,0.0,,0.3090169943749474,0.32837375653928724,
63,189,36.90431851175298,35.15242409752567,1.0,24.7660229,2.0,616.1147145488275,3.9924498586221926,3102,0.04712057744832998,3087,15,0,0.995164410058027,0.004835589941972921,0.0,True,1907.0,24.637714036665187,0.6838420151813142,1909,0,0.0,,0.30484544052339907,0.30484544052339907,
63,203,36.90431851175298,35.33456525733043,1.0,24.7660229,2.0,639.8535873332362,68.39367886438939,3503,0.05321192224419727,3343,160,0,0.9543248644019412,0.04567513559805881,0.0,True,2771.0,29.699102589392897,0.8222469960728666,2771,0,0.0,,0.30484544052339907,0.39564392373895996,
63,332,36.90431851175298,34.13724573622004,7.385164807134505,182.90116073376723,8.385164807134505,668.474390492853,67.7790828598726,6548,0.09946664768912467,6284,264,0,0.9596823457544288,0.04031765424557117,0.0,True,2081.0,25.737188524554668,0.7245670558355987,2081,0,0.0,,0.2658626798938589,0.3518872795840229,
64,67,36.46856455360579,36.160148697288385,1.0,24.7660229,2.0,647.9834558509388,54.67190612425104,3451,0.05242202217091772,3282,169,0,0.9510286873370037,0.04897131266299623,0.0,True,1810.0,24.00293511203705,0.660976466129022,1817,0,0.0,,0.3008613653919205,0.41421356237309503,
64,86,36.46856455360579,36.29064722228676,1.7320508075688772,42.89600996421431,2.732050807568877,645.8783550988758,59.92160284529606,3797,0.05767789573543164,3528,269,0,0.9291545957334738,0.0708454042665262,0.0,True,1656.0,22.959119571977435,0.6310986337426082,1681,0,0.0,,0.28172904669025317,0.4026997478492772,
64,138,36.46856455360579,35.88844294895827,1.7320508075688772,42.89600996421431,2.732050807568877,619.0855962684166,78.17191025568714,3773,0.05731332647084108,3742,31,0,0.991783726477604,0.008216273522395972,0.0,True,1824.0,24.095585330081406,0.6660193991363601,1824,0,0.0,,0.2857142857142857,0.4403389552322883,
64,171,36.46856455360579,35.70443304255554,1.414213562373095,35.02444547122265,2.414213562373095,615.8460027361191,72.80767112928471,3445,0.05233087985477008,3440,5,0,0.9985486211901307,0.001451378809869376,0.0,True,1909.0,24.650630270337032,0.6830984188371337,1909,0,0.0,,0.2989350844248255,0.38742588672279304,
64,225,36.46856455360579,35.03080476304226,5.422466567392307,134.29293118252227,6.422466567392307,606.3174891659503,58.230323794627324,5843,0.08875742554177694,5419,424,0,0.9274345370528838,0.0725654629471162,0.0,True,1753.0,23.62196500040132,0.6607600941425685,1757,0,0.0,,0.2612038749637415,0.3685759316223556,
65,159,36.25962382264942,35.68944518992291,1.0,24.7660229,2.0,1063.536818201631,5.868088244498261,3122,0.047424385168822115,3101,21,0,0.9932735426008968,0.006726457399103139,0.0,True,3097.0,31.397543176356965,0.8727713536048836,3097,0,0.0,,0.3090169943749474,0.35388936786452296,
65,253,36.25962382264942,35.51364896558651,1.0,24.7660229,2.0,1013.6563189666592,67.84148694942192,3543,0.05381953768518154,3520,23,0,0.9935083262771662,0.006491673722833756,0.0,True,2470.0,28.039711462031185,0.7813413091739928,2470,0,0.0,,0.3090169943749474,0.4,
66,120,35.983217308099036,35.63519641378069,4.449489742783178,110.1961648630833,5.449489742783178,317.459348345336,72.49237819061071,4988,0.07576964549073822,4711,277,0,0.9444667201283079,0.055533279871692064,0.0,True,2627.0,28.917124182823198,0.8075332216968355,2669,0,0.0,,0.26968623182294527,0.3914563591869194,
66,150,35.983217308099036,35.21721885099203,9.442387549448897,233.85038628032626,10.442387549448897,288.6640615557676,9.01456814912922,7435,0.11294052009295082,7390,45,0,0.9939475453934096,0.00605245460659045,0.0,True,2002.0,25.243937730472023,0.7090950306558987,2002,0,0.0,,0.26802886775810114,0.21089672205953394,
64,294,36.46856455360579,34.69235113383544,2.23606797749979,55.37851073671648,3.23606797749979,598.317910148894,40.263192626066854,4148,0.0630097212300686,3874,274,0,0.9339440694310511,0.06605593056894889,0.0,True,1785.0,23.8365926012521,0.6699349599701366,1795,0,0.0,,0.27429188517743175,0.3733744816363991,
64,307,36.46856455360579,34.90049694486924,6.164414002968976,152.66801836261033,7.164414002968976,588.9437473651926,15.335968513740719,6460,0.09812989371895928,6422,38,0,0.9941176470588236,0.0058823529411764705,0.0,True,1927.0,24.76657325259521,0.694042284782585,1927,0,0.0,,0.2692803301885514,0.2585797250046157,
65,113,36.25962382264942,35.751064647882906,1.0,24.7660229,2.0,1039.8274670232854,69.45473732696895,3432,0.052133404836450195,3159,273,0,0.9204545454545454,0.07954545454545454,0.0,True,2217.0,26.564883166870207,0.7378038935911823,2217,0,0.0,,0.30216947925196225,0.39564392373896,
65,136,36.25962382264942,35.62178084455826,4.855156433186538,120.24291540738012,5.855156433186538,1049.570109329903,55.145042896951985,5159,0.07836720150094596,5147,12,0,0.9976739678232216,0.0023260321767784456,0.0,True,2157.0,26.202946866687277,0.7290605126040636,2157,0,0.0,,0.2742918851774318,0.38562612815009534,
66,247,35.983217308099036,37.268185251592925,3.1815405503520555,78.79410612729761,4.1815405503520555,309.8139703582383,60.45347271508913,4589,0.06970868146692015,4577,12,0,0.9973850512094138,0.0026149487905861844,0.0,True,1776.0,23.77642441290137,0.6491732194076737,1776,0,0.0,,0.2791745113185196,0.375,
66,254,35.983217308099036,34.502880649600016,2.4641016151377544,61.02599702842861,3.4641016151377544,352.9139889070756,50.47095854514469,3541,0.053789156913132324,3478,63,0,0.9822084157017792,0.017791584298220843,0.0,True,2906.0,30.413952871175685,0.8629773459563065,2906,0,0.0,,0.2843646522044218,0.3761785115301142,
67,134,36.160148697288385,35.871011199549,1.7320508075688772,42.89600996421431,2.732050807568877,643.5667221060362,48.382767307964095,2424,0.03682149572364664,2378,46,0,0.981023102310231,0.018976897689768978,0.0,True,2272.0,26.89237924411993,0.7466873859211776,2272,0,0.0,,0.28330039409901914,0.356789172325331,
67,156,36.160148697288385,35.52260629097952,1.0,24.7660229,2.0,694.292253912933,46.519623525063565,3245,0.04929280264984874,3040,205,0,0.9368258859784283,0.06317411402157165,0.0,True,2107.0,25.897469571161718,0.7225578753327848,2110,0,0.0,,0.29581631632448924,0.4211646096066227,
67,163,36.160148697288385,37.63626525813539,1.0,24.7660229,2.0,685.5437039521873,63.65330548002445,3819,0.058012084227972986,3626,193,0,0.9494632102644671,0.05053678973553286,0.0,True,2526.0,28.355789047393042,0.7684869095270989,2526,0,0.0,,0.2989350844248255,0.41421356237309503,
67,312,36.160148697288385,34.1010155930165,1.7320508075688772,42.89600996421431,2.732050807568877,660.0636941445434,75.6402788811449,3666,0.05568795516620816,3657,9,0,0.997545008183306,0.0024549918166939444,0.0,True,1690.0,23.193613509986026,0.6602114765464095,1691,0,0.0,,0.28989794855663564,0.3704152082810797,
67,329,36.160148697288385,34.44046676852528,5.0990195135927845,126.28243404118575,6.0990195135927845,633.0431649350817,21.002345928410882,5257,0.07985585933135741,5184,73,0,0.9861137530911166,0.013886246908883394,0.0,True,1500.0,21.850968611841584,0.6190022131583908,1500,0,0.0,,0.2742918851774318,0.28436465220442186,
68,76,36.31968733548496,36.34518740816804,10.06225774829855,249.2021058200643,11.06225774829855,398.04337365021996,50.614780364685394,9110,0.13838441668416704,6406,2704,0,0.7031833150384194,0.2968166849615807,0.0,True,77.0,4.950743503369154,0.13626235566590808,575,0,0.0,,0.21804383511130704,0.3271305693867113,
68,84,36.31968733548496,35.673506791197624,6.4031242374328485,158.57992149580696,7.4031242374328485,391.14483728715027,32.533682489198675,6084,0.09241830857370716,5894,190,0,0.9687705456936226,0.031229454306377382,0.0,True,1743.0,23.554492811740758,0.6543533204067367,1789,0,0.0,,0.2658626798938589,0.3836422236662738,
68,122,36.31968733548496,36.31636909160694,8.018397960625059,198.5838275141535,9.018397960625059,464.222044927949,15.155641869538796,7382,0.11213542963364666,6533,849,0,0.8849905174749391,0.11500948252506096,0.0,True,1362.0,20.821576909118168,0.5733124272796316,1392,0,0.0,,0.27253380620535966,0.2588283628687876,
68,299,36.31968733548496,34.85476988985947,1.0,24.7660229,2.0,433.724567729343,75.21659480819052,4412,0.06701998314056476,4365,47,0,0.9893472348141432,0.010652765185856755,0.0,True,2696.0,29.294426998176625,0.8231724733896589,2696,0,0.0,,0.3090169943749474,0.44151844011225294,
68,318,36.31968733548496,32.73617840351093,8.288221436384907,205.2662818937795,9.288221436384907,456.5863530072566,36.90557399600445,6071,0.09222083355538728,6035,36,0,0.9940701696590347,0.005929830340965244,0.0,True,2222.0,26.594822185913987,0.7702407869718698,2231,0,0.0,,0.269128646713734,0.20991366558572694,
68,320,36.31968733548496,33.5971370217625,1.7320508075688772,42.89600996421431,2.732050807568877,399.3701123052047,45.79682739106521,3116,0.04733324285267448,2976,140,0,0.9550706033376123,0.044929396662387676,0.0,True,2101.0,25.860569809502344,0.7397524143077496,2101,0,0.0,,0.28172904669025317,0.3900959445746376,
69,76,36.1389571090498,36.34518740816804,2.6502815398728847,65.63693330793913,3.6502815398728847,391.0946843719195,59.007602177090796,3961,0.06016911904346714,3413,548,0,0.8616510982075234,0.13834890179247664,0.0,True,1434.0,21.364839732316174,0.5895038114781416,1435,0,0.0,,0.2553967929896867,0.4012610570125097,
69,125,36.1389571090498,35.83442364163843,6.89920048531124,170.86575721090927,7.89920048531124,432.82117925470124,56.61299454330352,7024,0.10669727143683745,7020,4,0,0.9994305239179955,0.0005694760820045558,0.0,True,1377.0,20.935919212565754,0.5817683980994754,1377,0,0.0,,0.26688735915939243,0.26885656053048845,
69,201,36.1389571090498,35.117226976652994,1.0,24.7660229,2.0,420.4610286741722,74.60654658421662,2979,0.045252159967303356,2915,64,0,0.9785162806310842,0.021483719368915744,0.0,True,2000.0,25.2313252202016,0.7081862590299485,2000,0,0.0,,0.3090169943749474,0.4068781988545112,
69,230,36.1389571090498,35.35755929539476,1.0,24.7660229,2.0,397.14004243102545,67.70692270684742,3294,0.05003713156505447,2936,358,0,0.891317547055252,0.10868245294474803,0.0,True,1447.0,21.46146326110932,0.6003499006778231,1494,0,0.0,,0.2843646522044218,0.41421356237309503,
69,274,36.1389571090498,35.190250031736774,5.0990195135927845,126.28243404118575,6.0990195135927845,448.46634722826866,12.768548519051103,5187,0.07879253230963496,5136,51,0,0.9901677270098322,0.009832272990167727,0.0,True,1754.0,23.628701622526126,0.6625252843730282,1756,0,0.0,,0.27792629762666365,0.21712927295533246,
69,299,36.1389571090498,34.85476988985947,1.0,24.7660229,2.0,426.77587845104256,63.51788575529212,3058,0.04645220046324729,2932,126,0,0.9587965990843689,0.041203400915631135,0.0,True,2444.0,27.891743614073043,0.7857523415977743,2444,0,0.0,,0.30484544052339907,0.41421356237309503,
69,320,36.1389571090498,33.5971370217625,1.0,24.7660229,2.0,392.4214230269043,58.51464277707329,3060,0.0464825812352965,3044,16,0,0.9947712418300654,0.00522875816993464,0.0,True,2228.0,26.63070457981699,0.7637567005075623,2228,0,0.0,,0.3090169943749474,0.4093754144956795,
70,81,36.36716229364056,36.09381173401473,1.414213562373095,35.02444547122265,2.414213562373095,880.3148913943501,82.54786359088538,2713,0.04121151728475798,2697,16,0,0.9941024695908588,0.005897530409141172,0.0,True,1231.0,19.794935460673933,0.5463612855416226,1252,0,0.0,,0.2898979485566356,0.401656803400581,
70,92,36.36716229364056,36.08489132367293,1.0,24.7660229,2.0,891.4178448930851,80.36467782292672,3508,0.0532878741743203,3444,64,0,0.9817559863169898,0.018244013683010263,0.0,True,2954.0,30.66410611426522,0.8464661685431532,2954,0,0.0,,0.3090169943749474,0.4270509831248423,
70,117,36.36716229364056,36.18733253685068,1.0,24.7660229,2.0,876.9720613269194,76.77868863600678,3502,0.05319673185817266,3281,221,0,0.9368932038834952,0.06310679611650485,0.0,True,2397.0,27.622251848510583,0.7614208303164216,2397,0,0.0,,0.3090169943749474,0.40453726661826384,
70,212,36.36716229364056,35.25925912428014,1.0,24.7660229,2.0,917.4487857877498,29.035687726143674,3237,0.04917127956165189,3230,7,0,0.9978375038616002,0.002162496138399753,0.0,True,2101.0,25.860569809502344,0.722095821557605,2101,0,0.0,,0.30216947925196225,0.36602540378443865,
70,273,36.36716229364056,34.67786514524556,2.23606797749979,55.37851073671648,3.23606797749979,891.1745883814718,80.93440556429422,3874,0.05884755545932636,3870,4,0,0.9989674754775426,0.0010325245224574084,0.0,True,1745.0,23.568002702620237,0.6634666366451543,1747,0,0.0,,0.28251472039463615,0.45055967520508067,
70,314,36.36716229364056,33.98517876129603,1.0,24.7660229,2.0,894.0838533915601,75.58812795657371,3192,0.04848771219054458,2936,256,0,0.9197994987468672,0.08020050125313283,0.0,True,1087.0,18.601151746109178,0.5287997944967873,1114,0,0.0,,0.3030009569763247,0.4142135623730951,
71,127,35.91961713261117,35.59925256537631,4.123105625617661,102.1129283431658,5.123105625617661,279.0992914475155,18.359967381720082,4592,0.06975425262499396,4592,0,0,1.0,0.0,0.0,True,2556.0,28.523675588636344,0.7976545409368793,2556,0,0.0,,0.2791745113185196,,
71,184,35.91961713261117,34.9071595516202,3.3166247903554,82.13960550864952,4.3166247903554,232.0150939550115,73.13675287884037,4320,0.06562246762630095,4108,212,0,0.950925925925926,0.049074074074074076,0.0,True,4133.0,36.27085275531314,1.0242130011653732,4154,0,0.0,,0.2708131845707603,0.38243387216457925,
71,192,35.91961713261117,35.07432785233011,1.0,24.7660229,2.0,237.02801218508313,80.43833425683506,3317,0.05038651044362042,3215,102,0,0.9692493216762135,0.030750678323786553,0.0,True,3821.0,34.874949105457695,0.9824767200316905,3828,0,0.0,,0.3090169943749474,0.4305008740430604,
71,210,35.91961713261117,34.76940621085617,1.0,24.7660229,2.0,270.3241738887764,39.153354842692636,3087,0.04689272165796088,3087,0,0,1.0,0.0,0.0,True,2469.0,28.034034832463544,0.7931651480386249,2469,0,0.0,,0.3090169943749474,,
72,163,36.26785352048308,37.63626525813539,10.015099296692402,248.0341785276579,11.015099296692402,726.2645162967225,54.24311314468455,11487,0.17449196426465716,11218,269,0,0.9765822233829546,0.023417776617045357,0.0,True,1946.0,24.888371552065365,0.6735313799388927,1946,0,0.0,,0.26393116059052896,0.3618162034940812,
72,239,36.26785352048308,34.96681364338909,1.7320508075688772,42.89600996421431,2.732050807568877,772.4310773581662,54.093467729441016,3462,0.05258911641718839,3460,2,0,0.9994222992489891,0.0005777007510109763,0.0,True,2939.0,30.58615300252977,0.8587434803946706,2939,0,0.0,,0.28989794855663564,0.3860959908126188,
72,243,36.26785352048308,35.47492912111168,1.0,24.7660229,2.0,756.2640428997152,81.02209903297785,3179,0.0482902371722247,3153,26,0,0.9918213274614659,0.00817867253853413,0.0,True,3259.0,32.20825855387053,0.897881497425971,3260,0,0.0,,0.30484544052339907,0.4142135623730951,
72,291,36.26785352048308,34.59235657030694,2.0,49.5320458,3.0,714.1457166419527,10.897630598615377,3364,0.05110045858677694,2978,386,0,0.8852556480380499,0.11474435196195006,0.0,True,3139.0,31.60972528717893,0.8921713680125645,3151,0,0.0,,0.2612038749637415,0.4068781988545112,
72,316,36.26785352048308,34.40030065089142,7.0,173.3621603,8.0,786.9318360476816,22.816866671797158,7108,0.10797326386290441,7020,88,0,0.9876195835678109,0.012380416432189083,0.0,True,2590.0,28.712760320387485,0.8126081870132712,2590,0,0.0,,0.2692044884511427,0.21967574758877728,
73,87,35.885415243508945,36.18149784059765,1.0,24.7660229,2.0,470.72250818682505,78.30996458924513,3645,0.05536895705969142,3638,7,0,0.998079561042524,0.0019204389574759945,0.0,True,1877.0,24.443151522808492,0.6783460114153024,1877,0,0.0,,0.3090169943749474,0.43405783005789966,
73,123,35.885415243508945,35.7519362727754,10.59110991546882,262.29967070291787,11.59110991546882,471.6534241449019,78.6563207566336,9036,0.13726032811834613,6843,2193,0,0.7573041168658698,0.24269588313413015,0.0,True,993.0,17.778687155707086,0.49635244127264244,1002,0,0.0,,0.23630681346468205,0.33149928096757275,
73,182,35.885415243508945,35.65686566275596,1.414213562373095,35.02444547122265,2.414213562373095,473.77445285217993,73.80300601751858,3178,0.04827504678620009,3172,6,0,0.9981120201384519,0.0018879798615481435,0.0,True,1602.0,22.581683676520505,0.6312821841983806,1602,0,0.0,,0.29581631632448924,0.394265306997091,
73,242,35.885415243508945,35.39259790565092,1.414213562373095,35.02444547122265,2.414213562373095,498.61236471216193,18.807696263828056,2918,0.044325546419802346,2875,43,0,0.9852638793694312,0.014736120630568882,0.0,True,1528.0,22.05396803500069,0.6188154540404899,1528,0,0.0,,0.2989350844248255,0.356789172325331,
73,280,35.885415243508945,34.98249199309273,1.0,24.7660229,2.0,469.93698775287686,79.54238311039934,3157,0.04795604867968335,3152,5,0,0.9984162179284131,0.0015837820715869496,0.0,True,1962.0,24.990478120528174,0.7052692564236229,1968,0,0.0,,0.3090169943749474,0.4142135623730951,
74,220,36.53486042988025,34.82631807415661,6.082762530298219,150.64583612062765,7.082762530298219,830.6044346732524,82.29296308015633,5756,0.08743586195763617,4697,1059,0,0.8160180681028492,0.18398193189715079,0.0,True,1423.0,21.282738734465877,0.5964794635016272,1519,0,0.0,,0.2402530733520421,0.36819686922745715,
74,243,36.53486042988025,35.47492912111168,1.0,24.7660229,2.0,793.6487978494828,30.16054792045448,3422,0.051981500976204124,3416,6,0,0.9982466393921683,0.0017533606078316774,0.0,True,2962.0,30.705600187529114,0.8528173843859304,2962,0,0.0,,0.3090169943749474,0.40126106129673556,
74,300,36.53486042988025,37.253225358335015,6.0,148.5961374,7.0,817.9651900573601,79.58838323539727,6693,0.10166925366269264,6641,52,0,0.9922306887793216,0.00776931122067832,0.0,True,1879.0,24.45617051255864,0.6628758627172451,1925,0,0.0,,0.2687959533979827,0.3725016300775402,
74,316,36.53486042988025,34.40030065089142,1.0,24.7660229,2.0,824.3165909974493,88.42114682769913,2966,0.04505468494898347,2910,56,0,0.9811193526635199,0.018880647336480108,0.0,True,1521.0,22.003393758362495,0.6203804551400938,1521,0,0.0,,0.30484544052339907,0.43349627357338444,
73,319,35.885415243508945,34.32123967379236,1.0,24.7660229,2.0,480.1704221203997,62.226238313995125,3186,0.048396569874396944,3146,40,0,0.9874450721908349,0.012554927809165096,0.0,True,1471.0,21.638711666278937,0.6164290747584507,1473,0,0.0,,0.30484544052339907,0.4352747515808041,
73,326,35.885415243508945,34.431205980390885,1.0,24.7660229,2.0,445.7406428388014,57.80026894421906,3831,0.05819436886026827,3792,39,0,0.9898198903680501,0.010180109631949883,0.0,True,2648.0,29.03247455203703,0.8257642089938536,2649,0,0.0,,0.3090169943749474,0.4270509831248423,
73,330,35.885415243508945,33.601507417777036,2.449489742783178,60.66411906308329,3.449489742783178,430.86131682210237,24.23644440062694,4048,0.06149068262760792,4048,0,0,1.0,0.0,0.0,True,2147.0,26.14213697532393,0.7524332917361669,2147,0,0.0,,0.28330039409901914,,
74,106,36.53486042988025,35.92202239391426,1.8284271247461903,45.2828680424453,2.8284271247461903,856.1067262016495,36.88833912601957,3055,0.04640662930517347,2987,68,0,0.9777414075286416,0.02225859247135843,0.0,True,2603.0,28.78472917601288,0.7945340195220242,2603,0,0.0,,0.28989794855663564,0.3069312174491733,
75,78,36.319868313168186,36.18161941596451,6.082762530298219,150.64583612062765,7.082762530298219,564.4873772995372,88.04098393656399,6465,0.09820584564908232,6235,230,0,0.9644238205723125,0.03557617942768755,0.0,True,1198.0,19.527806933913016,0.5386870682397408,1201,0,0.0,,0.26675650430010106,0.37097733108336906,
75,80,36.319868313168186,36.16854538428099,1.8284271247461903,45.2828680424453,2.8284271247461903,535.7376770617286,36.7454535045152,3763,0.05716142261059501,3574,189,0,0.9497741163964921,0.05022588360350784,0.0,True,1817.0,24.049304838101822,0.6635351392424829,1826,0,0.0,,0.28172904669025317,0.40149162409079436,
75,155,36.319868313168186,35.7033718170402,7.4852813742385695,185.38064992733587,8.48528137423857,595.1472360946599,43.31902545500977,7356,0.11174047959700688,7125,231,0,0.9685970636215334,0.031402936378466556,0.0,True,1521.0,22.003393758362495,0.6110081612152772,1521,0,0.0,,0.26747889038858924,0.28354479159019547,
75,189,36.319868313168186,35.15242409752567,1.0,24.7660229,2.0,572.4610472993606,79.28650191000803,3328,0.0505536046898911,3175,153,0,0.9540264423076923,0.045973557692307696,0.0,True,2512.0,28.277100878514442,0.7912744904285051,2512,0,0.0,,0.3090169943749474,0.420449861343358,
60,202,36.46353774965553,35.80359748877235,10.364087933439295,256.67723909717125,11.364087933439295,1171.827463957125,88.9336073292819,8483,0.12886004464673864,8467,16,0,0.9981138748084404,0.0018861251915595898,0.0,True,1839.0,24.19445971068565,0.6695840268432366,1839,0,0.0,,0.26697807758999403,0.3179972832629261,
60,246,36.46353774965553,35.960032080478044,1.0,24.7660229,2.0,1173.6060198719126,86.1311934290373,3187,0.04841176026042155,3185,2,0,0.9993724505804832,0.0006275494195167869,0.0,True,2945.0,30.617358063870626,0.8455081166444114,2945,0,0.0,,0.29581631632448924,0.3703924611196776,
60,310,36.46353774965553,33.19305831739146,7.944271909999159,196.74802004686592,8.94427190999916,1146.2099719528512,51.26093748943093,7143,0.10850492737376566,7125,18,0,0.997480050398992,0.00251994960100798,0.0,True,2309.0,27.110468959395977,0.7784034962977855,2309,0,0.0,,0.2658626798938589,0.3648756316370183,
60,327,36.46353774965553,76.24081536605512,1.0,24.7660229,2.0,1206.7054238537858,42.475336381252106,16146,0.24526397275329978,12807,3339,0,0.7931995540691192,0.2068004459308807,0.0,True,3557.0,33.648599750297834,0.5971126903279714,4731,0,0.0,,0.25824569976124334,0.3377053396747006,
75,317,36.319868313168186,34.37688314831693,6.032065437739018,149.39027076534305,7.032065437739018,530.9024639047474,26.00915252148794,5913,0.08982075256349942,5854,59,0,0.9900219854557754,0.00997801454422459,0.0,True,2150.0,26.160394784772457,0.7400734614807408,2150,0,0.0,,0.2708131845707603,0.4142135623730951,
76,210,36.34518740816804,34.76940621085617,6.713293552551451,166.2615818569116,7.713293552551451,334.5641473225065,21.877831974295233,6186,0.09396772794821705,6031,155,0,0.9749434206272227,0.02505657937277724,0.0,True,1157.0,19.190740952726287,0.539713158048406,1200,0,0.0,,0.2687959533979827,0.3174017425546639,
76,230,36.34518740816804,35.35755929539476,1.0,24.7660229,2.0,377.4002469745146,80.09979239633644,3638,0.05526262435751917,3553,85,0,0.9766355140186916,0.02336448598130841,0.0,True,1518.0,21.981683448430292,0.6131336513316039,1646,0,0.0,,0.3090169943749474,0.4305008740430604,
76,299,36.34518740816804,34.85476988985947,1.0,24.7660229,2.0,407.03608299453174,2.7446490407991933,2986,0.04535849266947561,2246,740,0,0.7521768251841929,0.2478231748158071,0.0,True,492.0,12.514330345744634,0.3515263441342352,1114,0,0.0,,0.2572842744474721,0.40209568597003575,
75,203,36.319868313168186,35.33456525733043,1.414213562373095,35.02444547122265,2.414213562373095,596.1999200837693,35.20540391923589,3270,0.04967256230046391,3270,0,0,1.0,0.0,0.0,True,2075.0,25.700058634784586,0.7173333834116233,2076,0,0.0,,0.29581631632448924,,
75,233,36.319868313168186,34.904089842928464,2.863703305156273,70.92254163430594,3.863703305156273,541.3106711163673,49.52524922326871,4134,0.06279705582572409,3967,167,0,0.9596032897919691,0.04039671020803096,0.0,True,1663.0,23.007593110180906,0.6460633108807783,1673,0,0.0,,0.27669677546737487,0.37268226712382524,
75,260,36.319868313168186,34.90951045275941,1.0,24.7660229,2.0,561.2643417531433,82.6909837248407,3228,0.049034566087430426,3227,1,0,0.9996902106567535,0.0003097893432465923,0.0,True,2168.0,26.26967516446403,0.7376078696626247,2169,0,0.0,,0.3090169943749474,0.30484544052339907,
75,290,36.319868313168186,34.97130390185268,1.0,24.7660229,2.0,594.3754212150282,35.44306355196223,3512,0.053348635718418726,3484,28,0,0.9920273348519362,0.007972665148063782,0.0,True,1757.0,23.648899974944293,0.6634453955566053,1757,0,0.0,,0.3090169943749474,0.381289057825295,
76,320,36.34518740816804,33.5971370217625,1.0,24.7660229,2.0,372.6816275703934,87.83860254840268,3188,0.04842695064644616,3019,169,0,0.9469887076537014,0.05301129234629862,0.0,True,1697.0,23.24159798408648,0.6645932394589009,1703,0,0.0,,0.3008613653919205,0.4211646096066227,
77,165,37.069750685725644,35.462847412792925,1.0,24.7660229,2.0,570.5692193930788,40.71451482602492,3605,0.05476134161870715,3597,8,0,0.9977808599167822,0.002219140083217753,0.0,True,3249.0,32.15880626222211,0.8867407787748589,3249,0,0.0,,0.3090169943749474,0.4211646096066227,
77,171,37.069750685725644,35.70443304255554,1.0,24.7660229,2.0,601.4781387941719,84.72562129968854,3777,0.057374088014939505,3735,42,0,0.988880063542494,0.011119936457505957,0.0,True,2120.0,25.977239243415305,0.7139135861807033,2120,0,0.0,,0.3090169943749474,0.41094162271764856,
77,188,37.069750685725644,35.588134805712386,1.0,24.7660229,2.0,573.4775734209236,47.576028802069615,3518,0.05343977803456637,3457,61,0,0.9826606026151222,0.01733939738487777,0.0,True,2400.0,27.63953195770684,0.760813001115037,2400,0,0.0,,0.3090169943749474,0.3827822185373187,
77,226,37.069750685725644,35.0523855173558,6.483314773547883,160.56592214959517,7.483314773547883,635.0273872975507,24.445619711744826,6231,0.09465129531932434,6192,39,0,0.993740972556572,0.006259027443428021,0.0,True,1536.0,22.111625566165472,0.6131716759998227,1536,0,0.0,,0.2687959533979827,0.36157394554464634,
77,242,37.069750685725644,35.39259790565092,1.0,24.7660229,2.0,565.9595360129349,31.207390362059986,3026,0.045966108110459876,3008,18,0,0.9940515532055518,0.005948446794448116,0.0,True,2146.0,26.136048204547198,0.721369061660735,2146,0,0.0,,0.2989350844248255,0.3892130711381393,
77,261,37.069750685725644,35.60590733551569,1.0,24.7660229,2.0,612.0431423120913,68.1972463129964,3368,0.051161220130875366,3354,14,0,0.9958432304038005,0.004156769596199525,0.0,True,2306.0,27.092851410285725,0.7455825553685979,2306,0,0.0,,0.3015154223219414,0.39782196186948005,
77,270,37.069750685725644,35.08609678541182,1.0,24.7660229,2.0,620.486239763201,52.80939564474085,3273,0.049718133458537726,3262,11,0,0.9966391689581424,0.003360831041857623,0.0,True,2564.0,28.568278705151968,0.7918493013772545,2564,0,0.0,,0.30484544052339907,0.42480768092719207,
77,329,37.069750685725644,34.44046676852528,1.0,24.7660229,2.0,597.5666648682286,89.0901362158598,3387,0.051449837465342894,3356,31,0,0.9908473575435489,0.009152642456451136,0.0,True,1823.0,24.08897927503468,0.6737213263390157,1823,0,0.0,,0.3090169943749474,0.40453726661826384,
78,80,36.18161941596451,36.16854538428099,1.0,24.7660229,2.0,534.3657404012881,37.61857059145424,3334,0.050644747006038736,3243,91,0,0.9727054589082184,0.027294541091781643,0.0,True,2067.0,25.65046850920847,0.7090645496116806,2067,0,0.0,,0.3090169943749474,0.4068781988545112,
78,122,36.18161941596451,36.31636909160694,2.449489742783178,60.66411906308329,3.449489742783178,533.4138360549819,38.718775204341284,3929,0.05968302669067972,3038,891,0,0.7732247391193688,0.2267752608806312,0.0,True,1783.0,23.82323502519544,0.6572109244853717,1830,0,0.0,,0.24496552958641038,0.4,
78,190,36.18161941596451,35.39907657667317,2.23606797749979,55.37851073671648,3.23606797749979,592.6145908525718,38.64356004407392,3762,0.0571462322245704,3739,23,0,0.993886230728336,0.006113769271664009,0.0,True,1531.0,22.07560725659395,0.6168033699718287,1536,0,0.0,,0.28436465220442186,0.40453726661826384,
78,228,36.18161941596451,35.32583114942245,1.0,24.7660229,2.0,557.4075581269426,80.85721065989641,3511,0.05333344533239412,3478,33,0,0.9906009683850755,0.009399031614924523,0.0,True,2023.0,25.375990616127847,0.7097439613771113,2024,0,0.0,,0.30901699437494745,0.4415184401122529,
78,260,36.18161941596451,34.90951045275941,1.0,24.7660229,2.0,559.8924050927029,84.81246583085736,3361,0.051054887428703115,3310,51,0,0.9848259446593276,0.01517405534067242,0.0,True,2632.0,28.944630252185586,0.814296531948062,2632,0,0.0,,0.3090169943749474,0.4,
78,290,36.18161941596451,34.97130390185268,1.0,24.7660229,2.0,593.0034845545878,34.72006581239469,3042,0.04620915428685358,3034,8,0,0.997370151216305,0.0026298487836949377,0.0,True,2223.0,26.60080594618454,0.7477080267627882,2227,0,0.0,,0.3090169943749474,0.3841630954313926,
78,313,36.18161941596451,33.89336456947648,1.0,24.7660229,2.0,585.7902209940144,49.683767446345634,3377,0.051297933605096824,3369,8,0,0.9976310334616524,0.0023689665383476457,0.0,True,2648.0,29.03247455203703,0.828611664272914,2649,0,0.0,,0.3090169943749474,0.3941401292610339,
79,220,36.17663415581315,34.82631807415661,1.7320508075688772,42.89600996421431,2.732050807568877,867.5772850185439,30.34048819608354,3454,0.05246759332899154,3338,116,0,0.9664157498552403,0.0335842501447597,0.0,True,2555.0,28.518095294033667,0.803293226503233,2556,0,0.0,,0.28251472039463615,0.4,
79,309,36.17663415581315,34.81391322415699,1.0,24.7660229,2.0,912.0879675455908,68.93072208112011,3128,0.047515527484969754,3027,101,0,0.9677109974424553,0.03228900255754476,0.0,True,2358.0,27.396618616562492,0.7718384947766271,2358,0,0.0,,0.3090169943749474,0.40453726661826384,
80,201,36.16854538428099,35.117226976652994,4.766114533138578,118.03770167173282,5.766114533138578,467.85180884169677,12.413420864527906,5323,0.08085842480898146,5320,3,0,0.9994364080405786,0.0005635919594213789,0.0,True,1500.0,21.850968611841584,0.613052728143445,1507,0,0.0,,0.28172904669025317,0.2798057840438667,
80,238,36.16854538428099,37.57645154720576,1.0,24.7660229,2.0,507.50369426406843,87.24215400162065,2586,0.039282338259632926,2371,215,0,0.9168600154679041,0.0831399845320959,0.0,True,1187.0,19.437948320235847,0.5271665639445289,1187,0,0.0,,0.28989794855663564,0.39564392373895996,
80,274,36.16854538428099,35.190250031736774,1.0,24.7660229,2.0,495.8571273957932,74.05636473232443,3415,0.05187516827403188,3402,13,0,0.9961932650073206,0.003806734992679356,0.0,True,1867.0,24.37795228285463,0.6832501064720204,1867,0,0.0,,0.3090169943749474,0.42705098312484235,
80,280,36.16854538428099,34.98249199309273,2.863703305156273,70.92254163430594,3.863703305156273,491.0226332143203,67.30432173797172,4170,0.06334390972260993,4106,64,0,0.984652278177458,0.015347721822541967,0.0,True,1344.0,20.683531783305643,0.5813978979281357,1346,0,0.0,,0.27718637277259645,0.41208817050687696,
80,317,36.16854538428099,34.37688314831693,1.0,24.7660229,2.0,500.78082700649827,82.27786601288457,3455,0.05248278371501615,3454,1,0,0.9997105643994211,0.0002894356005788712,0.0,True,1889.0,24.52116177918943,0.6951878325569627,1889,0,0.0,,0.3090169943749474,0.4852813742385704,
81,108,36.09381173401473,35.90764771016112,5.6332495807108,139.51318811729905,6.6332495807108,867.4933143704337,78.4086743003035,6122,0.09299554324264221,6022,100,0,0.9836654688010454,0.01633453119895459,0.0,True,925.0,17.159156293944243,0.47663356899725273,925,0,0.0,,0.2585688584788905,0.38862590344755266,
81,340,36.09381173401473,29.386892596756987,1.0,24.7660229,2.0,869.1766669952917,77.66916104173352,4874,0.07403794148393306,4808,66,0,0.9864587607714403,0.013541239228559704,0.0,True,2642.0,28.999564122544584,0.8857438055661431,2642,0,0.0,,0.3090169943749474,0.37406669614897287,
82,139,36.34392229107731,36.54594595847623,1.0,24.7660229,2.0,797.8611428212041,58.03489950535519,3356,0.05097893549858008,3345,11,0,0.9967222884386174,0.0032777115613825984,0.0,True,2417.0,27.73724923106511,0.7610728321280784,2417,0,0.0,,0.30484544052339907,0.31339216579491175,
82,251,36.34392229107731,34.71237346652139,1.0,24.7660229,2.0,776.9935950459385,88.45981452236072,2978,0.04523696958127875,2958,20,0,0.9932840832773674,0.006715916722632639,0.0,True,4270.0,36.86710205596293,1.0376871370196747,4270,0,0.0,,0.30693121744917323,0.40269974784927715,
82,252,36.34392229107731,35.161502021492026,1.0,24.7660229,2.0,768.8871069303921,75.2688350901161,3313,0.050325748899521995,3266,47,0,0.9858134621189254,0.014186537881074554,0.0,True,2417.0,27.73724923106511,0.7758082550442096,2418,0,0.0,,0.3090169943749474,0.4,
79,99,36.17663415581315,35.9936009939137,1.0,24.7660229,2.0,910.767492276763,71.70116022441653,3416,0.051890358660056486,3416,0,0,1.0,0.0,0.0,True,2734.0,29.50015642037316,0.8175158736609662,2734,0,0.0,,0.3090169943749474,,
79,106,36.17663415581315,35.92202239391426,1.0,24.7660229,2.0,893.0795765469409,80.16849633501745,3354,0.05094855472653087,3204,150,0,0.9552772808586762,0.044722719141323794,0.0,True,1906.0,24.631253379929838,0.6832652523266182,1907,0,0.0,,0.3090169943749474,0.41054588061380315,
79,172,36.17663415581315,35.828535418520794,1.0,24.7660229,2.0,926.4879954697408,41.97171047783552,3415,0.05187516827403188,3297,118,0,0.9654465592972181,0.034553440702781844,0.0,True,2342.0,27.30351174194334,0.7583764305632746,2342,0,0.0,,0.30484544052339907,0.40361850723377046,
79,208,36.17663415581315,35.495025979613594,5.422466567392307,134.29293118252227,6.422466567392307,874.9762970916402,51.5360735222942,5711,0.08675229458652886,5434,277,0,0.9514971108387322,0.04850288916126773,0.0,True,1763.0,23.68924501418361,0.6610491502337672,1764,0,0.0,,0.26968623182294527,0.3416177664858969,
81,117,36.09381173401473,36.18733253685068,1.0,24.7660229,2.0,872.0147276588543,84.67801926077375,3658,0.055566432078011305,3625,33,0,0.990978676872608,0.009021323127392018,0.0,True,2108.0,25.903614421069328,0.7167461080582361,2111,0,0.0,,0.3090169943749474,0.39352981872163206,
81,283,36.09381173401473,35.09320605055566,2.863703305156273,70.92254163430594,3.863703305156273,843.1783148593421,31.596583941427763,4097,0.06223501154281365,4003,94,0,0.9770563827190627,0.02294361728093727,0.0,True,1777.0,23.783117284086124,0.6681869257695202,1786,0,0.0,,0.2791745113185196,0.3786606751953836,
81,288,36.09381173401473,34.64806137207997,1.0,24.7660229,2.0,897.2282993273539,51.82590902567477,3181,0.04832061794427391,2950,231,0,0.9273813266268469,0.0726186733731531,0.0,True,1129.0,18.95710583136307,0.5359514810395892,1178,0,0.0,,0.2989350844248255,0.41421356237309503,
81,289,36.09381173401473,34.72979985679908,1.0,24.7660229,2.0,903.2307629969113,38.67696963467609,3238,0.049186469947676496,2923,315,0,0.9027177269919704,0.09728227300802965,0.0,True,1361.0,20.813931754864075,0.5877681549231739,1361,0,0.0,,0.29581631632448924,0.41421356237309503,
83,107,36.041203193992715,35.54201934611102,3.4721359549995796,85.99099857343296,4.47213595499958,225.95206421980717,81.34765078107368,4758,0.07227585670507868,4622,136,0,0.971416561580496,0.028583438419503993,0.0,True,3947.0,35.44529758328207,0.9903241660690596,3950,0,0.0,,0.27429188517743175,0.4232320023615761,
83,184,36.041203193992715,34.9071595516202,1.0,24.7660229,2.0,220.69692187445514,89.26053314907135,3213,0.04880671029706132,3207,6,0,0.9981325863678805,0.0018674136321195146,0.0,True,4120.0,36.21376438700094,1.02084848714117,4121,0,0.0,,0.3090169943749474,0.44539674363029436,
83,247,36.041203193992715,37.268185251592925,4.841619252963779,119.90765329198184,5.841619252963779,255.35060849687636,27.600957352205466,5559,0.08444335591078864,5377,182,0,0.9672602986148587,0.032739701385141214,0.0,True,1351.0,20.73732519478588,0.5657481431639084,1352,0,0.0,,0.27253380620535966,0.3430703308172536,
83,311,36.041203193992715,34.45220336402628,1.0,24.7660229,2.0,237.19378826872588,61.801224403838184,3193,0.04850290257656919,3155,38,0,0.9880989664891952,0.011901033510804886,0.0,True,2451.0,27.931658222104733,0.7924615814704833,2452,0,0.0,,0.3090169943749474,0.4142135623730951,
84,129,35.673506791197624,35.66249785821882,1.8284271247461903,45.2828680424453,2.8284271247461903,330.234336623955,43.228033960060515,3142,0.04772819288931425,3024,118,0,0.962444302991725,0.037555697008274984,0.0,True,2534.0,28.400655830274864,0.7962502517445709,2534,0,0.0,,0.28172904669025317,0.39564392373896,
84,145,35.673506791197624,36.32813103961761,1.0,24.7660229,2.0,328.10379543435823,35.835963778094936,3175,0.048229475628126274,3123,52,0,0.9836220472440945,0.016377952755905513,0.0,True,2687.0,29.24548963816208,0.8123562329757339,2713,0,0.0,,0.3090169943749474,0.3567891723253309,
84,148,35.673506791197624,35.81005242339135,1.0,24.7660229,2.0,362.12179494446957,82.68451538055868,3352,0.05091817395448166,3329,23,0,0.9931384248210023,0.006861575178997614,0.0,True,1862.0,24.34528718405717,0.6811436769949915,1875,0,0.0,,0.3090169943749474,0.4270509831248423,
84,320,35.673506791197624,33.5971370217625,1.0,24.7660229,2.0,365.78309120732365,76.4529943851724,2957,0.04491797147476201,2954,3,0,0.9989854582346973,0.0010145417653026716,0.0,True,1738.0,23.520684135191054,0.679095294644583,1740,0,0.0,,0.3090169943749474,0.43405783005789966,
85,244,35.96944507375879,35.9025243335125,1.0,24.7660229,2.0,1034.349059375536,67.8760111276809,3331,0.05059917584796492,3312,19,0,0.9942960072050435,0.005703992794956469,0.0,True,2099.0,25.848258183091886,0.71928620841373,2099,0,0.0,,0.3090169943749474,0.42480768092719207,
85,293,35.96944507375879,34.94004339665826,1.0,24.7660229,2.0,995.2165486736355,45.45155098498699,3142,0.04772819288931425,3112,30,0,0.9904519414385742,0.009548058561425843,0.0,True,2674.0,29.174657421389824,0.8228703393781015,2675,0,0.0,,0.2989350844248255,0.4148753654870597,
86,138,36.29064722228676,35.88844294895827,5.414213562373095,134.08853707122265,6.414213562373095,638.0891316412597,47.420197718119354,5644,0.08573453872288021,5502,142,0,0.9748405386250886,0.025159461374911412,0.0,True,1795.0,23.903268514994018,0.6623322199901236,1795,0,0.0,,0.2708131845707603,0.3802306873401831,
86,225,36.29064722228676,35.03080476304226,9.838393244542416,243.6578723935428,10.838393244542416,625.3210245387934,15.32102834850862,8473,0.12870814078649256,8438,35,0,0.995869231677092,0.0041307683229080605,0.0,True,2836.0,30.045412914740087,0.8425350880663646,2836,0,0.0,,0.2655808592404658,0.3492898867672912,
85,113,35.96944507375879,35.751064647882906,1.0,24.7660229,2.0,1036.575748326995,64.37891476914763,3223,0.048958614157307394,3162,61,0,0.9810735339745579,0.018926466025442134,0.0,True,2265.0,26.85091976462419,0.748765447117895,2265,0,0.0,,0.3090169943749474,0.39564392373895996,
85,121,35.96944507375879,35.630934617603785,1.0,24.7660229,2.0,1038.2524574937097,60.996688570582904,3281,0.049839656546734584,3141,140,0,0.9573300822919841,0.04266991770801585,0.0,True,2071.0,25.67527554451228,0.7171826645385677,2094,0,0.0,,0.3090169943749474,0.4,
85,174,35.96944507375879,36.34970496468319,4.0197648378370845,99.55358802648801,5.0197648378370845,998.4658342385922,55.17333032943402,5296,0.08044828438631708,5269,27,0,0.9949018126888217,0.005098187311178248,0.0,True,2507.0,28.24894484158237,0.7812300013638532,2507,0,0.0,,0.2742918851774318,0.36882581857118074,
85,183,35.96944507375879,35.234534161139976,2.0,49.5320458,3.0,1015.6105932302077,82.17227120890495,3590,0.05453348582833805,3571,19,0,0.9947075208913649,0.0052924791086350976,0.0,True,1913.0,24.676442455702393,0.6931197587790959,1918,0,0.0,,0.2857142857142857,0.3704152082810797,
87,104,36.18149784059765,35.82779150528109,4.242640687119285,105.07333641366795,5.242640687119285,512.3188819118966,27.82076573009501,4857,0.07377970492151474,4843,14,0,0.9971175622812436,0.002882437718756434,0.0,True,2350.0,27.350104799285653,0.7596271272145518,2350,0,0.0,,0.27669677546737487,0.33448774788192503,
87,173,36.18149784059765,35.355076615763174,2.1462643699419726,53.15443253543696,3.1462643699419726,486.7559137259963,76.77124293804404,3013,0.045768633092139986,3009,4,0,0.9986724195154332,0.001327580484566877,0.0,True,1841.0,24.207612448656697,0.6767898136756316,1841,0,0.0,,0.2857142857142857,0.28956866285041544,
87,182,36.18149784059765,35.65686566275596,1.0,24.7660229,2.0,481.0522117984124,85.16139967072911,3354,0.05094855472653087,3327,27,0,0.9919499105545617,0.008050089445438283,0.0,True,1835.0,24.168132760874514,0.6728475311035247,1837,0,0.0,,0.3090169943749474,0.43405783005789966,
87,238,36.18149784059765,37.57645154720576,1.0,24.7660229,2.0,493.6958077488574,65.81842570620964,3563,0.05412334540567367,3558,5,0,0.9985966881841145,0.0014033118158854898,0.0,True,2073.0,25.68767007844421,0.6965397029514466,2076,0,0.0,,0.3090169943749474,0.43405783005789966,
87,242,36.18149784059765,35.39259790565092,1.0,24.7660229,2.0,505.8901236583944,39.787315111416795,3075,0.0467104370256656,3074,1,0,0.9996747967479674,0.0003252032520325203,0.0,True,2261.0,26.827199866209494,0.7496343359005159,2261,0,0.0,,0.3090169943749474,0.392280956059262,
87,278,36.18149784059765,34.601265443834954,2.6502815398728847,65.63693330793913,3.6502815398728847,450.74342563803384,43.17426722389046,3850,0.05848298619473579,3850,0,0,1.0,0.0,0.0,True,2461.0,27.988580348033175,0.7908303956872721,2461,0,0.0,,0.28172904669025317,,
88,92,36.156070638305195,36.08489132367293,7.3484692283495345,181.9923571892499,8.348469228349535,858.8947863811213,16.44084725053234,7087,0.10765426575638767,6395,692,0,0.9023564272611825,0.09764357273881755,0.0,True,2947.0,30.627752685817992,0.8479331352740845,2972,0,0.0,,0.25987517556175926,0.31177085595583476,
88,207,36.156070638305195,36.41193290667461,2.23606797749979,55.37851073671648,3.23606797749979,805.2086117836368,66.93359292139219,3746,0.0569031860481767,3695,51,0,0.9863854778430325,0.013614522156967433,0.0,True,3835.0,34.93878093916325,0.9629252351556608,3835,0,0.0,,0.28172904669025317,0.32793442287247493,
89,126,35.99802299334317,35.86612479803742,1.0,24.7660229,2.0,988.6313685598211,20.133087976187966,3269,0.0496573719144393,3203,66,0,0.9798103395533803,0.02018966044661976,0.0,True,4067.0,35.98008208869842,1.0013360818845995,4067,0,0.0,,0.3090169943749474,0.38742588672279304,
89,183,35.99802299334317,35.234534161139976,1.0,24.7660229,2.0,1016.4729590556242,80.42062704647297,3456,0.052497974101040755,3445,11,0,0.9968171296296297,0.00318287037037037,0.0,True,2436.0,27.846056861676377,0.7818351038917838,2436,0,0.0,,0.3090169943749474,0.4305008740430604,
89,194,35.99802299334317,35.07406910575093,1.0,24.7660229,2.0,1010.1481718260964,69.84684648458561,3500,0.05316635108612345,3497,3,0,0.9991428571428571,0.0008571428571428571,0.0,True,2926.0,30.5184325772765,0.8588021451437051,2926,0,0.0,,0.3090169943749474,0.3827822185373187,
89,296,35.99802299334317,34.303598480494024,3.1815405503520555,78.79410612729761,4.1815405503520555,1037.5267628424622,66.22478558950408,4246,0.06449837906048005,4182,64,0,0.9849269901083373,0.015073009891662742,0.0,True,2087.0,25.774264925804793,0.7332480925890651,2089,0,0.0,,0.27669677546737487,0.35388936786452296,
90,328,36.38364107515797,37.30950611713614,1.0,24.7660229,2.0,218.46131165286965,89.80862371150636,4151,0.0630552923881424,4150,1,0,0.9997590941941701,0.0002409058058299205,0.0,True,4056.0,35.93139154501889,0.9751623567184586,4059,0,0.0,,0.3090169943749474,0.439607805437114,
91,206,35.91542257303428,34.75445734720734,5.708203932499369,141.36950931014943,6.708203932499369,1165.6610113379902,86.77848224627368,5641,0.08568896756480639,5630,11,0,0.9980499911363233,0.001950008863676653,0.0,True,1848.0,24.253590861306396,0.6863911722696889,1848,0,0.0,,0.2742918851774317,0.2612038749637415,
91,232,35.91542257303428,35.27007339608747,1.0,24.7660229,2.0,1138.418707154819,45.353195956196224,3368,0.051161220130875366,3366,2,0,0.9994061757719715,0.0005938242280285036,0.0,True,2719.0,29.419119302482983,0.8265481304012875,2719,0,0.0,,0.3090169943749474,0.23878202900745985,
91,281,35.91542257303428,34.692218896429786,1.0,24.7660229,2.0,1158.9623545581007,82.61462998526405,3860,0.05863489005498186,3769,91,0,0.9764248704663212,0.023575129533678758,0.0,True,2260.0,26.821266613927218,0.7597270226205391,2262,0,0.0,,0.3090169943749474,0.39564392373895996,
89,336,35.99802299334317,30.912703688944195,1.414213562373095,35.02444547122265,2.414213562373095,1042.7753567454981,52.334144838515414,2978,0.04523696958127875,2949,29,0,0.9902619207521827,0.009738079247817328,0.0,True,2874.0,30.246034663939245,0.9040713249926783,2886,0,0.0,,0.28989794855663564,0.3761785115301142,
90,146,36.38364107515797,35.69325579558376,10.04987562112089,248.8954497748317,11.04987562112089,212.81416321970187,82.33048706947694,9111,0.13839960707019164,8893,218,0,0.976072878937548,0.02392712106245198,0.0,True,2816.0,29.93928254807644,0.8307594762789998,2816,0,0.0,,0.2645644554438015,0.33006324807820686,
90,216,36.38364107515797,34.5910264940758,1.0,24.7660229,2.0,223.7720478323074,81.1896400220117,3058,0.04645220046324729,2915,143,0,0.9532374100719424,0.046762589928057555,0.0,True,3815.0,34.84755681236722,0.9819716810473097,3815,0,0.0,,0.3090169943749474,0.4068781988545112,
90,237,36.38364107515797,34.26500852446647,4.196152422706632,103.92200699264292,5.196152422706632,235.90847605586268,62.201219277110965,5057,0.07681778212643608,4996,61,0,0.9879375123591062,0.01206248764089381,0.0,True,3216.0,31.99507140118726,0.9057518178339631,3220,0,0.0,,0.27429188517743175,0.39087121146357146,
93,160,35.991143858002715,36.431369308821246,2.449489742783178,60.66411906308329,3.449489742783178,1100.3998411628686,61.65643336088992,4313,0.0655161349241287,4183,130,0,0.9698585671226524,0.030141432877347555,0.0,True,2093.0,25.81128806903433,0.7127973592846326,2093,0,0.0,,0.27792629762666365,0.3907761518807785,
93,183,35.991143858002715,35.234534161139976,1.414213562373095,35.02444547122265,2.414213562373095,1046.426809452657,12.810957067725898,3037,0.046133202356730546,3023,14,0,0.9953901876852157,0.004609812314784327,0.0,True,1884.0,24.488687706168772,0.6876364925466112,1886,0,0.0,,0.2989350844248255,0.28989794855663564,
93,265,35.991143858002715,34.81049869841915,1.0,24.7660229,2.0,1098.531000037918,62.91669049075448,3550,0.05392587038735378,3543,7,0,0.9980281690140845,0.001971830985915493,0.0,True,2295.0,27.028155482603687,0.7634895041047934,2302,0,0.0,,0.3090169943749474,0.39564392373895996,
93,281,35.991143858002715,34.692218896429786,3.4721359549995796,85.99099857343296,4.47213595499958,1118.3914545416646,15.328527750474198,4887,0.07423541650225295,4860,27,0,0.994475138121547,0.0055248618784530384,0.0,True,1859.0,24.325667070312107,0.688299654186633,1863,0,0.0,,0.28172904669025317,0.3305953784295673,
93,296,35.991143858002715,34.303598480494024,1.0,24.7660229,2.0,1067.4806132394947,65.4447965244813,3237,0.04917127956165189,3227,10,0,0.9969107198022861,0.0030892801977139327,0.0,True,2028.0,25.40733061895184,0.7228799700724581,2029,0,0.0,,0.3090169943749474,0.4317713281142754,
94,156,35.89641140513762,35.52260629097952,1.0,24.7660229,2.0,713.9469046992042,81.10339802316945,3195,0.04853328334861841,3145,50,0,0.9843505477308294,0.01564945226917058,0.0,True,2495.0,28.18125557934844,0.7891807109209396,2496,0,0.0,,0.3090169943749474,0.38510405263005587,
94,163,35.89641140513762,37.63626525813539,1.0,24.7660229,2.0,705.1983547384584,84.95874108110954,3650,0.055444908989814454,3642,8,0,0.9978082191780822,0.002191780821917808,0.0,True,3308.0,32.44948541188257,0.8825868140358326,3309,0,0.0,,0.3090169943749474,0.340911895368499,
95,97,35.88059457654834,35.8266755774945,1.414213562373095,35.02444547122265,2.414213562373095,491.7719426683848,31.173087788002643,2970,0.0451154464930819,2549,421,0,0.8582491582491583,0.14175084175084174,0.0,True,1862.0,24.34528718405717,0.6790186582687693,1878,0,0.0,,0.2612038749637415,0.4,
95,189,35.88059457654834,35.15242409752567,1.0,24.7660229,2.0,551.391995816183,38.85493117675899,3490,0.05301444722587738,3476,14,0,0.9959885386819485,0.0040114613180515755,0.0,True,2393.0,27.599194872999668,0.7770807263488285,2393,0,0.0,,0.3090169943749474,0.3309427365663311,
95,233,35.88059457654834,34.904089842928464,5.324555320336759,131.868058995777,6.324555320336759,520.2416196331897,84.96407783965795,4113,0.06247805771920736,3450,663,0,0.8388037928519329,0.1611962071480671,0.0,True,1368.0,20.867389014906145,0.5896018096582589,1369,0,0.0,,0.25211274292798275,0.356789172325331,
95,266,35.88059457654834,35.10212087528832,1.0,24.7660229,2.0,517.8509047168851,80.45541449447256,3285,0.04990041809083301,3246,39,0,0.9881278538812786,0.011872146118721462,0.0,True,1895.0,24.560073988452952,0.6920015339542062,1897,0,0.0,,0.3090169943749474,0.39352981872163206,
95,317,35.88059457654834,34.37688314831693,1.0,24.7660229,2.0,509.83341242156973,67.12330276192688,3044,0.04623953505890279,3014,30,0,0.9901445466491459,0.00985545335085414,0.0,True,2373.0,27.483619847358813,0.7823685317878103,2377,0,0.0,,0.3090169943749474,0.3904778527222126,
96,141,36.19158581700373,35.81904820970796,1.0,24.7660229,2.0,687.7970764464287,56.378441452356086,3164,0.0480623813818556,3155,9,0,0.9971554993678887,0.0028445006321112516,0.0,True,2449.0,27.920259870998752,0.7754482445090537,2449,0,0.0,,0.3008613653919205,0.40269974784927715,
96,164,36.19158581700373,35.73362321746685,1.0,24.7660229,2.0,666.1120410532815,88.18915829800068,3472,0.052741020277434464,3440,32,0,0.9907834101382489,0.009216589861751152,0.0,True,2273.0,26.898296810314147,0.7479518564186022,2277,0,0.0,,0.3090169943749474,0.42235721820807776,
96,261,36.19158581700373,35.60590733551569,1.0,24.7660229,2.0,646.5996936166715,54.97764377426702,3492,0.0530448279979266,3487,5,0,0.9985681557846506,0.0014318442153493699,0.0,True,3289.0,32.3561619426422,0.901317316856955,3289,0,0.0,,0.3090169943749474,0.37268226712382524,
96,270,36.19158581700373,35.08609678541182,1.0,24.7660229,2.0,655.0427910677813,69.95069421804143,3512,0.053348635718418726,3496,16,0,0.9954441913439636,0.004555808656036446,0.0,True,3579.0,33.75249742836501,0.947070561107753,3579,0,0.0,,0.3090169943749474,0.41421356237309503,
96,271,36.19158581700373,35.14127952602509,1.0,24.7660229,2.0,692.1682172841824,45.73118981763052,3493,0.053060018383951205,3455,38,0,0.9891210993415402,0.010878900658459777,0.0,True,3255.0,32.18848675424551,0.9024868579008011,3255,0,0.0,,0.3090169943749474,0.40074581204539717,
96,276,36.19158581700373,34.51818173795656,1.0,24.7660229,2.0,691.0501158233892,49.2042437686745,2978,0.04523696958127875,2949,29,0,0.9902619207521827,0.009738079247817328,0.0,True,2195.0,26.43274863069334,0.7476406596909846,2196,0,0.0,,0.2989350844248255,0.4,
97,142,35.8266755774945,35.25548216498152,1.0,24.7660229,2.0,446.13468590438526,67.74717279545158,3078,0.04675600818373942,3047,31,0,0.9899285250162443,0.010071474983755685,0.0,True,2167.0,26.263615961254732,0.738965073525352,2170,0,0.0,,0.3090169943749474,0.4211646096066227,
97,233,35.8266755774945,34.904089842928464,1.0,24.7660229,2.0,488.2923513079519,36.038183209968274,3177,0.04825985640017549,2899,278,0,0.9124960654705697,0.08750393452943028,0.0,True,2426.0,27.788842794939775,0.7857639495278518,2428,0,0.0,,0.30484544052339907,0.4068781988545112,
98,250,35.89116126961165,34.60844239265844,1.0,24.7660229,2.0,937.208777056288,71.82630941351105,2996,0.04551039652972167,2975,21,0,0.9929906542056075,0.007009345794392523,0.0,True,1553.0,22.233651370016283,0.6307454287694177,1554,0,0.0,,0.3090169943749474,0.42480768092719207,
98,255,35.89116126961165,35.066240216631456,9.198039027185569,227.7988451823715,10.198039027185569,896.9925632190157,44.967141238777195,6798,0.10326424419527634,6492,306,0,0.9549867608120035,0.04501323918799647,0.0,True,1029.0,18.098090310392436,0.5101114170281789,1029,0,0.0,,0.2753930227658979,0.19404996501286387,
98,272,35.89116126961165,34.74035279998909,2.6502815398728847,65.63693330793913,3.6502815398728847,960.4581230214726,20.06176470982896,4153,0.06308567316019162,3546,607,0,0.8538405971586804,0.14615940284131954,0.0,True,2300.0,27.05758189903005,0.7661617411278296,2302,0,0.0,,0.2588283628687876,0.375,
98,293,35.89116126961165,34.94004339665826,1.0,24.7660229,2.0,947.843418168057,52.00636721784156,3278,0.04979408538866076,3255,23,0,0.9929835265405735,0.007016473459426479,0.0,True,1932.0,24.798683434954437,0.700219163341822,1932,0,0.0,,0.3090169943749474,0.3816524151396708,
97,317,35.8266755774945,34.37688314831693,1.0,24.7660229,2.0,477.88414409633197,59.276922901676,3059,0.04646739084927189,2848,211,0,0.9310232101994116,0.06897678980058843,0.0,True,1460.0,21.557653718072718,0.6141470349749296,1461,0,0.0,,0.2989350844248255,0.40453726661826384,
97,333,35.8266755774945,35.707803575808725,6.164414002968976,152.66801836261033,7.164414002968976,422.18090594543145,13.86905586084521,5735,0.08711686385111943,5734,1,0,0.9998256320836966,0.0001743679163034002,0.0,True,2962.0,30.705600187529114,0.8584839241430678,2962,0,0.0,,0.2711923793731366,0.2942980550855494,
98,106,35.89116126961165,35.92202239391426,1.0,24.7660229,2.0,906.4297624430862,57.12209578330438,3360,0.05103969704267851,3334,26,0,0.9922619047619048,0.007738095238095238,0.0,True,1888.0,24.514670406003766,0.6827345385734466,1888,0,0.0,,0.3090169943749474,0.38742588672279316,
98,235,35.89116126961165,35.224852511664466,1.0,24.7660229,2.0,913.1547667414599,68.9703470442922,3122,0.047424385168822115,3099,23,0,0.992632927610506,0.007367072389493914,0.0,True,1870.0,24.3975303496827,0.6861332364527507,1894,0,0.0,,0.3090169943749474,0.392280956059262,
98,314,35.89116126961165,33.98517876129603,1.0,24.7660229,2.0,914.4223903840143,71.4452106638193,2945,0.04473568684246673,2878,67,0,0.9772495755517827,0.02275042444821732,0.0,True,1897.0,24.573031031817198,0.7033290816590585,1897,0,0.0,,0.2989350844248255,0.4068781988545112,
99,309,35.9936009939137,34.81391322415699,1.0,24.7660229,2.0,923.6065325673205,87.8890014936221,3364,0.05110045858677694,3360,4,0,0.9988109393579072,0.0011890606420927466,0.0,True,2999.0,30.89678540989642,0.8726979262325606,3004,0,0.0,,0.3090169943749474,0.4276112198322612,
100,209,35.62993169385695,35.49218346678995,4.449489742783178,110.1961648630833,5.449489742783178,1102.1839070334554,44.04846750937519,4711,0.07156190856192216,4705,6,0,0.9987263850562513,0.0012736149437486733,0.0,True,3023.0,31.02016740660178,0.8723072236120946,3040,0,0.0,,0.27792629762666365,0.2742328692094106,
100,259,35.62993169385695,35.20052874063707,4.0197648378370845,99.55358802648801,5.0197648378370845,1100.4358849292607,38.961359062925865,5149,0.0782152976406999,5136,13,0,0.9974752379102738,0.0025247620897261604,0.0,True,3778.0,34.67815955327447,0.9791877489020643,3778,0,0.0,,0.2775563351996301,0.40453726661826384,
100,262,35.62993169385695,34.40124206740076,1.0,24.7660229,2.0,1147.4708523006643,60.053424611438885,3256,0.04945989689611941,3245,11,0,0.9966216216216216,0.0033783783783783786,0.0,True,4265.0,36.84551077911483,1.0522602663986282,4316,0,0.0,,0.3090169943749474,0.35977525015625467,
101,122,35.665626087151345,36.31636909160694,1.7320508075688772,42.89600996421431,2.732050807568877,513.355426395989,75.07620850028813,4025,0.06114130374904197,3962,63,0,0.9843478260869565,0.01565217391304348,0.0,True,2160.0,26.221162334209897,0.7285478061310449,2225,0,0.0,,0.28989794855663564,0.39564392373896,
101,125,35.665626087151345,35.83442364163843,10.579760212000645,262.0185836869168,11.579760212000645,488.9032500010416,35.10227209789043,9201,0.13976674181240625,8772,429,0,0.9533746331920443,0.046625366807955655,0.0,True,1138.0,19.0325156108475,0.5323776887719837,1205,0,0.0,,0.2647281296856081,0.25249180400489757,
101,223,35.665626087151345,35.17244080726276,1.0,24.7660229,2.0,523.117077940625,89.81034272886154,3449,0.05239164139886851,3422,27,0,0.9921716439547695,0.007828356045230501,0.0,True,2679.0,29.201920914323004,0.8244697291880985,2688,0,0.0,,0.3090169943749474,0.42857142857142855,
101,228,35.665626087151345,35.32583114942245,1.0,24.7660229,2.0,537.3491484679498,65.96269544543144,3249,0.049353564193947166,3021,228,0,0.9298245614035088,0.07017543859649122,0.0,True,2926.0,30.5184325772765,0.8597776060738146,2926,0,0.0,,0.30484544052339907,0.41733171185822654,
101,274,35.665626087151345,35.190250031736774,1.0,24.7660229,2.0,504.54841797460904,59.77374237208097,2858,0.04341412325832595,2729,129,0,0.9548635409377186,0.045136459062281316,0.0,True,1716.0,23.371344948277684,0.6596868524796227,1716,0,0.0,,0.28989794855663564,0.4068781988545112,
102,239,36.14334361464908,34.96681364338909,2.1462643699419726,53.15443253543696,3.1462643699419726,822.3055683299721,41.88257752599607,3597,0.054639818530510295,3594,3,0,0.9991659716430359,0.0008340283569641367,0.0,True,3011.0,30.958537874056546,0.8707205571692656,3011,0,0.0,,0.2843646522044218,0.40269974784927715,
102,273,36.14334361464908,34.67786514524556,1.0,24.7660229,2.0,873.6798251545276,49.16554730989223,3387,0.051449837465342894,3316,71,0,0.9790374963094184,0.020962503690581637,0.0,True,2665.0,29.125518822500005,0.8225083794105899,2665,0,0.0,,0.3090169943749474,0.3827822185373187,
103,164,35.81296879399418,35.73362321746685,1.0,24.7660229,2.0,689.0536146418647,47.99118668970905,3444,0.05231568946874547,3439,5,0,0.9985481997677119,0.0014518002322880372,0.0,True,2698.0,29.305290869122373,0.8191945987987231,2698,0,0.0,,0.3090169943749474,0.4494897427831781,
103,181,35.81296879399418,35.848299796755015,1.414213562373095,35.02444547122265,2.414213562373095,677.878588978526,11.881730807407864,4066,0.061764109576050844,3867,199,0,0.9510575504181014,0.048942449581898674,0.0,True,2790.0,29.80074801834303,0.8317114280667376,2790,0,0.0,,0.2989350844248255,0.4142135623730951,
103,213,35.81296879399418,35.79391072057749,1.0,24.7660229,2.0,706.7351192121608,79.62584167474049,3556,0.05401701270350143,3536,20,0,0.9943757030371203,0.00562429696287964,0.0,True,2890.0,30.33010997459711,0.8471283815244336,2893,0,0.0,,0.3090169943749474,0.392280956059262,
103,271,35.81296879399418,35.14127952602509,1.0,24.7660229,2.0,715.1097908727656,86.83910470631355,3421,0.05196631059017952,3393,28,0,0.9918152586962876,0.008184741303712365,0.0,True,4013.0,35.74041932120484,1.0074215474740198,4014,0,0.0,,0.3090169943749474,0.4211646096066227,
103,292,35.81296879399418,34.25809377795667,1.0,24.7660229,2.0,747.756645602552,10.277117913357136,3227,0.04901937570140582,3225,2,0,0.9993802293151534,0.0006197706848466068,0.0,True,3472.0,33.244126170349574,0.9488689039420121,3473,0,0.0,,0.3090169943749474,0.2745417347328134,
104,133,35.82779150528109,35.73810978281465,1.0,24.7660229,2.0,559.1400461622906,70.23247534275346,3194,0.048518092962593795,3188,6,0,0.9981214777708203,0.001878522229179712,0.0,True,2270.0,26.88054020359719,0.7512108342040399,2270,0,0.0,,0.30484544052339907,0.463269876802042,
104,134,35.82779150528109,35.871011199549,3.3166247903554,82.13960550864952,4.3166247903554,582.3394244634816,21.286592047904467,4110,0.06243248656113354,3763,347,0,0.9155717761557177,0.08442822384428224,0.0,True,1787.0,23.84994269616667,0.6652814774146846,1787,0,0.0,,0.26618329551788555,0.3797958971132713,
104,173,35.82779150528109,35.355076615763174,1.0,24.7660229,2.0,521.0745285048354,45.658517633006426,3129,0.04753071787099436,3125,4,0,0.9987216363055289,0.001278363694471077,0.0,True,2526.0,28.355789047393042,0.7967026279181362,2526,0,0.0,,0.30484544052339907,0.37050150819776767,
104,242,35.82779150528109,35.39259790565092,10.246950765959598,253.77621732492793,11.246950765959598,540.2087384372335,81.05251149888392,8531,0.12958918317591975,8279,252,0,0.9704606728402297,0.02953932715977025,0.0,True,1877.0,24.443151522808492,0.6864088142448874,1877,0,0.0,,0.2630818304726545,0.4044243962482551,
104,294,35.82779150528109,34.69235113383544,1.0,24.7660229,2.0,558.1992486312454,70.91812913878809,4162,0.06322238663441308,3659,503,0,0.879144641999039,0.12085535800096107,0.0,True,1385.0,20.996647169597104,0.5954794299565288,1395,0,0.0,,0.2989350844248255,0.40149162409079436,
104,329,35.82779150528109,34.44046676852528,1.0,24.7660229,2.0,571.8158672925271,43.94548004543758,3361,0.051054887428703115,3246,115,0,0.9657839928592681,0.034216007140731926,0.0,True,2082.0,25.74337163299812,0.7327169412022947,2083,0,0.0,,0.3090169943749474,0.41421356237309503,
105,110,36.57684264942452,35.8072597084671,1.0,24.7660229,2.0,749.0640008428729,78.43725429850734,3130,0.047545908257018966,3101,29,0,0.9907348242811501,0.00926517571884984,0.0,True,2386.0,27.558798748031897,0.7614599850053213,2386,0,0.0,,0.3090169943749474,0.41421356237309503,
91,341,35.91542257303428,55.01872470595096,1.0,24.7660229,2.0,1200.2121167399573,14.400957532714326,8684,0.13191331223768457,5227,3457,0,0.6019115614923998,0.3980884385076002,0.0,True,1203.0,19.568515351939713,0.4303887139757008,3238,0,0.0,,0.21712927295533246,0.37268226712382524,
92,102,36.08489132367293,36.14334361464908,7.6602540378443855,189.7140269210715,8.660254037844386,873.9230816661409,54.78223103783176,6281,0.09541081462055467,6268,13,0,0.9979302658812291,0.0020697341187708965,0.0,True,3508.0,33.416030295843605,0.9252899596502288,3508,0,0.0,,0.2687959533979826,0.44499443206436484,
92,234,36.08489132367293,34.8476940561097,1.0,24.7660229,2.0,928.3071667520388,31.099342907365923,3494,0.05307520876997581,3303,191,0,0.9453348597595879,0.054665140240412136,0.0,True,3241.0,32.11918960873181,0.905625797699642,3241,0,0.0,,0.3008613653919205,0.4,
92,273,36.08489132367293,34.67786514524556,2.0,49.5320458,3.0,897.3202082121417,89.62800037085685,2914,0.04426478487570392,2869,45,0,0.984557309540151,0.015442690459849005,0.0,True,3220.0,32.01496265048276,0.9048534638286698,3220,0,0.0,,0.28172904669025317,0.356789172325331,
105,149,36.57684264942452,35.39126376714951,1.414213562373095,35.02444547122265,2.414213562373095,760.3997082393836,59.599734248227904,3505,0.05324230301624648,3479,26,0,0.9925820256776035,0.007417974322396576,0.0,True,3109.0,31.458312671619964,0.8742292728817779,3109,0,0.0,,0.2989350844248255,0.35977525015625467,
105,177,36.57684264942452,35.53962537564978,1.0,24.7660229,2.0,754.4787656212773,69.03753894473293,3340,0.050735889322186374,3318,22,0,0.9934131736526947,0.006586826347305389,0.0,True,2078.0,25.71863028020577,0.713252631042985,2081,0,0.0,,0.3090169943749474,0.384539150931232,
105,207,36.57684264942452,36.41193290667461,5.414213562373095,134.08853707122265,6.414213562373095,765.9217732606901,52.75468489474344,5932,0.09010936989796695,5858,74,0,0.9875252865812543,0.012474713418745786,0.0,True,1997.0,25.212394624649004,0.690856763455931,1997,0,0.0,,0.27253380620535966,0.3256263564924315,
105,213,36.57684264942452,35.79391072057749,7.613903745752154,188.56611452569362,8.613903745752154,720.9936638942253,59.34993572230629,7408,0.11253037967028644,7382,26,0,0.9964902807775378,0.003509719222462203,0.0,True,2245.0,26.732109802307225,0.7387544983990121,2247,0,0.0,,0.26868543953494184,0.333550769446067,
106,273,35.92202239391426,34.67786514524556,1.0,24.7660229,2.0,891.9935887696884,81.99743888103997,3250,0.04936875457997177,3149,101,0,0.9689230769230769,0.03107692307692308,0.0,True,2138.0,26.087286878112575,0.7390178026457244,2138,0,0.0,,0.2989350844248255,0.4305008740430604,
106,300,35.92202239391426,37.253225358335015,9.510746888517914,235.5433752371384,10.510746888517914,848.7686896945592,24.262306802828828,9851,0.1496404927284006,9754,97,0,0.9901532839305655,0.009846716069434575,0.0,True,1502.0,21.86553107171316,0.5976209645574053,1502,0,0.0,,0.26533119314590375,0.3562024536309388,
106,314,35.92202239391426,33.98517876129603,1.0,24.7660229,2.0,894.9028537797766,76.78993560157629,3228,0.049034566087430426,3190,38,0,0.9882280049566295,0.011771995043370507,0.0,True,1453.0,21.505912317896396,0.6152703001268283,1455,0,0.0,,0.3090169943749474,0.4142135623730951,
107,120,35.54201934611102,35.63519641378069,2.0,49.5320458,3.0,268.70945281694577,6.955636958873479,3309,0.05026498735542357,3309,0,0,1.0,0.0,0.0,True,3395.0,32.87342488384758,0.9237064005072175,3396,0,0.0,,0.28172904669025317,,
105,271,36.57684264942452,35.14127952602509,1.0,24.7660229,2.0,729.3683355548301,70.44124458904938,3461,0.05257392603116379,3456,5,0,0.9985553308292401,0.001444669170759896,0.0,True,2725.0,29.451560906865865,0.8213143348850163,2726,0,0.0,,0.3090169943749474,0.4387496113528984,
105,298,36.57684264942452,33.969255702664874,2.1462643699419726,53.15443253543696,3.1462643699419726,720.907852624015,55.88744760976216,3541,0.053789156913132324,3475,66,0,0.9813611974018639,0.01863880259813612,0.0,True,1802.0,23.949831208240088,0.6789838635358282,1802,0,0.0,,0.28172904669025317,0.4047889733518942,
105,332,36.57684264942452,34.13724573622004,9.633758019665983,238.58987172810637,10.633758019665983,712.7172817596945,44.85713342633262,9026,0.13710842425810008,8912,114,0,0.9873698205185021,0.012630179481497895,0.0,True,1441.0,21.41692195416611,0.6057328162774956,1441,0,0.0,,0.2663346240702891,0.24656553478645415,
106,172,35.92202239391426,35.828535418520794,1.0,24.7660229,2.0,920.3186447616483,23.70094996245145,3095,0.047014244746157736,2835,260,0,0.9159935379644588,0.0840064620355412,0.0,True,1864.0,24.35835848013133,0.6789733549892986,1866,0,0.0,,0.30484544052339907,0.41094162271764856,
108,315,35.90764771016112,34.47056347377678,1.7320508075688772,42.89600996421431,2.732050807568877,865.6665991325805,80.58655496843424,3339,0.05072069893616177,3271,68,0,0.9796346211440551,0.020365378855944895,0.0,True,2157.0,26.202946866687277,0.7446323635081948,2166,0,0.0,,0.2857142857142857,0.3591727118962709,
108,340,35.90764771016112,29.386892596756987,1.0,24.7660229,2.0,861.3124236394406,87.18673662578337,2757,0.04187989426984067,2725,32,0,0.9883931809938339,0.011606819006166122,0.0,True,2655.0,29.070822964236225,0.8904518763004785,2665,0,0.0,,0.3090169943749474,0.4259293320260172,
109,170,35.592658122246405,35.7078659870906,1.0,24.7660229,2.0,311.5296720065375,25.28804322947064,3172,0.04818390447005245,3081,91,0,0.9713114754098361,0.028688524590163935,0.0,True,1656.0,22.959119571977435,0.644009840285897,1656,0,0.0,,0.3090169943749474,0.4270509831248423,
109,197,35.592658122246405,34.79223274494799,1.0,24.7660229,2.0,355.8832261314575,70.24628861203077,2745,0.04169760963754539,2745,0,0,1.0,0.0,0.0,True,2217.0,26.564883166870207,0.7548461847300184,2217,0,0.0,,0.3090169943749474,,
107,150,35.54201934611102,35.21721885099203,1.0,24.7660229,2.0,239.91416602737732,76.43951894113492,3103,0.04713576783435459,3023,80,0,0.9742184982275217,0.025781501772478246,0.0,True,4951.0,39.6982650313077,1.1220659250379825,4954,0,0.0,,0.3090169943749474,0.4030144453545291,
108,283,35.90764771016112,35.09320605055566,4.449489742783178,110.1961648630833,5.449489742783178,835.3140715034908,50.5229246442237,4791,0.07277713944389069,4725,66,0,0.9862241703193487,0.013775829680651221,0.0,True,1980.0,25.104851615652017,0.7071704151687815,1980,0,0.0,,0.27669677546737487,0.40126105833861936,
108,288,35.90764771016112,34.64806137207997,8.38083151964686,207.55986533661593,9.38083151964686,889.3640559715025,42.52249556855448,7034,0.10684917529708353,4387,2647,0,0.6236849587716804,0.3763150412283196,0.0,True,64.0,4.51351666838205,0.12794192637539814,678,0,0.0,,0.20307523431039698,0.34604203085127516,
108,292,35.90764771016112,34.25809377795667,7.0,173.3621603,8.0,821.0035102956106,5.032604482101798,7317,0.11114805454204722,7289,28,0,0.996173295066284,0.003826704933716004,0.0,True,2363.0,27.425649692437503,0.7817390399011717,2367,0,0.0,,0.2687959533979827,0.4213026655674308,
109,282,35.592658122246405,34.34898277569402,2.23606797749979,55.37851073671648,3.23606797749979,358.8588552093208,65.78757466546294,3625,0.05506514933919929,3625,0,0,1.0,0.0,0.0,True,1470.0,21.631355313298616,0.6185544129530308,1482,0,0.0,,0.2898979485566356,,
109,333,35.592658122246405,35.707803575808725,1.0,24.7660229,2.0,364.10534996015775,46.262781332430784,7717,0.1172242089518899,7707,10,0,0.9987041596475315,0.001295840352468576,0.0,True,3261.0,32.21813990355963,0.9037287876198549,3270,0,0.0,,0.3090169943749474,0.4772255750516612,
110,227,35.8072597084671,34.94669093427095,5.6332495807108,139.51318811729905,6.6332495807108,724.6237229776764,34.91520281104472,5517,0.08380535969775516,5473,44,0,0.9920246510784847,0.007975348921515316,0.0,True,2202.0,26.47486297182116,0.7483642321402573,2202,0,0.0,,0.2742918851774318,0.2914719243378125,
110,243,35.8072597084671,35.47492912111168,9.298325725798339,230.28254785678078,10.298325725798339,759.2349699138333,86.13404708753237,7860,0.11939643415340866,7827,33,0,0.9958015267175573,0.004198473282442748,0.0,True,2057.0,25.58834570424703,0.7179450048994304,2061,0,0.0,,0.26697807758999403,0.326291782126872,
110,298,35.8072597084671,33.969255702664874,8.508270432752164,210.71602037693302,9.508270432752164,728.3194224742938,44.65513015788857,8071,0.12260160560460068,7931,140,0,0.9826539462272333,0.017346053772766695,0.0,True,1480.0,21.70480664627101,0.6221235473965292,1480,0,0.0,,0.26841742285197584,0.27429188517743175,
110,332,35.8072597084671,34.13724573622004,7.639192214932638,189.19240933252343,8.639192214932638,720.1288516099731,20.960459420319513,6693,0.10166925366269264,6647,46,0,0.993127147766323,0.006872852233676976,0.0,True,1578.0,22.411894172470603,0.6408478844759055,1578,0,0.0,,0.2708131845707603,0.2641324225029699,
111,204,36.502519014634714,35.35463096968926,1.0,24.7660229,2.0,1148.2928137893853,50.28363014741122,3309,0.05026498735542357,3303,6,0,0.9981867633726201,0.001813236627379873,0.0,True,2414.0,27.720030036918622,0.7715315746022741,2442,0,0.0,,0.3090169943749474,0.3712787343467867,
111,258,36.502519014634714,35.87354665542424,1.0,24.7660229,2.0,1153.6638727048335,60.88022901267261,3469,0.05269544911936064,3462,7,0,0.9979821274142404,0.002017872585759585,0.0,True,4302.0,37.00498791193787,1.0225752828464771,4318,0,0.0,,0.3090169943749474,0.3288130902060995,
112,288,36.065446657252224,34.64806137207997,1.0,24.7660229,2.0,914.0436858586133,81.83921379610581,3409,0.05178402595788424,3400,9,0,0.9973599295981226,0.0026400704018773834,0.0,True,1657.0,22.966050627100454,0.6495520097114702,1661,0,0.0,,0.3090169943749474,0.45416345659799195,
112,315,36.065446657252224,34.47056347377678,4.766114533138578,118.03770167173282,5.766114533138578,890.3462290196912,60.485508364219946,5629,0.08550668293251111,5571,58,0,0.9896962160241606,0.010303783975839403,0.0,True,2005.0,25.262844689355557,0.7163105665440057,2009,0,0.0,,0.2742918851774318,0.4024949463304979,
113,121,35.751064647882906,35.630934617603785,1.0,24.7660229,2.0,1054.1326457622235,87.31276405750401,3371,0.051206791288949186,3323,48,0,0.9857609018095521,0.014239098190447939,0.0,True,1697.0,23.24159798408648,0.6511893256910732,1697,0,0.0,,0.3090169943749474,0.407669683062202,
113,136,35.751064647882906,35.62178084455826,1.0,24.7660229,2.0,1062.1985789021267,74.39883420756809,3184,0.04836618910234773,3148,36,0,0.9886934673366834,0.011306532663316583,0.0,True,2101.0,25.860569809502344,0.7246613086833182,2106,0,0.0,,0.3090169943749474,0.39064376060203276,
112,224,36.065446657252224,35.38065060722596,4.841619252963779,119.90765329198184,5.841619252963779,870.8060596580315,12.872771481055901,4897,0.07438732036249901,4839,58,0,0.9881560138860527,0.011843986113947314,0.0,True,1219.0,19.69821695631462,0.5514147787078146,1220,0,0.0,,0.27149702790318514,0.2650707607924858,
112,250,36.065446657252224,34.60844239265844,1.0,24.7660229,2.0,928.7282929270282,56.68352517625238,3285,0.04990041809083301,3212,73,0,0.9777777777777777,0.022222222222222223,0.0,True,1944.0,24.875578761936154,0.7039538674422955,1944,0,0.0,,0.30484544052339907,0.4,
112,255,36.065446657252224,35.066240216631456,1.414213562373095,35.02444547122265,2.414213562373095,888.5120790897557,56.64217244967074,3300,0.050128273881202105,3255,45,0,0.9863636363636363,0.013636363636363636,0.0,True,1167.0,19.273495717603584,0.5419102671296253,1171,0,0.0,,0.28989794855663564,0.3816524151396708,
112,287,36.065446657252224,34.71587335010855,3.1815405503520555,78.79410612729761,4.1815405503520555,881.0995883185815,42.206720209384656,4300,0.0653186599058088,4225,75,0,0.9825581395348837,0.01744186046511628,0.0,True,1386.0,21.004225818885445,0.593496301473359,1386,0,0.0,,0.27792629762666365,0.38561575886039895,
111,262,36.502519014634714,34.40124206740076,4.0,99.0640916,5.0,1168.1644214116418,85.21595958399574,4762,0.0723366182491771,4621,141,0,0.9703905921881563,0.029609407811843763,0.0,True,1950.0,24.913937425834398,0.7027536211233995,2028,0,0.0,,0.2708131845707603,0.3613020955135854,
111,275,36.502519014634714,34.80583547552976,1.414213562373095,35.02444547122265,2.414213562373095,1151.0740266619232,56.744834956219556,3264,0.04958141998431627,3237,27,0,0.9917279411764706,0.008272058823529412,0.0,True,3015.0,30.979094674378864,0.8688770031469958,3017,0,0.0,,0.29581631632448924,0.3333333333333333,
111,295,36.502519014634714,35.16208130431738,8.12403840463596,201.20012116969366,9.12403840463596,1170.4128001429276,88.70237872979087,7093,0.10774540807253533,6993,100,0,0.9859015931199775,0.014098406880022557,0.0,True,2323.0,27.192533269354396,0.7588832742617887,2463,0,0.0,,0.26533119314590375,0.3958297054803125,
112,195,36.065446657252224,35.2408788460853,1.0,24.7660229,2.0,924.1131570377953,64.79736728350763,3350,0.050887793182432445,3265,85,0,0.9746268656716418,0.025373134328358207,0.0,True,2066.0,25.644263000829476,0.7192703542024245,2067,0,0.0,,0.3090169943749474,0.4211646096066227,
116,180,35.754862131266286,35.34870917682051,3.6855577202829677,91.27660689979977,4.685557720282968,808.4129743913252,16.772263730571595,3894,0.059151363179818485,3891,3,0,0.9992295839753467,0.0007704160246533128,0.0,True,2276.0,26.916041702938184,0.7570939464155143,2277,0,0.0,,0.28330039409901914,0.38085275449922107,
116,224,35.754862131266286,35.38065060722596,1.414213562373095,35.02444547122265,2.414213562373095,838.964293893853,80.06532531786218,3255,0.049444706510094805,3251,4,0,0.9987711213517665,0.001228878648233487,0.0,True,2126.0,26.013973514762004,0.7313920294746267,2126,0,0.0,,0.29339977411634566,0.3927409831932979,
116,287,35.754862131266286,34.71587335010855,1.0,24.7660229,2.0,849.257822554403,83.56333003274348,3354,0.05094855472653087,3299,55,0,0.9836016696481813,0.016398330351818723,0.0,True,1904.0,24.61832697999475,0.6986822774540585,1908,0,0.0,,0.3090169943749474,0.41421356237309503,
116,306,35.754862131266286,34.88324072794575,8.565401897601228,212.13093954369546,9.565401897601228,833.1883495298315,72.55646231880893,8077,0.12269274792074832,6742,1335,0,0.8347158598489538,0.16528414015104617,0.0,True,992.0,17.769732893161912,0.5031203323390084,992,0,0.0,,0.24639927725966482,0.3320196929461753,
113,147,35.751064647882906,36.002443906642085,8.281885242839627,205.10935957933825,9.281885242839627,1035.7382766795176,65.97167440985339,6660,0.10116797092388062,5948,712,0,0.893093093093093,0.1069069069069069,0.0,True,1853.0,24.286379291663962,0.6769391429328899,1861,0,0.0,,0.25401115162199117,0.34680221060350597,
113,159,35.751064647882906,35.68944518992291,4.855156433186538,120.24291540738012,5.855156433186538,1076.1652877738543,52.75190707062779,4868,0.07394679916778542,4642,226,0,0.9535743631881676,0.04642563681183237,0.0,True,1304.0,20.37341629633241,0.5703603275672857,1305,0,0.0,,0.27149702790318514,0.3623008459080098,
114,202,35.75909444083849,35.80359748877235,6.330293345472711,156.77618995769478,7.330293345472711,1144.2087821130226,44.54608686108505,5701,0.0866003907262828,5694,7,0,0.9987721452376777,0.0012278547623223997,0.0,True,2968.0,30.736683981742253,0.8590141916957205,2968,0,0.0,,0.27300950793662115,0.3516287047744073,
114,217,35.75909444083849,34.99757157984569,1.0,24.7660229,2.0,1099.220466307254,62.842021188178826,3121,0.04740919478279751,3117,4,0,0.9987183595001602,0.001281640499839795,0.0,True,3164.0,31.735350634355903,0.8970278680196367,3166,0,0.0,,0.30484544052339907,0.43827036295401023,
114,269,35.75909444083849,34.74648375308635,1.414213562373095,35.02444547122265,2.414213562373095,1095.8961016437459,57.19053535071869,3093,0.046983863974108524,3080,13,0,0.9957969608794051,0.004203039120594891,0.0,True,2733.0,29.494760872743147,0.8366646052208273,2733,0,0.0,,0.29339977411634566,0.4068781988545112,
114,310,35.75909444083849,33.19305831739146,1.0,24.7660229,2.0,1118.5912901087486,85.35459527004545,3189,0.04844214103247076,3189,0,0,1.0,0.0,0.0,True,3200.0,31.915382432114615,0.9257254822491465,3200,0,0.0,,0.30901699437494745,,
115,134,36.211744915612826,35.871011199549,1.0,24.7660229,2.0,626.3617955694991,76.63341502712824,4394,0.06674655619212184,4091,303,0,0.9310423304506145,0.06895766954938552,0.0,True,2633.0,28.950128329973268,0.8032469869415529,2633,0,0.0,,0.3090169943749474,0.39352981872163206,
115,225,36.211744915612826,35.03080476304226,8.449489742783179,209.26025646308332,9.449489742783179,610.2211987543192,53.289840516238705,7652,0.11623683386029046,7415,237,0,0.9690277051751176,0.030972294824882382,0.0,True,2323.0,27.192533269354396,0.7633790029135222,2324,0,0.0,,0.26342817331279195,0.3608833931394961,
116,315,35.754862131266286,34.47056347377678,1.0,24.7660229,2.0,858.5044632555127,68.07110423410911,2863,0.04349007518844898,2713,150,0,0.9476074048201187,0.05239259517988124,0.0,True,1318.0,20.482490815089754,0.5833354696997054,1320,0,0.0,,0.3090169943749474,0.41421356237309503,
117,207,36.18733253685068,36.41193290667461,4.39834563766817,108.929528784605,5.39834563766817,829.4315065601047,5.220493447209641,4921,0.07475188962708956,4711,210,0,0.957325746799431,0.04267425320056899,0.0,True,3109.0,31.458312671619964,0.8666289522196687,3109,0,0.0,,0.28259835342023926,0.2674788903885893,
117,340,36.18733253685068,29.386892596756987,5.0990195135927845,126.28243404118575,6.0990195135927845,865.8338369278611,85.62850172736653,3744,0.05687280527612748,3641,103,0,0.9724893162393162,0.02751068376068376,0.0,True,2004.0,25.25654394235911,0.7703192493971169,2004,0,0.0,,0.2801868778094689,0.37771354955589964,
118,131,35.874536004404135,35.6720059731562,1.414213562373095,35.02444547122265,2.414213562373095,465.6512083336351,52.644556241708024,3201,0.04862442566476605,3182,19,0,0.9940643548890972,0.005935645110902843,0.0,True,2209.0,26.516910426744545,0.7412492538091145,2209,0,0.0,,0.29339977411634566,0.4083069769263126,
119,142,37.292405121338255,35.25548216498152,1.0,24.7660229,2.0,439.44057352509697,79.02981593898022,3379,0.051328314377146037,3359,20,0,0.9940810890796093,0.005918910920390648,0.0,True,2139.0,26.093387027121036,0.7193424371998609,2144,0,0.0,,0.30383243470068705,0.36119908675188056,
119,173,37.292405121338255,35.355076615763174,2.23606797749979,55.37851073671648,3.23606797749979,470.9730049517528,50.86841141769544,3588,0.05450310505628884,3536,52,0,0.9855072463768116,0.014492753623188406,0.0,True,2176.0,26.318098569918163,0.724542625308301,2176,0,0.0,,0.28172904669025317,0.3437148371164319,
119,191,37.292405121338255,35.306562591631184,1.0,24.7660229,2.0,431.895099002369,66.22839906898957,3407,0.05175364518583503,3238,169,0,0.9503962430290578,0.04960375697094218,0.0,True,2256.0,26.797520467958073,0.7382342011777898,2257,0,0.0,,0.3090169943749474,0.4142135623730951,
119,266,37.292405121338255,35.10212087528832,1.0,24.7660229,2.0,479.20752401235904,12.917225081923284,5155,0.07830643995684754,5136,19,0,0.9963142580019398,0.0036857419980601356,0.0,True,3020.0,31.004771508189638,0.8565501626361747,3035,0,0.0,,0.30901699437494745,0.40269974784927715,
118,191,35.874536004404135,35.306562591631184,2.0,49.5320458,3.0,430.1632591198028,69.97072747785825,3669,0.05573352632428198,3668,1,0,0.9997274461706187,0.0002725538293813028,0.0,True,3165.0,31.7403653062106,0.8918200458338665,3165,0,0.0,,0.2898979485566356,0.3827822185373187,
118,278,35.874536004404135,34.601265443834954,1.0,24.7660229,2.0,433.22867698122405,74.02106881045854,2924,0.04441668873594999,2897,27,0,0.990766073871409,0.009233926128590971,0.0,True,3619.0,33.940587474278324,0.9631841504975569,3619,0,0.0,,0.3090169943749474,0.4142135623730951,
118,297,35.874536004404135,34.215866842983104,2.0,49.5320458,3.0,479.74518871442956,4.039126207078864,3294,0.05003713156505447,3210,84,0,0.9744990892531876,0.025500910746812388,0.0,True,1951.0,24.920324796129275,0.7110909278233155,1955,0,0.0,,0.2801868778094689,0.3874258867227931,
118,301,35.874536004404135,34.55820772681524,1.0,24.7660229,2.0,460.7832174978297,60.43899588637611,3168,0.04812314292595402,3168,0,0,1.0,0.0,0.0,True,1959.0,24.97136494134924,0.7090839748240749,1967,0,0.0,,0.3090169943749474,,
119,282,37.292405121338255,34.34898277569402,1.0,24.7660229,2.0,410.24029881530623,8.221004852293856,3126,0.04748514671292054,2952,174,0,0.944337811900192,0.05566218809980806,0.0,True,1788.0,23.85661494212072,0.6660009149015655,1788,0,0.0,,0.3008613653919205,0.40209568597003575,
120,247,35.63519641378069,37.268185251592925,1.0,24.7660229,2.0,298.107997094015,77.80111851125756,3329,0.050568795075915704,3290,39,0,0.9882847702012616,0.011715229798738359,0.0,True,1817.0,24.049304838101822,0.6597582797595888,1818,0,0.0,,0.3090169943749474,0.4068781988545112,
121,232,35.630934617603785,35.27007339608747,1.0,24.7660229,2.0,1084.5884883511621,36.49828603798575,3318,0.05040170082964503,3314,4,0,0.9987944544906571,0.0012055455093429777,0.0,True,2328.0,27.221781995965376,0.7678813816217887,2328,0,0.0,,0.3090169943749474,0.414472163417523,
122,274,36.31636909160694,35.190250031736774,1.0,24.7660229,2.0,494.90522304948684,75.76165658216557,3282,0.04985484693275919,3263,19,0,0.994210847044485,0.00578915295551493,0.0,True,1977.0,25.085825579106505,0.7016364606984224,1977,0,0.0,,0.3090169943749474,0.38742588672279316,
122,299,36.31636909160694,34.85476988985947,3.8989794855663558,96.56221522616659,4.898979485566356,473.21475427226073,37.68172249520773,4251,0.06457433099060308,4250,1,0,0.9997647612326511,0.0002352387673488591,0.0,True,2385.0,27.553023038286394,0.7742751748138088,2387,0,0.0,,0.27792629762666365,0.2588283628687876,
122,318,36.31636909160694,32.73617840351093,1.0,24.7660229,2.0,496.07653955017435,77.26738191005083,3009,0.04570787154804156,3004,5,0,0.9983383183781988,0.001661681621801263,0.0,True,2618.0,28.867547211863428,0.8361037574726526,2624,0,0.0,,0.30901699437494745,0.43649167310370846,
123,188,35.7519362727754,35.588134805712386,1.0,24.7660229,2.0,514.3390770244599,16.239995786314662,3201,0.04862442566476605,2967,234,0,0.9268978444236177,0.07310215557638237,0.0,True,1311.0,20.42802635564556,0.5726943090138165,1341,0,0.0,,0.30216947925196225,0.4142135623730951,
123,199,35.7519362727754,35.215807223484674,2.4641016151377544,61.02599702842861,3.4641016151377544,506.54318102342756,44.082266259295636,4260,0.06471104446482454,4192,68,0,0.984037558685446,0.01596244131455399,0.0,True,2153.0,26.178639860651685,0.737761652574772,2159,0,0.0,,0.28172904669025317,0.4026997478492772,
124,136,35.52884851529956,35.62178084455826,1.0,24.7660229,2.0,1091.5226469720735,56.7072362501878,3418,0.0519207394321057,3408,10,0,0.9970743124634289,0.002925687536571094,0.0,True,3099.0,31.40767959088298,0.8828503661445545,3099,0,0.0,,0.3090169943749474,0.35386515999287305,
124,159,35.52884851529956,35.68944518992291,4.0,99.0640916,5.0,1105.4893558438011,81.66355292157756,4912,0.07461517615286811,4826,86,0,0.9824918566775245,0.01750814332247557,0.0,True,4010.0,35.72705758381175,1.003311248418519,4010,0,0.0,,0.27149702790318514,0.3451409985003952,
124,168,35.52884851529956,35.463353618126746,1.0,24.7660229,2.0,1118.2432558172309,78.5571182733783,3245,0.04929280264984874,3240,5,0,0.9984591679506933,0.0015408320493066256,0.0,True,2269.0,26.87461872754702,0.7571146666795182,2275,0,0.0,,0.3090169943749474,0.44151844011225294,
125,223,35.83442364163843,35.17244080726276,1.414213562373095,35.02444547122265,2.414213562373095,489.0217066205554,19.277908467064645,3362,0.05107007781472772,3274,88,0,0.9738251041046996,0.026174895895300417,0.0,True,2481.0,28.10207870642285,0.7915313237538043,2481,0,0.0,,0.29581631632448924,0.4,
126,309,35.86612479803742,34.81391322415699,1.0,24.7660229,2.0,939.8847266232381,66.1776143363168,2574,0.03910005362733764,2573,1,0,0.9996114996114996,0.0003885003885003885,0.0,True,2604.0,28.79025779013781,0.8146644680948619,2608,0,0.0,,0.30383243470068705,0.32793442287247493,
127,210,35.59925256537631,34.76940621085617,1.0,24.7660229,2.0,306.54852328834363,75.56597769602769,3171,0.04816871408402784,3136,35,0,0.9889624724061811,0.011037527593818985,0.0,True,2319.0,27.169111617059006,0.7721935330174452,2327,0,0.0,,0.3090169943749474,0.41421356237309503,
127,230,35.59925256537631,35.35755929539476,1.8284271247461903,45.2828680424453,2.8284271247461903,349.3846229403516,22.89630571149218,3324,0.05049284314579267,3245,79,0,0.9762334536702768,0.023766546329723224,0.0,True,2711.0,29.375808098574183,0.8279912055861345,2712,0,0.0,,0.28989794855663564,0.3266316347104093,
127,249,35.59925256537631,34.25809377795667,3.414213562373095,84.55649127122264,4.414213562373095,345.7741685656198,35.30211037619622,4205,0.06387557323347118,4122,83,0,0.9802615933412604,0.019738406658739594,0.0,True,2245.0,26.732109802307225,0.7653342476230054,2253,0,0.0,,0.27718637277259645,0.36930006660518244,
125,230,35.83442364163843,35.35755929539476,1.0,24.7660229,2.0,419.1267418572963,8.416809700370065,3092,0.04696867358808392,2749,343,0,0.8890685640362225,0.1109314359637775,0.0,True,1210.0,19.625365277680483,0.551336385588204,1486,0,0.0,,0.2857142857142857,0.4068781988545112,
125,299,35.83442364163843,34.85476988985947,3.3166247903554,82.13960550864952,4.3166247903554,448.76257787731345,80.78544303311517,4555,0.06919220834208352,4442,113,0,0.975192096597146,0.024807903402854006,0.0,True,1829.0,24.128588475709748,0.6826669613922943,1859,0,0.0,,0.27429188517743175,0.40269974784927715,
125,304,35.83442364163843,34.87656897857619,1.0,24.7660229,2.0,453.7511743025853,88.30271209440785,3145,0.04777376404738807,3138,7,0,0.9977742448330683,0.0022257551669316376,0.0,True,2512.0,28.277100878514442,0.7997936340786335,2525,0,0.0,,0.3090169943749474,0.34833147735478825,
126,194,35.86612479803742,35.07406910575093,1.0,24.7660229,2.0,976.3592486766032,52.44769450891691,3206,0.04870037759488908,3203,3,0,0.9990642545227698,0.0009357454772301934,0.0,True,2842.0,30.077178998940926,0.847958747892138,2842,0,0.0,,0.3090169943749474,0.4772255750516612,
123,263,35.7519362727754,35.007249465653935,2.0,49.5320458,3.0,444.1962521333109,17.02125398633885,3275,0.04974851423058694,3205,70,0,0.9786259541984733,0.021374045801526718,0.0,True,2111.0,25.922040230930552,0.7326833953899581,2111,0,0.0,,0.28172904669025317,0.3827822185373187,
123,285,35.7519362727754,34.41938788721628,1.7320508075688772,42.89600996421431,2.732050807568877,464.58602540339064,65.09429905456889,3393,0.05154097978149053,3389,4,0,0.9988211022693781,0.0011788977306218685,0.0,True,2585.0,28.685031911871718,0.8175713442850077,2585,0,0.0,,0.28989794855663564,0.34440644574410934,
123,319,35.7519362727754,34.32123967379236,1.0,24.7660229,2.0,488.3790970247089,75.74888506470167,3270,0.04967256230046391,3253,17,0,0.9948012232415903,0.005198776758409786,0.0,True,2144.0,26.123866405607867,0.7456167371528257,2145,0,0.0,,0.3090169943749474,0.4068781988545112,
124,128,35.52884851529956,41.84055228225114,3.8989794855663558,96.56221522616659,4.898979485566356,1150.7030542349712,25.306805502380467,5612,0.0852484463700928,5566,46,0,0.9918032786885246,0.00819672131147541,0.0,True,2583.0,28.673933040528837,0.7412215357737804,2583,0,0.0,,0.27669677546737487,0.3002090006072392,
129,196,35.66249785821882,35.18118693952102,1.0,24.7660229,2.0,284.15331721231036,57.97131960135757,3168,0.04812314292595402,2966,202,0,0.9362373737373737,0.06376262626262626,0.0,True,2815.0,29.93396615230549,0.8450708411841528,2816,0,0.0,,0.2989350844248255,0.4211646096066227,
129,210,35.66249785821882,34.76940621085617,9.633758019665983,238.58987172810637,10.633758019665983,300.34213139412265,86.41501931399115,7489,0.11376080093827957,6943,546,0,0.9270930698357591,0.0729069301642409,0.0,True,981.0,17.670936544119517,0.5017878411121478,992,0,0.0,,0.25798230048890936,0.36339238639203586,
130,132,36.047879521380764,35.33309924883801,1.0,24.7660229,2.0,233.76754688538387,80.19379019721605,3285,0.04990041809083301,3285,0,0,1.0,0.0,0.0,True,5481.0,41.76908529251457,1.1703141652616638,5484,0,0.0,,0.3090169943749474,,
130,145,36.047879521380764,36.32813103961761,1.0,24.7660229,2.0,269.2465439068216,37.67349963686475,3160,0.04800161983775717,3160,0,0,1.0,0.0,0.0,True,4907.0,39.52147025989621,1.0921151899243629,4907,0,0.0,,0.30693121744917323,,
132,170,35.33309924883801,35.7078659870906,1.0,24.7660229,2.0,253.5397811385236,44.65133829071059,3126,0.04748514671292054,3125,1,0,0.9996801023672425,0.0003198976327575176,0.0,True,2776.0,29.72588508432008,0.8368660247112285,2776,0,0.0,,0.3090169943749474,0.3288130902060995,
132,302,35.33309924883801,33.95738986962693,1.0,24.7660229,2.0,216.6893770087711,71.73361937055348,2772,0.042107750060209774,2719,53,0,0.9808802308802309,0.01911976911976912,0.0,True,2965.0,30.721146015976345,0.8867348580395458,3105,0,0.0,,0.3090169943749474,0.40269974784927715,
133,143,35.73810978281465,35.798257995737906,1.0,24.7660229,2.0,590.0705133348371,59.70702075567435,3018,0.04584458502226302,2891,127,0,0.9579191517561298,0.042080848243870116,0.0,True,2230.0,26.642654638565077,0.7448702098222231,2242,0,0.0,,0.3008613653919205,0.4142135623730951,
133,173,35.73810978281465,35.355076615763174,5.477225575051661,135.6490940201951,6.477225575051661,533.5770779763903,12.778600624221175,5370,0.08157237295213798,5356,14,0,0.9973929236499068,0.0026070763500931097,0.0,True,2135.0,26.068977866467897,0.7333748615602745,2135,0,0.0,,0.2727272727272727,0.27585042491544276,
133,187,35.73810978281465,35.452973518955936,1.0,24.7660229,2.0,605.7577993330647,20.497761984319652,3176,0.04824466601415088,2885,291,0,0.908375314861461,0.09162468513853904,0.0,True,2202.0,26.47486297182116,0.7437690717416771,2211,0,0.0,,0.28989794855663564,0.4142135623730951,
133,203,35.73810978281465,35.33456525733043,1.0,24.7660229,2.0,599.0915609207032,39.85402089634997,3304,0.05018903542530054,3179,125,0,0.9621670702179177,0.037832929782082324,0.0,True,2050.0,25.544769849751454,0.7188351876532749,2061,0,0.0,,0.2989350844248255,0.42480768092719207,
134,187,35.871011199549,35.452973518955936,1.0,24.7660229,2.0,628.9571776342557,72.61160195415913,3317,0.05038651044362042,3272,45,0,0.9864335242689177,0.013566475731082304,0.0,True,2490.0,28.15300368695388,0.7894400123062562,2490,0,0.0,,0.30216947925196225,0.4142135623730951,
134,294,35.871011199549,34.69235113383544,1.0,24.7660229,2.0,593.9011764039915,47.91953608044077,3354,0.05094855472653087,3191,163,0,0.9514013118664282,0.048598688133571856,0.0,True,1977.0,25.085825579106505,0.711015596467349,1978,0,0.0,,0.2989350844248255,0.41421356237309503,
130,353,36.047879521380764,36.44305715360219,28.0,693.4486412,29.0,201.8204071651635,23.494639950906475,42097,0.6394696804778682,42085,12,0,0.9997149440577714,0.0002850559422286624,0.0,True,10625.0,58.155331146015975,1.6044855760868026,11265,0,0.0,,0.25806451612903225,0.11937821164163549,
131,191,35.6720059731562,35.306562591631184,1.0,24.7660229,2.0,452.843697634,8.986610583911485,3175,0.048229475628126274,3047,128,0,0.9596850393700788,0.04031496062992126,0.0,True,2596.0,28.745999104799274,0.8099909503968278,2596,0,0.0,,0.30484544052339907,0.4142135623730951,
131,297,35.6720059731562,34.215866842983104,1.0,24.7660229,2.0,502.4256272286268,66.34391115679212,3149,0.047834525591486494,3047,102,0,0.9676087646872022,0.032391235312797716,0.0,True,2103.0,25.872875577417208,0.7404110193905443,2106,0,0.0,,0.3090169943749474,0.40361850723377046,
132,146,35.33309924883801,35.69325579558376,1.0,24.7660229,2.0,217.4868192395843,73.41844692981293,3043,0.046224344672878184,2969,74,0,0.9756818928688794,0.024318107131120606,0.0,True,3304.0,32.429860683500394,0.9131782325931804,3304,0,0.0,,0.30484544052339907,0.4211646096066227,
134,329,35.871011199549,34.44046676852528,1.0,24.7660229,2.0,607.517795065273,72.66594587029668,3359,0.0510245066566539,3308,51,0,0.9848169097945817,0.01518309020541828,0.0,True,2054.0,25.569679431340276,0.7273258981400015,2054,0,0.0,,0.3090169943749474,0.41421356237309503,
134,339,35.871011199549,29.44648315424712,1.0,24.7660229,2.0,615.0016629159296,84.22490041364432,3331,0.05059917584796492,3260,71,0,0.978685079555689,0.021314920444311016,0.0,True,2091.0,25.798952924688752,0.7899553765778944,2092,0,0.0,,0.3090169943749474,0.4305008740430604,
136,147,35.62178084455826,36.002443906642085,1.414213562373095,35.02444547122265,2.414213562373095,1045.4809189861353,44.77578354396663,3116,0.04733324285267448,3094,22,0,0.9929396662387676,0.007060333761232349,0.0,True,2113.0,25.934316831301913,0.7241772437018185,2115,0,0.0,,0.29339977411634566,0.32473018446407276,
136,159,35.62178084455826,35.68944518992291,1.0,24.7660229,2.0,1085.907930080472,67.39267736722836,3501,0.053181541472148056,3486,15,0,0.9957155098543273,0.004284490145672665,0.0,True,1960.0,24.977737626138797,0.700527504997917,1960,0,0.0,,0.3030009569763247,0.4211646096066227,
136,168,35.62178084455826,35.463353618126746,1.0,24.7660229,2.0,1098.6618300539017,42.04409332023479,3166,0.04809276215390481,3162,4,0,0.9987365761212887,0.0012634238787113076,0.0,True,2528.0,28.367012395961314,0.7981137718984584,2528,0,0.0,,0.3090169943749474,0.41279747615474754,
136,253,35.62178084455826,35.51364896558651,3.3166247903554,82.13960550864952,4.3166247903554,1036.0274308455005,17.5915014887942,4254,0.0646199021486769,4233,21,0,0.9950634696755994,0.004936530324400564,0.0,True,2417.0,27.73724923106511,0.7798434424335043,2417,0,0.0,,0.27429188517743175,0.3090169943749474,
137,147,35.60703714377713,36.002443906642085,3.3166247903554,82.13960550864952,4.3166247903554,1005.2920082051389,68.99366254496019,4165,0.06326795779248691,4158,7,0,0.9983193277310924,0.0016806722689075631,0.0,True,1536.0,22.111625566165472,0.6175613966702814,1536,0,0.0,,0.27718637277259645,0.39087121146357146,
137,212,35.60703714377713,35.25925912428014,1.7320508075688772,42.89600996421431,2.732050807568877,970.5943730799179,54.79456484234745,4136,0.0628274365977733,4128,8,0,0.9980657640232108,0.0019342359767891683,0.0,True,3225.0,32.03980934622934,0.9042326474925759,3225,0,0.0,,0.29339977411634566,0.4049166008310805,
137,219,35.60703714377713,35.50247751859002,1.0,24.7660229,2.0,1014.6632225425246,50.12886697723727,3192,0.04848771219054458,3121,71,0,0.9777568922305765,0.022243107769423558,0.0,True,3104.0,31.433006326383836,0.8840731504252253,3104,0,0.0,,0.3090169943749474,0.42480768092719207,
137,250,35.60703714377713,34.60844239265844,1.0,24.7660229,2.0,970.0158273560019,53.13413037372227,3072,0.04666486586759178,3065,7,0,0.9977213541666666,0.0022786458333333335,0.0,True,2518.0,28.310851160125598,0.8063991401051329,2518,0,0.0,,0.3090169943749474,0.32449979983983984,
137,253,35.60703714377713,35.51364896558651,1.0,24.7660229,2.0,995.838520064504,83.2098989417265,3450,0.05240683178489312,3443,7,0,0.9979710144927536,0.002028985507246377,0.0,True,2232.0,26.654599339742866,0.7495596794090421,2233,0,0.0,,0.3090169943749474,0.3827822185373187,
137,268,35.60703714377713,34.82612124078988,1.0,24.7660229,2.0,994.0512427525402,86.01434604260028,2986,0.04535849266947561,2979,7,0,0.9976557267247154,0.002344273275284662,0.0,True,3143.0,31.62985887220577,0.8981525065085356,3143,0,0.0,,0.3090169943749474,0.42480768092719207,
137,288,35.60703714377713,34.64806137207997,5.196152422706632,128.68802989264293,6.196152422706632,955.331220287587,19.225772013356377,5378,0.08169389604033483,5320,58,0,0.9892153216809223,0.010784678319077723,0.0,True,2569.0,28.59612032437544,0.8140653398392456,2569,0,0.0,,0.2727272727272727,0.2940535333541759,
138,171,35.88844294895827,35.70443304255554,1.0,24.7660229,2.0,608.0567792785029,84.84354160608983,3289,0.049961179634931435,3226,63,0,0.9808452417148069,0.019154758285193068,0.0,True,3259.0,32.20825855387053,0.8997615505120454,3259,0,0.0,,0.30484544052339907,0.4142135623730951,
138,225,35.88844294895827,35.03080476304226,9.059801270007501,224.37524572245485,10.059801270007501,598.5282657083342,72.00591272777295,6843,0.10394781156638365,6776,67,0,0.9902089726728043,0.009791027327195674,0.0,True,2430.0,27.81174254566965,0.7843214202895025,2430,0,0.0,,0.2710755134061366,0.23924604929888257,
139,221,36.54594595847623,35.16600705157999,1.0,24.7660229,2.0,830.8236950302571,68.75061231777208,3601,0.05470058007460873,3561,40,0,0.9888919744515412,0.011108025548458762,0.0,True,3050.0,31.158388162107514,0.8689872986094285,3050,0,0.0,,0.30216947925196225,0.4270509831248423,
139,251,36.54594595847623,34.71237346652139,2.4641016151377544,61.02599702842861,3.4641016151377544,796.8693285666905,56.29293476635214,3807,0.0578297995956777,3555,252,0,0.933806146572104,0.06619385342789598,0.0,True,2658.0,29.087242521017966,0.8163886758972336,2658,0,0.0,,0.2742918851774318,0.3744303893269697,
139,252,36.54594595847623,35.161502021492026,1.0,24.7660229,2.0,788.762840451144,36.39063479865252,3390,0.051495408623416714,3355,35,0,0.9896755162241888,0.01032448377581121,0.0,True,2130.0,26.038434238092623,0.7262407175713896,2130,0,0.0,,0.3090169943749474,0.3288130902060995,
139,267,36.54594595847623,35.08616142807222,1.0,24.7660229,2.0,850.3004786962815,27.24866638792243,3228,0.049034566087430426,3226,2,0,0.9993804213135068,0.0006195786864931846,0.0,True,3041.0,31.11238280628643,0.8686714363545003,3041,0,0.0,,0.3090169943749474,0.41952836945746297,
139,279,36.54594595847623,35.05653012668944,1.0,24.7660229,2.0,831.3688149732566,67.6607940807346,3267,0.04962699114239009,3097,170,0,0.9479644934190389,0.05203550658096113,0.0,True,3084.0,31.331576548121713,0.8751534377346167,3085,0,0.0,,0.3008613653919205,0.40209568597003575,
139,308,36.54594595847623,34.475317831118815,1.0,24.7660229,2.0,795.1117525885313,50.744742180564515,3504,0.053227112630221875,3447,57,0,0.9837328767123288,0.016267123287671232,0.0,True,2922.0,30.497565270510307,0.8588291349154601,2922,0,0.0,,0.3090169943749474,0.38742588672279316,
140,253,35.510430794917276,35.51364896558651,1.8284271247461903,45.2828680424453,2.8284271247461903,972.2868420466698,41.76663152818668,2915,0.04427997526172853,2890,25,0,0.9914236706689536,0.008576329331046312,0.0,True,2586.0,28.690579737455337,0.8079113403285532,2586,0,0.0,,0.28989794855663564,0.36602540378443865,
140,288,35.510430794917276,34.64806137207997,1.0,24.7660229,2.0,931.7795422697527,68.83860656586893,3347,0.050842222024358626,3297,50,0,0.9850612488795937,0.014938751120406334,0.0,True,3371.0,32.75702407615134,0.93380068654213,3371,0,0.0,,0.3090169943749474,0.4,
140,315,35.510430794917276,34.47056347377678,5.708203932499369,141.36950931014943,6.708203932499369,908.0820854308307,18.83884062863718,5375,0.08164832488226101,5341,34,0,0.9936744186046511,0.006325581395348837,0.0,True,2790.0,29.80074801834303,0.8516811837203169,2790,0,0.0,,0.27149702790318514,0.2583003339767141,
140,342,35.510430794917276,27.740464774497518,1.0,24.7660229,2.0,976.7724009419667,8.627222407444984,2100,0.03189981065167407,2090,10,0,0.9952380952380953,0.004761904761904762,0.0,True,2190.0,26.40262583044538,0.834853818044988,2197,0,0.0,,0.3090169943749474,0.4142135623730951,
141,180,35.81904820970796,35.34870917682051,1.0,24.7660229,2.0,739.9315539818809,27.34296808455524,3200,0.04860923527874144,2972,228,0,0.92875,0.07125,0.0,True,3778.0,34.67815955327447,0.9745469248083622,3778,0,0.0,,0.3008613653919205,0.41421356237309503,
141,214,35.81904820970796,36.01269379192217,1.0,24.7660229,2.0,712.2483283178406,83.74691539905325,3439,0.05223973753862244,3437,2,0,0.9994184355917418,0.0005815644082582146,0.0,True,2959.0,30.690046484452196,0.8544981822591948,2959,0,0.0,,0.3090169943749474,0.47066359509470784,
141,222,35.81904820970796,35.38611686189799,3.2426406871192857,80.30731351366796,4.242640687119286,682.7572111985382,47.81710917142174,4361,0.06624527345330981,4356,5,0,0.9988534739738592,0.0011465260261407934,0.0,True,3714.0,34.383177824142415,0.9657495432969142,3714,0,0.0,,0.27968069456399425,0.40996277864065894,
141,231,35.81904820970796,34.95926220295544,3.1815405503520555,78.79410612729761,4.1815405503520555,735.2942191295897,44.89531088995505,3928,0.059667836304655116,3659,269,0,0.9315173116089613,0.0684826883910387,0.0,True,2013.0,25.313194205551593,0.7152811096497338,2013,0,0.0,,0.27429188517743175,0.3704152082810797,
141,256,35.81904820970796,34.68673015483562,1.0,24.7660229,2.0,719.7119654061752,71.28502272722744,3287,0.04993079886288222,3273,14,0,0.9957407970794037,0.0042592029205962886,0.0,True,2219.0,26.57686282166937,0.7538917642822457,2221,0,0.0,,0.3090169943749474,0.4078525932319447,
142,173,35.25548216498152,35.355076615763174,7.385164807134505,182.90116073376723,8.385164807134505,463.9791288922794,35.99456111552481,7756,0.11781663400684957,7744,12,0,0.998452810727179,0.0015471892728210418,0.0,True,1924.0,24.747287144606645,0.7009514602893969,1924,0,0.0,,0.26747889038858924,0.3636702588797447,
142,185,35.25548216498152,34.80741191602223,1.0,24.7660229,2.0,410.68479988370115,52.26745372374603,3005,0.045647110003943135,3004,1,0,0.9996672212978369,0.00033277870216306157,0.0,True,1797.0,23.916581391835077,0.6827174842130769,1798,0,0.0,,0.3090169943749474,0.30901699437494745,
142,197,35.25548216498152,34.79223274494799,1.0,24.7660229,2.0,400.27079367796955,23.129975555366237,3085,0.046862340885911666,3085,0,0,1.0,0.0,0.0,True,2169.0,26.275732970416676,0.7502238439670214,2169,0,0.0,,0.3090169943749474,,
142,303,35.25548216498152,33.97945920679168,4.0197648378370845,99.55358802648801,5.0197648378370845,433.08722988020315,89.01775331060212,4546,0.06905549486786206,4449,97,0,0.9786625604927409,0.02133743950725913,0.0,True,1397.0,21.08741119717533,0.6091551687446819,1401,0,0.0,,0.27669677546737487,0.40338521749465606,
142,317,35.25548216498152,34.37688314831693,1.414213562373095,35.02444547122265,2.414213562373095,464.1961556575703,28.254940528883914,2900,0.04405211947135943,2897,3,0,0.9989655172413793,0.0010344827586206897,0.0,True,2019.0,25.35089071817938,0.7281352745700237,2020,0,0.0,,0.2989350844248255,0.3288130902060995,
142,333,35.25548216498152,35.707803575808725,1.414213562373095,35.02444547122265,2.414213562373095,408.49291750666976,49.64388518915878,3756,0.057055089908422764,3744,12,0,0.9968051118210862,0.003194888178913738,0.0,True,1956.0,24.952237121658943,0.7032435677457985,1956,0,0.0,,0.29339977411634566,0.3946610491009364,
143,144,35.798257995737906,35.56027850816313,1.0,24.7660229,2.0,640.7273502400923,26.635920986610305,3313,0.050325748899521995,3104,209,0,0.936915182613945,0.06308481738605494,0.0,True,1980.0,25.104851615652017,0.7036257425004668,2041,0,0.0,,0.30383243470068705,0.4142135623730951,
143,187,35.798257995737906,35.452973518955936,1.0,24.7660229,2.0,624.1857170340561,64.36252176796728,3247,0.049323183421897954,3095,152,0,0.9531875577456114,0.046812442254388666,0.0,True,2121.0,25.98336522846531,0.7293450141449659,2121,0,0.0,,0.29581631632448924,0.407669683062202,
143,291,35.798257995737906,34.59235657030694,8.719749027788248,215.9535041044565,9.719749027788248,643.1280738274095,30.370181625198004,7649,0.11619126270221665,6451,1198,0,0.8433782193750817,0.1566217806249183,0.0,True,1509.0,21.91642348220485,0.622708684028934,1537,0,0.0,,0.2568080306030585,0.29637509243923904,
144,227,35.56027850816313,34.94669093427095,2.6502815398728847,65.63693330793913,3.6502815398728847,682.8640723532785,74.65736145144373,3366,0.051130839358826154,3313,53,0,0.9842543077837196,0.01574569221628045,0.0,True,2766.0,29.672295920342346,0.8416840535053349,2766,0,0.0,,0.2801868778094689,0.4068781988545112,
144,291,35.56027850816313,34.59235657030694,1.0,24.7660229,2.0,675.3569930316733,86.21705170388077,3039,0.04616358312877976,3035,4,0,0.9986837775584074,0.0013162224415926291,0.0,True,3232.0,32.07456238432586,0.914422169557807,3232,0,0.0,,0.3008613653919205,0.4772255750516612,
145,148,36.32813103961761,35.81005242339135,1.0,24.7660229,2.0,332.6677741895586,23.00694590397061,3102,0.04712057744832998,3098,4,0,0.9987105093488072,0.0012894906511927789,0.0,True,2067.0,25.65046850920847,0.7111481680810975,2074,0,0.0,,0.3090169943749474,0.4860679774997897,
146,237,35.69325579558376,34.26500852446647,1.0,24.7660229,2.0,230.37617067875766,50.2073421721841,2835,0.043064744379759996,2806,29,0,0.9897707231040564,0.010229276895943563,0.0,True,3717.0,34.397061603357194,0.9833594911959215,3717,0,0.0,,0.3090169943749474,0.41421356237309503,
146,302,35.69325579558376,33.95738986962693,4.0,99.0640916,5.0,206.48441561178362,88.74798620814299,4550,0.06911625641196048,4520,30,0,0.9934065934065934,0.006593406593406593,0.0,True,2850.0,30.119481662601757,0.864873006558385,2976,0,0.0,,0.2791745113185196,0.3467362379275918,
147,219,36.002443906642085,35.50247751859002,1.0,24.7660229,2.0,1028.391831100912,74.97997242928629,3468,0.05268025873333603,3464,4,0,0.9988465974625144,0.0011534025374855825,0.0,True,2778.0,29.736591328169585,0.831735515135504,2778,0,0.0,,0.3090169943749474,0.40842002429760915,
147,244,36.002443906642085,35.9025243335125,1.0,24.7660229,2.0,1033.5115877280584,66.09178548444596,3853,0.05852855735280962,3833,20,0,0.9948092395535946,0.005190760446405399,0.0,True,3015.0,30.979094674378864,0.86166771038441,3015,0,0.0,,0.3090169943749474,0.38221731683849475,
147,250,36.002443906642085,34.60844239265844,2.0,49.5320458,3.0,983.7444359143892,13.741243141020123,3930,0.05969821707670433,3857,73,0,0.9814249363867684,0.01857506361323155,0.0,True,3175.0,31.790468518622614,0.9004409995328875,3175,0,0.0,,0.2801868778094689,0.4,
147,253,36.002443906642085,35.51364896558651,1.0,24.7660229,2.0,1009.5671286228915,75.18242264277131,2728,0.04143937307512708,2671,57,0,0.9791055718475073,0.020894428152492667,0.0,True,1992.0,25.180812005932435,0.7041998799045339,1994,0,0.0,,0.28989794855663564,0.4142135623730951,
149,207,35.39126376714951,36.41193290667461,1.0,24.7660229,2.0,784.6690505074794,81.13413545844078,3445,0.05233087985477008,3439,6,0,0.9982583454281567,0.0017416545718432512,0.0,True,3237.0,32.09936294659024,0.8940928658763204,3245,0,0.0,,0.3090169943749474,0.43428471161854765,
149,213,35.39126376714951,35.79391072057749,7.0710678118654755,175.12222735611326,8.071067811865476,739.7409411410146,9.576339528990095,6546,0.09943626691707545,5695,851,0,0.8699969446990529,0.13000305530094713,0.0,True,2281.0,26.945590555510684,0.7570562480016497,2287,0,0.0,,0.2687959533979827,0.29182567426912626,
149,292,35.39126376714951,34.25809377795667,1.0,24.7660229,2.0,780.7624675314057,87.37029822718333,3530,0.05362206266686165,3530,0,0,1.0,0.0,0.0,True,4021.0,35.77602622350646,1.0273181974532146,4030,0,0.0,,0.3090169943749474,,
150,151,35.21721885099203,35.816380965084186,1.0,24.7660229,2.0,239.0296411371521,74.88619706726325,3233,0.04911051801755346,2989,244,0,0.9245283018867925,0.07547169811320754,0.0,True,3560.0,33.66278649806482,0.9477989735907009,3787,0,0.0,,0.3090169943749474,0.4068781988545112,
147,293,36.002443906642085,34.94004339665826,4.449489742783178,110.1961648630833,5.449489742783178,994.3790770261583,49.92798637423187,5441,0.08265089035988506,5324,117,0,0.9784965998897261,0.021503400110273848,0.0,True,2466.0,28.016998042781598,0.7898510218002522,2466,0,0.0,,0.27429188517743175,0.3632995963024343,
148,185,35.81005242339135,34.80741191602223,1.0,24.7660229,2.0,377.80433800072433,71.78232748296537,3120,0.0473940043967729,3120,0,0,1.0,0.0,0.0,True,2090.0,25.792783140330602,0.7304930411083858,2091,0,0.0,,0.3090169943749474,,
148,333,35.81005242339135,35.707803575808725,1.0,24.7660229,2.0,375.6124556236929,75.30279784637827,3193,0.04850290257656919,3193,0,0,1.0,0.0,0.0,True,2182.0,26.354357735544063,0.7370007774237203,2452,0,0.0,,0.3090169943749474,,
148,343,35.81005242339135,28.476484252796663,1.0,24.7660229,2.0,395.55527842612696,33.3218136089835,2006,0.03047191436536104,1874,132,0,0.93419740777667,0.06580259222333001,0.0,True,3292.0,32.37091511398834,1.0070822535375017,3292,0,0.0,,0.3090169943749474,0.41421356237309503,
150,247,35.21721885099203,37.268185251592925,1.0,24.7660229,2.0,269.3127103044465,54.28396210508855,3366,0.051130839358826154,3366,0,0,1.0,0.0,0.0,True,2719.0,29.419119302482983,0.8117253305464801,2719,0,0.0,,0.3090169943749474,,
152,259,35.59422844939045,35.20052874063707,1.0,24.7660229,2.0,1101.7335303782888,32.20140294382061,2965,0.045039494562958866,2965,0,0,1.0,0.0,0.0,True,3193.0,31.880455871659734,0.9006445431004476,3193,0,0.0,,0.30484544052339907,,
152,262,35.59422844939045,34.40124206740076,1.0,24.7660229,2.0,1148.7684977496929,62.858624973396054,3043,0.046224344672878184,3031,12,0,0.9960565231679264,0.003943476832073612,0.0,True,4238.0,36.728698556400076,1.0494592945864756,4307,0,0.0,,0.3090169943749474,0.4176890859898589,
152,265,35.59422844939045,34.81049869841915,1.0,24.7660229,2.0,1123.644666863656,75.34125591216286,3365,0.05111564897280155,3354,11,0,0.9967310549777118,0.0032689450222882616,0.0,True,2817.0,29.94459799996885,0.8506416887917864,2817,0,0.0,,0.3090169943749474,0.3288130902060995,
152,336,35.59422844939045,30.912703688944195,4.766114533138578,118.03770167173282,5.766114533138578,1097.842873968269,15.862602240576111,4393,0.06673136580609723,4329,64,0,0.9854313680855907,0.014568631914409288,0.0,True,2464.0,28.00563442518059,0.842186927730444,2464,0,0.0,,0.28172904669025317,0.2247413229191356,
153,157,35.365641503538356,35.60138738531346,1.0,24.7660229,2.0,1034.2946267525508,23.076868037614148,3503,0.05321192224419727,3473,30,0,0.991435912075364,0.008564087924636025,0.0,True,2527.0,28.36140127684877,0.7992838849508057,2527,0,0.0,,0.3090169943749474,0.384539150931232,
153,172,35.365641503538356,35.828535418520794,1.0,24.7660229,2.0,977.8270685052566,48.60084755942722,3233,0.04911051801755346,3198,35,0,0.9891741416640891,0.010825858335910918,0.0,True,2822.0,29.971161118826497,0.8419554074383881,2822,0,0.0,,0.30383243470068705,0.4068781988545112,
153,194,35.365641503538356,35.07406910575093,1.0,24.7660229,2.0,999.9015626344717,86.73833173222006,3129,0.04753071787099436,3034,95,0,0.9696388622563119,0.03036113774368808,0.0,True,3461.0,33.191422326891924,0.9424065499359047,3461,0,0.0,,0.3090169943749474,0.439607805437114,
153,272,35.365641503538356,34.74035279998909,6.0,148.5961374,7.0,998.4470101608433,84.88114472765717,4881,0.0741442741861053,4780,101,0,0.9793075189510346,0.020692481048965376,0.0,True,1994.0,25.19344980447256,0.7187245557176252,1994,0,0.0,,0.2685019276956926,0.3773704777366128,
153,284,35.365641503538356,34.78223748954251,4.766114533138578,118.03770167173282,5.766114533138578,1009.1556813559064,79.08553450056937,5708,0.08670672342845503,5547,161,0,0.9717939733707078,0.02820602662929222,0.0,True,1822.0,24.082371407875648,0.6866172364313694,1822,0,0.0,,0.2674788903885893,0.3704152082810797,
153,296,35.365641503538356,34.303598480494024,1.0,24.7660229,2.0,1027.2801536508375,43.436938137197465,3203,0.04865480643681526,3194,9,0,0.9971901342491414,0.00280986575085857,0.0,True,2780.0,29.747293718772774,0.8539577502378557,2780,0,0.0,,0.3090169943749474,0.45803989154980806,
154,245,36.029253131100454,34.842778591540295,1.0,24.7660229,2.0,345.8307835670764,59.86583291171662,3345,0.05081184125230941,3308,37,0,0.9889387144992526,0.011061285500747383,0.0,True,2710.0,29.370389707289768,0.8288287775417935,2710,0,0.0,,0.3090169943749474,0.4068781988545112,
128,168,41.84055228225114,35.463353618126746,1.0,24.7660229,2.0,1157.8422373167994,42.75071204195949,3764,0.057176612996619615,3757,7,0,0.9981402763018066,0.0018597236981934113,0.0,True,2052.0,25.557227675339483,0.6612143947364127,2055,0,0.0,,0.3090169943749474,0.4772255750516612,
128,241,41.84055228225114,38.70404802258226,1.0,24.7660229,2.0,1188.6446314981122,87.34445036576953,42475,0.6452116463951696,40021,2454,0,0.9422248381400824,0.0577751618599176,0.0,True,3078.0,31.301083522359217,0.7772360506823663,5275,0,0.0,,0.2612038749637414,0.3827822185373187,
128,364,41.84055228225114,43.59088452112472,1.0,24.7660229,2.0,1216.916184732328,48.41235326142242,59926,0.9102990729105811,59124,802,0,0.9866168274204853,0.013383172579514735,0.0,True,2601.0,28.77366876093557,0.6736084476059887,6475,0,0.0,,0.25,0.3577747210701756,
128,374,41.84055228225114,36.237336477581934,1.0,24.7660229,2.0,1205.7218651854419,64.16157845838606,55094,0.8368991276396816,49168,5926,0,0.8924383780447962,0.10756162195520383,0.0,True,6546.0,45.64708659880819,1.1692705149653377,7071,0,0.0,,0.25000000000000006,0.38742588672279304,
154,247,36.029253131100454,37.268185251592925,11.24744871391589,278.5545724154165,12.24744871391589,327.1266104329486,28.314459281408148,9738,0.14792397910762003,9545,193,0,0.9801807352639146,0.01981926473608544,0.0,True,1352.0,20.7449985808745,0.5660497566794287,1355,0,0.0,,0.2639311605905289,0.3358925990916108,
154,263,36.029253131100454,35.007249465653935,2.4641016151377544,61.02599702842861,3.4641016151377544,386.16050348819533,53.20190009142029,3906,0.05933364781211377,3896,10,0,0.9974398361495136,0.002560163850486431,0.0,True,2115.0,25.9465876230135,0.7305142194373455,2115,0,0.0,,0.28436465220442186,0.4084566551111861,
154,326,36.029253131100454,34.431205980390885,5.19114712955712,128.56406868788088,6.19114712955712,395.91356909799504,33.3491479865475,5636,0.08561301563468336,5634,2,0,0.9996451383960255,0.00035486160397445,0.0,True,2145.0,26.129958014972605,0.7416913924340608,2145,0,0.0,,0.27429188517743175,0.3600718617893999,
155,178,35.7033718170402,35.04623155505863,3.3166247903554,82.13960550864952,4.3166247903554,638.7003224357845,67.9685093971798,4883,0.07417465495815452,4875,8,0,0.9983616629121441,0.0016383370878558263,0.0,True,3121.0,31.518965001719373,0.8910004720718858,3121,0,0.0,,0.2791745113185196,0.29593713446011294,
155,189,35.7033718170402,35.15242409752567,6.211102550927978,153.82430801053073,7.211102550927978,601.7489694340427,55.19820476592879,5315,0.08073690172078461,5314,1,0,0.9998118532455316,0.00018814675446848542,0.0,True,1592.0,22.511093682995384,0.6354058519119045,1593,0,0.0,,0.2687959533979826,0.42857142857142855,
155,260,35.7033718170402,34.90951045275941,3.4721359549995796,85.99099857343296,4.47213595499958,590.5522638878256,26.3386526039885,4153,0.06308567316019162,4123,30,0,0.9927763062846136,0.007223693715386468,0.0,True,3130.0,31.564377766008075,0.8940118786089497,3130,0,0.0,,0.2801868778094689,0.2628622950749163,
155,290,35.7033718170402,34.97130390185268,1.0,24.7660229,2.0,623.6633433497104,88.75511719135852,3509,0.05330306456034491,3498,11,0,0.9968652037617555,0.003134796238244514,0.0,True,2211.0,26.528911744592186,0.7507331720943555,2213,0,0.0,,0.3090169943749474,0.40149162409079436,
155,332,35.7033718170402,34.13724573622004,7.4852813742385695,185.38064992733587,8.48528137423857,654.1086453780683,43.339715241779864,5783,0.08784600238030055,5471,312,0,0.9460487636174996,0.053951236382500434,0.0,True,1512.0,21.938198374294355,0.6282360936331741,1516,0,0.0,,0.26675650430010106,0.27889974595447264,
156,163,35.52260629097952,37.63626525813539,1.0,24.7660229,2.0,710.7438658892756,76.66177058226648,3147,0.04780414481943728,3045,102,0,0.9675881792183031,0.032411820781696854,0.0,True,1844.0,24.22732816723524,0.6623209914048585,1844,0,0.0,,0.2989350844248255,0.41421356237309503,
156,308,35.52260629097952,34.475317831118815,1.0,24.7660229,2.0,745.9895223425639,40.77953957654127,3341,0.05075107970821098,3202,139,0,0.9583956899131997,0.04160431008680036,0.0,True,1840.0,24.201036973199617,0.6914787053109008,1862,0,0.0,,0.3090169943749474,0.407669683062202,
157,204,35.60138738531346,35.35463096968926,1.414213562373095,35.02444547122265,2.414213562373095,1095.9503171395265,37.356547170225284,3439,0.05223973753862244,3405,34,0,0.9901134050596103,0.009886594940389648,0.0,True,2672.0,29.163744887841286,0.8220231507898613,2672,0,0.0,,0.29339977411634566,0.39483020869591495,
157,209,35.60138738531346,35.49218346678995,1.0,24.7660229,2.0,1070.5349794945737,83.83891955804876,3371,0.051206791288949186,3370,1,0,0.9997033521210323,0.0002966478789676654,0.0,True,2222.0,26.594822185913987,0.7481639160097734,2222,0,0.0,,0.3090169943749474,0.3567891723253309,
157,259,35.60138738531346,35.20052874063707,1.0,24.7660229,2.0,1068.786957390379,86.58268630061143,3250,0.04936875457997177,3204,46,0,0.9858461538461538,0.014153846153846154,0.0,True,3089.0,31.356964751418932,0.8857659924242046,3089,0,0.0,,0.3090169943749474,0.4142135623730951,
157,284,35.60138738531346,34.78223748954251,1.0,24.7660229,2.0,1041.523234782392,44.92223015623811,3380,0.05134350476317064,3372,8,0,0.9976331360946745,0.002366863905325444,0.0,True,2291.0,27.004591262358783,0.7673543756910416,2291,0,0.0,,0.3090169943749474,0.4432564360883089,
157,296,35.60138738531346,34.303598480494024,1.0,24.7660229,2.0,1059.647707077323,78.59375482950666,2992,0.045449634985623245,2955,37,0,0.9876336898395722,0.012366310160427808,0.0,True,2626.0,28.911619828688853,0.8271690343858678,2626,0,0.0,,0.3090169943749474,0.40453726661826384,
158,161,35.68825811374741,35.384528008489525,1.0,24.7660229,2.0,1015.4778824535305,78.55234209469111,2880,0.0437483117508673,2848,32,0,0.9888888888888889,0.011111111111111112,0.0,True,2756.0,29.618609797263055,0.8334725965666376,2757,0,0.0,,0.3090169943749474,0.42298614526690737,
158,169,35.68825811374741,35.35934151706443,5.19114712955712,128.56406868788088,6.19114712955712,1048.855335508259,48.104838269588406,4602,0.06990615648524003,4551,51,0,0.9889178617992177,0.01108213820078227,0.0,True,1403.0,21.13264702577172,0.5948870091483551,1403,0,0.0,,0.27718637277259645,0.23329952500316292,
158,175,35.68825811374741,35.68263404805846,1.8284271247461903,45.2828680424453,2.8284271247461903,998.1250865787914,49.13417862005351,3431,0.05211821445042559,3424,7,0,0.9979597784902361,0.0020402215097639173,0.0,True,2707.0,29.354128532448744,0.8225798401370581,2712,0,0.0,,0.28989794855663564,0.29893508442482547,
158,234,35.68825811374741,34.8476940561097,7.639192214932638,189.19240933252343,8.639192214932638,990.8243041321243,37.34944936627731,5959,0.09051951032063132,5948,11,0,0.998154052693405,0.0018459473065950663,0.0,True,2803.0,29.870095596987387,0.8469466896840756,2803,0,0.0,,0.26747889038858924,0.31515245419725213,
160,204,36.431369308821246,35.35463096968926,4.0197648378370845,99.55358802648801,5.0197648378370845,1121.8550719611872,84.97336229849957,4961,0.07535950506807383,4804,157,0,0.9683531546059262,0.03164684539407377,0.0,True,2215.0,26.552898107308295,0.739779288560169,2215,0,0.0,,0.27429188517743175,0.37833392500911667,
160,244,36.431369308821246,35.9025243335125,1.0,24.7660229,2.0,1083.237124257474,15.16798979782803,3667,0.05570314555223277,3639,28,0,0.9923643305154077,0.00763566948459231,0.0,True,2175.0,26.31205051777122,0.727516498638253,2175,0,0.0,,0.3090169943749474,0.38864816943931535,
160,281,36.431369308821246,34.692218896429786,3.8989794855663558,96.56221522616659,4.898979485566356,1136.4633032011536,61.90439040419456,4792,0.0727923298299153,4774,18,0,0.9962437395659433,0.0037562604340567614,0.0,True,2122.0,25.989489769558844,0.7308261696403009,2122,0,0.0,,0.2791745113185196,0.3629003269703467,
160,331,36.431369308821246,34.84225419345551,1.0,24.7660229,2.0,1149.7082369259438,30.079712791860853,3174,0.04821428524210167,3165,9,0,0.997164461247637,0.002835538752362949,0.0,True,2474.0,28.062406497282055,0.787455586466307,2474,0,0.0,,0.3090169943749474,0.4364916731037084,
160,334,36.431369308821246,34.23672177301168,1.0,24.7660229,2.0,1143.6451394340493,44.21294780518618,3441,0.05227011831067165,3424,17,0,0.995059575704737,0.004940424295263005,0.0,True,2548.0,28.479002615897535,0.8059932617372992,2548,0,0.0,,0.3090169943749474,0.4211646096066227,
161,219,35.384528008489525,35.50247751859002,3.1815405503520555,78.79410612729761,4.1815405503520555,1023.0605354307165,67.31093089651876,3589,0.054518295442313444,3541,48,0,0.9866258010587907,0.01337419894120925,0.0,True,2389.0,27.576118619071032,0.7780302867649468,2391,0,0.0,,0.27718637277259645,0.38072415612647104,
161,234,35.384528008489525,34.8476940561097,1.0,24.7660229,2.0,983.7044471017289,46.18873243913552,3334,0.050644747006038736,3314,20,0,0.994001199760048,0.00599880023995201,0.0,True,2875.0,30.251296216499522,0.8614648754434835,2875,0,0.0,,0.30484544052339907,0.3892130711381393,
161,321,35.384528008489525,33.119731168111855,5.6332495807108,139.51318811729905,6.6332495807108,997.1485679005909,72.9593429429756,4595,0.06979982378306779,4550,45,0,0.9902067464635473,0.009793253536452665,0.0,True,1555.0,22.247963345344548,0.6495351854835811,1555,0,0.0,,0.2687959533979827,0.3704152082810797,
162,166,36.24733283428811,35.23991767703222,1.0,24.7660229,2.0,329.7906487780085,5.737561429446764,3103,0.04713576783435459,3051,52,0,0.9832420238478892,0.01675797615211086,0.0,True,2987.0,30.834909275543243,0.8626687711443146,2988,0,0.0,,0.3090169943749474,0.4142135623730951,
161,175,35.384528008489525,35.68263404805846,4.0197648378370845,99.55358802648801,5.0197648378370845,991.0052295483961,63.325817512099,4297,0.06527308874773499,4282,15,0,0.9965091924598557,0.003490807540144287,0.0,True,1824.0,24.095585330081406,0.6781074305713404,1824,0,0.0,,0.2801868778094689,0.27669677546737487,
161,176,35.384528008489525,35.38554489110793,1.0,24.7660229,2.0,1020.1809173964998,70.54296371944825,3292,0.050006750793005254,3236,56,0,0.982989064398542,0.01701093560145808,0.0,True,3024.0,31.025297674958463,0.8767914572865992,3024,0,0.0,,0.3090169943749474,0.4057077327363875,
161,212,35.384528008489525,35.25925912428014,1.0,24.7660229,2.0,978.9916859681098,33.6002256831635,3313,0.050325748899521995,3303,10,0,0.9969815876848778,0.003018412315122246,0.0,True,2886.0,30.309113011211988,0.8580829041412602,2886,0,0.0,,0.3090169943749474,0.4241077963657325,
161,217,35.384528008489525,34.99757157984569,5.0,123.8301145,6.0,1045.4950516295712,13.170254748619998,5410,0.08217998839312224,5332,78,0,0.9855822550831793,0.014417744916820702,0.0,True,2260.0,26.821266613927218,0.762161594235033,2260,0,0.0,,0.2742918851774318,0.27043930559804097,
164,256,35.73362321746685,34.68673015483562,1.0,24.7660229,2.0,698.026930013028,24.53784522739528,2859,0.043429313644350556,2859,0,0,1.0,0.0,0.0,True,2746.0,29.56482618688446,0.8396670783680791,2746,0,0.0,,0.3090169943749474,,
165,188,35.462847412792925,35.588134805712386,1.0,24.7660229,2.0,545.907700971864,85.37728383811111,3204,0.048669996822839866,3154,50,0,0.9843945068664169,0.015605493133583021,0.0,True,1583.0,22.44737289370274,0.6318666454087751,1590,0,0.0,,0.30484544052339907,0.4211646096066227,
165,199,35.462847412792925,35.215807223484674,1.0,24.7660229,2.0,538.1118049708316,82.03039650271063,3351,0.05090298356845705,3302,49,0,0.985377499253954,0.014622500746045956,0.0,True,2086.0,25.768089230274473,0.7291618484500227,2094,0,0.0,,0.3090169943749474,0.4142135623730951,
165,228,35.462847412792925,35.32583114942245,2.6502815398728847,65.63693330793913,3.6502815398728847,547.3495112794038,83.36333797641666,4257,0.06466547330675072,3891,366,0,0.9140239605355884,0.08597603946441155,0.0,True,1860.0,24.33220886606579,0.6874604628953621,1862,0,0.0,,0.2742918851774317,0.37154873770245245,
163,187,37.63626525813539,35.452973518955936,1.0,24.7660229,2.0,670.9341594804068,33.41312674946948,3289,0.049961179634931435,3162,127,0,0.9613864396473092,0.038613560352690784,0.0,True,2218.0,26.570873669408158,0.7270803230129244,2218,0,0.0,,0.3090169943749474,0.4211646096066227,
163,243,37.63626525813539,35.47492912111168,6.0710678118654755,150.35620445611326,7.0710678118654755,731.9948425315224,43.69078582868674,6289,0.09553233770875154,6268,21,0,0.9966608363809827,0.0033391636190173318,0.0,True,2043.0,25.501119533728012,0.6975982200878014,2043,0,0.0,,0.27253380620535966,0.28819957000895957,
163,291,37.63626525813539,34.59235657030694,1.0,24.7660229,2.0,689.8765162737602,71.19001600240271,3126,0.04748514671292054,2840,286,0,0.90850927703135,0.09149072296865003,0.0,True,2048.0,25.532305945691693,0.7069858263760346,2051,0,0.0,,0.2898979485566356,0.39564392373895996,
164,181,35.73362321746685,35.848299796755015,1.0,24.7660229,2.0,653.7968619919252,71.87887480872554,3622,0.05501957818112547,3591,31,0,0.9914411927112092,0.008558807288790724,0.0,True,2251.0,26.767808162038836,0.747892960537554,2261,0,0.0,,0.3090169943749474,0.41421356237309503,
165,242,35.462847412792925,35.39259790565092,2.6502815398728847,65.63693330793913,3.6502815398728847,538.3896635638753,82.89668332051576,4405,0.06691365043839251,4316,89,0,0.9797956867196368,0.020204313280363224,0.0,True,1679.0,23.11800810845486,0.6525400554482771,1682,0,0.0,,0.2801868778094689,0.3811428388606529,
165,280,35.462847412792925,34.98249199309273,1.0,24.7660229,2.0,509.71428660459014,20.689372592078463,3255,0.049444706510094805,2948,307,0,0.9056835637480799,0.09431643625192013,0.0,True,1422.0,21.275259296970987,0.6040217699680345,1437,0,0.0,,0.29581631632448924,0.4142135623730951,
166,198,35.23991767703222,35.16336853115337,1.0,24.7660229,2.0,348.56218382078407,65.3113006266468,1587,0.024107142621050834,1345,242,0,0.847511027095148,0.15248897290485192,0.0,True,1033.0,18.133232266417803,0.5151245983830085,1034,0,0.0,,0.3008613653919205,0.41094162271764856,
166,278,35.23991767703222,34.601265443834954,4.155870949147037,102.92439509602025,5.155870949147037,394.4320675538768,39.07740815157315,4932,0.07491898387336024,4830,102,0,0.9793187347931873,0.02068126520681265,0.0,True,3977.0,35.57974729186445,1.0188758466559804,3977,0,0.0,,0.27792629762666365,0.30484544052339907,
167,217,35.22581450301618,34.99757157984569,1.7320508075688772,42.89600996421431,2.732050807568877,1098.4514974008512,64.50636626574206,3416,0.051890358660056486,3410,6,0,0.9982435597189696,0.001756440281030445,0.0,True,1766.0,23.70939178892142,0.6752562959850702,1767,0,0.0,,0.28989794855663564,0.4019754503326363,
167,219,35.22581450301618,35.50247751859002,8.851841083363698,219.22489897774616,9.851841083363698,1076.0169812019965,19.707825867295377,6952,0.10560356364306578,6724,228,0,0.9672036823935558,0.03279631760644419,0.0,True,1345.0,20.691225118808177,0.5850904787150066,1345,0,0.0,,0.26655131052735265,0.2852979859161823,
167,246,35.22581450301618,35.960032080478044,1.0,24.7660229,2.0,1145.2183691214077,30.242001893031095,3261,0.04953584882624245,3188,73,0,0.9776142287641828,0.022385771235817233,0.0,True,2254.0,26.785639500640343,0.7525551998380278,2254,0,0.0,,0.3090169943749474,0.4142135623730951,
167,275,35.22581450301618,34.80583547552976,1.0,24.7660229,2.0,1122.535898405394,76.87529755038896,2714,0.041226707670782584,2702,12,0,0.9955784819454679,0.004421518054532056,0.0,True,2522.0,28.333329012940222,0.8091578313982344,2522,0,0.0,,0.28989794855663564,0.4472420874237715,
169,200,35.35934151706443,35.08480388217968,1.0,24.7660229,2.0,1041.6528958973608,19.287619964944273,3089,0.0469231024300101,3086,3,0,0.9990288119132406,0.0009711880867594691,0.0,True,2756.0,29.618609797263055,0.8409104725282358,2760,0,0.0,,0.3090169943749474,0.30484544052339907,
169,209,35.35934151706443,35.49218346678995,6.8173377998059435,168.8383440670296,7.8173377998059435,1074.7603551713516,89.48997314676657,6366,0.09670199743264625,6352,14,0,0.9978008168394596,0.002199183160540371,0.0,True,2171.0,26.287844394415636,0.7420544413237712,2171,0,0.0,,0.2692803301885514,0.33888888383853233,
169,258,35.35934151706443,35.87354665542424,2.863703305156273,70.92254163430594,3.863703305156273,1105.5467517317525,35.8116211557952,4136,0.0628274365977733,4115,21,0,0.9949226305609284,0.005077369439071566,0.0,True,2521.0,28.327711221864295,0.7953548409624904,2521,0,0.0,,0.2791745113185196,0.38742588672279316,
169,275,35.35934151706443,34.80583547552976,6.117215614703381,151.4991019979815,7.117215614703381,1102.9569056888424,44.355827031466475,5810,0.08825614280296493,5742,68,0,0.9882960413080895,0.0117039586919105,0.0,True,1767.0,23.71610357724806,0.6760078031229438,1767,0,0.0,,0.27195617308673,0.2565236958429578,
171,261,35.70443304255554,35.60590733551569,1.0,24.7660229,2.0,615.3821892641247,73.22014555713073,3004,0.04563191961791853,2987,17,0,0.9943408788282291,0.005659121171770972,0.0,True,1854.0,24.29293166714853,0.6813298474906423,1855,0,0.0,,0.3090169943749474,0.4142135623730951,
171,307,35.70443304255554,34.90049694486924,2.1462643699419726,53.15443253543696,3.1462643699419726,577.9149303752788,43.40460687502875,3412,0.05182959711595806,3409,3,0,0.9991207502930832,0.0008792497069167644,0.0,True,2255.0,26.791580642889436,0.7589152952254523,2255,0,0.0,,0.2857142857142857,0.2708131845707603,
172,175,35.828535418520794,35.68263404805846,9.055385138137417,224.26587569943092,10.055385138137417,963.6897486790526,75.89894612810225,8433,0.1281005253455083,8152,281,0,0.9666785248428792,0.03332147515712083,0.0,True,2067.0,25.65046850920847,0.7173835556191321,2067,0,0.0,,0.2612038749637415,0.3777135495558997,
172,272,35.828535418520794,34.74035279998909,1.0,24.7660229,2.0,974.3470053400348,55.882613468642674,2900,0.04405211947135943,2838,62,0,0.9786206896551725,0.021379310344827585,0.0,True,2047.0,25.526071711452577,0.7234369806822948,2047,0,0.0,,0.3008613653919205,0.37268226712382524,
170,302,35.7078659870906,33.95738986962693,5.6332495807108,139.51318811729905,6.6332495807108,242.53737751072293,15.264665079344955,5387,0.08183060951455629,5385,2,0,0.9996287358455541,0.00037126415444588826,0.0,True,2425.0,27.783114908082073,0.7976175373625092,2428,0,0.0,,0.27149702790318514,0.3903612980846836,
171,188,35.70443304255554,35.588134805712386,6.117215614703381,151.4991019979815,7.117215614703381,576.816620372957,44.670791424506945,6098,0.09263097397805166,5839,259,0,0.9575270580518203,0.04247294194817973,0.0,True,1522.0,22.01062576965338,0.6174732215144396,1524,0,0.0,,0.26747889038858924,0.3021694792519622,
171,215,35.70443304255554,35.56248093238742,1.0,24.7660229,2.0,596.8131646990198,77.06272345538787,3377,0.051297933605096824,3372,5,0,0.9985193959135327,0.0014806040864672786,0.0,True,3147.0,31.649979649604663,0.8882096300881672,3147,0,0.0,,0.3090169943749474,0.4641016151377545,
171,226,35.70443304255554,35.0523855173558,5.19114712955712,128.56406868788088,6.19114712955712,638.366434249584,30.326139367491322,5411,0.08219517877914685,5276,135,0,0.9750508223988172,0.024949177601182777,0.0,True,1252.0,19.963065333312567,0.5642725532214087,1255,0,0.0,,0.2722449896460448,0.3546064745168128,
173,317,35.355076615763174,34.37688314831693,1.0,24.7660229,2.0,495.7285870842261,89.64939858471813,3245,0.04929280264984874,3215,30,0,0.9907550077041603,0.009244992295839754,0.0,True,2243.0,26.72019975056778,0.7663688168515156,2245,0,0.0,,0.3090169943749474,0.42410779636573254,
174,179,36.34970496468319,35.10631831867022,1.0,24.7660229,2.0,942.6032309954207,20.513445168221573,3712,0.05638671292334007,3699,13,0,0.9964978448275862,0.003502155172413793,0.0,True,3243.0,32.129098351712784,0.8992691413656564,3243,0,0.0,,0.3090169943749474,0.46410161513775455,
174,277,36.34970496468319,35.38967537586831,1.0,24.7660229,2.0,959.6095898120664,62.553756351861054,3538,0.053743585755058505,3482,56,0,0.9841718485019785,0.01582815149802148,0.0,True,2684.0,29.229158977248975,0.8148706843715756,2684,0,0.0,,0.3090169943749474,0.39396243989911095,
174,335,36.34970496468319,31.642088056267887,1.0,24.7660229,2.0,963.8308887885655,69.67881224259605,2942,0.04469011568439291,2941,1,0,0.9996600951733514,0.0003399048266485384,0.0,True,1850.0,24.266711549775604,0.7138129609936313,1850,0,0.0,,0.3090169943749474,0.4211646096066227,
172,284,35.828535418520794,34.78223748954251,1.0,24.7660229,2.0,985.0556765350979,28.159116777793937,3285,0.04990041809083301,3100,185,0,0.943683409436834,0.0563165905631659,0.0,True,2757.0,29.62398278774667,0.8390782756709863,2758,0,0.0,,0.3090169943749474,0.41421356237309503,
172,321,35.828535418520794,33.119731168111855,1.0,24.7660229,2.0,969.8330870312475,62.16442437820453,3073,0.04668005625361639,3025,48,0,0.9843800846078751,0.015619915392124959,0.0,True,1887.0,24.508177313476683,0.7109149664461095,1887,0,0.0,,0.3090169943749474,0.3733744816363991,
173,238,35.355076615763174,37.57645154720576,1.0,24.7660229,2.0,502.45145434179625,77.54042429239834,5540,0.08415473857632112,5498,42,0,0.9924187725631769,0.007581227436823105,0.0,True,2560.0,28.54598585844434,0.7828160626130578,2566,0,0.0,,0.3090169943749474,0.41094162271764856,
173,266,35.355076615763174,35.10212087528832,1.0,24.7660229,2.0,503.74607937954147,76.58447253747434,3047,0.04628510621697662,2976,71,0,0.9766983918608467,0.023301608139153267,0.0,True,2791.0,29.806088175722753,0.8460764616562648,2791,0,0.0,,0.3090169943749474,0.407669683062202,
167,295,35.22581450301618,35.16208130431738,1.0,24.7660229,2.0,1141.8746718863983,38.49482737404476,3192,0.04848771219054458,3128,64,0,0.9799498746867168,0.020050125313283207,0.0,True,3555.0,33.63913859455048,0.955821685212124,3555,0,0.0,,0.3090169943749474,0.4068781988545112,
168,241,35.463353618126746,38.70404802258226,1.0,24.7660229,2.0,1156.1848330803718,40.827966958856905,3777,0.057374088014939505,3760,17,0,0.9954990733386285,0.004500926661371459,0.0,True,2854.0,30.140610729853144,0.8127724596815202,2859,0,0.0,,0.3090169943749474,0.37406669614897287,
168,269,35.463353618126746,34.74648375308635,1.0,24.7660229,2.0,1100.6828937040254,46.5602422644125,3182,0.04833580833029852,3180,2,0,0.9993714644877436,0.0006285355122564425,0.0,True,2999.0,30.89678540989642,0.880126961312817,2999,0,0.0,,0.3090169943749474,0.38405146511880905,
168,310,35.463353618126746,33.19305831739146,1.0,24.7660229,2.0,1123.3780821690282,86.70195427679961,2964,0.04502430417693426,2945,19,0,0.9935897435897436,0.00641025641025641,0.0,True,2062.0,25.619425936405687,0.7463083261754878,2062,0,0.0,,0.3090169943749474,0.4270509831248423,
175,200,35.68263404805846,35.08480388217968,1.0,24.7660229,2.0,990.9226469678932,60.90007221809827,3230,0.04906494685947964,3225,5,0,0.9984520123839009,0.0015479876160990713,0.0,True,2120.0,25.977239243415305,0.7341579687828579,2122,0,0.0,,0.3090169943749474,0.353889367864523,
175,273,35.68263404805846,34.67786514524556,5.0,123.8301145,6.0,935.3646926870927,6.007000904585557,4692,0.07127329122745464,4638,54,0,0.9884910485933504,0.011508951406649617,0.0,True,2278.0,26.9278651349615,0.7654256420490018,2278,0,0.0,,0.27792629762666365,0.2968496634743962,
175,284,35.68263404805846,34.78223748954251,1.0,24.7660229,2.0,995.0183615297022,52.875434691017794,3454,0.05246759332899154,3448,6,0,0.998262883613202,0.0017371163867979154,0.0,True,2221.0,26.588837079011167,0.7546692841076995,2223,0,0.0,,0.3090169943749474,0.40710678118654753,
175,321,35.68263404805846,33.119731168111855,1.0,24.7660229,2.0,979.7957720258519,79.74174644410134,3029,0.046011679268533695,3021,8,0,0.997358864311654,0.002641135688345989,0.0,True,1765.0,23.702678100045794,0.6890076533146584,1768,0,0.0,,0.3090169943749474,0.41054588061380315,
175,324,35.68263404805846,34.87316671200434,1.0,24.7660229,2.0,957.284674244413,63.05177708451491,3235,0.04914089878960267,3197,38,0,0.9882534775888717,0.011746522411128285,0.0,True,3459.0,33.181830816121824,0.9405840613718602,3459,0,0.0,,0.3090169943749474,0.4176890859898589,
176,211,35.38554489110793,36.16124413848397,1.0,24.7660229,2.0,995.7105581912683,7.638729631072656,3087,0.04689272165796088,2836,251,0,0.9186912860382248,0.08130871396177519,0.0,True,2984.0,30.81942083122964,0.8615179311116998,2986,0,0.0,,0.2708131845707603,0.4,
176,217,35.38554489110793,34.99757157984569,1.0,24.7660229,2.0,1057.3179436029359,45.411550587940106,3112,0.04727248130857605,3112,0,0,1.0,0.0,0.0,True,3905.0,35.25620662447539,1.0018370425249714,3905,0,0.0,,0.3090169943749474,,
177,271,35.53962537564978,35.14127952602509,1.414213562373095,35.02444547122265,2.414213562373095,742.1946701835129,46.76226400773657,3202,0.04863961605079065,3197,5,0,0.9984384759525297,0.001561524047470331,0.0,True,2072.0,25.68147355921802,0.7266877410509629,2072,0,0.0,,0.2989350844248255,0.39564392373896,
177,276,35.53962537564978,34.51818173795656,1.0,24.7660229,2.0,741.0765687227197,43.147206413160774,2748,0.04174318079561921,2728,20,0,0.992721979621543,0.00727802037845706,0.0,True,2041.0,25.48863428473791,0.7276457923784374,2041,0,0.0,,0.30383243470068705,0.41421356237309503,
177,283,35.53962537564978,35.09320605055566,1.0,24.7660229,2.0,789.1520861211797,52.16677771808129,3465,0.05263468757526221,3419,46,0,0.9867243867243867,0.013275613275613276,0.0,True,2006.0,25.269143865289227,0.7155070341952664,2011,0,0.0,,0.30383243470068705,0.3516287047744073,
177,298,35.53962537564978,33.969255702664874,2.4641016151377544,61.02599702842861,3.4641016151377544,733.7341872526979,22.498875678270448,3941,0.059865311322975005,3923,18,0,0.9954326313118498,0.004567368688150216,0.0,True,1813.0,24.022818811521944,0.6912158112416104,1813,0,0.0,,0.28172904669025317,0.4130877490378458,
177,300,35.53962537564978,37.253225358335015,1.0,24.7660229,2.0,788.966126900115,53.56631976241917,3822,0.058057655386046805,3805,17,0,0.9955520669806384,0.004447933019361591,0.0,True,1866.0,24.371422765586612,0.6696103400222606,1871,0,0.0,,0.3090169943749474,0.4142135623730951,
178,213,35.04623155505863,35.79391072057749,4.773112505913769,118.21101362573678,5.773112505913769,676.6501917190416,52.555275407662975,5173,0.07857986690529045,5165,8,0,0.9984535086023584,0.0015464913976416005,0.0,True,2884.0,30.29860907292697,0.8554079113798588,2884,0,0.0,,0.2775144043792301,0.38939429860591984,
178,290,35.04623155505863,34.97130390185268,2.449489742783178,60.66411906308329,3.449489742783178,637.9285075561528,65.91869542102596,3607,0.054791722390756366,3591,16,0,0.995564180759634,0.004435819240365955,0.0,True,2243.0,26.72019975056778,0.7632430812138868,2243,0,0.0,,0.2843646522044218,0.44436776445619763,
178,313,35.04623155505863,33.89336456947648,1.0,24.7660229,2.0,630.7152439955794,51.29767377953878,2822,0.042867269361440107,2822,0,0,1.0,0.0,0.0,True,3203.0,31.93033926294366,0.9263280047438479,3210,0,0.0,,0.2989350844248255,,
179,221,35.10631831867022,35.16600705157999,4.123105625617661,102.1129283431658,5.123105625617661,876.4404336453481,30.003061168584654,5211,0.07915710157422551,5190,21,0,0.9959700633275763,0.004029936672423719,0.0,True,2636.0,28.96661630188228,0.8244103535570576,2636,0,0.0,,0.27792629762666365,0.37771354955589964,
179,229,35.10631831867022,34.96447044196744,1.0,24.7660229,2.0,898.9394516173992,73.54907391090009,3125,0.047469956326895935,3123,2,0,0.99936,0.00064,0.0,True,2607.0,28.80683726619676,0.8222210075185861,2607,0,0.0,,0.3090169943749474,0.411634331443944,
179,277,35.10631831867022,35.38967537586831,6.5630027024141775,162.5394752207514,7.5630027024141775,925.9767123887837,64.42503672403043,6341,0.09632223778203108,6308,33,0,0.994795773537297,0.005204226462703044,0.0,True,2779.0,29.741943004866954,0.8437910141032915,2779,0,0.0,,0.2692803301885514,0.3706793556038632,
179,335,35.10631831867022,31.642088056267887,1.0,24.7660229,2.0,930.1980113652829,44.58366218787921,4782,0.07264042596966924,4773,9,0,0.9981179422835633,0.0018820577164366374,0.0,True,1683.0,23.145529556424492,0.6935155702867807,1694,0,0.0,,0.3090169943749474,0.3827822185373187,
180,236,35.34870917682051,35.47695247697016,1.0,24.7660229,2.0,777.5031150071493,80.47047348488569,3061,0.046497771621321106,3057,4,0,0.9986932375040837,0.0013067624959163672,0.0,True,3085.0,31.33665583429403,0.8848955336971951,3085,0,0.0,,0.3090169943749474,0.3510005595107239,
182,319,35.65686566275596,34.32123967379236,1.0,24.7660229,2.0,490.50012573198694,79.52244640447367,3122,0.047424385168822115,3094,28,0,0.9910313901345291,0.008968609865470852,0.0,True,2077.0,25.71244122217362,0.7348710314037172,2078,0,0.0,,0.3090169943749474,0.4047889733518942,
182,322,35.65686566275596,31.96084121629294,3.1815405503520555,78.79410612729761,4.1815405503520555,504.0841099674691,56.386754180055796,3563,0.05412334540567367,3463,100,0,0.9719337636822902,0.028066236317709794,0.0,True,1479.0,21.697472702271718,0.6417689597514168,1479,0,0.0,,0.27669677546737487,0.39564392373896,
182,323,35.65686566275596,31.609547132149697,1.0,24.7660229,2.0,474.94064166965524,74.69522730997846,2611,0.03966209791024809,2609,2,0,0.9992340099578706,0.0007659900421294523,0.0,True,2819.0,29.955226074127797,0.8906443744952137,2819,0,0.0,,0.3090169943749474,0.46738555851087427,
182,326,35.65686566275596,34.431205980390885,1.8284271247461903,45.2828680424453,2.8284271247461903,456.0703464503887,40.11638666420429,3083,0.04683196011386245,3078,5,0,0.9983782030489783,0.001621796951021732,0.0,True,2321.0,27.180824966004586,0.7756191411398976,2321,0,0.0,,0.28989794855663564,0.4305008740430604,
180,306,35.34870917682051,34.88324072794575,2.4641016151377544,61.02599702842861,3.4641016151377544,796.2965246607098,48.78063339071327,3771,0.057282945698791866,3771,0,0,1.0,0.0,0.0,True,2242.0,26.714242733494405,0.7607433018652799,2242,0,0.0,,0.2801868778094689,,
181,190,35.848299796755015,35.39907657667317,1.0,24.7660229,2.0,632.3677886973167,73.37243028339302,3290,0.04997637002095604,3207,83,0,0.9747720364741641,0.025227963525835867,0.0,True,2688.0,29.25093116572581,0.8211090051207833,2689,0,0.0,,0.3090169943749474,0.41421356237309503,
181,213,35.848299796755015,35.79391072057749,6.5630027024141775,162.5394752207514,7.5630027024141775,671.4783665622214,44.43960951385103,5594,0.08497501942164988,5594,0,0,1.0,0.0,0.0,True,2310.0,27.11633893217439,0.7569933628894406,2310,0,0.0,,0.27253380620535966,,
181,313,35.848299796755015,33.89336456947648,2.449489742783178,60.66411906308329,3.449489742783178,625.5434188387592,62.55671330962683,3539,0.05375877614108311,3513,26,0,0.9926532918903646,0.00734670810963549,0.0,True,2409.0,27.69130758589691,0.794110890169833,2409,0,0.0,,0.28172904669025317,0.34106353486608976,
182,242,35.65686566275596,35.39259790565092,6.1587762089111235,152.52839262586807,7.1587762089111235,508.94206832374925,51.23230230147819,5353,0.08131413638971967,5277,76,0,0.9858023538202877,0.01419764617971231,0.0,True,1540.0,22.140398025397776,0.6232389919195057,1540,0,0.0,,0.2742918851774317,0.28336939334026234,
182,278,35.65686566275596,34.601265443834954,2.1462643699419726,53.15443253543696,3.1462643699419726,453.7953703033887,32.748253596045984,4067,0.06177929996207545,4067,0,0,1.0,0.0,0.0,True,2742.0,29.54328532705789,0.8409926327882762,2742,0,0.0,,0.2898979485566356,,
182,301,35.65686566275596,34.55820772681524,1.0,24.7660229,2.0,481.34991081999436,85.51420604420228,3237,0.04917127956165189,3135,102,0,0.9684893419833179,0.03151065801668211,0.0,True,2084.0,25.75573339679963,0.7336240540232787,2085,0,0.0,,0.30484544052339907,0.4142135623730951,
182,307,35.65686566275596,34.90049694486924,1.0,24.7660229,2.0,517.5584157340597,18.724842064359986,3048,0.04630029660300122,2851,197,0,0.9353674540682415,0.06463254593175853,0.0,True,1977.0,25.085825579106505,0.7110760564736713,1978,0,0.0,,0.30216947925196225,0.4068781988545112,
183,244,35.234534161139976,35.9025243335125,1.0,24.7660229,2.0,1029.2640925472624,58.288345664688954,3345,0.05081184125230941,3304,41,0,0.9877428998505232,0.012257100149476832,0.0,True,1971.0,25.04773015002061,0.7042104545805334,1974,0,0.0,,0.3090169943749474,0.42480768092719207,
183,272,35.234534161139976,34.74035279998909,5.324555320336759,131.868058995777,6.324555320336759,1002.7462866987778,78.29857372164689,5366,0.08151161140803954,5139,227,0,0.9576966082743198,0.042303391725680206,0.0,True,1683.0,23.145529556424492,0.6615381763826726,1683,0,0.0,,0.26618329551788555,0.3844998779892558,
183,277,35.234534161139976,35.38967537586831,1.414213562373095,35.02444547122265,2.414213562373095,976.7543488036818,22.491814126606517,3155,0.04792566790763414,3144,11,0,0.996513470681458,0.003486529318541997,0.0,True,2909.0,30.42964769609808,0.8617341813971717,2909,0,0.0,,0.29339977411634566,0.3333333333333333,
183,296,35.234534161139976,34.303598480494024,1.414213562373095,35.02444547122265,2.414213562373095,1031.5794301887722,54.58417073835132,3280,0.04982446616070998,3223,57,0,0.9826219512195122,0.017378048780487806,0.0,True,1959.0,24.97136494134924,0.7182063708854424,1959,0,0.0,,0.28989794855663564,0.39564392373896,
184,196,34.9071595516202,35.18118693952102,1.0,24.7660229,2.0,243.27551161402732,50.88421880122131,3037,0.046133202356730546,3002,35,0,0.9884754692130392,0.011524530786960816,0.0,True,3675.0,34.20217583320439,0.9759732550553855,3677,0,0.0,,0.3090169943749474,0.4142135623730951,
184,286,34.9071595516202,35.12896718790672,1.0,24.7660229,2.0,217.37257796636482,83.83686168017661,3114,0.047302862080625264,3005,109,0,0.9649967886962106,0.03500321130378934,0.0,True,2752.0,29.597108081327676,0.8451954572360352,2752,0,0.0,,0.30216947925196225,0.42857142857142855,
185,197,34.80741191602223,34.79223274494799,1.0,24.7660229,2.0,378.5088960960471,72.66894867493669,3615,0.05491324547895322,3615,0,0,1.0,0.0,0.0,True,1909.0,24.650630270337032,0.7083550610183073,1909,0,0.0,,0.30901699437494745,,
185,201,34.80741191602223,35.117226976652994,2.6502815398728847,65.63693330793913,3.6502815398728847,409.5052399108464,56.022613348810154,3914,0.05945517090031062,3914,0,0,1.0,0.0,0.0,True,2117.0,25.958852614302597,0.7424808486789868,2117,0,0.0,,0.28172904669025317,,
185,303,34.80741191602223,33.97945920679168,4.449489742783178,110.1961648630833,5.449489742783178,411.3253322982807,53.27384814918923,4506,0.06844787942687779,4471,35,0,0.9922325787838437,0.007767421216156236,0.0,True,1406.0,21.15522866750463,0.6150949540860353,1406,0,0.0,,0.27718637277259645,0.3412253527198434,
185,333,34.80741191602223,35.707803575808725,5.19114712955712,128.56406868788088,6.19114712955712,386.73101992474733,86.82604616932191,4907,0.07453922422274507,4666,241,0,0.9508864886896271,0.049113511310372934,0.0,True,1707.0,23.30997588406583,0.6611332241271033,1709,0,0.0,,0.26784339619099595,0.3773704777366128,
186,224,35.496668112865294,35.38065060722596,1.0,24.7660229,2.0,817.5003927343979,64.8770212125601,3252,0.049399135352020986,3232,20,0,0.993849938499385,0.006150061500615006,0.0,True,2394.0,27.604960922341384,0.7789504857360339,2395,0,0.0,,0.3090169943749474,0.38180219912645363,
186,231,35.496668112865294,34.95926220295544,4.155870949147037,102.92439509602025,5.155870949147037,782.311738379579,58.40137122829037,4463,0.0677946928278197,4435,28,0,0.9937261931436253,0.006273806856374636,0.0,True,2666.0,29.130982760044088,0.8269277725654496,2666,0,0.0,,0.27718637277259645,0.33448990564290143,
186,256,35.496668112865294,34.68673015483562,4.39834563766817,108.929528784605,5.39834563766817,766.7294846561645,20.057329840992548,4553,0.0691618275700343,4542,11,0,0.9975840105424995,0.002415989457500549,0.0,True,2545.0,28.46223217419441,0.8110816197765394,2545,0,0.0,,0.28172904669025317,0.31904289725932955,
186,292,35.496668112865294,34.25809377795667,1.0,24.7660229,2.0,792.3774732590878,73.53399845277241,3766,0.05720699376866883,3742,24,0,0.9936271906532129,0.006372809346787042,0.0,True,3395.0,32.87342488384758,0.9425428169420197,3395,0,0.0,,0.3090169943749474,0.4352747515808041,
186,315,35.496668112865294,34.47056347377678,1.0,24.7660229,2.0,837.0405620960578,8.969709794965283,3288,0.04994598924890683,3099,189,0,0.9425182481751825,0.05748175182481752,0.0,True,2303.0,27.075222397632672,0.7739400797673347,2303,0,0.0,,0.30484544052339907,0.4142135623730951,
187,203,35.452973518955936,35.33456525733043,1.0,24.7660229,2.0,633.2067646199223,79.19697548385204,3186,0.048396569874396944,3137,49,0,0.9846202134337727,0.015379786566227243,0.0,True,1900.0,24.592453796829673,0.6948243779050015,1900,0,0.0,,0.3090169943749474,0.4068781988545112,
187,227,35.452973518955936,34.94669093427095,1.0,24.7660229,2.0,666.3224391472424,41.5403001723888,3059,0.04646739084927189,2814,245,0,0.919908466819222,0.08009153318077804,0.0,True,1467.0,21.609271228609746,0.6139026768505926,1469,0,0.0,,0.30484544052339907,0.407669683062202,
187,291,35.452973518955936,34.59235657030694,4.39834563766817,108.929528784605,5.39834563766817,658.8153598256371,59.84687698995696,5221,0.07930900543447159,4819,402,0,0.9230032560812105,0.07699674391878951,0.0,True,1632.0,22.792141940852034,0.6507826263879881,1634,0,0.0,,0.2653311931459037,0.34833147735478825,
187,312,35.452973518955936,34.1010155930165,1.0,24.7660229,2.0,645.4541496727629,80.77442470296417,2944,0.044720496456442126,2889,55,0,0.9813179347826086,0.018682065217391304,0.0,True,1171.0,19.30649830293466,0.5551514312674095,1180,0,0.0,,0.3090169943749474,0.38742588672279316,
188,199,35.588134805712386,35.215807223484674,1.0,24.7660229,2.0,541.0201589986764,77.34726327901258,3194,0.048518092962593795,3136,58,0,0.9818409517845961,0.018159048215403883,0.0,True,2114.0,25.94045295272489,0.7327403590615889,2118,0,0.0,,0.3090169943749474,0.39564392373895996,
188,261,35.588134805712386,35.60590733551569,7.0,173.3621603,8.0,587.3816238908764,13.639124380130024,6651,0.10103125744965916,6617,34,0,0.9948879867689069,0.005112013231093069,0.0,True,2237.0,26.684437700523873,0.7496255837697707,2239,0,0.0,,0.26747889038858924,0.3478701485282841,
188,319,35.588134805712386,34.32123967379236,1.0,24.7660229,2.0,522.8560749999577,42.446204929765656,2970,0.0451154464930819,2751,219,0,0.9262626262626262,0.07373737373737374,0.0,True,1207.0,19.601021213799942,0.5607551593684006,1243,0,0.0,,0.3008613653919205,0.40269974784927715,
189,233,35.15242409752567,34.904089842928464,1.0,24.7660229,2.0,547.9124044557502,29.80229639761621,3013,0.045768633092139986,3007,6,0,0.9980086292731497,0.0019913707268503153,0.0,True,2452.0,27.937355653723827,0.7975662527961274,2452,0,0.0,,0.3008613653919205,0.3864644274684199,
190,228,35.39907657667317,35.32583114942245,3.3166247903554,82.13960550864952,4.3166247903554,586.9067083404176,19.660621735502545,4450,0.06759721780949982,4429,21,0,0.9952808988764045,0.004719101123595505,0.0,True,3134.0,31.584540257853998,0.8931659658058527,3134,0,0.0,,0.2791745113185196,0.3483314773547883,
190,270,35.39907657667317,35.08609678541182,1.0,24.7660229,2.0,632.4735643751551,72.98434260348562,3310,0.050280177741448176,3298,12,0,0.9963746223564954,0.0036253776435045317,0.0,True,3001.0,30.90708605542677,0.8769812027461692,3003,0,0.0,,0.3090169943749474,0.4030144453545291,
190,290,35.39907657667317,34.97130390185268,1.0,24.7660229,2.0,622.5026347680628,89.36597557327872,3486,0.05295368568177895,3481,5,0,0.9985656913367756,0.001434308663224326,0.0,True,2066.0,25.644263000829476,0.7288368437528927,2066,0,0.0,,0.3090169943749474,0.3797958971132712,
190,313,35.39907657667317,33.89336456947648,1.0,24.7660229,2.0,615.2893712074892,79.15576194225984,2330,0.03539359943733361,2300,30,0,0.9871244635193133,0.012875536480686695,0.0,True,2402.0,27.65104603109013,0.7980970383990175,2402,0,0.0,,0.2989350844248255,0.41094162271764856,
191,282,35.306562591631184,34.34898277569402,1.0,24.7660229,2.0,395.7009482331048,52.120797369453385,3195,0.04853328334861841,3162,33,0,0.9896713615023475,0.010328638497652582,0.0,True,2119.0,25.97111181338705,0.7457011979858783,2119,0,0.0,,0.3090169943749474,0.4068781988545112,
192,196,35.07432785233011,35.18118693952102,1.0,24.7660229,2.0,248.2884298440989,61.61383989572661,2961,0.04497873301886044,2827,134,0,0.9547450185748058,0.04525498142519419,0.0,True,4310.0,37.03937917206683,1.054419123731565,4310,0,0.0,,0.28989794855663564,0.407669683062202,
192,210,35.07432785233011,34.76940621085617,1.0,24.7660229,2.0,264.4772440259112,21.96855780866107,2824,0.04289765013348932,2821,3,0,0.9989376770538244,0.0010623229461756375,0.0,True,1911.0,24.663539739810748,0.7062491738342088,1912,0,0.0,,0.30484544052339907,0.37406669614897287,
193,215,35.406758985089084,35.56248093238742,4.242640687119285,105.07333641366795,5.242640687119285,553.1766030851612,23.216027549721932,4329,0.0657591811005224,4319,10,0,0.9976899976899977,0.00231000231000231,0.0,True,3693.0,34.28583395043409,0.9662167437696073,3693,0,0.0,,0.27669677546737487,0.334289262720386,
193,240,35.406758985089084,34.522722681428306,1.0,24.7660229,2.0,522.8938233414967,81.25337425684668,3184,0.04836618910234773,3134,50,0,0.9842964824120602,0.015703517587939697,0.0,True,2770.0,29.693743191606885,0.8492481992991636,2771,0,0.0,,0.3090169943749474,0.41054588061380315,
193,319,35.406758985089084,34.32123967379236,1.0,24.7660229,2.0,507.2200787593474,72.8964361112428,3041,0.04619396390082897,2741,300,0,0.9013482407102926,0.09865175928970733,0.0,True,1730.0,23.466488938440662,0.6730865474353227,1730,0,0.0,,0.28989794855663564,0.4068781988545112,
194,309,35.07406910575093,34.81391322415699,3.16227766016838,78.31704094788851,4.16227766016838,961.4015298895133,11.384983869394574,3773,0.05731332647084108,3759,14,0,0.9962894248608535,0.0037105751391465678,0.0,True,3872.0,35.10692067532608,1.0046625901890545,3872,0,0.0,,0.28172904669025317,0.3622977887103629,
194,336,35.07406910575093,30.912703688944195,1.0,24.7660229,2.0,1030.5032368622801,14.252415945814894,2896,0.043991357927261,2876,20,0,0.9930939226519337,0.006906077348066298,0.0,True,2862.0,30.18282449105797,0.9148143851485477,2863,0,0.0,,0.3090169943749474,0.4142135623730951,
195,229,35.2408788460853,34.96447044196744,3.2426406871192857,80.30731351366796,4.242640687119286,914.0732664747234,47.91221318967556,4167,0.06329833856453612,3672,495,0,0.8812095032397408,0.11879049676025918,0.0,True,1198.0,19.527806933913016,0.5563053850438197,1198,0,0.0,,0.2602115677084085,0.3704152082810797,
195,235,35.2408788460853,35.224852511664466,1.0,24.7660229,2.0,919.7991088611911,56.744829719135645,3426,0.05204226252030255,3385,41,0,0.9880326911850554,0.011967308814944542,0.0,True,1352.0,20.7449985808745,0.5887968004065278,1371,0,0.0,,0.3090169943749474,0.407669683062202,
195,293,35.2408788460853,34.94004339665826,1.0,24.7660229,2.0,954.4877602877883,64.5220315628534,3147,0.04780414481943728,3113,34,0,0.9891960597394344,0.010803940260565617,0.0,True,2140.0,26.099485750361293,0.743777223675908,2142,0,0.0,,0.3090169943749474,0.4241077963657325,
195,335,35.2408788460853,31.642088056267887,5.6332495807108,139.51318811729905,6.6332495807108,945.3318262226071,80.87355166690799,5036,0.07649878401991934,4921,115,0,0.9771644162033359,0.02283558379666402,0.0,True,1294.0,20.295147023902665,0.6068853689918653,1294,0,0.0,,0.26968623182294527,0.3577747210701756,
196,210,35.18118693952102,34.76940621085617,1.0,24.7660229,2.0,281.5845915477922,62.41144165222705,3004,0.04563191961791853,2883,121,0,0.9597203728362184,0.040279627163781626,0.0,True,1458.0,21.542883141677365,0.6159456888482783,1458,0,0.0,,0.30484544052339907,0.40269974784927715,
196,218,35.18118693952102,35.39729835410642,1.0,24.7660229,2.0,276.0877557300348,72.45644708454198,3066,0.04657372355144414,2971,95,0,0.9690150032615786,0.030984996738421394,0.0,True,2546.0,28.467823419150456,0.80669975561861,2546,0,0.0,,0.30484544052339907,0.407669683062202,
197,282,34.79223274494799,34.34898277569402,1.0,24.7660229,2.0,371.0705189681787,85.09717671286994,2984,0.045328111897426394,2934,50,0,0.9832439678284183,0.01675603217158177,0.0,True,2687.0,29.24548963816208,0.8459640004283953,2687,0,0.0,,0.30901699437494745,0.4068781988545112,
197,325,34.79223274494799,33.37415112376185,6.164414002968976,152.66801836261033,7.164414002968976,366.3668058124054,87.37708629434836,6018,0.09141574309608312,5790,228,0,0.9621136590229312,0.03788634097706879,0.0,True,1695.0,23.227898249336405,0.6815059544327281,1695,0,0.0,,0.26618329551788555,0.37726161056791035,
198,205,35.16336853115337,34.645078173503784,1.0,24.7660229,2.0,365.7176151058908,13.671740674761159,3053,0.046376248533124255,2764,289,0,0.9053390108090403,0.09466098919095971,0.0,True,2179.0,26.336234392837557,0.7545285889044308,2312,0,0.0,,0.29581631632448924,0.41421356237309503,
199,223,35.215807223484674,35.17244080726276,1.0,24.7660229,2.0,528.2298987788913,81.91037396500236,3141,0.047713002503289643,3129,12,0,0.9961795606494747,0.0038204393505253103,0.0,True,2851.0,30.124765318753724,0.8559600831546321,2851,0,0.0,,0.3090169943749474,0.4432564360883089,
199,228,35.215807223484674,35.32583114942245,1.0,24.7660229,2.0,542.4619693062162,74.76062485800458,3353,0.050933364340506264,3260,93,0,0.9722636444974649,0.027736355502535042,0.0,True,1720.0,23.398568422792877,0.6633973625364377,1856,0,0.0,,0.3090169943749474,0.4142135623730951,
199,248,35.215807223484674,34.31204959135809,1.0,24.7660229,2.0,549.4431235738053,62.39157952265922,3230,0.04906494685947964,3226,4,0,0.9987616099071207,0.001238390092879257,0.0,True,2984.0,30.81942083122964,0.8865344695811285,2984,0,0.0,,0.3090169943749474,0.43332939428097816,
200,284,35.08480388217968,34.78223748954251,1.0,24.7660229,2.0,1012.2885748239385,83.27972123070103,3197,0.04856366412066762,3104,93,0,0.9709102283390679,0.029089771660932125,0.0,True,2742.0,29.54328532705789,0.8457001970321063,2742,0,0.0,,0.30693121744917323,0.4142135623730951,
200,324,35.08480388217968,34.87316671200434,1.0,24.7660229,2.0,974.5548875386494,5.561214421918162,3032,0.046057250426607514,2752,280,0,0.9076517150395779,0.09234828496042216,0.0,True,4783.0,39.018920866895726,1.1154960767298066,4783,0,0.0,,0.28989794855663564,0.4,
201,274,35.117226976652994,35.190250031736774,8.22446323827975,203.68724489944444,9.22446323827975,458.09289607401047,44.95318458210237,7570,0.11499122220627271,6521,1049,0,0.8614266842800529,0.13857331571994716,0.0,True,845.0,16.40036139313104,0.4665324967122342,846,0,0.0,,0.24870910687983303,0.3602425986153711,
201,280,35.117226976652994,34.98249199309273,1.0,24.7660229,2.0,453.25840189253756,50.18078151854163,2956,0.0449027810887374,2770,186,0,0.9370771312584574,0.06292286874154263,0.0,True,1363.0,20.829219257295907,0.5942739732319204,1364,0,0.0,,0.28989794855663564,0.4176890859898589,
201,303,35.117226976652994,33.97945920679168,1.0,24.7660229,2.0,431.90766990734835,86.95408577237723,3349,0.05087260279640784,3317,32,0,0.9904449089280383,0.00955509107196178,0.0,True,1798.0,23.92323505210898,0.6924567985386513,1798,0,0.0,,0.3090169943749474,0.4472420874237715,
203,290,35.33456525733043,34.97130390185268,2.6502815398728847,65.63693330793913,3.6502815398728847,624.7160273388198,87.22619812269758,3288,0.04994598924890683,3275,13,0,0.9960462287104623,0.003953771289537713,0.0,True,1868.0,24.384480051691096,0.6936684047381861,1868,0,0.0,,0.28172904669025317,0.3771527433992079,
203,312,35.33456525733043,34.1010155930165,1.0,24.7660229,2.0,638.7879112604014,69.81443208447556,3000,0.045571158073820096,2930,70,0,0.9766666666666667,0.023333333333333334,0.0,True,1855.0,24.2994822757797,0.6999144236483561,1855,0,0.0,,0.3090169943749474,0.41054588061380315,
203,332,35.33456525733043,34.13724573622004,2.1462643699419726,53.15443253543696,3.1462643699419726,655.1613293671778,40.17864788422971,3118,0.04736362362472369,3102,16,0,0.994868505452213,0.005131494547787043,0.0,True,2048.0,25.532305945691693,0.7350407476224285,2048,0,0.0,,0.28989794855663564,0.4432564360883089,
204,262,35.35463096968926,34.40124206740076,1.0,24.7660229,2.0,1145.1100617222733,55.48119641135662,3052,0.04636105814709965,3044,8,0,0.9973787680209698,0.002621231979030144,0.0,True,2396.0,27.616489409343153,0.7918039931823128,2397,0,0.0,,0.3090169943749474,0.45342961121712033,
204,265,35.35463096968926,34.81049869841915,3.4721359549995796,85.99099857343296,4.47213595499958,1119.9862308362365,81.97794630399521,4448,0.0675668370374506,4381,67,0,0.9849370503597122,0.01506294964028777,0.0,True,2125.0,26.007854739300495,0.7413327635057911,2125,0,0.0,,0.2742918851774318,0.4083069769263126,
204,295,35.35463096968926,35.16208130431738,1.0,24.7660229,2.0,1147.358440453559,50.62205279898912,3449,0.05239164139886851,3423,26,0,0.9924615830675558,0.007538416932444187,0.0,True,2735.0,29.50555098134362,0.8368385317424887,2747,0,0.0,,0.3090169943749474,0.4270509831248423,
204,334,35.35463096968926,34.23672177301168,1.0,24.7660229,2.0,1147.0285215728788,51.027166342105026,3620,0.054989197409076256,3539,81,0,0.9776243093922652,0.022375690607734807,0.0,True,1963.0,24.9968459326128,0.7183894247618167,2035,0,0.0,,0.30484544052339907,0.4,
205,254,34.645078173503784,34.502880649600016,1.0,24.7660229,2.0,388.1755348697743,71.15914059033403,2500,0.03797596506151675,2493,7,0,0.9972,0.0028,0.0,True,2264.0,26.844991754889815,0.7764507358363363,3133,0,0.0,,0.3090169943749474,0.30484544052339907,
205,323,34.645078173503784,31.609547132149697,1.0,24.7660229,2.0,432.73277020525006,9.971857166128851,2415,0.03668478224942518,2415,0,0,1.0,0.0,0.0,True,3611.0,33.903052945268335,1.0234169399906154,3635,0,0.0,,0.3090169943749474,,
205,326,34.645078173503784,34.431205980390885,3.1815405503520555,78.79410612729761,4.1815405503520555,413.86247498598357,67.19539622399127,4052,0.06155144417170635,4027,25,0,0.9938302073050346,0.006169792694965449,0.0,True,2573.0,28.618374117879117,0.8286020149584306,2573,0,0.0,,0.2801868778094689,0.4403389552322883,
206,232,34.75445734720734,35.27007339608747,8.22446323827975,203.68724489944444,9.22446323827975,1140.6099259565574,46.818110350783954,6706,0.10186672868101253,6693,13,0,0.9980614375186401,0.0019385624813599762,0.0,True,1652.0,22.93137440223813,0.6549526047179952,1652,0,0.0,,0.26655131052735265,0.3558132066731865,
206,281,34.75445734720734,34.692218896429786,1.0,24.7660229,2.0,1161.153573359839,79.02846752305472,2996,0.04551039652972167,2984,12,0,0.9959946595460614,0.004005340453938585,0.0,True,2534.0,28.400655830274864,0.8179126019116574,2534,0,0.0,,0.3090169943749474,0.44454877411014604,
208,316,35.495025979613594,34.40030065089142,1.0,24.7660229,2.0,837.0168111793475,67.66935059070398,3198,0.04857885450669223,3194,4,0,0.9987492182614134,0.0012507817385866166,0.0,True,3426.0,33.02316868602507,0.944932094261435,3426,0,0.0,,0.3008613653919205,0.4111950119872163,
209,258,35.49218346678995,35.87354665542424,1.0,24.7660229,2.0,1105.1941753705123,30.402185490182678,3497,0.05312077992804963,3495,2,0,0.9994280812124678,0.0005719187875321705,0.0,True,2574.0,28.623934862926816,0.8021759131142686,2574,0,0.0,,0.3090169943749474,0.4215351654086268,
211,212,36.16124413848397,35.25925912428014,1.0,24.7660229,2.0,954.5213267628783,82.0926090181601,3355,0.05096374511255548,3335,20,0,0.9940387481371088,0.005961251862891207,0.0,True,2544.0,28.456639830653998,0.7968759258376772,2544,0,0.0,,0.3090169943749474,0.430554406591371,
211,234,36.16124413848397,34.8476940561097,3.0,74.2980687,4.0,959.2340878964975,89.72208213822151,3759,0.05710066106649658,3757,2,0,0.9994679436020218,0.0005320563979781857,0.0,True,2556.0,28.523675588636344,0.8033826815004543,2558,0,0.0,,0.27149702790318514,0.32753224668296144,
206,331,34.75445734720734,34.84225419345551,9.059801270007501,224.37524572245485,10.059801270007501,1174.3985070846293,80.57852755835756,7429,0.11284937777680318,6525,904,0,0.8783147126127339,0.12168528738726613,0.0,True,1562.0,22.297982918171794,0.6407769109936721,1733,0,0.0,,0.26383210493946546,0.2584692808291812,
208,220,35.495025979613594,34.82631807415661,1.0,24.7660229,2.0,843.3046548551506,77.91824308705549,3367,0.05114602974485076,3272,95,0,0.9717849717849718,0.028215028215028214,0.0,True,2226.0,26.61874915628302,0.7570603069227282,2230,0,0.0,,0.3090169943749474,0.42705098312484235,
208,264,35.495025979613594,35.3885951883482,1.0,24.7660229,2.0,860.2137000575312,74.53247601006991,3361,0.051054887428703115,3327,34,0,0.9898839631062184,0.010116036893781613,0.0,True,3439.0,33.08576277775769,0.933523491960422,3440,0,0.0,,0.3090169943749474,0.43804973927041124,
208,309,35.495025979613594,34.81391322415699,4.0,99.0640916,5.0,887.8153373821975,4.31641635609526,4504,0.06841749865482857,3527,977,0,0.7830817051509769,0.21691829484902309,0.0,True,2037.0,25.463645421588435,0.7243359296828318,2054,0,0.0,,0.2222222222222222,0.356789172325331,
216,302,34.5910264940758,33.95738986962693,1.0,24.7660229,2.0,217.44230022438916,69.92722859211214,3010,0.04572306193406617,2963,47,0,0.9843853820598006,0.015614617940199336,0.0,True,3919.0,35.31934942710972,1.0304935197835372,4248,0,0.0,,0.3090169943749474,0.4211646096066227,
217,269,34.99757157984569,34.74648375308635,1.0,24.7660229,2.0,1079.3077131724995,84.38972625843263,3463,0.052604306803213,3377,86,0,0.975166041004909,0.02483395899509096,0.0,True,2220.0,26.582850624566497,0.762297245196595,2220,0,0.0,,0.3090169943749474,0.4142135623730951,
218,237,35.39729835410642,34.26500852446647,2.23606797749979,55.37851073671648,3.23606797749979,270.1251088045041,63.00884818313038,3297,0.050082702723128286,3284,13,0,0.9960570215347285,0.003942978465271459,0.0,True,2070.0,25.669076033243712,0.7369573929840428,2070,0,0.0,,0.28172904669025317,0.3577747210701756,
218,245,35.39729835410642,34.842778591540295,1.0,24.7660229,2.0,307.32534973463135,54.68257009202683,2928,0.04447745028004842,2872,56,0,0.9808743169398907,0.01912568306010929,0.0,True,1703.0,23.282648822051918,0.6629448552588727,1703,0,0.0,,0.3090169943749474,0.41094162271764856,
211,289,36.16124413848397,34.72979985679908,1.0,24.7660229,2.0,945.260637640105,65.8223109848967,3814,0.057936132297849954,3789,25,0,0.9934452018877818,0.006554798112218143,0.0,True,3171.0,31.770436715424612,0.8963173604140616,3177,0,0.0,,0.3090169943749474,0.4,
212,314,35.25925912428014,33.98517876129603,1.0,24.7660229,2.0,926.2604141168946,48.90161244474197,2901,0.04406730985738404,2711,190,0,0.9345053429851775,0.06549465701482247,0.0,True,1763.0,23.68924501418361,0.6842208771577928,1764,0,0.0,,0.28989794855663564,0.41421356237309503,
214,222,36.01269379192217,35.38611686189799,3.8989794855663558,96.56221522616659,4.898979485566356,686.6635810748205,39.16287521049355,5130,0.07792668030623237,5121,9,0,0.9982456140350877,0.0017543859649122807,0.0,True,3927.0,35.3553803973843,0.9903632868285777,3927,0,0.0,,0.2801868778094689,0.43405783005789966,
214,226,36.01269379192217,35.0523855173558,1.0,24.7660229,2.0,694.0351904735428,51.41968594826717,3174,0.04821428524210167,2915,259,0,0.9183994959042218,0.0816005040957782,0.0,True,1266.0,20.074369626682653,0.5649573551960232,1396,0,0.0,,0.30383243470068705,0.41421356237309503,
214,236,36.01269379192217,35.47695247697016,2.1462643699419726,53.15443253543696,3.1462643699419726,749.819889343109,25.949390771582685,3539,0.05375877614108311,3134,405,0,0.885560892907601,0.11443910709239899,0.0,True,2147.0,26.14213697532393,0.7313544922853897,2151,0,0.0,,0.2674788903885893,0.4,
214,252,36.01269379192217,35.161502021492026,1.0,24.7660229,2.0,737.9717513772275,52.35203166767381,3265,0.049596610370340875,2975,290,0,0.9111791730474732,0.0888208269525268,0.0,True,1846.0,24.24046307097448,0.6811587484464666,1853,0,0.0,,0.29581631632448924,0.4068781988545112,
215,222,35.56248093238742,35.38611686189799,1.0,24.7660229,2.0,622.9908038036763,16.24906725309163,3341,0.05075107970821098,3181,160,0,0.9521101466626758,0.04788985333732416,0.0,True,2679.0,29.201920914323004,0.8231852868746925,2679,0,0.0,,0.30383243470068705,0.4142135623730951,
215,261,35.56248093238742,35.60590733551569,6.211102550927978,153.82430801053073,7.211102550927978,607.3781682169391,62.00073219311303,6143,0.09331454134915895,6115,28,0,0.9954419664658961,0.004558033534103858,0.0,True,2072.0,25.68147355921802,0.721710135194964,2072,0,0.0,,0.26747889038858924,0.3777433342041623,
218,286,35.39729835410642,35.12896718790672,2.0,49.5320458,3.0,250.1848220823723,6.959453510712136,3533,0.053667633824935466,3533,0,0,1.0,0.0,0.0,True,2095.0,25.823617321263136,0.7323120577220914,2095,0,0.0,,0.28172904669025317,,
218,311,35.39729835410642,34.45220336402628,1.0,24.7660229,2.0,270.464356372353,62.3476092796147,3029,0.046011679268533695,2911,118,0,0.9610432485968967,0.03895675140310333,0.0,True,1886.0,24.50168250024127,0.7015564004769619,1886,0,0.0,,0.2989350844248255,0.4176890859898589,
219,269,35.50247751859002,34.74648375308635,1.0,24.7660229,2.0,1056.8731969736448,56.70473352178342,3743,0.056857614890102874,3739,4,0,0.9989313384985306,0.0010686615014694097,0.0,True,2941.0,30.59655822582874,0.871089270843495,2941,0,0.0,,0.3090169943749474,0.4494897427831781,
219,321,35.50247751859002,33.119731168111855,1.8284271247461903,45.2828680424453,2.8284271247461903,1011.8510779081723,42.94581164676627,3770,0.05726775531276726,3743,27,0,0.9928381962864722,0.007161803713527852,0.0,True,3044.0,31.127725479762553,0.9072201573073155,3044,0,0.0,,0.28989794855663564,0.4270509831248423,
220,264,34.82631807415661,35.3885951883482,7.840676900366725,194.18238366598334,8.840676900366725,852.814687984435,64.9236236367334,6543,0.09939069575900164,6339,204,0,0.9688216414488766,0.031178358551123338,0.0,True,2224.0,26.60678836073137,0.7578671574017185,2224,0,0.0,,0.2640379757271236,0.3526105261226692,
220,267,34.82631807415661,35.08616142807222,1.0,24.7660229,2.0,859.3848619163306,48.08255462354759,3214,0.04882190068308593,3166,48,0,0.985065339141257,0.014934660858743,0.0,True,2395.0,27.61072576753785,0.7898654421678069,2395,0,0.0,,0.3090169943749474,0.41421356237309503,
220,308,34.82631807415661,34.475317831118815,6.0710678118654755,150.35620445611326,7.0710678118654755,804.1961358085804,34.21778380807797,5378,0.08169389604033483,5260,118,0,0.978058757902566,0.02194124209743399,0.0,True,2088.0,25.780439141949365,0.744006654538061,2089,0,0.0,,0.2742918851774318,0.25355482027512377,
221,229,35.16600705157999,34.96447044196744,1.0,24.7660229,2.0,866.4095316906092,51.712806572525686,3125,0.047469956326895935,3123,2,0,0.99936,0.00064,0.0,True,1844.0,24.22732816723524,0.6909215232268837,1844,0,0.0,,0.3090169943749474,0.3971520427886522,
224,231,35.38065060722596,34.95926220295544,1.0,24.7660229,2.0,797.4351341724399,2.7184188512396292,3249,0.049353564193947166,3046,203,0,0.9375192366882118,0.06248076331178824,0.0,True,2237.0,26.684437700523873,0.7587281995226305,2259,0,0.0,,0.3090169943749474,0.39352981872163206,
224,255,35.38065060722596,35.066240216631456,1.0,24.7660229,2.0,850.3298079589831,60.53416228915246,2936,0.04459897336824527,2820,116,0,0.9604904632152589,0.039509536784741145,0.0,True,690.0,14.820047957642227,0.42074384786399394,692,0,0.0,,0.30484544052339907,0.4068781988545112,
224,283,35.38065060722596,35.09320605055566,1.0,24.7660229,2.0,821.811430259829,72.21098246696,3842,0.05836146310653894,3744,98,0,0.9744924518479958,0.025507548152004164,0.0,True,1617.0,22.68715685050001,0.6438460423889666,1637,0,0.0,,0.3090169943749474,0.4041849114726528,
224,287,35.38065060722596,34.71587335010855,1.0,24.7660229,2.0,842.917317187809,72.96006400067948,4369,0.06636679654150666,4063,306,0,0.9299610894941635,0.07003891050583658,0.0,True,1434.0,21.364839732316174,0.6095834294242682,1444,0,0.0,,0.3090169943749474,0.3816524151396708,
224,315,35.38065060722596,34.47056347377678,1.0,24.7660229,2.0,852.1639578889187,56.78551590951965,3121,0.04740919478279751,3115,6,0,0.9980775392502403,0.0019224607497596924,0.0,True,1703.0,23.282648822051918,0.6666354802381035,1704,0,0.0,,0.3090169943749474,0.34998009106459776,
225,294,35.03080476304226,34.69235113383544,1.0,24.7660229,2.0,577.7605795888115,76.80476429416824,3229,0.04904975647345503,3090,139,0,0.9569526169092598,0.04304738309074017,0.0,True,1526.0,22.03953008383946,0.6322011618761628,1529,0,0.0,,0.3090169943749474,0.4142135623730951,
225,322,35.03080476304226,31.96084121629294,1.0,24.7660229,2.0,554.9121110385195,23.980202458278974,2717,0.0412722788288564,2716,1,0,0.9996319470003681,0.000368052999631947,0.0,True,2671.0,29.158287089554918,0.870505170108802,2671,0,0.0,,0.3090169943749474,0.45803989154980806,
226,261,35.0523855173558,35.60590733551569,1.0,24.7660229,2.0,648.9314377675034,50.47699780685459,2957,0.04491797147476201,2951,6,0,0.9979709164693946,0.002029083530605343,0.0,True,2659.0,29.09271364728116,0.8234762678985064,2659,0,0.0,,0.3090169943749474,0.40377192194834577,
221,235,35.16600705157999,35.224852511664466,5.741657386773941,142.19801832479757,6.741657386773941,872.1353740770769,43.98793116340762,5332,0.08099513828320293,5317,15,0,0.9971867966991748,0.002813203300825206,0.0,True,2415.0,27.725770956528052,0.7877662278471577,2415,0,0.0,,0.27253380620535966,0.2553967929896867,
221,287,35.16600705157999,34.71587335010855,6.894954260780955,170.7605951169537,7.894954260780955,848.5606797834586,83.29393834706461,4493,0.0682504044085579,3916,577,0,0.8715780102381482,0.12842198976185176,0.0,True,720.0,15.138795132120961,0.4332681102769858,739,0,0.0,,0.2553967929896867,0.355536096278095,
222,261,35.38611686189799,35.60590733551569,1.0,24.7660229,2.0,641.5598283687812,63.96433579965169,3205,0.04868518720886447,3180,25,0,0.9921996879875195,0.0078003120124804995,0.0,True,2234.0,26.666538690549782,0.7512544963190745,2234,0,0.0,,0.3090169943749474,0.38742588672279316,
223,228,35.17244080726276,35.32583114942245,5.324555320336759,131.868058995777,6.324555320336759,537.4676050874637,68.79845484321297,5145,0.07815453609660147,4886,259,0,0.9496598639455782,0.050340136054421766,0.0,True,991.0,17.76077411624101,0.5038640983187046,991,0,0.0,,0.2711923793731366,0.33996830356244234,
226,276,35.0523855173558,34.51818173795656,1.7320508075688772,42.89600996421431,2.732050807568877,693.3818599742211,53.47029087149589,3171,0.04816871408402784,2923,248,0,0.9217912330495112,0.07820876695048881,0.0,True,1231.0,19.794935460673933,0.5690606312876485,1287,0,0.0,,0.27429188517743175,0.4142135623730951,
227,243,34.94669093427095,35.47492912111168,7.324233081729782,181.39212422705734,8.324233081729782,727.383122198358,28.25692031656047,6700,0.10177558636486489,6668,32,0,0.9952238805970149,0.004776119402985075,0.0,True,2419.0,27.748722757607958,0.7880739675055802,2419,0,0.0,,0.2692803301885514,0.3814063180097233,
227,298,34.94669093427095,33.969255702664874,9.1104335791443,225.62920665001667,10.1104335791443,696.4675747588185,84.70582922658687,6688,0.10159330173256961,6574,114,0,0.9829545454545454,0.017045454545454544,0.0,True,1443.0,21.431779341977418,0.6219686556693385,1443,0,0.0,,0.26693271837469323,0.3516287047744073,
227,312,34.94669093427095,34.1010155930165,1.0,24.7660229,2.0,671.9035857877216,53.91099646310899,3065,0.04655853316541953,3017,48,0,0.9843393148450245,0.01566068515497553,0.0,True,1622.0,22.722205777391167,0.6581596093539014,1622,0,0.0,,0.30484544052339907,0.407669683062202,
227,332,34.94669093427095,34.13724573622004,1.0,24.7660229,2.0,688.2770038944979,82.70758235180254,3050,0.046330677375050436,3035,15,0,0.9950819672131147,0.004918032786885246,0.0,True,2505.0,28.237674565912748,0.8174888672195311,2506,0,0.0,,0.3090169943749474,0.39352981872163206,
228,274,35.32583114942245,35.190250031736774,1.0,24.7660229,2.0,518.8989451214477,22.666132383258507,3256,0.04945989689611941,3007,249,0,0.9235257985257985,0.07647420147420148,0.0,True,1836.0,24.17471718621419,0.685651181440675,1840,0,0.0,,0.30216947925196225,0.4211646096066227,
229,287,34.96447044196744,34.71587335010855,7.60555127546399,188.35925705526537,8.60555127546399,871.0596977555097,63.21981148354674,6481,0.09844889182547602,5785,696,0,0.8926091652522758,0.10739083474772412,0.0,True,861.0,16.554902959674628,0.4751670861175412,861,0,0.0,,0.2592192604530755,0.32553309672727654,
229,306,34.96447044196744,34.88324072794575,2.449489742783178,60.66411906308329,3.449489742783178,854.9902247309382,21.410396767442336,3808,0.05784498998170231,3018,790,0,0.7925420168067226,0.20745798319327732,0.0,True,1176.0,19.347672370394786,0.5539958875196119,1192,0,0.0,,0.25,0.3874258867227931,
229,335,34.96447044196744,31.642088056267887,1.0,24.7660229,2.0,920.1671094105441,24.29821042421071,2449,0.037201255374261805,2373,76,0,0.9689669252756227,0.0310330747243773,0.0,True,1827.0,24.115392637437726,0.7241146572098193,1831,0,0.0,,0.2989350844248255,0.4266895547493103,
230,249,35.35755929539476,34.25809377795667,1.0,24.7660229,2.0,379.83515065888867,84.2492140496725,3023,0.04592053695238605,3021,2,0,0.9993384055573933,0.0006615944426066821,0.0,True,1941.0,24.85637723166306,0.7141031114215884,1945,0,0.0,,0.30383243470068705,0.3352058579679753,
231,236,34.95926220295544,35.47695247697016,1.414213562373095,35.02444547122265,2.414213562373095,772.865780154858,73.29633986264179,3013,0.045768633092139986,3005,8,0,0.9973448390308662,0.002655160969133754,0.0,True,2214.0,26.546903548453866,0.7537856390803398,2214,0,0.0,,0.28989794855663564,0.3758143523872036,
231,256,34.95926220295544,34.68673015483562,1.0,24.7660229,2.0,746.6642260942065,64.1525887797491,3070,0.04663448509554257,3062,8,0,0.9973941368078176,0.0026058631921824105,0.0,True,2984.0,30.81942083122964,0.8850307042191774,2984,0,0.0,,0.30484544052339907,0.43134152485943783,
231,271,34.95926220295544,35.14127952602509,3.2426406871192857,80.30731351366796,4.242640687119286,739.6653599673434,52.68152090648245,4793,0.0728075202159399,4774,19,0,0.9960358856665972,0.0039641143334028794,0.0,True,3059.0,31.204325691099555,0.8902734535701671,3059,0,0.0,,0.2801868778094689,0.43363360926454314,
231,276,34.95926220295544,34.51818173795656,2.6502815398728847,65.63693330793913,3.6502815398728847,738.5472585065502,50.09158361526247,3563,0.05412334540567367,3552,11,0,0.9969127140050519,0.0030872859949480774,0.0,True,2144.0,26.123866405607867,0.7520100027809098,2144,0,0.0,,0.28172904669025317,0.3613020955135854,
233,260,34.904089842928464,34.90951045275941,2.863703305156273,70.92254163430594,3.863703305156273,536.7156989095329,57.943075699151905,3602,0.054715770460633334,3577,25,0,0.99305941143809,0.00694058856191005,0.0,True,1323.0,20.521305499922637,0.5878884748245868,1327,0,0.0,,0.2791745113185196,0.40103048993422497,
233,317,34.904089842928464,34.37688314831693,1.0,24.7660229,2.0,506.35382106113695,73.0328668502874,2992,0.045449634985623245,2862,130,0,0.9565508021390374,0.04344919786096257,0.0,True,1590.0,22.496949104983706,0.6494409109360085,1590,0,0.0,,0.2989350844248255,0.4142135623730951,
235,255,35.224852511664466,35.066240216631456,1.0,24.7660229,2.0,884.1980309131516,63.94478993654264,2650,0.040254522965207755,2640,10,0,0.9962264150943396,0.0037735849056603774,0.0,True,1321.0,20.505788442505388,0.583453397766022,1323,0,0.0,,0.2989350844248255,0.394265306997091,
235,277,35.224852511664466,35.38967537586831,1.414213562373095,35.02444547122265,2.414213562373095,921.6716528205125,54.04713846308953,3275,0.04974851423058694,3243,32,0,0.9902290076335878,0.009770992366412214,0.0,True,2587.0,28.696126490477184,0.8127541838467373,2587,0,0.0,,0.2989350844248255,0.3816524151396708,
235,287,35.224852511664466,34.71587335010855,3.2426406871192857,80.30731351366796,4.242640687119286,876.7855401419774,51.05975163440617,3823,0.05807284577207141,3804,19,0,0.9950300810881507,0.004969918911849333,0.0,True,1408.0,21.17026971360491,0.6053774664976929,1408,0,0.0,,0.2791745113185196,0.2742918851774317,
235,293,35.224852511664466,34.94004339665826,1.0,24.7660229,2.0,935.048885862193,9.778396854861242,3272,0.04970294307251312,3016,256,0,0.921760391198044,0.07823960880195599,0.0,True,1280.0,20.185060176161283,0.575360653353923,1282,0,0.0,,0.30216947925196225,0.40453726661826384,
237,311,34.26500852446647,34.45220336402628,6.8173377998059435,168.8383440670296,7.8173377998059435,253.8097310827673,89.49378047879884,5796,0.08804347739862044,5723,73,0,0.9874051069703244,0.012594893029675638,0.0,True,1517.0,21.974441911930562,0.6395615103706022,1517,0,0.0,,0.26747889038858924,0.39841163051105466,
238,242,37.57645154720576,35.39259790565092,1.0,24.7660229,2.0,521.5856642741943,70.7140497383814,3344,0.050796650866284807,3288,56,0,0.9832535885167464,0.01674641148325359,0.0,True,2651.0,29.048915784814227,0.7961982786573626,2651,0,0.0,,0.3090169943749474,0.40149162409079436,
238,280,37.57645154720576,34.98249199309273,1.0,24.7660229,2.0,492.91028731490917,62.50836343330431,3409,0.05178402595788424,3392,17,0,0.9950132003520094,0.004986799647990613,0.0,True,2267.0,26.862771859557856,0.7404399939929818,2267,0,0.0,,0.3090169943749474,0.38742588672279316,
238,303,37.57645154720576,33.97945920679168,2.6502815398728847,65.63693330793913,3.6502815398728847,471.55955532972,6.514733213007633,4570,0.06942006413245262,4569,1,0,0.999781181619256,0.0002188183807439825,0.0,True,1992.0,25.180812005932435,0.7038080220235536,1993,0,0.0,,0.28172904669025317,0.47406836728531904,
236,252,35.47695247697016,35.161502021492026,1.0,24.7660229,2.0,771.6369425262136,71.13073075922085,3175,0.048229475628126274,3171,4,0,0.998740157480315,0.0012598425196850393,0.0,True,1493.0,21.79992339602136,0.6172253781825294,1493,0,0.0,,0.3008613653919205,0.44499443206436484,
236,287,35.47695247697016,34.71587335010855,1.0,24.7660229,2.0,818.3479631702271,6.3953020100457465,3136,0.04763705057316661,2586,550,0,0.8246173469387755,0.1753826530612245,0.0,True,1432.0,21.349935761383176,0.6083224463417138,1565,0,0.0,,0.27429188517743175,0.41054588061380315,
236,306,35.47695247697016,34.88324072794575,1.414213562373095,35.02444547122265,2.414213562373095,802.2784901456555,58.90426005162665,3302,0.050158654653251325,3239,63,0,0.9809206541490006,0.019079345850999394,0.0,True,1918.0,24.708669767927827,0.7023479795163919,1918,0,0.0,,0.29339977411634566,0.4,
237,286,34.26500852446647,35.12896718790672,1.0,24.7660229,2.0,233.53019679278665,54.94785486031887,2804,0.042593842412997185,2786,18,0,0.9935805991440799,0.006419400855920114,0.0,True,3268.0,32.252700786889584,0.9295533353088693,3268,0,0.0,,0.3090169943749474,0.4211646096066227,
240,322,34.522722681428306,31.96084121629294,1.0,24.7660229,2.0,526.1538238178382,86.4306797000142,2804,0.042593842412997185,2763,41,0,0.9853780313837375,0.014621968616262483,0.0,True,2827.0,29.997700715914483,0.9024095267234213,2827,0,0.0,,0.3090169943749474,0.4,
240,323,34.522722681428306,31.609547132149697,5.708203932499369,141.36950931014943,6.708203932499369,497.0103555200243,31.024926158192194,5273,0.08009890550775113,5268,5,0,0.9990517731841456,0.0009482268158543523,0.0,True,1549.0,22.204999745523345,0.6715329689459504,1552,0,0.0,,0.2758872381516119,0.22163687508390406,
242,294,35.39259790565092,34.69235113383544,9.681145747868609,239.7634772899516,10.681145747868609,551.7704903777433,63.72009360835437,8147,0.12375607494247078,7359,788,0,0.9032772799803609,0.09672272001963914,0.0,True,1524.0,22.025082668269306,0.6285253244847254,1524,0,0.0,,0.2585688584788905,0.3039525059053529,
242,307,35.39259790565092,34.90049694486924,1.0,24.7660229,2.0,542.3963275940418,75.7908826189032,3365,0.05111564897280155,3327,38,0,0.9887072808320951,0.011292719167904903,0.0,True,2114.0,25.94045295272489,0.7380654673944245,2116,0,0.0,,0.3090169943749474,0.4068781988545112,
238,317,37.57645154720576,34.37688314831693,1.0,24.7660229,2.0,502.66848110708713,79.31468065435618,4217,0.06405785786576645,4072,145,0,0.9656153663741996,0.03438463362580033,0.0,True,1207.0,19.601021213799942,0.5448259291037312,1208,0,0.0,,0.3090169943749474,0.38742588672279316,
239,243,34.96681364338909,35.47492912111168,1.0,24.7660229,2.0,778.1614035929662,62.58973540468169,3247,0.049323183421897954,2980,267,0,0.9177702494610409,0.08222975053895903,0.0,True,2278.0,26.9278651349615,0.7645428428704875,2283,0,0.0,,0.2989350844248255,0.4068781988545112,
240,307,34.522722681428306,34.90049694486924,1.0,24.7660229,2.0,539.6281295844288,70.9100087376129,3015,0.0457990138641892,2958,57,0,0.981094527363184,0.01890547263681592,0.0,True,1791.0,23.876620492757535,0.6878569049745732,1791,0,0.0,,0.3090169943749474,0.39564392373895996,
240,319,34.522722681428306,34.32123967379236,8.797958971132712,217.89045335233317,9.797958971132712,512.569839582356,66.78150746450741,6798,0.10326424419527634,5535,1263,0,0.8142100617828774,0.1857899382171227,0.0,True,1187.0,19.437948320235847,0.5646958035314713,1187,0,0.0,,0.23630681346468205,0.353219120813669,
242,329,35.39259790565092,34.44046676852528,3.0,74.2980687,4.0,565.3871090390248,29.93773726072323,4800,0.07291385291811216,4785,15,0,0.996875,0.003125,0.0,True,2307.0,27.09872519927838,0.7761001275173681,2307,0,0.0,,0.2791745113185196,0.4364916731037084,
244,272,35.9025243335125,34.74035279998909,3.414213562373095,84.55649127122264,4.414213562373095,1021.484752844106,44.972691094656355,4741,0.07201762014266036,4647,94,0,0.9801729592912888,0.019827040708711243,0.0,True,2170.0,26.28178938007886,0.7440747162778004,2170,0,0.0,,0.2742918851774318,0.35977525015625467,
244,293,35.9025243335125,34.94004339665826,9.273618495495704,229.67064802531016,10.273618495495704,1008.8700479906904,16.598487918072223,8106,0.12313326911546191,7164,942,0,0.8837897853441895,0.11621021465581051,0.0,True,1504.0,21.880083839428522,0.6177100729258329,1504,0,0.0,,0.2600070273452875,0.30795568035170945,
244,296,35.9025243335125,34.303598480494024,7.79385036540706,193.0226766288446,8.79385036540706,1050.3178963341002,86.69581674184104,6976,0.10596813290765633,6824,152,0,0.9782110091743119,0.021788990825688075,0.0,True,1369.0,20.875014591266982,0.59467789288322,1369,0,0.0,,0.2711923793731366,0.31801366684531884,
201,320,35.117226976652994,33.5971370217625,2.1462643699419726,53.15443253543696,3.1462643699419726,402.0479718726461,38.363230275780055,3700,0.056204428291044786,3664,36,0,0.9902702702702703,0.00972972972972973,0.0,True,2638.0,28.97760307121415,0.843421997528271,2638,0,0.0,,0.28989794855663564,0.393962439899111,
202,246,35.80359748877235,35.960032080478044,1.0,24.7660229,2.0,1174.3872653623325,87.15405925836934,3532,0.05365244343891086,3528,4,0,0.9988674971687429,0.0011325028312570782,0.0,True,3370.0,32.752165064914024,0.9127789455885555,3373,0,0.0,,0.3090169943749474,0.4152504370215302,
202,327,35.80359748877235,76.24081536605512,1.0,24.7660229,2.0,1207.4866693442057,36.54955604421213,34987,0.5314660358429146,27666,7321,0,0.7907508503158316,0.2092491496841684,0.0,True,6877.0,46.786932868974525,0.835149771003663,8894,0,0.0,,0.21712927295533246,0.35214585439363855,
203,227,35.33456525733043,34.94669093427095,1.0,24.7660229,2.0,659.6562007348809,19.212258890133448,3246,0.04930799303587335,2993,253,0,0.9220579174368454,0.07794208256315466,0.0,True,1793.0,23.889948219440257,0.6798383954410623,1798,0,0.0,,0.30216947925196225,0.41421356237309503,
245,247,34.842778591540295,37.268185251592925,1.0,24.7660229,2.0,309.166792241045,59.114059852142944,3324,0.05049284314579267,3324,0,0,1.0,0.0,0.0,True,2060.0,25.60699837034026,0.7102109583792144,2060,0,0.0,,0.3090169943749474,,
245,311,34.842778591540295,34.45220336402628,5.0,123.8301145,6.0,291.00997201289454,13.074842049324378,4815,0.07314170870848126,4584,231,0,0.9520249221183801,0.047975077881619935,0.0,True,1288.0,20.248040236149336,0.5844013423405697,1294,0,0.0,,0.2708131845707603,0.375,
246,275,35.960032080478044,34.80583547552976,1.0,24.7660229,2.0,1153.4833505611064,50.62038250746481,3387,0.051449837465342894,3374,13,0,0.9961617950989076,0.003838204901092412,0.0,True,3533.0,33.53488971037973,0.9477701855018866,3534,0,0.0,,0.3090169943749474,0.39564392373895996,
246,295,35.960032080478044,35.16208130431738,4.123105625617661,102.1129283431658,5.123105625617661,1172.8221240421108,85.01496764188103,4923,0.07478227039913878,4849,74,0,0.984968515133049,0.015031484866951047,0.0,True,3082.0,31.32141550470609,0.8807785374781065,3082,0,0.0,,0.27718637277259645,0.3988764450188822,
250,293,34.60844239265844,34.94004339665826,3.4721359549995796,85.99099857343296,4.47213595499958,959.1028961770212,73.53407948110419,4011,0.06092863834469747,3873,138,0,0.9655946148092744,0.0344053851907255,0.0,True,1354.0,20.760336844397603,0.5970032735805899,1355,0,0.0,,0.2708131845707603,0.37215467497755456,
250,314,34.60844239265844,33.98517876129603,1.0,24.7660229,2.0,925.6818683929785,49.72646124170094,2688,0.04083175763414281,2653,35,0,0.9869791666666666,0.013020833333333334,0.0,True,1901.0,24.598924643882018,0.7172365077117341,1902,0,0.0,,0.30383243470068705,0.40453726661826384,
251,279,34.71237346652139,35.05653012668944,1.0,24.7660229,2.0,810.501267197991,15.72868514519074,2746,0.041712800023569994,2699,47,0,0.982884195193008,0.01711580480699199,0.0,True,3427.0,33.027987827777984,0.9467824812139348,3427,0,0.0,,0.30383243470068705,0.38742588672279316,
252,308,35.161502021492026,34.475317831118815,8.16515138991168,202.21832630451948,9.16515138991168,766.1377166977193,80.78778174794095,6564,0.09970969386551838,6537,27,0,0.9958866544789763,0.004113345521023766,0.0,True,1467.0,21.609271228609746,0.6206277447576338,1468,0,0.0,,0.2703282642657088,0.36882581857118074,
257,275,34.438990744685285,34.80583547552976,1.0,24.7660229,2.0,1151.3424578540003,52.57017781760305,3450,0.05240683178489312,3367,83,0,0.9759420289855072,0.024057971014492755,0.0,True,3597.0,33.83726733356426,0.977322615438551,3597,0,0.0,,0.31451985913875646,0.40269974784927715,
258,275,35.87354665542424,34.80583547552976,5.0990195135927845,126.28243404118575,6.0990195135927845,1133.390725888003,86.18908520039878,5112,0.07765325335778944,5055,57,0,0.988849765258216,0.011150234741784037,0.0,True,1691.0,23.200474511026496,0.6564990754458183,1691,0,0.0,,0.26968623182294527,0.3228287342177362,
259,336,35.20052874063707,30.912703688944195,1.0,24.7660229,2.0,1067.0210781917021,82.18041315373907,4564,0.06932892181630498,4561,3,0,0.9993426818580193,0.0006573181419807187,0.0,True,3281.0,32.31678722535731,0.9776193369392027,3282,0,0.0,,0.3090169943749474,0.4,
260,318,34.90951045275941,32.73617840351093,1.0,24.7660229,2.0,522.5551085878955,10.671283854712462,2667,0.04051275952762607,2667,0,0,1.0,0.0,0.0,True,2639.0,28.98309489407616,0.8569088550685845,2640,0,0.0,,0.3090169943749474,,
253,342,35.51364896558651,27.740464774497518,1.0,24.7660229,2.0,1004.5991993775534,81.0331797661795,3932,0.05972859784875354,3861,71,0,0.981943031536114,0.018056968463886065,0.0,True,2439.0,27.86319817254052,0.8809924453935921,2443,0,0.0,,0.3203772410170408,0.3761785115301142,
255,287,35.066240216631456,34.71587335010855,1.0,24.7660229,2.0,860.6233366195331,77.98257165002305,3930,0.05969821707670433,3575,355,0,0.9096692111959288,0.09033078880407125,0.0,True,616.0,14.002817212590296,0.4013296960172444,617,0,0.0,,0.2989350844248255,0.39352981872163206,
255,314,35.066240216631456,33.98517876129603,1.0,24.7660229,2.0,885.4656545557061,60.46836428160001,2958,0.044933161860786615,2197,761,0,0.7427315753887762,0.2572684246112238,0.0,True,1110.0,18.79691393990002,0.5444323728063725,1119,0,0.0,,0.2612038749637415,0.4,
257,258,34.438990744685285,35.87354665542424,1.0,24.7660229,2.0,1153.9323038969103,59.263556359568064,3542,0.05380434729915693,3537,5,0,0.9985883681535855,0.001411631846414455,0.0,True,3425.0,33.01834884090183,0.9391880896862753,3488,0,0.0,,0.3090169943749474,0.38742588672279316,
262,265,34.40124206740076,34.81049869841915,2.6502815398728847,65.63693330793913,3.6502815398728847,1139.857838458493,46.961707259826476,3505,0.05324230301624648,3490,15,0,0.9957203994293866,0.0042796005706134095,0.0,True,2133.0,26.05676471149144,0.7529579352629004,2133,0,0.0,,0.28172904669025317,0.3228287342177362,
262,334,34.40124206740076,34.23672177301168,1.0,24.7660229,2.0,1166.9001291951354,86.89613350159387,3237,0.04917127956165189,3236,1,0,0.9996910719802286,0.00030892801977139327,0.0,True,1648.0,22.903595622322865,0.667373982001423,1796,0,0.0,,0.3090169943749474,0.3430703308172536,
262,349,34.40124206740076,30.46771793989568,17.0,421.0223893,18.0,1199.1582441430169,23.546901177904722,10641,0.1616408976878399,3094,7547,0,0.29076214641481063,0.7092378535851893,0.0,False,1.0,0.5641895835477563,0.017394747302386115,64,0,0.0,,0.10974876413995832,0.373449114522949,
264,267,35.3885951883482,35.08616142807222,1.0,24.7660229,2.0,876.2939071187112,79.32364581247406,3213,0.04880671029706132,3059,154,0,0.9520697167755992,0.04793028322440087,0.0,True,2893.0,30.345848162964675,0.8611834824242351,2893,0,0.0,,0.30484544052339907,0.4176890859898589,
264,279,35.3885951883482,35.05653012668944,4.155870949147037,102.92439509602025,5.155870949147037,857.3622433956864,71.03788597654982,4997,0.07590635896495967,4959,38,0,0.9923954372623575,0.0076045627376425855,0.0,True,2745.0,29.55944244356624,0.8392189611807335,2745,0,0.0,,0.27718637277259645,0.322957853241322,
265,296,34.81049869841915,34.303598480494024,1.0,24.7660229,2.0,1083.683620774033,28.81818116350947,2917,0.04431035603377774,2910,7,0,0.9976002742543709,0.0023997257456290708,0.0,True,2514.0,28.288355446473904,0.8185987114392845,2514,0,0.0,,0.3090169943749474,0.3516287047744073,
265,334,34.81049869841915,34.23672177301168,1.0,24.7660229,2.0,1141.7762983090986,37.3202818372266,3279,0.04980927577468537,3268,11,0,0.996645318694724,0.003354681305275999,0.0,True,2595.0,28.740461976922653,0.8324871524354666,2595,0,0.0,,0.3090169943749474,0.3827822185373187,
265,336,34.81049869841915,30.912703688944195,3.1815405503520555,78.79410612729761,4.1815405503520555,1088.9322146770692,47.84452765737975,2741,0.04163684809344696,2740,1,0,0.9996351696461145,0.00036483035388544326,0.0,True,1933.0,24.8051004834342,0.754835418311981,1933,0,0.0,,0.28172904669025317,0.25428627101618895,
267,277,35.08616142807222,35.38967537586831,3.8989794855663558,96.56221522616659,4.898979485566356,912.9235761280181,37.43591507106974,4858,0.07379489530753934,4840,18,0,0.9962947715109098,0.0037052284890901604,0.0,True,2819.0,29.955226074127797,0.8500850059421474,2820,0,0.0,,0.2791745113185196,0.357387275848345,
267,279,35.08616142807222,35.05653012668944,3.8989794855663558,96.56221522616659,4.898979485566356,863.932417327582,59.837466920138745,4503,0.06840230826880397,4443,60,0,0.9866755496335776,0.013324450366422385,0.0,True,2602.0,28.77919949981624,0.820590110299597,2602,0,0.0,,0.27718637277259645,0.3836340870000349,
268,289,34.82612124078988,34.72979985679908,1.0,24.7660229,2.0,963.8215270629332,23.718826168012303,2973,0.04516101765115572,2968,5,0,0.9983181971072991,0.0016818028927009755,0.0,True,3667.0,34.16492869355884,0.9823729785886801,3669,0,0.0,,0.3090169943749474,0.37268226712382524,
268,305,34.82612124078988,35.175849743667186,1.0,24.7660229,2.0,1026.9803648582433,24.98876340662999,4441,0.06746050433527835,4415,26,0,0.9941454627336186,0.0058545372663814455,0.0,True,4398.0,37.415596740347624,1.0689869503433043,4398,0,0.0,,0.3090169943749474,0.4259293320260172,
270,298,35.08609678541182,33.969255702664874,1.0,24.7660229,2.0,671.4983309698496,35.61438986311219,2899,0.044036929085334825,2804,95,0,0.9672300793377027,0.03276992066229734,0.0,True,2071.0,25.67527554451228,0.7436143505007944,2071,0,0.0,,0.3090169943749474,0.40453726661826384,
270,312,35.08609678541182,34.1010155930165,1.0,24.7660229,2.0,646.9343419987528,83.20157184775826,3093,0.046983863974108524,3002,91,0,0.9705787261558357,0.029421273844164243,0.0,True,1873.0,24.41709271846753,0.7058277728058637,1875,0,0.0,,0.3090169943749474,0.407669683062202,
271,276,35.14127952602509,34.51818173795656,1.0,24.7660229,2.0,715.9661386562726,88.17521344920843,3068,0.04660410432349336,3015,53,0,0.9827249022164276,0.01727509778357236,0.0,True,1983.0,25.12386324398493,0.721333837158903,1984,0,0.0,,0.3090169943749474,0.4142135623730951,
271,298,35.14127952602509,33.969255702664874,7.0670198723450905,175.0219759932536,8.06701987234509,708.6237571862508,77.40503190272285,5982,0.09086888919919728,5919,63,0,0.9894684052156469,0.01053159478435306,0.0,True,1312.0,20.435815879801165,0.5913950980752241,1312,0,0.0,,0.2687959533979826,0.35891301450048047,
268,342,34.82612124078988,27.740464774497518,1.0,24.7660229,2.0,1002.8119220655897,78.89628131570453,2602,0.039525384436026635,2588,14,0,0.994619523443505,0.005380476556495004,0.0,True,2411.0,27.70280013986166,0.885546164628283,2415,0,0.0,,0.3090169943749474,0.4195106216501436,
269,305,34.74648375308635,35.175849743667186,1.8284271247461903,45.2828680424453,2.8284271247461903,1066.7024961835746,74.92071854917263,3973,0.060351403675762416,3952,21,0,0.9947143216712812,0.005285678328718852,0.0,True,3353.0,32.669451302007666,0.9344496863373272,3356,0,0.0,,0.28989794855663564,0.44151844011225294,
269,310,34.74648375308635,33.19305831739146,4.0197648378370845,99.55358802648801,5.0197648378370845,1098.6785369739946,52.38701772484409,3674,0.055809478254405014,3665,9,0,0.997550353837779,0.0024496461622210124,0.0,True,1792.0,23.883285285767386,0.7030746619101966,1792,0,0.0,,0.2801868778094689,0.3126480851423008,
270,276,35.08609678541182,34.51818173795656,7.246211251235321,179.45983378633161,8.246211251235321,678.8407124398714,24.981901023345515,5268,0.08002295357762809,5174,94,0,0.9821564160971906,0.017843583902809414,0.0,True,1384.0,20.98906578384008,0.6030970000441389,1384,0,0.0,,0.27013511384464434,0.2303282396420212,
272,293,34.74035279998909,34.94004339665826,7.60555127546399,188.35925705526537,8.60555127546399,982.3522421422058,71.60259199878696,5984,0.09089926997124649,5958,26,0,0.9956550802139037,0.004344919786096257,0.0,True,1970.0,25.041375277369806,0.7187495090211518,1970,0,0.0,,0.26747889038858924,0.3518906761712831,
272,296,34.74035279998909,34.303598480494024,4.855156433186538,120.24291540738012,5.855156433186538,1023.8000904856157,39.73119511644123,4977,0.07560255124446755,4883,94,0,0.9811131203536266,0.018886879646373318,0.0,True,1745.0,23.568002702620237,0.6826956530016057,1745,0,0.0,,0.27718637277259645,0.2777203510029469,
272,321,34.74035279998909,33.119731168111855,1.0,24.7660229,2.0,990.4530286868339,82.45485519638888,3132,0.047576289029068186,3083,49,0,0.9843550446998723,0.015644955300127713,0.0,True,2811.0,29.912691120369555,0.8815990010985144,2811,0,0.0,,0.3090169943749474,0.4305008740430604,
273,324,34.67786514524556,34.87316671200434,4.0197648378370845,99.55358802648801,5.0197648378370845,918.9969332578488,54.27251575485944,3079,0.04677119856976403,3066,13,0,0.9957778499512829,0.004222150048717116,0.0,True,2930.0,30.539285625543155,0.878183538332646,2930,0,0.0,,0.2801868778094689,0.38208552579183985,
274,280,35.190250031736774,34.98249199309273,1.7320508075688772,42.89600996421431,2.732050807568877,481.26372044663395,82.51912557686025,2704,0.04107480381053651,2665,39,0,0.9855769230769231,0.014423076923076924,0.0,True,1067.0,18.429233531487537,0.5252533391089848,1068,0,0.0,,0.28330039409901914,0.407669683062202,
274,299,35.190250031736774,34.85476988985947,5.422466567392307,134.29293118252227,6.422466567392307,464.4077458508808,55.42779545196073,5600,0.08506616173779752,5572,28,0,0.995,0.005,0.0,True,2278.0,26.9278651349615,0.7688730809157531,2278,0,0.0,,0.27572628937504057,0.3437711137022257,
276,298,34.51818173795656,33.969255702664874,3.4721359549995796,85.99099857343296,4.47213595499958,707.5056557254576,78.53198748381476,3983,0.06050330753600849,3878,105,0,0.9736379613356766,0.026362038664323375,0.0,True,1421.0,21.267777229112745,0.6210709007050204,1423,0,0.0,,0.27429188517743175,0.41421356237309503,
277,293,35.38967537586831,34.94004339665826,1.0,24.7660229,2.0,956.3603042471098,67.77655586504171,3269,0.0496573719144393,3245,24,0,0.9926583052921383,0.007341694707861731,0.0,True,2237.0,26.684437700523873,0.7588381744232942,2238,0,0.0,,0.3090169943749474,0.3629003269703467,
287,306,34.71587335010855,34.88324072794575,1.0,24.7660229,2.0,837.1413728237875,62.96283353833428,3144,0.04775857366136346,3121,23,0,0.9926844783715013,0.007315521628498728,0.0,True,1666.0,23.028336248678393,0.6617422234096969,1666,0,0.0,,0.3090169943749474,0.4068781988545112,
288,289,34.64806137207997,34.72979985679908,1.0,24.7660229,2.0,925.10150459798,80.16915064229889,3053,0.046376248533124255,3023,30,0,0.9901735997379627,0.00982640026203734,0.0,True,2715.0,29.397471676812476,0.8474597272415068,2715,0,0.0,,0.3090169943749474,0.40453726661826384,
289,340,34.72979985679908,29.386892596756987,1.0,24.7660229,2.0,897.0498722659181,16.292843868271515,2267,0.03443660511778339,2051,216,0,0.9047198941332157,0.0952801058667843,0.0,True,1722.0,23.41216828934235,0.7302986911341792,1722,0,0.0,,0.29581631632448924,0.4142135623730951,
290,332,34.97130390185268,34.13724573622004,3.8989794855663558,96.56221522616659,4.898979485566356,653.3368304984367,28.344418026721268,6273,0.09528929153235782,6201,72,0,0.9885222381635581,0.011477761836441894,0.0,True,2600.0,28.76813695875796,0.8325492897599244,2623,0,0.0,,0.27718637277259645,0.3715555634923438,
278,301,34.601265443834954,34.55820772681524,6.69041575982343,165.69498991830795,7.69041575982343,451.0411246596159,44.34784516177171,6113,0.09285882976842076,6057,56,0,0.9908391951578603,0.009160804842139702,0.0,True,2770.0,29.693743191606885,0.8587035681529246,2770,0,0.0,,0.27195617308673,0.3231980349901291,
280,303,34.98249199309273,33.97945920679168,2.4641016151377544,61.02599702842861,3.4641016151377544,455.0784942799719,54.540423642584926,3246,0.04930799303587335,3236,10,0,0.9969192852741836,0.0030807147258163892,0.0,True,1650.0,22.917489221187704,0.6646415544351976,1650,0,0.0,,0.28172904669025317,0.4170409888650807,
281,334,34.692218896429786,34.23672177301168,1.0,24.7660229,2.0,1161.6367528128453,78.26848477970324,3251,0.04938394496599638,3225,26,0,0.9920024607812981,0.007997539218701938,0.0,True,2386.0,27.558798748031897,0.7996292552991359,2421,0,0.0,,0.3090169943749474,0.4142135623730951,
283,292,35.09320605055566,34.25809377795667,1.0,24.7660229,2.0,796.6885107845189,65.97861840075379,2952,0.04484201954463898,2949,3,0,0.9989837398373984,0.0010162601626016261,0.0,True,3125.0,31.539156525252,0.909547668269812,3125,0,0.0,,0.3090169943749474,0.3333333333333333,
301,322,34.55820772681524,31.96084121629294,1.0,24.7660229,2.0,501.32986432369626,48.622699518388664,2642,0.0401329998770109,2642,0,0,1.0,0.0,0.0,True,2006.0,25.269143865289227,0.7597566190972213,2006,0,0.0,,0.3090169943749474,,
303,330,33.97945920679168,33.601507417777036,1.0,24.7660229,2.0,416.00282334919734,59.107581164485126,2656,0.04034566528135539,2602,54,0,0.9796686746987951,0.02033132530120482,0.0,True,1281.0,20.192943425895987,0.5975926191785171,1310,0,0.0,,0.3090169943749474,0.4211646096066227,
305,310,35.175849743667186,33.19305831739146,1.0,24.7660229,2.0,1089.3976846485775,24.41161310936619,2726,0.04140899230307786,2725,1,0,0.9996331621423331,0.00036683785766691124,0.0,True,3093.0,31.377260523609525,0.9178809904521874,3093,0,0.0,,0.3090169943749474,0.4772255750516612,
305,342,35.175849743667186,27.740464774497518,1.0,24.7660229,2.0,1033.2532010655038,38.435762614557184,2557,0.03884181706491933,2521,36,0,0.9859210011732499,0.014078998826750098,0.0,True,2538.0,28.423062662817685,0.9035196317677381,2539,0,0.0,,0.3164309725825327,0.3654279342371519,
307,319,34.90049694486924,34.32123967379236,3.2426406871192857,80.30731351366796,4.242640687119286,523.9543850022795,42.21397826023425,4368,0.06635160615548207,3978,390,0,0.9107142857142857,0.08928571428571429,0.0,True,1530.0,22.068396540328884,0.6376146458706275,1568,0,0.0,,0.2708131845707603,0.37268226712382524,
307,322,34.90049694486924,31.96084121629294,1.0,24.7660229,2.0,537.5383692377617,66.73418944031692,2625,0.03987476331459259,2579,46,0,0.9824761904761905,0.017523809523809525,0.0,True,1912.0,24.669991941291908,0.7379449056741133,1913,0,0.0,,0.3090169943749474,0.37406669614897287,
312,329,34.1010155930165,34.44046676852528,1.0,24.7660229,2.0,624.0147671037803,38.44613203894463,2601,0.03951019405000203,2585,16,0,0.9938485198000769,0.006151480199923107,0.0,True,1532.0,22.082815618339236,0.6443635257801128,1532,0,0.0,,0.30901699437494745,0.3744038111608787,
319,326,34.32123967379236,34.431205980390885,1.414213562373095,35.02444547122265,2.414213562373095,462.4663157186084,17.716015872840348,2772,0.042107750060209774,2707,65,0,0.9765512265512265,0.023448773448773448,0.0,True,1693.0,23.21419042975993,0.6752978809371987,1693,0,0.0,,0.28989794855663564,0.3816524151396708,
284,321,34.78223748954251,33.119731168111855,8.12403840463596,201.20012116969366,9.12403840463596,1001.161699881897,66.88846138878179,6125,0.09304111440071604,5863,262,0,0.9572244897959183,0.04277551020408163,0.0,True,1790.0,23.869953838853256,0.7030710393449683,1790,0,0.0,,0.2636541189343806,0.3660254037844386,
285,304,34.41938788721628,34.87656897857619,1.0,24.7660229,2.0,451.00221084088435,87.3045755109795,2878,0.043717930978818084,2878,0,0,1.0,0.0,0.0,True,2780.0,29.747293718772774,0.8585578456297309,2784,0,0.0,,0.2989350844248255,,
286,311,35.12896718790672,34.45220336402628,1.0,24.7660229,2.0,233.8694443606355,55.07220378162857,2920,0.044355927191851566,2906,14,0,0.9952054794520548,0.004794520547945206,0.0,True,3070.0,31.260379885475437,0.8985298648330086,3076,0,0.0,,0.3090169943749474,0.44151844011225294,
286,348,35.12896718790672,46.827141755479246,2.0,49.5320458,3.0,188.93390140278518,16.20744280175198,8051,0.12229779788410854,7858,193,0,0.9760278226307291,0.0239721773692709,0.0,True,8907.0,53.2464661385056,1.2993898032735411,12017,0,0.0,,0.27149702790318514,0.34833147735478825,
295,347,35.16208130431738,46.886836338127345,6.0,148.5961374,7.0,1207.0643288035772,28.064138838503872,13340,0.20263974956825337,6031,7309,0,0.45209895052473764,0.5479010494752624,0.0,False,1284.0,20.216574731145414,0.49279320951547023,1673,0,0.0,,0.12336030710658481,0.31117804156868345,
297,301,34.215866842983104,34.55820772681524,1.0,24.7660229,2.0,497.55763639282134,57.22746445742126,3013,0.045768633092139986,3011,2,0,0.9993362097577165,0.0006637902422834385,0.0,True,1335.0,20.614162560127458,0.5994748075950127,1335,0,0.0,,0.3090169943749474,0.32808103377553477,
298,312,33.969255702664874,34.1010155930165,1.0,24.7660229,2.0,675.599285284339,43.732533185280495,3027,0.04598129849648448,3019,8,0,0.9973571192599934,0.002642880740006607,0.0,True,2189.0,26.396597145395802,0.7755690301493039,2189,0,0.0,,0.31339216579491175,0.4399953084131193,
298,332,33.969255702664874,34.13724573622004,1.0,24.7660229,2.0,691.9727033911151,76.38340079437678,2862,0.043474884802424375,2818,44,0,0.9846261355695318,0.015373864430468204,0.0,True,2327.0,27.215934765311314,0.7992169378934673,2328,0,0.0,,0.3090169943749474,0.4211646096066227,
246,327,35.960032080478044,76.24081536605512,1.0,24.7660229,2.0,1209.2652252589933,17.621985526369038,29633,0.45013670906717035,18774,10859,0,0.6335504336381736,0.36644956636182635,0.0,True,4977.0,39.80236555202123,0.7094842232985481,8655,0,0.0,,0.21089672205953397,0.35388936786452296,
247,311,37.268185251592925,34.45220336402628,5.422466567392307,134.29293118252227,6.422466567392307,272.3057988787667,61.863617844454836,7098,0.10782136000265835,6692,406,0,0.9428007889546351,0.05719921104536489,0.0,True,1328.0,20.56004690782767,0.5733389710983835,1329,0,0.0,,0.25987517556175926,0.39146931960533626,
249,304,34.25809377795667,34.87656897857619,7.0,173.3621603,8.0,414.4595831041777,8.583555702314488,5739,0.08717762539521785,5719,20,0,0.9965150723122496,0.003484927687750479,0.0,True,1896.0,24.566553364370574,0.7106870095218383,1899,0,0.0,,0.27149702790318514,0.21371765918994742,
250,288,34.60844239265844,34.64806137207997,3.1815405503520555,78.79410612729761,4.1815405503520555,933.7836479968373,66.60729441338836,3949,0.059986834411171856,3828,121,0,0.9693593314763231,0.03064066852367688,0.0,True,1345.0,20.691225118808177,0.5975243910404558,1345,0,0.0,,0.27669677546737487,0.3811428388606529,
345,349,36.00539057909808,30.46771793989568,1.0,24.7660229,2.0,1242.671270968297,58.153308485561105,17304,0.26285443976979433,16033,1271,0,0.9265487748497457,0.07345122515025428,0.0,True,66.0,4.583497844237541,0.13790532581842083,747,0,0.0,,0.28989794855663564,0.4,
346,463,40.796205335595424,21.248169327733482,1.0,24.7660229,2.0,1266.007141280421,35.00940003527051,2303,0.03498345901466923,2013,290,0,0.8740772904906644,0.12592270950933565,0.0,True,662.0,14.516237276018515,0.4679308109651488,1261,0,0.0,,0.2553967929896867,0.3827822185373187,
348,354,46.827141755479246,31.967928810104226,1.0,24.7660229,2.0,164.25948697514818,89.97266122694127,12717,0.1931761390749234,11268,1449,0,0.8860580325548478,0.11394196744515216,0.0,True,3371.0,32.75702407615134,0.831448562480484,3398,0,0.0,,0.3266316347104093,0.41421356237309503,
350,355,28.732463755132116,41.66664142472251,1.0,24.7660229,2.0,1310.793302012964,62.57234305123721,21940,0.333277069379871,20036,1904,0,0.9132178669097539,0.08678213309024613,0.0,True,2185.0,26.372468623767148,0.7492273816944446,2278,0,0.0,,0.2572842744474721,0.3827822185373187,
350,356,28.732463755132116,23.785068087522713,1.0,24.7660229,2.0,1312.54074815767,4.85384706905436,19363,0.2941314445944595,18379,984,0,0.9491814284976502,0.05081857150234984,0.0,True,10.0,1.7841241161527712,0.06794394380520763,2357,0,0.0,,0.3090169943749474,0.41421356237309503,
350,415,28.732463755132116,26.33605774456795,1.0,24.7660229,2.0,1292.676805715506,88.23373607397545,13445,0.2042347401008371,12464,981,0,0.92703607288955,0.07296392711044998,0.0,True,1205.0,19.584775026828055,0.7112874830654288,1440,0,0.0,,0.3090169943749474,0.41421356237309503,
350,438,28.732463755132116,25.832686802586217,1.0,24.7660229,2.0,1317.041918581991,43.91115232728708,7970,0.1210673766161154,7736,234,0,0.9706398996235884,0.029360100376411544,0.0,True,361.0,10.71960208740737,0.39291019919640136,1030,0,0.0,,0.3090169943749474,0.38742588672279316,
350,466,28.732463755132116,28.350810193063293,1.0,24.7660229,2.0,1271.8315384673735,37.25756443457084,12143,0.18445685749679916,11914,229,0,0.9811413983364902,0.01885860166350984,0.0,True,1317.0,20.47471904823244,0.7173631654979633,1495,0,0.0,,0.2989350844248255,0.4,
294,307,34.69235113383544,34.90049694486924,1.0,24.7660229,2.0,560.3868377880538,74.80556225952252,3105,0.0471661486064038,3105,0,0,1.0,0.0,0.0,True,2247.0,26.744014550081626,0.7685851431122923,2247,0,0.0,,0.3090169943749474,,
294,329,34.69235113383544,34.44046676852528,3.8989794855663558,96.56221522616659,4.898979485566356,583.377619233037,68.47254519530641,4010,0.060913447958672866,3943,67,0,0.9832917705735661,0.016708229426433914,0.0,True,1555.0,22.247963345344548,0.6436295820247429,1555,0,0.0,,0.27669677546737487,0.356789172325331,
295,327,35.16208130431738,76.24081536605512,3.0,74.2980687,4.0,1205.921528023984,52.642747375568334,8482,0.12884485426071401,3438,5044,0,0.4053289318556944,0.5946710681443056,0.0,False,2404.0,27.66255531193445,0.496621831904148,4221,0,0.0,,0.14285714285714285,0.3413777695585852,
295,331,35.16208130431738,34.84225419345551,1.0,24.7660229,2.0,1175.2116054183157,80.58293152797309,3372,0.05122198167497379,3313,59,0,0.982502965599051,0.01749703440094899,0.0,True,3357.0,32.68893219300663,0.9339116487734274,3359,0,0.0,,0.3090169943749474,0.4270509831248423,
355,356,41.66664142472251,23.785068087522713,1.0,24.7660229,2.0,1329.625327256756,86.92350799559628,18708,0.28418174174834215,17913,795,0,0.9575048107761386,0.04249518922386145,0.0,True,158.0,7.091753098990329,0.21670184482083074,2530,0,0.0,,0.2898979485566356,0.3761785115301142,
355,424,41.66664142472251,36.07596650078702,1.0,24.7660229,2.0,1334.4136217511111,80.8486932348555,40367,0.6131903126552987,37696,2671,0,0.9338320905690292,0.06616790943097084,0.0,True,2817.0,29.94459799996885,0.7703522894076514,3341,0,0.0,,0.2553967929896867,0.36602540378443865,
355,455,41.66664142472251,19.984007733565008,1.0,24.7660229,2.0,1349.4861735802547,33.64168264923326,33963,0.5159110805537174,31584,2379,0,0.9299531843476725,0.07004681565232754,0.0,True,4023.0,35.784922413181086,1.1608936126950942,4435,0,0.0,,0.28989794855663564,0.38742588672279316,
356,358,23.785068087522713,23.09617180254813,1.0,24.7660229,2.0,1351.5287142919492,22.642246276744615,7021,0.10665170027876364,6797,224,0,0.9680957128614157,0.031904287138584245,0.0,True,970.0,17.5715847207438,0.7496211602741911,1077,0,0.0,,0.3090169943749474,0.4142135623730951,
351,352,18.87844433833947,40.59893067012105,1.0,24.7660229,2.0,1352.2967431407797,14.306028551247278,20964,0.31845125261985485,19897,1067,0,0.9491032245754627,0.0508967754245373,0.0,True,2565.0,28.573849199249008,0.9608308771254429,2652,0,0.0,,0.28989794855663564,0.4,
352,434,40.59893067012105,36.11127319531098,1.0,24.7660229,2.0,1329.6895176323374,87.0894823424222,36189,0.5497248798444918,33788,2401,0,0.9336538727237559,0.06634612727624416,0.0,True,221.0,8.387281135541944,0.21867445823127346,4283,0,0.0,,0.2553967929896867,0.3613020955135854,
352,442,40.59893067012105,24.394699048950876,1.0,24.7660229,2.0,1342.7245131197465,60.18652100019729,17376,0.263948147563566,16810,566,0,0.9674263351749539,0.03257366482504604,0.0,True,2869.0,30.219713159811683,0.9299284650028993,2921,0,0.0,,0.28989794855663564,0.4,
352,449,40.59893067012105,18.99053592480251,1.0,24.7660229,2.0,1307.498282873979,51.541425759498104,11939,0.18135801874777938,11171,768,0,0.9356730044392327,0.06432699556076724,0.0,True,919.0,17.10341443697438,0.5740415349994565,1006,0,0.0,,0.28989794855663564,0.38742588672279304,
356,438,23.785068087522713,25.832686802586217,1.0,24.7660229,2.0,1335.873943825783,79.03760513133054,5164,0.078443153431069,4984,180,0,0.965143299767622,0.034856700232378,0.0,True,37.0,3.431831258788849,0.13833077560197987,1159,0,0.0,,0.3090169943749474,0.4142135623730951,
357,363,40.59917206517548,25.907121346708056,1.0,24.7660229,2.0,1324.7925915943438,7.469668073810233,39937,0.6066584466647178,37708,2229,0,0.9441870946741118,0.05581290532588827,0.0,True,1671.0,23.06286668680011,0.6935544142858268,1919,0,0.0,,0.27429188517743175,0.3827822185373187,
357,456,40.59917206517548,25.333097423353266,1.0,24.7660229,2.0,1327.761132105927,56.27173630702054,19244,0.29232378865753134,18064,1180,0,0.938682186655581,0.06131781334441904,0.0,True,100.0,5.641895835477563,0.1711421699645625,1906,0,0.0,,0.28172904669025317,0.36602540378443865,
358,438,23.09617180254813,25.832686802586217,1.0,24.7660229,2.0,1356.0298847162703,43.49969287661895,9368,0.14230353627851555,8918,450,0,0.9519641332194705,0.048035866780529464,0.0,True,907.0,16.991382132383997,0.6945341713162713,1024,0,0.0,,0.3090169943749474,0.4206322727489687,
359,366,31.84088850487245,28.838489630480858,1.0,24.7660229,2.0,106.1215821946862,77.38771229985257,14551,0.22103530704405208,14325,226,0,0.9844684214143358,0.015531578585664216,0.0,True,16.0,2.256758334191025,0.07438304094537786,3253,0,0.0,,0.3090169943749474,0.40453726661826384,
359,367,31.84088850487245,31.74310270106893,1.0,24.7660229,2.0,117.19685883175602,49.633897174697594,13505,0.20514616326231347,12900,605,0,0.9552017771195853,0.04479822288041466,0.0,True,8126.0,50.858491278541514,1.599726293173909,8682,0,0.0,,0.3090169943749474,0.4305008740430604,
359,382,31.84088850487245,24.686320985722883,1.0,24.7660229,2.0,86.87613505092355,53.344662877414706,8038,0.12210032286578865,8038,0,0,1.0,0.0,0.0,True,19.0,2.4592453796829674,0.08701103068221057,767,0,0.0,,0.3090169943749474,,
359,390,31.84088850487245,28.194811826711984,1.0,24.7660229,2.0,80.8434888197363,53.798312367608276,77,0.0011696597238947158,77,0,0,1.0,0.0,0.0,True,2.0,0.7978845608028654,0.026580336579603552,1682,0,0.0,,0.21393876913398138,,
341,449,55.01872470595096,18.99053592480251,1.0,24.7660229,2.0,1262.1712911634097,51.85193845853654,11590,0.17605657402519165,10174,1416,0,0.8778257118205349,0.12217428817946506,0.0,True,1624.0,22.736210219877808,0.6144152779288841,1758,0,0.0,,0.2553967929896867,0.4,
341,453,55.01872470595096,31.327324774196942,1.0,24.7660229,2.0,1230.665517840273,80.52471547612667,64786,0.9841243489901697,58522,6264,0,0.9033124440465533,0.09668755595344673,0.0,True,238.0,8.703892974511014,0.20160489164040224,1556,0,0.0,,0.2553967929896867,0.3761785115301142,
341,469,55.01872470595096,19.49134135614037,1.0,24.7660229,2.0,1245.9184642657574,69.30008216483007,83169,1.2633692152805145,81391,1778,0,0.9786218422729622,0.02137815772703772,0.0,True,5395.0,41.440099372003814,1.112335596038007,5751,0,0.0,,0.2612038749637414,0.40269974784927715,
345,347,36.00539057909808,46.886836338127345,1.0,24.7660229,2.0,1248.3289768975715,85.34505266539159,17463,0.2652697111477068,14045,3418,0,0.8042718891370326,0.19572811086296743,0.0,True,140.0,6.6755811781245455,0.16106651796894422,1058,0,0.0,,0.24336073281110826,0.3585701736362872,
359,393,31.84088850487245,17.018009403791524,1.0,24.7660229,2.0,74.52527278393514,13.638879175830919,3302,0.050158654653251325,3302,0,0,1.0,0.0,0.0,True,33.0,3.2410224072142872,0.1326686661362277,343,0,0.0,,0.3203772410170408,,
360,377,43.78870243933921,21.48849960006879,1.0,24.7660229,2.0,78.83921046754253,29.058949241060297,5142,0.07810896493852765,5142,0,0,1.0,0.0,0.0,True,2840.0,30.066594033278285,0.9211973887951574,3068,0,0.0,,0.28989794855663564,,
360,384,43.78870243933921,25.84246143675489,1.0,24.7660229,2.0,86.59976909684342,61.1043225626999,18971,0.2881768132728137,18879,92,0,0.9951504928575193,0.004849507142480628,0.0,True,2651.0,29.048915784814227,0.8343653665334569,2848,0,0.0,,0.27429188517743175,0.37406669614897287,
360,387,43.78870243933921,16.668801450430315,1.0,24.7660229,2.0,73.95490697695278,15.299447411766222,5109,0.07760768219971563,5085,24,0,0.995302407516148,0.004697592483852026,0.0,True,874.0,16.679413674486074,0.5517731497779724,1003,0,0.0,,0.3090169943749474,0.3870333480744864,
322,323,31.96084121629294,31.609547132149697,1.0,24.7660229,2.0,494.9205951733571,27.162148630910902,2248,0.03414798778331586,2247,1,0,0.9995551601423488,0.00044483985765124553,0.0,True,1903.0,24.611861234123552,0.7743184169088532,1905,0,0.0,,0.3090169943749474,0.27429188517743175,
325,330,33.37415112376185,33.601507417777036,1.0,24.7660229,2.0,381.45830306905367,54.915536221630994,4208,0.06392114439154499,4208,0,0,1.0,0.0,0.0,True,1314.0,20.451386027492145,0.6107110097262581,1326,0,0.0,,0.31451985913875646,,
327,347,76.24081536605512,46.886836338127345,1.0,24.7660229,2.0,1243.5074300204597,88.9147965476279,136119,2.0677001552834393,115753,20366,0,0.8503809166978894,0.14961908330211066,0.0,True,172.0,7.399277020331919,0.12018871338680094,7218,0,0.0,,0.22048120921154243,0.34514099850039526,
327,388,76.24081536605512,26.218158804703336,1.0,24.7660229,2.0,1235.5876609531085,82.19434788085853,62604,0.9509789266844778,59709,2895,0,0.9537569484377995,0.0462430515622005,0.0,True,545.0,13.171138446245484,0.2571007284202245,7952,0,0.0,,0.23166247903554,0.38742588672279304,
337,456,50.327341974011354,25.333097423353266,3.7320508075688767,92.42805576421429,4.732050807568877,1269.7561428202864,30.548452346633738,3776,0.0573588976289149,3532,244,0,0.9353813559322034,0.0646186440677966,0.0,True,7590.0,49.15253845057213,1.299292968480545,7616,0,0.0,,0.2553967929896867,0.3609735026231546,
338,345,60.87639952298429,36.00539057909808,1.0,24.7660229,2.0,1249.0201073917597,86.71320490658984,38244,0.5809411231250586,35680,2564,0,0.9329568036816233,0.06704319631837674,0.0,True,1760.0,23.66908109081279,0.488617748823038,2462,0,0.0,,0.25,0.3874258867227931,
338,349,60.87639952298429,30.46771793989568,1.0,24.7660229,2.0,1239.6836553649669,80.46480857148643,38596,0.5862881390057202,35142,3454,0,0.9105088610218676,0.08949113897813245,0.0,True,3.0,0.9772050238058398,0.021396123821612312,2859,0,0.0,,0.25,0.3704152082810797,
341,346,55.01872470595096,40.796205335595424,1.0,24.7660229,2.0,1236.4017542467777,89.2534707549086,85838,1.30391235558019,73372,12466,0,0.8547729443836063,0.14522705561639368,0.0,True,8.0,1.5957691216057308,0.033309404305024035,3555,0,0.0,,0.2402530733520421,0.36602540378443865,
361,370,22.9993966964367,28.16575170472293,1.0,24.7660229,2.0,57.15610902437207,89.1127820801557,5296,0.08044828438631708,5064,232,0,0.9561933534743202,0.04380664652567976,0.0,True,2595.0,28.740461976922653,1.1234390156199086,2681,0,0.0,,0.3090169943749474,0.4270509831248423,
361,385,22.9993966964367,30.270388324328074,1.0,24.7660229,2.0,73.85745567770573,26.86703437812645,10665,0.16200546695243045,10476,189,0,0.9822784810126582,0.017721518987341773,0.0,True,1324.0,20.529059630371258,0.7707581182228894,1417,0,0.0,,0.3090169943749474,0.4142135623730951,
362,373,32.190865033709606,34.82717099303634,1.0,24.7660229,2.0,69.37192562435789,68.32125499645618,12823,0.19478631999353171,11939,884,0,0.9310613740934259,0.06893862590657412,0.0,True,11315.0,60.0139680588577,1.7909796113663188,11482,0,0.0,,0.29581631632448924,0.4270509831248423,
362,386,32.190865033709606,26.85414479787558,1.0,24.7660229,2.0,80.93484034730547,5.004454894434752,8084,0.12279908062292055,7427,657,0,0.9187283523008412,0.08127164769915883,0.0,True,3374.0,32.77159678721972,1.110054749103931,3687,0,0.0,,0.2989350844248255,0.4270509831248423,
365,380,26.832277941122175,33.20424962617177,1.0,24.7660229,2.0,113.3265949153294,62.008488310198786,11727,0.17813765691056277,11709,18,0,0.9984650805832693,0.0015349194167306216,0.0,True,3289.0,32.3561619426422,1.0778825243140426,3950,0,0.0,,0.3090169943749474,0.468118785068667,
365,391,26.832277941122175,28.895691574110298,1.0,24.7660229,2.0,128.69969519426678,85.74403197942434,3916,0.05948555167235984,3915,1,0,0.9997446373850868,0.0002553626149131767,0.0,True,835.0,16.303029011918774,0.5850932360800465,1569,0,0.0,,0.3164309725825327,0.41421356237309503,
365,404,26.832277941122175,30.195602251932886,1.0,24.7660229,2.0,102.60719868251897,37.12461586795994,5520,0.08385093085582898,5520,0,0,1.0,0.0,0.0,True,24.0,2.763953195770684,0.09693340122108492,1981,0,0.0,,0.3090169943749474,,
366,390,28.838489630480858,28.194811826711984,1.0,24.7660229,2.0,85.0285966502335,22.543296998169573,8784,0.13343235084014524,8784,0,0,1.0,0.0,0.0,True,1930.0,24.78584435387901,0.8691709482216238,2119,0,0.0,,0.3090169943749474,,
368,407,24.90043815030041,24.760268818340236,1.0,24.7660229,2.0,67.47089441431372,79.74956410797337,777,0.011802929941119405,761,16,0,0.9794079794079794,0.02059202059202059,0.0,True,21.0,2.5854414729132054,0.10412423143898615,1232,0,0.0,,0.3090169943749474,0.41421356237309503,
369,382,29.422970044786474,24.686320985722883,1.0,24.7660229,2.0,69.30961864561543,82.96574255021606,7060,0.1072441253337233,7060,0,0,1.0,0.0,0.0,True,3004.0,30.922530590107066,1.1429656534465216,3150,0,0.0,,0.3090169943749474,,
369,394,29.422970044786474,20.036475086968082,1.0,24.7660229,2.0,81.5305270924509,35.939574656666984,5420,0.08233189225336832,5420,0,0,1.0,0.0,0.0,True,2474.0,28.062406497282055,1.1347643073037665,2562,0,0.0,,0.3090169943749474,,
369,404,29.422970044786474,30.195602251932886,1.0,24.7660229,2.0,72.72007601940717,78.6376159080327,5299,0.0804938555443909,5299,0,0,1.0,0.0,0.0,True,3.0,0.9772050238058398,0.03278189953769197,2677,0,0.0,,0.3090169943749474,,
370,396,28.16575170472293,31.213799518312406,1.0,24.7660229,2.0,83.56586171438617,4.611628189201891,10776,0.1636915998011618,10357,419,0,0.9611172976985894,0.03888270230141054,0.0,True,1783.0,23.82323502519544,0.8024053578887138,1930,0,0.0,,0.2989350844248255,0.4270509831248423,
371,402,14.167678459099141,32.61693425582405,1.0,24.7660229,2.0,62.576173728093025,34.31258472785083,1078,0.016375236134526024,1047,31,0,0.9712430426716141,0.0287569573283859,0.0,True,13.0,2.0342144725641096,0.0869608341084009,815,0,0.0,,0.3090169943749474,0.4494897427831781,
372,376,21.48625898842881,40.19680139107924,1.0,24.7660229,2.0,76.43136723077282,15.626871328682507,13489,0.20490311708591977,13057,432,0,0.9679739046630588,0.03202609533694121,0.0,True,4.0,1.1283791670955126,0.03658635483236741,2135,0,0.0,,0.3090169943749474,0.439607805437114,
373,381,34.82717099303634,33.86611858625243,1.0,24.7660229,2.0,92.96472983932608,73.07923504041729,18229,0.2769055468425555,16599,1630,0,0.9105820396072193,0.08941796039278073,0.0,True,17.0,2.326213245840639,0.06772752506358348,4522,0,0.0,,0.2898979485566356,0.4142135623730951,
367,382,31.74310270106893,24.686320985722883,1.0,24.7660229,2.0,102.13651951849056,22.35750711359172,3406,0.051738454799810416,3406,0,0,1.0,0.0,0.0,True,1865.0,24.364891498481366,0.863552732124902,1896,0,0.0,,0.3090169943749474,,
367,391,31.74310270106893,28.895691574110298,1.0,24.7660229,2.0,131.63947340403013,88.68232514085717,6269,0.0952285299882594,6235,34,0,0.9945764874780667,0.005423512521933323,0.0,True,3.0,0.9772050238058398,0.03223035799067103,1721,0,0.0,,0.3203772410170408,0.4494897427831781,
368,392,24.90043815030041,37.333672420893556,1.0,24.7660229,2.0,76.11461339600316,47.15368962339346,16418,0.2493957577519928,15950,468,0,0.9714947009379948,0.028505299062005118,0.0,True,70.0,4.720348719413148,0.15169651099980644,2361,0,0.0,,0.3090169943749474,0.4305008740430604,
368,406,24.90043815030041,23.249257651735345,1.0,24.7660229,2.0,65.5630682290181,77.42887649182617,7579,0.11512793568049418,7392,187,0,0.9753265602322206,0.02467343976777939,0.0,True,1800.0,23.936536824085962,0.9942549553168282,1949,0,0.0,,0.3203772410170408,0.4270509831248423,
377,387,21.48849960006879,16.668801450430315,1.0,24.7660229,2.0,48.278942665847474,77.33774378504617,981,0.014901768690139173,976,5,0,0.9949031600407747,0.0050968399592252805,0.0,True,18.0,2.393653682408596,0.12546242090030038,634,0,0.0,,0.3333333333333333,0.4494897427831781,
377,390,21.48849960006879,28.194811826711984,1.0,24.7660229,2.0,56.45687471586041,82.28758847875515,6105,0.0927373066802239,6105,0,0,1.0,0.0,0.0,True,23.0,2.7057581899030048,0.10892020327149615,1125,0,0.0,,0.3333333333333333,,
378,380,23.803480745162688,33.20424962617177,1.0,24.7660229,2.0,77.88522470315048,30.86856183833636,8610,0.13078922367186369,8605,5,0,0.9994192799070848,0.0005807200929152149,0.0,True,2171.0,26.287844394415636,0.922255428279043,2210,0,0.0,,0.3090169943749474,0.3483314773547883,
378,398,23.803480745162688,14.301599372121826,1.0,24.7660229,2.0,49.644012850668744,71.89823092606584,2330,0.03539359943733361,2330,0,0,1.0,0.0,0.0,True,8.0,1.5957691216057308,0.08375624020178285,800,0,0.0,,0.3333333333333333,,
374,399,36.237336477581934,27.08976268694614,1.0,24.7660229,2.0,1235.3482841824616,58.86635235783678,10234,0.15545841057582496,10221,13,0,0.9987297244479187,0.0012702755520812977,0.0,True,5.0,1.2615662610100802,0.03984285645967916,486,0,0.0,,0.28989794855663564,0.4364916731037084,
374,412,36.237336477581934,33.10543333395763,1.0,24.7660229,2.0,1257.867758095906,4.863232545845444,2220,0.033722656974626876,2139,81,0,0.9635135135135136,0.03648648648648649,0.0,True,2466.0,28.016998042781598,0.8080726546956938,2779,0,0.0,,0.28172904669025317,0.32793442287247493,
375,376,25.347101418108366,40.19680139107924,1.0,24.7660229,2.0,85.36671006510423,52.70768547181539,11984,0.18204158611888668,11932,52,0,0.9956608811748998,0.0043391188251001335,0.0,True,3594.0,33.82315376993316,1.0320762823172012,3711,0,0.0,,0.2857142857142857,0.4047889733518942,
375,400,25.347101418108366,15.709624528217965,1.0,24.7660229,2.0,86.2872935376801,6.8736327307223,2778,0.04219889237635741,2770,8,0,0.9971202303815695,0.0028797696184305254,0.0,True,1180.0,19.38054864282415,0.9440864168351095,1239,0,0.0,,0.3090169943749474,0.46081284889137875,
378,403,23.803480745162688,23.939218693345023,1.0,24.7660229,2.0,55.00116143138398,88.51457693518387,3029,0.046011679268533695,3029,0,0,1.0,0.0,0.0,True,1277.0,20.16139193252045,0.8445853363816678,1356,0,0.0,,0.3203772410170408,,
378,404,23.803480745162688,30.195602251932886,1.0,24.7660229,2.0,67.16582847034006,68.66236772655074,2800,0.04253308086889876,2800,0,0,1.0,0.0,0.0,True,1373.0,20.90548908134762,0.7742905220250521,1411,0,0.0,,0.2989350844248255,,
379,392,19.62675857105027,37.333672420893556,1.0,24.7660229,2.0,107.71287447007225,49.708401000956584,5626,0.0854611117744373,5465,161,0,0.9713828652683967,0.02861713473160327,0.0,True,13.0,2.0342144725641096,0.07142552951721232,2323,0,0.0,,0.3090169943749474,0.4270509831248423,
380,383,33.20424962617177,25.767652320604995,1.0,24.7660229,2.0,116.91063401387342,36.114596292833674,9235,0.14028321493724288,9173,62,0,0.9932864103952355,0.006713589604764483,0.0,True,2882.0,30.288101491867806,1.0272044988205866,3151,0,0.0,,0.3090169943749474,0.40710678118654753,
362,395,32.190865033709606,28.816561032154496,1.0,24.7660229,2.0,77.6283221224433,48.31393651226876,7985,0.1212952324064845,7314,671,0,0.9159674389480276,0.08403256105197245,0.0,True,1830.0,24.135183689301744,0.7912211757055676,2646,0,0.0,,0.2989350844248255,0.4270509831248423,
363,458,25.907121346708056,20.14922131435808,1.0,24.7660229,2.0,1296.0297918648857,78.45325522714116,9239,0.1403439764813413,8880,359,0,0.9611429808420825,0.038857019157917526,0.0,True,5.0,1.2615662610100802,0.054783605823592624,1340,0,0.0,,0.3090169943749474,0.4270509831248423,
364,374,43.59088452112472,36.237336477581934,1.0,24.7660229,2.0,1232.3360141832302,73.4450360084429,33486,0.5086652664199799,27632,5854,0,0.825180672519859,0.17481932748014095,0.0,True,630.0,14.161046158239445,0.3547879679911413,3485,0,0.0,,0.2402530733520421,0.3816524151396708,
364,388,43.59088452112472,26.218158804703336,1.0,24.7660229,2.0,1236.1705131977337,69.48123544453105,22688,0.3446394781262768,21817,871,0,0.9616096614950634,0.03839033850493653,0.0,True,441.0,11.847981254502882,0.33943972557261354,620,0,0.0,,0.27429188517743175,0.4068781988545112,
380,403,33.20424962617177,23.939218693345023,1.0,24.7660229,2.0,77.19143967909592,30.586448133245305,7848,0.11921414952111338,7818,30,0,0.996177370030581,0.00382262996941896,0.0,True,1560.0,22.283703068536735,0.7799212656794915,1642,0,0.0,,0.3090169943749474,0.4494897427831781,
381,385,33.86611858625243,30.270388324328074,1.0,24.7660229,2.0,96.63561940298956,78.71494435602015,17182,0.2610012126747923,16565,617,0,0.9640903270864859,0.03590967291351414,0.0,True,3289.0,32.3561619426422,1.0089779908891312,3382,0,0.0,,0.2989350844248255,0.4494897427831781,
381,397,33.86611858625243,21.857310567047524,1.0,24.7660229,2.0,74.43689288835533,2.1983545185842943,6371,0.09677794936276929,6115,256,0,0.9598179249725318,0.04018207502746821,0.0,True,1440.0,21.409489393833255,0.7684196654492997,1510,0,0.0,,0.3090169943749474,0.4142135623730951,
383,400,25.767652320604995,15.709624528217965,1.0,24.7660229,2.0,120.62977909016635,60.188389604066884,352,0.0053470158806615585,352,0,0,1.0,0.0,0.0,True,1090.0,18.626802622574058,0.8981690235096834,1093,0,0.0,,0.3090169943749474,,
331,347,34.84225419345551,46.886836338127345,1.0,24.7660229,2.0,1212.7975074147912,24.629858374798726,40699,0.6182335208154681,36456,4243,0,0.8957468242462959,0.10425317575370402,0.0,True,223.0,8.42514715711158,0.2061725415592584,6221,0,0.0,,0.25355482027512377,0.36602540378443865,
334,338,34.23672177301168,60.87639952298429,14.0,346.7243206,15.0,1207.4255404170851,36.09081093910211,17903,0.2719534809985337,8208,9695,0,0.4584706473775345,0.5415293526224655,0.0,False,176.0,7.48482063701911,0.15738776175215696,3882,0,0.0,,0.14082556773492072,0.22074614511634272,
337,338,50.327341974011354,60.87639952298429,1.0,24.7660229,2.0,1239.5653946909183,83.51308866556937,192983,2.9314862661866745,176659,16324,0,0.9154122383836918,0.08458776161630817,0.0,True,391.0,11.156126814350138,0.20064301190174502,2726,0,0.0,,0.23166247903554,0.3585701736362872,
337,446,50.327341974011354,28.935760155322807,1.0,24.7660229,2.0,1266.6067939195323,17.320557681476153,26578,0.4037300797619969,25026,1552,0,0.9416058394160584,0.058394160583941604,0.0,True,4495.0,37.82595588212067,0.9544404613485803,4669,0,0.0,,0.2553967929896867,0.38742588672279304,
375,403,25.347101418108366,23.939218693345023,1.0,24.7660229,2.0,59.684085189620674,76.25094150967223,4829,0.07335437411282575,4784,45,0,0.9906813004762891,0.009318699523710913,0.0,True,1825.0,24.10218957450584,0.9780478445135471,1879,0,0.0,,0.3090169943749474,0.4270509831248423,
376,389,40.19680139107924,18.515832470636518,1.0,24.7660229,2.0,116.42081853232617,36.8616438996805,13410,0.20370307658997583,13157,253,0,0.9811334824757644,0.018866517524235644,0.0,True,6889.0,46.82773543446377,1.5951502208112767,6992,0,0.0,,0.3090169943749474,0.44151844011225294,
376,396,40.19680139107924,31.213799518312406,1.0,24.7660229,2.0,107.63059511513282,87.09589728346795,21587,0.32791486311318485,21101,486,0,0.9774864501783481,0.02251354982165192,0.0,True,7046.0,47.35833039762898,1.326366948171153,7589,0,0.0,,0.2857142857142857,0.4211646096066227,
376,400,40.19680139107924,15.709624528217965,1.0,24.7660229,2.0,106.59320963087242,88.19227828246655,4146,0.06297934045801938,4110,36,0,0.9913169319826338,0.008683068017366137,0.0,True,864.0,16.583719174624104,0.5932670136546828,2250,0,0.0,,0.3090169943749474,0.41421356237309503,
390,393,28.194811826711984,17.018009403791524,1.0,24.7660229,2.0,53.432287239482434,75.3641179078613,2269,0.0344669858898326,2269,0,0,1.0,0.0,0.0,True,19.0,2.4592453796829674,0.1087853096866161,514,0,0.0,,0.3333333333333333,,
391,394,28.895691574110298,20.036475086968082,1.0,24.7660229,2.0,113.53965807003311,25.180126508393318,5939,0.09021570260013918,5939,0,0,1.0,0.0,0.0,True,1.0,0.5641895835477563,0.023060069563464635,650,0,0.0,,0.3090169943749474,,
391,404,28.895691574110298,30.195602251932886,1.0,24.7660229,2.0,104.7292069969894,29.035787840930503,3888,0.05906022086367085,3888,0,0,1.0,0.0,0.0,True,97.0,5.556622981616415,0.18806909180138667,1238,0,0.0,,0.28989794855663564,,
392,406,37.333672420893556,23.249257651735345,1.0,24.7660229,2.0,79.5806675074106,70.93956403836334,2609,0.03963171713819888,2378,231,0,0.91146032962821,0.08853967037178996,0.0,True,130.0,6.432750982580687,0.2123618311253313,3837,0,0.0,,0.28989794855663564,0.44151844011225294,
384,392,25.84246143675489,37.333672420893556,1.0,24.7660229,2.0,79.40828804471732,71.6533346272143,13885,0.21091850995166403,13699,186,0,0.9866042491897732,0.013395750810226863,0.0,True,12.0,1.9544100476116797,0.06187178379783265,2088,0,0.0,,0.3090169943749474,0.4270509831248423,
385,396,30.270388324328074,31.213799518312406,1.0,24.7660229,2.0,100.26720836771983,73.55893461993254,10735,0.16306879397415291,10487,248,0,0.9768979972054029,0.023102002794597114,0.0,True,2512.0,28.277100878514442,0.9198170089157044,2594,0,0.0,,0.3090169943749474,0.41421356237309503,
386,395,26.85414479787558,28.816561032154496,1.0,24.7660229,2.0,103.42338475717656,82.79452196998218,11616,0.17645152406183143,11015,601,0,0.9482610192837465,0.05173898071625344,0.0,True,18.0,2.393653682408596,0.08599329384171031,3789,0,0.0,,0.3090169943749474,0.4270509831248423,
388,443,26.218158804703336,22.81789395139077,2.6502815398728847,65.63693330793913,3.6502815398728847,1224.2915693051054,81.19113676593358,109,0.0016557520766821302,107,2,0,0.981651376146789,0.01834862385321101,0.0,True,8.0,1.5957691216057308,0.06508554550844885,211,0,0.0,,0.16952084719853724,0.23975249066755222,
394,404,20.036475086968082,30.195602251932886,1.0,24.7660229,2.0,87.4471615582853,64.9059890158222,5442,0.08266608074590966,5442,0,0,1.0,0.0,0.0,True,1375.0,20.92070967971001,0.832962154384505,1428,0,0.0,,0.3090169943749474,,
395,402,28.816561032154496,32.61693425582405,1.0,24.7660229,2.0,92.19446260204069,71.6267283993514,18121,0.275264985151898,17098,1023,0,0.9435461619115942,0.05645383808840572,0.0,True,3851.0,35.01158910552016,1.1398208401263248,3907,0,0.0,,0.3090169943749474,0.4305008740430604,
398,404,14.301599372121826,30.195602251932886,1.0,24.7660229,2.0,61.11489486557027,32.7422177512588,2112,0.03208209528396935,2112,0,0,1.0,0.0,0.0,True,36.0,3.385137501286538,0.15215057926054248,722,0,0.0,,0.3203772410170408,,
399,412,27.08976268694614,33.10543333395763,1.0,24.7660229,2.0,1272.0743476420237,49.760633294681746,6989,0.10616560792597622,6964,25,0,0.9964229503505508,0.0035770496494491343,0.0,True,530.0,12.988619621707652,0.43155003988016394,767,0,0.0,,0.28989794855663564,0.3516287047744073,
399,422,27.08976268694614,30.047817397178747,1.0,24.7660229,2.0,1272.1514853863641,30.13072002064865,8623,0.13098669869018356,8566,57,0,0.993389771541227,0.006610228458773049,0.0,True,21.0,2.5854414729132054,0.0904988089837408,676,0,0.0,,0.28989794855663564,0.37406669614897287,
399,443,27.08976268694614,22.81789395139077,1.0,24.7660229,2.0,1234.6636598367195,61.111338827366225,1650,0.025064136940601053,1650,0,0,1.0,0.0,0.0,True,14.0,2.111004122822376,0.08459640323808727,379,0,0.0,,0.3090169943749474,,
401,402,18.345759423395975,32.61693425582405,1.0,24.7660229,2.0,65.0182401308108,45.39870730434394,3208,0.04873075836693829,3140,68,0,0.9788029925187033,0.02119700748129676,0.0,True,945.0,17.343668655843324,0.680641755909193,1060,0,0.0,,0.3090169943749474,0.4142135623730951,
401,405,18.345759423395975,19.767055553466,1.0,24.7660229,2.0,60.325291807507284,6.250376499990389,3226,0.04900418531538121,3190,36,0,0.9888406695598264,0.011159330440173589,0.0,True,811.0,16.067025788709444,0.843129839580919,904,0,0.0,,0.3333333333333333,0.4721359549995794,
402,405,32.61693425582405,19.767055553466,1.0,24.7660229,2.0,79.57911034846346,77.47127667288053,4925,0.074812651171188,4672,253,0,0.9486294416243655,0.05137055837563452,0.0,True,11.0,1.8712051592547776,0.07144187245252283,1665,0,0.0,,0.3090169943749474,0.4142135623730951,
402,409,32.61693425582405,26.805171035364204,1.0,24.7660229,2.0,95.32445588157242,71.77016767391129,5124,0.07783553799008473,4864,260,0,0.9492583918813428,0.0507416081186573,0.0,True,3180.0,31.815490536285218,1.070830135700465,3236,0,0.0,,0.3090169943749474,0.4494897427831781,
405,407,19.767055553466,24.760268818340236,2.863703305156273,70.92254163430594,3.863703305156273,73.86546836808836,87.42834255578487,73,0.001108898179796289,73,0,0,1.0,0.0,0.0,True,4.0,1.1283791670955126,0.05068254978329569,744,0,0.0,,0.1757340838011157,,
405,409,19.767055553466,26.805171035364204,1.0,24.7660229,2.0,90.63150755826891,38.572174802215876,6588,0.10007426313010893,6506,82,0,0.9875531268973892,0.012446873102610808,0.0,True,1249.0,19.93913357805586,0.856267137669472,1344,0,0.0,,0.3164309725825327,0.4455040914477155,
406,407,23.249257651735345,24.760268818340236,1.0,24.7660229,2.0,70.93694852572114,82.36323016436451,10840,0.16466378450673663,10639,201,0,0.9814575645756457,0.018542435424354242,0.0,True,2270.0,26.88054020359719,1.1198002638227174,2599,0,0.0,,0.3164309725825327,0.4270509831248423,
406,409,23.249257651735345,26.805171035364204,6.894954260780955,170.7605951169537,7.894954260780955,87.70298771590168,52.59154228093264,674,0.010238320180584915,674,0,0,1.0,0.0,0.0,True,708.0,15.012108426804138,0.5998313763862092,915,0,0.0,,0.1975496259559987,,
407,409,24.760268818340236,26.805171035364204,1.0,24.7660229,2.0,89.6108139011973,31.416898264766342,10582,0.1607446649123881,10255,327,0,0.9690984690984691,0.030901530901530902,0.0,True,637.0,14.239501307948768,0.552288561809904,1001,0,0.0,,0.3090169943749474,0.4270509831248423,
408,414,28.403580828423333,33.608201787563864,1.0,24.7660229,2.0,1323.9611697162882,11.704070554515154,22477,0.3414343066750848,21443,1034,0,0.9539974195844642,0.04600258041553588,0.0,True,1523.0,22.01785540550926,0.7101184477103826,1729,0,0.0,,0.28989794855663564,0.38742588672279316,
415,438,26.33605774456795,25.832686802586217,1.0,24.7660229,2.0,1316.010001383619,25.13184354069753,9072,0.13780718201523198,8498,574,0,0.9367283950617284,0.06327160493827161,0.0,True,2046.0,25.519835954254013,0.9783572971048672,2251,0,0.0,,0.29581631632448924,0.41421356237309503,
415,466,26.33605774456795,28.350810193063293,1.0,24.7660229,2.0,1270.7996212690018,39.45234965882056,6795,0.10321867303720253,6341,454,0,0.9331861662987491,0.06681383370125092,0.0,True,2788.0,29.790064831759068,1.0894778200036528,2816,0,0.0,,0.28989794855663564,0.40269974784927715,
416,421,27.740361364080695,17.25351232101556,1.0,24.7660229,2.0,1366.5722500587103,51.03568039643937,10236,0.1554887913478742,9774,462,0,0.9548651817116061,0.045134818288393906,0.0,True,2118.0,25.964982937357547,1.1541563688906462,2277,0,0.0,,0.3090169943749474,0.4270509831248423,
416,434,27.740361364080695,36.11127319531098,1.0,24.7660229,2.0,1343.3086989501267,69.4165602319729,14738,0.22387590923065354,13953,785,0,0.9467363278599539,0.05326367214004614,0.0,True,2939.0,30.58615300252977,0.958038215108809,3114,0,0.0,,0.26968623182294527,0.38742588672279316,
412,425,33.10543333395763,23.498905435800594,1.0,24.7660229,2.0,1325.1096752476901,10.211326125896838,4808,0.07303537600630901,4550,258,0,0.9463394342762064,0.05366056572379368,0.0,True,8.0,1.5957691216057308,0.056383279313503655,2683,0,0.0,,0.2989350844248255,0.3827822185373187,
413,414,26.33582827643389,33.608201787563864,1.0,24.7660229,2.0,1360.905302095767,53.88892537827356,23659,0.3593893429561699,22585,1074,0,0.9546050128915,0.045394987108499936,0.0,True,1904.0,24.61832697999475,0.8213771064011414,2132,0,0.0,,0.3090169943749474,0.38742588672279316,
414,420,33.608201787563864,27.91056323794024,1.0,24.7660229,2.0,1327.8762172853887,43.39950390615431,16805,0.2552744371435156,16023,782,0,0.9534662302886046,0.04653376971139542,0.0,True,2693.0,29.278123633405,0.9518436731058251,2856,0,0.0,,0.28989794855663564,0.3797958971132712,
415,429,26.33605774456795,23.652529230898544,1.0,24.7660229,2.0,1305.9604275519077,40.93584188932594,15254,0.2317141484193506,14645,609,0,0.9600760456273765,0.039923954372623575,0.0,True,2085.0,25.761912054294488,1.0307117529422456,2175,0,0.0,,0.3090169943749474,0.41421356237309503,
410,420,34.53473706325795,27.91056323794024,1.0,24.7660229,2.0,1325.2011592819554,41.44234047472642,19484,0.2959694813034369,18515,969,0,0.9502668856497639,0.04973311435023609,0.0,True,2099.0,25.848258183091886,0.8278688086506301,2536,0,0.0,,0.28172904669025317,0.38742588672279316,
411,416,30.93325901434066,27.740361364080695,1.0,24.7660229,2.0,1326.5773770787164,5.453107410188791,12336,0.18738860199954824,11763,573,0,0.9535505836575876,0.04644941634241245,0.0,True,2057.0,25.58834570424703,0.8722265828906567,2750,0,0.0,,0.28989794855663564,0.38742588672279316,
411,434,30.93325901434066,36.11127319531098,1.0,24.7660229,2.0,1315.039289028463,59.16207581056847,29613,0.4498329013466782,27766,1847,0,0.9376287441326444,0.062371255867355556,0.0,True,2367.0,27.44885244590441,0.8188244899694569,2536,0,0.0,,0.2843646522044218,0.38742588672279316,
412,423,33.10543333395763,22.8523837912875,1.0,24.7660229,2.0,1317.2767767509285,30.487043446836292,9202,0.13978193219843085,8703,499,0,0.9457726581178004,0.05422734188219952,0.0,True,2074.0,25.69386510327284,0.9183297856585318,2345,0,0.0,,0.28989794855663564,0.4,
408,420,28.403580828423333,27.91056323794024,1.0,24.7660229,2.0,1302.394502906337,81.32672539131615,9679,0.14702774633216825,9167,512,0,0.9471019733443538,0.052898026655646246,0.0,True,1552.0,22.22649192646566,0.7893751133027178,1638,0,0.0,,0.3090169943749474,0.39564392373895996,
410,411,34.53473706325795,30.93325901434066,1.0,24.7660229,2.0,1321.2003676227628,49.40342563412682,20050,0.3045672397933643,18749,1301,0,0.9351122194513716,0.06488778054862843,0.0,True,2734.0,29.50015642037316,0.9012084739971846,2939,0,0.0,,0.27429188517743175,0.38742588672279316,
410,414,34.53473706325795,33.608201787563864,1.0,24.7660229,2.0,1346.7678260919065,85.86001662980043,20398,0.30985349412992746,19326,1072,0,0.9474458280223551,0.052554171977644865,0.0,True,1.0,0.5641895835477563,0.016559003561113714,3107,0,0.0,,0.28172904669025317,0.38742588672279304,
410,416,34.53473706325795,27.740361364080695,1.0,24.7660229,2.0,1349.4697775444267,77.41866155473932,24594,0.37359235388917716,23416,1178,0,0.9521021387330243,0.047897861266975685,0.0,True,3626.0,33.97339616968585,1.0910748285472511,4003,0,0.0,,0.28989794855663564,0.38742588672279316,
364,399,43.59088452112472,27.08976268694614,1.0,24.7660229,2.0,1246.5426037293478,83.15214815479011,26991,0.41000370919015944,26822,169,0,0.9937386536252825,0.0062613463747174984,0.0,True,2.0,0.7978845608028654,0.022577171894140685,2600,0,0.0,,0.28172904669025317,0.3516287047744073,
364,422,43.59088452112472,30.047817397178747,1.0,24.7660229,2.0,1269.1392153871325,39.98129524032338,33397,0.50731332206379,31604,1793,0,0.9463125430427882,0.05368745695721173,0.0,True,619.0,14.036873567421145,0.381236311932657,3302,0,0.0,,0.2612038749637414,0.3900959445746376,
364,428,43.59088452112472,23.759157793206825,1.0,24.7660229,2.0,1224.4787660106617,59.330181327163196,12732,0.1934039948652925,12731,1,0,0.9999214577442664,7.854225573358467e-05,0.0,True,215.0,8.272643200907131,0.24566111368713364,1226,0,0.0,,0.28172904669025317,0.4305008740430604,
364,443,43.59088452112472,22.81789395139077,1.0,24.7660229,2.0,1231.651389837488,58.675466550206316,29706,0.4512456072469666,27858,1848,0,0.9377903453847708,0.062209654615229246,0.0,True,822.0,16.175621361885174,0.48715310637974635,2315,0,0.0,,0.27429188517743175,0.39396243989911095,
417,426,22.536888832136153,28.8387766834514,1.0,24.7660229,2.0,1354.858365240927,30.88415861553417,19276,0.29280988101031874,18150,1126,0,0.9415853911599917,0.0584146088400083,0.0,True,1205.0,19.584775026828055,0.762414455570837,1506,0,0.0,,0.3090169943749474,0.41421356237309503,
417,430,22.536888832136153,27.200243124408995,1.0,24.7660229,2.0,1367.6930399924963,83.84648029216498,9230,0.14020726300711983,8838,392,0,0.9575297941495124,0.04247020585048754,0.0,True,5.0,1.2615662610100802,0.05072935295554631,1450,0,0.0,,0.3090169943749474,0.41421356237309503,
418,444,31.093434941826207,35.397552396840204,1.0,24.7660229,2.0,1315.852609869601,69.40358393232393,19341,0.2937972561019182,18458,883,0,0.9543456905020423,0.04565430949795771,0.0,True,3418.0,32.98459020476375,0.992152215660731,3638,0,0.0,,0.27429188517743175,0.38742588672279316,
418,447,31.093434941826207,25.32317372229493,1.0,24.7660229,2.0,1331.1015883740763,23.720246897475985,13778,0.2092931386470311,12939,839,0,0.9391058208738569,0.06089417912614312,0.0,True,22.0,2.6462837142006137,0.09381222221120682,2056,0,0.0,,0.2989350844248255,0.40269974784927715,
423,425,22.8523837912875,23.498905435800594,1.0,24.7660229,2.0,1347.7926304431508,66.7240450123169,5804,0.08816500048681729,5568,236,0,0.9593383873190903,0.04066161268090972,0.0,True,6.0,1.381976597885342,0.059630557032174326,874,0,0.0,,0.3090169943749474,0.4142135623730951,
423,430,22.8523837912875,27.200243124408995,1.0,24.7660229,2.0,1352.7003627939216,24.0204885858025,20474,0.3110079634677976,19234,1240,0,0.939435381459412,0.06056461854058806,0.0,True,92.0,5.4115163798060095,0.21623306161015735,1863,0,0.0,,0.3090169943749474,0.41421356237309503,
424,426,36.07596650078702,28.8387766834514,1.0,24.7660229,2.0,1340.360503264244,88.68776069944126,31503,0.47854273093318483,29962,1541,0,0.9510840237437704,0.048915976256229565,0.0,True,1844.0,24.22732816723524,0.7464353081848975,2265,0,0.0,,0.28989794855663564,0.38742588672279316,
424,455,36.07596650078702,19.984007733565008,1.0,24.7660229,2.0,1356.021914219316,60.14040592364445,8594,0.13054617749546998,8027,567,0,0.934023737491273,0.06597626250872701,0.0,True,2478.0,28.085083193101518,1.001965611888981,2537,0,0.0,,0.28989794855663564,0.41421356237309503,
425,430,23.498905435800594,27.200243124408995,1.0,24.7660229,2.0,1360.5332612906832,77.94753962912927,10097,0.15337732769045384,9646,451,0,0.955333267307121,0.044666732692879074,0.0,True,1356.0,20.775663783985824,0.8195665755338253,1545,0,0.0,,0.3090169943749474,0.40269974784927715,
426,430,28.8387766834514,27.200243124408995,1.0,24.7660229,2.0,1352.6063188898847,66.75696334417101,8368,0.12711315025390887,7825,543,0,0.9351099426386233,0.06489005736137668,0.0,True,26.0,2.876813695875796,0.1026718063856026,2343,0,0.0,,0.28989794855663564,0.39564392373895996,
427,439,12.823015001998764,24.650751941454065,1.0,24.7660229,2.0,1366.315795261921,49.96601536956605,494,0.007504050696155709,493,1,0,0.9979757085020243,0.0020242914979757085,0.0,True,1.0,0.5641895835477563,0.030111175340291098,687,0,0.0,,0.3090169943749474,0.4142135623730951,
428,443,23.759157793206825,22.81789395139077,1.0,24.7660229,2.0,1212.5998221180334,61.00000363533882,9978,0.15156967175352565,9609,369,0,0.9630186410102225,0.03698135898977751,0.0,True,269.0,9.25339718068125,0.39733717932262796,1000,0,0.0,,0.3090169943749474,0.4142135623730951,
431,434,18.719697936731546,36.11127319531098,1.0,24.7660229,2.0,1352.5487270963445,21.847153314299078,8300,0.1260802040042356,7917,383,0,0.953855421686747,0.04614457831325301,0.0,True,21.0,2.5854414729132054,0.0943058793063144,2788,0,0.0,,0.3090169943749474,0.40453726661826384,
432,436,21.907167743821656,19.40296693834282,1.0,24.7660229,2.0,1370.5715254380752,86.21573943555141,2634,0.040011476788814046,2464,170,0,0.935459377372817,0.06454062262718299,0.0,True,783.0,15.787230310662732,0.7643272253711059,848,0,0.0,,0.3090169943749474,0.4364916731037084,
432,439,21.907167743821656,24.650751941454065,1.0,24.7660229,2.0,1359.732185931964,54.36295762426919,12855,0.19527241234631912,12248,607,0,0.952781019058732,0.04721898094126799,0.0,True,2609.0,28.817884951076994,1.2379369673680183,2817,0,0.0,,0.3090169943749474,0.4142135623730951,
432,457,21.907167743821656,25.554842594121663,1.0,24.7660229,2.0,1352.3863713370638,23.965153935902734,12390,0.188208882844877,11728,662,0,0.9465698143664245,0.05343018563357546,0.0,True,2.0,0.7978845608028654,0.03362202970846347,1717,0,0.0,,0.3090169943749474,0.41421356237309503,
418,448,31.093434941826207,32.564189534280025,1.0,24.7660229,2.0,1329.2981722603795,32.388481518586865,17853,0.2711939616973034,17125,728,0,0.959222539629194,0.040777460370806026,0.0,True,4.0,1.1283791670955126,0.03545150094374155,2682,0,0.0,,0.28989794855663564,0.3827822185373187,
419,424,21.507095873336777,36.07596650078702,1.0,24.7660229,2.0,1313.5822740054339,5.768871076747585,17526,0.266226705467257,16597,929,0,0.9469930389136141,0.05300696108638594,0.0,True,839.0,16.342031529409077,0.5675985560904355,958,0,0.0,,0.28989794855663564,0.4,
421,434,17.25351232101556,36.11127319531098,1.0,24.7660229,2.0,1355.0341620084566,34.89461680307301,12584,0.1911558177336507,11771,813,0,0.9353941513032422,0.06460584869675778,0.0,True,1907.0,24.637714036665187,0.9233697389874255,2129,0,0.0,,0.3090169943749474,0.41421356237309503,
422,426,30.047817397178747,28.8387766834514,1.0,24.7660229,2.0,1317.259870591232,20.593654010359053,21455,0.3259097321579367,20486,969,0,0.9548357026334188,0.045164297366581216,0.0,True,2897.0,30.366819726050366,1.031366143692086,3059,0,0.0,,0.28989794855663564,0.39564392373895996,
429,438,23.652529230898544,25.832686802586217,1.0,24.7660229,2.0,1330.3255404183928,66.80148087431016,4322,0.06565284839835016,4196,126,0,0.970846830171217,0.029153169828782972,0.0,True,148.0,6.863662517577698,0.2774025483867068,543,0,0.0,,0.3090169943749474,0.41421356237309503,
429,440,23.652529230898544,32.758736815559296,1.0,24.7660229,2.0,1312.5836286024983,76.95892459664685,7729,0.11740649358418519,7487,242,0,0.9686893517919524,0.03131064820804761,0.0,True,2067.0,25.65046850920847,0.9094094249926555,2190,0,0.0,,0.3090169943749474,0.38742588672279316,
429,441,23.652529230898544,30.667516989469675,1.0,24.7660229,2.0,1334.8785515955524,54.15489552626197,8087,0.12284465178099438,7830,257,0,0.9682206009645109,0.031779399035489056,0.0,True,512.0,12.766152972845846,0.4700346874174404,813,0,0.0,,0.3090169943749474,0.40269974784927715,
429,450,23.652529230898544,22.40149242878439,1.0,24.7660229,2.0,1337.0515830724823,30.74150710032201,6127,0.09307149517276525,5898,229,0,0.9626244491594581,0.037375550840541866,0.0,True,301.0,9.788323438736636,0.4250800727488096,1057,0,0.0,,0.3090169943749474,0.4,
433,442,20.488641498446324,24.394699048950876,1.0,24.7660229,2.0,1366.1547084650333,50.61637191525028,15626,0.2373649720205043,14956,670,0,0.9571227441443748,0.04287725585562524,0.0,True,192.0,7.817640190446719,0.34835375865979595,801,0,0.0,,0.3090169943749474,0.4142135623730951,
433,444,20.488641498446324,35.397552396840204,1.0,24.7660229,2.0,1351.6873152054209,36.17943601134498,10034,0.15242033337090363,9593,441,0,0.9560494319314331,0.04395056806856687,0.0,True,395.0,11.213046198183495,0.40128144060743454,2066,0,0.0,,0.3090169943749474,0.38742588672279316,
434,449,36.11127319531098,18.99053592480251,1.0,24.7660229,2.0,1309.5793761415148,35.7784020462733,10367,0.15747873191709766,9799,568,0,0.9452107649271727,0.05478923507282724,0.0,True,1055.0,18.32530845371775,0.6651436221911113,1117,0,0.0,,0.28989794855663564,0.41421356237309503,
435,446,18.735580554352047,28.935760155322807,1.0,24.7660229,2.0,1319.4869321854103,28.12818541435537,6732,0.10226167871765231,6382,350,0,0.9480095068330362,0.051990493166963754,0.0,True,16.0,2.256758334191025,0.09467987686501203,2130,0,0.0,,0.3090169943749474,0.41421356237309503,
435,448,18.735580554352047,32.564189534280025,1.0,24.7660229,2.0,1347.3277571310932,55.063358100869806,15060,0.22876721353057689,14483,577,0,0.9616865869853918,0.038313413014608236,0.0,True,2.0,0.7978845608028654,0.031106749968833683,1509,0,0.0,,0.3090169943749474,0.41421356237309503,
435,451,18.735580554352047,27.765983569983177,1.0,24.7660229,2.0,1349.9291643850897,64.16529561036593,1674,0.025428706205191616,1622,52,0,0.9689366786140979,0.03106332138590203,0.0,True,6.0,1.381976597885342,0.059437854356478526,627,0,0.0,,0.3090169943749474,0.4142135623730951,
436,441,19.40296693834282,30.667516989469675,1.0,24.7660229,2.0,1360.80116049778,58.897982165828815,8076,0.1226775575347237,7734,342,0,0.9576523031203567,0.04234769687964339,0.0,True,10.0,1.7841241161527712,0.07126450460215142,2988,0,0.0,,0.3090169943749474,0.4142135623730951,
436,457,19.40296693834282,25.554842594121663,1.0,24.7660229,2.0,1353.9360302901252,41.41968192366138,7937,0.12056609387730337,7517,420,0,0.9470832808365881,0.05291671916341187,0.0,True,1733.0,23.486826791980846,1.0448385735973535,1811,0,0.0,,0.3090169943749474,0.4142135623730951,
437,459,29.602044099192,25.611137403080257,1.0,24.7660229,2.0,1232.9099887938346,46.166080828694724,11588,0.17602619325314245,10642,946,0,0.9183638246461857,0.08163617535381429,0.0,True,53.0,4.1073621666150775,0.14878194137195452,502,0,0.0,,0.2989350844248255,0.4142135623730951,
437,464,29.602044099192,20.45027707844143,1.0,24.7660229,2.0,1230.1502059832123,25.841091135987174,4545,0.06904030448183746,4545,0,0,1.0,0.0,0.0,True,5.0,1.2615662610100802,0.05040990033340665,704,0,0.0,,0.3090169943749474,,
438,445,25.832686802586217,18.830091240100572,1.0,24.7660229,2.0,1358.470336829704,42.596775238002365,2435,0.036988589969917315,2391,44,0,0.9819301848049281,0.018069815195071868,0.0,True,645.0,14.32863833686038,0.6416366811381806,679,0,0.0,,0.3203772410170408,0.4206322727489687,
438,450,25.832686802586217,22.40149242878439,1.0,24.7660229,2.0,1347.1011569041934,64.84937411538169,15783,0.23974986262636755,14590,1193,0,0.9244123423937147,0.07558765760628525,0.0,True,2433.0,27.828904992564166,1.1539080973711175,2522,0,0.0,,0.3090169943749474,0.4142135623730951,
439,454,24.650751941454065,38.38459687459151,1.0,24.7660229,2.0,1334.8654503787484,43.990055496920384,30098,0.45720023856861247,28217,1881,0,0.9375041530998738,0.06249584690012625,0.0,True,3871.0,35.10238694757742,1.1137365813590026,4325,0,0.0,,0.28989794855663564,0.38742588672279304,
439,457,24.650751941454065,25.554842594121663,1.0,24.7660229,2.0,1343.0966907840143,70.14513750245366,8945,0.13587800299010694,8414,531,0,0.9406372275013974,0.05936277249860257,0.0,True,2370.0,27.46624164780438,1.0941506380665118,2548,0,0.0,,0.3090169943749474,0.41421356237309503,
440,441,32.758736815559296,30.667516989469675,1.0,24.7660229,2.0,1327.186213611369,30.438127870163523,32186,0.48891776458799124,30223,1963,0,0.9390107500155347,0.060989249984465296,0.0,True,2305.0,27.086976347566694,0.8541250577665052,2504,0,0.0,,0.28989794855663564,0.38742588672279316,
440,457,32.758736815559296,25.554842594121663,1.0,24.7660229,2.0,1320.3210834037145,54.5567062376222,25397,0.38579023386693634,23768,1629,0,0.935858565972359,0.06414143402764105,0.0,True,2710.0,29.370389707289768,1.0073259094918063,2919,0,0.0,,0.28989794855663564,0.4,
444,447,35.397552396840204,25.32317372229493,1.0,24.7660229,2.0,1344.1547938599417,55.771744242723955,23157,0.35176376917181734,21990,1167,0,0.9496048710972924,0.05039512890270761,0.0,True,2.0,0.7978845608028654,0.026280468360585868,3500,0,0.0,,0.28989794855663564,0.4,
444,463,35.397552396840204,21.248169327733482,1.0,24.7660229,2.0,1312.5355151832082,46.70994996835931,22533,0.34228496829246274,21444,1089,0,0.9516708827053655,0.04832911729463454,0.0,True,1915.0,24.68933842860029,0.8717106138622899,2009,0,0.0,,0.3090169943749474,0.40269974784927715,
445,450,18.830091240100572,22.40149242878439,1.0,24.7660229,2.0,1365.1963794837934,23.721578794474194,8070,0.12258641521857606,7857,213,0,0.9736059479553903,0.026394052044609664,0.0,True,1607.0,22.61689605355588,1.0970665708687544,1694,0,0.0,,0.3203772410170408,0.4364916731037084,
446,448,28.935760155322807,32.564189534280025,1.0,24.7660229,2.0,1327.9561151913401,38.248718200723694,18202,0.2764954064198911,16447,1755,0,0.9035820239534117,0.09641797604658829,0.0,True,15.0,2.1850968611841584,0.07106011865741642,2783,0,0.0,,0.27429188517743175,0.39564392373895996,
465,472,26.730426473417413,21.08064132121088,1.414213562373095,35.02444547122265,2.414213562373095,1249.6047173634902,54.154339457954315,4057,0.06162739610182938,2332,1725,0,0.5748089721469066,0.42519102785309343,0.0,True,2651.0,29.048915784814227,1.2151544453929954,2673,0,0.0,,0.24025307335204216,0.3827822185373187,
466,468,28.350810193063293,20.195373388849728,1.0,24.7660229,2.0,1232.0261741700197,42.10188034817717,12870,0.19550026813668822,11529,1341,0,0.8958041958041958,0.1041958041958042,0.0,True,363.0,10.749255261864239,0.4428465625408757,1426,0,0.0,,0.2989350844248255,0.41421356237309503,
446,451,28.935760155322807,27.765983569983177,1.0,24.7660229,2.0,1330.5575224453364,22.54185034847932,7058,0.10721374456167408,6668,390,0,0.9447435534145651,0.055256446585434965,0.0,True,3263.0,32.2280182235537,1.1367558070059962,3433,0,0.0,,0.28989794855663564,0.4,
446,456,28.935760155322807,25.333097423353266,1.0,24.7660229,2.0,1303.2646391464111,82.45152606866063,15467,0.23494970064259182,14731,736,0,0.9524148186461499,0.047585181353850134,0.0,True,3240.0,32.11423409074988,1.1835234985071277,3341,0,0.0,,0.3090169943749474,0.40453726661826384,
447,448,25.32317372229493,32.564189534280025,1.0,24.7660229,2.0,1357.60035625072,86.46797499714768,16665,0.25314778310007063,15702,963,0,0.9422142214221422,0.057785778577857785,0.0,True,1.0,0.5641895835477563,0.01949266823735229,1960,0,0.0,,0.2989350844248255,0.4,
448,451,32.564189534280025,27.765983569983177,1.0,24.7660229,2.0,1358.3983473910196,85.69781017904728,14903,0.22638232292471364,13932,971,0,0.9348453331543984,0.06515466684560156,0.0,True,2551.0,28.495763187794253,0.9446604152302892,2951,0,0.0,,0.28989794855663564,0.4,
451,456,27.765983569983177,25.333097423353266,1.0,24.7660229,2.0,1333.7068713460906,22.257298583956118,10335,0.15699263956431023,9842,493,0,0.9522980164489598,0.047701983551040154,0.0,True,219.0,8.349243383340204,0.31447788651513475,705,0,0.0,,0.3090169943749474,0.41421356237309503,
454,457,38.38459687459151,25.554842594121663,1.0,24.7660229,2.0,1327.5196357838481,76.79684922810915,9978,0.15156967175352565,9442,536,0,0.9462818200040088,0.05371817999599118,0.0,True,2268.0,26.86869594648831,0.8404420235693711,3257,0,0.0,,0.2612038749637414,0.38510405263005587,
454,458,38.38459687459151,20.14922131435808,1.0,24.7660229,2.0,1305.4355360421773,60.033832083089074,20887,0.31728159289596014,19780,1107,0,0.9470005266433666,0.05299947335663331,0.0,True,2820.0,29.96053869739811,1.0237001318001928,2913,0,0.0,,0.28989794855663564,0.38742588672279316,
459,464,25.611137403080257,20.45027707844143,1.0,24.7660229,2.0,1246.960089858773,82.96814821959107,6962,0.10575546750331184,6954,8,0,0.9988509049123815,0.0011490950876185005,0.0,True,5.0,1.2615662610100802,0.05477757360300686,817,0,0.0,,0.3203772410170408,0.4567956789604663,
440,462,32.758736815559296,30.565814691421046,4.0,99.0640916,5.0,1278.850417166236,38.95761055182226,11513,0.17488691430129694,6964,4549,0,0.604881438374012,0.395118561625988,0.0,True,5745.0,42.763188563598455,1.3506037562345663,5907,0,0.0,,0.16666666666666666,0.3577747210701756,
441,445,30.667516989469675,18.830091240100572,1.0,24.7660229,2.0,1363.0233480068637,63.43049915914531,4893,0.07432655881840058,4704,189,0,0.9613733905579399,0.03862660944206009,0.0,True,1223.0,19.730509136937545,0.7972308094333491,1340,0,0.0,,0.3090169943749474,0.4142135623730951,
441,450,30.667516989469675,22.40149242878439,1.0,24.7660229,2.0,1351.6541680813532,85.68444412670154,3196,0.048548473734643015,3007,189,0,0.940863579474343,0.05913642052565707,0.0,True,2418.0,27.742986587467577,1.0455437887983212,2517,0,0.0,,0.28989794855663564,0.40269974784927715,
442,444,24.394699048950876,35.397552396840204,1.0,24.7660229,2.0,1343.373208615079,61.217121031948274,16937,0.2572795680987637,16217,720,0,0.9574895199858299,0.04251048001417016,0.0,True,2460.0,27.982893345973448,0.9360040028378369,2550,0,0.0,,0.3090169943749474,0.40269974784927715,
