bead_a,bead_b,r_a_vox,r_b_vox,gap_vox,gap_um,dsum_min,z_mid,axis_dip_deg,lens_vox,lens_mm3,binder_vox,pore_vox,crack_vox,binder_frac,pore_frac,crack_frac,connected,bond_area_vox,r_bond_vox,r_bond_over_R,neck_binder_vox,neck_crack_vox,neck_severed,q_crack_med,q_binder_med,q_pore_med,dq_paired,cls
4,10,32.6302432937921,33.37700866486862,18.027756377319943,446.4758272763268,19.027756377319943,71.5209382502815,44.12905982338679,130,0.0019747501831988,130,0,0,1.0,0.0,0.0,True,398.0,11.255546841497692,0.3410397041993768,408,0,0.0,,0.0697358853634202,,,intact
9,39,32.032817108073615,35.71522898711664,10.0,247.660229,11.0,108.14090463327828,6.017637038737911,6485,0.0985096533695744,3300,3185,0,0.5088666152659984,0.4911333847340015,0.0,False,1676.0,23.09734550211416,0.6818601224206802,1795,0,0.0,,0.2547778406202406,0.3574704445205464,,intact
11,16,35.50058335606696,35.09133206934256,1.0,24.7660229,2.0,128.40047089003218,87.83192498531767,2958,0.0449331618607866,2483,374,101,0.8394185260311021,0.1264367816091954,0.0341446923597025,True,1838.0,24.18788065965696,0.6852875577576564,2446,568,0.1884538818845388,0.4270509831248423,0.2817290466902531,0.407669683062202,0.1453219364345891,intact
13,57,35.11270941990711,35.35361230790185,1.0,24.7660229,2.0,155.92303491441874,31.218879229103475,2826,0.0429280309055385,2637,123,66,0.9331210191082804,0.0435244161358811,0.0233545647558386,True,2117.0,25.9588526143026,0.7367733117835821,2192,705,0.2433551950293407,0.4211646096066227,0.303832434700687,0.4211646096066227,0.1173321749059356,intact
14,16,35.2703292748547,35.09133206934256,1.0,24.7660229,2.0,129.88461522275634,89.74129809032728,2657,0.04036085566738,2597,51,9,0.977418140760256,0.0191945803537824,0.0033872788859616,True,4072.0,36.00219238519226,1.0233468538804298,4254,90,0.0207182320441988,0.4340578300578996,0.3090169943749474,0.4340578300578996,0.1250408356829522,intact
14,48,35.2703292748547,34.753798511171915,1.0,24.7660229,2.0,151.48206268545715,52.882387036127554,2525,0.0383557247121319,2508,17,0,0.9932673267326732,0.0067326732673267,0.0,True,4073.0,36.00661281523964,1.028405892473674,4073,134,0.0318516757784644,,0.3090169943749474,0.4211646096066227,,intact
14,64,35.2703292748547,31.39633860779166,1.0,24.7660229,2.0,164.0147392472441,6.004927048012981,2374,0.0360619764224163,2246,128,0,0.9460825610783488,0.0539174389216512,0.0,True,2816.0,29.93928254807644,0.8981784600597916,2847,0,0.0,,0.2958163163244892,0.4241077963657325,,intact
12,63,32.78474429199507,34.04542715074749,5.0,123.8301145,6.0,160.18466002972207,7.446087048573338,4256,0.0646502829207261,4237,19,0,0.9955357142857144,0.0044642857142857,0.0,True,2972.0,30.757389059187485,0.9204641674618236,3023,269,0.0817132442284325,,0.2779262976266636,0.3833180986057291,,intact
13,15,35.11270941990711,34.750306263080205,1.0,24.7660229,2.0,126.93301115022793,87.95142736019756,2588,0.0393127190316821,2581,7,0,0.9972952086553324,0.0027047913446676,0.0,True,3752.0,34.558626896356614,0.9893253693247644,3752,12,0.0031880977683315,,0.303832434700687,0.4340578300578996,,intact
13,25,35.11270941990711,36.72730441177014,1.0,24.7660229,2.0,122.83468645511972,85.61010701415896,2626,0.0398899537006171,2596,26,4,0.9885757806549884,0.0099009900990099,0.0015232292460015,True,2260.0,26.821266613927214,0.7466943610776591,2295,191,0.076830249396621,0.4415184401122529,0.303832434700687,0.430554406591371,0.1376860054115658,intact
13,43,35.11270941990711,35.686945990301986,1.0,24.7660229,2.0,140.61516191343307,64.52395684228965,2951,0.0448268291586143,2850,65,36,0.9657743137919348,0.0220264317180616,0.0121992544900033,True,3940.0,35.413852537730705,1.0003961836408637,4000,311,0.0721410345627464,0.4305008740430604,0.3008613653919205,0.4142135623730951,0.1296395086511399,intact
11,18,35.50058335606696,35.44486775278347,5.513233075965879,136.54085661240842,6.513233075965879,126.98942110838354,89.87601495519561,5540,0.0841547385763211,5151,385,4,0.9297833935018052,0.0694945848375451,0.0007220216606498,True,2469.0,28.034034832463544,0.790298303677043,2527,130,0.0489273616861121,0.4181390061939277,0.2598751755617592,0.4107012130722742,0.1582638306321684,intact
11,51,35.50058335606696,33.515016123006816,4.65685424949238,115.33175898489058,5.65685424949238,150.65334692644174,51.43798192656916,4655,0.0707112469445441,4655,0,0,1.0,0.0,0.0,True,2510.0,28.265841829340843,0.8191145782312976,2631,0,0.0,,0.2779262976266636,,,intact
11,60,35.50058335606696,34.6394418407235,1.0,24.7660229,2.0,162.50523918625422,11.332777379420504,2595,0.0394190517338543,2590,5,0,0.9980732177263968,0.001926782273603,0.0,True,2091.0,25.798952924688752,0.735641393121977,2769,501,0.1532110091743119,,0.3090169943749474,0.4285714285714285,,intact
12,43,32.78474429199507,35.686945990301986,5.928203230275509,146.8180169568572,6.928203230275509,139.20678919420078,63.91177633059732,5693,0.0864788676380859,5043,382,268,0.8858246969963113,0.0670999473037063,0.0470753556999824,True,3562.0,33.67224100927443,0.9835376013195976,3562,158,0.0424731182795698,0.3908712114635714,0.25,0.3900959445746376,0.1408712114635714,cohesive
17,28,35.8170633212898,33.90451377170122,5.0,123.8301145,6.0,130.76856778679831,83.02541584228898,2298,0.0349075070845461,1531,386,381,0.6662315056570931,0.1679721496953873,0.1657963446475195,True,1247.0,19.923163104065253,0.5715063810875296,1261,244,0.162126245847176,0.3908712114635714,0.2052130961576726,0.3375458469590383,0.1856581153058988,cohesive
17,29,35.8170633212898,34.4252307996975,1.0,24.7660229,2.0,128.80446869835782,85.72251648932902,2904,0.0441128810154578,2753,137,14,0.9480027548209368,0.0471763085399449,0.0048209366391184,True,944.0,17.334489682638438,0.4935627430613534,1190,498,0.2950236966824645,0.4176890859898589,0.3090169943749474,0.4285714285714285,0.1086720916149114,intact
17,35,35.8170633212898,32.74731308318247,1.0,24.7660229,2.0,129.3343988560204,84.40224232635391,2564,0.0389481497670915,2562,2,0,0.999219968798752,0.000780031201248,0.0,True,1884.0,24.48868770616877,0.7143268557335393,2008,206,0.0930442637759711,,0.3090169943749474,0.4836257084985633,,intact
17,67,35.8170633212898,34.63440074247107,6.348469228349534,157.22633428924988,7.348469228349534,163.6261011739459,20.46837859392061,6019,0.0914309334821077,5434,393,192,0.9028077753779696,0.0652932380794151,0.031898986542615,True,1782.0,23.816553427805523,0.6761123773453668,2031,775,0.2761938702779757,0.3711919688095944,0.2545320558182148,0.3860389103535211,0.1166599129913795,intact
15,27,34.750306263080205,34.56666801426126,2.863703305156273,70.92254163430594,3.863703305156273,133.58184502843633,81.65176067836096,3635,0.0552170531994453,3619,14,2,0.995598349381018,0.0038514442916093,0.0005502063273727,True,2614.0,28.84548565173464,0.8322776910694941,2617,31,0.0117069486404833,0.3457549835059216,0.2771863727725964,0.3968236053213279,0.0685686107333251,intact
15,48,34.750306263080205,34.753798511171915,1.0,24.7660229,2.0,150.5702598876685,50.50931146621567,2629,0.039935524858691,2617,12,0,0.99543552681628,0.00456447318372,0.0,True,3396.0,32.8782659743508,0.9460812733618746,3396,195,0.0543024227234753,,0.3090169943749474,0.4223572182080777,,intact
16,20,35.09133206934256,37.807394926395375,1.0,24.7660229,2.0,125.62460692514898,84.292851222895,2770,0.0420773692881605,2730,40,0,0.9855595667870036,0.0144404332129963,0.0,True,2588.0,28.701672171559103,0.787439598862602,2833,404,0.1248069199876428,,0.304845440523399,0.4415184401122529,,intact
16,27,35.09133206934256,34.56666801426126,1.0,24.7660229,2.0,134.33328731607168,82.38343124852697,2733,0.0415153250052501,2665,68,0,0.9751189169410904,0.0248810830589096,0.0,True,2743.0,29.548672014189364,0.8483927755239866,2744,26,0.0093862815884476,,0.304845440523399,0.4258327418248415,,intact
18,47,35.44486775278347,34.5101653925344,5.414213562373095,134.08853707122265,6.414213562373095,148.8053227782147,55.85735331370002,5149,0.0782152976406999,5014,135,0,0.973781316760536,0.0262186832394639,0.0,True,2363.0,27.425649692437503,0.7840936801635442,2643,120,0.0434310532030401,,0.2710027819719485,0.4178399102908763,,intact
18,51,35.44486775278347,33.515016123006816,7.0990195135927845,175.81447984118574,8.099019513592784,150.56608096736392,49.74082725853442,7318,0.1111632449280718,6872,431,15,0.9390543864443835,0.058895873189396,0.0020497403662202,True,2447.0,27.90885686465384,0.809422965819459,2710,602,0.1817632850241546,0.3017000572465459,0.2589348488084732,0.3756718036008188,0.0427652084380727,intact
19,34,33.92665193205848,33.63389748699761,1.8284271247461903,45.2828680424453,2.8284271247461903,131.21701833286403,88.68017751832862,3142,0.0477281928893142,3039,103,0,0.967218332272438,0.032781667727562,0.0,True,1475.0,21.668112103298046,0.6414427440161211,1935,492,0.2027194066749073,,0.2898979485566356,0.4198684153570663,,intact
19,56,33.92665193205848,33.375151318809685,3.2426406871192857,80.30731351366796,4.242640687119286,158.46167276604973,38.66007424229531,3720,0.0565082360115369,3625,46,49,0.974462365591398,0.0123655913978494,0.0131720430107526,True,2528.0,28.367012395961314,0.842979267293121,2568,228,0.0815450643776824,0.433030277982336,0.2766967754673748,0.3838174353585168,0.1563335025149612,intact
22,45,33.202084155162524,34.22001268029314,1.0,24.7660229,2.0,148.90717165727995,53.524747534070045,2687,0.0408165672481182,2659,28,0,0.9895794566430964,0.0104205433569036,0.0,True,3215.0,31.990096656322983,0.9489499187305062,3274,421,0.1139377537212449,,0.3090169943749474,0.4211646096066227,,intact
22,47,33.202084155162524,34.5101653925344,1.0,24.7660229,2.0,149.78992990499353,52.98712036381006,2375,0.0360771668084409,2375,0,0,1.0,0.0,0.0,True,3338.0,32.59629426915724,0.9627886973743564,3500,55,0.0154711673699015,,0.3090169943749474,,,intact
23,31,35.34718065008779,34.82467772811083,1.0,24.7660229,2.0,136.28002342367228,87.89147673601364,2661,0.0404216172114784,2658,3,0,0.9988726042841036,0.0011273957158962,0.0,True,1633.0,22.79912375812128,0.6498081790920515,1929,29,0.0148110316649642,,0.3090169943749474,0.393529818721632,,intact
23,40,35.34718065008779,35.94981371345634,1.0,24.7660229,2.0,142.68349190921475,77.8102485010764,2746,0.0417128000235699,2745,1,0,0.9996358339402768,0.0003641660597232,0.0,True,2073.0,25.68767007844421,0.7205821313437845,2082,253,0.1083511777301927,,0.3090169943749474,0.3660254037844386,,intact
21,33,35.90351208615431,33.01595501479054,1.0,24.7660229,2.0,133.3929759575207,77.23910821619887,2551,0.0387506747487716,2487,60,4,0.9749117992943944,0.0235201881615052,0.0015680125441003,True,1899.0,24.585981246698665,0.7134698592688802,2074,241,0.1041036717062635,0.459669602148235,0.3090169943749474,0.4211646096066227,0.1506526077732876,intact
21,42,35.90351208615431,35.10664115735828,1.0,24.7660229,2.0,138.04821096986694,67.18463420167753,2752,0.0418039423397176,2702,28,22,0.9818313953488372,0.0101744186046511,0.0079941860465116,True,2259.0,26.81533204883324,0.7552534623288696,2532,441,0.148335015136226,0.4340578300578996,0.304845440523399,0.4241077963657325,0.1292123895345006,intact
21,69,35.90351208615431,34.50568797903108,4.0,99.0640916,5.0,165.61208258603207,10.335829739111064,4512,0.0685390217430254,4504,8,0,0.99822695035461,0.00177304964539,0.0,True,3928.0,35.35988168715967,1.0044108342211877,3928,16,0.0040567951318458,,0.2817290466902531,0.4181390061939277,,intact
22,37,33.202084155162524,39.5353839422145,1.0,24.7660229,2.0,124.75197334848076,83.1187649042982,2824,0.0428976501334893,2804,20,0,0.9929178470254958,0.0070821529745042,0.0,True,2919.0,30.481905415680384,0.8381349038675046,3085,12,0.0038747174685179,,0.3090169943749474,0.4176890859898589,,intact
24,35,40.68545575459934,32.74731308318247,5.196152422706632,128.68802989264293,6.196152422706632,123.40097043185716,76.5419205244759,5114,0.0776836341298386,2540,1076,1498,0.496675791943684,0.2104028157997653,0.2929213922565507,False,972.0,17.58969042850512,0.4790692413454269,1004,477,0.3220796758946657,0.380665477567095,0.1454826884249362,0.337386354243376,0.2351827891421587,cohesive
25,27,36.72730441177014,34.56666801426126,1.0,24.7660229,2.0,129.48352033332813,75.10754311277708,2478,0.0376417765689754,2455,14,9,0.9907183212267958,0.0056497175141242,0.0036319612590799,True,2582.0,28.668381993522893,0.8042301759315427,2586,53,0.0200833649109511,0.4142135623730951,0.3090169943749474,0.4142135623730951,0.1051965679981477,intact
25,49,36.72730441177014,33.9620820039768,1.0,24.7660229,2.0,146.00361191238517,42.60696072030539,2722,0.0413482307589794,2652,42,28,0.9742836149889786,0.0154298310066127,0.0102865540044085,True,1590.0,22.496949104983702,0.6365014677782584,1936,1067,0.3553113553113553,0.4380497392704112,0.304845440523399,0.4176890859898589,0.1332042987470121,intact
25,57,36.72730441177014,35.35361230790185,1.0,24.7660229,2.0,153.1130692064149,32.54936465434691,2996,0.0455103965297216,2931,55,10,0.9783044058744992,0.0183578104138851,0.0033377837116154,True,1750.0,23.60174359706574,0.6548680197521535,1833,588,0.2428748451053283,0.4303862075218683,0.3090169943749474,0.4211646096066227,0.1213692131469209,intact
20,25,37.807394926395375,36.72730441177014,10.6619037896906,264.0529534130742,11.6619037896906,120.7748399424054,88.91469960204269,9273,0.1408604496061779,5102,2877,1294,0.5501995039361588,0.3102555807182142,0.1395449153456271,True,1.0,0.5641895835477563,0.0151389779138442,792,249,0.239193083573487,0.3714646446291267,0.1690342619244982,0.3322286592842691,0.2024303827046285,cohesive
20,49,37.807394926395375,33.9620820039768,1.0,24.7660229,2.0,146.75373110767467,43.67626689153702,2770,0.0420773692881605,2657,65,48,0.9592057761732852,0.0234657039711191,0.0173285198555956,True,2346.0,27.32681820093904,0.7615164376201432,2655,1191,0.3096723868954758,0.4340578300578996,0.304845440523399,0.4285714285714285,0.1292123895345006,intact
20,53,37.807394926395375,33.362716063067126,1.0,24.7660229,2.0,151.40147256792815,32.93854108372829,2571,0.0390544824692638,2571,0,0,1.0,0.0,0.0,True,3088.0,31.35188875547286,0.8810408841462912,4265,1821,0.2992113046335852,,0.3090169943749474,,,intact
21,29,35.90351208615431,34.4252307996975,1.414213562373095,35.02444547122265,2.414213562373095,128.7140818760398,85.68907271815448,2666,0.0404975691416014,2663,3,0,0.99887471867967,0.00112528132033,0.0,True,3156.0,31.695204697178458,0.9013442696856352,3272,186,0.0537883169462116,,0.2989350844248255,0.4457990551962238,,intact
27,66,34.56666801426126,35.10082915227047,1.0,24.7660229,2.0,173.24428845478263,7.420176808181479,2888,0.0438698348390641,2571,146,171,0.8902354570637119,0.0505540166204986,0.0592105263157894,True,2361.0,27.414040951306863,0.7869965784984901,2362,483,0.1697715289982425,0.4211646096066227,0.2857142857142857,0.4211646096066227,0.135450323892337,intact
28,34,33.90451377170122,33.63389748699761,8.43650317030929,208.9386307118025,9.43650317030929,133.68988156867067,87.55360671619894,8391,0.1274625291324748,5921,1742,728,0.7056369920152544,0.2076033845787153,0.0867596234060302,True,322.0,10.124020118074668,0.299800363360508,986,500,0.3364737550471063,0.385143668184907,0.2025519956555797,0.3693850293375195,0.1825916725293273,cohesive
28,46,33.90451377170122,33.72118046958565,1.0,24.7660229,2.0,152.08999640924395,59.09637192731639,2790,0.0423811770086526,2787,2,1,0.9989247311827956,0.0007168458781362,0.0003584229390681,True,2540.0,28.43425945768288,0.8409306485262871,2716,722,0.2100058173356602,0.4211646096066227,0.3090169943749474,0.427081728298996,0.1121476152316752,intact
28,50,33.90451377170122,34.418984854606705,1.414213562373095,35.02444547122265,2.414213562373095,153.87838201308512,58.97588352937907,2660,0.0404064268254538,2660,0,0,1.0,0.0,0.0,True,1813.0,24.022818811521944,0.7032080995416699,1827,345,0.1588397790055248,,0.2989350844248255,,,intact
23,44,35.34718065008779,34.0217246566022,1.0,24.7660229,2.0,147.73589240058652,67.84478747802655,2994,0.0454800157576724,2985,9,0,0.996993987975952,0.003006012024048,0.0,True,3248.0,32.15385684991696,0.927039477061375,3738,446,0.1065965583173996,,0.3090169943749474,0.4340578300578996,,intact
23,55,35.34718065008779,34.357950879620255,1.0,24.7660229,2.0,159.49785136661495,43.709050463593165,2752,0.0418039423397176,2752,0,0,1.0,0.0,0.0,True,3292.0,32.37091511398834,0.9287957544472027,3329,259,0.0721850613154961,,0.3090169943749474,,,intact
24,26,40.68545575459934,39.625850640457486,1.0,24.7660229,2.0,123.07786188904922,77.55799090479864,3383,0.0513890759212444,3159,138,86,0.9337865799586166,0.0407921962754951,0.0254212237658882,True,1510.0,21.923684182580352,0.5459675646349531,1679,1202,0.4172162443595973,0.4453967436302943,0.2898979485566356,0.4068781988545112,0.1554987950736587,intact
24,32,40.68545575459934,37.277980052643976,8.306623862918075,205.7220368107155,9.306623862918077,117.96596609560925,85.06326542163012,8178,0.1242269769092336,6085,1618,475,0.7440694546343849,0.1978478845683541,0.0580826607972609,True,1395.0,21.072311008201925,0.5405690703601385,1569,1387,0.4692151556156969,0.3706793556038632,0.2411715218551072,0.4263185712672803,0.1295078337487559,cohesive
28,58,33.90451377170122,34.49479031221268,1.0,24.7660229,2.0,161.9468916933106,39.72607810561133,2578,0.039160815171436,2441,105,32,0.9468580294802172,0.0407292474786656,0.0124127230411171,True,1100.0,18.712051592547777,0.5471415782122983,1830,955,0.3429084380610412,0.4276112198322612,0.3021694792519622,0.4340578300578996,0.1254417405802989,intact
29,35,34.4252307996975,32.74731308318247,1.0,24.7660229,2.0,131.95584492204455,89.11338975456091,2172,0.0329935184454457,2168,4,0,0.998158379373849,0.001841620626151,0.0,True,1652.0,22.93137440223813,0.6827603385758498,1732,320,0.1559454191033138,,0.3064247145378172,0.4509526540072415,,intact
29,36,34.4252307996975,33.67885841776392,8.43650317030929,208.9386307118025,9.43650317030929,137.669317723409,80.80410186940671,6418,0.0974918975059258,3792,646,1980,0.5908382673730134,0.1006544094733561,0.3085073231536304,True,902.0,16.94448338952177,0.4976054619985233,1136,1028,0.4750462107208872,0.3777135495558996,0.1784329590736898,0.3364432220266488,0.1992805904822097,cohesive
29,38,34.4252307996975,33.75976620877764,8.222125139210444,203.62933948435156,9.222125139210444,137.8526506272537,80.59822979047921,6228,0.0946057241612505,4217,578,1433,0.6771034039820167,0.0928066795118818,0.2300899165061014,True,1772.0,23.74963406702674,0.6966234541030999,1899,522,0.2156133828996282,0.3809802932482878,0.1959691289492877,0.3574587891065164,0.185011164299,cohesive
26,58,39.625850640457486,34.49479031221268,7.547442467302883,186.92013298165568,8.547442467302883,160.18961421972477,48.51628754120114,7752,0.1177558724627511,7281,424,47,0.9392414860681114,0.0546955624355005,0.006062951496388,True,2557.0,28.529254791738826,0.7698059386711515,2557,268,0.0948672566371681,0.3838359392541076,0.2565236958429578,0.3692144102211551,0.1273122434111497,intact
26,71,39.625850640457486,34.51450804187209,1.8284271247461903,45.2828680424453,2.8284271247461903,172.02868367931987,19.79981719690061,3705,0.0562803802211678,3266,107,332,0.8815114709851551,0.0288798920377867,0.089608636977058,True,2389.0,27.576118619071032,0.7438895389548056,2989,1040,0.2581285678828493,0.39564392373896,0.2612038749637415,0.4,0.1344400487752185,cohesive
27,48,34.56666801426126,34.753798511171915,1.0,24.7660229,2.0,155.93073477877252,59.01123641371208,2952,0.0448420195446389,2880,41,31,0.975609756097561,0.0138888888888888,0.0105013550135501,True,2525.0,28.35017570693472,0.8179453234502755,2582,336,0.1151473612063056,0.4449944320643648,0.3090169943749474,0.4142135623730951,0.1359774376894174,intact
27,57,34.56666801426126,35.35361230790185,7.0990195135927845,175.81447984118574,8.099019513592784,162.5718687926272,52.06533351307831,6313,0.095896906973342,5127,574,612,0.8121336923808016,0.0909234912086171,0.0969428164105813,True,14.0,2.111004122822376,0.0603831710369512,1622,312,0.1613236814891416,0.3574925441029853,0.2332995250031629,0.3414139560572061,0.1241930190998223,cohesive
26,32,39.625850640457486,37.277980052643976,8.196152422706632,202.9860985926429,9.196152422706632,126.72766220065128,83.04467655124957,2543,0.0386291516605748,495,2048,0,0.1946519858434919,0.805348014156508,0.0,True,624.0,14.093451279891855,0.3665214373035408,1208,1036,0.4616755793226381,,0.4211646096066226,0.4585074229755834,,intact
26,34,39.625850640457486,33.63389748699761,1.0,24.7660229,2.0,131.93260409508486,89.84155919913148,2875,0.0436723598207442,2619,227,29,0.9109565217391304,0.0789565217391304,0.0100869565217391,True,1730.0,23.466488938440666,0.6406379912094258,1892,438,0.1879828326180257,0.4449944320643648,0.2898979485566356,0.4142135623730951,0.1550964835077292,intact
26,40,39.625850640457486,35.94981371345634,14.0,346.7243206,15.0,141.11065230653713,77.05760572446619,30627,0.4652359527756294,10571,14661,5395,0.3451529696019851,0.4786952688803996,0.1761517615176151,True,18.0,2.393653682408596,0.0633445621119342,1479,285,0.1615646258503401,0.3567891723253309,0.1333333333333333,0.3560760456342907,0.2234558389919975,cohesive
26,54,39.625850640457486,33.860011693756185,1.0,24.7660229,2.0,157.35781516926028,50.86326651812283,2826,0.0429280309055385,2705,30,91,0.9571832979476292,0.0106157112526539,0.0322009907997169,True,2495.0,28.18125557934844,0.7669844153472706,2519,1161,0.3154891304347826,0.4142135623730951,0.304845440523399,0.3927409831932979,0.109368121849696,intact
29,61,34.4252307996975,34.086570446732345,1.0,24.7660229,2.0,163.7913644661045,17.33746345825835,2666,0.0404975691416014,2607,37,22,0.9778694673668415,0.0138784696174043,0.0082520630157539,True,2321.0,27.180824966004582,0.7934640301818361,2734,1168,0.2993336750384418,0.4248680190890256,0.3090169943749474,0.4142135623730951,0.1158510247140782,intact
30,32,34.113465564309394,37.277980052643976,9.0,222.8942061,10.0,125.27844667705564,84.43950407847062,11228,0.170557654284284,6141,3421,1666,0.5469362308514428,0.3046847167794799,0.1483790523690773,True,801.0,15.967661658277216,0.4473270297382902,1511,200,0.1168907071887784,0.3699708355423042,0.2,0.3757527116952358,0.1699708355423042,cohesive
30,40,34.113465564309394,35.94981371345634,10.051815009825804,248.9434807199096,11.051815009825804,139.6614367829415,74.28985527258826,8847,0.1343893451596954,8140,469,238,0.9200859048264948,0.053012320560642,0.0269017746128631,True,2105.0,25.885175495191827,0.738908477080272,2110,221,0.0948090948090948,0.4117637076468715,0.2517564787261065,0.3673677887146507,0.1600072289207649,cohesive
30,43,34.113465564309394,35.686945990301986,1.0,24.7660229,2.0,142.26339930532134,69.07303556694923,2599,0.0394798132779528,2583,16,0,0.993843786071566,0.006156213928434,0.0,True,2398.0,27.62801308579265,0.7916289451725276,2459,137,0.0527734976887519,,0.3090169943749474,0.4672514169971266,,intact
31,40,34.82467772811083,35.94981371345634,1.0,24.7660229,2.0,143.97827813344054,79.70535650563997,3041,0.0461939639008289,3039,1,1,0.9993423216047352,0.0003288391976323,0.0003288391976323,True,1267.0,20.08229632773261,0.5675009715700454,1325,33,0.024300441826215,0.4270509831248423,0.3090169943749474,0.3090169943749474,0.1180339887498949,intact
31,55,34.82467772811083,34.357950879620255,1.0,24.7660229,2.0,160.79263759084074,46.94012601591948,2816,0.0427761270452924,2816,0,0,1.0,0.0,0.0,True,1812.0,24.01619274083693,0.6942839040421529,1853,65,0.0338894681960375,,0.3090169943749474,,,intact
31,56,34.82467772811083,33.375151318809685,1.0,24.7660229,2.0,162.04488435517396,45.23742075542519,2552,0.0387658651347962,2456,79,17,0.962382445141066,0.0309561128526645,0.0066614420062695,True,1638.0,22.834000822655877,0.6696204709529816,1797,431,0.1934470377019748,0.4415184401122529,0.3090169943749474,0.4340578300578996,0.1325014457373055,intact
31,65,34.82467772811083,34.27300445686583,1.0,24.7660229,2.0,169.32524416832797,23.48143964853215,2599,0.0394798132779528,2599,0,0,1.0,0.0,0.0,True,1417.0,21.23782259843112,0.6147188133337613,1459,360,0.1979109400769653,,0.3090169943749474,,,intact
30,44,34.113465564309394,34.0217246566022,2.146264369941973,53.15443253543696,3.146264369941973,144.71383727431328,64.26936406894932,3148,0.0478193352054618,2818,244,86,0.8951715374841169,0.0775095298602287,0.0273189326556543,True,1654.0,22.945251180756117,0.6735213068712886,2004,526,0.2079051383399209,0.4271966572963435,0.2742918851774317,0.4253147834742252,0.1529047721189117,intact
30,52,34.113465564309394,34.21341964782566,1.0,24.7660229,2.0,155.5494757031169,39.64702372709042,2456,0.037307588076434,2422,29,5,0.9861563517915308,0.0118078175895765,0.0020358306188925,True,2025.0,25.38853125964903,0.7431490892882076,2040,223,0.098541758727353,0.4449944320643648,0.3090169943749474,0.4340578300578996,0.1359774376894174,intact
30,68,34.113465564309394,35.1236786136218,8.222125139210444,203.62933948435156,9.222125139210444,166.29416337427918,20.227869925322867,6251,0.0949551030398164,4711,1055,485,0.7536394176931691,0.1687729963205887,0.0775875859862422,True,971.0,17.58063990543179,0.507838389759452,1050,234,0.1822429906542056,0.3582711418945161,0.2178597088112806,0.3719210492142398,0.1404114330832354,cohesive
31,34,34.82467772811083,33.63389748699761,1.0,24.7660229,2.0,134.80022992198826,85.37038149374457,2625,0.0398747633145925,2623,2,0,0.9992380952380951,0.0007619047619047,0.0,True,1803.0,23.9564756337274,0.6998823904369057,1961,372,0.1594513501928847,,0.3090169943749474,0.3715374122164235,,intact
36,38,33.67885841776392,33.75976620877764,4.65685424949238,115.33175898489058,5.65685424949238,144.09605358628073,89.71770743649327,4406,0.0669288408244171,4406,0,0,1.0,0.0,0.0,True,2531.0,28.38383909782421,0.8417680299681941,2676,3,0.0011198208286674,,0.2798057840438667,,,intact
36,75,33.67885841776392,35.38795975311981,6.4031242374328485,158.57992149580696,7.403124237432848,180.96885542560491,20.47096196157037,5416,0.0822711307092698,5416,0,0,1.0,0.0,0.0,True,3635.0,34.015532279799466,0.9850036003001884,3635,54,0.01463811330984,,0.270658722346124,,,intact
39,82,35.71522898711664,33.3145312929986,10.360566425675607,256.5900253552532,11.360566425675607,184.2424731023928,24.9880659026532,9032,0.1371995665742477,7484,1548,0,0.8286093888396812,0.1713906111603188,0.0,True,2911.0,30.440106417044845,0.8819415363322199,2911,0,0.0,,0.2380067155369107,0.353219120813669,,intact
40,65,35.94981371345634,34.27300445686583,1.0,24.7660229,2.0,175.72871265387045,40.59269856213937,3231,0.0490801372455042,3231,0,0,1.0,0.0,0.0,True,2985.0,30.824584510721557,0.8779079311786651,3041,101,0.0321451304901336,,0.3090169943749474,,,intact
33,74,33.01595501479054,33.56439338560942,9.770329614269007,241.9722069675344,10.770329614269007,176.79117528035107,21.57953732190345,7072,0.1074264099660185,7005,67,0,0.9905260180995475,0.0094739819004524,0.0,True,2492.0,28.16430784468183,0.8460246460504445,2492,0,0.0,,0.2682079019934025,0.2977523907976221,,intact
34,58,33.63389748699761,34.49479031221268,1.0,24.7660229,2.0,160.28266032071835,33.3665812552962,2599,0.0394798132779528,2453,81,65,0.9438245479030396,0.0311658330126971,0.0250096190842631,True,1528.0,22.05396803500069,0.647420895585085,2034,1030,0.3361618798955613,0.4364916731037084,0.3021694792519622,0.4340578300578996,0.1343221938517462,intact
35,42,32.74731308318247,35.10664115735828,1.0,24.7660229,2.0,141.28997401587168,75.9393602781516,2256,0.0342695108715127,2248,7,1,0.99645390070922,0.0031028368794326,0.0004432624113475,True,2003.0,25.25024162312378,0.7442526203738176,2092,1211,0.3666363911595519,0.393529818721632,0.3090169943749474,0.439607805437114,0.0845128243466846,intact
35,54,32.74731308318247,33.860011693756185,1.0,24.7660229,2.0,157.68092371206825,40.9333896182761,2462,0.0373987303925816,2323,74,65,0.9435418359057676,0.0300568643379366,0.0264012997562956,True,3123.0,31.529062379842163,0.9467145688685104,3148,706,0.1831862999481058,0.4415184401122529,0.2989350844248255,0.4026997478492771,0.1425833556874273,intact
32,40,37.277980052643976,35.94981371345634,10.224972160321824,253.2318946743928,11.224972160321824,135.99875651309716,69.91412068744802,8170,0.1241054538210367,4837,1132,2201,0.5920440636474908,0.1385556915544675,0.2694002447980416,True,1.0,0.5641895835477563,0.0154091651415815,1801,719,0.2853174603174603,0.3813570972530608,0.1784329590736898,0.331713222674758,0.2029241381793709,cohesive
32,52,37.277980052643976,34.21341964782566,1.0,24.7660229,2.0,151.88679543327254,38.866174102189234,2608,0.0396165267521742,2554,52,2,0.9792944785276072,0.0199386503067484,0.0007668711656441,True,2683.0,29.223713395650293,0.8175448660423505,2728,793,0.2252201079238852,0.4647435872924699,0.304845440523399,0.436403720705399,0.1598981467690708,intact
33,37,33.01595501479054,39.5353839422145,1.0,24.7660229,2.0,130.70814011072093,72.86883218335187,3138,0.0476674313452158,3112,21,5,0.9917144678138942,0.0066921606118546,0.0015933715742511,True,3041.0,31.11238280628643,0.8576652961490916,3423,55,0.0158136860264519,0.4387496113528984,0.304845440523399,0.4387496113528984,0.1339041708294993,intact
33,39,33.01595501479054,35.71522898711664,1.0,24.7660229,2.0,144.2873191811811,84.14094970991106,2421,0.0367759245655728,2421,0,0,1.0,0.0,0.0,True,3459.0,33.181830816121824,0.9655538835239934,3553,38,0.0105820105820105,,0.3090169943749474,,,intact
40,68,35.94981371345634,35.1236786136218,1.7320508075688772,42.89600996421431,2.732050807568877,177.0144732103207,46.61723821930461,3162,0.0480320006098063,2998,112,52,0.948134092346616,0.0354206198608475,0.0164452877925363,True,2118.0,25.964982937357547,0.7306516701857693,2349,617,0.208024275118004,0.4492523313899211,0.2898979485566356,0.4211646096066227,0.1593543828332855,intact
40,71,35.94981371345634,34.51450804187209,8.899494936611665,220.40509539855856,9.899494936611664,181.29977799176572,40.207703683158506,8119,0.1233307441337818,7934,83,102,0.9772139426037688,0.0102229338588496,0.0125631235373814,True,2175.0,26.31205051777122,0.7468190954603642,2298,736,0.2425840474620962,0.3137904279843288,0.2658626798938589,0.3743554473886641,0.0479277480904699,intact
41,43,33.34776719762847,35.686945990301986,1.0,24.7660229,2.0,152.2343101272969,84.34678045164611,2682,0.0407406153179951,2682,0,0,1.0,0.0,0.0,True,3363.0,32.7181317809573,0.9478747798050532,3363,34,0.0100088313217544,,0.3090169943749474,,,intact
41,44,33.34776719762847,34.0217246566022,3.47213595499958,85.99099857343296,4.47213595499958,154.68474809628884,80.64026590125687,3794,0.0576323245773578,3792,2,0,0.999472851871376,0.0005271481286241,0.0,True,2843.0,30.08247008509303,0.8930591357341198,2976,176,0.0558375634517766,,0.2791745113185196,0.3713177643119593,,intact
41,76,33.34776719762847,35.16195257645013,3.0,74.2980687,4.0,183.81576520311864,15.779974927973631,3873,0.0588323650733017,3871,2,0,0.9994836044410018,0.0005163955589981,0.0,True,2781.0,29.75264347040649,0.8685670754024519,2901,57,0.0192697768762677,,0.2817290466902531,0.4217893051963033,,intact
42,45,35.10664115735828,34.22001268029314,1.0,24.7660229,2.0,159.5185734318664,75.08566462227934,2501,0.0379911554475413,2501,0,0,1.0,0.0,0.0,True,2481.0,28.10207870642285,0.8107149891362728,2581,1057,0.2905442550852116,,0.3164309725825327,,,intact
42,62,35.10664115735828,33.55471331877397,1.8284271247461903,45.2828680424453,2.8284271247461903,171.95259793874845,51.60691867011671,2937,0.0446141637542698,2936,1,0,0.9996595165134492,0.0003404834865509,0.0,True,4114.0,36.18738553363748,1.0540830663693583,4126,667,0.1391612768620905,,0.2898979485566356,0.4305008740430604,,intact
42,80,35.10664115735828,33.68194507415196,2.23606797749979,55.37851073671648,3.23606797749979,185.80369497663352,12.206923614287856,2980,0.0452673503533279,2980,0,0,1.0,0.0,0.0,True,2813.0,29.923330527115517,0.8700085920186691,2821,225,0.0738673670387393,,0.2817290466902531,,,intact
45,80,34.22001268029314,33.68194507415196,8.288221436384907,205.2662818937795,9.288221436384909,195.22809545646368,46.53690781664943,6402,0.0972488513295321,6225,177,0,0.9723523898781632,0.0276476101218369,0.0,True,2760.0,29.64009591528445,0.8730262541905607,2760,39,0.0139335476956055,,0.2653311931459037,0.3874258867227931,,intact
46,50,33.72118046958565,34.418984854606705,1.0,24.7660229,2.0,170.61426548106616,86.94882203616301,3016,0.0458142042502138,3016,0,0,1.0,0.0,0.0,True,2035.0,25.451141789397465,0.747023188696648,2051,117,0.0539667896678966,,0.3203772410170408,,,intact
46,84,33.72118046958565,34.296563981422736,2.0,49.5320458,3.0,200.2095070285984,26.17269040146858,3437,0.0522093567665732,3327,79,31,0.9679953447774222,0.0229851614780331,0.0090194937445446,True,2096.0,25.829779740470595,0.7595012139538144,2231,274,0.1093812375249501,0.4142135623730951,0.2898979485566356,0.4142135623730951,0.1243156138164594,intact
47,51,34.5101653925344,33.515016123006816,4.773112505913769,118.21101362573678,5.773112505913769,172.46924859627288,87.25859724808095,4892,0.0743113684323759,4892,0,0,1.0,0.0,0.0,True,3267.0,32.24776578559272,0.9481125979274396,3302,46,0.0137395459976105,,0.2812988957811848,,,intact
43,52,35.686945990301986,34.21341964782566,2.146264369941973,53.15443253543696,3.146264369941973,168.87174806153823,68.71582300122553,3469,0.0526954491193606,3446,23,0,0.9933698472182184,0.0066301527817814,0.0,True,2521.0,28.32771122186429,0.8105168252914758,2554,123,0.0459469555472543,,0.2898979485566356,0.4449944320643648,,intact
43,63,35.686945990301986,34.04542715074749,7.135175045001725,176.70990856002126,8.135175045001725,176.56354249926397,57.09955901111967,6849,0.1040389538825312,5475,1374,0,0.7993867717915024,0.2006132282084975,0.0,True,2652.0,29.054394128245264,0.833311497071129,2652,16,0.0059970014992503,,0.2316624790355399,0.3660254037844386,,intact
43,79,35.686945990301986,34.56213861171404,1.0,24.7660229,2.0,191.15497428611505,5.711804050300334,2593,0.0393886709618051,2547,46,0,0.9822599305823372,0.0177400694176629,0.0,True,3706.0,34.34612697520826,0.9778384208076238,3787,264,0.0651690940508516,,0.304845440523399,0.4195106216501436,,intact
44,68,34.0217246566022,35.1236786136218,1.0,24.7660229,2.0,182.0668737016925,51.8723593071175,2636,0.0400418575608632,2517,85,34,0.954855842185129,0.0322458270106221,0.0128983308042488,True,2133.0,26.05676471149144,0.7536803165254583,2326,671,0.2238905572238905,0.4340578300578996,0.2989350844248255,0.4142135623730951,0.1351227456330741,intact
44,76,34.0217246566022,35.16195257645013,9.071067811865476,224.65427315611325,10.071067811865476,189.6175647085564,41.53559631685997,6815,0.1035224807576946,5219,1091,505,0.7658107116654439,0.16008804108584,0.074101247248716,True,1738.0,23.52068413519105,0.6799489439093911,1910,326,0.1457960644007155,0.4121411919964289,0.2171292729553324,0.3874258867227931,0.1950119190410965,cohesive
45,53,34.22001268029314,33.362716063067126,1.0,24.7660229,2.0,175.11047995492896,79.67786688550581,2338,0.0355151225255304,2322,11,5,0.9931565440547476,0.0047048759623609,0.0021385799828913,True,2278.0,26.9278651349615,0.7968859984099727,2868,1322,0.3155131264916467,0.4285714285714285,0.3112045800849295,0.458039891549808,0.1173668484864989,intact
45,74,34.22001268029314,33.56439338560942,2.146264369941973,53.15443253543696,3.146264369941973,190.87081077252748,51.09502823715364,3204,0.0486699968228398,3204,0,0,1.0,0.0,0.0,True,3226.0,32.04477637352005,0.9454911013711592,3226,6,0.0018564356435643,,0.2898979485566356,,,intact
45,78,34.22001268029314,34.361860316496205,1.7320508075688772,42.89600996421431,2.732050807568877,192.89950065407535,47.326837700258615,3064,0.0465433427793949,3059,5,0,0.9983681462140992,0.0016318537859007,0.0,True,3133.0,31.57950084174568,0.9209285037527066,3147,145,0.0440461725394896,,0.2933997741163456,0.375,,intact
47,70,34.5101653925344,35.78937600850874,1.0,24.7660229,2.0,188.42162810760408,60.516054194554016,2589,0.0393279094177067,2589,0,0,1.0,0.0,0.0,True,2970.0,30.747038263316654,0.8747436370292001,2978,0,0.0,,0.3090169943749474,,,intact
47,78,34.5101653925344,34.361860316496205,1.0,24.7660229,2.0,193.7822589017889,48.0144032862704,2768,0.0420469885161113,2768,0,0,1.0,0.0,0.0,True,3337.0,32.59141129493029,0.9464339391619452,3337,6,0.0017947950942267,,0.3090169943749474,,,intact
48,59,34.753798511171915,33.30908115668958,1.0,24.7660229,2.0,182.1674726497797,74.40418676204202,2570,0.0390392920832392,2557,10,3,0.9949416342412452,0.0038910505836575,0.0011673151750972,True,3225.0,32.03980934622934,0.941476749223062,3306,326,0.0897577092511013,0.4449944320643648,0.3133921657949117,0.4142135623730951,0.1316022662694531,intact
48,64,34.753798511171915,31.39633860779166,1.0,24.7660229,2.0,185.45182619979164,67.09393009667615,2700,0.041014042266438,2574,126,0,0.9533333333333334,0.0466666666666666,0.0,True,2995.0,30.87617380959715,0.9335180592012932,3005,0,0.0,,0.3090169943749474,0.439607805437114,,intact
49,62,33.9620820039768,33.55471331877397,1.0,24.7660229,2.0,182.89676300155756,71.00771569853762,2392,0.0363354033708592,2387,5,0,0.9979096989966556,0.0020903010033444,0.0,True,2316.0,27.151532118863187,0.8042897175160825,2362,953,0.2874811463046757,,0.3090169943749474,0.4305008740430604,,intact
49,72,33.9620820039768,34.36145593324355,1.0,24.7660229,2.0,190.1021328343204,58.65052545380132,2577,0.0391456247854114,2505,56,16,0.9720605355064028,0.0217306946061311,0.006208769887466,True,2034.0,25.44488766919261,0.7448351896698575,2225,884,0.2843357992923769,0.439607805437114,0.2989350844248255,0.4350543397400872,0.1406727210122884,intact
49,85,33.9620820039768,34.9871732559816,1.0,24.7660229,2.0,205.66587263059571,14.342902201134484,2594,0.0394038613478297,2531,48,15,0.9757131842713956,0.0185042405551272,0.0057825751734772,True,2454.0,27.948747032649287,0.8107048271159573,2475,364,0.1282141599154632,0.4142135623730951,0.3090169943749474,0.4142135623730951,0.1051965679981477,intact
50,67,34.418984854606705,34.63440074247107,1.0,24.7660229,2.0,186.73591540023276,65.06519196853031,2748,0.0417431807956192,2414,99,235,0.8784570596797671,0.0360262008733624,0.0855167394468704,True,1190.0,19.46249635988947,0.5636941966452429,1356,1529,0.5299826689774697,0.4211646096066227,0.2898979485566356,0.4026997478492771,0.1312666610499871,cohesive
48,66,34.753798511171915,35.10082915227047,1.0,24.7660229,2.0,190.2327033140148,61.073814461450176,2599,0.0394798132779528,2572,20,7,0.9896113889957676,0.0076952674105425,0.0026933435936898,True,2421.0,27.76019154204375,0.7947989265877005,2450,251,0.0929285449833395,0.4211646096066227,0.3090169943749474,0.4495789443311784,0.1121476152316753,intact
48,73,34.753798511171915,34.45696278900919,8.281885242839627,205.10935957933825,9.281885242839628,192.9190149581214,59.20679626053086,6776,0.102930055702735,6528,248,0,0.9634002361275088,0.0365997638724911,0.0,True,1770.0,23.7362275550541,0.6859114712553231,1770,117,0.0620031796502384,,0.2632403810669918,0.3320167484004076,,intact
48,87,34.753798511171915,34.7709859562506,1.0,24.7660229,2.0,208.0581142188615,5.418475640062361,2723,0.041363421145004,2712,11,0,0.9959603378626516,0.0040396621373485,0.0,True,2326.0,27.210086278134018,0.7827449300726406,2326,0,0.0,,0.3090169943749474,0.4305008740430604,,intact
49,53,33.9620820039768,33.362716063067126,1.0,24.7660229,2.0,176.63024453790788,82.21092149088786,2438,0.0370341611279911,2157,118,163,0.8847415914684167,0.0484003281378178,0.0668580803937653,True,1471.0,21.638711666278937,0.6428154940689312,1576,1392,0.4690026954177897,0.4211646096066227,0.2898979485566356,0.4068781988545112,0.131266661049987,intact
50,84,34.418984854606705,34.296563981422736,1.8284271247461903,45.2828680424453,2.8284271247461903,201.9978926324396,33.7147214094003,3019,0.0458597754082876,3002,13,4,0.9943689963564094,0.0043060616098045,0.001324942033786,True,2033.0,25.43863201140436,0.740403953466386,2073,266,0.1137238135955536,0.4531252071117823,0.2898979485566356,0.45657137141714,0.1632272585551466,intact
50,89,34.418984854606705,34.155741283676406,10.180339887498947,252.1265307835824,11.180339887498947,205.4990626327244,33.14551521997228,8183,0.1243029288393566,7621,356,206,0.9313210314065746,0.0435048270805328,0.0251741415128925,True,3507.0,33.41126712422853,0.974448430369336,3550,129,0.0350638760532753,0.3983459486433729,0.2510489592449695,0.3851699132597318,0.1472969893984033,cohesive
51,60,33.515016123006816,34.6394418407235,1.0,24.7660229,2.0,186.0818990452346,69.97687055943497,2407,0.0365632591612283,2407,0,0,1.0,0.0,0.0,True,2778.0,29.736591328169585,0.872623514781512,2829,143,0.0481157469717362,,0.3090169943749474,,,intact
51,86,33.515016123006816,34.77532951609817,1.0,24.7660229,2.0,207.90843031626832,12.771241303653063,2631,0.0399659056307402,2619,12,0,0.9954389965792474,0.0045610034207525,0.0,True,3304.0,32.429860683500394,0.9497641395720258,3325,192,0.0545919818026727,,0.3090169943749474,0.4370648079258189,,intact
53,91,33.362716063067126,34.71659965261771,1.0,24.7660229,2.0,212.73680091500324,20.513457633114047,2637,0.0400570479468878,2525,74,38,0.9575274933636708,0.0280621918847174,0.0144103147516116,True,2915.0,30.461013086004705,0.894868368337221,3216,1231,0.2768158308972341,0.4285714285714285,0.3090169943749474,0.4211646096066227,0.1195544341964811,intact
54,67,33.860011693756185,34.63440074247107,11.544621651056168,285.91436418189284,12.544621651056168,191.9726260299937,76.87055553610924,8544,0.1297866581942396,8375,169,0,0.9802200374531836,0.0197799625468164,0.0,True,2805.0,29.88075017039453,0.8725018321228887,2805,0,0.0,,0.2640945837331134,0.4108934632172568,,intact
54,83,33.860011693756185,33.35585126234081,1.0,24.7660229,2.0,207.01885055579837,44.8450501625293,2378,0.0361227379665147,2315,48,15,0.973507148864592,0.0201850294365012,0.0063078216989066,True,1626.0,22.750206041591,0.676929672284372,1900,1371,0.4191378783246713,0.4449944320643648,0.3090169943749474,0.4449944320643648,0.1359774376894174,intact
54,90,33.860011693756185,33.45020909558081,1.0,24.7660229,2.0,211.1136220324757,32.98045679772432,2631,0.0399659056307402,2592,38,1,0.9851767388825542,0.0144431774990497,0.000380083618396,True,3446.0,33.119418288812724,0.9840828896540884,3446,638,0.1562193927522037,0.4285714285714285,0.3090169943749474,0.4377476530537126,0.1195544341964811,intact
52,68,34.21341964782566,35.1236786136218,1.0,24.7660229,2.0,192.9025121304961,72.18102718171708,2623,0.0398443825425433,2295,114,214,0.8749523446435379,0.0434616850934045,0.0815859702630575,True,1678.0,23.11112262561905,0.6666307995317192,2449,695,0.2210559796437659,0.4305008740430604,0.2898979485566356,0.3956439237389599,0.1406029254864248,cohesive
52,72,34.21341964782566,34.36145593324355,8.9498743710662,221.6527936259486,9.9498743710662,195.1897935251601,70.71970747909734,6462,0.0981602744910084,5249,607,606,0.8122872175796967,0.0939337666357165,0.0937790157845868,True,2056.0,25.582125126616702,0.7461078101811068,2140,503,0.1903140370790768,0.358994746481471,0.2391211523659686,0.343893334406777,0.1198735941155023,cohesive
52,97,34.21341964782566,33.59149612045886,4.0,99.0640916,5.0,218.07535054096667,11.242361376658028,4172,0.0633742904946591,3906,265,1,0.9362416107382552,0.0635186960690316,0.0002396931927133,True,2317.0,27.15739321598896,0.8010449657896845,2334,117,0.047735618115055,0.4431520702387858,0.2714970279031851,0.3827822185373187,0.1716550423356007,intact
53,85,33.362716063067126,34.9871732559816,9.680544149919662,239.74857810137135,10.680544149919662,210.31361409084923,42.52002409876376,7114,0.108064406179052,4063,1029,2022,0.5711273545122294,0.1446443632274388,0.2842282822603317,True,576.0,13.540550005146152,0.3962127851280215,829,862,0.5097575399172087,0.3534959180103599,0.1757340838011157,0.3277160324722686,0.1777618342092442,cohesive
55,56,34.357950879620255,33.375151318809685,6.817337799805944,168.8383440670296,7.817337799805943,185.26271229811664,88.11838776253451,6400,0.0972184705574828,6342,58,0,0.9909375,0.0090625,0.0,True,2077.0,25.71244122217362,0.7592282174481485,2110,189,0.0822096563723358,,0.2742918851774317,0.377504591736487,,intact
55,65,34.357950879620255,34.27300445686583,1.0,24.7660229,2.0,192.54307211127065,75.28163455448811,2727,0.0414241826891024,2727,0,0,1.0,0.0,0.0,True,2807.0,29.891400946056383,0.8710763473859238,3199,997,0.2376072449952335,,0.3090169943749474,,,intact
56,65,33.375151318809685,34.27300445686583,8.0,198.1281832,9.0,193.79531887560387,78.90127630524194,6705,0.1018515382949879,3938,1186,1581,0.5873228933631618,0.176882923191648,0.2357941834451901,True,2024.0,25.38226171238474,0.7504199167395935,2208,794,0.2644903397734843,0.4,0.179128784747792,0.3636363636363636,0.220871215252208,cohesive
56,77,33.375151318809685,34.34149453085117,4.55269276785519,112.752093345366,5.55269276785519,202.2606184019388,65.09295466553878,4160,0.0631920058623638,4142,18,0,0.9956730769230768,0.004326923076923,0.0,True,3903.0,35.247176990155324,1.0410195764393977,3967,241,0.0572718631178707,,0.2791745113185196,0.3965949279805674,,intact
58,67,34.49479031221268,34.63440074247107,1.0,24.7660229,2.0,194.8044250804582,79.75785022281399,2520,0.0382797727820088,2507,13,0,0.99484126984127,0.0051587301587301,0.0,True,3551.0,33.62020829558676,0.97267761368687,3575,463,0.1146607231302625,,0.3090169943749474,0.4340578300578996,,intact
58,77,34.49479031221268,34.34149453085117,2.863703305156273,70.92254163430594,3.863703305156273,203.27297409339303,65.25710720252162,3865,0.0587108419851048,3481,338,46,0.9006468305304011,0.0874514877102199,0.011901681759379,True,3658.0,34.12297706326789,0.9914241345552868,3658,170,0.0444096133751306,0.4407430525840366,0.2612038749637415,0.4072739409583566,0.1795391776202951,intact
59,73,33.30908115668958,34.45696278900919,1.0,24.7660229,2.0,202.16733796989644,71.06839073533948,2588,0.0393127190316821,2532,52,4,0.9783616692426584,0.0200927357032457,0.0015455950540958,True,1555.0,22.247963345344548,0.6566109529183064,2736,1644,0.3753424657534246,0.4341885094855435,0.3090169943749474,0.4211646096066227,0.1251715151105961,intact
60,86,34.6394418407235,34.77532951609817,8.126822193908446,201.2690645585648,9.126822193908446,219.7603225760808,55.75498373402434,7019,0.1066213195067144,6613,406,0,0.9421570024219974,0.0578429975780025,0.0,True,1789.0,23.86328532249492,0.6875564049567321,2312,583,0.2013816925734024,,0.2563347232703193,0.4007871454417938,,intact
57,66,35.35361230790185,35.10082915227047,1.0,24.7660229,2.0,196.87383732786944,71.86756266025291,2975,0.0451913984232049,2973,2,0,0.999327731092437,0.000672268907563,0.0,True,3900.0,35.233628199729644,1.0001818897293255,3932,236,0.0566218809980806,,0.3090169943749474,0.4276112198322612,,intact
57,72,35.35361230790185,34.36145593324355,1.0,24.7660229,2.0,197.2115901283502,72.02941190779754,2759,0.0419102750418898,2729,17,13,0.9891264951069229,0.0061616527727437,0.0047118521203334,True,3099.0,31.40767959088298,0.9010298744094573,3120,386,0.1100969766115231,0.4305008740430604,0.3090169943749474,0.4068781988545112,0.121483879668113,intact
57,73,35.35361230790185,34.45696278900919,1.0,24.7660229,2.0,199.56014897197605,68.05009117750019,2553,0.0387810555208209,2518,17,18,0.9862906384645516,0.0066588327457892,0.0070505287896592,True,2942.0,30.601759510732585,0.8767084204148504,2944,381,0.1145864661654135,0.4176890859898589,0.304845440523399,0.4211646096066227,0.1128436454664598,intact
57,92,35.35361230790185,33.25520100743982,1.0,24.7660229,2.0,217.04074855970248,24.48208539201043,2668,0.0405279499136506,2664,4,0,0.9985007496251874,0.0014992503748125,0.0,True,3216.0,31.99507140118726,0.9326810902305116,3255,237,0.0678694158075601,,0.3090169943749474,0.414472163417523,,intact
60,88,34.6394418407235,34.25863621190079,1.7320508075688772,42.89600996421431,2.732050807568877,217.53013857803208,57.14137666907041,3030,0.0460268696545583,2959,71,0,0.9765676567656766,0.0234323432343234,0.0,True,4292.0,36.961953837707625,1.072945860970929,4370,306,0.0654405474764756,,0.2898979485566356,0.4449944320643648,,intact
60,109,34.6394418407235,34.840353118062346,8.438793109825916,208.99534340631084,9.438793109825916,236.050275086669,16.837457551808985,7052,0.1071226022455264,6377,341,334,0.9042824730572888,0.0483550765740215,0.0473624503686897,True,2102.0,25.86672342524905,0.744582606802243,2302,523,0.1851327433628318,0.3804491183385134,0.2510489592449695,0.3546064745168128,0.1294001590935439,cohesive
61,67,34.086570446732345,34.63440074247107,6.89920048531124,170.8657572109093,7.89920048531124,198.6129969416926,86.33076057012279,5811,0.0882713331889895,3980,638,1193,0.6849079332300809,0.1097917742213044,0.2053002925486147,True,34.0,3.2897623212397704,0.0957426027109644,2116,600,0.2209131075110456,0.3946438965569824,0.2025519956555797,0.3443994633588381,0.1920919009014027,cohesive
61,75,34.086570446732345,35.38795975311981,6.117215614703381,151.4991019979815,7.117215614703381,207.0909021683005,73.11924442041901,6035,0.0916739796585014,5028,1007,0,0.8331400165700082,0.1668599834299917,0.0,True,3480.0,33.282403818227905,0.9581181397696944,3488,75,0.0210496772382823,,0.2372732414640341,0.4007871454417938,,intact
63,79,34.04542715074749,34.56213861171404,1.0,24.7660229,2.0,212.1328451216364,63.59497169488294,2574,0.0391000536273376,2572,2,0,0.9992229992229992,0.0007770007770007,0.0,True,3435.0,33.06651567736342,0.9639320477233922,3435,0,0.0,,0.3090169943749474,0.4521047795849457,,intact
63,100,34.04542715074749,33.46286368842224,2.0,49.5320458,3.0,230.5346532511486,22.6614657470565,3010,0.0457230619340661,3001,9,0,0.9970099667774086,0.0029900332225913,0.0,True,3983.0,35.60657631210895,1.054880100488317,4093,184,0.0430208089782557,,0.2898979485566356,0.4198684153570663,,intact
64,87,31.39633860779166,34.7709859562506,5.741657386773941,142.19801832479757,6.741657386773941,220.59079078064843,50.33523504297891,5246,0.0796887650850867,4718,528,0,0.8993518871521159,0.1006481128478841,0.0,True,3473.0,33.24891328624599,1.0049949429061444,3475,2,0.0005752085130859,,0.2542862710161889,0.380665477567095,,intact
64,88,31.39633860779166,34.25863621190079,1.0,24.7660229,2.0,217.55549430629785,53.85055923155468,2478,0.0376417765689754,2478,0,0,1.0,0.0,0.0,True,4936.0,39.63808267566925,1.2074662364741404,4941,0,0.0,,0.3203772410170408,,,intact
61,90,34.086570446732345,33.45020909558081,3.7320508075688767,92.42805576421428,4.732050807568877,217.7539929441745,53.9602525179823,3759,0.0571006610664965,3677,61,21,0.9781856876828944,0.0162277201383346,0.0055865921787709,True,2565.0,28.573849199249008,0.8461715051528897,2596,506,0.1631205673758865,0.3914563591869194,0.2742918851774318,0.4010304899342249,0.1171644740094876,intact
61,96,34.086570446732345,34.44636959909812,1.7320508075688772,42.89600996421431,2.732050807568877,225.144838751028,37.12399202263793,2972,0.0451458272651311,2965,6,1,0.9976446837146704,0.0020188425302826,0.0003364737550471,True,2636.0,28.96661630188228,0.8453341205706703,2737,296,0.0975931421035278,0.4527056075836185,0.2989350844248255,0.4223993250150105,0.1537705231587929,intact
62,80,33.55471331877397,33.68194507415196,1.0,24.7660229,2.0,207.66211996334573,65.31614850039601,2509,0.0381126785357382,2370,94,45,0.9445994420087684,0.0374651255480271,0.0179354324432044,True,2123.0,25.9956128677165,0.7732571335059547,2499,961,0.2777456647398844,0.4449944320643648,0.3021694792519622,0.4241077963657325,0.1428249528124026,intact
62,85,33.55471331877397,34.9871732559816,1.0,24.7660229,2.0,216.58013255449885,49.72664838709476,2377,0.0361075475804901,2372,5,0,0.997896508203618,0.0021034917963819,0.0,True,1979.0,25.09851120600028,0.732355424113588,2009,589,0.2267128560431101,,0.3090169943749474,0.4449944320643648,,intact
65,71,34.27300445686583,34.51450804187209,11.084925779295894,274.52952569484245,12.084925779295894,206.6467440266532,81.46284910208281,10174,0.1545469874143485,9277,619,278,0.9118340868881464,0.0608413603302535,0.0273245527816001,True,2542.0,28.44545184522819,0.8270527836211577,2568,221,0.0792398709214772,0.3098793264326118,0.2546019156965886,0.3607905828104921,0.0552774107360232,cohesive
65,95,34.27300445686583,34.36219729526964,1.0,24.7660229,2.0,227.7970418344645,40.29131118953857,2481,0.0376873477270492,2464,17,0,0.9931479242241033,0.0068520757758968,0.0,True,2639.0,28.98309489407616,0.8445548101903672,2771,1027,0.270405476566614,,0.3090169943749474,0.4211646096066227,,intact
66,87,35.10082915227047,34.7709859562506,5.19114712955712,128.56406868788088,6.19114712955712,225.3716678948716,62.51378828327647,5285,0.0802811901400464,5148,137,0,0.974077578051088,0.025922421948912,0.0,True,2398.0,27.62801308579265,0.79081996203712,2398,0,0.0,,0.2713447036381609,0.3874258867227931,,intact
66,98,35.10082915227047,34.66628087811726,1.0,24.7660229,2.0,231.28922536274192,44.63886460042763,3070,0.0466344850955425,3070,0,0,1.0,0.0,0.0,True,5970.0,43.592545469578056,1.249658913794506,5970,75,0.0124069478908188,,0.3090169943749474,,,intact
66,111,35.10082915227047,33.671981557992545,2.449489742783178,60.66411906308329,3.449489742783178,242.18979151395357,23.959373491015903,2985,0.045343302283451,2985,0,0,1.0,0.0,0.0,True,2730.0,29.47856830447755,0.8572739139212888,2730,75,0.0267379679144385,,0.2843646522044218,,,intact
67,84,34.63440074247107,34.296563981422736,5.477225575051661,135.6490940201951,6.477225575051661,216.33115694776492,65.7258492273253,5420,0.0823318922533683,4280,508,632,0.7896678966789668,0.0937269372693726,0.1166051660516605,True,2202.0,26.47486297182116,0.7681558811157644,2219,435,0.1639035418236624,0.4099627786406589,0.226969554074083,0.3915772955286299,0.1829932245665759,cohesive
68,97,35.1236786136218,33.59149612045886,10.06225774829855,249.2021058200643,11.06225774829855,228.82003821212896,50.63887074514152,7587,0.115249458768691,6437,550,600,0.8484249373929089,0.0724924212468696,0.0790826413602214,True,1487.0,21.756075031018277,0.6332247604757357,1581,722,0.313504125054277,0.3648238939805612,0.2437586564055321,0.3597870626648317,0.1210652375750291,cohesive
68,102,35.1236786136218,33.29322259157372,1.0,24.7660229,2.0,235.94800716951036,18.39521596525858,2568,0.03900891131119,2421,96,51,0.9427570093457944,0.0373831775700934,0.0198598130841121,True,2708.0,29.35954992478095,0.858254302887118,2841,1301,0.3140994688556253,0.4340578300578996,0.3090169943749474,0.4211646096066227,0.1250408356829522,intact
69,74,34.50568797903108,33.56439338560942,6.89920048531124,170.8657572109093,7.89920048531124,209.01028190886245,84.24560604643048,6043,0.0917955027466982,5809,234,0,0.9612775111699488,0.0387224888300513,0.0,True,1902.0,24.60539378919935,0.7229429815837065,1902,0,0.0,,0.2653311931459037,0.4114676548019733,,intact
69,80,34.50568797903108,33.68194507415196,2.863703305156273,70.92254163430594,3.863703305156273,213.36756659279865,76.85958104174925,3599,0.0546701993025595,3596,3,0,0.9991664351208668,0.000833564879133,0.0,True,3244.0,32.13405157741889,0.9425184637911066,3244,23,0.0070400979491888,,0.2817290466902531,0.473610906922796,,intact
69,81,34.50568797903108,36.39205513164819,5.0,123.8301145,6.0,215.89327196083252,72.8034203574202,5594,0.0849750194216498,5554,40,0,0.992849481587415,0.0071505184125849,0.0,True,3464.0,33.20580439833751,0.9367238769927996,3473,0,0.0,,0.2766967754673748,0.4256065988062745,,intact
69,82,34.50568797903108,33.3145312929986,4.55269276785519,112.752093345366,5.55269276785519,212.95796347706684,77.87607989707078,4834,0.0734303260429487,4832,2,0,0.9995862639635912,0.0004137360364087,0.0,True,2581.0,28.662829871461817,0.8452591330173685,2582,0,0.0,,0.280957962249861,0.2997049058197502,,intact
69,96,34.50568797903108,34.44636959909812,5.422466567392307,134.29293118252227,6.422466567392307,229.6773897592977,48.4380075147966,5152,0.0782608687987737,5134,18,0,0.9965062111801242,0.0034937888198757,0.0,True,3331.0,32.56209807242474,0.9444851746600544,3331,194,0.0550354609929078,,0.2766967754673748,0.3490131968783545,,intact
69,104,34.50568797903108,33.715090960557184,1.0,24.7660229,2.0,236.74109725446863,30.636373289799668,2284,0.0346948416802017,2272,12,0,0.9947460595446584,0.0052539404553415,0.0,True,2609.0,28.817884951076994,0.8448418619375829,2609,0,0.0,,0.3090169943749474,0.4541634565979919,,intact
70,74,35.78937600850874,33.56439338560942,1.0,24.7660229,2.0,209.46670672072145,84.53746333366486,2711,0.0411811365127087,2711,0,0,1.0,0.0,0.0,True,3030.0,31.05606148784623,0.8955839533786053,3030,0,0.0,,0.3090169943749474,,,intact
70,78,35.78937600850874,34.361860316496205,1.0,24.7660229,2.0,211.49539660226932,81.42052579866923,2591,0.0393582901897559,2591,0,0,1.0,0.0,0.0,True,2321.0,27.180824966004582,0.7749207680411517,2321,0,0.0,,0.3090169943749474,,,intact
70,99,35.78937600850874,35.39215320399297,1.0,24.7660229,2.0,233.3421528274129,40.82584816774168,2941,0.0446749252983683,2941,0,0,1.0,0.0,0.0,True,3374.0,32.77159678721972,0.9207893438025212,3374,0,0.0,,0.3090169943749474,,,intact
70,101,35.78937600850874,34.018149241498094,6.834654549917682,169.2672110968505,7.834654549917682,235.92030891980937,38.83617874334248,6871,0.1043731423750726,6871,0,0,1.0,0.0,0.0,True,2846.0,30.09833776272484,0.8623235863162731,2846,0,0.0,,0.27195617308673,,,intact
71,83,34.51450804187209,33.35585126234081,8.22446323827975,203.68724489944444,9.22446323827975,221.6897190658579,74.72918018725089,7428,0.1128341873907785,3829,886,2713,0.5154819601507808,0.1192784060312331,0.365239633817986,True,515.0,12.80349918517013,0.3772928069462977,1091,1741,0.6147598870056498,0.3690444308357147,0.1618942496983687,0.3107299704513743,0.2071501811373459,cohesive
71,93,34.51450804187209,33.72251006979314,1.0,24.7660229,2.0,230.132582143398,58.91877418579384,2520,0.0382797727820088,2518,2,0,0.9992063492063492,0.0007936507936507,0.0,True,2960.0,30.695231927842155,0.8996651019425115,3034,712,0.190069407367859,,0.3133921657949117,0.4105458806138031,,intact
71,95,34.51450804187209,34.36219729526964,4.766114533138578,118.03770167173282,5.766114533138578,233.3681071723598,54.38449196164538,5182,0.0787165803795119,3800,422,960,0.7333076032419915,0.0814357390968738,0.1852566576611347,True,4.0,1.1283791670955126,0.0327651899600091,2199,422,0.161007249141549,0.4045372666182638,0.2171292729553324,0.3726822671238252,0.1874079936629313,cohesive
71,103,34.51450804187209,34.06196498590772,1.0,24.7660229,2.0,239.81501143721871,38.66297999661225,2541,0.0385987708885256,2470,50,21,0.9720582447855176,0.0196772924045651,0.0082644628099173,True,2045.0,25.51359867297932,0.7440918888506836,2110,599,0.2211148025101513,0.4211646096066227,0.3090169943749474,0.4340578300578996,0.1121476152316753,intact
72,83,34.36145593324355,33.35585126234081,8.449489742783179,209.26025646308327,9.44948974278318,219.69169567907687,73.05296611264865,6172,0.0937550625438725,5375,790,7,0.8708684381075826,0.12799740764744,0.0011341542449773,True,2617.0,28.86203340277639,0.8524270854248732,2677,1000,0.2719608376393799,0.424807680927192,0.2417903343816373,0.3770559553986613,0.1830173465455547,intact
72,85,34.36145593324355,34.9871732559816,11.24744871391589,278.5545724154165,12.24744871391589,223.7855023872617,67.32478077952484,9262,0.1406933553599072,5053,835,3374,0.5455625134960052,0.0901533146188728,0.364284171885122,True,2272.0,26.89237924411993,0.7755706077690793,2277,221,0.088470776621297,0.3671528431744578,0.1683604963286917,0.325712032443019,0.198792346845766,cohesive
72,93,34.36145593324355,33.72251006979314,1.0,24.7660229,2.0,228.13455875661697,55.01034579420014,2502,0.0380063458335659,2502,0,0,1.0,0.0,0.0,True,2885.0,30.303861497179465,0.8901908415801701,2885,171,0.0559554973821989,,0.3090169943749474,,,intact
72,105,34.36145593324355,34.62716818366324,1.0,24.7660229,2.0,242.0178680017192,15.630412416170657,2498,0.0379455842894675,2496,2,0,0.99919935948759,0.0008006405124099,0.0,True,3107.0,31.44819257720605,0.9116921225712388,3324,124,0.0359628770301624,,0.3090169943749474,0.4091113463425369,,intact
73,87,34.45696278900919,34.7709859562506,6.348469228349534,157.22633428924988,7.348469228349534,228.05797953897823,66.98263967700093,5320,0.0808128536509076,4919,385,16,0.924624060150376,0.0723684210526315,0.0030075187969924,True,1859.0,24.325667070312107,0.7027701242405436,2158,1081,0.3337449830194504,0.4400138744147154,0.2588283628687876,0.3797958971132712,0.1811855115459278,intact
73,92,34.45696278900919,33.25520100743982,1.0,24.7660229,2.0,230.39947986596457,59.327140029889655,2398,0.0364265456870068,2397,1,0,0.999582985821518,0.000417014178482,0.0,True,3515.0,33.44935350550178,0.9879865486518672,3545,373,0.0952016334864726,,0.3090169943749474,0.4211646096066227,,intact
74,80,33.56439338560942,33.68194507415196,7.3484692283495345,181.9923571892499,8.348469228349535,217.15593231729457,83.31561896966276,5560,0.0844585462968132,5555,5,0,0.9991007194244604,0.0008992805755395,0.0,True,2312.0,27.128075067297424,0.8068268306840297,2312,0,0.0,,0.2696862318229452,0.2918256742691262,,intact
74,82,33.56439338560942,33.3145312929986,3.2426406871192857,80.30731351366796,4.242640687119286,216.7463292015628,83.47224561510308,4190,0.063647717443102,4190,0,0,1.0,0.0,0.0,True,3225.0,32.03980934622934,0.9581436753117424,3225,0,0.0,,0.2817290466902531,,,intact
74,99,33.56439338560942,35.39215320399297,1.0,24.7660229,2.0,236.6740937400498,46.38180438076745,2710,0.0411659461266841,2710,0,0,1.0,0.0,0.0,True,2269.0,26.87461872754702,0.7794653316237651,2269,0,0.0,,0.3090169943749474,,,intact
74,104,33.56439338560942,33.715090960557184,3.414213562373095,84.55649127122264,4.414213562373095,240.52946297896457,39.07319007247258,3600,0.0546853896885841,3583,17,0,0.9952777777777778,0.0047222222222222,0.0,True,2009.0,25.288031978452484,0.7517308500267458,2009,0,0.0,,0.2801868778094689,0.3820855257918398,,intact
74,106,33.56439338560942,34.13171365459868,2.146264369941973,53.15443253543696,3.146264369941973,242.0583444522574,34.09692376817998,3120,0.0473940043967729,3120,0,0,1.0,0.0,0.0,True,2287.0,26.9810064619971,0.7971213601979132,2287,0,0.0,,0.2916488613364906,,,intact
76,79,35.16195257645013,34.56213861171404,4.0197648378370845,99.553588026488,5.0197648378370845,222.7364293619368,83.69928823026784,4596,0.0698150141690923,4020,576,0,0.8746736292428199,0.1253263707571801,0.0,True,3779.0,34.68274873605817,0.9948569610598424,3779,185,0.046670030272452,,0.25,0.393529818721632,,intact
76,94,35.16195257645013,34.28715759470646,2.6502815398728847,65.63693330793913,3.6502815398728847,235.82528976461933,62.6955556372531,3121,0.0474091947827975,3121,0,0,1.0,0.0,0.0,True,3895.0,35.21103529698984,1.0140096888271892,4038,129,0.0309575233981281,,0.2817290466902531,,,intact
77,95,34.34149453085117,34.36219729526964,9.3166247903554,230.7357429086495,10.3166247903554,236.26234136079944,62.95391065151521,7102,0.1078821215467567,7102,0,0,1.0,0.0,0.0,True,2163.0,26.239365156488432,0.7638414897090685,2163,8,0.0036849378166743,,0.266978077589994,,,intact
77,107,34.34149453085117,34.778158827503084,7.135175045001725,176.70990856002126,8.135175045001725,244.91639986242225,45.43227381383361,6544,0.0994058861450262,6544,0,0,1.0,0.0,0.0,True,2568.0,28.59055416951505,0.8272771282947822,2568,0,0.0,,0.2742918851774317,,,intact
77,113,34.34149453085117,34.605518809892075,1.414213562373095,35.02444547122265,2.414213562373095,250.61097342339548,24.718225698725927,2601,0.039510194050002,2601,0,0,1.0,0.0,0.0,True,4258.0,36.81526171807802,1.0679291222125376,4258,0,0.0,,0.2933997741163456,,,intact
78,91,34.361860316496205,34.71659965261771,1.0,24.7660229,2.0,230.5258216141497,66.9018532327073,2613,0.0396924786822973,2582,21,10,0.9881362418675852,0.0080367393800229,0.0038270187523918,True,3519.0,33.468380443050414,0.9689961373781252,3548,668,0.1584440227703984,0.4376640331023073,0.3090169943749474,0.4211646096066227,0.1286470387273599,intact
78,101,34.361860316496205,34.018149241498094,2.863703305156273,70.92254163430594,3.863703305156273,241.28093971399423,45.81952179482747,4004,0.0608223056425252,4004,0,0,1.0,0.0,0.0,True,2952.0,30.653723819701742,0.8965697436384176,2955,8,0.0026999662504218,,0.2843646522044218,,,intact
80,104,33.68194507415196,33.715090960557184,1.0,24.7660229,2.0,244.8867476629008,43.686372521577496,2697,0.0409684711083642,2697,0,0,1.0,0.0,0.0,True,3271.0,32.26750126221706,0.9575347273609912,3271,0,0.0,,0.3090169943749474,,,intact
81,82,36.39205513164819,33.3145312929986,7.071067811865476,175.12222735611326,8.071067811865476,223.62931925353288,85.51841964546223,6721,0.1020945844713816,6708,13,0,0.9980657640232108,0.0019342359767891,0.0,True,3386.0,32.8298229452782,0.9419432116581244,3386,0,0.0,,0.2711923793731366,0.2811325038498516,,intact
81,96,36.39205513164819,34.44636959909812,5.324555320336759,131.868058995777,6.324555320336759,240.34874553576375,69.56712386199278,5165,0.0784583438170936,5161,4,0,0.9992255566311712,0.0007744433688286,0.0,True,3190.0,31.86547562686445,0.8996664098046703,3190,0,0.0,,0.2711923793731366,0.3572260579614433,,intact
81,116,36.39205513164819,34.00631751075385,8.288221436384907,205.2662818937795,9.288221436384909,257.1157058845786,41.35042018587731,6784,0.1030515787909318,6780,4,0,0.9994103773584906,0.0005896226415094,0.0,True,4086.0,36.06402910029561,1.02456996508961,4086,0,0.0,,0.269128646713734,0.3271362603446068,,intact
82,99,33.3145312929986,35.39215320399297,3.16227766016838,78.31704094788851,4.16227766016838,240.6217753082542,57.50597792492841,3808,0.0578449899817023,3808,0,0,1.0,0.0,0.0,True,3264.0,32.23295624828558,0.9382771555421788,3264,0,0.0,,0.2817290466902531,,,intact
82,116,33.3145312929986,34.00631751075385,5.6332495807108,139.51318811729905,6.6332495807108,254.1803974008129,17.78920755284953,5690,0.0864332964800121,5689,1,0,0.9998242530755712,0.0001757469244288,0.0,True,3237.0,32.09936294659024,0.9536232390700644,3237,0,0.0,,0.2727272727272727,0.2149851662190086,,intact
83,93,33.35585126234081,33.72251006979314,1.0,24.7660229,2.0,239.60449184470744,75.38673636970194,2323,0.0352872667351613,2319,2,2,0.998278088678433,0.0008609556607834,0.0008609556607834,True,2070.0,25.669076033243712,0.7653459483348147,2092,293,0.1228511530398322,0.4211646096066227,0.3090169943749474,0.4442703827964342,0.1121476152316753,intact
83,103,33.35585126234081,34.06196498590772,3.898979485566356,96.5622152261666,4.898979485566356,249.28692113852816,59.28247587376875,4181,0.0635110039688806,3422,351,408,0.8184644821812963,0.0839512078450131,0.0975843099736905,True,1480.0,21.70480664627101,0.6438893412491653,1566,888,0.3618581907090464,0.4068781988545112,0.2421017236931483,0.40369821609784,0.1647764751613628,cohesive
78,106,34.361860316496205,34.13171365459868,1.0,24.7660229,2.0,244.0870343338053,38.13177509400058,2731,0.0414849442332009,2731,0,0,1.0,0.0,0.0,True,3266.0,32.24283002895776,0.9414848184901148,3266,0,0.0,,0.3090169943749474,,,intact
79,97,34.56213861171404,33.59149612045886,1.0,24.7660229,2.0,240.3585767655435,66.29390908115526,2501,0.0379911554475413,2392,57,52,0.9564174330267892,0.0227908836465413,0.0207916833266693,True,2322.0,27.186679747971468,0.7978057180606278,3015,990,0.247191011235955,0.4211646096066227,0.303832434700687,0.4211646096066227,0.1173321749059356,intact
79,100,34.56213861171404,33.46286368842224,10.051815009825804,248.9434807199096,11.051815009825804,245.1260850379997,61.92243789740378,7675,0.1165862127388564,7401,183,91,0.964299674267101,0.023843648208469,0.0118566775244299,True,2679.0,29.201920914323004,0.8585643491926644,2693,317,0.1053156146179402,0.2508055891057786,0.266978077589994,0.2751325876546275,-0.0161724884842154,intact
79,115,34.56213861171404,33.772469002955425,7.0670198723450905,175.0219759932536,8.06701987234509,256.5734267476129,39.05982089180141,5779,0.0877852408362021,5603,94,82,0.9695449039626232,0.0162657899290534,0.0141893061083232,True,2859.0,30.16700125301581,0.8829201573271295,2918,560,0.1610120759056929,0.268679853898522,0.269128646713734,0.2819988957039004,-0.0004487928152119,intact
85,91,34.9871732559816,34.71659965261771,4.0197648378370845,99.553588026488,5.0197648378370845,241.77242900769107,86.26377512405713,4772,0.0724885221094231,4319,232,221,0.9050712489522212,0.0486169321039396,0.046311818943839,True,2006.0,25.269143865289227,0.7250437906259098,2232,1042,0.3182651191203421,0.4142135623730951,0.2588283628687876,0.3792326987316706,0.1553851995043075,cohesive
85,98,34.9871732559816,34.66628087811726,2.863703305156273,70.92254163430594,3.863703305156273,247.190717959498,77.64875490274518,3907,0.0593488381981383,3907,0,0,1.0,0.0,0.0,True,3045.0,31.132838024016426,0.893935222913097,3045,42,0.0136054421768707,,0.2801868778094689,,,intact
85,105,34.9871732559816,34.62716818366324,8.657737169873558,214.41771701126973,9.657737169873558,257.58160779799454,61.522891039576415,7425,0.1127886162327047,5128,626,1671,0.6906397306397306,0.0843097643097643,0.225050505050505,True,4.0,1.1283791670955126,0.0324180088114116,2400,388,0.1391678622668579,0.3383654224414442,0.2120964940782298,0.3254969626360192,0.1262689283632143,cohesive
85,108,34.9871732559816,33.271670923798865,1.0,24.7660229,2.0,256.11242937665133,60.90448201606621,2436,0.0370037803559419,2436,0,0,1.0,0.0,0.0,True,3773.0,34.655204523584075,1.0154055475158363,3789,115,0.0294569672131147,,0.3133921657949117,,,intact
83,108,33.35585126234081,33.271670923798865,10.09353999725628,249.97684271411492,11.09353999725628,252.01862266846643,57.816225050044594,6535,0.0992691726708047,4023,651,1861,0.6156082631981638,0.0996174445294567,0.2847742922723795,True,302.0,9.804569629897316,0.2943098980179974,1099,1260,0.5341246290801187,0.3867091286503619,0.1834956963966701,0.3183829106355874,0.2032134322536918,cohesive
83,120,33.35585126234081,34.11661082207794,3.16227766016838,78.31704094788851,4.16227766016838,265.2597263449149,20.494789164371493,3280,0.0498244661607099,3252,28,0,0.9914634146341464,0.0085365853658536,0.0,True,2370.0,27.46624164780438,0.814146714060612,2379,153,0.0604265402843601,,0.2817290466902531,0.4192504421102093,,intact
84,107,34.296563981422736,34.778158827503084,1.0,24.7660229,2.0,251.70982808169424,55.19562143893384,2563,0.0389329593810669,2474,32,57,0.9652750682793602,0.0124853687085446,0.0222395630120952,True,2996.0,30.881327999401787,0.8941426543201794,3051,567,0.1567164179104477,0.4142135623730951,0.304845440523399,0.4276542774851262,0.109368121849696,intact
84,118,34.296563981422736,34.271107454595,3.16227766016838,78.31704094788851,4.16227766016838,262.5710591009464,32.3005182392043,3704,0.0562651898351432,3704,0,0,1.0,0.0,0.0,True,4075.0,36.01545204768291,1.0505082437075282,4080,199,0.046506193035756,,0.2817290466902531,,,intact
85,121,34.9871732559816,33.035216642753895,1.0,24.7660229,2.0,271.2491335574176,18.65590699247764,2665,0.0404823787555768,2665,0,0,1.0,0.0,0.0,True,2808.0,29.896724911001275,0.8790260076280279,2808,50,0.0174947515745276,,0.3090169943749474,,,intact
87,111,34.7709859562506,33.671981557992545,1.0,24.7660229,2.0,260.01520241880024,60.94996983032845,2410,0.0366088303193021,2410,0,0,1.0,0.0,0.0,True,2896.0,30.361578193306386,0.8872081178241743,2896,451,0.1347475351060651,,0.3112045800849295,,,intact
87,117,34.7709859562506,35.41716618716948,1.0,24.7660229,2.0,267.34798725657595,46.64264812909244,2815,0.0427609366592678,2815,0,0,1.0,0.0,0.0,True,3930.0,35.3688825481142,1.007830565929208,3984,121,0.0294762484774665,,0.3090169943749474,,,intact
88,109,34.25863621190079,34.840353118062346,1.0,24.7660229,2.0,255.646622359654,57.56668813355655,2701,0.0410292326524626,2636,36,29,0.9759348389485376,0.0133283968900407,0.0107367641614216,True,1977.0,25.085825579106505,0.7260837190922164,2147,427,0.1658896658896659,0.4305008740430604,0.3090169943749474,0.4176890859898589,0.121483879668113,intact
90,119,33.45020909558081,33.47579276558451,1.0,24.7660229,2.0,270.1223523966812,19.46171111189863,2865,0.0435204559604981,2758,72,35,0.962652705061082,0.025130890052356,0.0122164048865619,True,1624.0,22.736210219877808,0.6794432533723724,1825,541,0.2286559594251901,0.4211646096066227,0.3090169943749474,0.4176890859898589,0.1121476152316753,intact
91,98,34.71659965261771,34.66628087811726,1.0,24.7660229,2.0,249.61390478365203,81.09793033695037,2592,0.0393734805757805,2581,11,0,0.995756172839506,0.0042438271604938,0.0,True,3376.0,32.78130832893156,0.9449393878771064,3376,179,0.050351617440225,,0.3090169943749474,0.4340578300578996,,intact
91,128,34.71659965261771,34.56233846333,11.372009928492815,281.63945830808046,12.372009928492815,280.93199125012325,21.2230428054283,9425,0.1431693882819181,6873,890,1662,0.7292307692307692,0.0944297082228116,0.1763395225464191,True,900.0,16.925687506432688,0.4886243342270995,2524,1655,0.396027757836803,0.3542869552791707,0.2142857142857142,0.3358984455685854,0.1400012409934564,cohesive
92,97,33.25520100743982,33.59149612045886,1.0,24.7660229,2.0,250.93647803814525,84.84397112912247,2760,0.0419254654279144,2760,0,0,1.0,0.0,0.0,True,3019.0,30.999637842866232,0.9274845033421536,3019,27,0.0088640840446487,,0.3164309725825327,,,intact
88,117,34.25863621190079,35.41716618716948,1.0,24.7660229,2.0,264.31269078222533,41.00876927987371,2682,0.0407406153179951,2682,0,0,1.0,0.0,0.0,True,3340.0,32.60605802383755,0.9359363480907004,3361,126,0.0361342127903642,,0.3090169943749474,,,intact
89,118,34.155741283676406,34.271107454595,1.414213562373095,35.02444547122265,2.414213562373095,266.0722291012312,39.30456991078667,2560,0.0388873882229931,2560,0,0,1.0,0.0,0.0,True,3735.0,34.48024687986526,1.0077987665850328,3735,33,0.0087579617834394,,0.2989350844248255,,,intact
90,110,33.45020909558081,34.24683439525637,1.0,24.7660229,2.0,256.9832507359208,58.645415511029086,2493,0.0378696323593445,2492,1,0,0.9995988768551946,0.0004011231448054,0.0,True,2240.0,26.702324712498186,0.7888771306862862,2471,329,0.1175,,0.3090169943749474,0.4698912153302855,,intact
90,114,33.45020909558081,35.18401563970633,1.0,24.7660229,2.0,262.0593790657729,48.73481736353275,2762,0.0419558461999637,2711,29,22,0.9815351194786388,0.0104996379435191,0.0079652425778421,True,2336.0,27.26851470332286,0.7946039984714275,2375,391,0.1413593637020969,0.4142135623730951,0.3090169943749474,0.4211646096066227,0.1051965679981477,intact
92,105,33.25520100743982,34.62716818366324,9.498655478055456,235.24391908873187,10.498655478055456,261.8470264330715,68.42475305197277,8315,0.1263080597946047,6655,770,890,0.8003607937462417,0.0926037282020445,0.1070354780517137,True,2023.0,25.375990616127847,0.7476459916915724,2046,700,0.2549162418062636,0.3633923863920358,0.2264672114362374,0.3550392228080413,0.1369251749557984,cohesive
92,111,33.25520100743982,33.671981557992545,3.1815405503520555,78.79410612729761,4.181540550352056,262.3567027457865,65.95910561757377,3381,0.0513586951491952,2888,312,181,0.8541851523217983,0.0922803904170363,0.0535344572611653,True,2306.0,27.092851410285725,0.8096217522319274,2577,463,0.1523026315789473,0.4099627786406589,0.2553967929896867,0.4198684153570663,0.1545659856509722,intact
92,123,33.25520100743982,33.746494843167824,1.0,24.7660229,2.0,280.9013674611744,13.04065570021966,2526,0.0383709150981565,2515,11,0,0.9956452889944576,0.0043547110055423,0.0,True,3596.0,33.83256346653194,1.009901705830483,3634,358,0.0896793587174348,,0.3090169943749474,0.4211646096066227,,intact
93,97,33.72251006979314,33.59149612045886,3.16227766016838,78.31704094788851,4.16227766016838,251.02011577242357,85.15399936808606,4079,0.0619615845943707,4048,31,0,0.9924000980632508,0.0075999019367492,0.0,True,2303.0,27.075222397632672,0.8044454320876102,2309,87,0.0363105175292153,,0.2817290466902531,0.4305008740430604,,intact
94,125,34.28715759470646,34.09266491584401,1.0,24.7660229,2.0,283.8760316910207,22.271381206015224,2909,0.0441888329455808,2909,0,0,1.0,0.0,0.0,True,4568.0,38.13187066074199,1.11529598237429,4576,656,0.1253822629969418,,0.3203772410170407,,,intact
95,103,34.36219729526964,34.06196498590772,1.414213562373095,35.02444547122265,2.414213562373095,260.96530924503,79.52056148916833,2708,0.0411355653546349,2681,21,6,0.990029542097489,0.0077548005908419,0.0022156573116691,True,2360.0,27.408234736913396,0.8011273743998195,2363,421,0.1512212643678161,0.4144171463344124,0.2989350844248255,0.407669683062202,0.1154820619095868,intact
95,107,34.36219729526964,34.778158827503084,2.6502815398728847,65.63693330793913,3.6502815398728847,263.1724634817939,76.01816814729362,4082,0.0620071557524445,4082,0,0,1.0,0.0,0.0,True,2424.0,27.77738584009497,0.8035071670955988,2424,0,0.0,,0.2825147203946361,,,intact
95,113,34.36219729526964,34.605518809892075,1.414213562373095,35.02444547122265,2.414213562373095,268.86703704276715,66.30049667589948,2855,0.0433685521002521,2855,0,0,1.0,0.0,0.0,True,3335.0,32.58164315105888,0.9448375266299528,3335,37,0.0109727164887307,,0.2989350844248255,,,intact
93,102,33.72251006979314,33.29322259157372,7.194052389321207,178.16806621772872,8.194052389321207,258.1480847298049,74.47956899466791,5844,0.0887726159278015,4514,439,891,0.7724161533196441,0.075119780971937,0.1524640657084189,True,1809.0,23.996303550890445,0.7161394078057675,1819,476,0.2074074074074074,0.3941023016858508,0.2225758785102318,0.3613020955135853,0.171526423175619,cohesive
93,105,33.72251006979314,34.62716818366324,7.79385036540706,193.0226766288446,8.79385036540706,261.9306641673498,69.54040034541482,6053,0.0919474066069443,6044,9,0,0.9985131339831488,0.0014868660168511,0.0,True,1626.0,22.750206041591,0.6657004574982193,1626,0,0.0,,0.2696862318229452,0.4298985930026737,,intact
93,120,33.72251006979314,34.11661082207794,5.0,123.8301145,6.0,273.70258942245505,45.75023713942251,4686,0.0711821489113069,4408,278,0,0.9406743491250532,0.0593256508749466,0.0,True,1997.0,25.212394624649004,0.7432995679538682,2002,262,0.1157243816254417,,0.2696862318229452,0.3660254037844386,,intact
93,124,33.72251006979314,33.82742751582512,1.0,24.7660229,2.0,278.13580448558383,26.87502469774976,2670,0.0405583306856998,2668,2,0,0.999250936329588,0.0007490636704119,0.0,True,2138.0,26.08728687811257,0.7723852252282967,2138,0,0.0,,0.3090169943749474,0.4176890859898589,,intact
97,102,33.59149612045886,33.29322259157372,2.449489742783178,60.66411906308329,3.449489742783178,261.12084557998094,78.12937751587835,3387,0.0514498374653428,3387,0,0,1.0,0.0,0.0,True,2871.0,30.230244511642027,0.9039507108281702,2871,567,0.1649214659685864,,0.2857142857142857,,,intact
97,124,33.59149612045886,33.82742751582512,1.0,24.7660229,2.0,281.10856533575986,37.51100490994602,2388,0.0362746418267608,2388,0,0,1.0,0.0,0.0,True,3307.0,32.44458034263651,0.9624769602573504,3307,1,0.0003022974607013,,0.3090169943749474,,,intact
98,109,34.66628087811726,34.840353118062346,1.0,24.7660229,2.0,264.5994763018749,74.36300436563161,2479,0.037656966955,2479,0,0,1.0,0.0,0.0,True,3306.0,32.439674531715205,0.9334267153117568,3306,80,0.0236266981689308,,0.3090169943749474,,,intact
98,111,34.66628087811726,33.671981557992545,11.04536101718726,273.549663890427,12.04536101718726,265.93275988667057,74.12732073717501,9143,0.138885699422979,9143,0,0,1.0,0.0,0.0,True,2654.0,29.065347717372667,0.8506317451236394,2654,0,0.0,,0.2645644554438015,,,intact
95,135,34.36219729526964,33.86708993428694,6.559265477474685,162.44691902231747,7.559265477474685,290.9644841823904,19.595863606659773,4781,0.0726252355836446,4781,0,0,1.0,0.0,0.0,True,2126.0,26.013973514762004,0.762545662458361,2144,244,0.1021775544388609,,0.2692803301885514,,,intact
96,114,34.44636959909812,35.18401563970633,1.0,24.7660229,2.0,269.45022487262634,64.27441007013961,2598,0.0394646228919282,2528,31,39,0.9730561970746728,0.0119322555812163,0.0150115473441108,True,2536.0,28.41186145542198,0.8160765263032979,2640,890,0.2521246458923513,0.4449944320643648,0.303832434700687,0.4068781988545112,0.1411619973636778,intact
96,122,34.44636959909812,34.62331843425036,7.135175045001725,176.70990856002126,8.135175045001725,279.29172472236644,48.952188480554206,6617,0.1005147843248225,4860,525,1232,0.7344718150219133,0.0793410911289103,0.1861870938491763,True,2720.0,29.42452872043851,0.8520243701182391,2731,616,0.184045413803406,0.3811428388606529,0.2163170463131843,0.339714227381436,0.1648257925474686,cohesive
96,132,34.44636959909812,33.709559500123426,7.194052389321207,178.16806621772872,8.194052389321207,288.1317155820303,29.8460682001094,5927,0.0900334179678439,5373,315,239,0.9065294415387212,0.0531466171756369,0.0403239412856419,True,1750.0,23.60174359706574,0.6925807896391898,2170,501,0.1875701984275552,0.3874258867227931,0.2542862710161889,0.3786695003500701,0.1331396157066041,cohesive
98,121,34.66628087811726,33.035216642753895,2.146264369941973,53.15443253543696,3.146264369941973,279.0906093333786,46.1937650169206,3466,0.0526498779612868,3466,0,0,1.0,0.0,0.0,True,2283.0,26.957401027502524,0.7963605537437939,2283,0,0.0,,0.2878061171354606,,,intact
98,127,34.66628087811726,34.06628550773001,1.0,24.7660229,2.0,287.32818133581844,22.029550037538765,2608,0.0396165267521742,2608,0,0,1.0,0.0,0.0,True,2256.0,26.797520467958076,0.7797619637108721,2256,0,0.0,,0.3145198591387564,,,intact
98,128,34.66628087811726,34.56233846333,10.403124237432849,257.64401309580694,11.403124237432849,286.35028020193016,39.117145231553984,8003,0.1215686593549274,8003,0,0,1.0,0.0,0.0,True,1229.0,19.77884855394466,0.5714067026641694,1229,0,0.0,,0.266978077589994,,,intact
99,106,35.39215320399297,34.13171365459868,2.23606797749979,55.37851073671648,3.23606797749979,265.93379055894883,81.11623528151036,3852,0.058513366966785,3852,0,0,1.0,0.0,0.0,True,2179.0,26.33623439283756,0.757617076921347,2179,0,0.0,,0.2857142857142857,,,intact
99,126,35.39215320399297,33.19313054357266,1.414213562373095,35.02444547122265,2.414213562373095,287.82592175343893,40.01155070829917,2647,0.0402089518071339,2647,0,0,1.0,0.0,0.0,True,2996.0,30.881327999401787,0.9005234450312497,2996,0,0.0,,0.3008613653919205,,,intact
99,129,35.39215320399297,33.37086434643424,2.146264369941973,53.15443253543696,3.146264369941973,288.4614914086114,36.73120091527653,3660,0.0555968128500605,3658,2,0,0.9994535519125683,0.0005464480874316,0.0,True,3464.0,33.20580439833751,0.965804165705384,3464,0,0.0,,0.2898979485566356,0.3283549027475005,,intact
100,115,33.46286368842224,33.772469002955425,1.0,24.7660229,2.0,274.9752348771252,70.05099115206448,2802,0.0425634616409479,2802,0,0,1.0,0.0,0.0,True,3277.0,32.29708186546088,0.9607175445598024,3377,454,0.1185069172539806,,0.3145198591387564,,,intact
100,140,33.46286368842224,33.68566234109369,4.55269276785519,112.752093345366,5.55269276785519,299.56040468808294,16.48472568682589,4154,0.0631008635462162,2853,896,405,0.6868078960038517,0.2156957149735195,0.0974963890226287,True,253.0,8.97398468933946,0.2672876150816725,1332,2356,0.6388286334056399,0.4007871454417938,0.2171292729553324,0.3943730991214166,0.1836578724864613,cohesive
103,107,34.06196498590772,34.778158827503084,5.0990195135927845,126.28243404118577,6.0990195135927845,269.6193677466528,86.56600041859151,5274,0.0801140958937757,4318,540,416,0.8187334091770951,0.1023890784982935,0.0788775123246113,True,2795.0,29.82743924448921,0.8665713421822319,2848,838,0.2273467173087357,0.3874258867227931,0.2421017236931483,0.3874258867227931,0.1453241630296447,cohesive
103,119,34.06196498590772,33.47579276558451,1.7320508075688772,42.89600996421431,2.732050807568877,284.1528732913647,62.54449887950571,2586,0.0392823382596329,2478,57,51,0.9582366589327146,0.0220417633410672,0.019721577726218,True,2436.0,27.846056861676377,0.8246070876127399,2524,661,0.2075353218210361,0.4387496113528984,0.2898979485566356,0.4,0.1488516627962628,intact
103,137,34.06196498590772,33.56149701678169,1.0,24.7660229,2.0,299.50318660439,14.673749356563686,2581,0.0392063863295098,2275,101,205,0.8814413018209997,0.0391321193335916,0.0794265788454087,True,1503.0,21.872808665880964,0.6468999964837964,1894,1388,0.4229128580134064,0.4211646096066227,0.2898979485566356,0.4142135623730951,0.131266661049987,cohesive
104,106,33.715090960557184,34.13171365459868,4.0,99.0640916,5.0,269.7891597978636,87.58634378357883,4620,0.0701795834336829,4619,1,0,0.9997835497835498,0.0002164502164502,0.0,True,3391.0,32.854053388421256,0.9684775451040828,3391,0,0.0,,0.2857142857142857,0.4415184401122529,,intact
101,106,34.018149241498094,34.13171365459868,1.0,24.7660229,2.0,268.51194665134534,85.43760230338104,2344,0.0356062648416781,2341,3,0,0.9987201365187712,0.0012798634812286,0.0,True,3684.0,34.24403043891132,1.004962562907008,3684,46,0.0123324396782841,,0.3090169943749474,0.4211646096066227,,intact
101,126,34.018149241498094,33.19313054357266,1.0,24.7660229,2.0,290.40407784583545,44.58526356871462,2335,0.0354695513674566,2335,0,0,1.0,0.0,0.0,True,2712.0,29.381225490616288,0.8742944810624649,2712,0,0.0,,0.3133921657949117,,,intact
102,130,33.29322259157372,35.10147502566315,1.0,24.7660229,2.0,294.34661845099964,43.59069507130216,2230,0.0338745608348729,2230,0,0,1.0,0.0,0.0,True,2961.0,30.700416495386577,0.8977425901404803,2962,68,0.0224422442244224,,0.3090169943749474,,,intact
102,136,33.29322259157372,39.01402454504108,1.0,24.7660229,2.0,302.9613876058163,22.703928745577933,2910,0.0442040233316054,2910,0,0,1.0,0.0,0.0,True,2804.0,29.87542335866304,0.8263465846574813,2863,831,0.2249593936112615,,0.3090169943749474,,,intact
104,114,33.715090960557184,35.18401563970633,3.1815405503520555,78.79410612729761,4.181540550352056,276.5139323677973,77.01188424132312,3599,0.0546701993025595,3093,112,394,0.8594053903862184,0.0311197554876354,0.1094748541261461,True,2068.0,25.65667251667837,0.7447606734738196,2095,1145,0.3533950617283951,0.3987945679840713,0.2521127429279827,0.394586871230296,0.1466818250560886,cohesive
104,116,33.715090960557184,34.00631751075385,6.348469228349534,157.22633428924988,7.348469228349534,277.9635311782147,75.38111197637478,4673,0.0709846738929871,4526,147,0,0.9685426920607748,0.0314573079392253,0.0,True,2454.0,27.948747032649287,0.8254035958064656,2454,85,0.033477747144545,,0.2661832955178855,0.380665477567095,,intact
104,129,33.715090960557184,33.37086434643424,1.7320508075688772,42.89600996421431,2.732050807568877,292.31686064752614,45.37233805690639,2929,0.044492640666073,2929,0,0,1.0,0.0,0.0,True,3632.0,34.00149271163735,1.013669479879758,3632,10,0.0027457440966501,,0.2958163163244892,,,intact
105,120,34.62716818366324,34.11661082207794,1.0,24.7660229,2.0,287.58589866755733,70.50612780418946,2606,0.039586145980125,2606,0,0,1.0,0.0,0.0,True,3235.0,32.089445021760085,0.9335956063480338,3235,0,0.0,,0.3090169943749474,,,intact
106,129,34.13171365459868,33.37086434643424,1.0,24.7660229,2.0,293.8457421208189,48.47200627229934,2511,0.0381430593077874,2511,0,0,1.0,0.0,0.0,True,2136.0,26.075082298788185,0.7725655247830441,2136,0,0.0,,0.3133921657949117,,,intact
106,149,34.13171365459868,33.94738025033483,8.0,198.1281832,9.0,309.73419470330134,7.673533482861199,6460,0.0981298937189592,6459,1,0,0.99984520123839,0.0001547987616099,0.0,True,3578.0,33.747781745851135,0.991428640133694,4064,654,0.1386180584993641,,0.2711923793731366,0.2224184697535103,,intact
107,113,34.778158827503084,34.605518809892075,7.152147760599405,177.13025522318858,8.152147760599405,277.52109554438994,81.67210984254943,6215,0.0944082491429306,6215,0,0,1.0,0.0,0.0,True,1587.0,22.47571554753432,0.6478675190725481,1587,0,0.0,,0.2674788903885892,,,intact
107,131,34.778158827503084,34.86708023321262,1.0,24.7660229,2.0,295.5236655964528,48.09414628491251,2742,0.0416520384794715,2742,0,0,1.0,0.0,0.0,True,3284.0,32.33155836373447,0.9284642798210022,3302,349,0.0955902492467817,,0.303832434700687,,,intact
105,121,34.62716818366324,33.035216642753895,3.685557720282968,91.27660689979976,4.685557720282968,289.4814991718752,68.34641402032416,3949,0.0599868344111718,3760,189,0,0.9521397822233476,0.0478602177766523,0.0,True,2680.0,29.20737055903114,0.8633266661812319,2680,33,0.0121636564688536,,0.2742918851774317,0.3816524151396708,,intact
105,124,34.62716818366324,33.82742751582512,7.135175045001725,176.70990856002126,8.135175045001725,292.01911373068606,64.36762662202187,6613,0.1004540227807241,5339,1274,0,0.8073491607439891,0.1926508392560109,0.0,True,2645.0,29.01602400323184,0.8477450989736461,2645,70,0.0257826887661141,,0.2412742924521226,0.3597752501562547,,intact
105,148,34.62716818366324,33.98056192132769,4.766114533138578,118.03770167173282,5.766114533138578,312.05581788770013,14.6111748412805,4264,0.0647718060089229,4264,0,0,1.0,0.0,0.0,True,2949.0,30.63814378117576,0.8931397011470856,2949,70,0.0231864855912553,,0.2808687448721165,,,intact
106,126,34.13171365459868,33.19313054357266,3.685557720282968,91.27660689979976,4.685557720282968,293.21017246564656,52.36965256279784,4121,0.0625995808074042,4113,8,0,0.998058723610774,0.0019412763892259,0.0,True,1587.0,22.47571554753432,0.6676796898742707,1587,0,0.0,,0.2766967754673748,0.3465462064555278,,intact
107,135,34.778158827503084,33.86708993428694,1.0,24.7660229,2.0,299.6185426840132,39.42150190357589,2450,0.0372164457602864,2450,0,0,1.0,0.0,0.0,True,1898.0,24.57950699214357,0.7161313400564222,2216,487,0.1801701812800591,,0.3090169943749474,,,intact
108,114,33.271670923798865,35.18401563970633,1.0,24.7660229,2.0,278.82160149039464,80.10396991080188,2230,0.0338745608348729,2194,21,15,0.9838565022421524,0.0094170403587443,0.0067264573991031,True,1717.0,23.37815378890233,0.683015683940729,1810,1026,0.3617771509167842,0.4211646096066227,0.3090169943749474,0.4449944320643648,0.1121476152316753,intact
108,120,33.271670923798865,34.11661082207794,1.0,24.7660229,2.0,286.1167202462141,67.58745280676096,2350,0.0356974071578257,2350,0,0,1.0,0.0,0.0,True,3104.0,31.43300632638384,0.9328923519646524,3104,27,0.0086234429894602,,0.303832434700687,,,intact
108,134,33.271670923798865,34.108814990159495,3.1815405503520555,78.79410612729761,4.181540550352056,299.9669049146911,41.08819603814506,3603,0.0547309608466579,3467,40,96,0.9622536774909798,0.0111018595614765,0.0266444629475437,True,2461.0,27.98858034803317,0.8307621997197601,2572,871,0.2529770548939878,0.4084204887475851,0.2742918851774317,0.3487444742258058,0.1341286035701533,intact
108,141,33.271670923798865,34.24561305334088,1.0,24.7660229,2.0,304.39088443063565,22.58144091053937,2597,0.0394494325059035,2597,0,0,1.0,0.0,0.0,True,1801.0,23.943184938871585,0.7092460931034593,1805,331,0.1549625468164794,,0.3145198591387564,,,intact
109,117,34.840353118062346,35.41716618716948,5.0990195135927845,126.28243404118577,6.0990195135927845,282.83282729086227,76.81992048460796,4975,0.0755721704724183,4954,21,0,0.9957788944723618,0.0042211055276381,0.0,True,2274.0,26.904213074943115,0.7658742677223919,2274,8,0.0035056967572304,,0.2771863727725964,0.3916982318703404,,intact
109,128,34.840353118062346,34.56233846333,1.414213562373095,35.02444547122265,2.414213562373095,295.9175627683461,52.02735009758358,2997,0.0455255869157462,2997,0,0,1.0,0.0,0.0,True,3519.0,33.468380443050414,0.9644692354272804,3530,227,0.0604205483098216,,0.2989350844248255,,,intact
109,143,34.840353118062346,34.6159484224522,1.0,24.7660229,2.0,307.59078100079125,16.525026709488504,2782,0.0422596539204558,2782,0,0,1.0,0.0,0.0,True,3293.0,32.37583134381607,0.9322647657802776,3293,0,0.0,,0.3090169943749474,,,intact
110,119,34.24683439525637,33.47579276558451,3.1815405503520555,78.79410612729761,4.181540550352056,287.75443141207995,68.65807368040305,3570,0.0542296781078459,3197,108,265,0.8955182072829132,0.0302521008403361,0.0742296918767507,True,2886.0,30.309113011211988,0.8950956063540773,2891,470,0.139839333531687,0.414213562373095,0.2588283628687876,0.3928699341567988,0.1553851995043074,cohesive
110,142,34.24683439525637,33.76995712048581,1.0,24.7660229,2.0,304.2371980308759,28.69608235828591,2787,0.0423356058505788,2672,58,57,0.9587369931826336,0.0208109077861499,0.0204520990312163,True,2360.0,27.408234736913396,0.8059255406238878,3243,1007,0.2369411764705882,0.4211646096066227,0.3090169943749474,0.444548774110146,0.1121476152316753,intact
111,117,33.671981557992545,35.41716618716948,11.048281249692016,273.62198643551307,12.048281249692016,284.16611087565786,79.54704131232107,8518,0.1293917081575998,8518,0,0,1.0,0.0,0.0,True,1694.0,23.221045351046136,0.6722052915371848,1694,0,0.0,,0.2658626798938588,,,intact
111,127,33.671981557992545,34.06628550773001,1.0,24.7660229,2.0,298.22874748703003,50.89220481422818,2432,0.0369430188118434,2432,0,0,1.0,0.0,0.0,True,2605.0,28.79578534280277,0.850207322689961,2605,0,0.0,,0.3090169943749474,,,intact
111,147,33.671981557992545,34.04824177557416,4.0,99.0640916,5.0,311.89735106403657,16.35121810011911,4050,0.0615210633996571,4050,0,0,1.0,0.0,0.0,True,2917.0,30.471461041409174,0.8999220481396573,2920,45,0.0151770657672849,,0.280957962249861,,,intact
113,131,34.605518809892075,34.86708023321262,1.0,24.7660229,2.0,301.218239157426,59.48842447077888,2476,0.0376113957969261,2476,0,0,1.0,0.0,0.0,True,3276.0,32.29215364663835,0.9296371257566594,3276,0,0.0,,0.3090169943749474,,,intact
113,135,34.605518809892075,33.86708993428694,1.414213562373095,35.02444547122265,2.414213562373095,305.3131162449864,50.35249286987104,2876,0.0436875502067688,2876,0,0,1.0,0.0,0.0,True,2012.0,25.30690599424961,0.7391833452351412,2012,0,0.0,,0.2989350844248255,,,intact
113,138,34.605518809892075,34.728414306820426,1.0,24.7660229,2.0,307.2267286853492,45.43920397414601,2688,0.0408317576341428,2688,0,0,1.0,0.0,0.0,True,4249.0,36.7763335094042,1.0608465972209358,4249,0,0.0,,0.3112045800849295,,,intact
117,144,35.41716618716948,33.71992075161135,1.0,24.7660229,2.0,316.40806143944667,44.48699703169695,2626,0.0398899537006171,2626,0,0,1.0,0.0,0.0,True,4861.0,39.33578976885308,1.1379070629251111,4875,0,0.0,,0.3090169943749474,,,intact
118,142,34.271107454595,33.76995712048581,1.8284271247461903,45.2828680424453,2.8284271247461903,313.7040251661766,55.430357698305805,2715,0.0412418980568071,2715,0,0,1.0,0.0,0.0,True,3463.0,33.20101106675017,0.9759109818193415,3468,218,0.059142702116115,,0.2898979485566356,,,intact
118,150,34.271107454595,33.31575015841046,1.414213562373095,35.02444547122265,2.414213562373095,324.02453558886805,29.60435512675858,2724,0.0413786115310286,2724,0,0,1.0,0.0,0.0,True,4123.0,36.2269466107174,1.072011568229691,4123,23,0.0055475156777616,,0.3069312174491732,,,intact
119,137,33.47579276558451,33.56149701678169,1.0,24.7660229,2.0,316.24384638586577,63.03498966097434,2616,0.0397380498403711,2613,3,0,0.9988532110091743,0.0011467889908256,0.0,True,2319.0,27.16911161705901,0.8105671248125456,2439,533,0.1793405114401076,,0.3164309725825327,0.4698912153302855,,intact
116,132,34.00631751075385,33.709559500123426,4.196152422706632,103.92200699264292,5.196152422706632,304.8986759308452,60.66060832170159,4636,0.0704226296100766,4632,4,0,0.999137187230371,0.0008628127696289,0.0,True,3224.0,32.03484154879717,0.9461545198226222,3224,114,0.0341521869382864,,0.2766967754673748,0.4262790646374409,,intact
116,151,34.00631751075385,36.116398529423485,2.0,49.5320458,3.0,322.52339728618176,2.694228584916317,3901,0.0592576958819907,3901,0,0,1.0,0.0,0.0,True,4220.0,36.6506169074355,1.045327933003515,4220,0,0.0,,0.2817290466902531,,,intact
117,127,35.41716618716948,34.06628550773001,1.0,24.7660229,2.0,305.56153232480574,66.26843784756333,2748,0.0417431807956192,2748,0,0,1.0,0.0,0.0,True,2481.0,28.10207870642285,0.8088855121883853,2481,0,0.0,,0.3090169943749474,,,intact
117,143,35.41716618716948,34.6159484224522,2.146264369941973,53.15443253543696,3.146264369941973,316.2568494233626,47.77852966014651,3471,0.0527258298914098,3471,0,0,1.0,0.0,0.0,True,3219.0,32.00999099696253,0.914138723527934,3219,0,0.0,,0.2843646522044218,,,intact
119,141,33.47579276558451,34.24561305334088,1.0,24.7660229,2.0,318.3998426821731,59.48020103916293,2158,0.0327808530411012,2148,7,3,0.995366079703429,0.0032437442075996,0.0013901760889712,True,1591.0,22.504022505285825,0.664605887404566,1706,1136,0.3997185080928923,0.4415184401122529,0.3090169943749474,0.4449944320643648,0.1325014457373055,intact
120,124,34.11661082207794,33.82742751582512,6.164414002968976,152.66801836261033,7.164414002968976,303.7910389857914,83.22271479574651,5692,0.0864636772520613,4631,1061,0,0.8135980323260716,0.1864019676739283,0.0,True,2082.0,25.74337163299812,0.757781617423732,2082,27,0.0128022759601706,,0.2402530733520421,0.3833180986057291,,intact
120,137,34.11661082207794,33.56149701678169,4.977725364273731,123.27846036151404,5.977725364273731,315.4759918107768,63.95608993480807,4760,0.0723062374771278,4365,229,166,0.917016806722689,0.0481092436974789,0.0348739495798319,True,2193.0,26.4207036318311,0.7807754819250657,2195,277,0.1120550161812297,0.392905387390447,0.2588283628687876,0.4010304899342249,0.1340770245216594,intact
120,141,34.11661082207794,34.24561305334088,1.0,24.7660229,2.0,317.6319881070841,58.13925364764636,2342,0.0355758840696288,2342,0,0,1.0,0.0,0.0,True,2948.0,30.632948674096244,0.8961952065784393,2948,16,0.0053981106612685,,0.3090169943749474,,,intact
114,119,35.18401563970633,33.47579276558451,1.0,24.7660229,2.0,292.8305597419321,76.68974362953962,2457,0.0373227784624586,2358,70,29,0.9597069597069596,0.0284900284900284,0.0118030118030118,True,2056.0,25.582125126616702,0.7451848678518996,2231,754,0.2525963149078727,0.4364916731037084,0.303832434700687,0.4241077963657325,0.1326592384030214,intact
114,141,35.18401563970633,34.24561305334088,7.717797887081348,191.13915920902824,8.717797887081348,310.33686935126474,48.39833102834205,6607,0.1003628804645764,3213,934,2460,0.4863024065385197,0.1413652187074315,0.3723323747540487,True,57.0,4.259537945889915,0.1227008706822155,574,1697,0.7472479084103919,0.3688258185711807,0.1492341944601806,0.3383654224414442,0.2195916241110001,cohesive
115,145,33.772469002955425,35.31377481208071,1.0,24.7660229,2.0,315.0210249414599,36.19783586734974,2566,0.0389785305391407,2424,114,28,0.9446609508963368,0.044427123928293,0.0109119251753702,True,3171.0,31.77043671542461,0.9197326402773688,4726,2214,0.3190201729106628,0.4258327418248415,0.2989350844248255,0.4340578300578996,0.126897657400016,intact
116,129,34.00631751075385,33.37086434643424,3.685557720282968,91.27660689979976,4.685557720282968,302.02011350117004,67.25845680962038,3869,0.0587716035292033,3853,14,2,0.9958645644869476,0.0036185060739209,0.0005169294391315,True,2740.0,29.53250900522315,0.8766323610215673,2750,148,0.0510697032436162,0.4497665671302774,0.2766967754673748,0.3872524850440372,0.1730697916629025,intact
120,153,34.11661082207794,33.1179899603111,1.0,24.7660229,2.0,331.1929208865579,20.607931277399064,2363,0.0358948821761456,2363,0,0,1.0,0.0,0.0,True,2591.0,28.71830278937461,0.8542715344536377,2645,97,0.0353756382202771,,0.3090169943749474,,,intact
121,127,33.035216642753895,34.06628550773001,1.414213562373095,35.02444547122265,2.414213562373095,311.3865969337381,76.21452732128162,2511,0.0381430593077874,2511,0,0,1.0,0.0,0.0,True,2462.0,27.994266194785187,0.8343856783415782,2462,0,0.0,,0.2989350844248255,,,intact
121,128,33.035216642753895,34.56233846333,1.414213562373095,35.02444547122265,2.414213562373095,310.4086957998498,78.18386111000406,2605,0.0395709555941004,2605,0,0,1.0,0.0,0.0,True,2529.0,28.37262240538944,0.8394570590863235,2537,118,0.0444444444444444,,0.3090169943749474,,,intact
121,134,33.035216642753895,34.108814990159495,1.7320508075688772,42.89600996421431,2.732050807568877,315.10360909545744,70.13160631992703,2602,0.0395253844360266,2596,6,0,0.997694081475788,0.0023059185242121,0.0,True,3689.0,34.2672609079279,1.0207090660052174,3707,223,0.0567430025445292,,0.2958163163244892,0.4366976928420688,,intact
121,148,33.035216642753895,33.98056192132769,1.0,24.7660229,2.0,325.7233436471232,48.16222041244889,2513,0.0381734400798366,2512,1,0,0.9996020692399522,0.0003979307600477,0.0,True,3129.0,31.5593351303395,0.9418478993021604,3129,7,0.0022321428571428,,0.3090169943749474,0.4449944320643648,,intact
121,159,33.035216642753895,34.99549240939351,7.944271909999159,196.74802004686592,8.94427190999916,336.9595451908963,29.145960845967945,6466,0.0982210360351069,6466,0,0,1.0,0.0,0.0,True,1974.0,25.0667851015403,0.736925587011769,1974,0,0.0,,0.2710755134061366,,,intact
122,132,34.62331843425036,33.709559500123426,1.0,24.7660229,2.0,313.2905769701679,75.06386149323086,2439,0.0370493515140157,2436,3,0,0.998769987699877,0.001230012300123,0.0,True,3314.0,32.47890027099259,0.9506082943611712,3314,11,0.0033082706766917,,0.3090169943749474,0.4340578300578996,,intact
122,133,34.62331843425036,32.73291079359524,6.483314773547883,160.56592214959517,7.483314773547883,313.25767408542754,76.30705598033951,5231,0.0794609092947176,5017,214,0,0.9590900401452878,0.0409099598547122,0.0,True,4800.0,39.08820095223359,1.160641009757542,4838,198,0.0393169181890389,,0.2642788416911127,0.4189796981099955,,intact
126,129,33.19313054357266,33.37086434643424,1.0,24.7660229,2.0,315.7378733153091,88.93153719251603,2381,0.0361683091245885,2381,0,0,1.0,0.0,0.0,True,2233.0,26.66056968349335,0.8010507700911996,2236,0,0.0,,0.3090169943749474,,,intact
126,146,33.19313054357266,35.06889337226733,1.0,24.7660229,2.0,330.2203896675172,64.69691219456561,2369,0.0359860244922932,2369,0,0,1.0,0.0,0.0,True,2901.0,30.38777681600246,0.8903274492261596,2901,0,0.0,,0.3090169943749474,,,intact
126,149,33.19313054357266,33.94738025033483,1.0,24.7660229,2.0,331.6263258977915,61.35509667937539,2425,0.0368366861096712,2420,5,0,0.9979381443298968,0.002061855670103,0.0,True,2172.0,26.29389801439097,0.7832498651999219,2172,0,0.0,,0.3090169943749474,0.3516287047744073,,intact
127,128,34.06628550773001,34.56233846333,5.0,123.8301145,6.0,318.64626780228963,88.51041627534774,4905,0.0745088434506958,4905,0,0,1.0,0.0,0.0,True,1687.0,23.173018318554337,0.675316419817077,1687,0,0.0,,0.2817290466902531,,,intact
122,156,34.62331843425036,33.97711570073323,3.47213595499958,85.99099857343296,4.47213595499958,336.8751342033677,27.833757813915103,4212,0.0639819059356434,4212,0,0,1.0,0.0,0.0,True,3691.0,34.27654868717636,0.9993099641244584,3691,0,0.0,,0.2801868778094689,,,intact
123,147,33.746494843167824,34.04824177557416,1.0,24.7660229,2.0,330.4420157794244,60.82006369691952,2578,0.039160815171436,2517,53,8,0.9763382467028704,0.0205585725368502,0.0031031807602792,True,4764.0,38.94134432424719,1.1488014045468475,4800,1144,0.1924629878869448,0.4468856310175529,0.3090169943749474,0.4364916731037084,0.1378686366426055,intact
123,152,33.746494843167824,34.19110683749544,1.0,24.7660229,2.0,338.2023776184582,44.80020321916269,2384,0.0362138802826623,2330,54,0,0.9773489932885906,0.0226510067114093,0.0,True,3591.0,33.80903431460284,0.9952966686554592,3599,292,0.0750449755846826,,0.3090169943749474,0.4276542774851262,,intact
124,130,33.82742751582512,35.10147502566315,4.39834563766817,108.929528784605,5.39834563766817,314.3343382067785,80.36891412575388,5007,0.0760582628252057,4739,268,0,0.9464749350908728,0.0535250649091272,0.0,True,2570.0,28.60168539601018,0.8298894757186897,2570,0,0.0,,0.2714970279031851,0.3987945679840713,,intact
124,152,33.82742751582512,34.19110683749544,3.685557720282968,91.27660689979976,4.685557720282968,335.3531769085894,42.17945930540033,3461,0.0525739260311637,3295,149,17,0.9520369835307716,0.0430511412886449,0.0049118751805836,True,2893.0,30.345848162964675,0.8922817420714751,3256,182,0.0529377545084351,0.3625686785136398,0.2696862318229452,0.414213562373095,0.0928824466906945,intact
124,153,33.82742751582512,33.1179899603111,6.817337799805944,168.8383440670296,7.817337799805943,335.6261359496866,42.76052824009808,5553,0.084352213594641,4823,290,440,0.8685395281829642,0.0522240230506032,0.0792364487664325,True,2410.0,27.69705445896613,0.8274518407130464,2410,207,0.0790982040504394,0.3898259201723122,0.2479451436122707,0.3070017127719537,0.1418807765600415,cohesive
125,136,34.09266491584401,39.01402454504108,3.685557720282968,91.27660689979976,4.685557720282968,326.2620131712296,71.23263341224043,5621,0.0853851598443142,5123,161,337,0.9114036648283224,0.0286425902864259,0.0599537448852517,True,4423.0,37.5217886912512,1.0264939903024006,4762,1412,0.2287010042112083,0.4104853285971832,0.2588283628687876,0.3816524151396708,0.1516569657283956,cohesive
125,145,34.09266491584401,35.31377481208071,1.7320508075688772,42.89600996421431,2.732050807568877,329.2347694821852,67.08062416745223,3024,0.0459357273384106,2990,34,0,0.9887566137566136,0.0112433862433862,0.0,True,2964.0,30.71596494738128,0.8851041796060644,3275,719,0.1800200300450676,,0.2898979485566356,0.439607805437114,,intact
127,143,34.06628550773001,34.6159484224522,2.449489742783178,60.66411906308329,3.449489742783178,330.3194860347347,72.8835028547179,3427,0.0520574529063271,3427,0,0,1.0,0.0,0.0,True,2451.0,27.931658222104733,0.8133590485859328,2451,0,0.0,,0.2898979485566356,,,intact
127,147,34.06628550773001,34.04824177557416,1.0,24.7660229,2.0,333.29277251318445,66.58872432309258,2616,0.0397380498403711,2616,0,0,1.0,0.0,0.0,True,2844.0,30.087760240780646,0.8834462027649006,2844,0,0.0,,0.3090169943749474,,,intact
127,159,34.06628550773001,34.99549240939351,1.0,24.7660229,2.0,345.1971171933361,39.37813259632107,2891,0.0439154059971379,2891,0,0,1.0,0.0,0.0,True,2844.0,30.087760240780646,0.8713288637569389,2844,0,0.0,,0.3090169943749474,,,intact
128,143,34.56233846333,34.6159484224522,4.449489742783178,110.1961648630833,5.449489742783178,329.34158490084644,71.38980002126617,4884,0.0741898453441791,4884,0,0,1.0,0.0,0.0,True,1847.0,24.247027854594084,0.701001107316447,1847,0,0.0,,0.2791745113185196,,,intact
128,159,34.56233846333,34.99549240939351,1.0,24.7660229,2.0,344.21921605944783,38.70589713526125,2887,0.0438546444530395,2887,0,0,1.0,0.0,0.0,True,2010.0,25.294324881866668,0.7272890647826573,2010,0,0.0,,0.3090169943749474,,,intact
128,162,34.56233846333,34.27517220235347,2.146264369941973,53.15443253543696,3.146264369941973,344.47387953853354,41.39215555520615,3121,0.0474091947827975,3121,0,0,1.0,0.0,0.0,True,3180.0,31.815490536285218,0.924364935007614,3194,247,0.071781458878233,,0.2898979485566356,,,intact
128,163,34.56233846333,35.296153929633334,1.0,24.7660229,2.0,345.98475447735564,35.51336454313927,2762,0.0419558461999637,2762,0,0,1.0,0.0,0.0,True,3111.0,31.468429511460734,0.9009192278140392,3124,703,0.1836948001045205,,0.3090169943749474,,,intact
129,149,33.37086434643424,33.94738025033483,1.0,24.7660229,2.0,332.2618955529639,62.56064802668357,2359,0.0358341206320472,2359,0,0,1.0,0.0,0.0,True,2798.0,29.84344252163692,0.8866375735254763,2807,99,0.0340674466620784,,0.3090169943749474,,,intact
129,165,33.37086434643424,34.31509097239035,1.0,24.7660229,2.0,346.81215869278435,25.000701594357835,2582,0.0392215767155345,2560,22,0,0.99147947327653,0.0085205267234701,0.0,True,3662.0,34.141628596261214,1.008824605797234,3662,23,0.0062415196743554,,0.3090169943749474,0.4176890859898589,,intact
130,136,35.10147502566315,39.01402454504108,1.0,24.7660229,2.0,329.05919151945363,76.58242530288277,3106,0.0471813389924284,3106,0,0,1.0,0.0,0.0,True,2752.0,29.59710808132768,0.7986752636833492,2756,60,0.0213068181818181,,0.304845440523399,,,intact
130,137,35.10147502566315,33.56149701678169,1.0,24.7660229,2.0,326.01929103176406,81.05223446583503,2335,0.0354695513674566,2335,0,0,1.0,0.0,0.0,True,3181.0,31.820492578692715,0.926860333369272,3185,234,0.0684410646387832,,0.3090169943749474,,,intact
130,161,35.10147502566315,36.089779765898456,6.69041575982343,165.69498991830795,7.69041575982343,346.7836922537361,46.463650568220174,6838,0.1038718596362606,6838,0,0,1.0,0.0,0.0,True,2846.0,30.09833776272484,0.8455627829808231,2846,126,0.0423956931359354,,0.2714970279031851,,,intact
130,164,35.10147502566315,32.69483963773666,1.0,24.7660229,2.0,348.82197893394937,32.08574320974545,2500,0.0379759650615167,2500,0,0,1.0,0.0,0.0,True,2248.0,26.749964937194992,0.7891274052285941,2248,0,0.0,,0.3090169943749474,,,intact
130,169,35.10147502566315,34.98008585668328,7.0670198723450905,175.0219759932536,8.06701987234509,356.11561174454243,27.159225008868216,5770,0.0876485273619806,5764,6,0,0.9989601386481802,0.0010398613518197,0.0,True,1694.0,23.221045351046136,0.6626863060321914,1694,0,0.0,,0.2685019276956926,0.3410201130151205,,intact
131,135,34.86708023321262,33.86708993428694,2.6502815398728847,65.63693330793913,3.6502815398728847,323.3156862970493,83.49732876154066,3651,0.055460099375839,3651,0,0,1.0,0.0,0.0,True,1848.0,24.2535908613064,0.7057215007383483,1849,37,0.0196182396606574,,0.2843646522044218,,,intact
131,154,34.86708023321262,32.39294319934577,1.0,24.7660229,2.0,340.9733775568364,48.35811597966613,2521,0.0382949631680334,2521,0,0,1.0,0.0,0.0,True,3379.0,32.79587024939312,0.9751965157216316,3399,186,0.0518828451882845,,0.3090169943749474,,,intact
132,151,33.709559500123426,36.116398529423485,1.0,24.7660229,2.0,339.75528918516835,59.4111448994501,2937,0.0446141637542698,2937,0,0,1.0,0.0,0.0,True,2294.0,27.022266353983262,0.7739891328823235,2294,4,0.0017406440382941,,0.3090169943749474,,,intact
132,156,33.709559500123426,33.97711570073323,3.7320508075688767,92.42805576421428,4.732050807568877,345.7151250630316,48.73254043038063,4153,0.0630856731601916,4153,0,0,1.0,0.0,0.0,True,2209.0,26.516910426744545,0.7835193661989455,2209,0,0.0,,0.2742918851774317,,,intact
132,157,33.709559500123426,33.019969707309166,1.0,24.7660229,2.0,345.0351856429638,46.960326810908775,2587,0.0392975286456575,2587,0,0,1.0,0.0,0.0,True,3194.0,31.8854477226058,0.9556623012725908,3194,257,0.0744711677774558,,0.3090169943749474,,,intact
132,160,33.709559500123426,34.16522016282205,1.0,24.7660229,2.0,346.3556764966888,44.48134285887009,2509,0.0381126785357382,2509,0,0,1.0,0.0,0.0,True,2219.0,26.57686282166937,0.7831145221729047,2491,611,0.1969696969696969,,0.3090169943749474,,,intact
135,138,33.86708993428694,34.728414306820426,4.0,99.0640916,5.0,329.3241758249725,86.98981309338353,4495,0.0682807851806071,4495,0,0,1.0,0.0,0.0,True,2463.0,27.99995088693329,0.8163786008049695,2463,61,0.0241679873217115,,0.2817290466902531,,,intact
135,154,33.86708993428694,32.39294319934577,1.7320508075688772,42.89600996421431,2.732050807568877,345.0682546443968,59.58586827203877,2824,0.0428976501334893,2824,0,0,1.0,0.0,0.0,True,2218.0,26.57087366940816,0.8020181220199584,2358,341,0.1263430900333456,,0.2933997741163456,,,intact
135,158,33.86708993428694,34.111824329990974,6.071067811865476,150.35620445611326,7.071067811865476,348.44597431737554,54.71093696667989,5903,0.0896688487032533,4714,510,679,0.798576994748433,0.0863967474165678,0.1150262578349991,True,1954.0,24.93947709161375,0.7337415538782485,2547,1827,0.4176954732510288,0.3892672660195336,0.2332995250031629,0.3926140252959862,0.1559677410163707,cohesive
135,161,33.86708993428694,36.089779765898456,5.0,123.8301145,6.0,350.26676276372257,53.298580111794905,4867,0.0739316087817608,4804,63,0,0.9870556811177316,0.0129443188822683,0.0,True,1907.0,24.637714036665187,0.7043686815106278,2319,954,0.2914757103574702,,0.27195617308673,0.3944308031686672,,intact
133,150,32.73291079359524,33.31575015841046,1.0,24.7660229,2.0,338.28242460808315,60.46983730984874,2568,0.03900891131119,2568,0,0,1.0,0.0,0.0,True,3663.0,34.14628988764702,1.0339737216613505,3670,248,0.0632976008167432,,0.3117684267568519,,,intact
134,141,34.108814990159495,34.24561305334088,1.8284271247461903,45.2828680424453,2.8284271247461903,331.48217277556114,82.92229799780529,2827,0.0429432212915631,2827,0,0,1.0,0.0,0.0,True,2372.0,27.47782833536798,0.8039809306247503,2415,229,0.0866111951588502,,0.2898979485566356,,,intact
134,162,34.108814990159495,34.27517220235347,4.0197648378370845,99.553588026488,5.0197648378370845,349.1687928341412,53.21334655351169,4325,0.0656984195564239,4319,6,0,0.9986127167630058,0.0013872832369942,0.0,True,2924.0,30.50800070803401,0.8922556861783628,2951,445,0.1310365135453474,,0.2766967754673748,0.4204680144562054,,intact
134,167,34.108814990159495,34.21443935501828,1.0,24.7660229,2.0,354.66356265790614,36.46876358326045,2419,0.0367455437935236,2419,0,0,1.0,0.0,0.0,True,2951.0,30.648531353530892,0.8971625150842674,2951,0,0.0,,0.3090169943749474,,,intact
138,161,34.728414306820426,36.089779765898456,1.0,24.7660229,2.0,352.1803752040853,54.13053582031751,2915,0.0442799752617285,2820,55,40,0.967409948542024,0.0188679245283018,0.0137221269296741,True,2665.0,29.125518822500005,0.822543393088866,2675,489,0.154551201011378,0.4259293320260172,0.2989350844248255,0.4068781988545112,0.1269942476011917,intact
139,140,33.91392602148908,33.68566234109369,1.0,24.7660229,2.0,334.3578086236398,87.93795222738053,2598,0.0394646228919282,2590,8,0,0.9969207082371054,0.0030792917628945,0.0,True,2354.0,27.37337158766971,0.8098679962619777,3460,1227,0.2617879240452315,,0.3090169943749474,0.4449944320643648,,intact
139,144,33.91392602148908,33.71992075161135,7.0,173.3621603,8.0,337.2199641020427,83.65363593547683,5941,0.0902460833721884,5932,9,0,0.9984851035179264,0.0015148964820737,0.0,True,4030.0,35.81604167577255,1.0591159126562482,4182,1231,0.2274154812488453,,0.2711923793731366,0.2510489592449695,,intact
139,173,33.91392602148908,36.30647109014778,1.0,24.7660229,2.0,368.8277847276075,4.003068349601842,2981,0.0452825407393525,2981,0,0,1.0,0.0,0.0,True,2794.0,29.82210291038362,0.8493857664453889,2948,1252,0.2980952380952381,,0.3090169943749474,,,intact
140,168,33.68566234109369,33.20157883794777,1.0,24.7660229,2.0,359.26652163656274,43.51795770231576,2588,0.0393127190316821,2476,75,37,0.9567233384853168,0.0289799072642967,0.0142967542503864,True,3044.0,31.127725479762557,0.9307522610011952,3129,1069,0.2546450690805145,0.439607805437114,0.3090169943749474,0.4142135623730951,0.1305908110621665,intact
141,167,34.24561305334088,34.21443935501828,2.6502815398728847,65.63693330793913,3.6502815398728847,359.0875421738507,49.92649316094252,3406,0.0517384547998104,3406,0,0,1.0,0.0,0.0,True,2227.0,26.624727539099847,0.7778179128547934,2227,0,0.0,,0.2817290466902531,,,intact
141,171,34.24561305334088,34.18518361144195,1.0,24.7660229,2.0,363.6885205377429,35.76156819228123,2507,0.0380822977636889,2507,0,0,1.0,0.0,0.0,True,2375.0,27.495199211616978,0.803591381415762,2378,1207,0.3366806136680613,,0.3090169943749474,,,intact
141,174,34.24561305334088,35.3146681564381,1.0,24.7660229,2.0,366.7382855428756,26.71106318274909,2682,0.0407406153179951,2682,0,0,1.0,0.0,0.0,True,2399.0,27.63377312194109,0.7945273550175427,2410,207,0.0790982040504394,,0.3090169943749474,,,intact
136,155,39.01402454504108,34.28600681904952,3.898979485566356,96.5622152261666,4.898979485566356,353.73758806343324,67.72834784867452,5043,0.0766051167220915,4386,528,129,0.8697204045211184,0.1046995835812016,0.0255800118976799,True,3998.0,35.67356058711823,0.973357307582124,4020,437,0.0980480143594346,0.4207878624261201,0.2535548202751237,0.4083069769263126,0.1672330421509963,intact
136,161,39.01402454504108,36.089779765898456,9.071067811865476,224.65427315611325,10.071067811865476,355.3984614085528,64.71290034547383,8101,0.1230573171853388,8101,0,0,1.0,0.0,0.0,True,2190.0,26.40262583044538,0.703096895628218,2191,70,0.0309597523219814,,0.267982878680112,,,intact
136,164,39.01402454504108,32.69483963773666,1.0,24.7660229,2.0,357.436748088766,55.37789853108232,3072,0.0466648658675917,3072,0,0,1.0,0.0,0.0,True,2599.0,28.76260409266991,0.8022049831763421,2599,0,0.0,,0.3090169943749474,,,intact
136,170,39.01402454504108,33.98290495211477,1.0,24.7660229,2.0,363.6440404631784,40.78252259008048,3431,0.0521182144504255,3431,0,0,1.0,0.0,0.0,True,3815.0,34.84755681236722,0.9547677430384238,3840,176,0.0438247011952191,,0.3090169943749474,,,intact
136,179,39.01402454504108,35.05348652480409,1.0,24.7660229,2.0,374.491426376632,15.285401650597926,3074,0.0466952466396409,3074,0,0,1.0,0.0,0.0,True,2259.0,26.81533204883324,0.7240781190432215,2259,1,0.0004424778761061,,0.3090169943749474,,,intact
137,169,33.56149701678169,34.98008585668328,1.0,24.7660229,2.0,361.6904804116695,29.63022407270767,2485,0.0377481092711476,2485,0,0,1.0,0.0,0.0,True,3685.0,34.24867779327063,0.9993547378821792,3685,1,0.0002712967986977,,0.3090169943749474,,,intact
138,154,34.728414306820426,32.39294319934577,1.0,24.7660229,2.0,346.9818670847596,63.516790134494855,2270,0.0344821762758572,2270,0,0,1.0,0.0,0.0,True,2411.0,27.70280013986166,0.8254541078766683,2462,189,0.0712938513768389,,0.3154754158606446,,,intact
138,155,34.728414306820426,34.28600681904952,5.572595368400839,138.0110245062491,6.572595368400839,350.51950185896567,59.73076986491618,5013,0.0761494051413533,4999,14,0,0.9972072611210852,0.0027927388789148,0.0,True,2991.0,30.855548440689205,0.8941768383281579,2998,72,0.0234527687296416,,0.2771863727725964,0.4320240508351209,,intact
143,176,34.6159484224522,34.33454305703572,1.0,24.7660229,2.0,369.5339551456577,32.603938069294465,2717,0.0412722788288564,2717,0,0,1.0,0.0,0.0,True,4847.0,39.27910409279765,1.139342251229139,4847,0,0.0,,0.3090169943749474,,,intact
144,147,33.71992075161135,34.04824177557416,8.0,198.1281832,9.0,344.1393016278254,85.71360561742645,6867,0.1043123808309742,6867,0,0,1.0,0.0,0.0,True,2803.0,29.870095596987387,0.8815377157379723,2831,200,0.0659848234905971,,0.2711923793731366,,,intact
144,177,33.71992075161135,34.06025018931318,1.0,24.7660229,2.0,370.1115689397109,31.91658328119673,2680,0.0407102345459459,2680,0,0,1.0,0.0,0.0,True,5037.0,40.04156461363309,1.181512647660104,5037,20,0.0039549139806209,,0.3090169943749474,,,intact
145,152,35.31377481208071,34.19110683749544,1.0,24.7660229,2.0,353.05078653222006,74.00283776439322,2670,0.0405583306856998,2662,8,0,0.997003745318352,0.0029962546816479,0.0,True,4101.0,36.13016528110169,1.039643962369714,4101,111,0.0263532763532763,,0.3090169943749474,0.4460488608038538,,intact
142,150,33.76995712048581,33.31575015841046,1.0,24.7660229,2.0,344.1795767331237,72.06158776147245,2458,0.0373379688484832,2268,49,141,0.9227013832384052,0.0199349064279902,0.0573637103336045,True,1537.0,22.118822189811244,0.6594198104778527,2413,1746,0.4198124549170474,0.4305008740430604,0.2898979485566356,0.4305008740430604,0.1406029254864247,intact
142,158,33.76995712048581,34.111824329990974,1.0,24.7660229,2.0,351.6702257802868,59.57750564177004,2309,0.0350746013308168,2138,105,66,0.9259419662191424,0.0454742312689476,0.0285838025119099,True,2137.0,26.081185302335488,0.768429606443462,2437,1635,0.4015225933202357,0.4278112058481354,0.2958163163244892,0.4142135623730951,0.1319948895236461,intact
142,166,33.76995712048581,33.9411644130377,1.8284271247461903,45.2828680424453,2.8284271247461903,357.3794089054466,48.17028154676893,2938,0.0446293541402944,2679,120,139,0.911844792375766,0.0408441116405718,0.0473110959836623,True,2668.0,29.14190756176324,0.8607716694615728,3352,1195,0.2628106443809105,0.4258218860212584,0.2817290466902531,0.4072739409583566,0.1440928393310052,intact
143,163,34.6159484224522,35.296153929633334,1.0,24.7660229,2.0,357.6579727098008,61.57764239788132,2679,0.0406950441599213,2679,0,0,1.0,0.0,0.0,True,4114.0,36.18738553363748,1.0352252132654678,4114,0,0.0,,0.3090169943749474,,,intact
145,168,35.31377481208071,33.20157883794777,5.414213562373095,134.08853707122265,6.414213562373095,363.2798001803265,58.42762941237559,4984,0.0757088839466397,4826,106,52,0.9682985553772072,0.0212680577849117,0.0104333868378812,True,3284.0,32.33155836373447,0.9437755668278895,3290,658,0.1666666666666666,0.4110572584313119,0.2711923793731366,0.4240905704644855,0.1398648790581753,intact
145,170,35.31377481208071,33.98290495211477,1.0,24.7660229,2.0,366.616796774134,50.34165361687008,2414,0.0366695918634005,2414,0,0,1.0,0.0,0.0,True,2861.0,30.177551000235677,0.8709667217224437,2916,39,0.0131979695431472,,0.3090169943749474,,,intact
146,149,35.06889337226733,33.94738025033483,1.0,24.7660229,2.0,346.744411905172,87.6563263623212,2497,0.0379303939034429,2470,23,4,0.9891870244293152,0.0092110532639167,0.0016019223067681,True,2880.0,30.277590264241923,0.8774043765331978,2958,905,0.2342738804038312,0.4396022505782154,0.3090169943749474,0.4142135623730951,0.130585256203268,intact
146,178,35.06889337226733,34.4235520049468,1.0,24.7660229,2.0,373.4505167343622,36.74403710677132,2748,0.0417431807956192,2748,0,0,1.0,0.0,0.0,True,3436.0,33.0713285026094,0.951796366442248,3521,454,0.1142138364779874,,0.3090169943749474,,,intact
147,148,34.04824177557416,33.98056192132769,6.817337799805944,168.8383440670296,7.817337799805943,347.62951922656964,88.98929572410196,5571,0.0846256405430839,4809,591,171,0.8632202477113624,0.106085083467959,0.0306946688206785,True,2752.0,29.59710808132768,0.8701346039596923,2755,283,0.0931533903884134,0.3916982318703404,0.2402530733520421,0.4022451379397936,0.1514451585182982,intact
147,175,34.04824177557416,34.51744706129705,4.773112505913769,118.21101362573678,5.773112505913769,372.202870922937,48.10789939884752,4801,0.0729290433041367,4296,445,60,0.8948135805040617,0.0926890231201832,0.012497396375755,True,3232.0,32.07456238432586,0.9355863822978984,3232,66,0.0200121285627653,0.4350626411841257,0.2577649871043577,0.4142135623730951,0.177297654079768,intact
147,177,34.04824177557416,34.06025018931318,1.0,24.7660229,2.0,372.9336434020765,39.65408291680921,2583,0.0392367671015591,2583,0,0,1.0,0.0,0.0,True,4106.0,36.15218378840543,1.061605762965456,4106,51,0.0122684628337743,,0.3090169943749474,,,intact
148,153,33.98056192132769,33.1179899603111,1.0,24.7660229,2.0,355.66284010670074,77.22876323998543,2518,0.0382493920099596,2518,0,0,1.0,0.0,0.0,True,2899.0,30.377300078295452,0.9054532244415862,2900,0,0.0,,0.3145198591387564,,,intact
148,167,33.98056192132769,34.21443935501828,1.0,24.7660229,2.0,365.283297209572,60.130167135175725,2404,0.0365176880031545,2404,0,0,1.0,0.0,0.0,True,2947.0,30.627752685817992,0.8982404021580829,2947,0,0.0,,0.3090169943749474,,,intact
148,175,33.98056192132769,34.51744706129705,1.0,24.7660229,2.0,372.8710140593156,44.65463770484003,2549,0.0387202939767224,2549,0,0,1.0,0.0,0.0,True,2666.0,29.130982760044088,0.8505643650878517,2668,0,0.0,,0.3090169943749474,,,intact
148,180,33.98056192132769,36.23654865143025,1.0,24.7660229,2.0,383.9468267662416,16.990751043200707,2567,0.0389937209251654,2567,0,0,1.0,0.0,0.0,True,1481.0,21.71213811300476,0.6184286973901315,1742,0,0.0,,0.3090169943749474,,,intact
149,162,33.94738025033483,34.27517220235347,1.0,24.7660229,2.0,359.71487027205603,70.77066178861169,2464,0.0374291111646309,2165,95,204,0.8786525974025974,0.0385551948051948,0.0827922077922077,True,714.0,15.07558485549488,0.4419531170707709,1244,2677,0.6827339964294823,0.4211646096066227,0.2958163163244892,0.4305008740430604,0.1253482932821334,cohesive
149,178,33.94738025033483,34.4235520049468,7.6602540378443855,189.7140269210715,8.660254037844386,374.85645296463656,45.15188466334919,6150,0.0934208740513312,6150,0,0,1.0,0.0,0.0,True,1922.0,24.734421384888822,0.7235361744823393,1945,699,0.2643721633888048,,0.268574925671901,,,intact
151,156,36.116398529423485,33.97711570073323,1.0,24.7660229,2.0,363.33984641836815,80.17329455675576,2976,0.0452065888092295,2976,0,0,1.0,0.0,0.0,True,3143.0,31.62985887220577,0.9025045817605044,3143,0,0.0,,0.3090169943749474,,,intact
151,160,36.116398529423485,34.16522016282205,1.0,24.7660229,2.0,363.98039785202536,79.29738357383127,2803,0.0425786520269725,2803,0,0,1.0,0.0,0.0,True,3078.0,31.301083522359217,0.8907331420302873,3078,25,0.0080567193038994,,0.3090169943749474,,,intact
151,165,36.116398529423485,34.31509097239035,1.0,24.7660229,2.0,367.31544247779607,74.05481731902776,2846,0.0432318386260306,2846,0,0,1.0,0.0,0.0,True,4510.0,37.88901670258673,1.075911271239293,4516,0,0.0,,0.3133921657949117,,,intact
151,185,36.116398529423485,33.93812473047359,1.0,24.7660229,2.0,389.6455503755725,23.267132073863955,2792,0.0424115577807019,2792,0,0,1.0,0.0,0.0,True,3764.0,34.61384710770804,0.988197349635604,3764,0,0.0,,0.3090169943749474,,,intact
152,164,34.19110683749544,32.69483963773666,7.14142842854285,176.86478000000324,8.14142842854285,369.8408176357601,78.7659761733513,5257,0.0798558593313574,5203,54,0,0.9897279817386342,0.0102720182613657,0.0,True,2347.0,27.33264171047791,0.8172910200380942,2347,31,0.013036164844407,,0.2696862318229452,0.3531371350164006,,intact
152,175,34.19110683749544,34.51744706129705,6.330293345472711,156.77618995769478,7.330293345472711,379.9632327619708,61.3133071989231,6274,0.0953044819183824,3480,535,2259,0.5546700669429391,0.0852725533949633,0.3600573796620975,True,1233.0,19.8110093045411,0.5766679163040649,2500,1723,0.4080037887757518,0.3660254037844386,0.1741123948954683,0.3405424265831667,0.1919130088889703,cohesive
152,186,34.19110683749544,34.7183162468444,1.0,24.7660229,2.0,393.6813384295932,22.93317688956001,2842,0.0431710770819322,2842,0,0,1.0,0.0,0.0,True,2778.0,29.736591328169585,0.8630631341021179,2971,297,0.0908812729498164,,0.3145198591387564,,,intact
153,164,33.1179899603111,32.69483963773666,10.764602927211008,266.5964026047148,11.764602927211008,370.1137766768575,79.44165470429321,7797,0.1184394398338584,3491,376,3930,0.4477363088367321,0.0482236757727331,0.5040400153905348,False,4.0,1.1283791670955126,0.0342905531941749,1055,1212,0.5346272606969563,0.3646252028363286,0.1431985666856504,0.2859917853015737,0.2214266361506781,cohesive
153,169,33.1179899603111,34.98008585668328,7.194052389321207,178.16806621772872,8.194052389321207,377.40740948745054,67.37587041842805,6549,0.0994818380751492,5467,515,567,0.8347839364788517,0.0786379599938922,0.086578103527256,True,1249.0,19.93913357805586,0.5856004986584334,1430,407,0.2215568862275449,0.3681968692274571,0.2380067155369107,0.3985284962787935,0.1301901536905464,cohesive
153,174,33.1179899603111,35.3146681564381,1.0,24.7660229,2.0,380.29921832234936,59.92998135587296,2570,0.0390392920832392,2570,0,0,1.0,0.0,0.0,True,2418.0,27.742986587467577,0.8108113100074761,2418,0,0.0,,0.3090169943749474,,,intact
153,175,33.1179899603111,34.51744706129705,9.259739418689833,229.3269184913051,10.259739418689833,380.2361918030681,64.28703447115086,6786,0.103081959562981,6786,0,0,1.0,0.0,0.0,True,1814.0,24.02944305508133,0.7105577819332908,1934,116,0.0565853658536585,,0.2674788903885893,,,intact
153,187,33.1179899603111,35.91388020919713,1.0,24.7660229,2.0,395.0922791163797,11.79154315649911,2892,0.0439305963831625,2892,0,0,1.0,0.0,0.0,True,2248.0,26.749964937194992,0.775003338936357,2499,305,0.1087731811697574,,0.3090169943749474,,,intact
154,182,32.39294319934577,33.94827790537653,10.194173437483135,252.4691327992791,11.194173437483135,390.3304594976176,41.65464517130152,8657,0.1315031718150202,8053,571,33,0.9302298717800624,0.0659581841284509,0.0038119440914866,True,2926.0,30.5184325772765,0.9200443425393668,3054,245,0.0742649287662928,0.4250788980013849,0.2538152453692837,0.375552935006838,0.1712636526321012,intact
155,161,34.28600681904952,36.089779765898456,1.0,24.7660229,2.0,371.46208879771575,87.51518921460885,2366,0.0359404533342194,2181,54,131,0.9218089602704987,0.0228233305156382,0.055367709213863,True,1272.0,20.12188299403865,0.5718410825788861,1350,748,0.3565300285986654,0.424807680927192,0.303832434700687,0.3761785115301142,0.120975246226505,intact
155,179,34.28600681904952,35.05348652480409,8.856089212204838,219.330108233908,9.856089212204838,390.55505376579504,57.44929723421741,7457,0.1132747085854921,5772,661,1024,0.7740378168164141,0.0886415448571811,0.1373206383264047,True,933.0,17.233198304710495,0.4970673269633309,1003,392,0.2810035842293907,0.3508003705504558,0.2393088228183756,0.3210915510376755,0.1114915477320802,cohesive
156,157,33.97711570073323,33.019969707309166,8.9498743710662,221.6527936259486,9.9498743710662,368.6197428761636,88.95596506946748,8239,0.1251535904567346,8239,0,0,1.0,0.0,0.0,True,1764.0,23.695962509005764,0.7073729361415259,1764,0,0.0,,0.2692803301885514,,,intact
156,172,33.97711570073323,34.45776706898681,1.0,24.7660229,2.0,380.7629783435223,70.40896920745026,2568,0.03900891131119,2568,0,0,1.0,0.0,0.0,True,3702.0,34.327586554437424,1.0032189773729294,3702,0,0.0,,0.3090169943749474,,,intact
156,185,33.97711570073323,33.93812473047359,1.0,24.7660229,2.0,395.60538625343577,39.14323543120123,2677,0.0406646633878721,2677,0,0,1.0,0.0,0.0,True,3000.0,30.90193616185517,0.910014776231458,3000,0,0.0,,0.3090169943749474,,,intact
156,190,33.97711570073323,34.336230566649874,3.1815405503520555,78.79410612729761,4.181540550352056,398.6289145636574,38.15467202993845,3537,0.0537283953690339,3537,0,0,1.0,0.0,0.0,True,2042.0,25.49487767351121,0.7464098618071647,2042,0,0.0,,0.2801868778094689,,,intact
157,166,33.019969707309166,33.9411644130377,4.0,99.0640916,5.0,374.4197774782784,79.49866161199003,4024,0.0611261133630173,2769,436,819,0.6881212723658051,0.1083499005964214,0.2035288270377733,True,451.0,11.98155910843366,0.3578660745769219,2287,3301,0.5907301360057265,0.3969657445959705,0.2155146893583885,0.3840883782110749,0.181451055237582,cohesive
157,172,33.019969707309166,34.45776706898681,1.0,24.7660229,2.0,380.0830389234545,69.30363615511132,2332,0.0354239802093828,2332,0,0,1.0,0.0,0.0,True,3436.0,33.0713285026094,0.9802145146701752,3441,359,0.0944736842105263,,0.3090169943749474,,,intact
157,190,33.019969707309166,34.336230566649874,1.0,24.7660229,2.0,397.9489751435897,26.495611414214995,2642,0.0401329998770109,2642,0,0,1.0,0.0,0.0,True,2650.0,29.043436408025915,0.8623834566052432,2695,833,0.2361111111111111,,0.3090169943749474,,,intact
158,181,34.111824329990974,34.74615418698383,6.483314773547883,160.56592214959517,7.483314773547883,391.05790515672703,55.27760489317944,5697,0.0865396291821843,2142,283,3272,0.3759873617693522,0.0496752676847463,0.5743373705459014,False,1.0,0.5641895835477563,0.0163870504391491,969,2613,0.7294807370184254,0.3660254037844386,0.1303639547600728,0.2412742924521226,0.2356614490243657,cohesive
159,192,34.99549240939351,33.61679485810901,1.0,24.7660229,2.0,400.730497496632,26.08353518427472,2962,0.044993923404885,2962,0,0,1.0,0.0,0.0,True,2574.0,28.623934862926816,0.8343676039053791,2574,0,0.0,,0.3203772410170407,,,intact
159,198,34.99549240939351,35.42560168511905,12.079635555517829,299.16453079160874,13.079635555517829,406.8053365496326,28.484048703261,9183,0.1394933148639633,9183,0,0,1.0,0.0,0.0,True,2312.0,27.128075067297424,0.7704530983539868,2312,0,0.0,,0.2635356853460478,,,intact
160,171,34.16522016282205,34.18518361144195,9.442387549448895,233.85038628032623,10.442387549448895,381.0258369737629,74.17851136573253,7211,0.1095378736234389,3747,335,3129,0.5196227985022882,0.0464568021078907,0.4339203993898211,True,1805.0,23.96975895919152,0.7013787084083578,1826,3438,0.6531155015197568,0.3673227581534789,0.1601526128622927,0.2817290466902531,0.2071701452911862,cohesive
160,184,34.16522016282205,34.758080498983844,1.0,24.7660229,2.0,393.8491460497312,47.82900221576597,2611,0.039662097910248,2611,0,0,1.0,0.0,0.0,True,4099.0,36.12135412006806,1.0481608911131224,4106,671,0.1404647268159933,,0.3090169943749474,,,intact
158,188,34.111824329990974,35.06332775432134,1.414213562373095,35.02444547122265,2.414213562373095,396.6768008595048,40.504777664390815,2850,0.043292600170129,2848,2,0,0.9992982456140352,0.0007017543859649,0.0,True,1531.0,22.07560725659395,0.6382525109503967,1842,1095,0.372829417773238,,0.3090169943749474,0.4112983876007893,,intact
159,162,34.99549240939351,34.27517220235347,1.0,24.7660229,2.0,371.02472892958,89.57794730409397,2590,0.0393430998037313,2590,0,0,1.0,0.0,0.0,True,2571.0,28.60724938505144,0.8259556782193828,2571,0,0.0,,0.3090169943749474,,,intact
159,163,34.99549240939351,35.296153929633334,6.158776208911124,152.5283926258681,7.158776208911124,372.5356038684022,87.45129599194952,5417,0.0822863210952944,5417,0,0,1.0,0.0,0.0,True,2186.0,26.378502823279536,0.7505444586132519,2186,0,0.0,,0.2755948398400295,,,intact
159,180,34.99549240939351,36.23654865143025,3.7320508075688767,92.42805576421428,4.732050807568877,395.1830283100146,50.39360654401961,4700,0.0713948143156514,4281,419,0,0.9108510638297872,0.0891489361702127,0.0,True,2435.0,27.8403407460744,0.781680275658591,2435,0,0.0,,0.2612038749637415,0.3811428388606529,,intact
161,164,36.089779765898456,32.69483963773666,13.0,321.9582977,14.0,375.1612488230485,87.09019817792382,9439,0.1433820536862626,9439,0,0,1.0,0.0,0.0,True,1520.0,21.996159369293583,0.6395662158197863,1520,0,0.0,,0.2658626798938588,,,intact
161,169,36.089779765898456,34.98008585668328,1.0,24.7660229,2.0,382.4548816336416,75.79358474640782,2584,0.0392519574875837,2584,0,0,1.0,0.0,0.0,True,2982.0,30.809090875909725,0.8670085585787415,3022,350,0.1037959667852906,,0.3090169943749474,,,intact
161,179,36.089779765898456,35.05348652480409,1.0,24.7660229,2.0,392.21592711091466,55.78113600445384,3070,0.0466344850955425,3070,0,0,1.0,0.0,0.0,True,3080.0,31.311251163856024,0.8802309142207034,3080,56,0.0178571428571428,,0.3090169943749474,,,intact
161,182,36.089779765898456,33.94827790537653,12.196189672380134,302.0511127189099,13.196189672380134,395.5289676169433,56.695670033351696,10009,0.1520405737202884,5293,628,4088,0.5288240583474872,0.0627435308222599,0.4084324108302528,True,1184.0,19.413369239820483,0.5543662941350406,1985,1003,0.3356760374832664,0.3529789313484475,0.1680743603534396,0.3180964585944436,0.1849045709950078,cohesive
162,163,34.27517220235347,35.296153929633334,4.123105625617661,102.1129283431658,5.123105625617661,372.79026734748777,87.64308498699003,4618,0.0701492026616337,4618,0,0,1.0,0.0,0.0,True,2887.0,30.314363615497584,0.8714614281747879,2900,224,0.0717029449423815,,0.2801868778094689,,,intact
162,183,34.27517220235347,33.98745226625546,1.0,24.7660229,2.0,394.25401084550913,48.94397176827936,2519,0.0382645823959842,2519,0,0,1.0,0.0,0.0,True,2952.0,30.653723819701742,0.8981114939053682,2952,366,0.1103074141048824,,0.3090169943749474,,,intact
162,191,34.27517220235347,35.14901061550133,10.015099296692402,248.0341785276579,11.015099296692402,400.57465700654063,42.01649814239925,9010,0.1368653780817063,8846,164,0,0.9817980022197558,0.0182019977802441,0.0,True,2403.0,27.65680127020565,0.7967483417923001,2403,467,0.1627177700348432,,0.2633618423437496,0.405117851294133,,intact
162,192,34.27517220235347,33.61679485810901,4.841619252963779,119.90765329198184,5.841619252963779,400.9851609757176,35.64058102601684,4627,0.0702859161358552,4627,0,0,1.0,0.0,0.0,True,2071.0,25.67527554451228,0.7563568020248015,2071,0,0.0,,0.2775144043792301,,,intact
163,191,35.296153929633334,35.14901061550133,1.0,24.7660229,2.0,402.0855319453628,35.218169481180745,3426,0.0520422625203025,3426,0,0,1.0,0.0,0.0,True,3349.0,32.64995878756228,0.9269609631373134,3349,9,0.0026801667659321,,0.3090169943749474,,,intact
163,194,35.296153929633334,35.17308405338773,1.0,24.7660229,2.0,406.0556854777757,29.50055687307672,2780,0.0422292731484066,2780,0,0,1.0,0.0,0.0,True,3677.0,34.2114812818416,0.9709621463505694,3678,0,0.0,,0.3090169943749474,,,intact
164,169,32.69483963773666,34.98008585668328,1.0,24.7660229,2.0,384.4931683138548,77.59066133091572,2406,0.0365480687752037,2406,0,0,1.0,0.0,0.0,True,2111.0,25.922040230930552,0.7660751760433907,2111,1,0.0004734848484848,,0.3090169943749474,,,intact
164,170,32.69483963773666,33.98290495211477,9.273618495495704,229.67064802531016,10.273618495495704,383.4068278776741,80.69413843851181,6515,0.0989653649503126,6515,0,0,1.0,0.0,0.0,True,1518.0,21.98168344843029,0.6593409415283663,1518,0,0.0,,0.2696862318229452,,,intact
164,179,32.69483963773666,35.05348652480409,1.0,24.7660229,2.0,394.25421379112777,60.73932677696107,2331,0.0354087898233582,2331,0,0,1.0,0.0,0.0,True,2018.0,25.344611859700866,0.7481989089706644,2018,0,0.0,,0.3090169943749474,,,intact
164,186,32.69483963773666,34.7183162468444,1.0,24.7660229,2.0,401.04005629709474,45.06417812429054,2461,0.037383540006557,2461,0,0,1.0,0.0,0.0,True,2469.0,28.034034832463544,0.8317081277269076,2470,43,0.0171110226820533,,0.3090169943749474,,,intact
164,195,32.69483963773666,33.73174439919677,1.0,24.7660229,2.0,409.81316888368286,18.22726301532953,2207,0.0335251819563069,2207,0,0,1.0,0.0,0.0,True,1860.0,24.33220886606579,0.7326045503871459,1860,0,0.0,,0.3090169943749474,,,intact
165,184,34.31509097239035,34.758080498983844,1.0,24.7660229,2.0,397.1841906755019,54.9495823460999,2702,0.0410444230384873,2699,2,1,0.9988897113249444,0.000740192450037,0.0003700962250185,True,3113.0,31.478543099866304,0.9114549811256856,3382,336,0.0903711672942442,0.4142135623730951,0.3090169943749474,0.377248971469978,0.1051965679981477,intact
166,188,33.9411644130377,35.06332775432134,1.0,24.7660229,2.0,402.38598398466456,51.2796374542012,2766,0.0420166077440621,2766,0,0,1.0,0.0,0.0,True,3481.0,33.287185429317624,0.9647831433520307,3506,894,0.2031818181818181,,0.3090169943749474,,,intact
166,196,33.9411644130377,35.360423492574384,7.4852813742385695,185.38064992733587,8.48528137423857,411.7955911929951,38.72982534339652,6112,0.0928436393823961,2811,425,2876,0.4599149214659686,0.0695353403141361,0.4705497382198952,True,517.0,12.828336258339183,0.3702176716588723,1946,1603,0.4516765285996055,0.3615739455446463,0.1451833834916405,0.296375092439239,0.2163905620530058,cohesive
167,171,34.21443935501828,34.18518361144195,1.0,24.7660229,2.0,386.8699104200878,82.28117590420449,2513,0.0381734400798366,2513,0,0,1.0,0.0,0.0,True,1871.0,24.404052881639814,0.7135727310545658,1871,0,0.0,,0.3090169943749474,,,intact
167,174,34.21443935501828,35.3146681564381,1.0,24.7660229,2.0,389.9196754252206,77.73219984046038,2698,0.0409836614943888,2698,0,0,1.0,0.0,0.0,True,1865.0,24.364891498481366,0.7008544297643039,1866,0,0.0,,0.3090169943749474,,,intact
167,180,34.21443935501828,36.23654865143025,1.0,24.7660229,2.0,400.93246161286527,59.85163980504161,2667,0.040512759527626,2667,0,0,1.0,0.0,0.0,True,2103.0,25.872875577417208,0.7344929094549819,2103,0,0.0,,0.3090169943749474,,,intact
167,183,34.21443935501828,33.98745226625546,1.0,24.7660229,2.0,399.7487806692741,60.063443518289,2354,0.0357581687019241,2354,0,0,1.0,0.0,0.0,True,2131.0,26.044545829360477,0.763748488795187,2131,0,0.0,,0.3090169943749474,,,intact
167,197,34.21443935501828,33.81107705539979,1.0,24.7660229,2.0,414.84362313680833,4.357491646472799,2927,0.0444622598940238,2927,0,0,1.0,0.0,0.0,True,2123.0,25.9956128677165,0.7642900558336748,2123,0,0.0,,0.3090169943749474,,,intact
168,189,33.20157883794777,34.31819938254321,1.0,24.7660229,2.0,405.76021663143126,46.059048226802325,2688,0.0408317576341428,2688,0,0,1.0,0.0,0.0,True,5796.0,42.952579670157775,1.2722962308878696,5805,137,0.0230562100302928,,0.3090169943749474,,,intact
169,174,34.98008585668328,35.3146681564381,9.29832572579834,230.2825478567808,10.29832572579834,394.67860995934666,85.77923524206633,8242,0.1251991616148084,3697,482,4063,0.4485561756855132,0.0584809512254307,0.492962873089056,True,1049.0,18.27312427054543,0.519900084354361,1278,796,0.3837994214079074,0.3637753569896289,0.1407800774583959,0.2877802408103251,0.2229952795312329,cohesive
169,193,34.98008585668328,34.39485287219608,1.0,24.7660229,2.0,413.6688539502396,51.0607579850539,2614,0.0397076690683219,2614,0,0,1.0,0.0,0.0,True,3839.0,34.95699719740774,1.0077701786237647,3839,30,0.0077539415869733,,0.3090169943749474,,,intact
169,195,34.98008585668328,33.73174439919677,1.0,24.7660229,2.0,417.10680169427593,41.80602112445416,2651,0.0402697133512323,2651,0,0,1.0,0.0,0.0,True,3001.0,30.90708605542677,0.8996146934328498,3001,0,0.0,,0.3090169943749474,,,intact
170,179,33.98290495211477,35.05348652480409,1.0,24.7660229,2.0,400.4615061655402,71.5060507314134,2962,0.044993923404885,2962,0,0,1.0,0.0,0.0,True,2400.0,27.63953195770684,0.8007235420741144,2400,0,0.0,,0.3154754158606446,,,intact
170,186,33.98290495211477,34.7183162468444,4.766114533138578,118.03770167173282,5.766114533138578,407.2473486715072,62.00223253544869,4536,0.0689035910076159,4536,0,0,1.0,0.0,0.0,True,2085.0,25.761912054294488,0.7499695523515608,2085,47,0.0220450281425891,,0.2798057840438667,,,intact
170,203,33.98290495211477,33.026026395685925,2.0,49.5320458,3.0,422.94070141202167,13.24279928263255,3174,0.0482142852421016,3174,0,0,1.0,0.0,0.0,True,3213.0,31.98014484502094,0.9545039504967592,3219,65,0.0197929354445797,,0.2898979485566356,,,intact
171,174,34.18518361144195,35.3146681564381,2.23606797749979,55.37851073671648,3.23606797749979,394.5206537891128,85.04713582707384,3325,0.0505080335318172,3325,0,0,1.0,0.0,0.0,True,2141.0,26.1055830488326,0.7512414022413072,2141,0,0.0,,0.2857142857142857,,,intact
171,183,34.18518361144195,33.98745226625546,1.0,24.7660229,2.0,404.3497590331663,67.71457645211017,2688,0.0408317576341428,2688,0,0,1.0,0.0,0.0,True,2364.0,27.431452220735256,0.8047643124712863,2380,425,0.1515151515151515,,0.3133921657949117,,,intact
171,196,34.18518361144195,35.360423492574384,1.0,24.7660229,2.0,417.08115983475454,41.065629476619904,2862,0.0434748848024243,2862,0,0,1.0,0.0,0.0,True,2329.0,27.22762797090574,0.7830150344415733,2335,705,0.2319078947368421,,0.3090169943749474,,,intact
172,190,34.45776706898681,34.336230566649874,1.0,24.7660229,2.0,410.0922106109483,59.23536624839536,2700,0.041014042266438,2700,0,0,1.0,0.0,0.0,True,2653.0,29.059871438903453,0.8448374113339752,2653,0,0.0,,0.3090169943749474,,,intact
172,199,34.45776706898681,34.909379855447135,1.0,24.7660229,2.0,418.030846212651,42.33732553046457,2763,0.0419710365859883,2763,0,0,1.0,0.0,0.0,True,3700.0,34.318312587888485,0.9894687646667554,4283,493,0.1032244556113902,,0.3090169943749474,,,intact
173,216,36.30647109014778,34.88245594871212,6.0,148.5961374,7.0,442.5689495212183,6.644945480484373,7713,0.1171634474077914,4106,1360,2247,0.5323479839232464,0.1763256839102813,0.2913263321664722,True,1008.0,17.91246396432554,0.5032373631519312,1654,1931,0.5386331938633194,0.3771527433992079,0.1733193566475737,0.3427512467048411,0.2038333867516341,cohesive
175,210,34.51744706129705,34.244934492409946,10.59110991546882,262.29967070291787,11.59110991546882,436.7316972043187,13.251828143434894,8002,0.1215534689689028,8002,0,0,1.0,0.0,0.0,True,1669.0,23.049060719273285,0.670397394577463,1669,21,0.0124260355029585,,0.2658626798938588,,,intact
176,177,34.33454305703572,34.06025018931318,1.0,24.7660229,2.0,398.47950893599295,89.29352983505345,2487,0.0377784900431968,2487,0,0,1.0,0.0,0.0,True,3907.0,35.26523394676505,1.0312256905213353,3907,0,0.0,,0.3090169943749474,,,intact
176,194,34.33454305703572,35.17308405338773,3.1815405503520555,78.79410612729761,4.181540550352056,417.9316679136328,57.64699265349786,3791,0.057586753419284,3791,0,0,1.0,0.0,0.0,True,3616.0,33.92651689225682,0.9761955141515444,3616,0,0.0,,0.2817290466902531,,,intact
176,198,34.33454305703572,35.42560168511905,1.0,24.7660229,2.0,420.44685740339736,49.88835790557604,2649,0.0402393325791831,2649,0,0,1.0,0.0,0.0,True,2943.0,30.6069599117406,0.8774912960650834,2943,0,0.0,,0.3090169943749474,,,intact
174,187,35.3146681564381,35.91388020919713,1.0,24.7660229,2.0,412.3634795882758,63.99351612051517,3224,0.048973804543332,3224,0,0,1.0,0.0,0.0,True,2537.0,28.41746261101221,0.7979233962522375,2544,37,0.014335528864781,,0.3090169943749474,,,intact
174,193,35.3146681564381,34.39485287219608,5.19114712955712,128.56406868788088,6.19114712955712,416.5606627851384,59.63600434516573,5498,0.0835167423632876,4058,449,991,0.738086576937068,0.0816660603855947,0.1802473626773372,True,1742.0,23.54773495969757,0.6755959476475245,1755,613,0.2588682432432432,0.4092698519760595,0.2171292729553324,0.3660254037844386,0.192140579020727,cohesive
174,196,35.3146681564381,35.360423492574384,1.0,24.7660229,2.0,420.1309248398873,50.83940132570386,2807,0.042639413571071,2807,0,0,1.0,0.0,0.0,True,2162.0,26.233298952464125,0.7423633515112865,2162,1,0.0004623208506703,,0.3090169943749474,,,intact
174,208,35.3146681564381,34.32684590956078,4.0,99.0640916,5.0,434.65572229330405,6.302397003679503,4553,0.0691618275700343,4547,6,0,0.998682187568636,0.0013178124313639,0.0,True,1763.0,23.68924501418361,0.6803196435888353,1763,7,0.003954802259887,,0.2857142857142857,0.3705995529066346,,intact
175,180,34.51744706129705,36.23654865143025,1.0,24.7660229,2.0,408.52017846260895,69.17287034656353,3455,0.0524827837150161,3455,0,0,1.0,0.0,0.0,True,2719.0,29.419119302482983,0.8315889161067138,2719,0,0.0,,0.3090169943749474,,,intact
175,186,34.51744706129705,34.7183162468444,10.366600265340756,256.73945956657525,11.366600265340756,411.1624714233054,69.57736838249112,9075,0.1378527531733058,4964,1070,3041,0.5469972451790633,0.1179063360881542,0.3350964187327823,True,2077.0,25.71244122217362,0.742750277995421,2131,658,0.2359268555037648,0.3476850412418142,0.1769126557527576,0.3224762768187194,0.1707723854890565,cohesive
175,187,34.51744706129705,35.91388020919713,1.0,24.7660229,2.0,412.30045306899456,65.27324684051715,2708,0.0411355653546349,2708,0,0,1.0,0.0,0.0,True,2322.0,27.186679747971468,0.7720053221078738,2328,81,0.0336239103362391,,0.3090169943749474,,,intact
175,200,34.51744706129705,33.99613012503144,4.65685424949238,115.33175898489058,5.65685424949238,421.9089552681684,48.97484999888675,4678,0.0710606258231101,3975,430,273,0.8497221034630184,0.0919196237708422,0.0583582727661393,True,3059.0,31.204325691099555,0.9108946568717832,3071,666,0.1782178217821782,0.4178399102908763,0.2421017236931483,0.4142135623730951,0.175738186597728,cohesive
179,195,35.05348652480409,33.73174439919677,3.685557720282968,91.27660689979976,4.685557720282968,426.867847171549,64.73587486283387,4277,0.0649692810272428,4277,0,0,1.0,0.0,0.0,True,2186.0,26.378502823279536,0.7669815880221295,2186,0,0.0,,0.2771863727725964,,,intact
179,203,35.05348652480409,33.026026395685925,1.0,24.7660229,2.0,433.7880873254754,47.76635494457325,2690,0.040862138406192,2690,0,0,1.0,0.0,0.0,True,3432.0,33.05207299675423,0.9709844145141198,3432,0,0.0,,0.3090169943749474,,,intact
179,206,35.05348652480409,36.16842372100485,1.0,24.7660229,2.0,441.2325461262832,34.511967543143264,2964,0.0450243041769342,2964,0,0,1.0,0.0,0.0,True,3863.0,35.06609602348091,0.9846996774575946,3900,39,0.0099009900990099,,0.3090169943749474,,,intact
180,187,36.23654865143025,35.91388020919713,1.0,24.7660229,2.0,423.3762657759205,84.1454686883651,2949,0.0447964483865651,2949,0,0,1.0,0.0,0.0,True,2061.0,25.613212907107,0.7099947515650645,2061,0,0.0,,0.3090169943749474,,,intact
177,198,34.06025018931318,35.42560168511905,1.0,24.7660229,2.0,420.8732591813665,52.81752321935627,2507,0.0380822977636889,2507,0,0,1.0,0.0,0.0,True,2713.0,29.38664188396871,0.8458309451850217,2713,0,0.0,,0.3090169943749474,,,intact
177,200,34.06025018931318,33.99613012503144,1.0,24.7660229,2.0,422.6397277473079,46.101419141440246,2495,0.0379000131313937,2495,0,0,1.0,0.0,0.0,True,3116.0,31.493707392885515,0.9255181438513096,3215,459,0.1249319542732716,,0.3090169943749474,,,intact
177,205,34.06025018931318,34.864265336321665,4.977725364273731,123.27846036151404,5.977725364273731,430.2637748462579,30.76596836881177,5272,0.0800837151217265,5272,0,0,1.0,0.0,0.0,True,3879.0,35.13864039069986,1.01962676480855,3879,162,0.0400890868596882,,0.2766967754673748,,,intact
178,204,34.4235520049468,35.285675211602886,3.898979485566356,96.5622152261666,4.898979485566356,431.0649965920467,39.1574666519448,4128,0.0627059135095764,4059,53,16,0.9832848837209304,0.0128391472868217,0.003875968992248,True,3981.0,35.597635552065405,1.0213177501303343,4052,564,0.1221837088388214,0.3281349200543257,0.2771863727725964,0.3820855257918398,0.0509485472817293,intact
181,212,34.74615418698383,34.62431414117056,1.0,24.7660229,2.0,446.48649700940734,6.100952630606099,2894,0.0439609771552117,2871,11,12,0.9920525224602628,0.0038009675190048,0.0041465100207325,True,2510.0,28.265841829340843,0.8149243477968274,2563,661,0.2050248138957816,0.3660254037844386,0.3090169943749474,0.3874258867227931,0.0570084094094912,intact
182,201,33.94827790537653,34.3615233311133,10.44948974278318,258.7923022630833,11.44948974278318,432.0655453178271,68.34710904009162,9517,0.1445669037961819,4031,372,5114,0.4235578438583587,0.0390879478827361,0.5373542082589051,True,1496.0,21.82181453800189,0.6389072766426113,2227,1104,0.3314320024016812,0.3383654224414442,0.1341386617298121,0.1999999999999999,0.2042267607116321,cohesive
183,184,33.98745226625546,34.758080498983844,1.0,24.7660229,2.0,417.1730681091346,89.90936514781735,2545,0.038659532432624,2062,81,402,0.8102161100196463,0.0318271119842829,0.1579567779960707,True,375.0,10.925484305920792,0.3178529241523367,885,3022,0.7734834911696954,0.4211646096066227,0.2612038749637414,0.3585701736362872,0.1599607346428813,cohesive
183,192,33.98745226625546,33.61679485810901,4.65685424949238,115.33175898489058,5.65685424949238,423.959779412561,79.41423405932024,4417,0.0670959350706878,4343,74,0,0.9832465474303826,0.0167534525696173,0.0,True,1979.0,25.09851120600028,0.7425128530705822,1979,0,0.0,,0.2766967754673748,0.4195022599487494,,intact
180,192,36.23654865143025,33.61679485810901,2.449489742783178,60.66411906308329,3.449489742783178,425.1434603561522,80.68478930614523,3952,0.0600324055692456,3889,63,0,0.9840587044534412,0.0159412955465587,0.0,True,2341.0,27.29768201800757,0.7815712361507726,2341,0,0.0,,0.2817290466902531,0.424807680927192,,intact
180,197,36.23654865143025,33.81107705539979,3.1815405503520555,78.79410612729761,4.181540550352056,433.507152693478,67.78665095244233,3756,0.0570550899084227,3756,0,0,1.0,0.0,0.0,True,1819.0,24.06253691879381,0.6870336196547937,1819,0,0.0,,0.2801868778094689,,,intact
180,198,36.23654865143025,35.42560168511905,6.032065437739018,149.39027076534305,7.032065437739018,431.2182994091529,72.72031387273174,6253,0.0949854838118657,4789,1464,0,0.7658723812569966,0.2341276187430033,0.0,True,1727.0,23.446133443265364,0.6543519370589501,1728,0,0.0,,0.221636875083904,0.3946438965569824,,intact
180,200,36.23654865143025,33.99613012503144,10.489125293076055,259.77391720929086,11.489125293076055,432.9847679750943,70.91504211745578,8182,0.124287738453332,7622,560,0,0.9315570765094108,0.0684429234905891,0.0,True,1723.0,23.41896526097324,0.6668965407260544,1723,0,0.0,,0.2547778406202406,0.3672859622992617,,intact
180,210,36.23654865143025,34.244934492409946,1.0,24.7660229,2.0,447.8075099112447,42.36573078073501,2579,0.0391760055574606,2579,0,0,1.0,0.0,0.0,True,1893.0,24.54711010579281,0.6965548683388663,1893,0,0.0,,0.3090169943749474,,,intact
180,222,36.23654865143025,33.9556644941954,1.0,24.7660229,2.0,454.2380326595206,15.619672802622544,2593,0.0393886709618051,2593,0,0,1.0,0.0,0.0,True,2211.0,26.528911744592182,0.7558932980088108,2214,0,0.0,,0.3090169943749474,,,intact
181,188,34.74615418698383,35.06332775432134,2.449489742783178,60.66411906308329,3.449489742783178,418.2533207660905,81.19489491921944,3825,0.0581032265441206,2219,160,1446,0.5801307189542484,0.0418300653594771,0.3780392156862745,True,251.0,8.938444016277748,0.2560810872022533,748,3356,0.817738791423002,0.3956439237389599,0.1983555576735248,0.3272830287914421,0.1972883660654351,cohesive
181,202,34.74615418698383,35.1584121906783,1.0,24.7660229,2.0,430.97624551269394,57.30517003483367,2875,0.0436723598207442,2875,0,0,1.0,0.0,0.0,True,3457.0,33.17223653203631,0.94907209216697,3523,372,0.0955070603337612,,0.3090169943749474,,,intact
183,197,33.98745226625546,33.81107705539979,1.0,24.7660229,2.0,432.3234717498868,63.77960612794406,2589,0.0393279094177067,2589,0,0,1.0,0.0,0.0,True,1854.0,24.29293166714853,0.7166211984303094,1854,0,0.0,,0.3090169943749474,,,intact
183,207,33.98745226625546,34.5941520109889,1.0,24.7660229,2.0,443.392450254921,40.46002820327478,2534,0.0384924381863533,2534,0,0,1.0,0.0,0.0,True,2044.0,25.507359866510456,0.7438542779896414,2058,239,0.1040487592511972,,0.3090169943749474,,,intact
183,213,33.98745226625546,33.42643808791979,1.414213562373095,35.02444547122265,2.414213562373095,448.6598900547428,24.899643440707063,2575,0.0391152440133622,2555,20,0,0.9922330097087378,0.0077669902912621,0.0,True,2700.0,29.3161507141752,0.8697362089668962,2724,274,0.0913942628418946,,0.3008613653919205,0.4411453641499662,,intact
184,204,34.758080498983844,35.285675211602886,2.449489742783178,60.66411906308329,3.449489742783178,438.84247116309166,53.116208839801125,3664,0.0556575743941589,3663,1,0,0.999727074235808,0.0002729257641921,0.0,True,4114.0,36.18738553363748,1.0332794170306874,4150,695,0.1434468524251806,,0.2898979485566356,0.4602771732156198,,intact
185,190,33.93812473047359,34.336230566649874,1.0,24.7660229,2.0,424.9346185208618,84.89625010716226,2620,0.0397988113844695,2620,0,0,1.0,0.0,0.0,True,3329.0,32.552321132383774,0.9535738855597884,3332,0,0.0,,0.3145198591387564,,,intact
185,214,33.93812473047359,34.6483265204269,1.0,24.7660229,2.0,451.31532356544574,29.3106834821588,2628,0.0399203344726664,2628,0,0,1.0,0.0,0.0,True,4337.0,37.15521465930591,1.0834563964648365,4338,0,0.0,,0.3090169943749474,,,intact
186,195,34.7183162468444,33.73174439919677,1.0,24.7660229,2.0,433.6536896775159,75.39654210152737,2697,0.0409684711083642,2697,0,0,1.0,0.0,0.0,True,2193.0,26.4207036318311,0.7719702037505541,2193,0,0.0,,0.3133921657949117,,,intact
186,203,34.7183162468444,33.026026395685925,10.194173437483135,252.4691327992791,11.194173437483135,440.5739298314424,66.05879888746082,8476,0.1287537119445664,8476,0,0,1.0,0.0,0.0,True,1913.0,24.676442455702396,0.7285166994951506,1913,14,0.007265179034769,,0.2674788903885893,,,intact
186,209,34.7183162468444,34.08273460728951,8.22446323827975,203.68724489944444,9.22446323827975,448.27272443285,52.06230132891589,8118,0.1233155537477571,5334,1322,1462,0.6570583887657059,0.1628479921162848,0.1800936191180093,True,1703.0,23.28264882205192,0.6768108490497855,1803,1088,0.3763403666551366,0.3834107666400886,0.1942770537447866,0.3688258185711807,0.1891337128953019,cohesive
186,220,34.7183162468444,34.56973134891167,1.0,24.7660229,2.0,457.713024486106,17.716926475784142,2794,0.0424419385527511,2794,0,0,1.0,0.0,0.0,True,2815.0,29.93396615230549,0.8640441516536241,2815,22,0.0077546704265068,,0.3090169943749474,,,intact
187,197,35.91388020919713,33.81107705539979,1.0,24.7660229,2.0,437.2874272998636,74.20108574720673,2606,0.039586145980125,2606,0,0,1.0,0.0,0.0,True,1938.0,24.837160856752256,0.7124324440242692,1938,0,0.0,,0.3090169943749474,,,intact
187,208,35.91388020919713,34.32684590956078,1.0,24.7660229,2.0,449.4487830873344,49.63529692157034,2932,0.0445382118241468,2932,0,0,1.0,0.0,0.0,True,2883.0,30.293355737981035,0.8625581599701355,2883,54,0.0183861082737487,,0.3090169943749474,,,intact
189,221,34.31819938254321,32.98789791675529,1.0,24.7660229,2.0,460.8287253923184,18.93552717994497,2717,0.0412722788288564,2717,0,0,1.0,0.0,0.0,True,3856.0,35.03431062722223,1.041044185682933,3858,116,0.0291897332662305,,0.3203772410170408,,,intact
190,211,34.336230566649874,34.11462800974301,1.0,24.7660229,2.0,452.047546179767,46.58390641563219,2502,0.0380063458335659,2502,0,0,1.0,0.0,0.0,True,4101.0,36.13016528110169,1.0556526545471894,4101,64,0.0153661464585834,,0.3090169943749474,,,intact
190,214,34.336230566649874,34.6483265204269,1.0,24.7660229,2.0,454.3388518756674,39.874703757148936,2600,0.0394950036639774,2600,0,0,1.0,0.0,0.0,True,3868.0,35.088782249586586,1.017293833032667,3868,295,0.0708623588758107,,0.3133921657949117,,,intact
191,192,35.14901061550133,33.61679485810901,8.851841083363698,219.22489897774616,9.851841083363698,430.2804255735926,89.40614162754044,6888,0.1046313789374909,6888,0,0,1.0,0.0,0.0,True,2162.0,26.233298952464125,0.7629751086833834,2162,0,0.0,,0.268246139844033,,,intact
187,210,35.91388020919713,34.244934492409946,1.0,24.7660229,2.0,451.5877845176303,43.74394770631052,2849,0.0432774097841044,2849,0,0,1.0,0.0,0.0,True,2634.0,28.955625363789064,0.8254308595987669,3020,227,0.0699106867878041,,0.3090169943749474,,,intact
188,193,35.06332775432134,34.39485287219608,7.0990195135927845,175.81447984118574,8.099019513592784,429.7115616224497,81.04877129208835,7067,0.1073504580358955,3781,537,2749,0.5350219329276921,0.075986981746144,0.3889910853261639,True,44.0,3.742410318509555,0.1077601021147621,1525,1607,0.5130906768837803,0.3753612022949537,0.1639607805437114,0.339714227381436,0.2114004217512422,cohesive
188,218,35.06332775432134,35.36615049534568,5.708203932499369,141.36950931014945,6.708203932499369,453.5647390294041,39.60216254452786,5872,0.0891979467364905,5472,374,26,0.9318801089918256,0.063692098092643,0.0044277929155313,True,2850.0,30.11948166260176,0.85530895332862,2999,1423,0.3218000904568068,0.2727421322752842,0.2597106754733818,0.4142135623730951,0.0130314568019024,intact
189,209,34.31819938254321,34.08273460728951,3.414213562373095,84.55649127122264,4.414213562373095,450.1225889865816,53.33588357031704,4042,0.0613995403114602,4042,0,0,1.0,0.0,0.0,True,4033.0,35.82937022861591,1.0476280991701568,4034,106,0.0256038647342995,,0.2791745113185196,,,intact
191,194,35.14901061550133,35.17308405338773,2.23606797749979,55.37851073671648,3.23606797749979,433.8400751368286,83.95096916757727,3204,0.0486699968228398,3204,0,0,1.0,0.0,0.0,True,3024.0,31.025297674958463,0.882376949123623,3024,0,0.0,,0.2898979485566356,,,intact
191,219,35.14901061550133,34.77973777790291,1.0,24.7660229,2.0,456.2322937572369,40.0947037652186,2768,0.0420469885161113,2768,0,0,1.0,0.0,0.0,True,2738.0,29.521728749706018,0.8443373985080659,2738,0,0.0,,0.3090169943749474,,,intact
191,223,35.14901061550133,34.65839915200262,1.0,24.7660229,2.0,460.5321641487876,27.76481893499182,2819,0.0428216982033662,2819,0,0,1.0,0.0,0.0,True,3517.0,33.458868326773874,0.958605066087105,3573,640,0.1519107524329456,,0.3090169943749474,,,intact
192,197,33.61679485810901,33.81107705539979,8.061187436893428,199.6435526632949,9.061187436893428,439.0546218800953,77.5112262616456,6086,0.0924486893457563,4649,1437,0,0.7638843246795926,0.2361156753204075,0.0,True,2.0,0.7978845608028654,0.0236663129996547,1120,0,0.0,,0.2185982630593474,0.3757527116952358,,intact
192,198,33.61679485810901,35.42560168511905,1.0,24.7660229,2.0,436.76576859577017,79.8888305184319,2603,0.0395405748220512,2603,0,0,1.0,0.0,0.0,True,2490.0,28.15300368695388,0.8155279971872655,2490,0,0.0,,0.3090169943749474,,,intact
192,213,33.61679485810901,33.42643808791979,1.0,24.7660229,2.0,455.3910401849513,43.12565569562213,2320,0.0352416955770875,2320,0,0,1.0,0.0,0.0,True,2114.0,25.94045295272489,0.7738425434706435,2114,0,0.0,,0.3133921657949117,,,intact
192,219,33.61679485810901,34.77973777790291,1.0,24.7660229,2.0,456.64279772641385,40.555641480793845,2526,0.0383709150981565,2526,0,0,1.0,0.0,0.0,True,2196.0,26.438769072322643,0.7731026136375277,2196,0,0.0,,0.3090169943749474,,,intact
192,222,33.61679485810901,33.9556644941954,6.817337799805944,168.8383440670296,7.817337799805943,459.785501846138,40.07483985130635,5639,0.0856585867927571,5639,0,0,1.0,0.0,0.0,True,1850.0,24.266711549775604,0.7182426622436687,1850,0,0.0,,0.2714970279031851,,,intact
193,196,34.39485287219608,35.360423492574384,7.547442467302883,186.92013298165568,8.547442467302883,439.1211688307802,84.84737599691631,6778,0.1029604364747842,5847,479,452,0.862643847742697,0.0706698141044556,0.0666863381528474,True,2728.0,29.467768315727287,0.8448900169682314,2734,226,0.0763513513513513,0.3497016338081773,0.2477202802355796,0.3470920764022717,0.1019813535725976,cohesive
193,201,34.39485287219608,34.3615233311133,10.403124237432849,257.64401309580694,11.403124237432849,440.8735121603171,82.3201719705255,7879,0.1196850514878761,7879,0,0,1.0,0.0,0.0,True,1951.0,24.920324796129275,0.7248876736156381,1952,12,0.0061099796334012,,0.2665513105273526,,,intact
193,208,34.39485287219608,34.32684590956078,7.0670198723450905,175.0219759932536,8.06701987234509,453.64596628419696,62.15056637790771,5859,0.0890004717181706,4185,422,1252,0.7142857142857143,0.0720259429936849,0.2136883427206007,True,4.0,1.1283791670955126,0.0328390941172442,1683,366,0.178623718887262,0.3827822185373187,0.2120964940782298,0.3383654224414442,0.1706857244590888,cohesive
193,217,34.39485287219608,33.87659232958073,1.0,24.7660229,2.0,458.5509860868182,45.810079656192734,2833,0.0430343636077107,2833,0,0,1.0,0.0,0.0,True,2700.0,29.3161507141752,0.8588114878052188,2700,0,0.0,,0.3090169943749474,,,intact
193,218,34.39485287219608,35.36615049534568,1.0,24.7660229,2.0,459.4040841829857,47.20710956948017,2390,0.03630502259881,2390,0,0,1.0,0.0,0.0,True,2625.0,28.90611442640554,0.8287184252242255,2625,69,0.0256124721603563,,0.3090169943749474,,,intact
194,198,35.17308405338773,35.42560168511905,1.0,24.7660229,2.0,440.3254181590062,85.87692647320925,3030,0.0460268696545583,3030,0,0,1.0,0.0,0.0,True,2374.0,27.48941013918485,0.7787513280630732,2374,0,0.0,,0.3090169943749474,,,intact
194,219,35.17308405338773,34.77973777790291,1.0,24.7660229,2.0,460.20244728964985,49.66868142530144,2931,0.0445230214381222,2931,0,0,1.0,0.0,0.0,True,3150.0,31.665061842335643,0.9053262188251432,3150,0,0.0,,0.3090169943749474,,,intact
194,224,35.17308405338773,34.50943037450914,1.0,24.7660229,2.0,464.159017952438,42.713102565149406,2591,0.0393582901897559,2591,0,0,1.0,0.0,0.0,True,3161.0,31.720301862166483,0.9104235724727952,3161,0,0.0,,0.3090169943749474,,,intact
196,207,35.360423492574384,34.5941520109889,1.0,24.7660229,2.0,456.12385105650935,67.8600458319499,2810,0.0426849847291448,2810,0,0,1.0,0.0,0.0,True,2063.0,25.6256374593328,0.7326364937495046,2064,698,0.2527154236060825,,0.3090169943749474,,,intact
196,208,35.360423492574384,34.32684590956078,1.0,24.7660229,2.0,457.2162283389459,65.36131286025453,3026,0.0459661081104598,3026,0,0,1.0,0.0,0.0,True,2248.0,26.749964937194992,0.7677145385861651,2248,18,0.0079435127978817,,0.3090169943749474,,,intact
196,227,35.360423492574384,32.96316227146749,1.0,24.7660229,2.0,477.327259011008,11.355985004686271,2381,0.0361683091245885,2381,0,0,1.0,0.0,0.0,True,1702.0,23.275812043510143,0.6813404707385838,1769,1526,0.4631259484066767,,0.3090169943749474,,,intact
197,207,33.81107705539979,34.5941520109889,1.0,24.7660229,2.0,458.4872927224553,71.47428482591177,2312,0.0351201724888906,2312,0,0,1.0,0.0,0.0,True,2244.0,26.72615543987624,0.7814067960780585,2244,0,0.0,,0.3090169943749474,,,intact
195,206,33.73174439919677,36.16842372100485,1.0,24.7660229,2.0,456.79150121883833,65.30215709765672,2826,0.0429280309055385,2826,0,0,1.0,0.0,0.0,True,3041.0,31.11238280628643,0.8901947918861942,3041,0,0.0,,0.3090169943749474,,,intact
195,217,33.73174439919677,33.87659232958073,1.0,24.7660229,2.0,461.9889338308546,55.0638594552255,2524,0.0383405343261073,2524,0,0,1.0,0.0,0.0,True,2831.0,30.01891549983629,0.8880240796416082,2831,0,0.0,,0.3133921657949117,,,intact
195,220,33.73174439919677,34.56973134891167,1.414213562373095,35.02444547122265,2.414213562373095,466.4861370726941,45.87917425647496,2938,0.0446293541402944,2938,0,0,1.0,0.0,0.0,True,2947.0,30.627752685817992,0.8968401443849099,2947,0,0.0,,0.299898224908373,,,intact
195,226,33.73174439919677,35.07309877207666,11.24744871391589,278.5545724154165,12.24744871391589,475.30831763364006,35.10534951039893,7882,0.11973062264595,7882,0,0,1.0,0.0,0.0,True,2008.0,25.281737508665252,0.7348824979001066,2008,0,0.0,,0.2663346240702891,,,intact
197,208,33.81107705539979,34.32684590956078,1.0,24.7660229,2.0,459.5796700048919,69.03563125171245,2665,0.0404823787555768,2665,0,0,1.0,0.0,0.0,True,2187.0,26.38453564275768,0.7744449638221502,2187,0,0.0,,0.3090169943749474,,,intact
197,213,33.81107705539979,33.42643808791979,6.5630027024141775,162.5394752207514,7.5630027024141775,463.7547325222771,64.35926688550673,5107,0.0775773014276664,4656,451,0,0.9116898374779714,0.0883101625220285,0.0,True,1425.0,21.29768972944957,0.6335061515599633,1429,0,0.0,,0.2592192604530755,0.3660254037844386,,intact
197,222,33.81107705539979,33.9556644941954,3.7320508075688767,92.42805576421428,4.732050807568877,468.1491941834637,54.9353558056439,4424,0.06720226777286,4207,217,0,0.9509493670886076,0.0490506329113924,0.0,True,2054.0,25.56967943134028,0.754638008162959,2054,0,0.0,,0.2696862318229452,0.4068781988545112,,intact
197,228,33.81107705539979,34.69691270712925,1.0,24.7660229,2.0,481.2227309417896,9.818455068310042,2532,0.0384620574143041,2532,0,0,1.0,0.0,0.0,True,2149.0,26.15431026444716,0.763540438278995,2149,0,0.0,,0.3090169943749474,,,intact
198,219,35.42560168511905,34.77973777790291,8.486832980505138,210.1850999436655,9.486832980505138,462.7176367794145,61.02679334232975,6670,0.1013198747841266,6670,0,0,1.0,0.0,0.0,True,1477.0,21.68279737242081,0.6176965324365796,1477,0,0.0,,0.2708131845707603,,,intact
198,224,35.42560168511905,34.50943037450914,1.0,24.7660229,2.0,466.67420744220266,46.681866810150055,2766,0.0420166077440621,2766,0,0,1.0,0.0,0.0,True,2859.0,30.16700125301581,0.8627150189134037,2859,0,0.0,,0.3090169943749474,,,intact
198,225,35.42560168511905,36.10071286145922,1.0,24.7660229,2.0,468.3862460703096,39.42742888597921,3717,0.0564626648534631,3717,0,0,1.0,0.0,0.0,True,3029.0,31.050936302319485,0.8682381162557723,3029,0,0.0,,0.3090169943749474,,,intact
199,211,34.909379855447135,34.11462800974301,1.7320508075688772,42.89600996421431,2.732050807568877,459.9861817814696,63.21524158041601,3249,0.0493535641939471,3249,0,0,1.0,0.0,0.0,True,4923.0,39.58585062472198,1.1470168670018863,4936,219,0.0424830261881668,,0.2958163163244892,,,intact
200,233,33.99613012503144,34.91936772932247,9.055385138137416,224.2658756994309,10.055385138137416,485.20891350136327,10.49100683732472,7132,0.1083378331274949,7132,0,0,1.0,0.0,0.0,True,2067.0,25.65046850920847,0.7444034885569049,2173,243,0.1005794701986755,,0.2711923793731366,,,intact
201,202,34.3615233311133,35.1584121906783,8.486832980505138,210.1850999436655,9.486832980505138,447.757091753339,87.74526303946139,7200,0.1093707793771682,2532,247,4421,0.3516666666666667,0.0343055555555555,0.6140277777777777,False,284.0,9.507891862878784,0.2735299390460008,842,2347,0.7359673878958921,0.3567891723253309,0.1139189007235634,0.2240092377397958,0.2428702716017675,cohesive
201,206,34.3615233311133,36.16842372100485,1.0,24.7660229,2.0,458.67615885908776,69.20124224224476,2717,0.0412722788288564,2717,0,0,1.0,0.0,0.0,True,3406.0,32.926637732115786,0.9336923989971132,3408,0,0.0,,0.3090169943749474,,,intact
201,217,34.3615233311133,33.87659232958073,1.0,24.7660229,2.0,463.8735914711041,57.7854221142022,2691,0.0408773287922166,2691,0,0,1.0,0.0,0.0,True,2102.0,25.86672342524905,0.7581312342758196,2102,0,0.0,,0.3090169943749474,,,intact
200,205,33.99613012503144,34.864265336321665,1.0,24.7660229,2.0,453.99759187960376,77.16819514209662,2607,0.0396013363661496,2607,0,0,1.0,0.0,0.0,True,2193.0,26.4207036318311,0.7673700813019388,2329,960,0.2918820310124658,,0.3090169943749474,,,intact
200,209,33.99613012503144,34.08273460728951,9.198039027185567,227.7988451823715,10.198039027185567,459.019208277713,71.1527584634905,7303,0.1109353891377027,6783,406,114,0.9287963850472408,0.0555935916746542,0.0156100232781048,True,2584.0,28.679483013103894,0.8425370524572834,2687,1436,0.3482900800388067,0.2889554466836112,0.2575788209514777,0.4017987758573644,0.0313766257321334,intact
200,210,33.99613012503144,34.244934492409946,8.449489742783179,209.26025646308327,9.44948974278318,461.19628671680414,67.66410337961698,6222,0.0945145818451028,5431,791,0,0.8728704596592736,0.1271295403407264,0.0,True,1844.0,24.22732816723524,0.7100512954495466,1844,1,0.0005420054200542,,0.2474401533514073,0.331713222674758,,intact
200,225,33.99613012503144,36.10071286145922,1.0,24.7660229,2.0,470.1527146362511,45.37024455327259,3036,0.0461180119707059,3036,0,0,1.0,0.0,0.0,True,2821.0,29.96585037879742,0.8549843074836496,2821,0,0.0,,0.3090169943749474,,,intact
201,218,34.3615233311133,35.36615049534568,1.0,24.7660229,2.0,464.7266895672715,58.87829885383536,2675,0.0406342826158229,2675,0,0,1.0,0.0,0.0,True,1758.0,23.65562892656004,0.6785147884162925,1765,368,0.1725269573370839,,0.3090169943749474,,,intact
201,230,34.3615233311133,32.992650520883835,6.0,148.5961374,7.0,482.4004179777896,1.892372341995815,5696,0.0865244387961597,5696,0,0,1.0,0.0,0.0,True,1846.0,24.24046307097448,0.7197909701703132,1862,1,0.0005367686527106,,0.2727272727272727,,,intact
202,212,35.1584121906783,34.62431414117056,1.0,24.7660229,2.0,464.82831745878855,63.72596414478684,2781,0.0422444635344312,2781,0,0,1.0,0.0,0.0,True,3133.0,31.57950084174568,0.9050807413734646,3135,1,0.0003188775510204,,0.3090169943749474,,,intact
203,220,33.026026395685925,34.56973134891167,1.0,24.7660229,2.0,473.4063772266205,60.10450131850425,2341,0.0355606936836042,2341,0,0,1.0,0.0,0.0,True,2306.0,27.092851410285725,0.8016139566820981,2306,5,0.0021635655560363,,0.3090169943749474,,,intact
203,221,33.026026395685925,32.98789791675529,9.198039027185567,227.7988451823715,10.198039027185567,474.67221357910125,60.71940874464313,7316,0.1111328641560226,7127,188,1,0.9741662110442864,0.0256971022416621,0.0001366867140513,True,2391.0,27.58765915886021,0.835813336237638,2497,186,0.0693253820350354,0.2538152453692837,0.2601150730041542,0.4253150682319052,-0.0062998276348705,intact
203,229,33.026026395685925,34.36280384040698,1.0,24.7660229,2.0,485.853806851425,28.040984991422487,2742,0.0416520384794715,2742,0,0,1.0,0.0,0.0,True,3562.0,33.67224100927443,0.9993419055147764,3564,0,0.0,,0.3203772410170407,,,intact
204,215,35.285675211602886,34.52799668965514,1.0,24.7660229,2.0,471.14267748078055,72.98298425216491,3091,0.0469534832020593,3091,0,0,1.0,0.0,0.0,True,5803.0,42.978509391608,1.231234748757959,5803,1,0.0001722949689869,,0.3090169943749474,,,intact
205,216,34.864265336321665,34.88245594871212,1.0,24.7660229,2.0,471.1133348022004,74.55020039960841,2648,0.0402241421931585,2466,121,61,0.9312688821752266,0.0456948640483383,0.023036253776435,True,1501.0,21.858251054507303,0.6267893501453419,1863,1043,0.3589125946317963,0.4211646096066227,0.304845440523399,0.4211646096066227,0.1163191690832236,intact
205,225,34.864265336321665,36.10071286145922,1.0,24.7660229,2.0,477.776761735201,62.127912917599495,2946,0.0447508772284913,2946,0,0,1.0,0.0,0.0,True,2925.0,30.513217088461644,0.8599514257136998,2925,0,0.0,,0.3090169943749474,,,intact
205,232,34.864265336321665,34.02124339449471,1.0,24.7660229,2.0,494.9448096071949,14.231079589665365,2677,0.0406646633878721,2677,0,0,1.0,0.0,0.0,True,2912.0,30.445334430207836,0.8839401781637104,2982,338,0.1018072289156626,,0.3090169943749474,,,intact
206,217,36.16842372100485,33.87659232958073,3.47213595499958,85.99099857343296,4.47213595499958,476.3536327855888,82.10088526176119,4148,0.0630097212300686,4148,0,0,1.0,0.0,0.0,True,2261.0,26.827199866209494,0.7659988212961574,2261,0,0.0,,0.2817290466902531,,,intact
206,229,36.16842372100485,34.36280384040698,2.146264369941973,53.15443253543696,3.146264369941973,493.2982656522329,52.81569363678007,3338,0.0507055085501371,3338,0,0,1.0,0.0,0.0,True,3866.0,35.07970951970006,0.9947284552549722,3891,0,0.0,,0.2898979485566356,,,intact
206,240,36.16842372100485,34.2696845650615,1.0,24.7660229,2.0,506.7608980818629,3.8134867911972767,2806,0.0426242231850464,2806,0,0,1.0,0.0,0.0,True,3455.0,33.162639472228335,0.9416107354146072,3455,0,0.0,,0.3090169943749474,,,intact
207,213,34.5941520109889,33.42643808791979,5.0990195135927845,126.28243404118577,6.0990195135927845,474.8237110273113,81.81711803526996,5183,0.0787317707655365,5032,151,0,0.9708662936523248,0.029133706347675,0.0,True,2198.0,26.450805844661367,0.7777293847700901,2212,367,0.1423032183016673,,0.2711923793731366,0.4107012130722742,,intact
207,227,34.5941520109889,32.96316227146749,1.0,24.7660229,2.0,490.7596791819882,51.0254786778268,2515,0.0382038208518858,2515,0,0,1.0,0.0,0.0,True,1681.0,23.13177292545801,0.6848043967154858,1686,362,0.1767578125,,0.3090169943749474,,,intact
207,228,34.5941520109889,34.69691270712925,6.894954260780955,170.7605951169537,7.894954260780955,492.2917094468238,54.30560666712761,5710,0.0867371042005042,5710,0,0,1.0,0.0,0.0,True,1637.0,22.827029672799423,0.6588736878459492,1637,0,0.0,,0.269128646713734,,,intact
207,236,34.5941520109889,33.25124292019768,1.0,24.7660229,2.0,502.7335795509644,8.648263448982464,2497,0.0379303939034429,2497,0,0,1.0,0.0,0.0,True,1962.0,24.990478120528174,0.7366890013942794,1981,2,0.0010085728693898,,0.3090169943749474,,,intact
208,226,34.32684590956078,35.07309877207666,3.16227766016838,78.31704094788851,4.16227766016838,489.9654293977694,60.21339207763418,4217,0.0640578578657664,4049,132,36,0.9601612520749347,0.031301873369694,0.0085368745553711,True,3008.0,30.9431113115802,0.8917330252503054,3008,69,0.0224244393890152,0.4211058502357858,0.2742918851774318,0.4211646096066227,0.146813965058354,intact
208,227,34.32684590956078,32.96316227146749,10.015099296692402,248.0341785276579,11.015099296692402,491.8520564644248,59.31025803473111,6788,0.1031123403350302,6788,0,0,1.0,0.0,0.0,True,1339.0,20.64502210219441,0.613613303379418,1339,0,0.0,,0.2670956320609225,,,intact
208,228,34.32684590956078,34.69691270712925,1.0,24.7660229,2.0,493.38408672926033,50.597403320645135,2633,0.0399962864027894,2633,0,0,1.0,0.0,0.0,True,3166.0,31.745379185920605,0.9198391922471904,3166,0,0.0,,0.3090169943749474,,,intact
208,231,34.32684590956078,35.04376936489279,1.8284271247461903,45.2828680424453,2.8284271247461903,496.0573059665373,46.04454899563893,3545,0.0538499184572307,3426,68,51,0.9664315937940762,0.019181946403385,0.0143864598025387,True,2927.0,30.523647174935626,0.8800166195491785,2927,162,0.0524441566850113,0.4305008740430604,0.2857142857142857,0.436403720705399,0.1447865883287747,intact
209,221,34.08273460728951,32.98789791675529,1.0,24.7660229,2.0,482.37100818050897,71.59415236691811,2403,0.0365024976171299,2403,0,0,1.0,0.0,0.0,True,2275.0,26.910128038865288,0.8024414568989794,2309,84,0.0351023819473464,,0.3090169943749474,,,intact
209,233,34.08273460728951,34.91936772932247,11.0,272.4262519,12.0,497.8545769984225,49.22742352952844,8725,0.1325361180646934,4196,1000,3529,0.4809169054441261,0.1146131805157593,0.4044699140401146,True,1164.0,19.248706645328987,0.5579165269900993,1216,1482,0.5492957746478874,0.358322635787424,0.1494299295637924,0.31277123391682,0.2088927062236315,cohesive
209,237,34.08273460728951,33.734681534881766,6.713293552551451,166.2615818569116,7.713293552551451,502.0109300296143,35.44423037071578,6254,0.0950006741978903,6254,0,0,1.0,0.0,0.0,True,3335.0,32.58164315105888,0.960863595355956,3357,629,0.1578023080782739,,0.2714970279031851,,,intact
209,243,34.08273460728951,33.59826497474524,4.841619252963779,119.90765329198184,5.841619252963779,506.3123470091279,22.768949914579665,4076,0.0619160134362969,4076,0,0,1.0,0.0,0.0,True,1775.0,23.769729657196955,0.7024048050113725,1853,282,0.1320843091334894,,0.2801868778094689,,,intact
210,222,34.244934492409946,33.9556644941954,2.863703305156273,70.92254163430594,3.863703305156273,482.4495514012305,79.50161327369428,3766,0.0572069937686688,3612,154,0,0.9591078066914498,0.0408921933085501,0.0,True,3008.0,30.9431113115802,0.907414649471259,3008,0,0.0,,0.2791745113185196,0.4005152449671125,,intact
210,226,34.244934492409946,35.07309877207666,5.6332495807108,139.51318811729905,6.6332495807108,492.10443082806535,65.52002566043583,5444,0.0826964615179588,4295,471,678,0.7889419544452608,0.0865172667156502,0.1245407788390889,True,2320.0,27.17496892263898,0.784066357421061,2323,475,0.1697641172265904,0.4224352469906015,0.2277299991964413,0.3969657445959705,0.1947052477941602,cohesive
210,233,34.244934492409946,34.91936772932247,9.681145747868609,239.7634772899516,10.681145747868609,500.0316554375136,53.27056469081487,7379,0.1120898584755728,6977,402,0,0.9455210733161676,0.0544789266838324,0.0,True,2279.0,26.933774904622243,0.7788345733114117,2279,17,0.0074041811846689,,0.2586614385690867,0.3542851602986172,,intact
210,248,34.244934492409946,34.39054723368282,5.0,123.8301145,6.0,513.5386089706445,5.198532805814154,4614,0.0700884411175353,4614,0,0,1.0,0.0,0.0,True,3120.0,31.5139150994196,0.9182980670313888,3144,123,0.0376492194674012,,0.2857142857142857,,,intact
211,235,34.11462800974301,34.29960810920266,1.0,24.7660229,2.0,501.778859270523,41.1443081384126,2657,0.04036085566738,2657,0,0,1.0,0.0,0.0,True,3509.0,33.420792788605745,0.9770128173469634,3509,0,0.0,,0.3164309725825327,,,intact
211,247,34.11462800974301,35.49742596927803,6.164414002968976,152.66801836261033,7.164414002968976,512.0498349473903,16.66017658927437,5722,0.0869193888327995,5720,2,0,0.999650471862985,0.000349528137015,0.0,True,3600.0,33.851375012865375,0.9725722221346078,3601,0,0.0,,0.2711923793731366,0.3984575181081441,,intact
212,218,34.62431414117056,35.36615049534568,4.0,99.0640916,5.0,481.797915272721,87.74510585734252,5275,0.0801292862798003,2938,1148,1189,0.5569668246445497,0.2176303317535545,0.2254028436018957,True,1112.0,18.81384047546846,0.5376115324616001,1776,533,0.2308358596795149,0.4104853285971832,0.1785513305751338,0.3660254037844386,0.2319339980220493,cohesive
213,219,33.42643808791979,34.77973777790291,1.0,24.7660229,2.0,481.3429083685956,87.90568766534787,2431,0.0369278284258188,2431,0,0,1.0,0.0,0.0,True,1852.0,24.279825147895533,0.7119538616461816,1852,0,0.0,,0.3090169943749474,,,intact
213,223,33.42643808791979,34.65839915200262,1.0,24.7660229,2.0,485.6427787601463,80.84487464865825,2378,0.0361227379665147,2378,0,0,1.0,0.0,0.0,True,2968.0,30.736683981742253,0.9028936611372084,3111,507,0.1401326699834162,,0.3090169943749474,,,intact
213,242,33.42643808791979,33.98159565120991,1.0,24.7660229,2.0,510.895927365577,21.453536219213365,2651,0.0402697133512323,2651,0,0,1.0,0.0,0.0,True,2917.0,30.471461041409174,0.9040898940721004,2917,0,0.0,,0.3090169943749474,,,intact
214,215,34.6483265204269,34.52799668965514,1.414213562373095,35.02444547122265,2.414213562373095,481.2187382457729,89.18790907823345,2937,0.0446141637542698,2937,0,0,1.0,0.0,0.0,True,4314.0,37.05656283301074,1.0713654936667685,4344,158,0.0350955131052865,,0.3090169943749474,,,intact
214,235,34.6483265204269,34.29960810920266,1.0,24.7660229,2.0,504.0701649664235,47.00828779941631,2846,0.0432318386260306,2846,0,0,1.0,0.0,0.0,True,3634.0,34.01085306768849,0.9865662619304256,3635,0,0.0,,0.3090169943749474,,,intact
214,239,34.6483265204269,36.31510196578464,1.0,24.7660229,2.0,509.0224456385673,35.54449824984154,3183,0.0483509987163231,3183,0,0,1.0,0.0,0.0,True,3324.0,32.52786592561707,0.9167501238172944,3327,0,0.0,,0.3090169943749474,,,intact
215,239,34.52799668965514,36.31510196578464,1.0,24.7660229,2.0,509.52162696408885,33.60998156915507,3164,0.0480623813818556,3164,0,0,1.0,0.0,0.0,True,2948.0,30.632948674096244,0.8648110897318593,2948,0,0.0,,0.3090169943749474,,,intact
215,251,34.52799668965514,33.86806122660582,6.6212327846342935,163.98160277048368,7.621232784634293,517.5100686981202,23.69925725225241,5680,0.086281392619766,5678,2,0,0.9996478873239436,0.0003521126760563,0.0,True,2910.0,30.434877505829245,0.8899599898898104,2910,0,0.0,,0.2696862318229452,0.3496196759869349,,intact
216,232,34.88245594871212,34.02124339449471,6.483314773547883,160.56592214959517,7.483314773547883,504.4365054308416,49.62587548566744,6163,0.0936183490696511,2920,633,2610,0.473795229595976,0.1027097192925523,0.4234950511114717,True,1.0,0.5641895835477563,0.0163761768649763,806,1296,0.6165556612749762,0.3699677034698106,0.1492341944601806,0.3203772410170407,0.2207335090096299,cohesive
216,241,34.88245594871212,35.867114556499125,1.0,24.7660229,2.0,513.5025893003819,24.650899076438854,3012,0.0457534427061153,3012,0,0,1.0,0.0,0.0,True,3065.0,31.23491317665728,0.8829711036721161,3379,880,0.2066212725992016,,0.3090169943749474,,,intact
217,218,33.87659232958073,35.36615049534568,2.6502815398728847,65.63693330793913,3.6502815398728847,482.4041634937726,88.66599570989365,3554,0.0539866319314522,3554,0,0,1.0,0.0,0.0,True,1628.0,22.764193258431348,0.6575185305986048,1628,0,0.0,,0.2817290466902531,,,intact
217,226,33.87659232958073,35.07309877207666,1.0,24.7660229,2.0,494.8704492003907,67.56541702969432,2653,0.0403000941232815,2653,0,0,1.0,0.0,0.0,True,2558.0,28.534832903981343,0.8277000940268298,2558,0,0.0,,0.3164309725825327,,,intact
217,230,33.87659232958073,32.992650520883835,1.0,24.7660229,2.0,500.0778919042908,55.84222919971069,2595,0.0394190517338543,2595,0,0,1.0,0.0,0.0,True,1901.0,24.598924643882015,0.7357321122624652,1901,0,0.0,,0.3090169943749474,,,intact
217,231,33.87659232958073,35.04376936489279,1.0,24.7660229,2.0,500.96232576915855,56.48902424501778,2428,0.036882257267745,2428,0,0,1.0,0.0,0.0,True,2082.0,25.74337163299812,0.7470469103780804,2082,0,0.0,,0.3090169943749474,,,intact
217,246,33.87659232958073,34.55694165824956,1.0,24.7660229,2.0,515.7493525530199,6.003310381522236,2669,0.0405431402996752,2669,0,0,1.0,0.0,0.0,True,1979.0,25.09851120600028,0.7335149814260247,1979,0,0.0,,0.3090169943749474,,,intact
218,230,35.36615049534568,32.992650520883835,1.0,24.7660229,2.0,500.9309900004582,59.18462865040417,2774,0.0421381308322589,2774,0,0,1.0,0.0,0.0,True,2231.0,26.64862765839992,0.7796692528902927,2237,16,0.0071016422547714,,0.3164309725825327,,,intact
218,231,35.36615049534568,35.04376936489279,10.190632664367213,252.38144193120635,11.190632664367213,501.815423865326,62.05276678909941,8909,0.135331149093221,8909,0,0,1.0,0.0,0.0,True,2345.0,27.32099345011065,0.7760552349538812,2345,89,0.0365653245686113,,0.2656344619433038,,,intact
218,245,35.36615049534568,34.858306729645726,1.0,24.7660229,2.0,514.8979745065728,26.397335244800885,3093,0.0469838639741085,3093,0,0,1.0,0.0,0.0,True,2377.0,27.50677370137891,0.7833958363893152,2629,136,0.0491862567811934,,0.3145198591387564,,,intact
219,223,34.77973777790291,34.65839915200262,1.0,24.7660229,2.0,486.8945363016088,82.76550788133235,2675,0.0406342826158229,2675,0,0,1.0,0.0,0.0,True,3165.0,31.7403653062106,0.9142055564725468,3166,0,0.0,,0.3090169943749474,,,intact
219,234,34.77973777790291,34.722804998621854,1.0,24.7660229,2.0,503.9305495767409,52.000795947791765,2888,0.0438698348390641,2888,0,0,1.0,0.0,0.0,True,2255.0,26.79158064288944,0.7709525313061951,2255,0,0.0,,0.3090169943749474,,,intact
220,229,34.56973134891167,34.36280384040698,1.0,24.7660229,2.0,502.9929015060888,68.28248795435354,2766,0.0420166077440621,2766,0,0,1.0,0.0,0.0,True,2740.0,29.53250900522315,0.8568525421011737,2740,0,0.0,,0.3090169943749474,,,intact
220,243,34.56973134891167,33.59826497474524,4.155870949147037,102.92439509602023,5.155870949147037,515.7526470623839,46.055626635043865,4762,0.0723366182491771,3130,379,1253,0.6572868542629148,0.0795884082318353,0.2631247375052499,True,2034.0,25.44488766919261,0.7465347095837189,2034,566,0.2176923076923076,0.4099627786406589,0.2038684096809352,0.3690444308357147,0.2060943689597237,cohesive
220,252,34.56973134891167,33.399280712164014,1.0,24.7660229,2.0,522.6342566085775,24.29832428453227,2375,0.0360771668084409,2375,0,0,1.0,0.0,0.0,True,2290.0,26.998696993760284,0.7944413542306532,2290,0,0.0,,0.3090169943749474,,,intact
221,237,32.98789791675529,33.734681534881766,1.0,24.7660229,2.0,512.7170664353511,54.53317944685325,2512,0.038158249693812,2512,0,0,1.0,0.0,0.0,True,3866.0,35.07970951970006,1.051509393311963,3866,0,0.0,,0.3090169943749474,,,intact
219,238,34.77973777790291,36.364875735706406,1.0,24.7660229,2.0,508.9320017067356,42.89262270712796,3014,0.0457838234781645,3014,0,0,1.0,0.0,0.0,True,3963.0,35.51706743167801,0.9984471255827096,3963,0,0.0,,0.3090169943749474,,,intact
219,242,34.77973777790291,33.98159565120991,5.19114712955712,128.56406868788088,6.19114712955712,512.1476849070395,37.505112783263804,5431,0.0824989864996389,5431,0,0,1.0,0.0,0.0,True,2005.0,25.26284468935556,0.7347979868773031,2005,0,0.0,,0.2801868778094689,,,intact
220,221,34.56973134891167,32.98789791675529,11.265805313308377,279.00919237633696,12.265805313308377,491.811308233765,88.17542466311424,8554,0.1299385620544857,4026,868,3660,0.4706570025718962,0.1014729950900163,0.4278700023380874,True,1048.0,18.26441241104166,0.5407061381392703,1147,677,0.3711622807017544,0.3757527116952358,0.1463924816619788,0.2765092460972355,0.2293602300332569,cohesive
220,226,34.56973134891167,35.07309877207666,1.0,24.7660229,2.0,499.3676524422302,75.49007485216578,2841,0.0431558866959076,2841,0,0,1.0,0.0,0.0,True,3130.0,31.564377766008075,0.90646453371215,3130,0,0.0,,0.3090169943749474,,,intact
222,249,33.9556644941954,34.40803218889515,1.0,24.7660229,2.0,523.0476703270168,9.017280365687936,2444,0.0371253034441387,2444,0,0,1.0,0.0,0.0,True,2743.0,29.548672014189364,0.8644550674655981,2743,0,0.0,,0.3090169943749474,,,intact
223,250,34.65839915200262,35.68594621243446,1.0,24.7660229,2.0,526.2434536486359,10.57892409580686,2680,0.0407102345459459,2680,0,0,1.0,0.0,0.0,True,3856.0,35.03431062722223,0.9960803656844888,3856,0,0.0,,0.3090169943749474,,,intact
224,225,34.50943037450914,36.10071286145922,7.4852813742385695,185.38064992733587,8.48528137423857,492.2198458637414,87.46490618641843,7628,0.1158722645956999,7628,0,0,1.0,0.0,0.0,True,1876.0,24.43663942690957,0.6921566309601168,1876,0,0.0,,0.266978077589994,,,intact
224,234,34.50943037450914,34.722804998621854,1.0,24.7660229,2.0,507.887120239529,61.28593582773468,2332,0.0354239802093828,2332,0,0,1.0,0.0,0.0,True,1989.0,25.161843406625827,0.7268823047822931,1989,0,0.0,,0.3090169943749474,,,intact
221,253,32.98789791675529,34.672570440744025,6.713293552551451,166.2615818569116,7.713293552551451,525.1566844459742,30.917387349951607,5721,0.0869041984467749,4656,563,502,0.8138437336130048,0.098409368991435,0.0877468973955602,True,2765.0,29.666931679871805,0.876935451381149,2810,464,0.1417226634086744,0.3856157588603989,0.23582845781094,0.3892672660195336,0.1497873010494589,cohesive
222,225,33.9556644941954,36.10071286145922,1.0,24.7660229,2.0,491.4059793206774,86.19985816858495,2453,0.0372620169183602,2453,0,0,1.0,0.0,0.0,True,2843.0,30.08247008509303,0.8588074696575762,2843,0,0.0,,0.3090169943749474,,,intact
222,228,33.9556644941954,34.69691270712925,4.55269276785519,112.752093345366,5.55269276785519,501.95361090783217,69.24099159373021,4968,0.075465837770246,4072,896,0,0.8196457326892109,0.180354267310789,0.0,True,2258.0,26.809396170055734,0.7810164530731835,2258,0,0.0,,0.2402530733520421,0.3963048341674653,,intact
222,234,33.9556644941954,34.722804998621854,1.0,24.7660229,2.0,507.0732536964649,58.04078559028352,2410,0.0366088303193021,2410,0,0,1.0,0.0,0.0,True,2427.0,27.79456950139829,0.8094114416543657,2427,0,0.0,,0.3090169943749474,,,intact
225,234,36.10071286145922,34.722804998621854,1.0,24.7660229,2.0,509.599158867636,61.47094247644664,3403,0.0516928836417365,3403,0,0,1.0,0.0,0.0,True,2316.0,27.151532118863187,0.7667377430334299,2316,0,0.0,,0.3090169943749474,,,intact
225,244,36.10071286145922,34.64554226035852,1.0,24.7660229,2.0,519.2761556299292,47.7476621642266,2677,0.0406646633878721,2677,0,0,1.0,0.0,0.0,True,2188.0,26.390567083147985,0.7460625877003993,2188,0,0.0,,0.3090169943749474,,,intact
225,256,36.10071286145922,34.83851740011424,7.071067811865476,175.12222735611326,8.071067811865476,533.1996594997634,6.765258371969567,5523,0.0838965020139028,5523,0,0,1.0,0.0,0.0,True,1902.0,24.60539378919935,0.6937034331630648,1902,0,0.0,,0.2725338062053596,,,intact
226,246,35.07309877207666,34.55694165824956,1.0,24.7660229,2.0,529.0687363558054,54.4451925727338,2596,0.0394342421198789,2596,0,0,1.0,0.0,0.0,True,1932.0,24.79868343495444,0.7122984068857089,1932,0,0.0,,0.3090169943749474,,,intact
224,238,34.50943037450914,36.364875735706406,1.0,24.7660229,2.0,512.8885723695237,49.62720038287418,2956,0.0449027810887374,2956,0,0,1.0,0.0,0.0,True,3575.0,33.7336307430293,0.9519283530076657,3575,0,0.0,,0.3090169943749474,,,intact
224,244,34.50943037450914,34.64554226035852,1.0,24.7660229,2.0,517.5641170018223,39.72268769639113,2495,0.0379000131313937,2495,0,0,1.0,0.0,0.0,True,3709.0,34.36002572548047,0.9937109195863172,3709,0,0.0,,0.3090169943749474,,,intact
225,232,36.10071286145922,34.02124339449471,2.449489742783178,60.66411906308329,3.449489742783178,511.09993236384224,62.88959252167851,3559,0.0540625838615752,3559,0,0,1.0,0.0,0.0,True,1945.0,24.88197597915955,0.7096771769554522,1945,0,0.0,,0.2898979485566356,,,intact
225,233,36.10071286145922,34.91936772932247,1.0,24.7660229,2.0,508.9880833569605,63.88790428772284,3021,0.0458901561803368,3021,0,0,1.0,0.0,0.0,True,3010.0,30.95339654081939,0.8716801299951524,3010,0,0.0,,0.3090169943749474,,,intact
226,248,35.07309877207666,34.39054723368282,6.6212327846342935,163.98160277048368,7.621232784634293,529.6240111457554,56.6547683522039,5816,0.0883472851191125,3811,689,1316,0.6552613480055021,0.1184662998624484,0.2262723521320495,True,1911.0,24.663539739810748,0.7101135963339963,2073,457,0.1806324110671937,0.4049672318665477,0.1951941016011038,0.356789172325331,0.2097731302654439,cohesive
226,252,35.07309877207666,33.399280712164014,1.0,24.7660229,2.0,531.4564371695235,47.21063698561089,2607,0.0396013363661496,2607,0,0,1.0,0.0,0.0,True,2649.0,29.03795599729536,0.8481655294009058,2649,0,0.0,,0.3090169943749474,,,intact
226,257,35.07309877207666,35.376136495886755,3.47213595499958,85.99099857343296,4.47213595499958,541.0381105138935,28.41952112650952,4183,0.0635413847409298,3544,263,376,0.8472388238106622,0.0628735357398996,0.0898876404494382,True,2287.0,26.9810064619971,0.7659701729726691,2303,228,0.0900829711576452,0.4068781988545112,0.25,0.4099627786406589,0.1568781988545111,cohesive
227,228,32.96316227146749,34.69691270712925,6.211102550927978,153.82430801053073,7.211102550927978,513.4951174013224,87.61751314699359,5705,0.0866611522703812,5705,0,0,1.0,0.0,0.0,True,1478.0,21.690136278494027,0.6411502288566893,1478,0,0.0,,0.2714970279031851,,,intact
227,231,32.96316227146749,35.04376936489279,5.477225575051661,135.6490940201951,6.477225575051661,516.1683366385994,83.52645686762038,4735,0.0719264778265127,3797,257,681,0.8019007391763464,0.0542766631467793,0.1438225976768743,True,2890.0,30.33010997459711,0.8919711342595246,2911,321,0.099319306930693,0.3577747210701756,0.238450422231985,0.3704152082810797,0.1193242988381905,cohesive
227,236,32.96316227146749,33.25124292019768,1.0,24.7660229,2.0,523.9369875054631,69.02793725158755,2463,0.0374139207786063,2463,0,0,1.0,0.0,0.0,True,2006.0,25.269143865289227,0.7632521591682294,2382,431,0.1532172058300746,,0.3164309725825327,,,intact
227,254,32.96316227146749,33.50353524597762,1.0,24.7660229,2.0,538.8734174454344,33.53260091392777,2531,0.0384468670282795,2531,0,0,1.0,0.0,0.0,True,2569.0,28.59612032437544,0.8604646053572916,2755,1241,0.3105605605605606,,0.3133921657949117,,,intact
228,236,34.69691270712925,33.25124292019768,1.0,24.7660229,2.0,525.4690177702986,72.24951252958533,2474,0.0375810150248769,2474,0,0,1.0,0.0,0.0,True,2406.0,27.67405980621926,0.8145639730974389,2406,0,0.0,,0.3090169943749474,,,intact
228,249,34.69691270712925,34.40803218889515,3.1815405503520555,78.79410612729761,4.181540550352056,536.1212070853426,54.20855315379188,4411,0.0670047927545401,4326,85,0,0.9807299931988211,0.0192700068011788,0.0,True,2863.0,30.188097060666024,0.8736884778965432,2863,0,0.0,,0.2801868778094689,0.4186324688633523,,intact
228,254,34.69691270712925,33.50353524597762,1.0,24.7660229,2.0,540.4054477102699,42.83419479976855,2739,0.0416064673213977,2739,0,0,1.0,0.0,0.0,True,2700.0,29.3161507141752,0.859705517897253,2700,0,0.0,,0.3090169943749474,,,intact
229,240,34.36280384040698,34.2696845650615,1.0,24.7660229,2.0,528.9029635605233,66.65654360256929,2599,0.0394798132779528,2599,0,0,1.0,0.0,0.0,True,3241.0,32.11918960873181,0.93597625133384,3241,0,0.0,,0.3090169943749474,,,intact
229,252,34.36280384040698,33.399280712164014,6.032065437739018,149.39027076534305,7.032065437739018,535.081686233382,57.75618692856815,5733,0.0870864830790702,5733,0,0,1.0,0.0,0.0,True,1895.0,24.560073988452952,0.7248913356376698,1895,0,0.0,,0.2742918851774317,,,intact
229,253,34.36280384040698,34.672570440744025,1.0,24.7660229,2.0,536.3382777182981,53.98798291047497,2649,0.0402393325791831,2649,0,0,1.0,0.0,0.0,True,3967.0,35.5349872448422,1.029471850188678,3967,0,0.0,,0.3090169943749474,,,intact
230,240,32.992650520883835,34.2696845650615,1.0,24.7660229,2.0,530.4851572005648,69.20152555682523,2657,0.04036085566738,2657,0,0,1.0,0.0,0.0,True,2791.0,29.806088175722756,0.8862638544331721,2791,0,0.0,,0.3133921657949117,,,intact
230,246,32.992650520883835,34.55694165824956,1.0,24.7660229,2.0,534.2761790597056,62.174988468489445,2627,0.0399051440866418,2627,0,0,1.0,0.0,0.0,True,2286.0,26.97510703993861,0.7986756446553777,2286,0,0.0,,0.3133921657949117,,,intact
231,245,35.04376936489279,34.858306729645726,1.0,24.7660229,2.0,533.4561367819588,68.60184454619124,2760,0.0419254654279144,2760,0,0,1.0,0.0,0.0,True,4020.0,35.77157729900708,1.0234768206491631,4032,166,0.0395426393520724,,0.3090169943749474,,,intact
232,241,34.02124339449471,35.867114556499125,8.719749027788248,215.9535041044565,9.719749027788248,537.3340641053765,76.70620279483617,6479,0.0984185110534268,5437,540,502,0.8391727118382466,0.0833461954005247,0.0774810927612285,True,577.0,13.552298857686369,0.3878270789303513,2490,560,0.1836065573770491,0.4086202938267307,0.2354394495141286,0.3706793556038632,0.173180844312602,cohesive
232,244,34.02124339449471,34.64554226035852,2.0,49.5320458,3.0,536.4442035019232,76.5479266857267,3369,0.0511764105168999,3369,0,0,1.0,0.0,0.0,True,2955.0,30.6692959435508,0.8932789164679112,2956,0,0.0,,0.2898979485566356,,,intact
232,260,34.02124339449471,34.576388899754335,1.0,24.7660229,2.0,560.767445116994,15.905234584415746,2661,0.0404216172114784,2661,0,0,1.0,0.0,0.0,True,3530.0,33.52064883364851,0.9773121232482757,3587,4,0.0011138958507379,,0.3090169943749474,,,intact
233,243,34.91936772932247,33.59826497474524,7.4852813742385695,185.38064992733587,8.48528137423857,532.5020522327782,76.85607230452618,7389,0.1122417623358189,6481,569,339,0.8771146298551902,0.0770063608066044,0.0458790093382054,True,1905.0,24.62479102815131,0.7187869766168791,1905,269,0.123735050597976,0.3618162034940812,0.25,0.3752132863597027,0.1118162034940812,cohesive
231,246,35.04376936489279,34.55694165824956,1.0,24.7660229,2.0,535.1606129245733,64.52112767067676,3269,0.0496573719144393,3269,0,0,1.0,0.0,0.0,True,2499.0,28.20383671724989,0.8104467986791706,2502,3,0.0011976047904191,,0.3090169943749474,,,intact
231,254,35.04376936489279,33.50353524597762,6.483314773547883,160.56592214959517,7.483314773547883,543.0786669475468,52.92984987371937,6051,0.0919170258348951,4468,521,1062,0.7383903487026938,0.0861014708312675,0.1755081804660386,True,2485.0,28.12472341493725,0.8205931239629563,2485,305,0.1093189964157706,0.3950373634538136,0.2139387691339813,0.3577747210701756,0.1810985943198323,cohesive
231,270,35.04376936489279,34.337512963030974,10.099504938362076,250.1245705821383,11.099504938362076,559.5968456684171,9.257887652661502,8322,0.1264143924967769,8314,8,0,0.999038692621966,0.0009613073780341,0.0,True,2204.0,26.486883341553696,0.7635166849861915,2204,16,0.0072072072072072,,0.2658626798938588,0.2007254062978034,,intact
232,233,34.02124339449471,34.91936772932247,1.0,24.7660229,2.0,526.1561312289545,86.56323364716889,2504,0.0380367266056151,2504,0,0,1.0,0.0,0.0,True,4049.0,35.900372270467734,1.0414869170797094,4069,509,0.1111839231105286,,0.3090169943749474,,,intact
233,248,34.91936772932247,34.39054723368282,5.741657386773941,142.19801832479757,6.741657386773941,537.5512357552036,69.21865018167908,4940,0.075040506961557,4691,249,0,0.9495951417004048,0.0504048582995951,0.0,True,2335.0,27.26267749578444,0.7866891053130308,2335,0,0.0,,0.2642788416911127,0.392280956059262,,intact
233,256,34.91936772932247,34.83851740011424,6.5630027024141775,162.5394752207514,7.5630027024141775,548.2558583648756,52.1806602935936,5686,0.0863725349359137,5686,0,0,1.0,0.0,0.0,True,2408.0,27.685559519911603,0.793761435529207,2408,0,0.0,,0.2725338062053596,,,intact
233,259,34.91936772932247,34.18947304908834,1.0,24.7660229,2.0,556.9694721186586,14.56460479530946,2757,0.0418798942698406,2757,0,0,1.0,0.0,0.0,True,3018.0,30.994503327246274,0.8969765077271785,3019,104,0.0333013128402177,,0.3090169943749474,,,intact
234,238,34.722804998621854,36.364875735706406,1.0,24.7660229,2.0,530.2678853734183,81.50421321992746,3243,0.0492624218777995,3243,0,0,1.0,0.0,0.0,True,2545.0,28.46223217419441,0.8007641234087973,2545,0,0.0,,0.3090169943749474,,,intact
234,242,34.722804998621854,33.98159565120991,2.146264369941973,53.15443253543696,3.146264369941973,533.4835685737222,76.99191395203418,2810,0.0426849847291448,2810,0,0,1.0,0.0,0.0,True,2030.0,25.41985580118611,0.7399775141258976,2030,0,0.0,,0.2898979485566356,,,intact
234,249,34.722804998621854,34.40803218889515,2.6502815398728847,65.63693330793913,3.6502815398728847,541.2408498739753,64.15439424634158,3465,0.0526346875752622,3465,0,0,1.0,0.0,0.0,True,1801.0,23.943184938871585,0.6926918843446327,1801,0,0.0,,0.2817290466902531,,,intact
234,256,34.722804998621854,34.83851740011424,1.0,24.7660229,2.0,548.866933875551,47.60451768054176,2641,0.0401178094909862,2641,0,0,1.0,0.0,0.0,True,2185.0,26.372468623767148,0.7582509277956546,2185,0,0.0,,0.3090169943749474,,,intact
234,261,34.722804998621854,34.64620522001264,1.0,24.7660229,2.0,558.3381183742648,17.80426319756578,2801,0.0425482712549233,2801,0,0,1.0,0.0,0.0,True,2024.0,25.38226171238474,0.7318040615654148,2024,0,0.0,,0.3090169943749474,,,intact
236,258,33.25124292019768,34.9634289182945,2.863703305156273,70.92254163430594,3.863703305156273,555.202667897182,56.9805610307913,3963,0.0601994998155163,3963,0,0,1.0,0.0,0.0,True,2680.0,29.20737055903114,0.8563369073498939,2680,189,0.0658766120599512,,0.2898979485566356,,,intact
236,265,33.25124292019768,34.984897798553995,2.146264369941973,53.15443253543696,3.146264369941973,563.5388785554776,38.09320961297088,3377,0.0512979336050968,3376,1,0,0.9997038791827064,0.0002961208172934,0.0,True,2409.0,27.69130758589691,0.8116317040857262,2440,293,0.1072081961214782,,0.2898979485566356,0.3704152082810797,,intact
237,241,33.734681534881766,35.867114556499125,9.055385138137416,224.2658756994309,10.055385138137416,539.3785681296865,79.76462721581946,7593,0.1153406010848386,7217,254,122,0.9504807059133412,0.0334518635585407,0.016067430528118,True,3063.0,31.224720677388788,0.8972389343629449,3566,816,0.1862163395709721,0.4088756155145231,0.2598751755617592,0.3578565153895721,0.1490004399527638,intact
237,243,33.734681534881766,33.59826497474524,1.0,24.7660229,2.0,536.65840526397,82.69622835429983,2505,0.0380519169916397,2505,0,0,1.0,0.0,0.0,True,2641.0,28.99407541915057,0.8612151085651689,2641,46,0.0171194640863416,,0.3090169943749474,,,intact
235,239,34.29960810920266,36.31510196578464,1.0,24.7660229,2.0,532.3730536847395,82.01164096910213,2896,0.043991357927261,2896,0,0,1.0,0.0,0.0,True,2424.0,27.77738584009497,0.7867308613346301,2502,148,0.0558490566037735,,0.3090169943749474,,,intact
235,247,34.29960810920266,35.49742596927803,1.0,24.7660229,2.0,537.6917486894629,72.75224769523018,2761,0.0419406558139391,2761,0,0,1.0,0.0,0.0,True,4191.0,36.52446759360452,1.0465908208230148,4389,1174,0.2110372101384145,,0.3090169943749474,,,intact
235,262,34.29960810920266,33.492330262871896,1.0,24.7660229,2.0,558.2292178030425,25.305381655590963,2523,0.0383253439400827,2523,0,0,1.0,0.0,0.0,True,3377.0,32.78616302104687,0.9672584619457476,3385,171,0.0480877390326209,,0.3090169943749474,,,intact
236,254,33.25124292019768,33.50353524597762,12.164414002968975,301.2641557626103,13.164414002968975,550.8473178144104,67.14174204825174,8682,0.1318829314656353,8680,2,0,0.9997696383321816,0.0002303616678184,0.0,True,1319.0,20.49025963418765,0.6138964190152932,1346,545,0.2882072977260708,,0.2648713914878122,0.4683416752431306,,intact
237,266,33.734681534881766,33.78195496630892,1.0,24.7660229,2.0,565.2819191433118,8.544831533321483,2557,0.0388418170649193,2557,0,0,1.0,0.0,0.0,True,4799.0,39.08412905254525,1.1577629182358926,4846,39,0.0079836233367451,,0.3090169943749474,,,intact
238,264,36.364875735706406,35.413359383768665,1.0,24.7660229,2.0,563.5626868990245,40.88391812040928,2633,0.0399962864027894,2633,0,0,1.0,0.0,0.0,True,3113.0,31.478543099866304,0.8771055194508526,3113,0,0.0,,0.3090169943749474,,,intact
238,267,36.364875735706406,35.355585911805655,1.0,24.7660229,2.0,567.8026237440359,22.845848887587405,3264,0.0495814199843162,3264,0,0,1.0,0.0,0.0,True,3662.0,34.141628596261214,0.952074981448354,3662,0,0.0,,0.3090169943749474,,,intact
239,251,36.31510196578464,33.86806122660582,1.0,24.7660229,2.0,545.3137760909146,76.65597856244052,2832,0.0430191732216861,2832,0,0,1.0,0.0,0.0,True,2954.0,30.66410611426522,0.8738308368976435,2958,166,0.0531370038412291,,0.3133921657949117,,,intact
239,262,36.31510196578464,33.492330262871896,1.0,24.7660229,2.0,563.1814984751863,39.71751638830275,2960,0.0449635426328358,2960,0,0,1.0,0.0,0.0,True,2795.0,29.82743924448921,0.854563426621637,2795,60,0.021015761821366,,0.3090169943749474,,,intact
239,273,36.31510196578464,37.51463747676039,4.766114533138578,118.03770167173282,5.766114533138578,573.2076249450456,22.59433764626512,6193,0.0940740606503892,6176,17,0,0.9972549652833844,0.0027450347166155,0.0,True,2443.0,27.88603686340174,0.7554147440843376,2443,196,0.0742705570291777,,0.2779262976266636,0.387425886722793,,intact
240,246,34.2696845650615,34.55694165824956,1.0,24.7660229,2.0,546.156617849294,83.71211929546962,2713,0.0412115172847579,2713,0,0,1.0,0.0,0.0,True,2221.0,26.588837079011167,0.772632294738449,2221,0,0.0,,0.3145198591387564,,,intact
240,252,34.2696845650615,33.399280712164014,6.082762530298219,150.64583612062765,7.082762530298219,548.5443186630121,80.51772868834851,4186,0.0635869558990036,4186,0,0,1.0,0.0,0.0,True,2085.0,25.761912054294488,0.7614099594623135,2085,0,0.0,,0.2727272727272727,,,intact
240,269,34.2696845650615,34.29263964167059,1.0,24.7660229,2.0,570.4711643610165,36.57807240012063,2395,0.036380974528933,2395,0,0,1.0,0.0,0.0,True,3255.0,32.18848675424551,0.9389555306552734,3255,0,0.0,,0.3090169943749474,,,intact
240,271,34.2696845650615,34.799725419400566,1.0,24.7660229,2.0,572.7872397581864,26.836334284558408,2629,0.039935524858691,2629,0,0,1.0,0.0,0.0,True,3147.0,31.649979649604663,0.9164688002032934,3147,0,0.0,,0.3145198591387564,,,intact
241,275,35.867114556499125,34.063611028218084,9.680544149919662,239.74857810137135,10.680544149919662,577.8105461972649,38.51949240377788,7608,0.1155684568752077,3905,814,2889,0.5132754994742377,0.1069926393270241,0.3797318611987382,True,2847.0,30.103625129961543,0.8609556065164136,3235,1286,0.2844503428445034,0.3538893678645229,0.1581551149106257,0.3041291760771312,0.1957342529538972,cohesive
242,249,33.98159565120991,34.40803218889515,1.0,24.7660229,2.0,549.4579852042741,76.97953597033569,2704,0.0410748038105365,2704,0,0,1.0,0.0,0.0,True,2272.0,26.89237924411993,0.7864461349897769,2274,0,0.0,,0.3090169943749474,,,intact
242,250,33.98159565120991,35.68594621243446,1.0,24.7660229,2.0,551.4966022540666,73.47086312590226,2852,0.0433229809421783,2852,0,0,1.0,0.0,0.0,True,2867.0,30.2091781366016,0.8672382383098288,2867,0,0.0,,0.3090169943749474,,,intact
242,258,33.98159565120991,34.9634289182945,1.0,24.7660229,2.0,558.0975759119729,62.14130927993569,2441,0.0370797322860649,2441,0,0,1.0,0.0,0.0,True,2480.0,28.096414677602564,0.8150382091539671,2480,0,0.0,,0.3145198591387564,,,intact
242,261,33.98159565120991,34.64620522001264,3.898979485566356,96.5622152261666,4.898979485566356,566.5552537045635,45.11864982979663,4530,0.0688124486914683,4530,0,0,1.0,0.0,0.0,True,2572.0,28.61281229213077,0.8338548497516807,2572,0,0.0,,0.2771863727725964,,,intact
242,265,33.98159565120991,34.984897798553995,6.358898943540674,157.48463685451412,7.358898943540674,566.4337865702685,50.665882581995184,5361,0.0814356594779165,5361,0,0,1.0,0.0,0.0,True,1769.0,23.72952145870468,0.6881463815755566,1769,0,0.0,,0.2714970279031851,,,intact
244,256,34.64554226035852,34.83851740011424,1.0,24.7660229,2.0,558.5439306378444,66.07702059363248,2825,0.0429128405195139,2825,0,0,1.0,0.0,0.0,True,2075.0,25.700058634784583,0.73973969743177,2075,0,0.0,,0.3133921657949117,,,intact
244,260,34.64554226035852,34.576388899754335,1.0,24.7660229,2.0,568.9436683830811,45.69602540198707,2539,0.0385683901164764,2539,0,0,1.0,0.0,0.0,True,2933.0,30.55491607216518,0.882810275878913,2933,0,0.0,,0.3090169943749474,,,intact
244,264,34.64554226035852,35.413359383768665,1.0,24.7660229,2.0,568.2382315313231,45.25678073645207,2981,0.0452825407393525,2981,0,0,1.0,0.0,0.0,True,3825.0,34.89319868760959,0.9961103548226858,3825,0,0.0,,0.3090169943749474,,,intact
245,263,34.858306729645726,33.64289928956633,1.0,24.7660229,2.0,567.9420551966533,51.81985575579847,2677,0.0406646633878721,2677,0,0,1.0,0.0,0.0,True,3216.0,31.99507140118726,0.9341462219574304,3224,0,0.0,,0.3090169943749474,,,intact
243,248,33.59826497474524,34.39054723368282,10.04987562112089,248.8954497748317,11.04987562112089,546.009005765909,82.41191133645742,9803,0.1489113541992194,4967,1027,3809,0.5066816280730388,0.1047638478016933,0.3885545241252677,True,1871.0,24.404052881639814,0.7178843721177594,1899,809,0.2987444608567208,0.3616577385879102,0.1601526128622927,0.3333333333333333,0.2015051257256175,cohesive
243,253,33.59826497474524,34.672570440744025,3.1815405503520555,78.79410612729761,4.181540550352056,549.0980232745932,76.39704212357114,4202,0.0638300020753973,4068,112,22,0.968110423607806,0.0266539742979533,0.0052356020942408,True,2528.0,28.367012395961314,0.8310140698681244,2528,78,0.0299309286262471,0.3773979485566356,0.2742918851774317,0.3987945679840713,0.1031060633792038,intact
243,259,33.59826497474524,34.18947304908834,7.6602540378443855,189.7140269210715,8.660254037844386,565.427242129364,49.3762233207683,6758,0.102656628754292,4896,742,1120,0.7244746966558153,0.1097957975732465,0.1657295057709381,True,1651.0,22.92443286298351,0.6763592806393238,1822,405,0.181859003143242,0.3916982318703404,0.2089454172900136,0.3751066431798513,0.1827528145803267,cohesive
243,276,33.59826497474524,35.38370174832421,8.43650317030929,208.9386307118025,9.43650317030929,574.6602297145874,31.85381440293829,6296,0.0956386704109237,4688,655,953,0.7445997458703939,0.1040343074968233,0.1513659466327827,True,1825.0,24.10218957450584,0.698796822400409,1829,272,0.1294621608757734,0.3597752501562547,0.2198638402446113,0.3597752501562546,0.1399114099116434,cohesive
246,270,34.55694165824956,34.337512963030974,1.0,24.7660229,2.0,574.3838724522784,46.24169112917856,2365,0.0359252629481948,2365,0,0,1.0,0.0,0.0,True,1957.0,24.95861469035648,0.7245464044256215,1957,0,0.0,,0.3090169943749474,,,intact
246,271,34.55694165824956,34.799725419400566,7.613903745752154,188.5661145256936,8.613903745752154,576.578261617327,46.272197825139045,6459,0.0981147033329346,6459,0,0,1.0,0.0,0.0,True,1664.0,23.014509567006368,0.6636567337135694,1664,0,0.0,,0.2690005236784504,,,intact
246,272,34.55694165824956,34.41233345339169,1.0,24.7660229,2.0,580.3368389697364,24.978751757521312,2726,0.0414089923030778,2726,0,0,1.0,0.0,0.0,True,1985.0,25.136529674456348,0.7289196423702466,1986,0,0.0,,0.3090169943749474,,,intact
248,249,34.39054723368282,34.40803218889515,2.23606797749979,55.37851073671648,3.23606797749979,554.1367278964309,85.02194969548806,3483,0.0529081145237051,3408,75,0,0.9784668389319552,0.0215331610680447,0.0,True,3401.0,32.902460742489644,0.9564866315158792,3401,0,0.0,,0.2801868778094689,0.407669683062202,,intact
245,274,34.858306729645726,34.923674460521575,1.0,24.7660229,2.0,581.0286026594904,7.175176132956288,3030,0.0460268696545583,3030,0,0,1.0,0.0,0.0,True,2877.0,30.26181657717801,0.8673246606372386,2878,938,0.2458071278825996,,0.3090169943749474,,,intact
246,252,34.55694165824956,33.399280712164014,1.0,24.7660229,2.0,552.3353405221527,86.05171662509454,2189,0.033251755007864,2189,0,0,1.0,0.0,0.0,True,1934.0,24.811515872260838,0.73022057456399,1934,0,0.0,,0.3090169943749474,,,intact
246,257,34.55694165824956,35.376136495886755,7.194052389321207,178.16806621772872,8.194052389321207,561.9170138665227,71.75705460090106,6688,0.1015933017325696,4441,627,1620,0.6640251196172249,0.09375,0.2422248803827751,True,1404.0,21.14017691983778,0.6045830521929458,1404,146,0.0941935483870967,0.3944308031686672,0.1951941016011037,0.3597752501562547,0.1992367015675634,cohesive
246,263,34.55694165824956,33.64289928956633,11.048281249692016,273.62198643551307,12.048281249692016,569.6465313392678,60.300271701779,9077,0.137883133945355,9025,52,0,0.994271234989534,0.005728765010466,0.0,True,1790.0,23.869953838853256,0.7000002788017556,1790,0,0.0,,0.2648342180349795,0.3556250366214818,,intact
248,257,34.39054723368282,35.376136495886755,1.0,24.7660229,2.0,562.4722886564728,71.05566184191825,3033,0.0460724408126321,3028,2,3,0.9983514671941972,0.0006594131223211,0.0009891196834817,True,2661.0,29.103652814295785,0.834313780116243,2661,12,0.0044893378226711,0.4899959967967964,0.3090169943749474,0.4585651935319721,0.180979002421849,intact
248,259,34.39054723368282,34.18947304908834,2.146264369941973,53.15443253543696,3.146264369941973,570.4764256517896,56.79317547351773,3604,0.0547461512326825,3600,4,0,0.9988901220865704,0.0011098779134295,0.0,True,2266.0,26.85684646589152,0.7832265535983972,2266,3,0.001322168356104,,0.2933997741163456,0.3877578289433402,,intact
248,277,34.39054723368282,34.41495400927894,1.0,24.7660229,2.0,583.7943782951413,21.39044860806393,2607,0.0396013363661496,2607,0,0,1.0,0.0,0.0,True,2366.0,27.443053596690888,0.7976994019645512,2366,100,0.040551500405515,,0.3090169943749474,,,intact
248,278,34.39054723368282,35.22106816912488,10.051815009825804,248.9434807199096,11.051815009825804,583.6704078411578,35.6950241219237,7534,0.1144443683093868,7128,406,0,0.946110963631537,0.0538890363684629,0.0,True,1686.0,23.16614918595387,0.6655828643510977,1686,0,0.0,,0.2585688584788905,0.3820344916041042,,intact
249,256,34.40803218889515,34.83851740011424,10.80391513507249,267.5700096448619,11.80391513507249,564.8413505061028,78.87960398881296,9409,0.1429263421055244,9409,0,0,1.0,0.0,0.0,True,1781.0,23.809869955405706,0.6876839379498769,1781,0,0.0,,0.2658626798938588,,,intact
249,261,34.40803218889515,34.64620522001264,1.0,24.7660229,2.0,574.3125350048167,59.681840390229496,2722,0.0413482307589794,2722,0,0,1.0,0.0,0.0,True,2108.0,25.903614421069328,0.7502396780571162,2108,0,0.0,,0.3090169943749474,,,intact
249,265,34.40803218889515,34.984897798553995,1.0,24.7660229,2.0,574.1910678705217,61.325343773242366,2471,0.0375354438668031,2471,0,0,1.0,0.0,0.0,True,2844.0,30.087760240780646,0.8671707693052451,2844,0,0.0,,0.3090169943749474,,,intact
249,278,34.40803218889515,35.22106816912488,1.0,24.7660229,2.0,586.7489464492542,31.78305088977006,2811,0.0427001751151694,2811,0,0,1.0,0.0,0.0,True,2467.0,28.022678123537936,0.8049128303956387,2470,0,0.0,,0.3090169943749474,,,intact
250,258,35.68594621243446,34.9634289182945,1.0,24.7660229,2.0,567.8934742620186,79.2488780612216,2741,0.0416368480934469,2741,0,0,1.0,0.0,0.0,True,2656.0,29.076297180076903,0.8231154805339577,2704,39,0.0142180094786729,,0.3090169943749474,,,intact
250,267,35.68594621243446,35.355585911805655,3.685557720282968,91.27660689979976,4.685557720282968,580.8142052943856,58.15985910596533,4613,0.0700732507315107,4613,0,0,1.0,0.0,0.0,True,3810.0,34.82471344261489,0.980404346621132,3815,0,0.0,,0.2771863727725964,,,intact
250,280,35.68594621243446,35.00874289082228,1.0,24.7660229,2.0,592.4814104598493,31.097065898410545,2922,0.0443863079639007,2922,0,0,1.0,0.0,0.0,True,4091.0,36.086087961676974,1.020899544772581,4091,0,0.0,,0.3090169943749474,,,intact
251,273,33.86806122660582,37.51463747676039,1.0,24.7660229,2.0,581.1960666790769,34.12026890250867,3118,0.0473636236247236,3118,0,0,1.0,0.0,0.0,True,3702.0,34.327586554437424,0.9617901025873832,3862,1525,0.2830889177649898,,0.3090169943749474,,,intact
252,253,33.399280712164014,34.672570440744025,7.246211251235321,179.4598337863316,8.246211251235321,555.9796328207867,88.11948028695821,5748,0.0873143388694393,5740,8,0,0.998608211551844,0.0013917884481558,0.0,True,1532.0,22.08281561833924,0.6488090229465092,1532,0,0.0,,0.2687959533979827,0.4353846570206697,,intact
252,269,33.399280712164014,34.29263964167059,3.1815405503520555,78.79410612729761,4.181540550352056,576.6498870338751,52.45196011687175,3757,0.0570702802944473,3757,0,0,1.0,0.0,0.0,True,2093.0,25.81128806903433,0.7626106020959464,2093,0,0.0,,0.2843646522044218,,,intact
252,272,33.399280712164014,34.41233345339169,1.0,24.7660229,2.0,582.7245397834545,37.25747816460392,2435,0.0369885899699173,2435,0,0,1.0,0.0,0.0,True,2322.0,27.186679747971468,0.801829600504649,2322,0,0.0,,0.3090169943749474,,,intact
252,276,33.399280712164014,35.38370174832421,1.0,24.7660229,2.0,581.541839260781,39.05532283371863,2549,0.0387202939767224,2549,0,0,1.0,0.0,0.0,True,2427.0,27.79456950139829,0.8081815736142187,2427,0,0.0,,0.3090169943749474,,,intact
254,283,33.50353524597762,33.02748550656999,1.0,24.7660229,2.0,599.3690521766958,13.816067040858693,2008,0.0305022951374102,2008,0,0,1.0,0.0,0.0,True,3356.0,32.684063058818154,0.982521016185269,3363,546,0.1396776669224865,,0.3090169943749474,,,intact
255,279,35.849971643717346,33.67092872951251,7.4852813742385695,185.38064992733587,8.48528137423857,591.8350642218145,49.54558137900066,7128,0.1082770715833965,6807,314,7,0.95496632996633,0.0440516273849607,0.0009820426487093,True,1773.0,23.756334485855785,0.6834300004262759,1869,33,0.0173501577287066,0.2393461226828726,0.2612038749637414,0.2939767624753528,-0.0218577522808688,intact
255,289,35.849971643717346,34.83550115772572,10.0,247.660229,11.0,605.4378654067311,2.522937480755987,9509,0.1444453807079851,6021,1794,1694,0.6331896098433063,0.1886633715427489,0.1781470186139447,True,2725.0,29.451560906865865,0.8333129776070367,2885,753,0.2069818581638262,0.3629773449415502,0.1999999999999999,0.3437840689977869,0.1629773449415502,cohesive
256,259,34.83851740011424,34.18947304908834,6.817337799805944,168.8383440670296,7.817337799805943,581.1810482614615,76.83049384476918,6203,0.0942259645106353,6203,0,0,1.0,0.0,0.0,True,2059.0,25.600782325007668,0.7417507639555923,2059,0,0.0,,0.2714970279031851,,,intact
253,276,34.672570440744025,35.38370174832421,1.0,24.7660229,2.0,582.798430745697,40.24316820801082,3121,0.0474091947827975,3121,0,0,1.0,0.0,0.0,True,3616.0,33.92651689225682,0.9685504475800756,3616,67,0.0181916915557969,,0.3090169943749474,,,intact
254,257,33.50353524597762,35.376136495886755,1.0,24.7660229,2.0,569.8350678894963,82.68567272897761,4374,0.0664427484716297,4374,0,0,1.0,0.0,0.0,True,3364.0,32.722995845769866,0.950149587483622,3364,0,0.0,,0.3203772410170408,,,intact
254,265,33.50353524597762,34.984897798553995,3.1815405503520555,78.79410612729761,4.181540550352056,578.4753084954489,70.10390674507278,3889,0.0590754112496954,3807,82,0,0.978914888146053,0.021085111853947,0.0,True,2830.0,30.013613209677494,0.8764578739934802,2848,447,0.1356600910470409,,0.2791745113185196,0.4013498739246386,,intact
254,270,33.50353524597762,34.337512963030974,8.0,198.1281832,9.0,582.301926475252,65.33380984713567,5140,0.0780785841664784,4481,659,0,0.8717898832684825,0.1282101167315175,0.0,True,2155.0,26.190796183508223,0.7721223912348204,2155,58,0.0262087663804789,,0.25,0.3366585397732337,,intact
256,260,34.83851740011424,34.576388899754335,1.0,24.7660229,2.0,582.8671722529152,72.47245825771637,2666,0.0404975691416014,2666,0,0,1.0,0.0,0.0,True,2510.0,28.265841829340843,0.8144026502674789,2510,0,0.0,,0.3090169943749474,,,intact
256,261,34.83851740011424,34.64620522001264,1.0,24.7660229,2.0,581.9386190063922,74.79103493498467,2499,0.0379607746754921,2499,0,0,1.0,0.0,0.0,True,1652.0,22.93137440223813,0.6600407553644273,1652,0,0.0,,0.3090169943749474,,,intact
256,264,34.83851740011424,35.413359383768665,7.0990195135927845,175.81447984118574,8.099019513592784,582.1617354011571,75.95024004277964,5973,0.0907321757249758,5973,0,0,1.0,0.0,0.0,True,1405.0,21.147704132794797,0.6020537842099749,1405,0,0.0,,0.2692803301885514,,,intact
256,278,34.83851740011424,35.22106816912488,1.0,24.7660229,2.0,594.3750304508296,51.76155271734659,2708,0.0411355653546349,2708,0,0,1.0,0.0,0.0,True,2020.0,25.357168021907675,0.7238743368485234,2020,0,0.0,,0.3090169943749474,,,intact
256,286,34.83851740011424,33.803348570228785,5.81864367245563,144.10466243897622,6.81864367245563,605.3257127296235,29.16571932843132,5206,0.0790811496441024,5206,0,0,1.0,0.0,0.0,True,1399.0,21.102500581000424,0.6148580107107764,1399,0,0.0,,0.2762920068094934,,,intact
256,287,34.83851740011424,34.368463896086006,1.8284271247461903,45.2828680424453,2.8284271247461903,605.8840521612472,23.953756913239207,2923,0.0444014983499253,2923,0,0,1.0,0.0,0.0,True,1805.0,23.96975895919152,0.692697716624943,1805,0,0.0,,0.2898979485566356,,,intact
257,270,35.376136495886755,34.337512963030974,3.898979485566356,96.5622152261666,4.898979485566356,586.3532466103666,70.1499026407105,4752,0.072184714388931,4248,303,201,0.8939393939393939,0.0637626262626262,0.0422979797979798,True,2027.0,25.40106571178744,0.728725749087524,2027,54,0.0259490629505045,0.3987945679840713,0.2572842744474721,0.414213562373095,0.1415102935365992,cohesive
257,272,35.376136495886755,34.41233345339169,4.449489742783178,110.1961648630833,5.449489742783178,592.3062131278245,59.61672991423011,5185,0.0787621515375857,4716,259,210,0.9095467695274831,0.0499517839922854,0.0405014464802314,True,1916.0,24.69578388972788,0.7077324924210697,1917,60,0.0303490136570561,0.3642970411490392,0.2592192604530755,0.3660254037844386,0.1050777806959638,cohesive
257,277,35.376136495886755,34.41495400927894,1.0,24.7660229,2.0,595.2084776632794,51.97768276582164,2812,0.042715365501194,2812,0,0,1.0,0.0,0.0,True,2226.0,26.61874915628302,0.7628122433281879,2226,0,0.0,,0.3090169943749474,,,intact
257,282,35.376136495886755,34.44496115286034,1.0,24.7660229,2.0,601.803984969457,36.3310889042874,2884,0.0438090732949657,2884,0,0,1.0,0.0,0.0,True,2905.0,30.40871946274476,0.8710467319125691,2905,0,0.0,,0.3090169943749474,,,intact
258,265,34.9634289182945,34.984897798553995,1.0,24.7660229,2.0,582.8306585782204,76.39069806464784,2864,0.0435052655744735,2864,0,0,1.0,0.0,0.0,True,2400.0,27.63953195770684,0.7902842928492609,2410,562,0.1890982503364737,,0.3090169943749474,,,intact
258,268,34.9634289182945,34.6642280005678,1.7320508075688772,42.89600996421431,2.732050807568877,586.6604751420803,70.1921051087894,3057,0.0464370100772226,2815,174,68,0.9208374223094538,0.056918547595682,0.0222440300948642,True,468.0,12.205286835384658,0.3505873204840882,1274,2978,0.7003762935089369,0.4364916731037084,0.2742918851774317,0.4340578300578996,0.1621997879262766,intact
258,280,34.9634289182945,35.00874289082228,2.863703305156273,70.92254163430594,3.863703305156273,599.0823841177555,48.05784098006837,3780,0.0574196591730133,3732,48,0,0.9873015873015872,0.0126984126984126,0.0,True,3440.0,33.090572803628525,0.9458209441861888,3460,511,0.1286829513976328,,0.2801868778094689,0.4186324688633523,,intact
259,275,34.18947304908834,34.063611028218084,1.0,24.7660229,2.0,599.5578032174288,73.77692625861656,2379,0.0361379283525393,2379,0,0,1.0,0.0,0.0,True,2995.0,30.87617380959715,0.9047554180738688,2996,82,0.0266406757634827,,0.3090169943749474,,,intact
259,277,34.18947304908834,34.41495400927894,7.4852813742385695,185.38064992733587,8.48528137423857,603.2126146585963,69.98630265766876,6024,0.0915068854122307,5960,64,0,0.9893758300132802,0.0106241699867197,0.0,True,1509.0,21.91642348220485,0.6389215513325049,1509,55,0.0351662404092071,,0.2677768736123398,0.3045853676005105,,intact
259,278,34.18947304908834,35.22106816912488,1.414213562373095,35.02444547122265,2.414213562373095,603.0886442046128,68.85049403894384,2432,0.0369430188118434,2432,0,0,1.0,0.0,0.0,True,1882.0,24.47568601281472,0.7052440618743465,1882,0,0.0,,0.2933997741163456,,,intact
259,286,34.18947304908834,33.803348570228785,1.0,24.7660229,2.0,614.0393264834065,44.2485240010231,2426,0.0368518764956958,2426,0,0,1.0,0.0,0.0,True,1830.0,24.135183689301744,0.709933287500009,1830,0,0.0,,0.3090169943749474,,,intact
259,292,34.18947304908834,34.94629997264993,1.0,24.7660229,2.0,623.2115211076955,16.376561515934764,2662,0.040436807597503,2662,0,0,1.0,0.0,0.0,True,2537.0,28.41746261101221,0.8220769471132389,2537,99,0.0375569044006069,,0.3090169943749474,,,intact
260,275,34.576388899754335,34.063611028218084,1.0,24.7660229,2.0,601.2439272088825,76.1699736258612,2920,0.0443559271918515,2920,0,0,1.0,0.0,0.0,True,3889.0,35.18390466347876,1.025172048379927,3889,0,0.0,,0.3090169943749474,,,intact
260,286,34.576388899754335,33.803348570228785,1.0,24.7660229,2.0,615.7254504748603,49.24133554241505,2529,0.0384164862562303,2529,0,0,1.0,0.0,0.0,True,1923.0,24.74085510105561,0.7236311812959558,1923,0,0.0,,0.3090169943749474,,,intact
260,293,34.576388899754335,35.26028324496813,1.0,24.7660229,2.0,624.8327514141693,25.146849796990978,2967,0.045069875335008,2967,0,0,1.0,0.0,0.0,True,3716.0,34.39243429969688,0.9849390941316756,3716,0,0.0,,0.3090169943749474,,,intact
261,264,34.64620522001264,35.413359383768665,1.0,24.7660229,2.0,591.632919899871,89.65395206189234,2579,0.0391760055574606,2579,0,0,1.0,0.0,0.0,True,1909.0,24.650630270337032,0.7037049233676389,1909,0,0.0,,0.3090169943749474,,,intact
261,267,34.64620522001264,35.355585911805655,1.0,24.7660229,2.0,595.8728567448825,82.66168280000156,2701,0.0410292326524626,2701,0,0,1.0,0.0,0.0,True,2582.0,28.668381993522893,0.8190756702078755,2582,0,0.0,,0.3090169943749474,,,intact
261,278,34.64620522001264,35.22106816912488,9.198039027185567,227.7988451823715,10.198039027185567,603.8462149495435,71.56779629520473,8260,0.1254725885632513,8109,151,0,0.981719128329298,0.0182808716707021,0.0,True,1075.0,18.4981925508298,0.5295238143272316,1075,0,0.0,,0.2653311931459037,0.3436748035887967,,intact
261,280,34.64620522001264,35.00874289082228,3.47213595499958,85.99099857343296,4.47213595499958,607.5400619103461,64.20853250493148,3961,0.0601691190434671,3961,0,0,1.0,0.0,0.0,True,2357.0,27.39080870903951,0.7864712975007969,2357,0,0.0,,0.2801868778094689,,,intact
261,287,34.64620522001264,34.368463896086006,1.0,24.7660229,2.0,615.3552366599611,44.090234906782,2738,0.0415912769353731,2738,0,0,1.0,0.0,0.0,True,2313.0,27.133941231290155,0.7863238809605705,2313,0,0.0,,0.3090169943749474,,,intact
261,288,34.64620522001264,36.07761731453599,1.0,24.7660229,2.0,618.4708131196672,43.51653289552538,2750,0.0417735615676684,2750,0,0,1.0,0.0,0.0,True,2389.0,27.576118619071032,0.7798254571322155,2389,0,0.0,,0.3090169943749474,,,intact
262,273,33.492330262871896,37.51463747676039,1.0,24.7660229,2.0,599.0637890633486,74.60351042953506,2849,0.0432774097841044,2849,0,0,1.0,0.0,0.0,True,3011.0,30.958537874056542,0.8719859151731428,3234,501,0.1341365461847389,,0.3090169943749474,,,intact
262,281,33.492330262871896,32.91034682777117,1.0,24.7660229,2.0,604.8292178106185,60.53531417070764,2524,0.0383405343261073,2524,0,0,1.0,0.0,0.0,True,4901.0,39.49730056835224,1.18962976490952,4901,103,0.0205835331734612,,0.3184041067997867,,,intact
263,270,33.64289928956633,34.337512963030974,1.0,24.7660229,2.0,594.0827640831117,81.96747516774751,2576,0.0391304343993868,2576,0,0,1.0,0.0,0.0,True,2642.0,28.999564122544584,0.8531741177087848,2643,0,0.0,,0.3145198591387564,,,intact
263,271,33.64289928956633,34.799725419400566,1.0,24.7660229,2.0,596.2771532481602,78.2553090647875,2853,0.0433381713282029,2853,0,0,1.0,0.0,0.0,True,2983.0,30.814256286437413,0.9004405198505,3126,0,0.0,,0.3203772410170407,,,intact
263,274,33.64289928956633,34.923674460521575,1.0,24.7660229,2.0,602.431970432938,67.47301345779326,2810,0.0426849847291448,2810,0,0,1.0,0.0,0.0,True,3496.0,33.35882734897215,0.9730346880262302,3503,75,0.0209614309670206,,0.3203772410170407,,,intact
264,267,35.413359383768665,35.355585911805655,5.477225575051661,135.6490940201951,6.477225575051661,596.0959731396474,83.5546015514925,5692,0.0864636772520613,5692,0,0,1.0,0.0,0.0,True,2225.0,26.612769430462027,0.7521030395270369,2225,0,0.0,,0.2758067637633262,,,intact
264,287,35.413359383768665,34.368463896086006,1.0,24.7660229,2.0,615.578353054726,48.6217987901194,2536,0.0385228189584025,2536,0,0,1.0,0.0,0.0,True,2050.0,25.544769849751454,0.7321324851976453,2050,0,0.0,,0.3090169943749474,,,intact
264,294,35.413359383768665,35.211250744385694,1.0,24.7660229,2.0,622.6446439826291,25.855494084351378,3097,0.0470446255182069,3097,0,0,1.0,0.0,0.0,True,3069.0,31.25528820372728,0.885110392737373,3071,0,0.0,,0.3090169943749474,,,intact
265,282,34.984897798553995,34.44496115286034,4.449489742783178,110.1961648630833,5.449489742783178,610.4442255754096,58.41289374312742,5282,0.0802356189819725,5237,45,0,0.9914804998106778,0.0085195001893222,0.0,True,2837.0,30.05070959400816,0.8656422481006929,2837,0,0.0,,0.2779262976266636,0.3214835140128368,,intact
265,288,34.984897798553995,36.07761731453599,1.0,24.7660229,2.0,618.3493459853722,39.09370762367744,2859,0.0434293136443505,2859,0,0,1.0,0.0,0.0,True,3359.0,32.69866828620629,0.9202789469010246,3360,53,0.0155288602402578,,0.3090169943749474,,,intact
266,275,33.78195496630892,34.063611028218084,5.81864367245563,144.10466243897622,6.81864367245563,603.7138972108903,81.37371343754059,5571,0.0846256405430839,5566,5,0,0.9991024950637228,0.0008975049362771,0.0,True,3090.0,31.36203992580701,0.9245125887323852,3114,108,0.0335195530726257,,0.2742918851774317,0.4406653925083386,,intact
266,291,33.78195496630892,34.42261180835793,1.0,24.7660229,2.0,624.9776289905014,35.54003364573307,2790,0.0423811770086526,2790,0,0,1.0,0.0,0.0,True,3937.0,35.40036753913134,1.038064435071819,3939,0,0.0,,0.3090169943749474,,,intact
266,302,33.78195496630892,33.78327978713968,7.194052389321207,178.16806621772872,8.194052389321207,631.8735602265833,27.9407971948698,5422,0.0823622730254175,5422,0,0,1.0,0.0,0.0,True,2507.0,28.24894484158237,0.8361976375769349,2507,41,0.0160910518053375,,0.2696862318229452,,,intact
267,280,35.355585911805655,35.00874289082228,1.0,24.7660229,2.0,612.0031151501225,70.71709724326962,2822,0.0428672693614401,2822,0,0,1.0,0.0,0.0,True,2164.0,26.24542995840844,0.7459867920300046,2164,0,0.0,,0.3090169943749474,,,intact
267,294,35.355585911805655,35.211250744385694,1.0,24.7660229,2.0,626.8845808276405,40.79174943196586,2935,0.0445837829822206,2935,0,0,1.0,0.0,0.0,True,2799.0,29.84877504066842,0.8459717469296412,2799,0,0.0,,0.3090169943749474,,,intact
267,297,35.355585911805655,34.37109114548263,1.0,24.7660229,2.0,633.5139770047232,18.29674565714835,2768,0.0420469885161113,2768,0,0,1.0,0.0,0.0,True,2877.0,30.26181657717801,0.8680125844033707,2878,0,0.0,,0.3090169943749474,,,intact
268,273,34.6642280005678,37.51463747676039,8.222125139210444,203.62933948435156,9.222125139210444,603.9582089487217,82.63396851624736,7504,0.1139886567286486,2831,259,4414,0.3772654584221748,0.0345149253731343,0.5882196162046909,False,3.0,0.9772050238058398,0.0270773173655046,353,3123,0.8984464902186421,0.3516287047744073,0.1238993430992954,0.2598751755617592,0.2277293616751118,cohesive
268,298,34.6642280005678,34.02193090762314,2.146264369941973,53.15443253543696,3.146264369941973,629.8815243475265,30.62317402623717,3084,0.046847150499887,2601,194,289,0.8433852140077821,0.062905317769131,0.0937094682230869,True,562.0,13.374982468597496,0.3894520433578214,1663,2864,0.6326485531256903,0.4026997478492772,0.2572842744474721,0.4047889733518942,0.1454154734018051,cohesive
269,271,34.29263964167059,34.799725419400566,1.0,24.7660229,2.0,600.8928081290494,86.29113841150621,2655,0.0403304748953307,2655,0,0,1.0,0.0,0.0,True,2970.0,30.747038263316654,0.8900270886989949,2970,0,0.0,,0.3090169943749474,,,intact
269,272,34.29263964167059,34.41233345339169,9.954451150103322,246.53216514039025,10.954451150103322,604.6513854814589,81.12776095019677,7152,0.1086416408479871,7152,0,0,1.0,0.0,0.0,True,1601.0,22.57463461011604,0.6571470329776882,1601,0,0.0,,0.2687959533979826,,,intact
269,276,34.29263964167059,35.38370174832421,2.863703305156273,70.92254163430594,3.863703305156273,603.4686849587854,82.54849411853594,3731,0.0566753302578076,3731,0,0,1.0,0.0,0.0,True,2719.0,29.419119302482983,0.8444507480040401,2719,0,0.0,,0.2791745113185196,,,intact
269,295,34.29263964167059,35.338070436641885,1.0,24.7660229,2.0,630.9459842053654,23.23480144610762,2788,0.0423507962366034,2788,0,0,1.0,0.0,0.0,True,3846.0,34.988852828620416,1.0049833698168251,3846,0,0.0,,0.3090169943749474,,,intact
270,272,34.337512963030974,34.41233345339169,1.0,24.7660229,2.0,604.7730717135803,80.46522299696466,2359,0.0358341206320472,2359,0,0,1.0,0.0,0.0,True,2097.0,25.835940689810563,0.7515926809005639,2099,28,0.0131640808650681,,0.3090169943749474,,,intact
270,274,34.337512963030974,34.923674460521575,1.0,24.7660229,2.0,607.1693115459487,76.12541685122243,2553,0.0387810555208209,2553,0,0,1.0,0.0,0.0,True,3204.0,31.935323316554435,0.9221708291329322,3204,44,0.0135467980295566,,0.3090169943749474,,,intact
270,283,34.337512963030974,33.02748550656999,5.422466567392307,134.29293118252227,6.422466567392307,615.8872308975662,62.42642305187292,5139,0.0780633937804538,4183,956,0,0.8139715898034637,0.1860284101965363,0.0,True,2329.0,27.22762797090574,0.8083612733456067,2330,0,0.0,,0.2330240281039237,0.3911637853252454,,intact
270,296,34.337512963030974,33.97746035425201,3.1815405503520555,78.79410612729761,4.181540550352056,628.4753624715313,34.970390310608295,3863,0.0586804612130556,3782,81,0,0.9790318405384416,0.0209681594615583,0.0,True,2222.0,26.594822185913987,0.7785942347484098,2222,9,0.004034065441506,,0.2791745113185196,0.4270509831248423,,intact
271,272,34.799725419400566,34.41233345339169,1.0,24.7660229,2.0,606.9674608786288,83.80275904062172,2535,0.0385076285723779,2535,0,0,1.0,0.0,0.0,True,2320.0,27.17496892263898,0.7852668845637143,2320,0,0.0,,0.3133921657949117,,,intact
271,295,34.799725419400566,35.338070436641885,4.449489742783178,110.1961648630833,5.449489742783178,633.2620596025354,35.99833821640829,5301,0.0805242363164401,5301,0,0,1.0,0.0,0.0,True,2978.0,30.78842056772852,0.8779409216372192,2978,0,0.0,,0.2779262976266636,,,intact
271,300,34.799725419400566,34.3772871687096,1.0,24.7660229,2.0,633.4624286944404,27.15894390974795,2755,0.0418495134977914,2755,0,0,1.0,0.0,0.0,True,2830.0,30.013613209677494,0.867733719245231,2830,0,0.0,,0.3133921657949117,,,intact
272,277,34.41233345339169,34.41495400927894,7.0,173.3621603,8.0,613.6283027664931,85.64290198042784,6277,0.0953500530764562,4826,1451,0,0.7688386171738092,0.2311613828261908,0.0,True,1982.0,25.117527633433056,0.7298712054301392,1991,0,0.0,,0.2222222222222222,0.3850786724304072,,intact
272,296,34.41233345339169,33.97746035425201,2.6502815398728847,65.63693330793913,3.6502815398728847,634.4283289889893,48.24925992385912,3583,0.0544271531261658,3578,5,0,0.9986045213508232,0.0013954786491766,0.0,True,2568.0,28.59055416951505,0.8361058742165584,2568,17,0.0065764023210831,,0.2843646522044218,0.3577747210701756,,intact
272,299,34.41233345339169,34.80419319815187,1.0,24.7660229,2.0,638.0889544371837,40.846515509245705,2519,0.0382645823959842,2519,0,0,1.0,0.0,0.0,True,2670.0,29.15282826949593,0.8423661134069867,2670,0,0.0,,0.3090169943749474,,,intact
273,303,37.51463747676039,33.23713006840151,1.0,24.7660229,2.0,640.2423947143482,16.990548602775938,3783,0.0574652303310871,3783,0,0,1.0,0.0,0.0,True,5015.0,39.95402456839248,1.1294141745049475,5042,240,0.0454373343430518,,0.3090169943749474,,,intact
274,279,34.923674460521575,33.67092872951251,8.0,198.1281832,9.0,616.370811648917,88.72381743316473,7217,0.1096290159395865,2568,859,3790,0.3558265207149785,0.1190245254260773,0.5251489538589441,False,2589.0,28.707216781322323,0.8370109439015783,2714,930,0.2552140504939627,0.3501496858404574,0.1139189007235634,0.331802507650613,0.236230785116894,cohesive
274,290,34.923674460521575,33.03492496746054,2.449489742783178,60.66411906308329,3.449489742783178,630.3205756731593,65.43126193293811,3316,0.0503713200575958,3316,0,0,1.0,0.0,0.0,True,4446.0,37.61922053914905,1.10712171397868,4604,1268,0.2159400544959128,,0.2843646522044218,,,intact
274,304,34.923674460521575,35.535592696227965,1.0,24.7660229,2.0,643.9423292903964,38.47105138073362,2724,0.0413786115310286,2724,0,0,1.0,0.0,0.0,True,3078.0,31.301083522359217,0.8884873427004065,3078,1,0.0003247807729782,,0.3090169943749474,,,intact
275,286,34.063611028218084,33.803348570228785,1.0,24.7660229,2.0,623.7024676855908,65.26126742498117,2464,0.0374291111646309,2464,0,0,1.0,0.0,0.0,True,1958.0,24.96499062983726,0.7357038175144237,1958,0,0.0,,0.3090169943749474,,,intact
276,301,35.38370174832421,33.896966355948706,1.0,24.7660229,2.0,636.7284938245427,37.391186543587736,2721,0.0413330403729548,2721,0,0,1.0,0.0,0.0,True,2696.0,29.294426998176625,0.8456739174075569,2696,0,0.0,,0.3090169943749474,,,intact
277,278,34.41495400927894,35.22106816912488,3.2426406871192857,80.30731351366796,4.242640687119286,616.4065968479645,89.80315486685494,4298,0.0652882791337595,4297,1,0,0.9997673336435552,0.0002326663564448,0.0,True,2106.0,25.891323262882167,0.743618674729868,2106,0,0.0,,0.2817290466902531,0.4708313008125245,,intact
277,282,34.41495400927894,34.44496115286034,1.0,24.7660229,2.0,623.1260746081257,79.11099551920249,2577,0.0391456247854114,2577,0,0,1.0,0.0,0.0,True,2055.0,25.575903036015948,0.7428386449734737,2055,0,0.0,,0.3090169943749474,,,intact
277,292,34.41495400927894,34.94629997264993,1.0,24.7660229,2.0,636.5294737510474,55.36963168387455,2691,0.0408773287922166,2691,0,0,1.0,0.0,0.0,True,2383.0,27.541467985130588,0.7941456188870559,2383,0,0.0,,0.3090169943749474,,,intact
275,302,34.063611028218084,33.78327978713968,1.0,24.7660229,2.0,637.3806074353063,33.241258260124084,2781,0.0422444635344312,2781,0,0,1.0,0.0,0.0,True,2401.0,27.645289593840054,0.8149316574896691,2580,3,0.0011614401858304,,0.3145198591387564,,,intact
276,277,35.38370174832421,34.41495400927894,3.16227766016838,78.31704094788851,4.16227766016838,612.4456022438196,83.66267074589443,3687,0.0560069532727249,3620,67,0,0.9818280444806076,0.0181719555193924,0.0,True,2762.0,29.650833135674784,0.8496104348670047,2762,39,0.0139235987147447,,0.2771863727725964,0.3699677034698106,,intact
276,291,35.38370174832421,34.42261180835793,2.146264369941973,53.15443253543696,3.146264369941973,630.0545225822634,52.1842179665348,3871,0.0588019843012525,3726,131,14,0.9625419788168432,0.0338413846551278,0.0036166365280289,True,3330.0,32.557209969406514,0.9327869732863155,3330,12,0.0035906642728904,0.455695514421598,0.2898979485566356,0.4437410968480305,0.1657975658649624,intact
276,299,35.38370174832421,34.80419319815187,1.7320508075688772,42.89600996421431,2.732050807568877,636.9062539145102,35.11827481043068,3509,0.0533030645603449,3509,0,0,1.0,0.0,0.0,True,2730.0,29.47856830447755,0.8399900959262943,2731,0,0.0,,0.2958163163244892,,,intact
278,287,35.22106816912488,34.368463896086006,1.7320508075688772,42.89600996421431,2.732050807568877,627.7916481043985,71.37798187811543,2940,0.0446597349123437,2940,0,0,1.0,0.0,0.0,True,1700.0,23.26213245840639,0.6685526333646831,1700,0,0.0,,0.2898979485566356,,,intact
278,288,35.22106816912488,36.07761731453599,1.0,24.7660229,2.0,630.9072245641047,65.69518439107692,2974,0.0451762080371803,2974,0,0,1.0,0.0,0.0,True,2504.0,28.2320377409108,0.7919371177573978,2505,0,0.0,,0.3090169943749474,,,intact
278,306,35.22106816912488,34.66906180829361,1.0,24.7660229,2.0,649.6435733202804,13.79203761706931,2749,0.0417583711816438,2749,0,0,1.0,0.0,0.0,True,2370.0,27.46624164780438,0.7859834187367722,2370,0,0.0,,0.3090169943749474,,,intact
279,289,33.67092872951251,34.83550115772572,1.0,24.7660229,2.0,630.8259065869754,66.1815531170246,3010,0.0457230619340661,3010,0,0,1.0,0.0,0.0,True,2993.0,30.86586284794393,0.9011084915313564,3208,788,0.1971971971971972,,0.3203772410170407,,,intact
277,299,34.41495400927894,34.80419319815187,2.146264369941973,53.15443253543696,3.146264369941973,640.9912189726385,46.56789901705199,3608,0.0548069127767809,3608,0,0,1.0,0.0,0.0,True,2159.0,26.215091918030804,0.7574520338851145,2160,0,0.0,,0.2933997741163456,,,intact
277,307,34.41495400927894,34.7731578718143,1.0,24.7660229,2.0,649.4171928064034,18.720318844149336,2622,0.0398291921565187,2622,0,0,1.0,0.0,0.0,True,2018.0,25.344611859700866,0.732629093947762,2018,0,0.0,,0.3090169943749474,,,intact
278,282,35.22106816912488,34.44496115286034,3.0,74.2980687,4.0,623.0021041541421,79.52963834484044,3990,0.0606096402381807,3990,0,0,1.0,0.0,0.0,True,2487.0,28.13603893477345,0.8077405647660266,2487,0,0.0,,0.2817290466902531,,,intact
278,286,35.22106816912488,33.803348570228785,2.146264369941973,53.15443253543696,3.146264369941973,627.2333086727748,72.10419583088868,3304,0.0501890354253005,3304,0,0,1.0,0.0,0.0,True,1657.0,22.96605062710045,0.6654471478932923,1657,0,0.0,,0.2933997741163456,,,intact
282,283,34.44496115286034,33.02748550656999,1.7320508075688772,42.89600996421431,2.732050807568877,631.3379692566566,87.3611536885781,2962,0.044993923404885,2962,0,0,1.0,0.0,0.0,True,2662.0,29.10912085620675,0.8628446809743278,2662,0,0.0,,0.2989350844248255,,,intact
282,288,34.44496115286034,36.07761731453599,2.146264369941973,53.15443253543696,3.146264369941973,637.6267023242658,77.53849628418412,3688,0.0560221436587495,3688,0,0,1.0,0.0,0.0,True,2437.0,27.85177180414018,0.7898682211971726,2437,0,0.0,,0.2898979485566356,,,intact
282,296,34.44496115286034,33.97746035425201,1.414213562373095,35.02444547122265,2.414213562373095,643.9261008306216,65.81725671085827,2596,0.0394342421198789,2596,0,0,1.0,0.0,0.0,True,2255.0,26.79158064288944,0.7831228434411522,2255,0,0.0,,0.2989350844248255,,,intact
282,307,34.44496115286034,34.7731578718143,1.0,24.7660229,2.0,656.012700112581,41.61457359007763,2531,0.0384468670282795,2531,0,0,1.0,0.0,0.0,True,2288.0,26.986904594423443,0.7797641708467473,2288,0,0.0,,0.3090169943749474,,,intact
280,288,35.00874289082228,36.07761731453599,1.0,24.7660229,2.0,634.6010715249073,72.27650581252978,2984,0.0453281118974263,2984,0,0,1.0,0.0,0.0,True,2560.0,28.54598585844434,0.803135391261533,2560,0,0.0,,0.3090169943749474,,,intact
280,297,35.00874289082228,34.37109114548263,1.0,24.7660229,2.0,645.1811821701868,50.56005396983081,2737,0.0415760865493485,2737,0,0,1.0,0.0,0.0,True,3583.0,33.771353573650586,0.9735207367598716,3583,0,0.0,,0.3090169943749474,,,intact
280,312,35.00874289082228,33.34426049964825,8.917213725368399,220.84391932666807,9.9172137253684,656.1294393590449,32.30493026216891,8283,0.1258219674418172,8283,0,0,1.0,0.0,0.0,True,2637.0,28.97211020734693,0.8477201811262646,2645,794,0.2308810700785112,,0.266978077589994,,,intact
281,284,32.91034682777117,34.28884977153511,1.0,24.7660229,2.0,628.2804074769931,77.97770107963031,2525,0.0383557247121319,2290,91,144,0.906930693069307,0.036039603960396,0.057029702970297,True,2299.0,27.05169917651264,0.805119720041174,2382,3024,0.5593784683684795,0.4494897427831781,0.3145198591387564,0.4449944320643648,0.1349698836444216,intact
282,313,34.44496115286034,34.09814123138656,1.0,24.7660229,2.0,660.2219124389721,29.15627731556537,2374,0.0360619764224163,2374,0,0,1.0,0.0,0.0,True,2485.0,28.12472341493725,0.8206434327198209,2485,0,0.0,,0.3090169943749474,,,intact
283,296,33.02748550656999,33.97746035425201,1.0,24.7660229,2.0,645.542488172975,68.84004508275618,2270,0.0344821762758572,2270,0,0,1.0,0.0,0.0,True,2113.0,25.934316831301917,0.7741015681191913,2113,0,0.0,,0.3133921657949117,,,intact
283,304,33.02748550656999,35.535592696227965,1.414213562373095,35.02444547122265,2.414213562373095,652.6602486420138,54.41797114840068,2901,0.044067309857384,2901,0,0,1.0,0.0,0.0,True,3061.0,31.214524849957005,0.9105345228996206,3062,39,0.0125765881973556,,0.2989350844248255,,,intact
283,305,33.02748550656999,34.6416302818491,1.0,24.7660229,2.0,652.2518116278613,55.72273286671752,2499,0.0379607746754921,2487,12,0,0.9951980792316928,0.0048019207683073,0.0,True,3727.0,34.44330044880989,1.0179917395848264,3751,649,0.1475,,0.3090169943749474,0.4423321653205262,,intact
283,313,33.02748550656999,34.09814123138656,9.633758019665985,238.5898717281064,10.633758019665985,661.8382997813255,42.884255739039794,6253,0.0949854838118657,6249,4,0,0.9993603070526148,0.0006396929473852,0.0,True,2165.0,26.251493359195905,0.7821600969679099,2165,0,0.0,,0.2665513105273526,0.2852740873786491,,intact
284,290,34.28884977153511,33.03492496746054,1.0,24.7660229,2.0,640.5313376883907,82.12365611879653,2428,0.036882257267745,2428,0,0,1.0,0.0,0.0,True,5228.0,40.79367702192164,1.2118654124808868,5300,347,0.0614485567557995,,0.3090169943749474,,,intact
284,305,34.28884977153511,34.6416302818491,1.0,24.7660229,2.0,653.7446542914754,58.19594641995677,2697,0.0409684711083642,2674,11,12,0.9914720059325176,0.0040786058583611,0.0044493882091212,True,2348.0,27.33846397952051,0.7932184414891015,2493,1110,0.3080766028309742,0.4574428236973252,0.3090169943749474,0.4211646096066227,0.1484258293223777,intact
284,315,34.28884977153511,34.032789929220975,1.0,24.7660229,2.0,670.063620497983,12.616749516766482,2383,0.0361986898966377,2383,0,0,1.0,0.0,0.0,True,3002.0,30.91223509104024,0.904903196891457,3759,1191,0.2406060606060606,,0.3090169943749474,,,intact
286,287,33.803348570228785,34.368463896086006,1.0,24.7660229,2.0,638.7423303831922,89.02846393841963,2794,0.0424419385527511,2794,0,0,1.0,0.0,0.0,True,1652.0,22.93137440223813,0.6727523758758515,1652,0,0.0,,0.3133921657949117,,,intact
286,292,33.803348570228785,34.94629997264993,1.0,24.7660229,2.0,647.3561855758576,74.49329770507656,2654,0.0403152845093061,2654,0,0,1.0,0.0,0.0,True,2170.0,26.28178938007886,0.7645650541380462,2170,0,0.0,,0.3090169943749474,,,intact
286,293,33.803348570228785,35.26028324496813,1.0,24.7660229,2.0,647.2912918908776,74.25429523227547,2816,0.0427761270452924,2816,0,0,1.0,0.0,0.0,True,2202.0,26.47486297182116,0.766680299775245,2202,0,0.0,,0.3090169943749474,,,intact
286,306,33.803348570228785,34.66906180829361,1.0,24.7660229,2.0,660.5942555990741,49.756952493008704,2389,0.0362898322127854,2389,0,0,1.0,0.0,0.0,True,2220.0,26.582850624566497,0.7764543551954376,2220,0,0.0,,0.3090169943749474,,,intact
286,309,33.803348570228785,34.666545747833375,1.0,24.7660229,2.0,662.1330532948205,45.05173862701147,2804,0.0425938424129971,2804,0,0,1.0,0.0,0.0,True,2580.0,28.65727667372076,0.8370767023708127,2580,0,0.0,,0.3090169943749474,,,intact
287,293,34.368463896086006,35.26028324496813,1.0,24.7660229,2.0,647.8496313225013,75.50526602920033,2588,0.0393127190316821,2588,0,0,1.0,0.0,0.0,True,3297.0,32.39548880242368,0.9305205143730876,3297,0,0.0,,0.3090169943749474,,,intact
287,294,34.368463896086006,35.211250744385694,1.0,24.7660229,2.0,646.3669607427191,78.13105795884222,2892,0.0439305963831625,2892,0,0,1.0,0.0,0.0,True,2513.0,28.28272872231154,0.8129590317652904,2513,0,0.0,,0.3090169943749474,,,intact
287,306,34.368463896086006,34.66906180829361,1.0,24.7660229,2.0,661.1525950306979,51.991904302953536,2452,0.0372468265323356,2452,0,0,1.0,0.0,0.0,True,2237.0,26.684437700523876,0.7730415430815782,2237,0,0.0,,0.3090169943749474,,,intact
288,313,36.07761731453599,34.09814123138656,4.65685424949238,115.33175898489058,5.65685424949238,668.1270328489347,55.73528933860529,4347,0.0660326080489653,4347,0,0,1.0,0.0,0.0,True,2147.0,26.14213697532393,0.7450475069169844,2147,0,0.0,,0.2798057840438667,,,intact
288,319,36.07761731453599,33.10492506183569,1.0,24.7660229,2.0,679.333683273966,12.226241324165974,2586,0.0392823382596329,2586,0,0,1.0,0.0,0.0,True,2107.0,25.89746957116172,0.7486706524970564,2107,0,0.0,,0.3090169943749474,,,intact
289,316,34.83550115772572,36.16501681690876,1.0,24.7660229,2.0,677.1597867286973,18.28902525798836,2976,0.0452065888092295,2716,176,84,0.9126344086021504,0.0591397849462365,0.0282258064516129,True,788.0,15.837556323903858,0.4461250924834649,2698,2816,0.5107000362713094,0.4211646096066227,0.2958163163244892,0.4072739409583566,0.1253482932821334,intact
290,304,33.03492496746054,35.535592696227965,4.766114533138578,118.03770167173282,5.766114533138578,658.7443870677805,68.30680907888792,5252,0.0797799074012343,4096,703,453,0.7798933739527799,0.1338537699923838,0.0862528560548362,True,2105.0,25.885175495191827,0.754994314674667,2118,235,0.0998725031874203,0.420449861343358,0.2290162883342605,0.4010304899342249,0.1914335730090974,cohesive
290,318,33.03492496746054,35.3688224619995,1.0,24.7660229,2.0,678.8798828660354,5.729544000186039,2722,0.0413482307589794,2722,0,0,1.0,0.0,0.0,True,4764.0,38.94134432424719,1.1385734199549418,4798,576,0.1071827316710085,,0.3090169943749474,,,intact
291,301,34.42261180835793,33.896966355948706,4.0,99.0640916,5.0,658.4223792211149,79.23130453615285,4943,0.0750860781196309,4930,13,0,0.9973700182075662,0.0026299817924337,0.0,True,3634.0,34.01085306768849,0.9956400194946566,3634,3,0.0008248556502612,,0.2817290466902531,0.3874258867227931,,intact
291,302,34.42261180835793,33.78327978713968,4.123105625617661,102.1129283431658,5.123105625617661,658.6443392149174,79.00440198083675,4732,0.0718809066684389,4732,0,0,1.0,0.0,0.0,True,3410.0,32.94596654959035,0.9660739205633424,3410,0,0.0,,0.2817290466902531,,,intact
291,326,34.42261180835793,34.557408115356345,5.324555320336759,131.868058995777,6.324555320336759,687.5624874674673,22.878576675960318,4847,0.0736278010612686,4847,0,0,1.0,0.0,0.0,True,2988.0,30.8400703617415,0.8941740056279442,2988,15,0.0049950049950049,,0.2771863727725964,,,intact
287,310,34.368463896086006,34.07300414195759,1.0,24.7660229,2.0,662.45657393118,47.93129277730864,2347,0.0356518359997519,2347,0,0,1.0,0.0,0.0,True,2355.0,27.379185195378387,0.8000759183061212,2355,0,0.0,,0.3090169943749474,,,intact
288,306,36.07761731453599,34.66906180829361,13.560219778561036,335.8327135648755,14.560219778561036,664.268171490404,62.98132982266953,10602,0.1610484726328802,10600,2,0,0.9998113563478588,0.0001886436521411,0.0,True,1214.0,19.657777133417756,0.5557229647285109,1214,0,0.0,,0.2624875174198633,0.4457044926950874,,intact
288,310,36.07761731453599,34.07300414195759,1.0,24.7660229,2.0,665.5721503908862,54.99128153445374,2887,0.0438546444530395,2887,0,0,1.0,0.0,0.0,True,2459.0,27.977205187901475,0.7976324259722357,2459,0,0.0,,0.3090169943749474,,,intact
288,312,36.07761731453599,33.34426049964825,1.0,24.7660229,2.0,667.060190568366,51.03093192728921,2777,0.0421837019903328,2777,0,0,1.0,0.0,0.0,True,2887.0,30.314363615497584,0.8733374714131912,2887,3,0.001038062283737,,0.3090169943749474,,,intact
292,302,34.94629997264993,33.78327978713968,1.0,24.7660229,2.0,661.0343253255729,82.64050604509224,2362,0.035879691790121,2362,0,0,1.0,0.0,0.0,True,2880.0,30.277590264241923,0.8810643210699767,2883,59,0.0200543847722637,,0.3090169943749474,,,intact
292,306,34.94629997264993,34.66906180829361,6.348469228349534,157.22633428924988,7.348469228349534,669.7664502233631,69.55000170029149,5703,0.086630771498332,5666,37,0,0.9935121865684728,0.0064878134315272,0.0,True,1704.0,23.28948359361322,0.6690903558584527,1704,0,0.0,,0.2711923793731366,0.3918303921912176,,intact
292,307,34.94629997264993,34.7731578718143,4.449489742783178,110.1961648630833,5.449489742783178,669.4160992555027,70.21344986815458,4253,0.0646047117626523,4253,0,0,1.0,0.0,0.0,True,1859.0,24.325667070312107,0.6978157266965489,1859,0,0.0,,0.2771863727725964,,,intact
292,323,34.94629997264993,34.62411500436796,1.0,24.7660229,2.0,687.003245141196,31.82510632760017,2535,0.0385076285723779,2535,0,0,1.0,0.0,0.0,True,2734.0,29.50015642037316,0.8480661335746907,2734,0,0.0,,0.3090169943749474,,,intact
292,324,34.94629997264993,33.309798381788774,3.47213595499958,85.99099857343296,4.47213595499958,688.2529280532035,29.870878388435877,3659,0.0555816224640359,3659,0,0,1.0,0.0,0.0,True,2273.0,26.898296810314147,0.7881580535306102,2273,0,0.0,,0.2817290466902531,,,intact
293,309,35.26028324496813,34.666545747833375,1.0,24.7660229,2.0,671.2403542341294,65.54865104031873,2560,0.0388873882229931,2560,0,0,1.0,0.0,0.0,True,2833.0,30.02951727148938,0.8588839992896208,2833,0,0.0,,0.3090169943749474,,,intact
293,325,35.26028324496813,35.71597759673222,1.0,24.7660229,2.0,692.3599572724472,7.265236423655504,2775,0.0421533212182835,2775,0,0,1.0,0.0,0.0,True,3264.0,32.23295624828558,0.908274283994062,3264,0,0.0,,0.3090169943749474,,,intact
294,297,35.211250744385694,34.37109114548263,1.0,24.7660229,2.0,660.0626478477049,78.87127652817982,3032,0.0460572504266075,3032,0,0,1.0,0.0,0.0,True,2430.0,27.81174254566965,0.7993908164139911,2430,0,0.0,,0.3090169943749474,,,intact
294,310,35.211250744385694,34.07300414195759,1.0,24.7660229,2.0,669.5228648590831,61.85071261626506,2799,0.0425178904828741,2799,0,0,1.0,0.0,0.0,True,2013.0,25.313194205551596,0.7307055332290543,2013,0,0.0,,0.3164309725825327,,,intact
294,322,35.211250744385694,34.05517337916273,1.0,24.7660229,2.0,683.3643902681232,30.59483583782738,2681,0.0407254249319705,2681,0,0,1.0,0.0,0.0,True,3274.0,32.28229495196602,0.932119576272194,3274,0,0.0,,0.3145198591387564,,,intact
294,331,35.211250744385694,34.33312542075766,10.180339887498947,252.1265307835824,11.180339887498947,690.0583729728677,24.602140732522013,8165,0.1240295018909137,8164,1,0,0.9998775260257196,0.0001224739742804,0.0,True,1848.0,24.2535908613064,0.6974997030302689,1848,0,0.0,,0.2668873591593924,0.4822611653836068,,intact
295,299,35.338070436641885,34.80419319815187,10.180339887498947,252.1265307835824,11.180339887498947,664.3835531610903,88.45341193458793,9208,0.1398730745145784,9177,31,0,0.9966333622936576,0.0033666377063423,0.0,True,2122.0,25.989489769558844,0.7410507851550681,2122,0,0.0,,0.2663346240702891,0.2273064955953337,,intact
295,300,35.338070436641885,34.3772871687096,1.0,24.7660229,2.0,663.5156047707565,89.66871613727886,3082,0.0468167697278378,3082,0,0,1.0,0.0,0.0,True,3198.0,31.905407316249114,0.9153049890918152,3198,17,0.0052877138413685,,0.3145198591387564,,,intact
295,301,35.338070436641885,33.896966355948706,1.8284271247461903,45.2828680424453,2.8284271247461903,664.2057930711228,88.59329635106735,3090,0.0469382928160347,3090,0,0,1.0,0.0,0.0,True,3162.0,31.725318912709863,0.9164527205423556,3162,14,0.0044080604534005,,0.2898979485566356,,,intact
295,317,35.338070436641885,34.492048097229414,7.613903745752154,188.5661145256936,8.613903745752154,685.0631377128316,56.40195899615158,6265,0.0951677684441609,6257,8,0,0.9987230646448524,0.0012769353551476,0.0,True,1930.0,24.78584435387901,0.7098897975336119,1930,0,0.0,,0.2696862318229452,0.3397705375105277,,intact
295,327,35.338070436641885,35.42991301967603,1.0,24.7660229,2.0,694.6265325656112,26.925315440995984,3103,0.0471357678343545,3103,0,0,1.0,0.0,0.0,True,3743.0,34.51715376426522,0.9755019735886976,3833,677,0.1501108647450111,,0.3090169943749474,,,intact
296,304,33.97746035425201,35.535592696227965,2.6502815398728847,65.63693330793913,3.6502815398728847,665.2483802159788,78.48030747102048,4113,0.0624780577192073,4113,0,0,1.0,0.0,0.0,True,3051.0,31.163495675978737,0.896622844441834,3051,10,0.0032669062397909,,0.2817290466902531,,,intact
296,307,33.97746035425201,34.7731578718143,4.55269276785519,112.752093345366,5.55269276785519,670.2172190288995,70.74814570829962,5006,0.0760430724391811,5006,0,0,1.0,0.0,0.0,True,1972.0,25.05408341078227,0.7288395088579201,1972,0,0.0,,0.2817290466902531,,,intact
296,317,33.97746035425201,34.492048097229414,1.7320508075688772,42.89600996421431,2.732050807568877,682.470829746876,46.96313333986723,2906,0.044143261787507,2906,0,0,1.0,0.0,0.0,True,2688.0,29.25093116572581,0.8544221165675077,2688,0,0.0,,0.2989350844248255,,,intact
296,329,33.97746035425201,33.69687930517439,1.0,24.7660229,2.0,690.9723865930468,19.10740728625552,2477,0.0376265861829508,2477,0,0,1.0,0.0,0.0,True,2394.0,27.604960922341384,0.8158176662310814,2395,20,0.0082815734989648,,0.3090169943749474,,,intact
297,310,34.37109114548263,34.07300414195759,1.0,24.7660229,2.0,676.1522610361658,74.17855410623011,2546,0.0386747228186486,2546,0,0,1.0,0.0,0.0,True,2352.0,27.36174066656352,0.7995354618000046,2352,0,0.0,,0.3090169943749474,,,intact
297,320,34.37109114548263,35.407012892082825,1.0,24.7660229,2.0,689.9954360486327,49.7725957169154,2553,0.0387810555208209,2553,0,0,1.0,0.0,0.0,True,4314.0,37.05656283301074,1.0621258156587667,4935,26,0.0052408788550695,,0.3090169943749474,,,intact
297,331,34.37109114548263,34.33312542075766,1.0,24.7660229,2.0,696.6877691499503,29.69473375117159,2769,0.0420621789021359,2769,0,0,1.0,0.0,0.0,True,2967.0,30.731505532715232,0.8946031864896049,3429,14,0.0040662213186174,,0.3090169943749474,,,intact
299,301,34.80419319815187,33.896966355948706,1.0,24.7660229,2.0,665.2741105533617,89.69626659249967,2756,0.041864703883816,2756,0,0,1.0,0.0,0.0,True,2926.0,30.5184325772765,0.8884401013128153,2926,0,0.0,,0.3090169943749474,,,intact
299,307,34.80419319815187,34.7731578718143,3.47213595499958,85.99099857343296,4.47213595499958,673.877844477094,76.44032880749637,4780,0.07261004519762,4779,1,0,0.9997907949790796,0.0002092050209205,0.0,True,2421.0,27.76019154204375,0.7979663242461883,2421,0,0.0,,0.2801868778094689,0.2989350844248255,,intact
299,317,34.80419319815187,34.492048097229414,2.146264369941973,53.15443253543696,3.146264369941973,686.1314551950704,54.94872867375017,3503,0.0532119222441972,3503,0,0,1.0,0.0,0.0,True,3066.0,31.240008179248324,0.9016364407438796,3066,0,0.0,,0.2933997741163456,,,intact
299,323,34.80419319815187,34.62411500436796,1.0,24.7660229,2.0,691.4649903627873,44.00562680583483,2561,0.0389025786090177,2561,0,0,1.0,0.0,0.0,True,3212.0,31.97516777786061,0.9210988602686448,3212,0,0.0,,0.3090169943749474,,,intact
300,314,34.3772871687096,33.97256561883531,1.0,24.7660229,2.0,679.1200730502558,63.69519323274229,2657,0.04036085566738,2657,0,0,1.0,0.0,0.0,True,4235.0,36.715696479685,1.0743460295023648,4238,373,0.0808935155063977,,0.3203772410170408,,,intact
300,317,34.3772871687096,34.492048097229414,1.0,24.7660229,2.0,685.2635068047366,50.99644022883458,2545,0.038659532432624,2545,0,0,1.0,0.0,0.0,True,2718.0,29.413708889691947,0.8541888425700895,2718,0,0.0,,0.3090169943749474,,,intact
300,337,34.3772871687096,33.573291294404,4.841619252963779,119.90765329198184,5.841619252963779,699.0048657756042,15.419513023429143,4614,0.0700884411175353,4614,0,0,1.0,0.0,0.0,True,3068.0,31.25019569237719,0.91979189579206,3072,256,0.0769230769230769,,0.2817290466902531,,,intact
301,308,33.896966355948706,33.41468243856815,2.0,49.5320458,3.0,672.8203903085789,76.87436367585705,3139,0.0476826217312404,2276,637,226,0.7250716788786238,0.2029308697037273,0.0719974514176489,True,4278.0,36.90162182200474,1.0964408830529409,4592,216,0.0449251247920133,0.4068781988545112,0.23166247903554,0.392280956059262,0.1752157198189712,cohesive
301,326,33.896966355948706,34.557408115356345,1.0,24.7660229,2.0,694.2364587097468,34.43534100258535,2425,0.0368366861096712,2425,0,0,1.0,0.0,0.0,True,2537.0,28.41746261101221,0.8302599455619698,2537,0,0.0,,0.3090169943749474,,,intact
301,327,33.896966355948706,35.42991301967603,1.0,24.7660229,2.0,695.5170899578827,33.808625050175905,2453,0.0372620169183602,2453,0,0,1.0,0.0,0.0,True,2587.0,28.696126490477184,0.8278499407133768,2587,1,0.0003863987635239,,0.3090169943749474,,,intact
302,309,33.78327978713968,34.666545747833375,1.0,24.7660229,2.0,675.8111930445358,72.31094884296019,2785,0.0423052250785296,2785,0,0,1.0,0.0,0.0,True,3793.0,34.74693365313144,1.0152526578867085,4156,0,0.0,,0.3090169943749474,,,intact
302,332,33.78327978713968,34.85745533381016,1.0,24.7660229,2.0,696.8974568382702,23.993607534795498,2561,0.0389025786090177,2555,6,0,0.9976571651698556,0.0023428348301444,0.0,True,4741.0,38.84722860639291,1.1319001330024028,4741,119,0.0244855967078189,,0.3090169943749474,0.4515171618070864,,intact
304,314,35.535592696227965,33.97256561883531,1.0,24.7660229,2.0,683.4451564614337,70.54452194558469,3044,0.0462395350589027,3044,0,0,1.0,0.0,0.0,True,3526.0,33.501651581437685,0.9639631488891705,3526,0,0.0,,0.3090169943749474,,,intact
305,315,34.6416302818491,34.032789929220975,1.0,24.7660229,2.0,687.8682328632203,61.18901071757535,2781,0.0422444635344312,2781,0,0,1.0,0.0,0.0,True,3017.0,30.98936796090712,0.9025010437849096,3022,143,0.0451816745655608,,0.3090169943749474,,,intact
305,328,34.6416302818491,33.04819098246518,1.0,24.7660229,2.0,696.8425134550819,42.66274761502144,2410,0.0366088303193021,2410,0,0,1.0,0.0,0.0,True,3033.0,31.071431972077452,0.918053302305236,3033,1,0.0003295978905735,,0.3090169943749474,,,intact
305,330,34.6416302818491,34.607113552636065,1.0,24.7660229,2.0,698.7998501887478,38.535758284403606,2583,0.0392367671015591,2575,8,0,0.9969028261711188,0.0030971738288811,0.0,True,2238.0,26.69040136976819,0.7708558998142184,2328,787,0.2526484751203852,,0.3090169943749474,0.4565941008042993,,intact
306,307,34.66906180829361,34.7731578718143,2.863703305156273,70.92254163430594,3.863703305156273,682.6541692787193,89.4640861783274,3581,0.0543967723541165,3581,0,0,1.0,0.0,0.0,True,2365.0,27.43725352189364,0.7902182173405723,2365,0,0.0,,0.2791745113185196,,,intact
304,318,35.535592696227965,35.3688224619995,4.155870949147037,102.92439509602023,5.155870949147037,692.5016364832724,57.61956895411811,5169,0.078519105361192,4972,197,0,0.9618881795318244,0.0381118204681756,0.0,True,2724.0,29.44615645486938,0.8305873869535068,2724,0,0.0,,0.2696862318229452,0.3896054962258803,,intact
304,328,35.535592696227965,33.04819098246518,1.0,24.7660229,2.0,697.2509504692342,45.96049652514797,2295,0.0348619359264723,2289,6,0,0.9973856209150328,0.0026143790849673,0.0,True,2770.0,29.693743191606885,0.8659114909938049,2770,20,0.007168458781362,,0.3090169943749474,0.4084042666727913,,intact
304,334,35.535592696227965,34.644149962492534,1.0,24.7660229,2.0,703.472051923934,29.413686519831263,2695,0.040938090336315,2695,0,0,1.0,0.0,0.0,True,2518.0,28.3108511601256,0.8068097740910626,2518,0,0.0,,0.3090169943749474,,,intact
305,313,34.6416302818491,34.09814123138656,7.840676900366725,194.1823836659833,8.840676900366725,681.1357548101769,75.57312647995066,6363,0.0966564262745724,3679,412,2272,0.5781863900675782,0.0647493320760647,0.3570642778563571,True,2.0,0.7978845608028654,0.0232146410509739,2372,446,0.1582682753726046,0.3753612022949537,0.1757340838011157,0.3182100179442925,0.199627118493838,cohesive
306,319,34.66906180829361,33.10492506183569,1.0,24.7660229,2.0,698.0700320301418,63.6489716374157,2701,0.0410292326524626,2701,0,0,1.0,0.0,0.0,True,2042.0,25.49487767351121,0.7523499457797965,2042,0,0.0,,0.3133921657949117,,,intact
306,324,34.66906180829361,33.309798381788774,1.0,24.7660229,2.0,701.49099807642,57.39800962403252,2453,0.0372620169183602,2453,0,0,1.0,0.0,0.0,True,2726.0,29.45696436731072,0.866650728916113,2726,0,0.0,,0.3090169943749474,,,intact
306,333,34.66906180829361,34.009413816912414,1.0,24.7660229,2.0,707.6874027133987,42.66483774627179,2777,0.0421837019903328,2777,0,0,1.0,0.0,0.0,True,2866.0,30.203909247028676,0.87957424715884,2866,0,0.0,,0.3090169943749474,,,intact
306,341,34.66906180829361,35.04616676501287,1.0,24.7660229,2.0,712.2266259236515,35.317162254770096,2552,0.0387658651347962,2552,0,0,1.0,0.0,0.0,True,2027.0,25.40106571178744,0.7287092427754973,2027,0,0.0,,0.3090169943749474,,,intact
307,323,34.7731578718143,34.62411500436796,5.324555320336759,131.868058995777,6.324555320336759,699.8909641965521,62.55655435392124,5046,0.0766506878801654,5046,0,0,1.0,0.0,0.0,True,2175.0,26.31205051777122,0.7583021472534476,2175,0,0.0,,0.2758872381516119,,,intact
307,329,34.7731578718143,33.69687930517439,1.0,24.7660229,2.0,703.0589858750061,52.13821175955694,2616,0.0397380498403711,2616,0,0,1.0,0.0,0.0,True,2793.0,29.8167656212294,0.8709434622959479,2793,0,0.0,,0.3090169943749474,,,intact
307,341,34.7731578718143,35.04616676501287,1.0,24.7660229,2.0,711.876274955791,29.578919548105763,3080,0.0467863889557886,3080,0,0,1.0,0.0,0.0,True,2773.0,29.70981848459616,0.8510485782878887,2774,0,0.0,,0.3090169943749474,,,intact
308,338,33.41468243856815,33.951039623183405,1.0,24.7660229,2.0,710.13982302193,33.664204944922766,2270,0.0344821762758572,2270,0,0,1.0,0.0,0.0,True,3202.0,31.925354431243168,0.9478219324058734,3314,268,0.0748185371300949,,0.3090169943749474,,,intact
308,342,33.41468243856815,32.844899649806145,1.0,24.7660229,2.0,711.4077662155423,24.608021783699183,2486,0.0377632996571722,2486,0,0,1.0,0.0,0.0,True,2033.0,25.43863201140436,0.7678476443595845,2141,49,0.0223744292237442,,0.3203772410170408,,,intact
309,324,34.666545747833375,33.309798381788774,1.0,24.7660229,2.0,703.0297957721664,59.67160872588709,2721,0.0413330403729548,2721,0,0,1.0,0.0,0.0,True,3645.0,34.06228904727216,1.002180669861261,3645,0,0.0,,0.3090169943749474,,,intact
309,325,34.666545747833375,35.71597759673222,1.0,24.7660229,2.0,707.2017186763901,53.610454813481525,2673,0.0406039018437737,2673,0,0,1.0,0.0,0.0,True,3407.0,32.9314710000658,0.9357854602298374,4109,0,0.0,,0.3090169943749474,,,intact
310,319,34.07300414195759,33.10492506183569,1.0,24.7660229,2.0,699.3740109306239,66.12215787181844,2426,0.0368518764956958,2426,0,0,1.0,0.0,0.0,True,1799.0,23.92988686234516,0.7124330013135902,1799,0,0.0,,0.3090169943749474,,,intact
310,322,34.07300414195759,34.05517337916273,11.696440508742777,289.6743134880112,12.696440508742777,699.4540034565841,69.66785505462991,9427,0.1431997690539673,9387,40,0,0.995756868569004,0.004243131430996,0.0,True,1344.0,20.683531783305643,0.6071946303537495,1344,0,0.0,,0.2624839027492867,0.3491103478906412,,intact
310,331,34.07300414195759,34.33312542075766,2.146264369941973,53.15443253543696,3.146264369941973,706.1479861613286,54.3424832644296,3086,0.0468775312719362,3086,0,0,1.0,0.0,0.0,True,2032.0,25.43237481489809,0.7435700565862742,2032,0,0.0,,0.2898979485566356,,,intact
310,333,34.07300414195759,34.009413816912414,1.0,24.7660229,2.0,708.9913816138808,47.45694355376603,2525,0.0383557247121319,2525,0,0,1.0,0.0,0.0,True,2415.0,27.72577095652805,0.8144766824608893,2415,0,0.0,,0.3090169943749474,,,intact
310,340,34.07300414195759,33.97208296289707,1.0,24.7660229,2.0,712.8358801999202,38.45536548034597,2496,0.0379152035174183,2496,0,0,1.0,0.0,0.0,True,2219.0,26.57686282166937,0.7811544948341539,2219,0,0.0,,0.3090169943749474,,,intact
311,314,34.28627759674208,33.97256561883531,3.685557720282968,91.27660689979976,4.685557720282968,691.9744980125458,85.80834794433264,4500,0.0683567371107301,2345,188,1967,0.5211111111111111,0.0417777777777777,0.4371111111111111,True,55.0,4.1841419359420025,0.1225963329828928,1472,4895,0.7688079158159259,0.3874258867227931,0.1768425813511119,0.3333333333333333,0.2105833053716811,cohesive
311,339,34.28627759674208,32.924080466021984,5.414213562373095,134.08853707122265,6.414213562373095,713.8207024164442,48.43252216225255,5258,0.079871049717382,5160,98,0,0.9813617344998098,0.0186382655001901,0.0,True,3219.0,32.00999099696253,0.9525314823369978,3901,2573,0.3974358974358974,,0.2714970279031851,0.427897377591212,,intact
312,319,33.34426049964825,33.10492506183569,4.39834563766817,108.929528784605,5.39834563766817,700.8620511081037,69.97258265982508,4080,0.0619767749803953,4080,0,0,1.0,0.0,0.0,True,1918.0,24.708669767927827,0.7436861583522479,1918,0,0.0,,0.2799963309266677,,,intact
312,320,33.34426049964825,35.407012892082825,3.414213562373095,84.55649127122264,4.414213562373095,700.9436932374906,70.48881307667844,3869,0.0587716035292033,3869,0,0,1.0,0.0,0.0,True,2340.0,27.29185104880338,0.7939300525620767,2468,1269,0.3395772009633396,,0.2791745113185196,,,intact
312,330,33.34426049964825,34.607113552636065,9.071067811865476,224.65427315611325,10.071067811865476,707.3194960616432,60.8956232216103,6949,0.1055579924849919,3114,817,3018,0.4481220319470427,0.1175708735069794,0.4343070945459778,True,1420.0,21.260292528114064,0.6257501875313252,1782,1801,0.5026514094334357,0.3681391489461634,0.1387956486132114,0.3254969626360192,0.229343500332952,cohesive
312,340,33.34426049964825,33.97208296289707,1.0,24.7660229,2.0,714.3239203774001,38.364676032356826,2889,0.0438850252250887,2889,0,0,1.0,0.0,0.0,True,2632.0,28.944630252185583,0.8599584815027964,2641,68,0.0251015134736064,,0.3090169943749474,,,intact
313,319,34.09814123138656,33.10492506183569,1.0,24.7660229,2.0,701.9288933886723,70.86289353264954,2349,0.0356822167718011,2349,0,0,1.0,0.0,0.0,True,2449.0,27.920259870998752,0.830922200757219,2449,0,0.0,,0.303832434700687,,,intact
313,328,34.09814123138656,33.04819098246518,9.3166247903554,230.7357429086495,10.3166247903554,706.429001608546,65.94572607573475,7385,0.1121810007917204,3759,566,3060,0.5090047393364929,0.0766418415707515,0.4143534190927556,False,1.0,0.5641895835477563,0.0168047774151204,1970,309,0.1355857832382624,0.3706793556038632,0.1557104466440276,0.3325232780040457,0.2149689089598356,cohesive
313,329,34.09814123138656,33.69687930517439,1.0,24.7660229,2.0,707.2681982013971,61.19029599091648,2524,0.0383405343261073,2524,0,0,1.0,0.0,0.0,True,2534.0,28.400655830274864,0.8378389918757757,2534,0,0.0,,0.3090169943749474,,,intact
313,343,34.09814123138656,34.4385881707698,1.0,24.7660229,2.0,723.8899834842753,12.794794521917376,2628,0.0399203344726664,2628,0,0,1.0,0.0,0.0,True,3037.0,31.091914131171983,0.9073066194545826,3037,18,0.0058919803600654,,0.3090169943749474,,,intact
314,334,33.97256561883531,34.644149962492534,1.0,24.7660229,2.0,714.5510677003502,53.52007159695935,2772,0.0421077500602097,2772,0,0,1.0,0.0,0.0,True,3259.0,32.20825855387053,0.9387875324838524,3259,0,0.0,,0.3090169943749474,,,intact
315,321,34.032789929220975,33.714110834070496,7.4852813742385695,185.38064992733587,8.48528137423857,708.5312949958092,83.13824098832175,7504,0.1139886567286486,2954,220,4330,0.3936567164179104,0.0293176972281449,0.5770255863539445,False,1015.0,17.974552413802897,0.5306383675500141,2332,3794,0.6193274567417565,0.3683260446735303,0.1323199648643333,0.2416880080726355,0.236006079809197,cohesive
315,345,34.032789929220975,34.26934576442317,1.0,24.7660229,2.0,738.8623799358605,4.529482004136698,2435,0.0369885899699173,2435,0,0,1.0,0.0,0.0,True,3766.0,34.62304191384916,1.013820184749245,3974,536,0.1188470066518847,,0.3090169943749474,,,intact
317,327,34.492048097229414,35.42991301967603,11.36931687685298,281.5727621294974,12.36931687685298,716.3744345995915,76.20197957622639,9340,0.1418782054698265,9340,0,0,1.0,0.0,0.0,True,1786.0,23.84326858306659,0.6819965630884419,1786,0,0.0,,0.2674788903885893,,,intact
317,329,34.492048097229414,33.69687930517439,3.414213562373095,84.55649127122264,4.414213562373095,715.3125965929826,76.41169310653179,3648,0.0554145282177652,3639,9,0,0.997532894736842,0.0024671052631578,0.0,True,2193.0,26.4207036318311,0.774926506056164,2193,0,0.0,,0.2801868778094689,0.4494897427831781,,intact
317,334,34.492048097229414,34.644149962492534,1.0,24.7660229,2.0,720.6945014548312,66.86351801701916,2640,0.0401026191049616,2640,0,0,1.0,0.0,0.0,True,2505.0,28.237674565912748,0.8168709115742866,2505,0,0.0,,0.3164309725825327,,,intact
319,341,33.10492506183569,35.04616676501287,2.449489742783178,60.66411906308329,3.449489742783178,727.2921377072134,66.00697372094285,3637,0.0552474339714945,3637,0,0,1.0,0.0,0.0,True,1933.0,24.8051004834342,0.7279443312942514,1933,0,0.0,,0.2898979485566356,,,intact
319,343,33.10492506183569,34.4385881707698,1.0,24.7660229,2.0,735.0966339093068,49.5480711712282,2668,0.0405279499136506,2668,0,0,1.0,0.0,0.0,True,2268.0,26.86869594648831,0.7955966357260168,2268,0,0.0,,0.3090169943749474,,,intact
319,347,33.10492506183569,34.87329758068675,1.0,24.7660229,2.0,745.8016321159134,17.0678034552603,2565,0.0389633401531161,2565,0,0,1.0,0.0,0.0,True,1679.0,23.11800810845486,0.6801592395266258,1679,0,0.0,,0.3090169943749474,,,intact
320,335,35.407012892082825,33.081600366681336,2.23606797749979,55.37851073671648,3.23606797749979,723.0353008033109,74.43123694932409,3196,0.048548473734643,2536,125,535,0.7934918648310388,0.0391113892365456,0.1673967459324155,True,1686.0,23.16614918595387,0.676496371694003,2626,3407,0.5647273330018233,0.4068781988545112,0.25,0.375,0.1568781988545112,cohesive
317,337,34.492048097229414,33.573291294404,1.0,24.7660229,2.0,720.5523987176794,65.76743119341246,2807,0.042639413571071,2807,0,0,1.0,0.0,0.0,True,2575.0,28.62949452790358,0.8412356357521583,2577,0,0.0,,0.3090169943749474,,,intact
317,344,34.492048097229414,34.55040993610072,1.0,24.7660229,2.0,732.6705405376724,44.26836427384545,2418,0.036730353407499,2418,0,0,1.0,0.0,0.0,True,2750.0,29.586351363515988,0.8570480312051817,2750,0,0.0,,0.3090169943749474,,,intact
317,359,34.492048097229414,33.54502766358516,9.198039027185567,227.7988451823715,10.198039027185567,744.6636705864945,11.859591165831608,7423,0.1127582354606555,7423,0,0,1.0,0.0,0.0,True,1453.0,21.5059123178964,0.6321821470840626,1453,0,0.0,,0.2701351138446443,,,intact
318,328,35.3688224619995,33.04819098246518,1.0,24.7660229,2.0,717.3864462674891,82.29942319502095,2583,0.0392367671015591,2583,0,0,1.0,0.0,0.0,True,2716.0,29.40288507740653,0.8595196895366787,2718,0,0.0,,0.3203772410170408,,,intact
322,333,34.05517337916273,34.009413816912414,1.0,24.7660229,2.0,722.8329070229208,73.53962268597175,2580,0.0391911959434852,2580,0,0,1.0,0.0,0.0,True,2324.0,27.19838553096727,0.7991934323385019,2324,0,0.0,,0.3090169943749474,,,intact
322,348,34.05517337916273,34.744901778773794,1.0,24.7660229,2.0,746.9300787712148,15.310560954501478,2470,0.0375202534807785,2470,0,0,1.0,0.0,0.0,True,3164.0,31.735350634355903,0.9225382548348866,3244,122,0.0362448009506833,,0.3090169943749474,,,intact
323,324,34.62411500436796,33.309798381788774,5.708203932499369,141.36950931014945,6.708203932499369,718.7277929942529,88.06978112079929,4847,0.0736278010612686,4847,0,0,1.0,0.0,0.0,True,1905.0,24.62479102815131,0.7249631237398798,1905,0,0.0,,0.2742918851774318,,,intact
323,326,34.62411500436796,34.557408115356345,1.0,24.7660229,2.0,720.4273385191723,84.94094653446429,2704,0.0410748038105365,2704,0,0,1.0,0.0,0.0,True,3313.0,32.473999644745,0.9388055706303567,3320,0,0.0,,0.3090169943749474,,,intact
318,346,35.3688224619995,34.91851930854206,1.0,24.7660229,2.0,744.0655761159238,23.073202402614083,2955,0.0448875907027127,2955,0,0,1.0,0.0,0.0,True,3999.0,35.6780217339608,1.0152047533803297,4164,302,0.0676220331392745,,0.3090169943749474,,,intact
318,349,35.3688224619995,36.75448079357758,6.834654549917682,169.2672110968505,7.834654549917682,744.6393365070026,35.46762095818028,6685,0.1015477305744957,6685,0,0,1.0,0.0,0.0,True,3806.0,34.80642795254215,0.9651922854726064,3809,171,0.042964824120603,,0.2711923793731366,,,intact
319,333,33.10492506183569,34.009413816912414,6.6212327846342935,163.98160277048368,7.621232784634293,722.7529144969607,75.06177806801111,5555,0.0843825943666902,5555,0,0,1.0,0.0,0.0,True,1387.0,21.011801734666108,0.6261494066901861,1387,0,0.0,,0.2696862318229452,,,intact
319,340,33.10492506183569,33.97208296289707,1.0,24.7660229,2.0,726.5974130830001,66.2970030927246,2498,0.0379455842894675,2498,0,0,1.0,0.0,0.0,True,2180.0,26.34227689249097,0.7854338667812374,2180,0,0.0,,0.3090169943749474,,,intact
320,340,35.407012892082825,33.97208296289707,1.0,24.7660229,2.0,726.6790552123871,67.3874073086688,2919,0.0443407368058269,2919,0,0,1.0,0.0,0.0,True,2244.0,26.72615543987624,0.7704382742531196,2288,240,0.0949367088607595,,0.3090169943749474,,,intact
320,351,35.407012892082825,35.66781552093881,4.449489742783178,110.1961648630833,5.449489742783178,745.5883187670777,29.744232443099133,5367,0.0815268017940641,5367,0,0,1.0,0.0,0.0,True,4601.0,38.26935832139887,1.0768751518895692,4872,1164,0.1928429423459244,,0.2791745113185196,,,intact
322,325,34.05517337916273,35.71597759673222,1.0,24.7660229,2.0,720.808425290166,77.51434443781297,2898,0.0440217386993102,2898,0,0,1.0,0.0,0.0,True,2667.0,29.136445672939757,0.8352003733751225,2685,0,0.0,,0.3090169943749474,,,intact
322,331,34.05517337916273,34.33312542075766,1.0,24.7660229,2.0,719.9895115703687,78.9535264876031,2666,0.0404975691416014,2666,0,0,1.0,0.0,0.0,True,3246.0,32.1439557390279,0.9400425600019552,3344,43,0.0126956008266902,,0.3164309725825327,,,intact
323,332,34.62411500436796,34.85745533381016,1.0,24.7660229,2.0,722.8663766538932,81.38220046949378,2343,0.0355910744556534,2343,0,0,1.0,0.0,0.0,True,2406.0,27.67405980621926,0.7965870567267005,2406,0,0.0,,0.3090169943749474,,,intact
323,341,34.62411500436796,35.04616676501287,11.091589177747522,274.69455157348733,12.091589177747522,729.4634208414843,72.62095000292553,8520,0.129422088929649,8315,205,0,0.9759389671361502,0.0240610328638497,0.0,True,1868.0,24.384480051691096,0.6999965963223003,1868,0,0.0,,0.2680748568360903,0.2201003599827302,,intact
323,344,34.62411500436796,34.55040993610072,2.146264369941973,53.15443253543696,3.146264369941973,738.0040757053891,54.34318371952776,3649,0.0554297186037898,3649,0,0,1.0,0.0,0.0,True,3527.0,33.50640190426644,0.9687497509553386,3527,0,0.0,,0.2898979485566356,,,intact
323,356,34.62411500436796,34.335218080786525,1.0,24.7660229,2.0,749.9144534392731,20.86817451236089,2720,0.0413178499869302,2720,0,0,1.0,0.0,0.0,True,2569.0,28.59612032437544,0.8293618585047364,2570,0,0.0,,0.3090169943749474,,,intact
324,332,33.309798381788774,34.85745533381016,4.123105625617661,102.1129283431658,5.123105625617661,724.1160595659007,83.7528682827971,4149,0.0630249116160932,3981,168,0,0.9595083152566884,0.0404916847433116,0.0,True,2576.0,28.63505311343852,0.8401410223421063,2576,0,0.0,,0.2779262976266636,0.3333333333333333,,intact
324,341,33.309798381788774,35.04616676501287,7.0990195135927845,175.81447984118574,8.099019513592784,730.7131037534919,73.41042891560893,5907,0.0897296102473517,5907,0,0,1.0,0.0,0.0,True,1742.0,23.54773495969757,0.688973812574406,1742,0,0.0,,0.2711923793731366,,,intact
324,352,33.309798381788774,35.11967887793686,1.0,24.7660229,2.0,749.8693395745761,30.323630934442804,2544,0.0386443420465994,2544,0,0,1.0,0.0,0.0,True,2595.0,28.740461976922653,0.8400023828280193,2595,0,0.0,,0.3090169943749474,,,intact
325,333,35.71597759673222,34.009413816912414,1.0,24.7660229,2.0,730.3458034474627,86.70794331261332,2506,0.0380671073776643,2506,0,0,1.0,0.0,0.0,True,2684.0,29.22915897724897,0.8384078851231543,2684,0,0.0,,0.3090169943749474,,,intact
325,348,35.71597759673222,34.744901778773794,1.0,24.7660229,2.0,754.4429751957566,43.639230110524224,2782,0.0422596539204558,2782,0,0,1.0,0.0,0.0,True,3008.0,30.9431113115802,0.8783061348603267,3167,397,0.111391694725028,,0.3090169943749474,,,intact
325,355,35.71597759673222,34.58876512970605,1.0,24.7660229,2.0,755.5601895238899,37.714758678044014,3075,0.0467104370256656,3075,0,0,1.0,0.0,0.0,True,3871.0,35.10238694757742,0.9985780641901728,4204,125,0.0288750288750288,,0.3090169943749474,,,intact
326,327,34.557408115356345,35.42991301967603,9.198039027185567,227.7988451823715,10.198039027185567,724.6571982042351,88.14896270754048,7778,0.1181508224993909,7778,0,0,1.0,0.0,0.0,True,2247.0,26.744014550081623,0.764253128033924,2247,0,0.0,,0.266756504300101,,,intact
326,332,34.557408115356345,34.85745533381016,3.16227766016838,78.31704094788851,4.16227766016838,725.8156050908201,86.08744400398712,3633,0.0551866724273961,3633,0,0,1.0,0.0,0.0,True,2875.0,30.25129621649952,0.8716086069564332,2880,23,0.00792283844299,,0.2843646522044218,,,intact
326,342,34.557408115356345,32.844899649806145,7.613903745752154,188.5661145256936,8.613903745752154,732.8238346167102,74.6387248465613,6956,0.1056643251871642,4795,2161,0,0.6893329499712478,0.3106670500287521,0.0,True,2624.0,28.900607975374268,0.8575554438304208,2769,472,0.1456340635606294,,0.2277299991964413,0.3192840717722345,,intact
326,361,34.557408115356345,34.8101046715734,1.0,24.7660229,2.0,754.3775645230614,29.617843478373043,2591,0.0393582901897559,2591,0,0,1.0,0.0,0.0,True,2652.0,29.054394128245264,0.837694562222208,2657,42,0.0155613190070396,,0.3090169943749474,,,intact
326,362,34.557408115356345,34.945713513815825,1.414213562373095,35.02444547122265,2.414213562373095,754.4601731625428,32.160288565303134,2761,0.0419406558139391,2761,0,0,1.0,0.0,0.0,True,2798.0,29.84344252163692,0.8587655294351813,2798,0,0.0,,0.304845440523399,,,intact
327,338,35.42991301967603,33.951039623183405,8.306623862918075,205.7220368107155,9.306623862918077,732.8365226712339,79.34182232153852,7989,0.1213559939505829,6714,1275,0,0.8404055576417574,0.1595944423582425,0.0,True,3790.0,34.73318972735684,1.0012312718202931,4088,1537,0.2732444444444444,,0.2437586564055321,0.3585701736362871,,intact
327,344,35.42991301967603,34.55040993610072,3.1815405503520555,78.79410612729761,4.181540550352056,742.233935390452,64.29538034191974,3762,0.0571462322245704,3762,0,0,1.0,0.0,0.0,True,2436.0,27.846056861676377,0.7958253316228153,2436,0,0.0,,0.2817290466902531,,,intact
327,362,35.42991301967603,34.945713513815825,1.0,24.7660229,2.0,755.7408044106787,33.99899102266371,2665,0.0404823787555768,2665,0,0,1.0,0.0,0.0,True,2691.0,29.267249678105745,0.8317439181639802,2691,0,0.0,,0.3090169943749474,,,intact
327,363,35.42991301967603,34.7959794855267,1.0,24.7660229,2.0,755.6041344777609,34.67814104698816,2931,0.0445230214381222,2931,0,0,1.0,0.0,0.0,True,3230.0,32.0646367884254,0.913185597065922,3398,1224,0.264820424058849,,0.3090169943749474,,,intact
328,334,33.04819098246518,34.644149962492534,11.698409766224884,289.7230841639091,12.698409766224884,728.3568617081507,80.89797260930521,8943,0.1358476222180577,8902,41,0,0.9954154086995416,0.0045845913004584,0.0,True,1446.0,21.45404613171514,0.6338692334236141,1448,62,0.0410596026490066,,0.2627262603753391,0.4262841395466984,,intact
328,346,33.04819098246518,34.91851930854206,7.803118619434352,193.2522144203276,8.803118619434352,748.8148901018857,46.42678398274277,5766,0.0875877658178822,5766,0,0,1.0,0.0,0.0,True,2102.0,25.86672342524905,0.7611586117526571,2102,0,0.0,,0.2692803301885514,,,intact
328,350,33.04819098246518,35.15821905821953,1.0,24.7660229,2.0,749.7802828272161,37.49838663221012,2502,0.0380063458335659,2502,0,0,1.0,0.0,0.0,True,2570.0,28.60168539601018,0.8386802759139338,2570,104,0.0388930441286462,,0.3090169943749474,,,intact
328,353,33.04819098246518,34.00948261731259,1.0,24.7660229,2.0,750.1192383507171,35.06326250864249,2482,0.0377025381130738,2469,8,5,0.9947622884770346,0.0032232070910556,0.0020145044319097,True,2352.0,27.36174066656352,0.8160659085749791,2352,128,0.0516129032258064,0.4,0.3090169943749474,0.4453890236293401,0.0909830056250526,intact
329,334,33.69687930517439,34.644149962492534,3.47213595499958,85.99099857343296,4.47213595499958,729.196058301002,81.25980429211376,4129,0.062721103895601,4129,0,0,1.0,0.0,0.0,True,2162.0,26.233298952464125,0.7677174088121455,2162,0,0.0,,0.2801868778094689,,,intact
329,343,33.69687930517439,34.4385881707698,1.7320508075688772,42.89600996421431,2.732050807568877,740.4359387220316,61.35188373720202,3060,0.0464825812352965,3060,0,0,1.0,0.0,0.0,True,1919.0,24.71511018763004,0.7254697473487189,1919,0,0.0,,0.2989350844248255,,,intact
329,353,33.69687930517439,34.00948261731259,1.0,24.7660229,2.0,750.9584349435684,37.52415916911358,2384,0.0362138802826623,2384,0,0,1.0,0.0,0.0,True,1882.0,24.47568601281472,0.7229951608044007,1882,0,0.0,,0.3090169943749474,,,intact
329,360,33.69687930517439,33.23014121130519,1.0,24.7660229,2.0,753.8081853439456,26.903556724367224,2708,0.0411355653546349,2708,0,0,1.0,0.0,0.0,True,2088.0,25.780439141949365,0.770404507566608,2088,0,0.0,,0.3090169943749474,,,intact
330,350,34.607113552636065,35.15821905821953,1.0,24.7660229,2.0,751.737619560882,40.77404835798358,2798,0.0425027000968495,2798,0,0,1.0,0.0,0.0,True,3455.0,33.162639472228335,0.9506910733789916,3551,562,0.136639922197909,,0.3090169943749474,,,intact
332,361,34.85745533381016,34.8101046715734,1.0,24.7660229,2.0,756.8166026577824,32.29921259384586,2929,0.044492640666073,2929,0,0,1.0,0.0,0.0,True,2932.0,30.549706811864404,0.8770138299519511,3004,10,0.0033178500331785,,0.3090169943749474,,,intact
332,364,34.85745533381016,34.19906932093915,1.0,24.7660229,2.0,757.1396645654102,31.78756808224197,2694,0.0409228999502904,2694,0,0,1.0,0.0,0.0,True,4046.0,35.88707008798039,1.0393534938921165,4083,0,0.0,,0.3090169943749474,,,intact
333,347,34.009413816912414,34.87329758068675,1.0,24.7660229,2.0,755.4190027991704,48.74234148264528,2590,0.0393430998037313,2590,0,0,1.0,0.0,0.0,True,1887.0,24.508177313476683,0.7115915391893499,1887,0,0.0,,0.3090169943749474,,,intact
333,348,34.009413816912414,34.744901778773794,9.74165738677394,241.2621099247976,10.74165738677394,756.4674569285114,52.18356629557301,7855,0.1193204822232856,7855,0,0,1.0,0.0,0.0,True,1525.0,22.03230756026887,0.6408996255545949,1525,0,0.0,,0.266978077589994,,,intact
330,358,34.607113552636065,35.50108848583673,7.613903745752154,188.5661145256936,8.613903745752154,753.7206079360028,44.387843372883374,7285,0.1106619621892598,4900,952,1433,0.6726149622512011,0.1306794783802333,0.1967055593685655,True,2111.0,25.922040230930552,0.7394866642480858,2176,2363,0.5205992509363296,0.3733092656309694,0.1970711383008123,0.3761785115301143,0.1762381273301571,cohesive
331,340,34.33312542075766,33.97208296289707,8.0,198.1281832,9.0,733.3713883137048,79.76079718410593,7139,0.1084441658296672,7139,0,0,1.0,0.0,0.0,True,1841.0,24.207612448656697,0.7088072204593265,1841,0,0.0,,0.2701351138446443,,,intact
331,351,34.33312542075766,35.66781552093881,1.0,24.7660229,2.0,752.2806518683954,45.63249195712121,2499,0.0379607746754921,2499,0,0,1.0,0.0,0.0,True,4650.0,38.47260025985541,1.099202374776622,4770,854,0.1518492176386913,,0.3090169943749474,,,intact
331,354,34.33312542075766,35.40453714353992,1.0,24.7660229,2.0,752.9597875261652,39.531589280282425,3059,0.0464673908492718,3059,0,0,1.0,0.0,0.0,True,3594.0,33.82315376993316,0.970011110961698,3594,0,0.0,,0.3090169943749474,,,intact
334,357,34.644149962492534,34.29933754194671,3.7320508075688767,92.42805576421428,4.732050807568877,757.9261818441114,49.46971648222998,4435,0.0673693620191307,4435,0,0,1.0,0.0,0.0,True,2475.0,28.068077388821663,0.8142343361151949,2475,0,0.0,,0.2766967754673748,,,intact
334,359,34.644149962492534,33.54502766358516,1.0,24.7660229,2.0,758.5471322945139,45.76738397158018,2431,0.0369278284258188,2431,0,0,1.0,0.0,0.0,True,2361.0,27.414040951306863,0.8040584123666824,2361,0,0.0,,0.3090169943749474,,,intact
335,336,33.081600366681336,34.196347521520906,4.0,99.0640916,5.0,732.9933611708211,89.64890769832394,4089,0.0621134884546168,4089,0,0,1.0,0.0,0.0,True,3955.0,35.48120065410544,1.0547646522472889,4011,608,0.1316302229919896,,0.2857142857142857,,,intact
335,365,33.081600366681336,34.761241905204294,2.863703305156273,70.92254163430594,3.863703305156273,763.6265372013011,31.7086651236897,3182,0.0483358083302985,3182,0,0,1.0,0.0,0.0,True,3802.0,34.7881328511717,1.02555057206346,4027,798,0.1653886010362694,,0.2817290466902531,,,intact
333,352,34.009413816912414,35.11967887793686,1.0,24.7660229,2.0,756.0657442115546,46.92251093878297,2614,0.0397076690683219,2614,0,0,1.0,0.0,0.0,True,2590.0,28.712760320387485,0.8306997589895125,2590,0,0.0,,0.3090169943749474,,,intact
333,354,34.009413816912414,35.40453714353992,1.0,24.7660229,2.0,755.8031829787174,48.70987402671161,2550,0.038735484362747,2550,0,0,1.0,0.0,0.0,True,2409.0,27.69130758589691,0.7978600037238527,2409,0,0.0,,0.3090169943749474,,,intact
334,349,34.644149962492534,36.75448079357758,4.855156433186538,120.24291540738012,5.855156433186538,755.6097519476641,58.21069031696364,4852,0.0737037529913917,4282,246,324,0.8825226710634789,0.0507007419620774,0.0667765869744435,True,3007.0,30.93796741472617,0.8666263508728679,3012,67,0.021760311789542,0.4088162308514305,0.25,0.3968778087727223,0.1588162308514304,cohesive
334,353,34.644149962492534,34.00948261731259,2.146264369941973,53.15443253543696,3.146264369941973,756.340339805417,53.14759114895482,3406,0.0517384547998104,3406,0,0,1.0,0.0,0.0,True,2467.0,28.022678123537936,0.8163494652948916,2476,48,0.0190174326465927,,0.2933997741163456,,,intact
336,365,34.196347521520906,34.761241905204294,1.7320508075688772,42.89600996421431,2.732050807568877,763.8481248379783,30.522068603291704,2780,0.0422292731484066,2780,0,0,1.0,0.0,0.0,True,5749.0,42.77807307103269,1.24070674240981,5863,886,0.1312787079567343,,0.2933997741163456,,,intact
337,357,33.573291294404,34.29933754194671,1.0,24.7660229,2.0,757.7840791069596,46.24627793634966,2569,0.0390241016972146,2569,0,0,1.0,0.0,0.0,True,3554.0,33.63440701866457,0.9911037069084586,3823,739,0.161990355107409,,0.3090169943749474,,,intact
337,359,33.573291294404,33.54502766358516,11.12435565298214,275.50604684950014,12.12435565298214,758.405029557362,52.433484412489655,7854,0.119305291837261,7600,254,0,0.967659791189203,0.032340208810797,0.0,True,1485.0,21.74143925739345,0.6478541058515456,1485,0,0.0,,0.260205226099576,0.4090448958609373,,intact
337,363,33.573291294404,34.7959794855267,1.0,24.7660229,2.0,759.7820985958488,42.0003214781562,2463,0.0374139207786063,2463,0,0,1.0,0.0,0.0,True,3756.0,34.57704343211429,1.0114790764234427,3967,976,0.1974509407242565,,0.3090169943749474,,,intact
338,342,33.951039623183405,32.844899649806145,1.0,24.7660229,2.0,741.0031590837089,87.84678152349069,2372,0.036031595650367,2372,0,0,1.0,0.0,0.0,True,2166.0,26.25755535982149,0.7862021447893414,2167,0,0.0,,0.3203772410170407,,,intact
338,366,33.951039623183405,34.168560384650064,1.0,24.7660229,2.0,769.821523933965,27.277556365494338,2881,0.0437635021368919,2881,0,0,1.0,0.0,0.0,True,2342.0,27.30351174194334,0.8016345292339812,2386,407,0.1457214464733261,,0.3203772410170408,,,intact
340,347,33.97208296289707,34.87329758068675,7.840676900366725,194.1823836659833,8.840676900366725,759.2635013852098,59.9682034385043,6810,0.1034465288275716,6810,0,0,1.0,0.0,0.0,True,1577.0,22.404791686419177,0.6508727676284807,1577,0,0.0,,0.2694832810057483,,,intact
340,351,33.97208296289707,35.66781552093881,1.0,24.7660229,2.0,758.9685459069871,56.86876960996696,2909,0.0441888329455808,2909,0,0,1.0,0.0,0.0,True,2629.0,28.928129749038145,0.8307918414255775,2629,7,0.0026555386949924,,0.3090169943749474,,,intact
341,352,35.04616676501287,35.11967887793686,1.0,24.7660229,2.0,760.6049674218075,57.52753890123846,2898,0.0440217386993102,2898,0,0,1.0,0.0,0.0,True,2172.0,26.29389801439097,0.7494785468186823,2172,0,0.0,,0.3090169943749474,,,intact
341,356,35.04616676501287,34.335218080786525,3.2426406871192857,80.30731351366796,4.242640687119286,761.899764198512,56.316370711289736,3799,0.0577082765074808,3799,0,0,1.0,0.0,0.0,True,2491.0,28.158656333067857,0.8117063790424668,2491,0,0.0,,0.2817290466902531,,,intact
341,360,35.04616676501287,33.23014121130519,1.0,24.7660229,2.0,762.6254744247306,51.71808419228709,2821,0.0428520789754155,2821,0,0,1.0,0.0,0.0,True,3135.0,31.58957887003535,0.925345256834694,3135,0,0.0,,0.3090169943749474,,,intact
342,366,32.844899649806145,34.168560384650064,1.0,24.7660229,2.0,771.0894671275771,32.293552906513376,2478,0.0376417765689754,2478,0,0,1.0,0.0,0.0,True,1639.0,22.840969844891283,0.6816830479472982,1645,0,0.0,,0.3145198591387564,,,intact
342,367,32.844899649806145,33.50218820773052,1.0,24.7660229,2.0,772.2619939041992,27.187485723119597,3005,0.0456471100039431,2994,11,0,0.9963394342762064,0.0036605657237936,0.0,True,2916.0,30.46623751157884,0.918389593134736,2955,161,0.0516688061617458,,0.3244997998398398,0.4211646096066227,,intact
343,347,34.4385881707698,34.87329758068675,2.23606797749979,55.37851073671648,3.23606797749979,767.7627222115163,72.68742282674481,3124,0.0474547659408713,3124,0,0,1.0,0.0,0.0,True,2904.0,30.40348515347752,0.8772949927376233,2904,0,0.0,,0.2857142857142857,,,intact
343,353,34.4385881707698,34.00948261731259,2.0,49.5320458,3.0,767.5802202264465,72.34278303609237,3418,0.0519207394321057,3418,0,0,1.0,0.0,0.0,True,2916.0,30.46623751157884,0.8902000351742089,2916,0,0.0,,0.2898979485566356,,,intact
343,358,34.4385881707698,35.50108848583673,1.0,24.7660229,2.0,769.2242530780661,70.67431616450968,2511,0.0381430593077874,2511,0,0,1.0,0.0,0.0,True,3565.0,33.68641780072814,0.9632992147253828,3565,6,0.0016802016241949,,0.3090169943749474,,,intact
340,354,33.97208296289707,35.40453714353992,1.0,24.7660229,2.0,759.6476815647568,54.42735317319763,2800,0.0425330808688987,2800,0,0,1.0,0.0,0.0,True,2622.0,28.88959192466898,0.8328336514620294,2622,0,0.0,,0.3090169943749474,,,intact
340,358,33.97208296289707,35.50108848583673,1.0,24.7660229,2.0,760.7250322517596,53.00319953098495,2782,0.0422596539204558,2782,0,0,1.0,0.0,0.0,True,3804.0,34.79728160421644,1.0017473185283998,3895,493,0.1123518687329079,,0.3090169943749474,,,intact
341,343,35.04616676501287,34.4385881707698,1.0,24.7660229,2.0,749.2532278028165,77.80414885181044,2343,0.0355910744556534,2343,0,0,1.0,0.0,0.0,True,1783.0,23.82323502519544,0.6857111332467881,1783,0,0.0,,0.304845440523399,,,intact
341,347,35.04616676501287,34.87329758068675,1.0,24.7660229,2.0,759.9582260094232,57.72717786805157,2664,0.0404671883695522,2664,0,0,1.0,0.0,0.0,True,2327.0,27.215934765311317,0.7784938005459769,2327,0,0.0,,0.3090169943749474,,,intact
343,360,34.4385881707698,33.23014121130519,1.0,24.7660229,2.0,770.4299706268238,67.12120920341886,2654,0.0403152845093061,2654,0,0,1.0,0.0,0.0,True,2525.0,28.35017570693472,0.8379106853584426,2525,0,0.0,,0.3090169943749474,,,intact
344,356,34.55040993610072,34.335218080786525,9.273618495495704,229.67064802531016,10.273618495495704,770.4404190624168,72.72626034211955,7098,0.1078213600026583,7098,0,0,1.0,0.0,0.0,True,3087.0,31.346811937569694,0.9101118140313696,3087,0,0.0,,0.266756504300101,,,intact
344,359,34.55040993610072,33.54502766358516,1.0,24.7660229,2.0,770.5231713773551,69.10555138721038,2955,0.0448875907027127,2955,0,0,1.0,0.0,0.0,True,3105.0,31.43806922507599,0.923353174111066,3105,0,0.0,,0.3090169943749474,,,intact
344,360,34.55040993610072,33.23014121130519,1.7320508075688772,42.89600996421431,2.732050807568877,771.1661292886354,68.90314155435456,2865,0.0435204559604981,2865,0,0,1.0,0.0,0.0,True,3189.0,31.860480646721395,0.9401068627321352,3189,0,0.0,,0.2989350844248255,,,intact
344,362,34.55040993610072,34.945713513815825,2.0,49.5320458,3.0,772.0369103487596,68.31290157847252,3120,0.0473940043967729,3120,0,0,1.0,0.0,0.0,True,4064.0,35.96680938658481,1.0350738314923378,4064,0,0.0,,0.2898979485566356,,,intact
344,363,34.55040993610072,34.7959794855267,11.456583568967652,283.7340110248166,12.456583568967652,771.9002404158418,70.79198067240813,8288,0.1258979193719403,8288,0,0,1.0,0.0,0.0,True,1720.0,23.39856842279288,0.6748316276577607,1720,0,0.0,,0.2648342180349795,,,intact
345,346,34.26934576442317,34.91851930854206,1.0,24.7660229,2.0,774.5157903761567,88.36679178374202,2600,0.0394950036639774,2600,0,0,1.0,0.0,0.0,True,4816.0,39.15329375494655,1.1317965574933018,4855,17,0.0034893267651888,,0.3090169943749474,,,intact
345,350,34.26934576442317,35.15821905821953,2.23606797749979,55.37851073671648,3.23606797749979,775.4811831014871,86.86236770022569,3519,0.0534549684205909,3519,0,0,1.0,0.0,0.0,True,4076.0,36.01987085047822,1.037624492303406,4099,189,0.0440764925373134,,0.2833003940990191,,,intact
346,349,34.91851930854206,36.75448079357758,1.0,24.7660229,2.0,776.0677803413992,89.03613979483775,3077,0.0467408177977148,3077,0,0,1.0,0.0,0.0,True,4111.0,36.174188893485415,1.0094230419249777,4928,338,0.0641853399164451,,0.3090169943749474,,,intact
346,350,34.91851930854206,35.15821905821953,1.0,24.7660229,2.0,776.4594126756508,88.44936561203083,2569,0.0390241016972146,2569,0,0,1.0,0.0,0.0,True,2944.0,30.612159429303247,0.8736753491319179,2944,0,0.0,,0.3090169943749474,,,intact
347,352,34.87329758068675,35.11967887793686,1.0,24.7660229,2.0,779.1144618305075,88.95228535355788,2719,0.0413026596009056,2719,0,0,1.0,0.0,0.0,True,3076.0,31.29091257699814,0.894115785903055,3076,0,0.0,,0.3090169943749474,,,intact
347,354,34.87329758068675,35.40453714353992,1.0,24.7660229,2.0,778.8519005976701,89.35735804993878,3074,0.0466952466396409,3074,0,0,1.0,0.0,0.0,True,3340.0,32.60605802383755,0.9279186859351932,3340,0,0.0,,0.3090169943749474,,,intact
348,354,34.744901778773794,35.40453714353992,1.0,24.7660229,2.0,779.9003547270113,88.95145684512006,2610,0.0396469075242234,2610,0,0,1.0,0.0,0.0,True,4737.0,38.83083736996431,1.1070890363917842,4737,64,0.0133305561341387,,0.3090169943749474,,,intact
349,357,36.75448079357758,34.29933754194671,4.0,99.0640916,5.0,778.9579706289251,86.60849592921477,4470,0.0679010255299919,4464,6,0,0.9986577181208054,0.0013422818791946,0.0,True,4954.0,39.71029055741722,1.1177524723555508,4964,161,0.0314146341463414,,0.2857142857142857,0.3033377020185919,,intact
350,353,35.15821905821953,34.00948261731259,2.0,49.5320458,3.0,777.7637609244822,89.44873169434342,3387,0.0514498374653428,3343,30,14,0.9870091526424564,0.0088573959255978,0.0041334514319456,True,2621.0,28.88408232379411,0.8351898826793538,2621,116,0.0423821702594081,0.4322857486870784,0.2857142857142857,0.4241077963657325,0.1465714629727927,intact
351,354,35.66781552093881,35.40453714353992,1.0,24.7660229,2.0,778.5569451194474,88.9288808020689,2701,0.0410292326524626,2701,0,0,1.0,0.0,0.0,True,3392.0,32.85889733292062,0.9246604650346176,3392,0,0.0,,0.3090169943749474,,,intact
356,361,34.335218080786525,34.8101046715734,2.0,49.5320458,3.0,783.8646794431622,87.55654713824327,3513,0.0533638261044433,3513,0,0,1.0,0.0,0.0,True,3271.0,32.26750126221706,0.9333241925207666,3271,0,0.0,,0.2857142857142857,,,intact
356,364,34.335218080786525,34.19906932093915,6.032065437739018,149.39027076534305,7.032065437739018,784.18774135079,87.25961809529917,5550,0.0843066424365671,5550,0,0,1.0,0.0,0.0,True,2399.0,27.63377312194109,0.8064218413758623,2399,0,0.0,,0.2766967754673748,,,intact
357,359,34.29933754194671,33.54502766358516,1.0,24.7660229,2.0,781.8953509757747,88.98255027286723,2307,0.0350442205587676,2307,0,0,1.0,0.0,0.0,True,3185.0,31.84049289027061,0.9386333793178276,3185,0,0.0,,0.303832434700687,,,intact
359,360,33.54502766358516,33.23014121130519,7.3484692283495345,181.9923571892499,8.348469228349535,783.1592593374576,89.02286761073422,5723,0.0869345792188241,5723,0,0,1.0,0.0,0.0,True,2438.0,27.857485574187805,0.8343666079341998,2438,0,0.0,,0.2705042601214877,,,intact
352,355,35.11967887793686,34.58876512970605,1.0,24.7660229,2.0,781.2801302879818,87.50398620380695,2585,0.0392671478736083,2585,0,0,1.0,0.0,0.0,True,3479.0,33.27762152007574,0.9547658678603456,3479,0,0.0,,0.3090169943749474,,,intact
352,356,35.11967887793686,34.335218080786525,4.0197648378370845,99.553588026488,5.0197648378370845,781.0560000195962,87.93283625514813,4870,0.0739771799398346,4870,0,0,1.0,0.0,0.0,True,3173.0,31.78045419532528,0.915139337524673,3173,0,0.0,,0.2817290466902531,,,intact
353,360,34.00948261731259,33.23014121130519,2.6502815398728847,65.63693330793913,3.6502815398728847,780.9524668483606,85.40235948604142,3217,0.0488674718411597,3217,0,0,1.0,0.0,0.0,True,2374.0,27.48941013918485,0.8176550841286866,2374,0,0.0,,0.2817290466902531,,,intact
355,364,34.58876512970605,34.19906932093915,1.7320508075688772,42.89600996421431,2.732050807568877,784.4118716191755,87.35248633362572,3321,0.0504472719877188,3321,0,0,1.0,0.0,0.0,True,4464.0,37.69529588588531,1.0959872828365147,4631,0,0.0,,0.2958163163244892,,,intact
362,363,34.945713513815825,34.7959794855267,8.018397960625059,198.5838275141535,9.01839796062506,785.4071094360686,89.80402218807781,6345,0.0963829993261295,6345,0,0,1.0,0.0,0.0,True,2848.0,30.10891156869401,0.8634407991494516,2848,3,0.0010522623640827,,0.2692803301885514,,,intact
362,366,34.945713513815825,34.168560384650064,1.0,24.7660229,2.0,792.7258056734098,78.25261224788542,2564,0.0389481497670915,2505,59,0,0.9769890795631824,0.0230109204368174,0.0,True,2905.0,30.40871946274476,0.8799548269122375,2907,39,0.0132382892057026,,0.3021694792519622,0.4211646096066227,,intact
366,367,34.168560384650064,33.50218820773052,1.0,24.7660229,2.0,801.0803587544553,87.97994339492425,2257,0.0342847012575373,2257,0,0,1.0,0.0,0.0,True,1389.0,21.0269453775218,0.6214485819915796,1389,0,0.0,,0.3090169943749474,,,intact
359,363,33.54502766358516,34.7959794855267,1.0,24.7660229,2.0,783.8933704646639,87.73808602523533,2419,0.0367455437935236,2419,0,0,1.0,0.0,0.0,True,3035.0,31.08167473878788,0.9096054048770866,3035,0,0.0,,0.3090169943749474,,,intact
361,362,34.8101046715734,34.945713513815825,3.16227766016838,78.31704094788851,4.16227766016838,785.461170729505,89.86964926473523,4402,0.0668680792803187,4402,0,0,1.0,0.0,0.0,True,3175.0,31.79046851862261,0.9114786220164018,3175,0,0.0,,0.2791745113185196,,,intact
361,364,34.8101046715734,34.19906932093915,1.0,24.7660229,2.0,785.7016239976514,89.48121590019304,2508,0.0380974881497136,2508,0,0,1.0,0.0,0.0,True,2749.0,29.580971537784905,0.8573054806015913,2850,3,0.0010515247108307,,0.3090169943749474,,,intact
361,367,34.8101046715734,33.50218820773052,7.4852813742385695,185.38064992733587,8.48528137423857,793.8157238105505,77.19720003018365,6031,0.091613218114403,5753,278,0,0.9539048250704693,0.0460951749295307,0.0,True,1969.0,25.03501879160237,0.7329579417231668,3174,1065,0.251238499646143,,0.260205226099576,0.370836142742568,,intact
