bead_a,bead_b,r_a_vox,r_b_vox,gap_vox,gap_um,dsum_min,z_mid,axis_dip_deg,lens_vox,lens_mm3,binder_vox,pore_vox,crack_vox,binder_frac,pore_frac,crack_frac,connected,bond_area_vox,r_bond_vox,r_bond_over_R,neck_binder_vox,neck_crack_vox,neck_severed,q_crack_med,q_binder_med,q_pore_med,dq_paired
1,2,30.58888002779351,35.134254170308814,7.0,173.3621603,8.0,33.49858027118462,84.92976783383791,6354,0.09651971280035097,3456,2898,0,0.5439093484419264,0.45609065155807366,0.0,True,1577.0,22.404791686419177,0.6817931603470635,1627,0,0.0,,0.1896812679802183,0.33836542244144424,
1,3,30.58888002779351,34.168969346527604,1.0,24.7660229,2.0,32.813852995570606,85.39129132437256,3290,0.04997637002095604,3040,250,0,0.9240121580547113,0.07598784194528875,0.0,True,1997.0,25.212394624649004,0.7786668293727078,1999,0,0.0,,0.3090169943749474,0.39564392373895996,
1,9,30.58888002779351,28.929866286073278,1.0,24.7660229,2.0,40.939491889168664,69.98411480758482,1763,0.02678065056138161,1763,0,0,1.0,0.0,0.0,True,1397.0,21.08741119717533,0.708597290876147,1398,0,0.0,,0.32449979983983984,,
1,13,30.58888002779351,35.79428338554075,1.0,24.7660229,2.0,51.93145268253359,45.15194603942754,3948,0.05997164402514725,3875,73,0,0.9815096251266464,0.018490374873353598,0.0,True,256.0,9.0270333367641,0.2719675554042927,851,0,0.0,,0.32793442287247493,0.4211646096066227,
3,9,34.168969346527604,28.929866286073278,1.0,24.7660229,2.0,43.62059709303193,75.6778423270027,2949,0.04479644838656516,2923,26,0,0.9911834520176331,0.008816547982366904,0.0,True,1226.0,19.75469363116845,0.6261508135012849,1226,0,0.0,,0.3333333333333333,0.45416345659799195,
3,14,34.168969346527604,34.748724636804454,1.0,24.7660229,2.0,60.68183905738505,40.68340714836806,2931,0.044523021438122236,2930,1,0,0.9996588195155237,0.000341180484476288,0.0,True,3083.0,31.32649643839264,0.9090987996774541,3083,0,0.0,,0.31339216579491175,0.43405783005789966,
4,6,34.628495485000904,35.76587649484711,1.0,24.7660229,2.0,50.278823955373866,73.92232680336294,2975,0.04519139842320493,2968,7,0,0.9976470588235294,0.002352941176470588,0.0,True,2584.0,28.679483013103898,0.8148231799358633,2602,0,0.0,,0.3090169943749474,0.407669683062202,
4,17,34.628495485000904,35.33462899407066,1.0,24.7660229,2.0,66.41651897907633,43.60176496047192,2582,0.0392215767155345,2582,0,0,1.0,0.0,0.0,True,2648.0,29.03247455203703,0.8299364777718486,2648,0,0.0,,0.3090169943749474,,
2,11,35.134254170308814,33.96966947746153,1.0,24.7660229,2.0,53.31219736171309,59.66572371469369,2985,0.045343302283451,2915,70,0,0.9765494137353434,0.023450586264656615,0.0,True,2271.0,26.88646037550106,0.7781456958231215,2271,0,0.0,,0.31339216579491175,0.41094162271764856,
2,13,35.134254170308814,35.79428338554075,1.0,24.7660229,2.0,55.29728516201088,57.66264291804909,2883,0.043793882908941116,2883,0,0,1.0,0.0,0.0,True,2719.0,29.419119302482983,0.8295425315746341,2731,0,0.0,,0.3090169943749474,,
2,21,35.134254170308814,34.353029116573694,6.0,148.5961374,7.0,73.3575352568394,10.60676338158843,5556,0.08439778475271482,5556,0,0,1.0,0.0,0.0,True,2141.0,26.1055830488326,0.7513772826908228,2141,0,0.0,,0.27149702790318514,,
3,4,34.168969346527604,34.628495485000904,1.0,24.7660229,2.0,38.078230065589445,85.716082051588,2974,0.045176208037180324,2857,117,0,0.960659045057162,0.03934095494283793,0.0,True,2549.0,28.48459056898102,0.8280709365885557,2549,0,0.0,,0.32037724101704074,0.4068781988545112,
4,19,34.628495485000904,33.97594382646514,1.0,24.7660229,2.0,72.1200008760906,20.368324222122713,2564,0.03894814976709158,2564,0,0,1.0,0.0,0.0,True,3084.0,31.331576548121713,0.9133979335032676,3084,0,0.0,,0.3090169943749474,,
5,8,34.73481330434909,35.597808277278354,1.0,24.7660229,2.0,59.99290681153353,84.8821673646837,2978,0.04523696958127875,2978,0,0,1.0,0.0,0.0,True,1856.0,24.306031118985995,0.6911737561432036,1856,0,0.0,,0.3164309725825327,,
5,10,34.73481330434909,37.073861813651305,1.0,24.7660229,2.0,63.150997370264236,79.27046297942013,2880,0.0437483117508673,2880,0,0,1.0,0.0,0.0,True,2928.0,30.52886088189566,0.8502833628869708,2928,0,0.0,,0.3090169943749474,,
5,11,34.73481330434909,33.96966947746153,1.0,24.7660229,2.0,63.19617847320872,78.92917727936431,2874,0.04365716943471965,2840,34,0,0.988169798190675,0.011830201809324982,0.0,True,3098.0,31.402611792610237,0.9141357454749378,3098,0,0.0,,0.3090169943749474,0.4142135623730951,
1,14,30.58888002779351,34.748724636804454,1.0,24.7660229,2.0,58.00073385352177,24.378669772564365,3058,0.04645220046324729,3058,0,0,1.0,0.0,0.0,True,2041.0,25.48863428473791,0.7802133064283723,2041,0,0.0,,0.3203772410170408,,
2,7,35.134254170308814,34.68560574040114,1.0,24.7660229,2.0,48.218316628308685,70.63214944294035,3108,0.04721171976447762,2752,356,0,0.8854568854568855,0.11454311454311454,0.0,True,2240.0,26.702324712498182,0.7648919590112843,2278,0,0.0,,0.28989794855663564,0.4,
2,9,35.134254170308814,28.929866286073278,1.0,24.7660229,2.0,44.305324368645955,76.93490764068565,2657,0.04036085566738,2652,5,0,0.998118178396688,0.001881821603312006,0.0,True,2134.0,26.062872004370686,0.8136495691723586,2138,0,0.0,,0.32793442287247493,0.4068781988545112,
2,10,35.134254170308814,37.073861813651305,10.661903789690601,264.0529534130742,11.661903789690601,53.26701625876861,66.95983855880529,8849,0.13441972593174467,8849,0,0,1.0,0.0,0.0,True,1824.0,24.095585330081406,0.6673927162269089,1824,0,0.0,,0.2612038749637414,,
5,16,34.73481330434909,36.20251823513549,1.7320508075688772,42.89600996421431,2.732050807568877,73.48298077886831,62.49561129767734,3561,0.05409296463362446,3561,0,0,1.0,0.0,0.0,True,2514.0,28.288355446473904,0.7975590519845891,2514,0,0.0,,0.29339977411634566,,
5,22,34.73481330434909,35.72595606098211,5.928203230275509,146.8180169568572,6.928203230275509,84.13682904743035,44.91838103124484,6553,0.0995425996192477,6553,0,0,1.0,0.0,0.0,True,2320.0,27.17496892263898,0.771350332033413,2338,0,0.0,,0.2758872381516119,,
6,9,35.76587649484711,28.929866286073278,1.0,24.7660229,2.0,55.82119098281636,83.59793998512541,3168,0.04812314292595402,3060,108,0,0.9659090909090909,0.03409090909090909,0.0,True,91.0,5.382025607773058,0.16637959087967336,818,0,0.0,,0.3333333333333333,0.439607805437114,
6,10,35.76587649484711,37.073861813651305,1.0,24.7660229,2.0,64.78288287293901,82.20158028829529,3583,0.054427153126165806,3572,11,0,0.9969299469718114,0.0030700530281886685,0.0,True,2405.0,27.668308157023564,0.7597036672438298,2405,0,0.0,,0.3090169943749474,0.44579905519622387,
7,27,34.68560574040114,35.2559943424822,1.0,24.7660229,2.0,92.82259071755684,21.882939670160045,3159,0.047986429451732565,3150,9,0,0.9971509971509972,0.002849002849002849,0.0,True,3726.0,34.43867935796615,0.984783857308242,3726,0,0.0,,0.3164309725825327,0.44499443206436484,
8,10,35.597808277278354,37.073861813651305,1.0,24.7660229,2.0,66.5115292081446,84.76481567083295,3450,0.05240683178489312,3450,0,0,1.0,0.0,0.0,True,2891.0,30.335356944617264,0.8348605971669694,2891,0,0.0,,0.3090169943749474,,
8,15,35.597808277278354,35.00757413413838,1.0,24.7660229,2.0,74.25404903741234,72.04900036929243,3253,0.04941432573804559,2883,370,0,0.8862588379956963,0.11374116200430372,0.0,True,1798.0,23.92323505210898,0.6776603775816571,1798,0,0.0,,0.30484544052339907,0.3797958971132712,
8,16,35.597808277278354,36.20251823513549,1.0,24.7660229,2.0,76.84351261674867,66.79773132962622,3350,0.050887793182432445,3350,0,0,1.0,0.0,0.0,True,2281.0,26.945590555510684,0.7505701398405745,2281,0,0.0,,0.31339216579491175,,
6,23,35.76587649484711,33.97304826105954,9.681145747868609,239.7634772899516,10.681145747868609,86.00424212707024,48.994379834196444,7960,0.12091547275586934,7960,0,0,1.0,0.0,0.0,True,1547.0,22.190660060627405,0.6363923773788305,1547,0,0.0,,0.26709563206092257,,
6,28,35.76587649484711,34.11367070749552,1.0,24.7660229,2.0,93.30361110595847,11.354281916271885,3118,0.04736362362472369,3118,0,0,1.0,0.0,0.0,True,2135.0,26.068977866467897,0.7461118141187373,2135,0,0.0,,0.3090169943749474,,
7,11,34.68560574040114,33.96966947746153,1.0,24.7660229,2.0,64.66610123935985,81.15872898550242,3216,0.04885228145513515,3216,0,0,1.0,0.0,0.0,True,2196.0,26.438769072322643,0.770189005533076,2196,0,0.0,,0.30901699437494745,,
7,13,34.68560574040114,35.79428338554075,1.0,24.7660229,2.0,66.65118903965765,78.33738447814167,2983,0.04531292151140179,2983,0,0,1.0,0.0,0.0,True,4261.0,36.82822864365231,1.0450705612729676,4261,0,0.0,,0.3090169943749474,,
6,12,35.76587649484711,34.396130901134335,1.0,24.7660229,2.0,67.35550473221805,77.86286133180538,2933,0.04455340221017145,2933,0,0,1.0,0.0,0.0,True,2515.0,28.293981051669515,0.8065328260060605,2515,0,0.0,,0.3090169943749474,,
6,17,35.76587649484711,35.33462899407066,7.194052389321207,178.16806621772872,8.194052389321207,76.03384100270519,66.12740151471431,6806,0.10338576728347319,5467,1339,0,0.8032618277990009,0.19673817220099912,0.0,True,1400.0,21.11004122822376,0.5938084710667527,1401,0,0.0,,0.23329952500316292,0.3736692582525285,
6,19,35.76587649484711,33.97594382646514,12.416407864998739,307.50504152029885,13.416407864998739,81.73732289971946,57.038530031085614,9902,0.15041520241565554,9902,0,0,1.0,0.0,0.0,True,1124.0,18.91508160359296,0.5424315429808976,1124,0,0.0,,0.26313186444378556,,
6,20,35.76587649484711,35.93638558241677,5.414213562373095,134.08853707122265,6.414213562373095,84.64613829881525,49.06936473099598,5852,0.08889413901599841,5851,1,0,0.9998291182501708,0.00017088174982911826,0.0,True,2008.0,25.281737508665255,0.705186608517944,2008,0,0.0,,0.27718637277259645,0.33122023742033435,
8,23,35.597808277278354,33.97304826105954,1.0,24.7660229,2.0,87.73288846227581,43.30309350459339,2813,0.04273055588721865,2813,0,0,1.0,0.0,0.0,True,3043.0,31.12261209566567,0.8947025707097673,3043,0,0.0,,0.3090169943749474,,
8,32,35.597808277278354,35.638454746701704,3.3166247903554,82.13960550864952,4.3166247903554,99.09678388064751,19.71054331985394,4150,0.0630401020021178,4140,10,0,0.9975903614457832,0.0024096385542168677,0.0,True,1946.0,24.888371552065365,0.6987556757065503,1946,0,0.0,,0.27792629762666365,0.37979028085017386,
9,10,28.929866286073278,37.073861813651305,1.0,24.7660229,2.0,60.70792787675265,73.27730588016412,3988,0.06057925946613152,3904,84,0,0.9789368104312939,0.02106318956870612,0.0,True,399.0,11.269678104867614,0.3414861078101629,962,0,0.0,,0.3203772410170408,0.44499443206436484,
9,14,28.929866286073278,34.748724636804454,2.4641016151377544,61.02599702842861,3.4641016151377544,68.8074779509831,60.30657793217282,3013,0.045768633092139986,3013,0,0,1.0,0.0,0.0,True,1623.0,22.72920907722687,0.7138728652069144,1623,0,0.0,,0.28989794855663564,,
9,20,28.929866286073278,35.93638558241677,1.0,24.7660229,2.0,80.57118330262888,15.95052107760725,2482,0.03770253811307383,2482,0,0,1.0,0.0,0.0,True,2446.0,27.90315361398335,0.8603288400431783,2446,0,0.0,,0.31451985913875646,,
10,20,37.073861813651305,35.93638558241677,1.0,24.7660229,2.0,89.53287519275153,56.259614532804996,3138,0.047667431345215824,3138,0,0,1.0,0.0,0.0,True,1934.0,24.811515872260834,0.6796721489700648,1934,0,0.0,,0.3090169943749474,,
10,21,37.073861813651305,34.353029116573694,1.0,24.7660229,2.0,89.76013876494609,57.80888573219916,2737,0.04157608654934854,2737,0,0,1.0,0.0,0.0,True,2156.0,26.196872229566885,0.7335296801636768,2156,0,0.0,,0.30901699437494745,,
10,23,37.073861813651305,33.97304826105954,2.863703305156273,70.92254163430594,3.863703305156273,90.89097902100653,53.6998793673632,4128,0.06270591350957645,4128,0,0,1.0,0.0,0.0,True,2432.0,27.823185353208192,0.7832342131121579,2432,0,0.0,,0.28172904669025317,,
10,34,37.073861813651305,34.26514407983596,1.0,24.7660229,2.0,106.71969458418178,3.0675166393682884,2748,0.04174318079561921,2748,0,0,1.0,0.0,0.0,True,2223.0,26.60080594618454,0.745757685098693,2223,0,0.0,,0.3090169943749474,,
11,18,33.96966947746153,35.57147657556111,1.7320508075688772,42.89600996421431,2.732050807568877,80.6932892424181,72.03315173047247,3391,0.05151059900944132,2758,633,0,0.813329401356532,0.186670598643468,0.0,True,1935.0,24.817929602721396,0.7137624560802784,1935,0,0.0,,0.2577649871043577,0.39564392373896,
11,21,33.96966947746153,34.353029116573694,1.0,24.7660229,2.0,89.80531986789057,54.36509517886441,2521,0.03829496316803349,2520,1,0,0.9996033320111067,0.0003966679888932963,0.0,True,2989.0,30.845230584376417,0.9029277595621582,2989,0,0.0,,0.3090169943749474,0.48683298050513796,
11,22,33.96966947746153,35.72595606098211,1.0,24.7660229,2.0,90.70063254698589,51.40874720642752,2941,0.044674925298368307,2941,0,0,1.0,0.0,0.0,True,2887.0,30.314363615497584,0.8699072109992437,2887,0,0.0,,0.3090169943749474,,
12,23,34.396130901134335,33.97304826105954,1.0,24.7660229,2.0,93.46360088028555,56.81213431908007,2471,0.03753544386680315,2471,0,0,1.0,0.0,0.0,True,2338.0,27.28018537139553,0.7980258270083389,2338,0,0.0,,0.31339216579491175,,
12,24,34.396130901134335,35.07348691198918,1.0,24.7660229,2.0,93.98198300206775,56.39085393636846,2821,0.0428520789754155,2821,0,0,1.0,0.0,0.0,True,2492.0,28.16430784468183,0.8108381399317648,2507,0,0.0,,0.30901699437494745,,
12,25,34.396130901134335,35.47202014263535,1.0,24.7660229,2.0,95.14173712518021,53.9532946366648,2916,0.04429516564775313,2914,2,0,0.9993141289437586,0.0006858710562414266,0.0,True,2432.0,27.823185353208192,0.7964483083509122,2451,0,0.0,,0.3090169943749474,0.37724897146997804,
12,42,34.396130901134335,34.00473473650845,9.0,222.8942061,10.0,114.34625873643272,2.24501790287755,7777,0.1181356321133663,7777,0,0,1.0,0.0,0.0,True,1434.0,21.364839732316174,0.6246950103087158,1434,0,0.0,,0.26747889038858935,,
14,33,34.748724636804454,35.486497074827284,1.0,24.7660229,2.0,113.34114084105806,38.54217820632029,3000,0.045571158073820096,3000,0,0,1.0,0.0,0.0,True,2250.0,26.76186174229157,0.7620638503048821,2250,0,0.0,,0.30901699437494745,,
14,37,34.748724636804454,35.696066376699946,1.0,24.7660229,2.0,116.85233617063865,28.846237556803505,3230,0.04906494685947964,3230,0,0,1.0,0.0,0.0,True,2533.0,28.39505135941018,0.8061646844538667,2533,0,0.0,,0.3164309725825327,,
15,24,35.00757413413838,35.07348691198918,1.0,24.7660229,2.0,99.15188097205646,65.89102645719773,3258,0.04949027766816863,3258,0,0,1.0,0.0,0.0,True,3233.0,32.07952403063667,0.9154976694637038,3235,0,0.0,,0.30901699437494745,,
15,30,35.00757413413838,33.54028884609127,1.0,24.7660229,2.0,107.44519264042356,49.220558390719766,2784,0.04229003469250505,2784,0,0,1.0,0.0,0.0,True,2559.0,28.540409926003523,0.832714797665831,2559,0,0.0,,0.3090169943749474,,
16,41,36.20251823513549,34.617210178621114,1.0,24.7660229,2.0,122.61591452404338,18.759126652563147,3061,0.046497771621321106,3061,0,0,1.0,0.0,0.0,True,2054.0,25.569679431340276,0.7221061137640119,2054,0,0.0,,0.3090169943749474,,
17,19,35.33462899407066,33.97594382646514,1.0,24.7660229,2.0,97.87501792342192,80.90283453377064,2630,0.03995071524471562,2630,0,0,1.0,0.0,0.0,True,2679.0,29.201920914323004,0.8426397222234718,2679,0,0.0,,0.3090169943749474,,
17,25,35.33462899407066,35.47202014263535,1.0,24.7660229,2.0,103.82007339566735,70.1484630385479,3676,0.055839859026454226,3676,0,0,1.0,0.0,0.0,True,3347.0,32.64020816504005,0.921953194029046,3347,0,0.0,,0.30901699437494745,,
17,28,35.33462899407066,34.11367070749552,1.0,24.7660229,2.0,109.44130612966092,59.95122249244981,2899,0.044036929085334825,2885,14,0,0.9951707485339772,0.004829251466022766,0.0,True,2269.0,26.87461872754702,0.773946053194473,2269,0,0.0,,0.3090169943749474,0.4350543397400872,
15,32,35.00757413413838,35.638454746701704,1.0,24.7660229,2.0,109.99739426864596,42.712702245293144,2938,0.04462935414029448,2938,0,0,1.0,0.0,0.0,True,2423.0,27.771655590247494,0.7862198634573061,2423,0,0.0,,0.3090169943749474,,
16,26,36.20251823513549,34.0941026189682,1.0,24.7660229,2.0,103.7561359101241,67.8263048760643,2901,0.04406730985738404,2897,4,0,0.9986211651154774,0.0013788348845225785,0.0,True,2637.0,28.97211020734693,0.8242817323318218,2651,0,0.0,,0.3090169943749474,0.42691068390510456,
16,32,36.20251823513549,35.638454746701704,1.0,24.7660229,2.0,112.58685784798229,49.380239972045594,3331,0.05059917584796492,3331,0,0,1.0,0.0,0.0,True,2128.0,26.026206750102993,0.7245505084315305,2128,0,0.0,,0.3090169943749474,,
16,36,36.20251823513549,35.20983863828334,1.0,24.7660229,2.0,116.09008582556757,44.74685609048505,2835,0.043064744379759996,2835,0,0,1.0,0.0,0.0,True,2223.0,26.60080594618454,0.7449916824152856,2223,0,0.0,,0.3090169943749474,,
17,48,35.33462899407066,35.063457207364934,9.0,222.8942061,10.0,130.57313600288114,15.610752913593041,7884,0.11976100341799922,7884,0,0,1.0,0.0,0.0,True,3006.0,30.93282266248062,0.8787972608792259,3006,0,0.0,,0.26968623182294527,,
18,22,35.57147657556111,35.72595606098211,1.0,24.7660229,2.0,101.63393981663975,74.15067416268904,2643,0.04014819026303551,2643,0,0,1.0,0.0,0.0,True,2532.0,28.38944578214513,0.796366565591991,2538,0,0.0,,0.3090169943749474,,
18,27,35.57147657556111,35.2559943424822,1.0,24.7660229,2.0,108.84977872061509,58.950644427306706,3387,0.051449837465342894,3387,0,0,1.0,0.0,0.0,True,3673.0,34.192867852127634,0.9655255908175312,3673,0,0.0,,0.3090169943749474,,
18,35,35.57147657556111,34.68560574040114,1.0,24.7660229,2.0,115.40749269761997,46.31264813608685,3418,0.0519207394321057,3418,0,0,1.0,0.0,0.0,True,2764.0,29.661566469288122,0.8443722822389135,2768,0,0.0,,0.30901699437494745,,
13,14,35.79428338554075,34.748724636804454,1.0,24.7660229,2.0,79.79943874434804,80.03001758553535,2979,0.045252159967303356,2979,0,0,1.0,0.0,0.0,True,2573.0,28.618374117879117,0.811373796501957,2573,0,0.0,,0.3090169943749474,,
13,21,35.79428338554075,34.353029116573694,6.69041575982343,165.69498991830795,7.69041575982343,91.79040766818837,62.67425306421848,5937,0.09018532182808997,5937,0,0,1.0,0.0,0.0,True,2501.0,28.21512050914652,0.8044533568779569,2501,0,0.0,,0.27429188517743175,,
13,33,35.79428338554075,35.486497074827284,1.0,24.7660229,2.0,107.27185967006989,21.009234473442454,3026,0.045966108110459876,3026,0,0,1.0,0.0,0.0,True,3018.0,30.994503327246274,0.8696454535729768,3018,0,0.0,,0.30901699437494745,,
14,20,34.748724636804454,35.93638558241677,1.0,24.7660229,2.0,97.63242526698198,70.1366403783675,3133,0.04759147941509279,3133,0,0,1.0,0.0,0.0,True,2625.0,28.90611442640554,0.817884115530322,2625,0,0.0,,0.3090169943749474,,
19,20,33.97594382646514,35.93638558241677,5.324555320336759,131.868058995777,6.324555320336759,106.48731521953198,85.57166129895583,5264,0.07996219203352967,5264,0,0,1.0,0.0,0.0,True,2113.0,25.934316831301913,0.7419096760351152,2113,0,0.0,,0.2727272727272727,,
19,28,33.97594382646514,34.11367070749552,1.0,24.7660229,2.0,115.1447880266752,70.11882467154163,2558,0.03885700745094394,2558,0,0,1.0,0.0,0.0,True,1834.0,24.161546541168924,0.7096984380523409,1834,0,0.0,,0.30901699437494745,,
19,37,33.97594382646514,35.696066376699946,1.0,24.7660229,2.0,125.70722612318863,51.44472425015778,2735,0.041545705777299324,2735,0,0,1.0,0.0,0.0,True,2579.0,28.651722399674266,0.8224744001536693,2579,0,0.0,,0.3090169943749474,,
19,47,33.97594382646514,34.7445062626858,1.0,24.7660229,2.0,135.9137191458035,10.4976148599222,2672,0.0405887114577491,2672,0,0,1.0,0.0,0.0,True,3279.0,32.306936047800164,0.9402422715767554,3279,0,0.0,,0.3090169943749474,,
20,52,35.93638558241677,36.437483885966415,1.0,24.7660229,2.0,144.81673400910267,4.115073157291714,3321,0.050447271987718846,3321,0,0,1.0,0.0,0.0,True,2490.0,28.15300368695388,0.7779880748051652,2490,0,0.0,,0.30484544052339907,,
21,34,34.353029116573694,34.26514407983596,1.0,24.7660229,2.0,126.81021358225257,61.013632652424604,2587,0.03929752864565753,2587,0,0,1.0,0.0,0.0,True,2079.0,25.724817849230746,0.7497960569599297,2079,0,0.0,,0.3164309725825327,,
21,46,34.353029116573694,34.55400935376103,6.8173377998059435,168.8383440670296,7.8173377998059435,134.80921405417763,47.20428254883973,7078,0.10751755228216622,7078,0,0,1.0,0.0,0.0,True,2699.0,29.31072129460568,0.8507322893357051,2699,0,0.0,,0.2708131845707603,,
21,50,34.353029116573694,34.106010354569825,1.0,24.7660229,2.0,142.71398402258956,13.492333842264669,2629,0.039935524858691014,2629,0,0,1.0,0.0,0.0,True,2432.0,27.823185353208192,0.8128418268251068,2432,0,0.0,,0.3090169943749474,,
20,21,35.93638558241677,34.353029116573694,3.2426406871192857,80.30731351366796,4.242640687119286,109.62339419082232,89.64346801073037,4348,0.06604779843498992,4332,16,0,0.9963201471941122,0.0036798528058877645,0.0,True,2405.0,27.668308157023564,0.7872681334881267,2405,0,0.0,,0.28172904669025317,0.414021404230567,
20,28,35.93638558241677,34.11367070749552,1.0,24.7660229,2.0,118.05360342577097,75.78112087970636,3063,0.04652815239337032,3063,0,0,1.0,0.0,0.0,True,1856.0,24.306031118985995,0.6939617869368148,1856,0,0.0,,0.3203772410170408,,
20,34,35.93638558241677,34.26514407983596,1.0,24.7660229,2.0,126.58295001005803,60.827041325476465,2879,0.04373312136484269,2879,0,0,1.0,0.0,0.0,True,1940.0,24.849973424463737,0.7079610243258142,1940,0,0.0,,0.3090169943749474,,
20,37,35.93638558241677,35.696066376699946,2.863703305156273,70.92254163430594,3.863703305156273,128.61604152228443,57.410784549078464,4978,0.07561774163049215,4955,23,0,0.9953796705504219,0.004620329449578144,0.0,True,2132.0,26.05065598682386,0.7273422945703976,2132,0,0.0,,0.2801868778094689,0.4387496113528984,
22,49,35.72595606098211,36.08910768361825,1.0,24.7660229,2.0,141.3399191157496,31.241328358191765,3390,0.051495408623416714,3390,0,0,1.0,0.0,0.0,True,2488.0,28.14169498849121,0.7837267982821259,2488,0,0.0,,0.3090169943749474,,
23,24,33.97304826105954,35.07348691198918,7.0710678118654755,175.12222735611326,8.071067811865476,112.63072039691994,89.23329849301687,6117,0.09291959131251919,6116,1,0,0.9998365211705085,0.00016347882949158083,0.0,True,1939.0,24.84356796658584,0.7196180924740495,1939,0,0.0,,0.27429188517743175,0.27995215061097223,
23,28,33.97304826105954,34.11367070749552,1.0,24.7660229,2.0,119.41170725402597,77.55507194053169,2601,0.03951019405000203,2601,0,0,1.0,0.0,0.0,True,2296.0,27.034043328329254,0.7941062144825797,2296,0,0.0,,0.3090169943749474,,
23,32,33.97304826105954,35.638454746701704,1.0,24.7660229,2.0,123.47623369350944,71.33988910159509,2765,0.04200141735803752,2765,0,0,1.0,0.0,0.0,True,2241.0,26.708284387767684,0.7673526136848353,2241,0,0.0,,0.30901699437494745,,
22,26,35.72595606098211,34.0941026189682,4.65685424949238,115.33175898489058,5.65685424949238,114.40998417868613,85.75093612085375,5284,0.0802659997540218,5275,9,0,0.9982967448902347,0.0017032551097653293,0.0,True,2681.0,29.212819187109325,0.8368030545783012,2688,0,0.0,,0.2801868778094689,0.4519410160110378,
22,35,35.72595606098211,34.68560574040114,2.4641016151377544,61.02599702842861,3.4641016151377544,125.41483600218776,68.3079862917247,3740,0.056812043732029055,3738,2,0,0.9994652406417113,0.0005347593582887701,0.0,True,2324.0,27.19838553096727,0.7725545303962552,2341,0,0.0,,0.2898979485566356,0.27165021720559257,
22,36,35.72595606098211,35.20983863828334,1.0,24.7660229,2.0,126.74393409412961,64.206998845011,3063,0.04652815239337032,3050,13,0,0.9957557949722494,0.004244205027750571,0.0,True,2834.0,30.03481675397509,0.846816952747443,2834,0,0.0,,0.3090169943749474,0.4305008740430604,
22,46,35.72595606098211,34.55400935376103,1.0,24.7660229,2.0,135.70452673327296,47.63584343613867,2772,0.042107750060209774,2772,0,0,1.0,0.0,0.0,True,3001.0,30.90708605542677,0.8795418686686822,3001,0,0.0,,0.3090169943749474,,
23,34,33.97304826105954,34.26514407983596,1.0,24.7660229,2.0,127.94105383831301,62.43396293178933,2639,0.04008742871893708,2639,0,0,1.0,0.0,0.0,True,2459.0,27.977205187901475,0.8199867032859426,2459,0,0.0,,0.32037724101704074,,
23,42,33.97304826105954,34.00473473650845,1.0,24.7660229,2.0,132.9949961312849,52.5832049463868,2477,0.0376265861829508,2477,0,0,1.0,0.0,0.0,True,1784.0,23.829914749152643,0.7011089123046331,1784,0,0.0,,0.3090169943749474,,
23,54,33.97304826105954,34.25734790323465,1.0,24.7660229,2.0,145.58583012935642,13.553431263378036,2539,0.03856839011647641,2539,0,0,1.0,0.0,0.0,True,2089.0,25.78661187977084,0.7558687426547669,2089,0,0.0,,0.3090169943749474,,
24,40,35.07348691198918,34.728810189524246,1.0,24.7660229,2.0,132.06897708521797,56.562155389557766,2659,0.04039123643942921,2634,25,0,0.9905979691613388,0.009402030838661151,0.0,True,2223.0,26.60080594618454,0.7621756604227223,2261,0,0.0,,0.3090169943749474,0.4305008740430604,
24,42,35.07348691198918,34.00473473650845,1.0,24.7660229,2.0,133.51337825306712,53.79242243751205,2688,0.04083175763414281,2688,0,0,1.0,0.0,0.0,True,2125.0,26.007854739300495,0.7529972288991644,2125,0,0.0,,0.30901699437494745,,
24,53,35.07348691198918,34.49097784626382,1.0,24.7660229,2.0,146.69719776372642,11.176557842075137,2867,0.04355083673254741,2867,0,0,1.0,0.0,0.0,True,2677.0,29.191018572739246,0.83925086390537,2677,0,0.0,,0.3090169943749474,,
25,42,35.47202014263535,34.00473473650845,1.0,24.7660229,2.0,134.67313237617958,56.80528007637427,2780,0.042229273148406625,2780,0,0,1.0,0.0,0.0,True,2322.0,27.186679747971468,0.7826122505365495,2322,0,0.0,,0.3090169943749474,,
25,48,35.47202014263535,35.063457207364934,1.0,24.7660229,2.0,142.22167337214086,38.89876364826066,2921,0.04437111757787617,2921,0,0,1.0,0.0,0.0,True,2641.0,28.99407541915057,0.8221132544486977,2641,0,0.0,,0.3090169943749474,,
26,41,34.0941026189682,34.617210178621114,1.0,24.7660229,2.0,136.03846385008404,56.2045009004025,2681,0.04072542493197056,2681,0,0,1.0,0.0,0.0,True,2249.0,26.7559140009708,0.7787921060332154,2249,0,0.0,,0.30901699437494745,,
26,49,34.0941026189682,36.08910768361825,1.0,24.7660229,2.0,144.10862017322822,40.869336048148014,2737,0.04157608654934854,2737,0,0,1.0,0.0,0.0,True,2210.0,26.52291176447596,0.7558192807118861,2210,0,0.0,,0.3090169943749474,,
27,44,35.2559943424822,34.77164414113463,1.0,24.7660229,2.0,142.5407734311553,59.64467018530082,3620,0.054989197409076256,3620,0,0,1.0,0.0,0.0,True,3701.0,34.32294988438799,0.9802686661329567,3701,0,0.0,,0.31339216579491175,,
27,46,35.2559943424822,34.55400935376103,1.0,24.7660229,2.0,142.92036563724832,61.55232011211741,2745,0.04169760963754539,2745,0,0,1.0,0.0,0.0,True,2432.0,27.823185353208192,0.7971116997578809,2432,0,0.0,,0.3090169943749474,,
25,58,35.47202014263535,34.964991180535996,8.9498743710662,221.6527936259486,9.9498743710662,153.72204106292105,17.449224171872107,7775,0.1181052513413171,7775,0,0,1.0,0.0,0.0,True,2156.0,26.196872229566885,0.7438382673385524,2156,0,0.0,,0.27013511384464434,,
26,29,34.0941026189682,34.054487207632036,11.091589177747522,274.69455157348733,12.091589177747522,122.45058218309214,82.37468911136243,9266,0.1407541169040057,9264,2,0,0.9997841571336067,0.0002158428663932657,0.0,True,1751.0,23.608485989317856,0.6928532505041747,1752,0,0.0,,0.2653311931459037,0.31147013608904783,
26,31,34.0941026189682,35.6978774055937,1.0,24.7660229,2.0,125.499519839118,76.04424318002069,2884,0.04380907329496572,2884,0,0,1.0,0.0,0.0,True,2354.0,27.37337158766971,0.7844274249859711,2354,0,0.0,,0.3090169943749474,,
26,39,34.0941026189682,35.143083751160795,2.449489742783178,60.66411906308329,3.449489742783178,134.1991299738352,61.97695463935825,3357,0.05099412588460469,3357,0,0,1.0,0.0,0.0,True,2251.0,26.767808162038836,0.7732205644216437,2251,0,0.0,,0.2898979485566356,,
27,51,35.2559943424822,35.624978930036306,1.0,24.7660229,2.0,151.87230163593105,46.70115223790363,2650,0.040254522965207755,2650,0,0,1.0,0.0,0.0,True,2491.0,28.158656333067857,0.7945335689679459,2491,0,0.0,,0.3090169943749474,,
27,62,35.2559943424822,34.41670082484542,5.324555320336759,131.868058995777,6.324555320336759,164.50430155099076,5.484015791278662,5225,0.07936976697857001,5225,0,0,1.0,0.0,0.0,True,2039.0,25.476142917026298,0.7313092411838578,2039,0,0.0,,0.28172904669025317,,
28,42,34.11367070749552,34.00473473650845,1.0,24.7660229,2.0,140.29436511017315,67.15371619466158,2592,0.039373480575780564,2592,0,0,1.0,0.0,0.0,True,1965.0,25.00957669276209,0.7342971853127406,1965,0,0.0,,0.30901699437494745,,
28,47,34.11367070749552,34.7445062626858,5.0,123.8301145,6.0,147.4800073520425,54.97384786827728,5332,0.08099513828320293,5332,0,0,1.0,0.0,0.0,True,1817.0,24.049304838101822,0.698517035922001,1817,0,0.0,,0.2742918851774318,,
28,48,34.11367070749552,35.063457207364934,8.281885242839627,205.10935957933825,9.281885242839627,147.84290610613442,57.691911489198,7006,0.10642384448839454,7006,0,0,1.0,0.0,0.0,True,1588.0,22.48279562821002,0.6500066223009622,1588,0,0.0,,0.26900052367845045,,
28,55,34.11367070749552,34.96570717074241,1.0,24.7660229,2.0,160.23810162620487,6.842981345262475,2838,0.043110315537833815,2838,0,0,1.0,0.0,0.0,True,2274.0,26.904213074943115,0.778936171728864,2274,0,0.0,,0.3090169943749474,,
29,30,34.054487207632036,33.54028884609127,3.16227766016838,78.31704094788851,4.16227766016838,128.72910249272792,88.41243063109778,3815,0.05795132268387456,3815,0,0,1.0,0.0,0.0,True,2211.0,26.528911744592186,0.7849397037282114,2211,0,0.0,,0.28172904669025317,,
29,39,34.054487207632036,35.143083751160795,2.1462643699419726,53.15443253543696,3.1462643699419726,139.4710269207626,71.10360169425783,3453,0.052452402942966936,3453,0,0,1.0,0.0,0.0,True,2760.0,29.640095915284455,0.8566802419389877,2760,0,0.0,,0.28989794855663564,,
29,41,34.054487207632036,34.617210178621114,1.0,24.7660229,2.0,141.3103607970114,66.88928694809276,2521,0.03829496316803349,2521,0,0,1.0,0.0,0.0,True,2398.0,27.628013085792652,0.8046404599669408,2398,0,0.0,,0.31451985913875646,,
29,43,34.054487207632036,35.875277980329976,1.0,24.7660229,2.0,142.81620781864973,63.311483265868105,3309,0.05026498735542357,3297,12,0,0.9963735267452403,0.003626473254759746,0.0,True,2285.0,26.96920632740166,0.7713226622429514,2285,0,0.0,,0.3164309725825327,0.47050893581174,
29,56,34.054487207632036,36.474786296288464,1.0,24.7660229,2.0,158.38991613326726,24.736741691266577,3355,0.05096374511255548,3355,0,0,1.0,0.0,0.0,True,2781.0,29.75264347040649,0.8436962977862698,2794,0,0.0,,0.3090169943749474,,
30,32,33.54028884609127,35.638454746701704,1.0,24.7660229,2.0,132.28792748365873,85.89298560153435,2454,0.03727720730438484,2454,0,0,1.0,0.0,0.0,True,1998.0,25.218706402097904,0.7290883034980468,1998,0,0.0,,0.3090169943749474,,
30,38,33.54028884609127,37.2238437943151,1.0,24.7660229,2.0,138.76361574305173,75.1185764295887,2866,0.0435356463465228,2866,0,0,1.0,0.0,0.0,True,2353.0,27.36755674499387,0.7734866725227683,2353,0,0.0,,0.30901699437494745,,
30,41,33.54028884609127,34.617210178621114,1.0,24.7660229,2.0,142.31698415971982,68.85452108200704,2327,0.03534802827925979,2327,0,0,1.0,0.0,0.0,True,1844.0,24.22732816723524,0.7109218652066722,1844,0,0.0,,0.32037724101704074,,
30,43,33.54028884609127,35.875277980329976,1.0,24.7660229,2.0,143.82283118135814,65.66742922001824,2869,0.04358121750459662,2869,0,0,1.0,0.0,0.0,True,1924.0,24.747287144606645,0.7130183696832461,1924,0,0.0,,0.30901699437494745,,
30,57,33.54028884609127,34.85942003068071,1.0,24.7660229,2.0,159.17527843389212,32.32344457336038,2546,0.03867472281864866,2546,0,0,1.0,0.0,0.0,True,2598.0,28.757070162057335,0.8408535835690674,2598,0,0.0,,0.3090169943749474,,
30,64,33.54028884609127,33.88899984083786,11.372009928492817,281.63945830808046,12.372009928492817,165.30119994137831,23.53277376505627,8167,0.12405988266296292,8167,0,0,1.0,0.0,0.0,True,1307.0,20.39683851096082,0.6049845373769945,1307,0,0.0,,0.2663346240702891,,
31,35,35.6978774055937,34.68560574040114,1.0,24.7660229,2.0,136.50437166261963,85.57808736190695,3702,0.056234809063094,3702,0,0,1.0,0.0,0.0,True,3218.0,32.00501857114659,0.909446851465402,3218,0,0.0,,0.30901699437494745,,
31,39,35.6978774055937,35.143083751160795,1.0,24.7660229,2.0,142.51996457678845,75.8198180639797,3335,0.05065993739206334,3335,0,0,1.0,0.0,0.0,True,2752.0,29.597108081327676,0.835593069265003,2752,0,0.0,,0.30901699437494745,,
31,49,35.6978774055937,36.08910768361825,1.0,24.7660229,2.0,152.42945477618147,57.75439577944212,3054,0.04639143891914886,3052,2,0,0.9993451211525868,0.0006548788474132286,0.0,True,2250.0,26.76186174229157,0.7455909092444475,2250,0,0.0,,0.3090169943749474,0.4461145936614179,
31,65,35.6978774055937,34.7715783237675,2.0,49.5320458,3.0,169.54007710803228,13.124286977580015,3357,0.05099412588460469,3357,0,0,1.0,0.0,0.0,True,3573.0,33.724193442315034,0.9571293858670686,3573,0,0.0,,0.28172904669025317,,
32,36,35.638454746701704,35.20983863828334,1.0,24.7660229,2.0,138.34335708946642,84.62313183196149,2109,0.03203652412589553,2109,0,0,1.0,0.0,0.0,True,2594.0,28.73492378205923,0.8111677052237664,2594,0,0.0,,0.2989350844248255,,
32,41,35.638454746701704,34.617210178621114,1.0,24.7660229,2.0,144.86918578794223,73.38369072697384,2748,0.04174318079561921,2748,0,0,1.0,0.0,0.0,True,1684.0,23.152404806704283,0.6590900486477148,1684,0,0.0,,0.30901699437494745,,
32,54,35.638454746701704,34.25734790323465,1.0,24.7660229,2.0,156.94972554772812,49.19291788162449,3139,0.04768262173124043,3139,0,0,1.0,0.0,0.0,True,2545.0,28.46223217419441,0.814418923457926,2545,0,0.0,,0.3090169943749474,,
33,59,35.486497074827284,33.645992546900594,1.0,24.7660229,2.0,170.06501325378866,29.038440112385874,3115,0.04731805246664987,3115,0,0,1.0,0.0,0.0,True,3483.0,33.29674659149364,0.9632734702216972,3484,0,0.0,,0.3203772410170408,,
34,36,34.26514407983596,35.20983863828334,1.0,24.7660229,2.0,142.80817723426998,88.41430830636558,2697,0.04096847110836427,2697,0,0,1.0,0.0,0.0,True,3111.0,31.468429511460734,0.9058924027124275,3116,0,0.0,,0.3090169943749474,,
34,50,34.26514407983596,34.106010354569825,7.0670198723450905,175.0219759932536,8.06701987234509,159.67353984182523,65.80415161490708,5668,0.08609910798747078,5657,11,0,0.998059280169372,0.0019407198306280876,0.0,True,1526.0,22.03953008383946,0.6447025874042785,1526,0,0.0,,0.26747889038858924,0.3090169943749474,
34,52,34.26514407983596,36.437483885966415,1.0,24.7660229,2.0,162.00355340053295,58.36629910375999,2923,0.044401498349925385,2923,0,0,1.0,0.0,0.0,True,2532.0,28.38944578214513,0.8030662112270172,2532,0,0.0,,0.3090169943749474,,
34,54,34.26514407983596,34.25734790323465,4.841619252963779,119.90765329198184,5.841619252963779,161.4145456925317,61.505745238730206,5091,0.0773342552512727,5076,15,0,0.9970536240424278,0.0029463759575721863,0.0,True,2490.0,28.15300368695388,0.8217156986616732,2490,0,0.0,,0.2791745113185196,0.2775144043792301,
34,60,34.26514407983596,34.36084934051776,1.0,24.7660229,2.0,171.28184763929676,36.319700889227605,2625,0.03987476331459259,2625,0,0,1.0,0.0,0.0,True,2270.0,26.88054020359719,0.7833923813370901,2270,0,0.0,,0.3090169943749474,,
35,49,34.68560574040114,36.08910768361825,1.0,24.7660229,2.0,155.11347199672986,63.08326907811705,3011,0.04573825232009077,3011,0,0,1.0,0.0,0.0,True,2196.0,26.438769072322643,0.7471247227501993,2197,0,0.0,,0.3203772410170408,,
35,51,34.68560574040114,35.624978930036306,1.0,24.7660229,2.0,158.43001561293593,53.986976294708796,4186,0.06358695589900365,4186,0,0,1.0,0.0,0.0,True,3487.0,33.315860684107776,0.9476769632984052,3493,0,0.0,,0.3164309725825327,,
32,66,35.638454746701704,34.04590772939489,3.8989794855663558,96.56221522616659,4.898979485566356,171.12271542948264,14.660859103320707,4275,0.06493890025519364,4275,0,0,1.0,0.0,0.0,True,2101.0,25.860569809502344,0.7422201736687521,2101,0,0.0,,0.28172904669025317,,
33,37,35.486497074827284,35.696066376699946,4.65685424949238,115.33175898489058,5.65685424949238,144.32475709636049,84.80448300272043,5600,0.08506616173779752,5600,0,0,1.0,0.0,0.0,True,2469.0,28.034034832463544,0.7876657842353125,2469,0,0.0,,0.2775144043792301,,
33,44,35.486497074827284,34.77164414113463,1.0,24.7660229,2.0,149.91107384996616,74.79337329189978,3564,0.05413853579169828,3564,0,0,1.0,0.0,0.0,True,3461.0,33.191422326891924,0.9448420283385232,3461,0,0.0,,0.30901699437494745,,
33,50,35.486497074827284,34.106010354569825,2.1462643699419726,53.15443253543696,3.1462643699419726,158.19543602447106,60.853694848705224,3433,0.0521485952224748,3433,0,0,1.0,0.0,0.0,True,2504.0,28.2320377409108,0.8113527959759959,2504,0,0.0,,0.28989794855663564,,
36,41,35.20983863828334,34.617210178621114,1.0,24.7660229,2.0,148.3724137655275,79.36665035629072,2645,0.04017857103508472,2644,1,0,0.9996219281663516,0.0003780718336483932,0.0,True,1961.0,24.984108685450707,0.7155997313007534,1961,0,0.0,,0.3090169943749474,0.45803989154980806,
36,46,35.20983863828334,34.55400935376103,8.9498743710662,221.6527936259486,9.9498743710662,150.80717770619503,77.19575997904202,7098,0.10782136000265835,7079,19,0,0.997323189630882,0.0026768103691180616,0.0,True,1914.0,24.68289128436487,0.7076126674428747,1914,0,0.0,,0.26968623182294527,0.33738635424337604,
36,49,35.20983863828334,36.08910768361825,10.449489742783179,258.7923022630833,11.449489742783179,156.4425700886717,69.39808700425273,8563,0.13007527552870718,8561,2,0,0.9997664369963798,0.00023356300362022657,0.0,True,1644.0,22.875783109789968,0.6416864284784807,1644,0,0.0,,0.26675650430010106,0.3824561162377049,
36,60,35.20983863828334,34.36084934051776,1.0,24.7660229,2.0,170.3202554720785,35.84430915220893,2655,0.04033047489533079,2655,0,0,1.0,0.0,0.0,True,2279.0,26.933774904622243,0.7742851389605129,2279,0,0.0,,0.3090169943749474,,
36,63,35.20983863828334,33.659483745839054,1.0,24.7660229,2.0,173.31694718267227,23.574223357176027,2835,0.043064744379759996,2835,0,0,1.0,0.0,0.0,True,2265.0,26.85091976462419,0.7797643082608458,2266,0,0.0,,0.3164309725825327,,
37,47,35.696066376699946,34.7445062626858,1.0,24.7660229,2.0,158.04244544855595,73.15568804252563,3331,0.05059917584796492,3331,0,0,1.0,0.0,0.0,True,2192.0,26.414679072721462,0.7499847909513474,2192,0,0.0,,0.31451985913875646,,
37,52,35.696066376699946,36.437483885966415,1.0,24.7660229,2.0,164.03664491275936,62.84986006458826,3186,0.048396569874396944,3186,0,0,1.0,0.0,0.0,True,2021.0,25.363443772040124,0.7032356976658418,2021,0,0.0,,0.3090169943749474,,
37,59,35.696066376699946,33.645992546900594,1.0,24.7660229,2.0,173.57620858336924,41.65644906379106,2985,0.045343302283451,2985,0,0,1.0,0.0,0.0,True,2454.0,27.948747032649287,0.8061124075777029,2454,0,0.0,,0.31339216579491175,,
37,69,35.696066376699946,34.65064639537781,1.8284271247461903,45.2828680424453,2.8284271247461903,182.65336096077567,15.805407753989861,3337,0.050690318164112555,3337,0,0,1.0,0.0,0.0,True,2370.0,27.46624164780438,0.7808820217881275,2370,0,0.0,,0.28989794855663564,,
38,43,37.2238437943151,35.875277980329976,1.0,24.7660229,2.0,152.85072106897354,82.31787359925649,3947,0.059956453639122644,3947,0,0,1.0,0.0,0.0,True,2388.0,27.570346537664197,0.7543277092345904,2388,0,0.0,,0.32037724101704074,,
38,45,37.2238437943151,34.92263050201303,1.0,24.7660229,2.0,152.89515586231627,82.05125710295069,3103,0.04713576783435459,3103,0,0,1.0,0.0,0.0,True,3154.0,31.685160265077972,0.878356442892472,3154,0,0.0,,0.3090169943749474,,
38,57,37.2238437943151,34.85942003068071,1.414213562373095,35.02444547122265,2.414213562373095,168.20316832150752,53.98997871148083,3792,0.05760194380530861,3792,0,0,1.0,0.0,0.0,True,2659.0,29.09271364728116,0.8071974575932807,2659,0,0.0,,0.29581631632448924,,
39,65,35.143083751160795,34.7715783237675,6.032065437739018,149.39027076534305,7.032065437739018,178.23968724274948,44.66525183426011,6253,0.0949854838118657,6253,0,0,1.0,0.0,0.0,True,2648.0,29.03247455203703,0.8305117607783792,2648,0,0.0,,0.27669677546737487,,
40,45,34.728810189524246,34.92263050201303,1.0,24.7660229,2.0,154.49382887284963,84.0209310298144,3179,0.0482902371722247,3179,0,0,1.0,0.0,0.0,True,1916.0,24.695783889727878,0.7091248549788703,1916,0,0.0,,0.31451985913875646,,
40,53,34.728810189524246,34.49097784626382,1.0,24.7660229,2.0,165.61707233024225,66.35795144890731,2361,0.035864501404096416,2361,0,0,1.0,0.0,0.0,True,1811.0,24.00956484151358,0.6937196868935841,1811,0,0.0,,0.31339216579491175,,
40,58,34.728810189524246,34.964991180535996,1.0,24.7660229,2.0,171.48216150632442,54.68617039561673,2879,0.04373312136484269,2879,0,0,1.0,0.0,0.0,True,3091.0,31.36711427903589,0.9001407201906736,3091,0,0.0,,0.3090169943749474,,
38,67,37.2238437943151,33.83625714690255,1.0,24.7660229,2.0,180.02850768533335,29.497579823957878,2979,0.045252159967303356,2979,0,0,1.0,0.0,0.0,True,2080.0,25.731003930322746,0.7242039791530257,2080,0,0.0,,0.30901699437494745,,
38,70,37.2238437943151,36.8474955512195,7.547442467302883,186.92013298165568,8.547442467302883,186.4311218230735,21.83046792563263,7046,0.1070314599293788,7046,0,0,1.0,0.0,0.0,True,1908.0,24.64417299969047,0.6654172374210254,1908,0,0.0,,0.2689623000558583,,
39,56,35.143083751160795,36.474786296288464,1.0,24.7660229,2.0,170.13846392401035,58.31400305412314,3265,0.049596610370340875,3265,0,0,1.0,0.0,0.0,True,2691.0,29.267249678105742,0.8173169534004627,2705,0,0.0,,0.3164309725825327,,
39,61,35.143083751160795,34.667207904416564,1.0,24.7660229,2.0,175.4259918022346,45.15607800595605,3016,0.045814204250213805,3016,0,0,1.0,0.0,0.0,True,1815.0,24.03606547302574,0.6886109455497577,1815,0,0.0,,0.3090169943749474,,
40,72,34.728810189524246,35.555872841086355,4.977725364273731,123.27846036151405,5.977725364273731,186.04206826723333,26.261259317053103,4822,0.07324804141065351,4821,1,0,0.9997926171712982,0.00020738282870178348,0.0,True,1990.0,25.16816786152189,0.7161778861707485,1990,0,0.0,,0.2775144043792301,0.20521309615767264,
41,61,34.617210178621114,34.667207904416564,1.0,24.7660229,2.0,177.26532567848344,49.84982789138848,2622,0.03982919215651877,2622,0,0,1.0,0.0,0.0,True,2298.0,27.045815174447064,0.7807185489248833,2298,0,0.0,,0.30901699437494745,,
41,63,34.617210178621114,33.659483745839054,1.7320508075688772,42.89600996421431,2.732050807568877,179.8427758811481,44.62756604941789,2935,0.04458378298222066,2935,0,0,1.0,0.0,0.0,True,1905.0,24.62479102815131,0.7213234740216226,1905,0,0.0,,0.29581631632448924,,
41,64,34.617210178621114,33.88899984083786,1.0,24.7660229,2.0,177.8824582456618,46.765402560017755,2892,0.04393059638316257,2892,0,0,1.0,0.0,0.0,True,2352.0,27.361740666563517,0.798810521229871,2352,0,0.0,,0.3090169943749474,,
41,66,34.617210178621114,34.04590772939489,2.6502815398728847,65.63693330793913,3.6502815398728847,181.15177210554373,42.69446218624341,3498,0.053135970314074236,3498,0,0,1.0,0.0,0.0,True,1927.0,24.76657325259521,0.7213937848197791,1927,0,0.0,,0.28330039409901914,,
42,48,34.00473473650845,35.063457207364934,5.0990195135927845,126.28243404118575,6.0990195135927845,161.42619498339334,77.98258653673305,5407,0.08213441723504843,5407,0,0,1.0,0.0,0.0,True,1619.0,22.701182914807703,0.6573556444985639,1619,0,0.0,,0.2801868778094689,,
42,53,34.00473473650845,34.49097784626382,1.0,24.7660229,2.0,167.0614734980914,67.90426765248341,2430,0.03691263803979428,2430,0,0,1.0,0.0,0.0,True,1801.0,23.943184938871582,0.699114850726983,1801,0,0.0,,0.3090169943749474,,
42,54,34.00473473650845,34.25734790323465,1.0,24.7660229,2.0,166.4684879855036,67.87533335777896,2708,0.041135565354634945,2708,0,0,1.0,0.0,0.0,True,1981.0,25.11119042439226,0.7357288102948146,1981,0,0.0,,0.3164309725825327,,
42,55,34.00473473650845,34.96570717074241,1.0,24.7660229,2.0,173.8213905034638,54.781243407376536,2705,0.04108999419656112,2705,0,0,1.0,0.0,0.0,True,1722.0,23.41216828934235,0.6789044014195603,1722,0,0.0,,0.30901699437494745,,
42,58,34.00473473650845,34.964991180535996,1.0,24.7660229,2.0,172.92656267417354,57.19019476130945,2557,0.03884181706491933,2557,0,0,1.0,0.0,0.0,True,2020.0,25.357168021907675,0.7353129995733728,2020,0,0.0,,0.30901699437494745,,
42,75,34.00473473650845,34.84893908700978,1.0,24.7660229,2.0,189.9724040107344,5.620256543735266,2507,0.038082297763688995,2507,0,0,1.0,0.0,0.0,True,1605.0,22.60281768552284,0.6565464536709277,1605,0,0.0,,0.30484544052339907,,
43,56,35.875277980329976,36.474786296288464,1.0,24.7660229,2.0,173.48364482189749,64.75918996571377,3104,0.047150958220379194,3104,0,0,1.0,0.0,0.0,True,2713.0,29.38664188396871,0.8123459786190036,2713,0,0.0,,0.3090169943749474,,
43,64,35.875277980329976,33.88899984083786,1.0,24.7660229,2.0,179.38830526730013,51.741264016823024,2920,0.044355927191851566,2920,0,0,1.0,0.0,0.0,True,1950.0,24.913937425834398,0.7142319308371031,1950,0,0.0,,0.30901699437494745,,
43,67,35.875277980329976,33.83625714690255,1.0,24.7660229,2.0,185.0877231236398,35.522303604145286,3295,0.05005232195107907,3295,0,0,1.0,0.0,0.0,True,2636.0,28.96661630188228,0.831042272961411,2636,0,0.0,,0.30901699437494745,,
44,50,34.77164414113463,34.106010354569825,1.0,24.7660229,2.0,167.2929481076573,75.79054122352252,2821,0.0428520789754155,2821,0,0,1.0,0.0,0.0,True,2205.0,26.492891481211682,0.7692739154717849,2205,0,0.0,,0.32037724101704074,,
44,62,34.77164414113463,34.41670082484542,1.0,24.7660229,2.0,180.97211405298785,50.36261953558618,2596,0.03943424211987899,2596,0,0,1.0,0.0,0.0,True,2641.0,28.99407541915057,0.8381202190457648,2641,0,0.0,,0.30901699437494745,,
44,71,34.77164414113463,33.95352478511617,1.0,24.7660229,2.0,191.58832768193707,16.097523653987743,2692,0.040892519178241236,2692,0,0,1.0,0.0,0.0,True,3086.0,31.34173429731,0.9120889708090181,3086,0,0.0,,0.30901699437494745,,
45,53,34.92263050201303,34.49097784626382,2.23606797749979,55.37851073671648,3.23606797749979,169.1220495513581,72.34226378112749,3307,0.05023460658337436,3303,4,0,0.998790444511642,0.0012095554883580285,0.0,True,2114.0,25.94045295272489,0.7474169278903031,2114,0,0.0,,0.2898979485566356,0.3445218489276528,
45,57,34.92263050201303,34.85942003068071,8.126822193908446,201.2690645585648,9.126822193908446,173.3068185531567,67.62988788791118,6774,0.10289967493068579,6762,12,0,0.9982285208148804,0.001771479185119575,0.0,True,1710.0,23.330450175131254,0.6686662256850894,1710,0,0.0,,0.2692803301885514,0.41145435749637516,
45,70,34.92263050201303,36.8474955512195,4.0197648378370845,99.55358802648801,5.0197648378370845,191.53477205472268,32.75380697764762,4496,0.06829597556663172,4496,0,0,1.0,0.0,0.0,True,2138.0,26.087286878112575,0.7269678433827302,2138,0,0.0,,0.2801868778094689,,
45,72,34.92263050201303,35.555872841086355,1.0,24.7660229,2.0,189.54704548834914,27.213081804057776,2890,0.04390021561111336,2890,0,0,1.0,0.0,0.0,True,2015.0,25.32576594419877,0.7186805832385327,2017,0,0.0,,0.3090169943749474,,
46,50,34.55400935376103,34.106010354569825,1.0,24.7660229,2.0,167.6725403137503,76.45277428690936,2813,0.04273055588721865,2813,0,0,1.0,0.0,0.0,True,2257.0,26.80345897672193,0.7807588489075176,2257,0,0.0,,0.3090169943749474,,
46,51,34.55400935376103,35.624978930036306,1.414213562373095,35.02444547122265,2.414213562373095,168.71970634402112,75.92103675701992,3064,0.046543342779394925,3064,0,0,1.0,0.0,0.0,True,2250.0,26.76186174229157,0.7626744812583811,2258,0,0.0,,0.29460804522041745,,
46,60,34.55400935376103,34.36084934051776,1.0,24.7660229,2.0,179.28084811122181,55.89719116181573,2532,0.03846205741430416,2532,0,0,1.0,0.0,0.0,True,2038.0,25.469894935836805,0.739169909607644,2038,0,0.0,,0.31339216579491175,,
46,68,34.55400935376103,34.94336748161728,1.0,24.7660229,2.0,188.82983815044497,32.65060764571091,2806,0.0426242231850464,2806,0,0,1.0,0.0,0.0,True,2356.0,27.384997568906428,0.788087229069798,2357,0,0.0,,0.3090169943749474,,
46,76,34.55400935376103,35.95443116482948,9.645764924552132,238.88723500947486,10.645764924552132,197.21591130638876,20.83149533000865,7241,0.10999358520417711,7241,0,0,1.0,0.0,0.0,True,1202.0,19.5603804460168,0.554837982577687,1202,0,0.0,,0.26747889038858935,,
47,48,34.7445062626858,35.063457207364934,6.28538328578604,155.6639463910543,7.28538328578604,168.61183722526272,89.47971067996059,4741,0.07201762014266036,4741,0,0,1.0,0.0,0.0,True,3165.0,31.7403653062106,0.909362305629442,3165,0,0.0,,0.2727272727272727,,
47,52,34.7445062626858,36.437483885966415,5.6332495807108,139.51318811729905,6.6332495807108,174.2431379353742,81.50224490549176,5132,0.07795706107828158,5132,0,0,1.0,0.0,0.0,True,1386.0,21.004225818885445,0.5901556215279026,1386,0,0.0,,0.27149702790318514,,
47,55,34.7445062626858,34.96570717074241,1.0,24.7660229,2.0,181.00703274533316,68.67163504785142,2627,0.0399051440866418,2627,0,0,1.0,0.0,0.0,True,1801.0,23.943184938871582,0.6869347764007873,1801,0,0.0,,0.3090169943749474,,
47,69,34.7445062626858,34.65064639537781,1.0,24.7660229,2.0,192.85985398339054,44.11565797311935,2653,0.040300094123281574,2653,0,0,1.0,0.0,0.0,True,2723.0,29.44075101077522,0.8484958929578563,2723,0,0.0,,0.3090169943749474,,
47,79,34.7445062626858,34.36738593397339,2.449489742783178,60.66411906308329,3.449489742783178,201.83316647314797,20.680550018664796,3671,0.055763907096331194,3644,27,0,0.9926450558430945,0.007354944156905475,0.0,True,3291.0,32.36599813741043,0.9366260164115423,3291,0,0.0,,0.2857142857142857,0.32037724101704074,
48,55,35.063457207364934,34.96570717074241,1.0,24.7660229,2.0,181.36993149942506,68.51136399643259,3098,0.047059815904231556,3086,12,0,0.9961265332472563,0.003873466752743706,0.0,True,2210.0,26.52291176447596,0.7574818862972926,2210,0,0.0,,0.3090169943749474,0.4495789443311784,
48,58,35.063457207364934,34.964991180535996,1.0,24.7660229,2.0,180.4751036701348,70.98878115570422,3098,0.047059815904231556,3098,0,0,1.0,0.0,0.0,True,2562.0,28.55713445713473,0.8155866684051405,2562,0,0.0,,0.30901699437494745,,
48,77,35.063457207364934,34.42046259470017,1.0,24.7660229,2.0,203.36618487294623,12.046616727921757,2752,0.04180394233971764,2752,0,0,1.0,0.0,0.0,True,2978.0,30.788420567728522,0.8862027546929923,2978,0,0.0,,0.3090169943749474,,
49,61,36.08910768361825,34.667207904416564,2.449489742783178,60.66411906308329,3.449489742783178,185.3354820016276,67.36513950470356,3809,0.057860180367726916,3809,0,0,1.0,0.0,0.0,True,2029.0,25.41359398170419,0.7183413599337196,2029,0,0.0,,0.28436465220442186,,
49,63,36.08910768361825,33.659483745839054,1.0,24.7660229,2.0,187.91293220429228,60.957639940017636,2696,0.04095328072233966,2696,0,0,1.0,0.0,0.0,True,1919.0,24.715110187630042,0.7086913063363162,1919,0,0.0,,0.3090169943749474,,
50,80,34.106010354569825,34.15799214130406,1.0,24.7660229,2.0,206.11976714405222,27.89016219331694,2491,0.037839251587295286,2491,0,0,1.0,0.0,0.0,True,1982.0,25.117527633433056,0.7358937863320056,1982,0,0.0,,0.3090169943749474,,
51,62,35.624978930036306,34.41670082484542,1.0,24.7660229,2.0,190.3036422577636,67.17749448479283,3469,0.05269544911936064,3469,0,0,1.0,0.0,0.0,True,2587.0,28.696126490477184,0.819401436142089,2587,0,0.0,,0.3090169943749474,,
51,68,35.624978930036306,34.94336748161728,1.0,24.7660229,2.0,197.78177414912773,55.82682776446498,2715,0.04124189805680719,2715,0,0,1.0,0.0,0.0,True,1879.0,24.45617051255864,0.6931201241388298,1879,0,0.0,,0.3090169943749474,,
51,74,35.624978930036306,36.01539338956628,1.0,24.7660229,2.0,200.36998101150158,51.4700342206756,3666,0.05568795516620816,3666,0,0,1.0,0.0,0.0,True,2859.0,30.167001253015812,0.8421787960127999,2859,0,0.0,,0.30484544052339907,,
50,52,34.106010354569825,36.437483885966415,1.0,24.7660229,2.0,177.9073238408699,86.28589123499017,2882,0.04377869252291651,2882,0,0,1.0,0.0,0.0,True,2417.0,27.73724923106511,0.7863871652427028,2417,0,0.0,,0.3090169943749474,,
50,60,34.106010354569825,34.36084934051776,5.422466567392307,134.29293118252227,6.422466567392307,187.18561807963374,71.23572353412813,5589,0.08489906749152684,5589,0,0,1.0,0.0,0.0,True,1849.0,24.260152092553522,0.7086684623946368,1849,0,0.0,,0.27669677546737487,,
50,71,34.106010354569825,33.95352478511617,7.694323451653613,190.55779080366042,8.694323451653613,199.87268985644198,51.495513704136926,5112,0.07765325335778944,5112,0,0,1.0,0.0,0.0,True,1638.0,22.834000822655874,0.6710007870547797,1638,0,0.0,,0.26697807758999403,,
50,76,34.106010354569825,35.95443116482948,1.0,24.7660229,2.0,205.1206812748007,34.53486452314332,2678,0.04067985377389674,2678,0,0,1.0,0.0,0.0,True,2011.0,25.3006162200766,0.7222511212142736,2011,0,0.0,,0.3090169943749474,,
49,65,36.08910768361825,34.7715783237675,4.55269276785519,112.752093345366,5.55269276785519,188.1491774421425,63.44152996621419,4551,0.0691314467979851,4551,0,0,1.0,0.0,0.0,True,1801.0,23.943184938871582,0.6757819120287941,1801,0,0.0,,0.2801868778094689,,
49,68,36.08910768361825,34.94336748161728,1.0,24.7660229,2.0,194.46523053292162,48.533632982530904,2963,0.045009113790909654,2963,0,0,1.0,0.0,0.0,True,2332.0,27.245158369526866,0.7671183724387828,2332,0,0.0,,0.3090169943749474,,
49,74,36.08910768361825,36.01539338956628,9.103461590078702,225.45653820915953,10.103461590078702,197.05343739529548,50.43939518598929,8081,0.12275350946484674,8081,0,0,1.0,0.0,0.0,True,1714.0,23.357721312641292,0.6478852489093212,1714,0,0.0,,0.26747889038858935,,
49,78,36.08910768361825,34.84782511618341,1.0,24.7660229,2.0,205.9555808801676,10.101659025909756,2787,0.04233560585057887,2787,0,0,1.0,0.0,0.0,True,1648.0,22.903595622322865,0.6457453041270175,1648,0,0.0,,0.3090169943749474,,
51,81,35.624978930036306,34.53707222252833,1.0,24.7660229,2.0,212.91565334761322,8.332522826313308,2773,0.04212294044623438,2773,0,0,1.0,0.0,0.0,True,2389.0,27.576118619071032,0.7860693399372787,2389,0,0.0,,0.3090169943749474,,
52,55,36.437483885966415,34.96570717074241,1.0,24.7660229,2.0,187.00123220953657,79.10442908493035,2911,0.0442192137176301,2911,0,0,1.0,0.0,0.0,True,2268.0,26.86869594648831,0.7525909010186682,2268,0,0.0,,0.30901699437494745,,
52,59,36.437483885966415,33.645992546900594,6.032065437739018,149.39027076534305,7.032065437739018,189.77690107018748,75.75064343694073,5685,0.08635734454988908,5685,0,0,1.0,0.0,0.0,True,1421.0,21.267777229112745,0.6069270050975614,1421,0,0.0,,0.2711923793731366,,
52,69,36.437483885966415,34.65064639537781,1.414213562373095,35.02444547122265,2.414213562373095,198.8540534475939,58.49027667966844,3356,0.05097893549858008,3356,0,0,1.0,0.0,0.0,True,2427.0,27.79456950139829,0.7819749764523617,2427,0,0.0,,0.2989350844248255,,
52,73,36.437483885966415,34.80373333271159,1.0,24.7660229,2.0,202.75088456705197,50.507252437039654,2907,0.044158452173531676,2907,0,0,1.0,0.0,0.0,True,2782.0,29.75799226028708,0.8354150426414987,2782,0,0.0,,0.3090169943749474,,
52,80,36.437483885966415,34.15799214130406,1.0,24.7660229,2.0,208.44978070275988,39.050269338600636,2749,0.04175837118164382,2749,0,0,1.0,0.0,0.0,True,2288.0,26.986904594423443,0.7645505381675906,2288,0,0.0,,0.3090169943749474,,
53,54,34.49097784626382,34.25734790323465,1.0,24.7660229,2.0,179.6523074961629,89.01898160816503,2552,0.038765865134796296,2552,0,0,1.0,0.0,0.0,True,2315.0,27.14566975625165,0.7897114427241069,2315,0,0.0,,0.3090169943749474,,
53,57,34.49097784626382,34.85942003068071,1.0,24.7660229,2.0,184.4300620105493,82.9908570238153,2875,0.04367235982074426,2875,0,0,1.0,0.0,0.0,True,2913.0,30.450561545780765,0.8781654461395391,2913,0,0.0,,0.3090169943749474,,
53,72,34.49097784626382,35.555872841086355,2.449489742783178,60.66411906308329,3.449489742783178,200.6702889457418,56.4323614217507,3502,0.05319673185817266,3424,78,0,0.9777270131353513,0.02227298686464877,0.0,True,2376.0,27.500987065425246,0.785216945389143,2376,0,0.0,,0.28172904669025317,0.3682203060327592,
53,75,34.49097784626382,34.84893908700978,5.0,123.8301145,6.0,203.1562235213937,51.64175914466217,5337,0.08107109021332595,5337,0,0,1.0,0.0,0.0,True,2304.0,27.081100010292303,0.7811114061862139,2304,0,0.0,,0.2742918851774318,,
53,84,34.49097784626382,34.62059654309169,2.6502815398728847,65.63693330793913,3.6502815398728847,213.78709244464585,22.786711684771316,3562,0.054108155019649065,3388,174,0,0.9511510387422796,0.04884896125772038,0.0,True,2196.0,26.438769072322643,0.7651039440477487,2196,0,0.0,,0.2742918851774318,0.35678917232533097,
54,55,34.25734790323465,34.96570717074241,9.645764924552132,238.88723500947486,10.645764924552132,186.41222450153532,79.30910285327973,8642,0.1312753160246511,8641,1,0,0.999884286044897,0.00011571395510298542,0.0,True,1599.0,22.560529869838636,0.6518212709834527,1599,0,0.0,,0.26912864671373393,0.4119045328348581,
54,66,34.25734790323465,34.04590772939489,4.39834563766817,108.929528784605,5.39834563766817,193.23231186532962,67.6062992666273,4366,0.06632122538343285,4366,0,0,1.0,0.0,0.0,True,2584.0,28.679483013103898,0.8397691368434056,2584,0,0.0,,0.2798057840438667,,
54,73,34.25734790323465,34.80373333271159,1.0,24.7660229,2.0,202.16187685905072,46.16033912156097,2855,0.04336855210025213,2855,0,0,1.0,0.0,0.0,True,2615.0,28.85100262331645,0.835521312640542,2615,0,0.0,,0.3090169943749474,,
54,75,34.25734790323465,34.84893908700978,7.6602540378443855,189.7140269210715,8.660254037844386,202.5632380088059,52.02381900105908,7073,0.10744160035204318,7039,34,0,0.9951929874169376,0.0048070125830623495,0.0,True,1534.0,22.09722528748655,0.6395141817011805,1534,0,0.0,,0.2692803301885514,0.42701214803788956,
54,85,34.25734790323465,33.74474783358735,2.449489742783178,60.66411906308329,3.449489742783178,212.97046158325355,14.960564447134859,3447,0.05236126062681929,3438,9,0,0.9973890339425587,0.0026109660574412533,0.0,True,2324.0,27.19838553096727,0.7999278621126318,2324,0,0.0,,0.28172904669025317,0.39410230168585086,
57,66,34.85942003068071,34.04590772939489,1.0,24.7660229,2.0,198.01006637971602,74.1640599862279,2712,0.04119632689873337,2712,0,0,1.0,0.0,0.0,True,2153.0,26.178639860651685,0.7598437076391017,2155,0,0.0,,0.31339216579491175,,
57,67,34.85942003068071,33.83625714690255,1.0,24.7660229,2.0,200.44017037617377,70.4885470835045,2381,0.03616830912458855,2381,0,0,1.0,0.0,0.0,True,1719.0,23.391765524430518,0.6810258370104169,1720,0,0.0,,0.3090169943749474,,
57,70,34.85942003068071,36.8474955512195,1.0,24.7660229,2.0,206.8427845139139,58.38950691119037,2942,0.04469011568439291,2942,0,0,1.0,0.0,0.0,True,2380.0,27.524126309792685,0.767684011686598,2380,0,0.0,,0.3090169943749474,,
57,84,34.85942003068071,34.62059654309169,2.863703305156273,70.92254163430594,3.863703305156273,217.97186144644445,35.157028863143,4194,0.0637084789872005,4194,0,0,1.0,0.0,0.0,True,2153.0,26.178639860651685,0.7535588260217457,2153,0,0.0,,0.28172904669025317,,
55,73,34.96570717074241,34.80373333271159,1.0,24.7660229,2.0,209.5147793770109,63.61848275432263,2854,0.04335336171422752,2854,0,0,1.0,0.0,0.0,True,2432.0,27.823185353208192,0.7975751318180853,2432,0,0.0,,0.3090169943749474,,
55,75,34.96570717074241,34.84893908700978,1.0,24.7660229,2.0,209.91614052676613,62.85787035319465,2880,0.0437483117508673,2880,0,0,1.0,0.0,0.0,True,2431.0,27.817464537818594,0.7968948072906622,2431,0,0.0,,0.3090169943749474,,
55,79,34.96570717074241,34.36738593397339,4.0197648378370845,99.55358802648801,5.0197648378370845,214.59126074731032,54.62018915476905,4667,0.07089353157683946,4169,498,0,0.8932933361902721,0.10670666380972788,0.0,True,2419.0,27.748722757607958,0.8004466991166325,2419,0,0.0,,0.2588283628687876,0.3524704450894247,
56,61,36.474786296288464,34.667207904416564,1.0,24.7660229,2.0,194.3448810147393,81.55057610383345,3072,0.04666486586759178,3072,0,0,1.0,0.0,0.0,True,1985.0,25.136529674456348,0.7066580001550544,1985,0,0.0,,0.3090169943749474,,
56,64,36.474786296288464,33.88899984083786,1.0,24.7660229,2.0,194.96201358191766,80.19910008230292,2863,0.04349007518844898,2863,0,0,1.0,0.0,0.0,True,1893.0,24.547110105792814,0.6977199907337256,1893,0,0.0,,0.3090169943749474,,
56,82,36.474786296288464,35.51358586980668,1.0,24.7660229,2.0,217.7419274996763,37.06057035346966,3262,0.049551039212267056,3262,0,0,1.0,0.0,0.0,True,3493.0,33.344511279069316,0.9263860336259641,3493,0,0.0,,0.30901699437494745,,
56,83,36.474786296288464,34.10484732159566,6.8173377998059435,168.8383440670296,7.8173377998059435,217.7093053446471,41.70304580070746,7613,0.1156444088053308,7613,0,0,1.0,0.0,0.0,True,3484.0,33.30152614317138,0.9436582321598543,3484,0,0.0,,0.27149702790318514,,
57,64,34.85942003068071,33.88899984083786,1.0,24.7660229,2.0,194.7407525198341,79.80265908066909,2625,0.03987476331459259,2625,0,0,1.0,0.0,0.0,True,1892.0,24.54062559633988,0.7139255168977837,1892,0,0.0,,0.31339216579491175,,
57,88,34.85942003068071,33.94751835420041,4.977725364273731,123.27846036151405,5.977725364273731,222.7052705786377,27.71846255025285,4299,0.0653034695197842,4299,0,0,1.0,0.0,0.0,True,1627.0,22.7572007246284,0.661479823367023,1627,0,0.0,,0.2775144043792301,,
58,75,34.964991180535996,34.84893908700978,1.414213562373095,35.02444547122265,2.414213562373095,209.02131269747588,60.001358064080975,3439,0.05223973753862244,3439,0,0,1.0,0.0,0.0,True,2457.0,27.965825400899107,0.8011531593688118,2457,0,0.0,,0.3090169943749474,,
58,77,34.964991180535996,34.42046259470017,1.0,24.7660229,2.0,214.86655256372643,48.76534353653515,2730,0.04146975384717629,2730,0,0,1.0,0.0,0.0,True,2670.0,29.15282826949593,0.8403152731098993,2676,0,0.0,,0.3090169943749474,,
58,86,34.964991180535996,34.261076952107246,1.0,24.7660229,2.0,223.4994121814251,25.07696973626683,2646,0.04019376142110933,2646,0,0,1.0,0.0,0.0,True,3137.0,31.599653684155328,0.912940877231612,3137,0,0.0,,0.3090169943749474,,
59,69,33.645992546900594,34.65064639537781,1.0,24.7660229,2.0,208.39361711820382,74.30967762531166,2990,0.04541925421357403,2990,0,0,1.0,0.0,0.0,True,3011.0,30.958537874056546,0.9065903784876286,3011,0,0.0,,0.31395601246683413,,
59,80,33.645992546900594,34.15799214130406,1.0,24.7660229,2.0,217.9893443733698,55.409823413824355,2675,0.04063428261582292,2675,0,0,1.0,0.0,0.0,True,2898.0,30.372060354224,0.8958783320446239,2898,0,0.0,,0.3090169943749474,,
60,63,34.36084934051776,33.659483745839054,1.0,24.7660229,2.0,201.79061758769905,84.91437216556271,2582,0.0392215767155345,2582,0,0,1.0,0.0,0.0,True,2346.0,27.326818200939037,0.8034896908324642,2346,0,0.0,,0.31120458008492957,,
60,68,34.36084934051776,34.94336748161728,4.449489742783178,110.1961648630833,5.449489742783178,208.34291591632842,75.31640929057149,4136,0.0628274365977733,4129,7,0,0.9983075435203095,0.0016924564796905223,0.0,True,1925.0,24.753717516845768,0.7143495346141677,1925,0,0.0,,0.27792629762666365,0.353889367864523,
61,63,34.667207904416564,33.659483745839054,1.0,24.7660229,2.0,202.2098590956282,85.69876077145476,2484,0.03773291888512304,2484,0,0,1.0,0.0,0.0,True,2082.0,25.74337163299812,0.7535377759769468,2082,0,0.0,,0.3090169943749474,,
61,64,34.667207904416564,33.88899984083786,6.211102550927978,153.82430801053073,7.211102550927978,200.24954146014193,89.09264307534067,4824,0.07327842218270272,4824,0,0,1.0,0.0,0.0,True,1339.0,20.64502210219441,0.6022801663390868,1339,0,0.0,,0.27300950793662115,,
61,65,34.667207904416564,34.7715783237675,1.0,24.7660229,2.0,202.44610433347844,85.2781502531983,2864,0.04350526557447359,2864,0,0,1.0,0.0,0.0,True,2097.0,25.835940689810563,0.7441357227907357,2097,0,0.0,,0.3090169943749474,,
61,78,34.667207904416564,34.84782511618341,1.0,24.7660229,2.0,220.2525077715035,54.43393759168628,2748,0.04174318079561921,2748,0,0,1.0,0.0,0.0,True,2246.0,26.7380628387472,0.769274261319093,2246,0,0.0,,0.3090169943749474,,
60,73,34.36084934051776,34.80373333271159,1.0,24.7660229,2.0,212.02917880581577,68.44990959891187,2750,0.04177356156766843,2750,0,0,1.0,0.0,0.0,True,2811.0,29.912691120369555,0.864971347017105,2811,0,0.0,,0.3090169943749474,,
60,76,34.36084934051776,35.95443116482948,1.0,24.7660229,2.0,216.7289890722722,60.695092165763775,2633,0.03999628640278944,2633,0,0,1.0,0.0,0.0,True,1984.0,25.13019725725687,0.7147862335654284,1984,0,0.0,,0.3090169943749474,,
60,89,34.36084934051776,33.741742553901084,7.803118619434352,193.25221442032756,8.803118619434352,229.16154379901758,36.63313702700662,6361,0.09662604550252321,6361,0,0,1.0,0.0,0.0,True,2528.0,28.367012395961314,0.8330670421454561,2528,0,0.0,,0.269128646713734,,
60,92,34.36084934051776,34.50702464203112,9.298325725798339,230.28254785678078,10.298325725798339,236.09165883424845,20.8565537169227,7219,0.10965939671163577,7214,5,0,0.9993073832940851,0.0006926167059149467,0.0,True,1666.0,23.028336248678393,0.6687686120385763,1666,0,0.0,,0.2681413794147464,0.23166247903554,
61,83,34.667207904416564,34.10484732159566,4.449489742783178,110.1961648630833,5.449489742783178,222.99683322287137,49.16535746474144,5449,0.08277241344808191,5449,0,0,1.0,0.0,0.0,True,2075.0,25.700058634784586,0.7473983015433815,2075,0,0.0,,0.27718637277259645,,
61,87,34.667207904416564,34.196347521520906,1.0,24.7660229,2.0,228.31150906425438,34.38614151018089,2359,0.0358341206320472,2359,0,0,1.0,0.0,0.0,True,2570.0,28.60168539601018,0.8306769878232964,2570,0,0.0,,0.30901699437494745,,
62,71,34.41670082484542,33.95352478511617,4.841619252963779,119.90765329198184,5.841619252963779,213.55185580177255,73.50659377460462,4400,0.06683769850826948,4400,0,0,1.0,0.0,0.0,True,1985.0,25.136529674456348,0.735306325237398,1985,0,0.0,,0.2798057840438667,,
62,76,34.41670082484542,35.95443116482948,1.0,24.7660229,2.0,218.79984722013126,63.23898108256424,2762,0.0419558461999637,2762,0,0,1.0,0.0,0.0,True,2362.0,27.419845936221336,0.7792924502122397,2362,0,0.0,,0.30901699437494745,,
63,78,33.659483745839054,34.84782511618341,3.1815405503520555,78.79410612729761,4.1815405503520555,222.82995797416817,59.80455910772691,3929,0.05968302669067972,3929,0,0,1.0,0.0,0.0,True,2071.0,25.67527554451228,0.7495631041710811,2071,0,0.0,,0.2801868778094689,,
63,89,33.659483745839054,33.741742553901084,1.0,24.7660229,2.0,232.15823550961142,35.85848607928016,2490,0.03782406120127068,2490,0,0,1.0,0.0,0.0,True,2793.0,29.816765621229397,0.8847543956731944,2793,0,0.0,,0.3090169943749474,,
64,66,33.88899984083786,34.04590772939489,1.0,24.7660229,2.0,204.13598788720225,84.5372335737865,2386,0.03624426105471158,2386,0,0,1.0,0.0,0.0,True,1987.0,25.149189725460182,0.7403907836176958,1990,0,0.0,,0.3090169943749474,,
64,67,33.88899984083786,33.83625714690255,1.0,24.7660229,2.0,206.56609188365996,80.54716251706712,2349,0.03568221677180114,2349,0,0,1.0,0.0,0.0,True,1755.0,23.635436324564704,0.6979799671736404,1755,0,0.0,,0.3090169943749474,,
62,81,34.41670082484542,34.53707222252833,1.0,24.7660229,2.0,225.54765326267295,49.15566496599735,2636,0.04004185756086326,2636,0,0,1.0,0.0,0.0,True,2601.0,28.77366876093557,0.8345785151210512,2601,0,0.0,,0.3090169943749474,,
62,93,34.41670082484542,34.72075879984787,4.766114533138578,118.03770167173282,5.766114533138578,239.22545241020111,19.717711912395703,4362,0.06626046383933443,4362,0,0,1.0,0.0,0.0,True,2371.0,27.47203560244067,0.7947076954105701,2371,0,0.0,,0.2798057840438667,,
63,66,33.659483745839054,34.04590772939489,1.0,24.7660229,2.0,206.0963055226885,87.770870693005,2765,0.04200141735803752,2765,0,0,1.0,0.0,0.0,True,2854.0,30.140610729853144,0.8903459554141512,2854,0,0.0,,0.3203772410170408,,
63,68,33.659483745839054,34.94336748161728,8.222125139210444,203.62933948435153,9.222125139210444,211.3396076269222,80.19834925372696,7088,0.10766945614241229,7084,4,0,0.9994356659142212,0.000564334085778781,0.0,True,1719.0,23.391765524430518,0.6819473274331965,1719,0,0.0,,0.2711923793731366,0.462563688895867,
64,82,33.88899984083786,35.51358586980668,2.1462643699419726,53.15443253543696,3.1462643699419726,223.64658794507895,49.67800613073949,3629,0.05512591088329771,3629,0,0,1.0,0.0,0.0,True,1829.0,24.128588475709748,0.6953224646789796,1829,0,0.0,,0.28989794855663564,,
64,87,33.88899984083786,34.196347521520906,1.0,24.7660229,2.0,228.92864163143275,34.778484020511016,2556,0.03882662667889472,2556,0,0,1.0,0.0,0.0,True,2018.0,25.344611859700862,0.7444953383233446,2018,0,0.0,,0.30901699437494745,,
64,88,33.88899984083786,33.94751835420041,1.0,24.7660229,2.0,228.8311920861239,34.16384601420309,2500,0.03797596506151675,2500,0,0,1.0,0.0,0.0,True,1878.0,24.449661884229787,0.7208407074765842,1878,0,0.0,,0.3090169943749474,,
65,78,34.7715783237675,34.84782511618341,1.0,24.7660229,2.0,223.0662032120184,58.6590854227465,2804,0.042593842412997185,2804,0,0,1.0,0.0,0.0,True,1970.0,25.041375277369806,0.7193791971793853,1970,0,0.0,,0.3090169943749474,,
65,83,34.7715783237675,34.10484732159566,4.449489742783178,110.1961648630833,5.449489742783178,225.81052866338626,57.8484866345505,4465,0.06782507359986892,4465,0,0,1.0,0.0,0.0,True,2486.0,28.130381743817548,0.8168362826682577,2486,0,0.0,,0.2791745113185196,,
65,91,34.7715783237675,35.00744426746726,1.0,24.7660229,2.0,239.61363748500233,3.0721921578722386,2861,0.04345969441639977,2861,0,0,1.0,0.0,0.0,True,3474.0,33.253699713001694,0.9531145171752186,3474,0,0.0,,0.3090169943749474,,
66,85,34.04590772939489,33.74474783358735,1.0,24.7660229,2.0,227.14345146500807,53.6785607480434,2642,0.0401329998770109,2642,0,0,1.0,0.0,0.0,True,2665.0,29.125518822500005,0.8592782760579848,2665,0,0.0,,0.3090169943749474,,
66,88,34.04590772939489,33.94751835420041,1.0,24.7660229,2.0,232.10050594600585,41.608296322298166,2848,0.04326221939807988,2848,0,0,1.0,0.0,0.0,True,2846.0,30.098337762724842,0.8853308178858379,2846,0,0.0,,0.3090169943749474,,
68,74,34.94336748161728,36.01539338956628,1.0,24.7660229,2.0,220.48011281792543,85.85264696242557,2941,0.044674925298368307,2941,0,0,1.0,0.0,0.0,True,2031.0,25.42611607853781,0.7166448727788702,2031,0,0.0,,0.3090169943749474,,
68,76,34.94336748161728,35.95443116482948,1.0,24.7660229,2.0,226.27797911149537,75.66125378381115,3283,0.0498700373187838,3283,0,0,1.0,0.0,0.0,True,2582.0,28.668381993522893,0.8087241787713726,2582,0,0.0,,0.3090169943749474,,
68,78,34.94336748161728,34.84782511618341,1.0,24.7660229,2.0,229.38225630279751,70.63669094881121,2622,0.03982919215651877,2622,0,0,1.0,0.0,0.0,True,2290.0,26.998696993760284,0.7736992588549372,2290,0,0.0,,0.3090169943749474,,
68,81,34.94336748161728,34.53707222252833,3.4721359549995796,85.99099857343296,4.47213595499958,233.02578515403707,65.55846092005304,3927,0.05965264591863051,3927,0,0,1.0,0.0,0.0,True,2161.0,26.227231345362622,0.7549529466722057,2161,0,0.0,,0.2801868778094689,,
66,89,34.04590772939489,33.741742553901084,6.8173377998059435,168.8383440670296,7.8173377998059435,233.46723173400704,46.52347856843013,5851,0.0888789486299738,5851,0,0,1.0,0.0,0.0,True,2313.0,27.133941231290155,0.800557066601154,2313,0,0.0,,0.2711923793731366,,
67,70,33.83625714690255,36.8474955512195,1.0,24.7660229,2.0,218.6681238777398,79.20414376255953,3195,0.04853328334861841,3189,6,0,0.9981220657276996,0.0018779342723004694,0.0,True,2691.0,29.267249678105742,0.8281181618384369,2699,0,0.0,,0.3090169943749474,0.42857142857142855,
67,82,33.83625714690255,35.51358586980668,1.0,24.7660229,2.0,229.3460058014186,60.97455734817457,2562,0.038917768995042366,2562,0,0,1.0,0.0,0.0,True,3093.0,31.377260523609525,0.9048978096763521,3093,0,0.0,,0.3090169943749474,,
67,94,33.83625714690255,34.28756373237827,1.0,24.7660229,2.0,244.63767346590504,11.569771961733657,2743,0.041667228865496175,2743,0,0,1.0,0.0,0.0,True,2862.0,30.18282449105797,0.8861166065404232,2862,0,0.0,,0.3090169943749474,,
68,95,34.94336748161728,35.606221178335936,1.0,24.7660229,2.0,250.5885842254951,21.45325261874379,2914,0.04426478487570392,2914,0,0,1.0,0.0,0.0,True,3314.0,32.47890027099259,0.9207396070738232,3314,0,0.0,,0.3090169943749474,,
69,79,34.65064639537781,34.36738593397339,2.863703305156273,70.92254163430594,3.863703305156273,226.4440819853677,76.14911848025592,3004,0.04563191961791853,2994,10,0,0.9966711051930759,0.003328894806924101,0.0,True,3215.0,31.990096656322983,0.9270069162119129,3215,0,0.0,,0.28172904669025317,0.4484214546421861,
69,90,34.65064639537781,34.5495432976122,1.0,24.7660229,2.0,241.856878938799,46.98876067704928,2515,0.03820382085188585,2513,2,0,0.9992047713717693,0.0007952286282306163,0.0,True,2589.0,28.707216781322323,0.8296860719221515,2589,0,0.0,,0.3090169943749474,0.4048342981621077,
69,98,34.65064639537781,34.76631212689905,6.164414002968976,152.66801836261033,7.164414002968976,252.6540137750235,24.231551867490513,5476,0.08318255387074629,4226,1250,0,0.7717311906501095,0.22826880934989044,0.0,True,1376.0,20.928315827817965,0.6029741513697053,3146,0,0.0,,0.2449655295864104,0.31904289725932955,
70,72,36.8474955512195,35.555872841086355,1.0,24.7660229,2.0,223.08301144910638,86.97984182097937,2701,0.041029232652462694,2701,0,0,1.0,0.0,0.0,True,2300.0,27.05758189903005,0.7474122406135293,2300,0,0.0,,0.30383243470068705,,
70,84,36.8474955512195,34.62059654309169,2.863703305156273,70.92254163430594,3.863703305156273,236.19981494801047,72.07145926322008,4516,0.06859978328712385,4516,0,0,1.0,0.0,0.0,True,2745.0,29.55944244356624,0.827206703784923,2745,0,0.0,,0.28172904669025317,,
70,94,36.8474955512195,34.28756373237827,1.0,24.7660229,2.0,251.0402876036452,46.069853952615894,2648,0.04022414219315854,2648,0,0,1.0,0.0,0.0,True,3194.0,31.8854477226058,0.896476309817539,3195,0,0.0,,0.3090169943749474,,
71,76,33.95352478511617,35.95443116482948,1.0,24.7660229,2.0,229.41606084908045,81.28292898939846,2715,0.04124189805680719,2715,0,0,1.0,0.0,0.0,True,2269.0,26.87461872754702,0.7688572312653323,2269,0,0.0,,0.3090169943749474,,
74,99,36.01539338956628,32.66376682398878,1.0,24.7660229,2.0,256.86168864586006,12.300783067775647,2459,0.037353159234507875,2459,0,0,1.0,0.0,0.0,True,4381.0,37.343213725805484,1.0874685598859473,4381,0,0.0,,0.3090169943749474,,
75,77,34.84893908700978,34.42046259470017,2.0,49.5320458,3.0,231.91239390028733,80.47423517435834,3455,0.05248278371501615,3455,0,0,1.0,0.0,0.0,True,2140.0,26.099485750361293,0.7535646365270298,2140,0,0.0,,0.2857142857142857,,
75,85,34.84893908700978,33.74474783358735,1.0,24.7660229,2.0,236.47437760848436,72.4967338145412,2602,0.039525384436026635,2602,0,0,1.0,0.0,0.0,True,2496.0,28.18690255978371,0.8218512176612517,2496,0,0.0,,0.30901699437494745,,
75,86,34.84893908700978,34.261076952107246,1.0,24.7660229,2.0,240.54525351798597,66.03452082790942,2141,0.032522616478682945,2141,0,0,1.0,0.0,0.0,True,2558.0,28.534832903981346,0.825779953164251,2558,0,0.0,,0.30901699437494745,,
71,80,33.95352478511617,34.15799214130406,5.0990195135927845,126.28243404118575,6.0990195135927845,230.41514671833198,80.47132122450806,3952,0.060032405569245675,3952,0,0,1.0,0.0,0.0,True,2040.0,25.482389366284572,0.7482549359108471,2040,0,0.0,,0.2775144043792301,,
71,93,33.95352478511617,34.72075879984787,1.0,24.7660229,2.0,249.8416660391503,43.88974442332561,2450,0.03721644576028641,2450,0,0,1.0,0.0,0.0,True,2874.0,30.246034663939245,0.8808547562500234,2874,0,0.0,,0.3090169943749474,,
71,97,33.95352478511617,35.3978064359276,1.0,24.7660229,2.0,256.01495328921925,25.76284405565059,2545,0.03865953243262405,2545,0,0,1.0,0.0,0.0,True,3539.0,33.56335333670394,0.9679223958867446,3545,0,0.0,,0.30901699437494745,,
72,84,35.555872841086355,34.62059654309169,1.0,24.7660229,2.0,234.21208838163693,67.21303298881787,3094,0.04699905436013313,3094,0,0,1.0,0.0,0.0,True,2414.0,27.720030036918622,0.7900092518238989,2414,0,0.0,,0.3090169943749474,,
72,86,35.555872841086355,34.261076952107246,2.1462643699419726,53.15443253543696,3.1462643699419726,238.05931894233402,61.28343641009933,3991,0.06062483062420534,3991,0,0,1.0,0.0,0.0,True,3893.0,35.20199407581192,1.0084082498615181,3893,0,0.0,,0.28989794855663564,,
72,102,35.555872841086355,34.86465813991955,4.0,99.0640916,5.0,257.54889019512797,19.403290269040763,4237,0.06436166558625858,4237,0,0,1.0,0.0,0.0,True,2459.0,27.977205187901475,0.7945752410031557,2459,0,0.0,,0.2798057840438667,,
73,85,34.80373333271159,33.74474783358735,1.0,24.7660229,2.0,236.07301645872914,71.53294264794604,2667,0.04051275952762607,2667,0,0,1.0,0.0,0.0,True,2861.0,30.177551000235674,0.8804732209025842,2861,0,0.0,,0.3090169943749474,,
73,90,34.80373333271159,34.5495432976122,5.5725953684008385,138.0110245062491,6.5725953684008385,245.753710058257,55.17425749977284,6353,0.09650452241432636,6353,0,0,1.0,0.0,0.0,True,2948.0,30.632948674096244,0.8833886490289458,2948,0,0.0,,0.2742918851774318,,
73,92,34.80373333271159,34.50702464203112,1.414213562373095,35.02444547122265,2.414213562373095,249.32691176295896,49.203210662987615,2797,0.04248750971082494,2797,0,0,1.0,0.0,0.0,True,2268.0,26.86869594648831,0.7753109829293583,2268,0,0.0,,0.2989350844248255,,
73,109,34.80373333271159,34.295819779101116,10.0,247.660229,11.0,264.8331083280996,10.26821017313038,8188,0.12437888076947966,8186,2,0,0.9997557401074744,0.0002442598925256473,0.0,True,2123.0,25.9956128677165,0.7524104483180081,2123,0,0.0,,0.26675650430010106,0.37861364716829393,
74,78,36.01539338956628,34.84782511618341,1.0,24.7660229,2.0,231.97046316517134,75.431874313875,2826,0.04292803090553853,2826,0,0,1.0,0.0,0.0,True,2317.0,27.157393215988957,0.7664736033344426,2317,0,0.0,,0.3164309725825327,,
74,81,36.01539338956628,34.53707222252833,1.0,24.7660229,2.0,235.61399201641092,69.27647625145852,2772,0.042107750060209774,2772,0,0,1.0,0.0,0.0,True,3285.0,32.33648057710907,0.9166647911328479,3285,0,0.0,,0.3090169943749474,,
75,96,34.84893908700978,34.88651026139932,3.6855577202829677,91.27660689979977,4.685557720282968,253.62599603722043,42.709713961120976,4282,0.06504523295736589,4241,41,0,0.9904250350303596,0.009574964969640354,0.0,True,2616.0,28.856518540128786,0.8275997017229257,2616,0,0.0,,0.27792629762666365,0.33971422738143603,
75,101,34.84893908700978,34.36024272637412,4.123105625617661,102.1129283431658,5.123105625617661,259.509998967879,27.18655915208487,4324,0.06568322917039937,4324,0,0,1.0,0.0,0.0,True,2244.0,26.726155439876237,0.7723297614452608,2244,0,0.0,,0.2791745113185196,,
76,80,35.95443116482948,34.15799214130406,1.0,24.7660229,2.0,235.6631381366907,88.43133447995505,2546,0.03867472281864866,2546,0,0,1.0,0.0,0.0,True,2092.0,25.805121233904135,0.7361069555742104,2092,0,0.0,,0.3090169943749474,,
76,92,35.95443116482948,34.50702464203112,1.0,24.7660229,2.0,254.0267220294154,56.587750730832475,2913,0.044249594489679314,2913,0,0,1.0,0.0,0.0,True,1900.0,24.592453796829673,0.6980399004028295,1900,0,0.0,,0.3090169943749474,,
76,93,35.95443116482948,34.72075879984787,6.330293345472711,156.77618995769478,7.330293345472711,255.08965745750902,58.357421250249516,5762,0.0875270042737838,5506,256,0,0.9555709822978132,0.04442901770218674,0.0,True,2029.0,25.41359398170419,0.7191659193107401,2029,0,0.0,,0.2612038749637414,0.41421356237309503,
76,95,35.95443116482948,35.606221178335936,2.1462643699419726,53.15443253543696,3.1462643699419726,258.9746573814389,49.759901260748215,3545,0.05384991845723075,3545,0,0,1.0,0.0,0.0,True,2234.0,26.666538690549782,0.745284952481198,2234,0,0.0,,0.28989794855663564,,
76,105,35.95443116482948,34.773223683202154,1.414213562373095,35.02444547122265,2.414213562373095,270.35760157402933,14.904983191405213,2708,0.041135565354634945,2705,3,0,0.9988921713441654,0.0011078286558345643,0.0,True,2474.0,28.062406497282055,0.7935341998141492,2474,0,0.0,,0.3008613653919205,0.44579905519622387,
77,79,34.42046259470017,34.36738593397339,1.0,24.7660229,2.0,236.5875141208315,88.08346031665397,2680,0.04071023454594595,2680,0,0,1.0,0.0,0.0,True,3948.0,35.449787455690135,1.0306991195083892,3948,0,0.0,,0.31339216579491175,,
77,96,34.42046259470017,34.88651026139932,1.0,24.7660229,2.0,259.471235903471,51.091304295044246,2766,0.04201660774406213,2765,1,0,0.9996384671005062,0.00036153289949385393,0.0,True,2498.0,28.198193128055372,0.8137187923819049,2498,0,0.0,,0.3090169943749474,0.35977525015625467,
77,108,34.42046259470017,34.308737252040025,3.3166247903554,82.13960550864952,4.3166247903554,271.23254880887873,24.491517716279986,3819,0.058012084227972986,3581,238,0,0.9376800209478922,0.062319979052107885,0.0,True,3351.0,32.659706499016224,0.9503880904140998,3351,0,0.0,,0.27429188517743175,0.33333333333333337,
78,91,34.84782511618341,35.00744426746726,1.0,24.7660229,2.0,257.4200409230274,61.57349939970639,2823,0.04288245974746471,2823,0,0,1.0,0.0,0.0,True,3126.0,31.544202386659418,0.9031302195233452,3126,0,0.0,,0.3090169943749474,,
78,100,34.84782511618341,34.9642100668664,1.0,24.7660229,2.0,266.2689589850829,45.870874454278415,2455,0.03729239769040945,2455,0,0,1.0,0.0,0.0,True,3071.0,31.265470738026977,0.8957043196362269,3071,0,0.0,,0.3090169943749474,,
83,91,34.10484732159566,35.00744426746726,1.0,24.7660229,2.0,260.1643663743953,66.12011494189241,3124,0.04745476594087133,3124,0,0,1.0,0.0,0.0,True,3331.0,32.56209807242474,0.942295424554486,3331,0,0.0,,0.31339216579491175,,
83,103,34.10484732159566,33.245700014478665,1.0,24.7660229,2.0,272.2420243065351,41.883229552280945,2241,0.03404165508114362,2241,0,0,1.0,0.0,0.0,True,3059.0,31.204325691099555,0.9266242643995821,3059,0,0.0,,0.3090169943749474,,
83,115,34.10484732159566,35.3167099166951,11.045361017187261,273.549663890427,12.045361017187261,285.9716392146219,13.06872976912196,8089,0.12287503255304359,8089,0,0,1.0,0.0,0.0,True,2605.0,28.795785342802766,0.8295920313040718,2605,0,0.0,,0.2682079019934026,,
84,85,34.62059654309169,33.74474783358735,1.0,24.7660229,2.0,247.1052465317365,89.63362077026007,2720,0.04131784998693022,2720,0,0,1.0,0.0,0.0,True,2464.0,28.00563442518059,0.8192933036620216,2464,0,0.0,,0.3090169943749474,,
80,92,34.15799214130406,34.50702464203112,1.0,24.7660229,2.0,255.02580789866693,57.44974577914427,2633,0.03999628640278944,2633,0,0,1.0,0.0,0.0,True,2627.0,28.917124182823198,0.842266572920763,2627,0,0.0,,0.3090169943749474,,
80,97,34.15799214130406,35.3978064359276,9.6878320578688,239.92907059653282,10.6878320578688,262.2620305768295,50.11628805038267,8198,0.12453078462972572,8051,147,0,0.9820687972676263,0.01793120273237375,0.0,True,2855.0,30.145890682723614,0.8668117194931192,2855,0,0.0,,0.26427884169111276,0.36819686922745715,
81,111,34.53707222252833,34.69750760653111,1.0,24.7660229,2.0,279.91323980464887,18.42961583738722,3032,0.046057250426607514,3032,0,0,1.0,0.0,0.0,True,5057.0,40.1209807261915,1.1589867613915017,5057,0,0.0,,0.31339216579491175,,
82,87,35.51358586980668,34.196347521520906,1.0,24.7660229,2.0,251.7085555491914,81.10291256679481,3042,0.04620915428685358,3042,0,0,1.0,0.0,0.0,True,2023.0,25.375990616127847,0.728045183278996,2025,0,0.0,,0.3090169943749474,,
79,90,34.36738593397339,34.5495432976122,8.0,198.1281832,9.0,250.83019142855642,67.05271118280577,6557,0.09960336116334613,6432,125,0,0.980936403843221,0.019063596156779015,0.0,True,1662.0,23.000674573530667,0.6674898266647997,1662,0,0.0,,0.2658626798938589,0.3860389103535211,
79,96,34.36738593397339,34.88651026139932,6.330293345472711,156.77618995769478,7.330293345472711,258.30111625776465,53.24069742834543,5472,0.08312179232664786,5472,0,0,1.0,0.0,0.0,True,2165.0,26.251493359195905,0.7581232190933378,2165,0,0.0,,0.2742918851774317,,
79,104,34.36738593397339,34.63287485765863,2.0,49.5320458,3.0,269.0097023984228,21.606100424309684,2953,0.04485720993066358,2897,56,0,0.9810362343379614,0.018963765662038605,0.0,True,4463.0,37.69107350604726,1.0924907550673557,4463,0,0.0,,0.2898979485566356,0.34833147735478825,
80,90,34.15799214130406,34.5495432976122,3.8989794855663558,96.56221522616659,4.898979485566356,251.45260619396498,66.43659279426866,3891,0.059105792021744666,3891,0,0,1.0,0.0,0.0,True,2459.0,27.977205187901475,0.8143853511606256,2459,0,0.0,,0.2801868778094689,,
82,94,35.51358586980668,34.28756373237827,7.246211251235321,179.45983378633161,8.246211251235321,261.718169527324,67.56658891997421,6205,0.09425634528268458,6205,0,0,1.0,0.0,0.0,True,2580.0,28.65727667372076,0.8211118824559793,2580,0,0.0,,0.26968623182294527,,
82,103,35.51358586980668,33.245700014478665,1.0,24.7660229,2.0,272.2746464615643,43.483957179048254,2308,0.035059410944792264,2308,0,0,1.0,0.0,0.0,True,3615.0,33.92182540127231,0.9866834701674818,3615,0,0.0,,0.30693121744917323,,
82,107,35.51358586980668,33.58098488865358,1.0,24.7660229,2.0,274.95530131471514,32.7862866973542,2924,0.04441668873594999,2924,0,0,1.0,0.0,0.0,True,3010.0,30.95339654081939,0.8959718889932987,3011,0,0.0,,0.3090169943749474,,
83,87,34.10484732159566,34.196347521520906,1.0,24.7660229,2.0,251.6759333941622,81.30729820516159,2501,0.03799115544754136,2501,0,0,1.0,0.0,0.0,True,2731.0,29.48396681533766,0.8633514211006241,2731,0,0.0,,0.31451985913875646,,
84,88,34.62059654309169,33.94751835420041,1.414213562373095,35.02444547122265,2.414213562373095,252.06230101273428,82.2093347367616,2790,0.04238117700865269,2790,0,0,1.0,0.0,0.0,True,2488.0,28.14169498849121,0.8208391037334055,2488,0,0.0,,0.2989350844248255,,
84,101,34.62059654309169,34.36024272637412,1.0,24.7660229,2.0,270.14086789113117,48.45214576383074,2875,0.04367235982074426,2875,0,0,1.0,0.0,0.0,True,2724.0,29.44615645486938,0.8537488603129724,2724,0,0.0,,0.30484544052339907,,
84,102,34.62059654309169,34.86465813991955,1.0,24.7660229,2.0,270.6656936940321,48.69616868349249,2463,0.0374139207786063,2463,0,0,1.0,0.0,0.0,True,2159.0,26.215091918030804,0.7545512220577713,2159,0,0.0,,0.3090169943749474,,
84,110,34.62059654309169,33.78704450019642,1.0,24.7660229,2.0,277.47493355493236,31.388346933347783,2387,0.03625945144073619,2387,0,0,1.0,0.0,0.0,True,2177.0,26.324145232506833,0.7696258731052866,2177,0,0.0,,0.3090169943749474,,
86,101,34.261076952107246,34.36024272637412,4.855156433186538,120.24291540738012,5.855156433186538,273.98809845182825,59.870049720029954,4984,0.07570888394663979,4817,167,0,0.9664927768860353,0.03350722311396469,0.0,True,2231.0,26.648627658399917,0.77668653949704,2231,0,0.0,,0.26968623182294527,0.4068781988545112,
86,108,34.261076952107246,34.308737252040025,2.1462643699419726,53.15443253543696,3.1462643699419726,279.86540842657735,45.727158797364496,3312,0.05031055851349739,3312,0,0,1.0,0.0,0.0,True,3007.0,30.937967414726174,0.9023786274997657,3007,0,0.0,,0.29339977411634566,,
86,114,34.261076952107246,33.020772528673234,3.0,74.2980687,4.0,288.0042436518856,19.918023608154463,3460,0.05255873564513918,3363,97,0,0.9719653179190751,0.028034682080924855,0.0,True,2678.0,29.19647025241564,0.8678854840563148,2678,0,0.0,,0.27669677546737487,0.3827822185373187,
87,88,34.196347521520906,33.94751835420041,1.0,24.7660229,2.0,256.89315969023636,89.83878132075077,2365,0.03592526294819484,2365,0,0,1.0,0.0,0.0,True,2603.0,28.78472917601288,0.8448223125030676,2603,0,0.0,,0.3090169943749474,,
85,89,33.74474783358735,33.741742553901084,1.0,24.7660229,2.0,253.20538145193098,79.44881967488531,2569,0.03902410169721461,2569,0,0,1.0,0.0,0.0,True,2504.0,28.2320377409108,0.8366722755564969,2504,0,0.0,,0.3090169943749474,,
85,101,33.74474783358735,34.36024272637412,1.7320508075688772,42.89600996421431,2.732050807568877,269.91722254232667,49.5325292032788,2805,0.04260903279902179,2805,0,0,1.0,0.0,0.0,True,2188.0,26.390567083147985,0.7749965712105348,2188,0,0.0,,0.29581631632448924,,
85,106,33.74474783358735,35.38853164585224,1.414213562373095,35.02444547122265,2.414213562373095,276.1490374128749,34.35383093712785,3169,0.04813833331197863,3169,0,0,1.0,0.0,0.0,True,2432.0,27.823185353208192,0.8049143787973455,2432,0,0.0,,0.3090169943749474,,
85,109,33.74474783358735,34.295819779101116,8.797958971132712,217.89045335233317,9.797958971132712,275.64169305230246,41.88964324174466,6092,0.09253983166190402,6092,0,0,1.0,0.0,0.0,True,2146.0,26.136048204547198,0.7682489762085185,2146,0,0.0,,0.2692803301885514,,
87,100,34.196347521520906,34.9642100668664,1.0,24.7660229,2.0,274.3279602778338,60.20917326856055,2643,0.04014819026303551,2643,0,0,1.0,0.0,0.0,True,3986.0,35.619983244361435,1.0300663987226835,3986,0,0.0,,0.3090169943749474,,
87,103,34.196347521520906,33.245700014478665,3.6855577202829677,91.27660689979977,4.685557720282968,277.55670014791815,54.82725934060596,4147,0.06299453084404398,4078,69,0,0.9833614661200868,0.01663853387991319,0.0,True,1520.0,21.996159369293583,0.6522980891869381,1520,0,0.0,,0.27429188517743175,0.41421356237309503,
87,107,34.196347521520906,33.58098488865358,1.0,24.7660229,2.0,280.237355001069,45.96893580269144,2336,0.03548474175348125,2336,0,0,1.0,0.0,0.0,True,1763.0,23.68924501418361,0.6990314953920336,1763,0,0.0,,0.3090169943749474,,
87,118,34.196347521520906,34.13150872824565,8.438793109825916,208.99534340631084,9.438793109825916,295.41975854862983,10.594759277817213,6424,0.09758303982207343,6424,0,0,1.0,0.0,0.0,True,1724.0,23.42576026046658,0.6856869671085756,1724,0,0.0,,0.26968623182294527,,
88,94,33.94751835420041,34.28756373237827,4.449489742783178,110.1961648630833,5.449489742783178,266.902773668369,74.17404768925125,4322,0.06565284839835016,4309,13,0,0.9969921332716335,0.003007866728366497,0.0,True,2067.0,25.65046850920847,0.7518264131832479,2067,0,0.0,,0.27792629762666365,0.45416345659799195,
88,106,33.94751835420041,35.38853164585224,1.0,24.7660229,2.0,281.1060918938727,47.07664728947361,2733,0.04151532500525011,2727,6,0,0.9978046103183315,0.0021953896816684962,0.0,True,3133.0,31.57950084174568,0.9109114477020742,3133,0,0.0,,0.3090169943749474,0.44499443206436484,
88,107,33.94751835420041,33.58098488865358,1.8284271247461903,45.2828680424453,2.8284271247461903,280.1399054557601,46.99480644919375,3076,0.04672562741169021,3075,1,0,0.9996749024707412,0.00032509752925877764,0.0,True,2395.0,27.61072576753785,0.8177502666760107,2395,0,0.0,,0.28989794855663564,0.4258218860212584,
88,110,33.94751835420041,33.78704450019642,1.0,24.7660229,2.0,282.20834268712565,40.73316123936045,2595,0.039419051733854384,2595,0,0,1.0,0.0,0.0,True,2104.0,25.879026267050612,0.7641306056017673,2104,0,0.0,,0.3090169943749474,,
89,92,33.741742553901084,34.50702464203112,1.414213562373095,35.02444547122265,2.414213562373095,266.45927675616076,78.58734674627993,2808,0.04265460395709561,2808,0,0,1.0,0.0,0.0,True,2252.0,26.77375326109316,0.7845930222953226,2252,0,0.0,,0.30234690004630377,,
89,95,33.741742553901084,35.606221178335936,1.0,24.7660229,2.0,271.4072121081843,71.05704820415792,2367,0.03595564372024406,2367,0,0,1.0,0.0,0.0,True,2184.0,26.366433043273013,0.7604097258018361,2184,0,0.0,,0.30901699437494745,,
89,100,33.741742553901084,34.9642100668664,1.0,24.7660229,2.0,275.59723652052617,61.318540681983166,2804,0.042593842412997185,2804,0,0,1.0,0.0,0.0,True,2972.0,30.757389059187485,0.8953340398016858,2972,0,0.0,,0.30901699437494745,,
89,106,33.741742553901084,35.38853164585224,1.0,24.7660229,2.0,282.47281768187395,49.73781187097828,2502,0.03800634583356596,2502,0,0,1.0,0.0,0.0,True,2491.0,28.158656333067857,0.8146548428754339,2491,0,0.0,,0.3090169943749474,,
89,116,33.741742553901084,34.57998291144619,6.0,148.5961374,7.0,294.32019960346463,20.054339166487647,5473,0.08313698271267246,5473,0,0,1.0,0.0,0.0,True,1795.0,23.903268514994018,0.699726722420608,1795,0,0.0,,0.27149702790318514,,
90,96,34.5495432976122,34.88651026139932,1.0,24.7660229,2.0,273.713913211196,77.68065111401337,2698,0.040983661494388875,2698,0,0,1.0,0.0,0.0,True,2385.0,27.553023038286394,0.7936229559725754,2385,0,0.0,,0.3090169943749474,,
90,98,34.5495432976122,34.76631212689905,3.8989794855663558,96.56221522616659,4.898979485566356,277.0401232182122,72.59208387594536,5366,0.08151161140803954,5289,77,0,0.9856503913529631,0.0143496086470369,0.0,True,2326.0,27.210086278134018,0.785104248125951,2326,0,0.0,,0.27718637277259645,0.42480768092719207,
90,104,34.5495432976122,34.63287485765863,1.0,24.7660229,2.0,284.42249935185407,59.03816998838147,2485,0.03774810927114765,2485,0,0,1.0,0.0,0.0,True,2278.0,26.9278651349615,0.7784597836555945,2278,0,0.0,,0.3090169943749474,,
90,109,34.5495432976122,34.295819779101116,7.135175045001725,176.70990856002126,8.135175045001725,285.32238665183036,60.65230544761008,6274,0.09530448191838244,6274,0,0,1.0,0.0,0.0,True,1725.0,23.432553289538017,0.6807300373571271,1725,0,0.0,,0.26968623182294527,,
90,113,34.5495432976122,35.32780785847389,1.8284271247461903,45.2828680424453,2.8284271247461903,293.8772823309921,41.149025134086386,3046,0.04626991583095201,3046,0,0,1.0,0.0,0.0,True,2380.0,27.524126309792685,0.7877839057840538,2380,0,0.0,,0.28989794855663564,,
90,120,34.5495432976122,34.02784237384291,6.28538328578604,155.6639463910543,7.28538328578604,302.6093184286076,19.14266624319706,4938,0.07501012618950788,4938,0,0,1.0,0.0,0.0,True,1356.0,20.775663783985824,0.6059042228153517,1356,0,0.0,,0.2699106728337948,,
91,99,35.00744426746726,32.66376682398878,9.3166247903554,230.7357429086495,10.3166247903554,282.3112664037161,77.51210042059505,8003,0.12156865935492742,8003,0,0,1.0,0.0,0.0,True,3088.0,31.35188875547286,0.9265945813531112,3088,0,0.0,,0.26841742285197584,,
91,115,35.00744426746726,35.3167099166951,1.0,24.7660229,2.0,299.77474803623795,40.963590008338066,2901,0.04406730985738404,2901,0,0,1.0,0.0,0.0,True,3654.0,34.104315329816714,0.9699175404372604,3654,0,0.0,,0.3090169943749474,,
91,117,35.00744426746726,34.786117908923714,1.0,24.7660229,2.0,305.7247029908665,23.385007999179386,2899,0.044036929085334825,2899,0,0,1.0,0.0,0.0,True,3173.0,31.780454195325277,0.9106987293471499,3173,0,0.0,,0.3090169943749474,,
92,95,34.50702464203112,35.606221178335936,1.0,24.7660229,2.0,278.3373271434151,81.7488057895463,2815,0.04276093665926786,2815,0,0,1.0,0.0,0.0,True,2163.0,26.239365156488432,0.7484852498118468,2164,0,0.0,,0.3090169943749474,,
92,105,34.50702464203112,34.773223683202154,1.0,24.7660229,2.0,289.72027133600557,63.046045918726456,2253,0.03422393971343889,2253,0,0,1.0,0.0,0.0,True,2371.0,27.47203560244067,0.7930697786611367,2371,0,0.0,,0.30901699437494745,,
93,105,34.72075879984787,34.773223683202154,1.0,24.7660229,2.0,290.7832067640992,62.507404025023085,2997,0.04552558691574628,2994,3,0,0.998998998998999,0.001001001001001001,0.0,True,2647.0,29.026992071664846,0.8353814541782721,2647,0,0.0,,0.3090169943749474,0.36602540378443865,
93,123,34.72075879984787,33.90416763349945,1.8284271247461903,45.2828680424453,2.8284271247461903,309.6165790597495,17.533036302144094,3100,0.04709019667628077,2977,123,0,0.9603225806451613,0.03967741935483871,0.0,True,3638.0,34.02956605566152,0.991755265157569,3638,0,0.0,,0.2857142857142857,0.339056738914926,
94,107,34.28756373237827,33.58098488865358,1.0,24.7660229,2.0,290.2469689792016,67.66992377817937,2816,0.04277612704529247,2816,0,0,1.0,0.0,0.0,True,2256.0,26.797520467958073,0.789688921081591,2256,0,0.0,,0.31339216579491175,,
94,110,34.28756373237827,33.78704450019642,1.0,24.7660229,2.0,292.31540621056706,62.72803658118466,2767,0.042031798130086735,2767,0,0,1.0,0.0,0.0,True,2750.0,29.586351363515988,0.8692330997318465,2750,0,0.0,,0.3090169943749474,,
92,109,34.50702464203112,34.295819779101116,2.449489742783178,60.66411906308329,3.449489742783178,288.8955883565323,65.25751675113493,2846,0.043231838626030666,2846,0,0,1.0,0.0,0.0,True,2135.0,26.068977866467897,0.7577877945540583,2135,0,0.0,,0.28436465220442186,,
92,113,34.50702464203112,35.32780785847389,2.449489742783178,60.66411906308329,3.449489742783178,297.4504840356941,48.54613195252425,3674,0.055809478254405014,3674,0,0,1.0,0.0,0.0,True,2663.0,29.11458787115893,0.8338127787719227,2663,0,0.0,,0.2898979485566356,,
92,116,34.50702464203112,34.57998291144619,1.7320508075688772,42.89600996421431,2.732050807568877,301.2503146386955,38.11061954391099,3105,0.0471661486064038,3105,0,0,1.0,0.0,0.0,True,2386.0,27.558798748031897,0.7977997520503347,2386,0,0.0,,0.2989350844248255,,
93,97,34.72075879984787,35.3978064359276,4.55269276785519,112.752093345366,5.55269276785519,281.6885498976478,81.2409598692803,4041,0.06138434992543567,4038,3,0,0.9992576095025983,0.0007423904974016332,0.0,True,2524.0,28.34456125481373,0.8084752207779614,2524,0,0.0,,0.2801868778094689,0.4072965133529454,
94,121,34.28756373237827,36.15503576058869,1.0,24.7660229,2.0,311.06285725265786,3.250726192488778,3131,0.04756109864304358,3131,0,0,1.0,0.0,0.0,True,3757.0,34.58164603358986,0.9818390088526622,3757,0,0.0,,0.3090169943749474,,
95,100,35.606221178335936,34.9642100668664,1.8284271247461903,45.2828680424453,2.8284271247461903,287.4752869077805,83.7370430110338,3225,0.04898899492935661,3225,0,0,1.0,0.0,0.0,True,2086.0,25.768089230274473,0.7302800557004189,2086,0,0.0,,0.29339977411634566,,
95,105,35.606221178335936,34.773223683202154,6.483314773547883,160.56592214959517,7.483314773547883,294.6682066880291,73.37487907582104,5621,0.08538515984431426,5621,0,0,1.0,0.0,0.0,True,1542.0,22.154770242442265,0.629580704594324,1542,0,0.0,,0.27149702790318514,,
95,111,35.606221178335936,34.69750760653111,1.0,24.7660229,2.0,297.4760388761069,67.20878536205956,2534,0.038492438186353374,2534,0,0,1.0,0.0,0.0,True,2840.0,30.066594033278285,0.8553342632873309,2840,0,0.0,,0.30484544052339907,,
95,112,35.606221178335936,35.315561455600466,1.0,24.7660229,2.0,302.8099465282674,54.9236888290328,2888,0.04386983483906415,2888,0,0,1.0,0.0,0.0,True,2818.0,29.949912508485266,0.8445899523725195,2818,0,0.0,,0.3090169943749474,,
95,116,35.606221178335936,34.57998291144619,1.7320508075688772,42.89600996421431,2.732050807568877,306.198249990719,51.04053738021259,3152,0.04788009674956032,3152,0,0,1.0,0.0,0.0,True,2204.0,26.486883341553696,0.7547603887416878,2204,0,0.0,,0.28989794855663564,,
95,125,35.606221178335936,33.510764863551046,1.7320508075688772,42.89600996421431,2.732050807568877,315.0865096726484,19.26474687659663,3527,0.05357649150878783,3527,0,0,1.0,0.0,0.0,True,2215.0,26.552898107308295,0.7683465274720295,2215,0,0.0,,0.2989350844248255,,
96,104,34.88651026139932,34.63287485765863,7.324233081729782,181.39212422705734,8.324233081729782,291.8934241810623,74.24819223270437,6586,0.10004388235805972,6574,12,0,0.998177953234133,0.0018220467658669906,0.0,True,1340.0,20.65272978291924,0.5941574352980729,1340,0,0.0,,0.2689623000558583,0.4380529381253813,
96,108,34.88651026139932,34.308737252040025,1.0,24.7660229,2.0,292.94615094581184,70.88253153374659,2622,0.03982919215651877,2622,0,0,1.0,0.0,0.0,True,1873.0,24.41709271846753,0.7057447901671327,1873,0,0.0,,0.3203772410170408,,
96,109,34.88651026139932,34.295819779101116,3.8989794855663558,96.56221522616659,4.898979485566356,292.7933114810386,71.55988966088614,4656,0.0707264373305688,4656,0,0,1.0,0.0,0.0,True,2304.0,27.081100010292303,0.7828906599254057,2304,0,0.0,,0.2775563351996301,,
96,119,34.88651026139932,35.00341792265962,1.0,24.7660229,2.0,308.03229277261653,40.87319878764828,2626,0.039889953700617195,2626,0,0,1.0,0.0,0.0,True,2239.0,26.696363706795488,0.7639545325183095,2239,0,0.0,,0.3090169943749474,,
96,120,34.88651026139932,34.02784237384291,1.0,24.7660229,2.0,310.08024325781577,36.791748121059285,2391,0.03632021298483462,2391,0,0,1.0,0.0,0.0,True,1637.0,22.827029672799423,0.662475342215603,1637,0,0.0,,0.3090169943749474,,
98,104,34.76631212689905,34.63287485765863,9.498655478055456,235.24391908873187,10.498655478055456,295.21963418807854,79.35679230624332,6356,0.09655009357240019,6356,0,0,1.0,0.0,0.0,True,2847.0,30.103625129961543,0.8675497923818628,2847,0,0.0,,0.26841742285197584,,
98,113,34.76631212689905,35.32780785847389,4.766114533138578,118.03770167173282,5.766114533138578,304.6744171672166,63.183335892423564,4939,0.07502531657553249,4938,1,0,0.999797529864345,0.00020247013565499088,0.0,True,2138.0,26.087286878112575,0.744350221774848,2138,0,0.0,,0.2791745113185196,0.4665171868296264,
98,124,34.76631212689905,34.346621969862305,1.0,24.7660229,2.0,317.1701476781967,35.54581124789027,2272,0.03451255704790642,2272,0,0,1.0,0.0,0.0,True,2915.0,30.461013086004705,0.8814851658115933,2915,0,0.0,,0.3090169943749474,,
98,127,34.76631212689905,34.89017141145879,1.0,24.7660229,2.0,319.6230706237649,25.876906162980315,2852,0.043322980942178305,2852,0,0,1.0,0.0,0.0,True,3000.0,30.90193616185517,0.8872666144520016,3000,0,0.0,,0.31120458008492957,,
99,112,32.66376682398878,35.315561455600466,1.0,24.7660229,2.0,306.4948440862585,62.15974764256692,2691,0.04087732879221663,2691,0,0,1.0,0.0,0.0,True,2407.0,27.679810260267036,0.8143596284571667,2407,0,0.0,,0.30901699437494745,,
99,117,32.66376682398878,34.786117908923714,1.0,24.7660229,2.0,314.0684941985712,46.15646650940626,2540,0.03858358050250102,2540,0,0,1.0,0.0,0.0,True,2475.0,28.068077388821663,0.8322646510061629,2475,0,0.0,,0.30901699437494745,,
99,126,32.66376682398878,35.09798702692943,1.0,24.7660229,2.0,321.57996521070856,21.893303843069337,2529,0.03841648625623034,2529,0,0,1.0,0.0,0.0,True,3025.0,31.030427095126594,0.915868475405647,3028,0,0.0,,0.3090169943749474,,
100,112,34.9642100668664,35.315561455600466,1.0,24.7660229,2.0,306.9999709406093,64.68373677039764,2784,0.04229003469250505,2784,0,0,1.0,0.0,0.0,True,3028.0,31.045810270703488,0.883492066014439,3028,0,0.0,,0.31395601246683413,,
96,122,34.88651026139932,34.06306236512394,1.0,24.7660229,2.0,311.1170363655999,30.224548375766776,2787,0.04233560585057887,2787,0,0,1.0,0.0,0.0,True,2026.0,25.394799259067984,0.7366194826651966,2026,0,0.0,,0.3090169943749474,,
97,105,35.3978064359276,34.773223683202154,1.0,24.7660229,2.0,296.95649401416813,74.80365017726746,2819,0.04282169820336629,2819,0,0,1.0,0.0,0.0,True,2981.0,30.803924599211054,0.8779670056692929,2981,0,0.0,,0.3090169943749474,,
97,124,35.3978064359276,34.346621969862305,2.449489742783178,60.66411906308329,3.449489742783178,317.18243722483675,37.25229481445509,3376,0.05128274321907222,3376,0,0,1.0,0.0,0.0,True,3819.0,34.86582073228589,0.9998166600327738,3819,0,0.0,,0.28708594921778513,,
97,133,35.3978064359276,33.99764485249881,11.698409766224884,289.7230841639091,12.698409766224884,324.31606577741604,26.20544570376287,9537,0.1448707115166741,9537,0,0,1.0,0.0,0.0,True,2868.0,30.2144461073691,0.8707903917733635,2868,0,0.0,,0.26483421803497953,,
101,129,34.36024272637412,33.154227364957485,1.8284271247461903,45.2828680424453,2.8284271247461903,322.96943879297976,31.665069059075503,2986,0.04535849266947561,2986,0,0,1.0,0.0,0.0,True,2690.0,29.26181118513338,0.8668308036943445,2690,0,0.0,,0.29339977411634566,,
102,110,34.86465813991955,33.78704450019642,1.0,24.7660229,2.0,300.81173536842346,78.56802792314744,2643,0.04014819026303551,2643,0,0,1.0,0.0,0.0,True,2710.0,29.370389707289768,0.8556347061413582,2710,0,0.0,,0.3090169943749474,,
102,114,34.86465813991955,33.020772528673234,1.0,24.7660229,2.0,307.49381490467954,66.62544721283115,2659,0.04039123643942921,2659,0,0,1.0,0.0,0.0,True,2967.0,30.731505532715232,0.9053932553729285,2967,0,0.0,,0.31451985913875646,,
102,131,34.86465813991955,34.023030870836315,3.4721359549995796,85.99099857343296,4.47213595499958,326.33052380834084,28.252399299486623,4119,0.062569200035355,4119,0,0,1.0,0.0,0.0,True,3253.0,32.17859629871805,0.9342335839918742,3253,0,0.0,,0.28172904669025317,,
100,118,34.9642100668664,34.13150872824565,1.0,24.7660229,2.0,312.7571095909185,52.58724362890431,2785,0.04230522507852966,2785,0,0,1.0,0.0,0.0,True,3528.0,33.511151553720346,0.9699921250718933,3528,0,0.0,,0.30901699437494745,,
100,130,34.9642100668664,35.28887060216066,1.0,24.7660229,2.0,325.0205461195403,24.584927417318873,2814,0.042745746273243256,2811,3,0,0.9989339019189766,0.0010660980810234541,0.0,True,2496.0,28.18690255978371,0.8024389049236572,2496,0,0.0,,0.3090169943749474,0.42705098312484235,
101,114,34.36024272637412,33.020772528673234,1.0,24.7660229,2.0,306.9689891017787,65.50089655268376,2654,0.04031528450930618,2654,0,0,1.0,0.0,0.0,True,2381.0,27.529908082004297,0.8171413855312042,2381,0,0.0,,0.3164309725825327,,
101,122,34.36024272637412,34.06306236512394,1.0,24.7660229,2.0,317.00103929625857,45.777638394614144,2627,0.0399051440866418,2627,0,0,1.0,0.0,0.0,True,2864.0,30.19336870954244,0.8825463391213505,2864,0,0.0,,0.30901699437494745,,
103,107,33.245700014478665,33.58098488865358,1.0,24.7660229,2.0,300.80344591344186,85.40587647773904,2581,0.039206386329509894,2581,0,0,1.0,0.0,0.0,True,1897.0,24.573031031817198,0.7354257080816359,1897,0,0.0,,0.32037724101704074,,
103,115,33.245700014478665,35.3167099166951,1.0,24.7660229,2.0,311.85240596837787,67.02591955911231,2603,0.03954057482205124,2603,0,0,1.0,0.0,0.0,True,2903.0,30.398249942908627,0.8867322479890614,2904,0,0.0,,0.32037724101704074,,
103,118,33.245700014478665,34.13150872824565,1.0,24.7660229,2.0,315.9858494610028,58.46572794332265,2491,0.037839251587295286,2491,0,0,1.0,0.0,0.0,True,2028.0,25.40733061895184,0.7541817505669655,2028,0,0.0,,0.3090169943749474,,
104,119,34.63287485765863,35.00341792265962,1.0,24.7660229,2.0,318.7408789132747,62.992540577403666,2520,0.038279772782008885,2520,0,0,1.0,0.0,0.0,True,3793.0,34.74693365313144,0.9979547234872959,3795,0,0.0,,0.3090169943749474,,
104,120,34.63287485765863,34.02784237384291,1.7320508075688772,42.89600996421431,2.732050807568877,320.7888293984739,58.411380623185536,3134,0.0476066698011174,3134,0,0,1.0,0.0,0.0,True,1944.0,24.875578761936154,0.7245942007294744,1944,0,0.0,,0.2989350844248255,,
104,127,34.63287485765863,34.89017141145879,1.0,24.7660229,2.0,327.0054467574068,44.392859795948176,2692,0.040892519178241236,2692,0,0,1.0,0.0,0.0,True,3322.0,32.5180786932831,0.9354618486482472,3322,0,0.0,,0.3090169943749474,,
105,113,34.773223683202154,35.32780785847389,8.288221436384907,205.2662818937795,9.288221436384907,313.78136358030804,78.77993368762117,6770,0.10283891338658735,6770,0,0,1.0,0.0,0.0,True,2152.0,26.17255958188877,0.7467096847591699,2152,0,0.0,,0.26849617426193845,,
105,123,34.773223683202154,33.90416763349945,6.834654549917682,169.2672110968505,7.834654549917682,324.8845231762698,60.25231739035433,6071,0.09222083355538728,6039,32,0,0.9947290396969198,0.005270960303080217,0.0,True,1935.0,24.817929602721396,0.7227394380277209,1935,0,0.0,,0.26968623182294527,0.4128686305510081,
105,125,34.773223683202154,33.510764863551046,1.0,24.7660229,2.0,326.46945386523885,53.35462304064208,2712,0.04119632689873337,2712,0,0,1.0,0.0,0.0,True,2564.0,28.568278705151968,0.8367489747788129,2564,0,0.0,,0.30901699437494745,,
105,133,34.773223683202154,33.99764485249881,6.5630027024141775,162.5394752207514,7.5630027024141775,333.4107226438674,44.28150586359923,5757,0.08745105234366077,5751,6,0,0.9989577905158937,0.0010422094841063053,0.0,True,2061.0,25.613212907107002,0.7448855439076049,2061,0,0.0,,0.27253380620535966,0.29364382722130966,
105,136,34.773223683202154,33.77832860942124,1.0,24.7660229,2.0,338.1017351806419,23.440931058020265,2564,0.03894814976709158,2564,0,0,1.0,0.0,0.0,True,2420.0,27.754457742221764,0.8097397305825365,2420,0,0.0,,0.3090169943749474,,
106,110,35.38853164585224,33.78704450019642,3.6855577202829677,91.27660689979977,4.685557720282968,306.5187244360708,88.27182127211192,4443,0.06749088510732756,4426,17,0,0.996173756470853,0.0038262435291469728,0.0,True,1963.0,24.9968459326128,0.72270727112811,1963,0,0.0,,0.28172904669025317,0.30667540403718385,
106,116,35.38853164585224,34.57998291144619,8.06225774829855,199.6700600200643,9.06225774829855,317.2638555644086,72.70512488712316,7529,0.11436841637926384,7529,0,0,1.0,0.0,0.0,True,1824.0,24.095585330081406,0.6887550917019717,1824,0,0.0,,0.2692803301885514,,
106,128,35.38853164585224,34.23359854824803,1.0,24.7660229,2.0,329.2453352367898,48.25712419378734,2621,0.039814001770494156,2621,0,0,1.0,0.0,0.0,True,2599.0,28.76260409266991,0.8262488956451733,2599,0,0.0,,0.3090169943749474,,
106,129,35.38853164585224,33.154227364957485,9.507015194961,235.45095602905207,10.507015194961,329.201253663528,53.26968230661427,7373,0.1119987161594252,7351,22,0,0.9970161399701614,0.0029838600298386004,0.0,True,1716.0,23.371344948277684,0.6819493491527483,1716,0,0.0,,0.26747889038858935,0.2940328798014457,
106,130,35.38853164585224,35.28887060216066,2.1462643699419726,53.15443253543696,3.1462643699419726,331.8961272808881,44.311043132419336,3744,0.05687280527612748,3744,0,0,1.0,0.0,0.0,True,2295.0,27.028155482603687,0.7648316045278415,2295,0,0.0,,0.28989794855663564,,
107,134,33.58098488865358,34.53326908720825,1.0,24.7660229,2.0,332.2647047991104,32.67761843743839,2631,0.03996590563074023,2631,0,0,1.0,0.0,0.0,True,3214.0,31.985121137721258,0.9391608737007109,3214,0,0.0,,0.3090169943749474,,
108,114,34.308737252040025,33.020772528673234,7.324233081729782,181.39212422705734,8.324233081729782,312.84629907652777,77.57975510421996,6011,0.09130941039391087,5986,25,0,0.9958409582432207,0.004159041756779238,0.0,True,1892.0,24.54062559633988,0.7289708680864215,1892,0,0.0,,0.26948328100574837,0.25000000000000006,
108,119,34.308737252040025,35.00341792265962,1.0,24.7660229,2.0,319.7936056780242,64.17331942332463,2819,0.04282169820336629,2819,0,0,1.0,0.0,0.0,True,4182.0,36.48522912111986,1.0527801084574473,4182,0,0.0,,0.30901699437494745,,
108,122,34.308737252040025,34.06306236512394,1.0,24.7660229,2.0,322.87834927100766,58.408379002941025,2570,0.03903929208323922,2570,0,0,1.0,0.0,0.0,True,1902.0,24.60539378919935,0.7197527029264401,1902,0,0.0,,0.3090169943749474,,
106,132,35.38853164585224,33.67134986880525,1.0,24.7660229,2.0,332.18751865846525,41.91586261053865,2350,0.035697407157825746,2350,0,0,1.0,0.0,0.0,True,2533.0,28.39505135941018,0.8223313083264854,2533,0,0.0,,0.3090169943749474,,
107,118,33.58098488865358,34.13150872824565,1.0,24.7660229,2.0,318.6665043141536,63.81488853218439,2520,0.038279772782008885,2520,0,0,1.0,0.0,0.0,True,1989.0,25.161843406625827,0.7431964785992199,1989,0,0.0,,0.31451985913875646,,
107,121,33.58098488865358,36.15503576058869,1.0,24.7660229,2.0,324.29998904004896,55.522973551495106,2390,0.036305022598810015,2390,0,0,1.0,0.0,0.0,True,2018.0,25.344611859700862,0.7268729022316602,2018,0,0.0,,0.3090169943749474,,
107,128,33.58098488865358,34.23359854824803,1.0,24.7660229,2.0,328.27914879867717,42.70215592270385,2479,0.03765696695500001,2479,0,0,1.0,0.0,0.0,True,2294.0,27.022266353983262,0.7969455826305046,2294,0,0.0,,0.3090169943749474,,
108,135,34.308737252040025,33.69106143738101,1.0,24.7660229,2.0,336.70065025333514,23.268287384720274,2513,0.03817344007983663,2513,0,0,1.0,0.0,0.0,True,3111.0,31.468429511460734,0.9255447844834985,3111,0,0.0,,0.3090169943749474,,
109,116,34.295819779101116,34.57998291144619,1.0,24.7660229,2.0,316.7565112038361,69.75475301552693,2457,0.03732277846245866,2457,0,0,1.0,0.0,0.0,True,2183.0,26.36039608084854,0.7654472267795815,2183,0,0.0,,0.3090169943749474,,
109,120,34.295819779101116,34.02784237384291,1.0,24.7660229,2.0,321.6887166984502,59.55257277441658,2608,0.03961652675217427,2608,0,0,1.0,0.0,0.0,True,1826.0,24.108792009795966,0.7057230613847338,1826,0,0.0,,0.30901699437494745,,
109,122,34.295819779101116,34.06306236512394,8.00692826708518,198.29976882128886,9.00692826708518,322.72550980623436,61.548890864727085,7462,0.1133506605156152,7462,0,0,1.0,0.0,0.0,True,1697.0,23.24159798408648,0.6799876550073143,1697,0,0.0,,0.2683914138326518,,
109,132,34.295819779101116,33.67134986880525,1.0,24.7660229,2.0,331.6801742978928,35.14948834053225,2734,0.04153051539127472,2734,0,0,1.0,0.0,0.0,True,2336.0,27.26851470332286,0.8024025377129363,2336,0,0.0,,0.3090169943749474,,
109,137,34.295819779101116,33.91254219475714,6.713293552551451,166.2615818569116,7.713293552551451,337.3038862968764,27.147223665253822,6153,0.09346644520940502,6149,4,0,0.9993499106127093,0.0006500893872907525,0.0,True,1659.0,22.979906465843346,0.673814934146951,1659,0,0.0,,0.2711923793731366,0.37121044168123674,
110,121,33.78704450019642,36.15503576058869,1.0,24.7660229,2.0,326.3684262714145,57.27180432156391,2873,0.043641979048695045,2873,0,0,1.0,0.0,0.0,True,1942.0,24.862779389459288,0.7109533859089195,1942,0,0.0,,0.3090169943749474,,
110,128,33.78704450019642,34.23359854824803,1.0,24.7660229,2.0,330.34758603004275,47.98102391686388,2514,0.03818863046586124,2514,0,0,1.0,0.0,0.0,True,2164.0,26.245429958408437,0.7716901452906402,2164,0,0.0,,0.31339216579491175,,
111,125,34.69750760653111,33.510764863551046,1.0,24.7660229,2.0,329.27728605331663,59.54583054992807,2396,0.03639616491495765,2396,0,0,1.0,0.0,0.0,True,2184.0,26.366433043273013,0.7731154034091094,2184,0,0.0,,0.31339216579491175,,
111,126,34.69750760653111,35.09798702692943,1.0,24.7660229,2.0,332.0858440333857,54.58541654010344,2614,0.03970766906832191,2614,0,0,1.0,0.0,0.0,True,2971.0,30.752214096745004,0.8812091456115889,2971,0,0.0,,0.3090169943749474,,
111,142,34.69750760653111,34.57865188311484,8.851841083363698,219.22489897774616,9.851841083363698,348.43891269230727,21.116158713425808,6747,0.1024895345080214,6738,9,0,0.9986660738105825,0.0013339261894175188,0.0,True,2497.0,28.19254840912622,0.8139177638258048,2497,0,0.0,,0.2687959533979826,0.4796963048619249,
112,117,35.315561455600466,34.786117908923714,3.0,74.2980687,4.0,329.90828067340885,77.65124441237826,4763,0.07235180863520171,4763,0,0,1.0,0.0,0.0,True,2554.0,28.512513907289925,0.8134616507267023,2554,0,0.0,,0.28172904669025317,,
110,129,33.78704450019642,33.154227364957485,1.0,24.7660229,2.0,330.30350445678096,47.84315767141136,2387,0.03625945144073619,2387,0,0,1.0,0.0,0.0,True,2353.0,27.36755674499387,0.8176587023958227,2353,0,0.0,,0.3090169943749474,,
110,131,33.78704450019642,34.023030870836315,3.414213562373095,84.55649127122264,4.414213562373095,333.1397636692411,44.47297682268084,3855,0.05855893812485883,3855,0,0,1.0,0.0,0.0,True,2151.0,26.166477890257482,0.7717578176129071,2151,0,0.0,,0.28172904669025317,,
111,112,34.69750760653111,35.315561455600466,1.0,24.7660229,2.0,317.00072290893564,81.46419884747448,2835,0.043064744379759996,2835,0,0,1.0,0.0,0.0,True,2128.0,26.026206750102993,0.743467101178113,2128,0,0.0,,0.3090169943749474,,
111,123,34.69750760653111,33.90416763349945,1.0,24.7660229,2.0,327.6923553643476,62.90366459393005,2671,0.040573521071724496,2671,0,0,1.0,0.0,0.0,True,3483.0,33.29674659149364,0.9707269239414803,3483,0,0.0,,0.3090169943749474,,
112,125,35.315561455600466,33.510764863551046,4.242640687119285,105.07333641366795,5.242640687119285,334.61119370547715,71.18144416128396,3897,0.05919693433789231,3897,0,0,1.0,0.0,0.0,True,2240.0,26.702324712498182,0.7759334586209937,2240,0,0.0,,0.2801868778094689,,
112,126,35.315561455600466,35.09798702692943,1.0,24.7660229,2.0,337.4197516855462,65.6850400796874,2629,0.039935524858691014,2629,0,0,1.0,0.0,0.0,True,1762.0,23.68252561395932,0.6726695678413401,1762,0,0.0,,0.3090169943749474,,
112,138,35.315561455600466,34.82297160428144,1.0,24.7660229,2.0,347.0707797174923,42.611558668730595,3172,0.04818390447005245,3172,0,0,1.0,0.0,0.0,True,3572.0,33.71947380147709,0.9615106655478108,3572,0,0.0,,0.3090169943749474,,
112,144,35.315561455600466,33.82450646586721,2.449489742783178,60.66411906308329,3.449489742783178,356.6196934421767,24.430850810836166,3356,0.05097893549858008,3356,0,0,1.0,0.0,0.0,True,2083.0,25.749553256723427,0.7448518357248621,2083,0,0.0,,0.28172904669025317,,
113,137,35.32780785847389,33.91254219475714,1.414213562373095,35.02444547122265,2.414213562373095,345.85878197603813,46.2018020719046,3061,0.046497771621321106,3061,0,0,1.0,0.0,0.0,True,2163.0,26.239365156488432,0.7579212160630606,2163,0,0.0,,0.30484544052339907,,
113,145,35.32780785847389,33.47870398194728,2.23606797749979,55.37851073671648,3.23606797749979,355.69761242950256,15.806885785058224,3442,0.05228530869669626,3442,0,0,1.0,0.0,0.0,True,1775.0,23.769729657196955,0.6909151189737585,1775,0,0.0,,0.28172904669025317,,
114,135,33.020772528673234,33.69106143738101,1.0,24.7660229,2.0,344.8394854786434,44.23219648690833,2435,0.036988589969917315,2435,0,0,1.0,0.0,0.0,True,2810.0,29.907369997651948,0.8966136356817911,2810,0,0.0,,0.3090169943749474,,
114,139,33.020772528673234,34.58889815932486,1.0,24.7660229,2.0,351.2351712815284,27.55783529478966,2595,0.039419051733854384,2593,2,0,0.9992292870905588,0.0007707129094412332,0.0,True,2760.0,29.640095915284455,0.8768004817555218,2760,0,0.0,,0.3164309725825327,0.44552791246845413,
113,120,35.32780785847389,34.02784237384291,1.0,24.7660229,2.0,330.24361237761195,76.06122306178708,2614,0.03970766906832191,2614,0,0,1.0,0.0,0.0,True,2095.0,25.823617321263136,0.744672344207377,2095,0,0.0,,0.30216947925196225,,
113,124,35.32780785847389,34.346621969862305,1.0,24.7660229,2.0,334.0073067909766,69.32417282583951,2786,0.04232041546455426,2777,9,0,0.9967695620961953,0.003230437903804738,0.0,True,2273.0,26.898296810314147,0.7721138695095503,2273,0,0.0,,0.30484544052339907,0.4494897427831781,
113,127,35.32780785847389,34.89017141145879,8.719749027788248,215.9535041044565,9.719749027788248,336.4602297365448,68.14462873876349,7192,0.10924925628897138,7192,0,0,1.0,0.0,0.0,True,1438.0,21.394616526881034,0.6093771637784001,1438,0,0.0,,0.26968623182294527,,
113,136,35.32780785847389,33.77832860942124,1.0,24.7660229,2.0,345.8319478803304,46.29059022143527,2493,0.0378696323593445,2493,0,0,1.0,0.0,0.0,True,2469.0,28.034034832463544,0.8113327199383346,2469,0,0.0,,0.3090169943749474,,
115,117,35.3167099166951,34.786117908923714,1.0,24.7660229,2.0,331.5319758310931,80.64927862640486,2943,0.04470530607041752,2943,0,0,1.0,0.0,0.0,True,2608.0,28.812361638146328,0.8220028358860856,2608,0,0.0,,0.3090169943749474,,
115,118,35.3167099166951,34.13150872824565,1.0,24.7660229,2.0,329.71546436908955,83.07421798607324,2820,0.042836888589390894,2820,0,0,1.0,0.0,0.0,True,3184.0,31.83549399034338,0.9168123995549761,3184,0,0.0,,0.3164309725825327,,
115,140,35.3167099166951,34.60884102476694,1.0,24.7660229,2.0,354.68430691369883,34.40163456208757,2585,0.03926714787360832,2585,0,0,1.0,0.0,0.0,True,2901.0,30.38777681600246,0.8691465825257922,2901,0,0.0,,0.3090169943749474,,
115,143,35.3167099166951,35.23280339589622,1.0,24.7660229,2.0,357.3808265974445,24.4285492135571,3312,0.05031055851349739,3312,0,0,1.0,0.0,0.0,True,2650.0,29.043436408025915,0.8233490223905594,2650,0,0.0,,0.31451985913875646,,
116,125,34.57998291144619,33.510764863551046,1.0,24.7660229,2.0,337.9994971679288,74.97844596358502,2427,0.03686706688172046,2427,0,0,1.0,0.0,0.0,True,2566.0,28.579418607585545,0.8394508664238769,2566,0,0.0,,0.31451985913875646,,
116,130,34.57998291144619,35.28887060216066,1.0,24.7660229,2.0,343.7435092024788,64.72866165652158,3052,0.04636105814709965,3052,0,0,1.0,0.0,0.0,True,2815.0,29.93396615230549,0.8568615240402049,2815,0,0.0,,0.3090169943749474,,
116,132,34.57998291144619,33.67134986880525,7.613903745752154,188.56611452569362,8.613903745752154,344.03490058005593,67.26950947414788,5909,0.08975999101940099,5901,8,0,0.998646133017431,0.0013538669825689626,0.0,True,1603.0,22.588730543184948,0.6619278957061191,1603,0,0.0,,0.267982878680112,0.2736033139076075,
116,137,34.57998291144619,33.91254219475714,1.0,24.7660229,2.0,349.6586125790395,54.0457888932643,2463,0.0374139207786063,2463,0,0,1.0,0.0,0.0,True,2371.0,27.47203560244067,0.8021907663600666,2371,0,0.0,,0.3090169943749474,,
118,140,34.13150872824565,34.60884102476694,7.694323451653613,190.55779080366042,8.694323451653613,358.81775040632374,48.677135280289995,6678,0.10144139787232354,6676,2,0,0.9997005091344714,0.0002994908655286014,0.0,True,1912.0,24.669991941291908,0.7177732446789225,1912,0,0.0,,0.2711923793731366,0.34281757746117836,
118,147,34.13150872824565,35.01796034755131,1.0,24.7660229,2.0,365.77939441598267,22.72446127384795,2490,0.03782406120127068,2490,0,0,1.0,0.0,0.0,True,2038.0,25.469894935836805,0.7366620532666255,2038,0,0.0,,0.31339216579491175,,
119,120,35.00341792265962,34.02784237384291,2.6502815398728847,65.63693330793913,3.6502815398728847,336.92769799002815,86.75512675719305,3861,0.05865008044100647,3861,0,0,1.0,0.0,0.0,True,1732.0,23.480049464818542,0.6802729477621361,1732,0,0.0,,0.28172904669025317,,
119,122,35.00341792265962,34.06306236512394,2.0,49.5320458,3.0,337.96449109781236,85.09023042804333,3165,0.0480775717678802,3165,0,0,1.0,0.0,0.0,True,1822.0,24.082371407875648,0.6973678492817398,1822,0,0.0,,0.2898979485566356,,
116,146,34.57998291144619,34.78802491640276,1.0,24.7660229,2.0,362.92843772332867,16.322747682593214,2530,0.03843167664225495,2530,0,0,1.0,0.0,0.0,True,2283.0,26.957401027502524,0.7772286352637628,2283,0,0.0,,0.3090169943749474,,
117,126,34.786117908923714,35.09798702692943,3.1815405503520555,78.79410612729761,4.1815405503520555,344.99340179785895,78.4462194509582,4338,0.06589589457474386,4338,0,0,1.0,0.0,0.0,True,2229.0,26.636680279337916,0.762310121988049,2229,0,0.0,,0.28172904669025317,,
117,138,34.786117908923714,34.82297160428144,6.348469228349534,157.22633428924988,7.348469228349534,354.644429829805,62.893223010898964,6482,0.09846408221150063,6387,95,0,0.9853440296204875,0.014655970379512497,0.0,True,2003.0,25.25024162312378,0.725486909818974,2003,0,0.0,,0.27253380620535966,0.41863246886335237,
117,143,34.786117908923714,35.23280339589622,1.0,24.7660229,2.0,363.33078155207306,40.766130999538774,2809,0.04266979434312022,2809,0,0,1.0,0.0,0.0,True,2359.0,27.40242729225939,0.7827149228125304,2359,0,0.0,,0.3090169943749474,,
119,141,35.00341792265962,32.65235116928681,1.0,24.7660229,2.0,358.4804772154695,44.29776526293906,2432,0.036943018811843496,2432,0,0,1.0,0.0,0.0,True,2976.0,30.77808020788433,0.9098434803410747,2976,0,0.0,,0.3090169943749474,,
119,148,35.00341792265962,34.96941683225269,1.0,24.7660229,2.0,367.23339109235775,21.004919427627225,2828,0.042958411677587745,2828,0,0,1.0,0.0,0.0,True,3653.0,34.09964830067001,0.9746539044790123,3653,0,0.0,,0.3090169943749474,,
120,122,34.02784237384291,34.06306236512394,1.0,24.7660229,2.0,340.01244158301154,88.31973637909134,2249,0.03416317816934047,2249,0,0,1.0,0.0,0.0,True,1865.0,24.364891498481366,0.7156577399547432,1865,0,0.0,,0.30383243470068705,,
120,127,34.02784237384291,34.89017141145879,3.2426406871192857,80.30731351366796,4.242640687119286,345.19226583416025,80.17294048568365,3603,0.05473096084665794,3603,0,0,1.0,0.0,0.0,True,2003.0,25.25024162312378,0.732761733435474,2003,0,0.0,,0.2801868778094689,,
117,149,34.786117908923714,35.57845607245129,1.0,24.7660229,2.0,369.93673049911746,21.690821744961454,2834,0.04304955399373539,2834,0,0,1.0,0.0,0.0,True,2723.0,29.44075101077522,0.8368060614867924,2723,0,0.0,,0.30901699437494745,,
118,128,34.13150872824565,34.23359854824803,7.385164807134505,182.90116073376723,8.385164807134505,343.46155234623814,75.73207882943575,6014,0.0913549815519847,6012,2,0,0.9996674426338543,0.0003325573661456601,0.0,True,1456.0,21.528102431092233,0.6297979565518607,1456,0,0.0,,0.2711923793731366,0.2606243029589987,
118,130,34.13150872824565,35.28887060216066,1.0,24.7660229,2.0,346.1123443903364,69.93257029261028,2560,0.038887388222993154,2560,0,0,1.0,0.0,0.0,True,1752.0,23.615226456547084,0.6803542903201497,1752,0,0.0,,0.30901699437494745,,
118,138,34.13150872824565,34.82297160428144,1.0,24.7660229,2.0,352.82791836780143,57.28144863937661,2700,0.04101404226643809,2700,0,0,1.0,0.0,0.0,True,2600.0,28.76813695875796,0.8344095066782051,2600,0,0.0,,0.3090169943749474,,
120,137,34.02784237384291,33.91254219475714,1.7320508075688772,42.89600996421431,2.732050807568877,354.59081807365357,63.625200329329125,2994,0.04548001575767246,2994,0,0,1.0,0.0,0.0,True,1953.0,24.93309462776218,0.7339697820693669,1953,0,0.0,,0.29339977411634566,,
120,141,34.02784237384291,32.65235116928681,1.414213562373095,35.02444547122265,2.414213562373095,360.5284277006687,52.051445985402935,2675,0.04063428261582292,2675,0,0,1.0,0.0,0.0,True,2229.0,26.636680279337916,0.7989383012845913,2229,0,0.0,,0.3008613653919205,,
120,150,34.02784237384291,34.31468548606831,1.0,24.7660229,2.0,368.5922230559298,30.241440430532872,2634,0.040011476788814046,2634,0,0,1.0,0.0,0.0,True,2560.0,28.54598585844434,0.8353798652855806,2560,0,0.0,,0.3090169943749474,,
121,128,36.15503576058869,34.23359854824803,1.0,24.7660229,2.0,349.09503707213344,83.56370460285443,2832,0.04301917322168617,2832,0,0,1.0,0.0,0.0,True,2674.0,29.174657421389824,0.8289593258304541,2674,0,0.0,,0.3090169943749474,,
122,135,34.06306236512394,33.69106143738101,1.0,24.7660229,2.0,354.8715356731233,65.3348131529732,2801,0.042548271254923366,2801,0,0,1.0,0.0,0.0,True,2827.0,29.997700715914483,0.8854870827745966,2827,0,0.0,,0.3164309725825327,,
122,148,34.06306236512394,34.96941683225269,9.633758019665983,238.58987172810637,10.633758019665983,370.3181346853412,42.66399946779346,7931,0.12047495156115573,7931,0,0,1.0,0.0,0.0,True,1667.0,23.03524647726564,0.667374161991303,1667,0,0.0,,0.2645644554438015,,
122,150,34.06306236512394,34.31468548606831,1.0,24.7660229,2.0,369.62901616371397,35.45941655175769,2402,0.03648730723110529,2402,0,0,1.0,0.0,0.0,True,2309.0,27.110468959395977,0.7929617400794013,2309,0,0.0,,0.3090169943749474,,
123,133,33.90416763349945,33.99764485249881,1.0,24.7660229,2.0,352.2440949395177,75.37915516590246,2573,0.039084863241313036,2573,0,0,1.0,0.0,0.0,True,3361.0,32.708401481327705,0.9634028985035523,3361,0,0.0,,0.3090169943749474,,
121,131,36.15503576058869,34.023030870836315,1.0,24.7660229,2.0,351.8872147113319,78.77259980085667,2842,0.04317107708193224,2842,0,0,1.0,0.0,0.0,True,3205.0,31.940306592439736,0.9102646489305593,3205,0,0.0,,0.30901699437494745,,
121,134,36.15503576058869,34.53326908720825,1.0,24.7660229,2.0,353.08059307256667,77.25378200001242,2965,0.045039494562958866,2965,0,0,1.0,0.0,0.0,True,4834.0,39.22639404549498,1.1098411294472428,4834,0,0.0,,0.3090169943749474,,
121,154,36.15503576058869,33.986143315700375,1.0,24.7660229,2.0,377.7764687750364,20.76009503866041,2963,0.045009113790909654,2963,0,0,1.0,0.0,0.0,True,4022.0,35.78047459482904,1.0202416060303863,4022,0,0.0,,0.30901699437494745,,
122,132,34.06306236512394,33.67134986880525,2.449489742783178,60.66411906308329,3.449489742783178,350.0038991824542,75.21413097749581,3436,0.05219416638054862,3435,1,0,0.9997089639115251,0.0002910360884749709,0.0,True,2270.0,26.88054020359719,0.7937040956600291,2270,0,0.0,,0.2898979485566356,0.4861003778057142,
124,153,34.346621969862305,34.29805228918287,1.0,24.7660229,2.0,376.5071102346095,26.43690579540917,2998,0.045540777301770884,2994,4,0,0.9986657771847899,0.00133422281521014,0.0,True,3633.0,34.006173211723066,0.9907883919266217,3633,0,0.0,,0.31451985913875646,0.4107599600523464,
125,136,33.510764863551046,33.77832860942124,1.0,24.7660229,2.0,358.5200381652612,70.03841940127965,2475,0.037596205410901584,2475,0,0,1.0,0.0,0.0,True,2610.0,28.823407205597565,0.856703686078783,2610,0,0.0,,0.3090169943749474,,
125,144,33.510764863551046,33.82450646586721,1.0,24.7660229,2.0,368.8962565865577,49.596352651517385,2339,0.03553031291155507,2339,0,0,1.0,0.0,0.0,True,2306.0,27.092851410285725,0.8047149992978219,2306,0,0.0,,0.3090169943749474,,
125,146,33.510764863551046,34.78802491640276,1.0,24.7660229,2.0,371.8166974052581,45.729940411202044,2024,0.03074534131380396,2024,0,0,1.0,0.0,0.0,True,2227.0,26.624727539099847,0.7796544455584014,2227,0,0.0,,0.3090169943749474,,
123,142,33.90416763349945,34.57865188311484,1.0,24.7660229,2.0,364.4644527998797,52.30464637712278,2514,0.03818863046586124,2514,0,0,1.0,0.0,0.0,True,3341.0,32.610938804947715,0.9523830658589089,3341,0,0.0,,0.3090169943749474,,
123,152,33.90416763349945,34.68329053992871,1.0,24.7660229,2.0,378.3262749161984,8.303923849424807,2500,0.03797596506151675,2500,0,0,1.0,0.0,0.0,True,2881.0,30.282846334112996,0.8830432601115122,2881,0,0.0,,0.3090169943749474,,
124,127,34.346621969862305,34.89017141145879,1.8284271247461903,45.2828680424453,2.8284271247461903,348.9559602475249,86.10275587109037,3318,0.05040170082964503,3318,0,0,1.0,0.0,0.0,True,3426.0,33.02316868602507,0.9539196451271287,3426,0,0.0,,0.28989794855663564,,
124,145,34.346621969862305,33.47870398194728,1.414213562373095,35.02444547122265,2.414213562373095,368.1933429404827,51.01297575787413,2797,0.04248750971082494,2797,0,0,1.0,0.0,0.0,True,2320.0,27.17496892263898,0.8013221769681431,2320,0,0.0,,0.2989350844248255,,
125,158,33.510764863551046,33.98145782419274,1.0,24.7660229,2.0,380.49804684073035,15.855834031679185,2141,0.032522616478682945,2141,0,0,1.0,0.0,0.0,True,2166.0,26.257555359821495,0.7780912915345348,2166,0,0.0,,0.3090169943749474,,
126,142,35.09798702692943,34.57865188311484,1.0,24.7660229,2.0,368.85794146891783,62.34035295292638,2664,0.04046718836955225,2664,0,0,1.0,0.0,0.0,True,3504.0,33.396973533360814,0.9586275703246203,3504,0,0.0,,0.3090169943749474,,
126,144,35.09798702692943,33.82450646586721,1.0,24.7660229,2.0,371.70481456662674,56.32855068122832,2636,0.04004185756086326,2636,0,0,1.0,0.0,0.0,True,2270.0,26.88054020359719,0.780022278399042,2270,0,0.0,,0.3090169943749474,,
126,149,35.09798702692943,35.57845607245129,1.0,24.7660229,2.0,377.4482015112548,44.89857682873845,2936,0.04459897336824527,2936,0,0,1.0,0.0,0.0,True,3507.0,33.41126712422853,0.945471097838009,3507,0,0.0,,0.3090169943749474,,
127,141,34.89017141145879,32.65235116928681,1.0,24.7660229,2.0,366.7450450596016,64.2627579550089,2750,0.04177356156766843,2750,0,0,1.0,0.0,0.0,True,2159.0,26.215091918030804,0.7762544517549294,2159,0,0.0,,0.3203772410170408,,
127,145,34.89017141145879,33.47870398194728,1.0,24.7660229,2.0,370.64626588605086,55.76297785491001,2701,0.041029232652462694,2701,0,0,1.0,0.0,0.0,True,2427.0,27.79456950139829,0.8130766914466163,2427,0,0.0,,0.3090169943749474,,
127,155,34.89017141145879,34.16324298914548,1.0,24.7660229,2.0,384.59931283874056,13.748635832575987,2593,0.03938867096180517,2593,0,0,1.0,0.0,0.0,True,3132.0,31.574460621325464,0.9144938275796298,3133,0,0.0,,0.3090169943749474,,
128,130,34.23359854824803,35.28887060216066,1.0,24.7660229,2.0,355.72498887485995,85.60800730374974,2983,0.04531292151140179,2983,0,0,1.0,0.0,0.0,True,2099.0,25.848258183091886,0.7435943659357196,2099,0,0.0,,0.3090169943749474,,
128,147,34.23359854824803,35.01796034755131,1.0,24.7660229,2.0,375.3920389005063,50.014875320452106,2622,0.03982919215651877,2622,0,0,1.0,0.0,0.0,True,3399.0,32.892784970851956,0.9499507446567289,3399,0,0.0,,0.3090169943749474,,
128,151,34.23359854824803,33.556268158497105,1.0,24.7660229,2.0,376.6525785321404,45.40767956550021,2487,0.03777849004319686,2487,0,0,1.0,0.0,0.0,True,2904.0,30.403485153477522,0.8969920323048034,2904,0,0.0,,0.3090169943749474,,
129,131,33.154227364957485,34.023030870836315,8.018397960625059,198.5838275141535,9.018397960625059,355.82229289669834,85.64805928839935,6348,0.09642857048420334,6348,0,0,1.0,0.0,0.0,True,1772.0,23.74963406702674,0.7070736344631676,1772,0,0.0,,0.269128646713734,,
129,132,33.154227364957485,33.67134986880525,1.0,24.7660229,2.0,355.97229867917537,84.9222921324455,2549,0.03872029397672248,2549,0,0,1.0,0.0,0.0,True,2152.0,26.17255958188877,0.7833096447587565,2152,0,0.0,,0.3090169943749474,,
129,139,33.154227364957485,34.58889815932486,1.0,24.7660229,2.0,367.2356209727294,65.44094162417032,2198,0.03338846848208553,2198,0,0,1.0,0.0,0.0,True,2426.0,27.788842794939775,0.8204180890643712,2426,0,0.0,,0.30901699437494745,,
129,151,33.154227364957485,33.556268158497105,8.856089212204838,219.33010823390796,9.856089212204838,376.6084969588786,51.70958334531463,6901,0.10482885395581083,6897,4,0,0.9994203738588611,0.0005796261411389654,0.0,True,1431.0,21.3424798729905,0.639853735323754,1431,0,0.0,,0.26747889038858935,0.4308414942148817,
129,156,33.154227364957485,33.72020069707293,3.1815405503520555,78.79410612729761,4.1815405503520555,382.47102499877667,34.08658354097676,3689,0.056037334044774116,3689,0,0,1.0,0.0,0.0,True,2035.0,25.451141789397465,0.761162152019898,2035,0,0.0,,0.28172904669025317,,
129,157,33.154227364957485,34.37317918545239,1.0,24.7660229,2.0,383.5534135102945,23.752043899539512,2743,0.041667228865496175,2743,0,0,1.0,0.0,0.0,True,1899.0,24.585981246698665,0.728177861483396,1899,0,0.0,,0.30901699437494745,,
130,159,35.28887060216066,33.2819473668115,1.0,24.7660229,2.0,390.13517844580247,19.69511546179262,2635,0.04002666717483865,2635,0,0,1.0,0.0,0.0,True,2023.0,25.375990616127847,0.7401396502987704,2023,0,0.0,,0.3090169943749474,,
131,139,34.023030870836315,34.58889815932486,1.0,24.7660229,2.0,370.0718801851897,70.59028027670745,2922,0.04438630796390078,2922,0,0,1.0,0.0,0.0,True,3361.0,32.708401481327705,0.9534319161016269,3361,0,0.0,,0.3203772410170408,,
131,154,34.023030870836315,33.986143315700375,1.0,24.7660229,2.0,384.5478061728631,40.27762561831678,2602,0.039525384436026635,2602,0,0,1.0,0.0,0.0,True,3219.0,32.00999099696253,0.9413433225689521,3219,0,0.0,,0.3090169943749474,,
131,157,34.023030870836315,34.37317918545239,3.414213562373095,84.55649127122264,4.414213562373095,386.3896727227547,42.16708645215192,3837,0.05828551117641591,3837,0,0,1.0,0.0,0.0,True,2054.0,25.569679431340276,0.7476928739266969,2054,0,0.0,,0.2791745113185196,,
130,138,35.28887060216066,34.82297160428144,1.0,24.7660229,2.0,365.09135489642335,79.03352644806101,2725,0.041393801917053254,2725,0,0,1.0,0.0,0.0,True,2451.0,27.931658222104733,0.7967743349222189,2451,0,0.0,,0.3090169943749474,,
130,146,35.28887060216066,34.78802491640276,3.1815405503520555,78.79410612729761,4.1815405503520555,377.56070943980814,57.549008915402965,4214,0.06401228670769263,4212,2,0,0.9995253915519696,0.00047460844803037496,0.0,True,2773.0,29.70981848459616,0.84792050974136,2773,0,0.0,,0.2801868778094689,0.4484214546421861,
130,147,35.28887060216066,35.01796034755131,8.797958971132712,217.89045335233317,9.797958971132712,378.0428309446046,60.635593100350555,7573,0.11503679336434654,7566,7,0,0.9990756635415291,0.0009243364584708834,0.0,True,1334.0,20.606440453634313,0.5861860128036033,1334,0,0.0,,0.26849617426193845,0.44579905519622387,
130,151,35.28887060216066,33.556268158497105,1.0,24.7660229,2.0,379.30337057623865,52.720923165660494,2683,0.04075580570401977,2683,0,0,1.0,0.0,0.0,True,2519.0,28.316472296120658,0.8226135586584767,2519,0,0.0,,0.3090169943749474,,
132,137,33.67134986880525,33.91254219475714,1.0,24.7660229,2.0,364.5822756730962,80.51607269199425,2688,0.04083175763414281,2688,0,0,1.0,0.0,0.0,True,2035.0,25.451141789397465,0.7531718287387404,2035,0,0.0,,0.30901699437494745,,
132,150,33.67134986880525,34.31468548606831,3.1815405503520555,78.79410612729761,4.1815405503520555,378.5836806553724,57.8871210765511,3638,0.05526262435751917,3638,0,0,1.0,0.0,0.0,True,1554.0,22.24080850890117,0.654275790397501,1554,0,0.0,,0.28172904669025317,,
132,151,33.67134986880525,33.556268158497105,1.0,24.7660229,2.0,379.59476195381586,51.72100343684593,2408,0.03657844954725293,2408,0,0,1.0,0.0,0.0,True,2143.0,26.117773375459546,0.7769953522628942,2143,0,0.0,,0.3090169943749474,,
132,156,33.67134986880525,33.72020069707293,1.0,24.7660229,2.0,385.45728999371397,39.183050902620636,2152,0.032689710724953615,2152,0,0,1.0,0.0,0.0,True,1678.0,23.11112262561905,0.6858759720338209,1678,0,0.0,,0.3090169943749474,,
132,160,33.67134986880525,34.291624580023836,1.8284271247461903,45.2828680424453,2.8284271247461903,391.8775347424669,23.222463592342088,2754,0.04183432311176685,2754,0,0,1.0,0.0,0.0,True,1796.0,23.90992587997897,0.7036162285092837,1796,0,0.0,,0.28989794855663564,,
133,136,33.99764485249881,33.77832860942124,1.0,24.7660229,2.0,365.4613069438898,82.15623821201063,2347,0.03565183599975193,2347,0,0,1.0,0.0,0.0,True,2838.0,30.05600533985842,0.8869221290269006,2838,0,0.0,,0.3090169943749474,,
133,152,33.99764485249881,34.68329053992871,7.4852813742385695,185.38064992733587,8.48528137423857,386.85247438379605,46.75590633768708,7055,0.10716817340360027,7055,0,0,1.0,0.0,0.0,True,2979.0,30.793589445556886,0.8967143289359468,2979,0,0.0,,0.26968623182294527,,
133,153,33.99764485249881,34.29805228918287,1.0,24.7660229,2.0,383.6407387871888,47.76281765862733,2722,0.041348230758979435,2722,0,0,1.0,0.0,0.0,True,3362.0,32.713266992917475,0.9579891080122581,3364,0,0.0,,0.30901699437494745,,
134,140,34.53326908720825,34.60884102476694,7.0990195135927845,175.81447984118574,8.099019513592784,372.41595089128054,73.04286188769919,5867,0.08912199480636751,5867,0,0,1.0,0.0,0.0,True,2910.0,30.434877505829245,0.8803572079747107,2910,0,0.0,,0.269128646713734,,
134,147,34.53326908720825,35.01796034755131,1.0,24.7660229,2.0,379.37759490093947,58.15844066818474,2809,0.04266979434312022,2808,1,0,0.9996440014239943,0.000355998576005696,0.0,True,3183.0,31.830494305351365,0.9153107591062499,3183,0,0.0,,0.3090169943749474,0.4907375632320415,
135,139,33.69106143738101,34.58889815932486,8.018397960625059,198.5838275141535,9.018397960625059,375.08952245833575,80.45514875583858,6660,0.10116797092388062,6660,0,0,1.0,0.0,0.0,True,2386.0,27.558798748031897,0.8072294978148011,2386,0,0.0,,0.26857492567190105,,
135,148,33.69106143738101,34.96941683225269,1.0,24.7660229,2.0,384.14043566766867,63.82901432152659,2591,0.03935829018975596,2591,0,0,1.0,0.0,0.0,True,4328.0,37.116642997494345,1.08116470880774,4328,0,0.0,,0.3090169943749474,,
135,162,33.69106143738101,35.15512865026552,1.0,24.7660229,2.0,400.169499416009,23.571463194136978,2713,0.04121151728475798,2713,0,0,1.0,0.0,0.0,True,3747.0,34.53559241609536,1.0032680783679933,3747,0,0.0,,0.31339216579491175,,
136,137,33.77832860942124,33.91254219475714,3.0,74.2980687,4.0,370.179153576372,89.9572810533682,3366,0.051130839358826154,3366,0,0,1.0,0.0,0.0,True,1852.0,24.279825147895533,0.7173736977955025,1852,0,0.0,,0.28172904669025317,,
136,145,33.77832860942124,33.47870398194728,1.0,24.7660229,2.0,380.0179840298365,73.2120851010454,2403,0.0365024976171299,2403,0,0,1.0,0.0,0.0,True,1898.0,24.57950699214357,0.7309126211821008,1898,0,0.0,,0.3090169943749474,,
136,153,33.77832860942124,34.29805228918287,4.196152422706632,103.92200699264292,5.196152422706632,388.3317513239633,61.536414360965814,3875,0.058862745845350964,3865,10,0,0.9974193548387097,0.0025806451612903226,0.0,True,2281.0,26.945590555510684,0.7916281741135626,2281,0,0.0,,0.27718637277259645,0.43333194362343963,
136,158,33.77832860942124,33.98145782419274,1.0,24.7660229,2.0,392.1303281561334,49.635264854245605,2596,0.03943424211987899,2596,0,0,1.0,0.0,0.0,True,2996.0,30.881327999401787,0.9114942541814834,2996,0,0.0,,0.3090169943749474,,
136,161,33.77832860942124,34.104368402608564,1.0,24.7660229,2.0,398.7950370671977,33.69760661648051,2422,0.036791114951597426,2422,0,0,1.0,0.0,0.0,True,2142.0,26.11167892353304,0.7693176633481628,2142,0,0.0,,0.3090169943749474,,
137,145,33.91254219475714,33.47870398194728,1.0,24.7660229,2.0,380.0448181255442,73.50289346389123,2473,0.03756582463885237,2473,0,0,1.0,0.0,0.0,True,2076.0,25.70625067405882,0.762895839814426,2076,0,0.0,,0.3090169943749474,,
137,146,33.91254219475714,34.78802491640276,5.6332495807108,139.51318811729905,6.6332495807108,383.4758128163689,70.06555812631086,4730,0.07185052589638968,4722,8,0,0.99830866807611,0.0016913319238900633,0.0,True,1454.0,21.513311565429245,0.6262921099507072,1454,0,0.0,,0.2742918851774318,0.37138114026172775,
137,150,33.91254219475714,34.31468548606831,1.0,24.7660229,2.0,384.207392654356,65.66738956170087,2676,0.04064947300184753,2676,0,0,1.0,0.0,0.0,True,2139.0,26.093387027121036,0.7648965937525353,2139,0,0.0,,0.30901699437494745,,
137,160,33.91254219475714,34.291624580023836,2.1462643699419726,53.15443253543696,3.1462643699419726,397.5012467414505,39.52595588477584,3165,0.0480775717678802,3165,0,0,1.0,0.0,0.0,True,1673.0,23.076664394697122,0.6766936826865511,1673,0,0.0,,0.28989794855663564,,
137,161,33.91254219475714,34.104368402608564,1.0,24.7660229,2.0,398.82187116290544,32.08679528876024,2610,0.039646907524223486,2610,0,0,1.0,0.0,0.0,True,1888.0,24.514670406003766,0.7208404554308947,1888,0,0.0,,0.3090169943749474,,
138,143,34.82297160428144,35.23280339589622,1.0,24.7660229,2.0,380.4932805961564,75.68675786691155,2591,0.03935829018975596,2591,0,0,1.0,0.0,0.0,True,2337.0,27.27435066159264,0.7786467471532067,2337,0,0.0,,0.3090169943749474,,
138,144,34.82297160428144,33.82450646586721,8.906071389742918,220.5679679874079,9.906071389742918,381.35584259857285,75.92768659343155,6957,0.1056795155731888,6957,0,0,1.0,0.0,0.0,True,1967.0,25.022300975799894,0.7290086010218878,1967,0,0.0,,0.26857492567190105,,
138,159,34.82297160428144,33.2819473668115,1.0,24.7660229,2.0,396.8507524232676,42.97299429827353,2564,0.03894814976709158,2562,2,0,0.999219968798752,0.00078003120124805,0.0,True,2054.0,25.569679431340276,0.750890826026628,2054,0,0.0,,0.3090169943749474,0.43405783005789966,
138,163,34.82297160428144,34.18436645364363,1.0,24.7660229,2.0,403.7545273130745,23.802139479861346,2738,0.04159127693537314,2738,0,0,1.0,0.0,0.0,True,2069.0,25.662875024327708,0.7437723507835117,2069,0,0.0,,0.3164309725825327,,
138,164,34.82297160428144,34.811089721963064,10.051815009825805,248.94348071990962,11.051815009825805,404.1810136440839,36.24978687963836,8238,0.12513840007071,8166,72,0,0.9912600145666424,0.00873998543335761,0.0,True,1559.0,22.276559711062426,0.6398179076958871,1559,0,0.0,,0.2663346240702891,0.4342989097416571,
139,157,34.58889815932486,34.37317918545239,1.0,24.7660229,2.0,397.8030007987858,62.130956490056306,2608,0.03961652675217427,2608,0,0,1.0,0.0,0.0,True,2484.0,28.11906394744562,0.8154935300705578,2484,0,0.0,,0.3090169943749474,,
139,162,34.58889815932486,35.15512865026552,1.0,24.7660229,2.0,406.565185218894,44.29499881015091,2727,0.041424182689102466,2727,0,0,1.0,0.0,0.0,True,3122.0,31.52401409506401,0.9039917979249572,3122,0,0.0,,0.3090169943749474,,
140,143,34.60884102476694,35.23280339589622,1.0,24.7660229,2.0,386.4831126346787,85.50643068777293,2664,0.04046718836955225,2664,0,0,1.0,0.0,0.0,True,3280.0,32.31186201200472,0.9252892677436735,3280,0,0.0,,0.3090169943749474,,
140,147,34.60884102476694,35.01796034755131,1.0,24.7660229,2.0,390.74823696059195,78.42232978329872,2680,0.04071023454594595,2680,0,0,1.0,0.0,0.0,True,1843.0,24.22075804422162,0.6957308842813262,1843,0,0.0,,0.3090169943749474,,
140,164,34.60884102476694,34.811089721963064,1.0,24.7660229,2.0,410.1708456826062,40.69454459661456,2644,0.04016338064906012,2644,0,0,1.0,0.0,0.0,True,2433.0,27.828904992564166,0.8017554812635717,2433,0,0.0,,0.3090169943749474,,
140,165,34.60884102476694,35.304264274080225,1.0,24.7660229,2.0,412.9944282090371,34.24036267620132,2728,0.04143937307512708,2728,0,0,1.0,0.0,0.0,True,3325.0,32.53275843762874,0.9306626647054451,3325,0,0.0,,0.3164309725825327,,
141,148,32.65235116928681,34.96941683225269,1.0,24.7660229,2.0,390.8341208029983,75.55723698613885,2369,0.035986024492293274,2369,0,0,1.0,0.0,0.0,True,2517.0,28.305228907829047,0.8371632314370911,2517,0,0.0,,0.3090169943749474,,
141,155,32.65235116928681,34.16324298914548,1.0,24.7660229,2.0,399.935474705249,53.09874748129719,4088,0.06209829806859219,4088,0,0,1.0,0.0,0.0,True,3312.0,32.46909827883606,0.9719018048944006,3312,0,0.0,,0.31339216579491175,,
141,166,32.65235116928681,35.41323247622613,1.0,24.7660229,2.0,415.16816284831873,18.014596096568887,2544,0.038644342046599445,2544,0,0,1.0,0.0,0.0,True,2479.0,28.090749506725825,0.8254024428269967,2479,0,0.0,,0.3090169943749474,,
142,144,34.57865188311484,33.82450646586721,1.0,24.7660229,2.0,388.0578832255483,85.19594931605538,2733,0.04151532500525011,2733,0,0,1.0,0.0,0.0,True,2920.0,30.487126261041215,0.891395280478154,2920,0,0.0,,0.3090169943749474,,
142,152,34.57865188311484,34.68329053992871,1.0,24.7660229,2.0,399.0728322441581,66.47547711097212,2691,0.04087732879221663,2691,0,0,1.0,0.0,0.0,True,2673.0,29.169201664928586,0.8422865615511225,2673,0,0.0,,0.3090169943749474,,
142,167,34.57865188311484,37.15018623479423,1.0,24.7660229,2.0,420.56457504143043,9.313766693632711,3153,0.04789528713558493,3153,0,0,1.0,0.0,0.0,True,3375.0,32.77645291776237,0.9138988941625928,3377,0,0.0,,0.3090169943749474,,
144,149,33.82450646586721,35.57845607245129,11.045361017187261,273.549663890427,12.045361017187261,396.6481432678853,81.83733285763337,8781,0.13338677968207144,8678,103,0,0.9882701286869378,0.011729871313062294,0.0,True,1920.0,24.721548929484133,0.7124061574701503,1920,0,0.0,,0.2634987114678513,0.3557355384331067,
144,158,33.82450646586721,33.98145782419274,1.0,24.7660229,2.0,402.50654657742984,70.15120571950953,2388,0.0362746418267608,2388,0,0,1.0,0.0,0.0,True,2068.0,25.65667251667837,0.7567674255593331,2068,0,0.0,,0.3090169943749474,,
144,163,33.82450646586721,34.18436645364363,1.0,24.7660229,2.0,413.3034410377589,48.79634907672267,2506,0.03806710737766439,2506,0,0,1.0,0.0,0.0,True,2433.0,27.828904992564166,0.8183904187178619,2433,0,0.0,,0.30901699437494745,,
144,175,33.82450646586721,34.18954112672283,4.123105625617661,102.1129283431658,5.123105625617661,426.56652648455804,13.648347546770731,4120,0.0625843904213796,4118,2,0,0.9995145631067961,0.0004854368932038835,0.0,True,2194.0,26.42672681750876,0.7770961368394693,2194,0,0.0,,0.28172904669025317,0.3373007403079394,
143,149,35.23280339589622,35.57845607245129,1.0,24.7660229,2.0,395.78558126546886,79.3589987916699,3048,0.04630029660300122,3048,0,0,1.0,0.0,0.0,True,2626.0,28.911619828688853,0.8165825617495841,2628,0,0.0,,0.3090169943749474,,
143,164,35.23280339589622,34.811089721963064,1.414213562373095,35.02444547122265,2.414213562373095,412.8673653663519,48.215163641469275,3238,0.049186469947676496,3238,0,0,1.0,0.0,0.0,True,2480.0,28.096414677602564,0.8022516575521055,2480,0,0.0,,0.2989350844248255,,
143,169,35.23280339589622,34.7018034966518,1.0,24.7660229,2.0,422.0468124401261,16.673538185260636,2867,0.04355083673254741,2867,0,0,1.0,0.0,0.0,True,3409.0,32.94113540849104,0.9420553534848319,3409,0,0.0,,0.3090169943749474,,
144,146,33.82450646586721,34.78802491640276,8.288221436384907,205.2662818937795,9.288221436384907,393.82519714195763,85.79268233042264,6410,0.09737037441772894,6400,10,0,0.9984399375975039,0.0015600624024961,0.0,True,2182.0,26.354357735544063,0.7682082909523505,2182,0,0.0,,0.26697807758999403,0.429189339825769,
145,153,33.47870398194728,34.29805228918287,1.0,24.7660229,2.0,398.19741587313547,75.84285700244858,2202,0.033449230026183954,2202,0,0,1.0,0.0,0.0,True,2194.0,26.42672681750876,0.7798168065698758,2194,0,0.0,,0.30901699437494745,,
145,155,33.47870398194728,34.16324298914548,1.0,24.7660229,2.0,403.8366955316983,65.95380370372288,2535,0.03850762857237798,2535,0,0,1.0,0.0,0.0,True,3015.0,30.979094674378864,0.915972885511944,3015,0,0.0,,0.3090169943749474,,
145,161,33.47870398194728,34.104368402608564,7.0670198723450905,175.0219759932536,8.06701987234509,408.6607016163699,59.60434120101432,6220,0.09448420107305368,6218,2,0,0.9996784565916399,0.0003215434083601286,0.0,True,1586.0,22.468633235857762,0.6649189639680342,1586,0,0.0,,0.2710027819719485,0.34415574374978775,
145,168,33.47870398194728,35.19057133228746,1.0,24.7660229,2.0,417.9863669751034,38.77013653079438,2264,0.03439103395970957,2264,0,0,1.0,0.0,0.0,True,1863.0,24.351823709127043,0.7092494743155984,1863,0,0.0,,0.3090169943749474,,
146,161,34.78802491640276,34.104368402608564,1.0,24.7660229,2.0,412.0916963071946,63.3084117369609,2496,0.037915203517418325,2496,0,0,1.0,0.0,0.0,True,1937.0,24.830752093684207,0.7208561322206815,1938,0,0.0,,0.3090169943749474,,
146,181,34.78802491640276,34.08129594487689,4.977725364273731,123.27846036151405,5.977725364273731,433.1237507135337,13.707050884912505,4710,0.07154671817589756,4698,12,0,0.9974522292993631,0.0025477707006369425,0.0,True,2388.0,27.570346537664197,0.8006568437983553,2388,0,0.0,,0.28172904669025317,0.3268552871751871,
147,159,35.01796034755131,33.2819473668115,1.0,24.7660229,2.0,409.8022284714488,69.74391313902144,2458,0.03733796884848327,2458,0,0,1.0,0.0,0.0,True,1761.0,23.675804306710585,0.6932894962530614,1761,0,0.0,,0.3090169943749474,,
147,164,35.01796034755131,34.811089721963064,1.0,24.7660229,2.0,417.13248969226515,55.9442824790909,2767,0.042031798130086735,2767,0,0,1.0,0.0,0.0,True,2058.0,25.594564770010084,0.7330635242647825,2058,0,0.0,,0.30901699437494745,,
145,170,33.47870398194728,39.17485837582005,1.0,24.7660229,2.0,423.94395666346793,25.35216239383059,3030,0.0460268696545583,3030,0,0,1.0,0.0,0.0,True,2512.0,28.277100878514442,0.7784092055739745,2512,0,0.0,,0.3090169943749474,,
146,158,34.78802491640276,33.98145782419274,1.0,24.7660229,2.0,405.42698739613024,75.28267872343254,2535,0.03850762857237798,2535,0,0,1.0,0.0,0.0,True,2160.0,26.221162334209897,0.7625813453656011,2160,0,0.0,,0.3090169943749474,,
146,159,34.78802491640276,33.2819473668115,1.0,24.7660229,2.0,409.32010696665236,69.05013921331106,2356,0.035788549473973384,2356,0,0,1.0,0.0,0.0,True,2364.0,27.431452220735256,0.8059780634727751,2364,0,0.0,,0.3090169943749474,,
146,160,34.78802491640276,34.291624580023836,1.0,24.7660229,2.0,410.7710718857396,66.59892376503763,2794,0.04244193855275112,2794,0,0,1.0,0.0,0.0,True,2715.0,29.397471676812476,0.8511181481409563,2715,0,0.0,,0.30901699437494745,,
147,165,35.01796034755131,35.304264274080225,1.8284271247461903,45.2828680424453,2.8284271247461903,419.956072218696,52.01570667102711,3316,0.050371320057595814,3314,2,0,0.9993968636911942,0.0006031363088057901,0.0,True,2706.0,29.34870613865861,0.8346921985636607,2706,0,0.0,,0.28989794855663564,0.4645569143720533,
147,173,35.01796034755131,34.3949201392449,1.0,24.7660229,2.0,425.60122363462085,35.860431917026595,2569,0.03902410169721461,2569,0,0,1.0,0.0,0.0,True,3630.0,33.992129778040685,0.9794185038757094,3630,0,0.0,,0.3090169943749474,,
148,150,34.96941683225269,34.31468548606831,1.0,24.7660229,2.0,398.89791615825936,88.87992048241178,2574,0.03910005362733764,2574,0,0,1.0,0.0,0.0,True,2873.0,30.240772195928308,0.8729498163081966,2873,0,0.0,,0.3090169943749474,,
148,166,34.96941683225269,35.41323247622613,1.0,24.7660229,2.0,423.92107672520706,44.67449801714871,2873,0.043641979048695045,2873,0,0,1.0,0.0,0.0,True,2836.0,30.045412914740087,0.8537732867387415,2836,0,0.0,,0.3090169943749474,,
150,174,34.31468548606831,33.89225617346312,1.0,24.7660229,2.0,430.29055128710365,18.597904943180982,2748,0.04174318079561921,2748,0,0,1.0,0.0,0.0,True,2128.0,26.026206750102993,0.7631541927218495,2131,0,0.0,,0.3090169943749474,,
151,156,33.556268158497105,33.72020069707293,1.0,24.7660229,2.0,406.09348827341717,80.42468907643912,2220,0.033722656974626876,2220,0,0,1.0,0.0,0.0,True,1459.0,21.550269695346056,0.6406480620024942,1459,0,0.0,,0.3090169943749474,,
151,157,33.556268158497105,34.37317918545239,1.0,24.7660229,2.0,407.175876784935,78.41287798090676,2225,0.03379860890474991,2225,0,0,1.0,0.0,0.0,True,2490.0,28.15300368695388,0.8288895254632592,2490,0,0.0,,0.30901699437494745,,
151,160,33.556268158497105,34.291624580023836,1.0,24.7660229,2.0,412.5137330221702,69.0145844296405,2444,0.03712530344413877,2444,0,0,1.0,0.0,0.0,True,2373.0,27.483619847358813,0.8101539705375365,2373,0,0.0,,0.3090169943749474,,
148,177,34.96941683225269,34.917736114303665,1.0,24.7660229,2.0,431.6488733913309,20.35830922155467,2891,0.04391540599713797,2891,0,0,1.0,0.0,0.0,True,3995.0,35.66017379800951,1.02050726906215,3998,0,0.0,,0.3090169943749474,,
149,163,35.57845607245129,34.18436645364363,1.0,24.7660229,2.0,419.04682798238696,61.60981486701563,2998,0.045540777301770884,2998,0,0,1.0,0.0,0.0,True,2353.0,27.36755674499387,0.784588574659719,2353,0,0.0,,0.3090169943749474,,
149,169,35.57845607245129,34.7018034966518,2.1462643699419726,53.15443253543696,3.1462643699419726,428.6527613871705,44.49700387451335,3531,0.053637253052886254,3531,0,0,1.0,0.0,0.0,True,3311.0,32.46419617293074,0.9238496377780252,3311,0,0.0,,0.28989794855663564,,
149,171,35.57845607245129,33.79951783094817,1.0,24.7660229,2.0,426.64309447852463,46.1271933341241,2749,0.04175837118164382,2749,0,0,1.0,0.0,0.0,True,4422.0,37.51754678420115,1.0815405718373918,4422,0,0.0,,0.3090169943749474,,
150,156,34.31468548606831,33.72020069707293,2.863703305156273,70.92254163430594,3.863703305156273,405.08240697497376,78.76010818595965,3809,0.057860180367726916,3809,0,0,1.0,0.0,0.0,True,2244.0,26.726155439876237,0.7856603263194364,2244,0,0.0,,0.28330039409901914,,
150,160,34.31468548606831,34.291624580023836,3.6855577202829677,91.27660689979977,4.685557720282968,411.5026517237267,68.37470213489611,4362,0.06626046383933443,4362,0,0,1.0,0.0,0.0,True,1567.0,22.33364259698807,0.6510667189496964,1567,0,0.0,,0.2801868778094689,,
150,166,34.31468548606831,35.41323247622613,9.816653826391967,243.11947346579606,10.816653826391967,423.23195820357984,51.74556727330372,8343,0.1267333906032937,8314,29,0,0.9965240321227377,0.0034759678772623755,0.0,True,1427.0,21.312630236183175,0.611308378595444,1427,0,0.0,,0.2663346240702891,0.39879456798407137,
150,168,34.31468548606831,35.19057133228746,1.0,24.7660229,2.0,422.1489415039152,46.59841429133614,2712,0.04119632689873337,2712,0,0,1.0,0.0,0.0,True,2463.0,27.99995088693329,0.8056930416100191,2463,0,0.0,,0.3090169943749474,,
151,173,33.556268158497105,34.3949201392449,2.6502815398728847,65.63693330793913,3.6502815398728847,426.86176326625497,42.16316812171176,3378,0.05131312399112143,3376,2,0,0.9994079336885732,0.0005920663114268798,0.0,True,2711.0,29.375808098574183,0.8646149930405361,2711,0,0.0,,0.28172904669025317,0.3779080292157937,
151,176,33.556268158497105,34.40077136558682,1.0,24.7660229,2.0,432.31321419992526,20.403762243765378,2615,0.03972285945434652,2600,15,0,0.994263862332696,0.0057361376673040155,0.0,True,1926.0,24.76014621907514,0.728699966698819,1926,0,0.0,,0.31339216579491175,0.4211646096066227,
152,158,34.68329053992871,33.98145782419274,1.0,24.7660229,2.0,413.5214955960396,89.04420473480162,2710,0.04116594612668416,2678,32,0,0.9881918819188192,0.011808118081180811,0.0,True,3399.0,32.892784970851956,0.9580690457474689,3399,0,0.0,,0.3090169943749474,0.41054588061380315,
152,167,34.68329053992871,37.15018623479423,1.0,24.7660229,2.0,434.4263971577491,50.670561953616605,3297,0.050082702723128286,3297,0,0,1.0,0.0,0.0,True,3344.0,32.625576767294035,0.9083669128145124,3344,0,0.0,,0.3090169943749474,,
154,179,33.986143315700375,34.624911537835104,1.0,24.7660229,2.0,438.6850965253875,33.15761152344104,2625,0.03987476331459259,2625,0,0,1.0,0.0,0.0,True,4741.0,38.84722860639291,1.1323897785661619,4742,0,0.0,,0.3090169943749474,,
155,166,34.16324298914548,35.41323247622613,1.0,24.7660229,2.0,433.02243062745777,64.46718023978985,2647,0.040208951807133936,2647,0,0,1.0,0.0,0.0,True,2373.0,27.483619847358813,0.7900262168651381,2373,0,0.0,,0.3090169943749474,,
155,168,34.16324298914548,35.19057133228746,1.0,24.7660229,2.0,431.9394139277931,65.59068858213888,2754,0.04183432311176685,2754,0,0,1.0,0.0,0.0,True,2214.0,26.546903548453866,0.7655499213184551,2218,0,0.0,,0.3090169943749474,,
155,170,34.16324298914548,39.17485837582005,2.863703305156273,70.92254163430594,3.863703305156273,437.8970036161576,56.92577242232958,4506,0.06844787942687779,4506,0,0,1.0,0.0,0.0,True,4120.0,36.21376438700094,0.9875839083093767,4120,0,0.0,,0.2843646522044218,,
152,172,34.68329053992871,35.73692593748253,1.0,24.7660229,2.0,432.8567318742686,56.412538394997135,2862,0.043474884802424375,2862,0,0,1.0,0.0,0.0,True,3876.0,35.1250497344612,0.997584258938718,3876,0,0.0,,0.3090169943749474,,
153,170,34.29805228918287,39.17485837582005,1.0,24.7660229,2.0,432.25772395759475,44.70392639526033,3267,0.04962699114239009,3265,2,0,0.9993878175696358,0.0006121824303642485,0.0,True,4670.0,38.55524826114212,1.0495092112774291,4670,0,0.0,,0.3090169943749474,0.44411967706803823,
153,172,34.29805228918287,35.73692593748253,1.0,24.7660229,2.0,429.64499627766133,45.216337813448796,3152,0.04788009674956032,3152,0,0,1.0,0.0,0.0,True,4895.0,39.47311607752364,1.1272400471024773,4895,0,0.0,,0.3090169943749474,,
154,157,33.986143315700375,34.37317918545239,1.0,24.7660229,2.0,412.27892678645924,86.9040394505888,2389,0.03628983221278541,2389,0,0,1.0,0.0,0.0,True,3232.0,32.07456238432586,0.9384107744422122,3232,0,0.0,,0.3090169943749474,,
159,163,33.2819473668115,34.18436645364363,1.0,24.7660229,2.0,428.7983508624536,78.15372346457046,2514,0.03818863046586124,2514,0,0,1.0,0.0,0.0,True,1945.0,24.88197597915955,0.7376118412331452,1945,0,0.0,,0.31120458008492957,,
159,164,33.2819473668115,34.811089721963064,1.0,24.7660229,2.0,429.2248371934631,77.90098615995532,2345,0.03562145522770271,2345,0,0,1.0,0.0,0.0,True,1889.0,24.52116177918943,0.720225233814159,1889,0,0.0,,0.30901699437494745,,
159,173,33.2819473668115,34.3949201392449,1.0,24.7660229,2.0,437.6935711358188,62.610740369447605,2467,0.037474682322704726,2467,0,0,1.0,0.0,0.0,True,2809.0,29.902047928031084,0.8836711576627022,2809,0,0.0,,0.32037724101704074,,
159,181,33.2819473668115,34.08129594487689,1.0,24.7660229,2.0,445.6982197195281,45.34166108652802,2560,0.038887388222993154,2560,0,0,1.0,0.0,0.0,True,2736.0,29.51094455619561,0.8761735066599764,2736,0,0.0,,0.3090169943749474,,
156,157,33.72020069707293,34.37317918545239,1.0,24.7660229,2.0,413.03840482483304,88.14403760712142,2623,0.039844382542543376,2623,0,0,1.0,0.0,0.0,True,2296.0,27.034043328329254,0.7940285347846847,2296,0,0.0,,0.31339216579491175,,
156,160,33.72020069707293,34.291624580023836,2.863703305156273,70.92254163430594,3.863703305156273,418.37626106206824,79.7398067456084,2993,0.04546482537164785,2993,0,0,1.0,0.0,0.0,True,1360.0,20.806283791440396,0.6118431230648648,1360,0,0.0,,0.28436465220442186,,
156,162,33.72020069707293,35.15512865026552,1.0,24.7660229,2.0,421.80058924494125,73.7617705042273,2464,0.03742911116463091,2464,0,0,1.0,0.0,0.0,True,3022.0,31.015036289635635,0.9006138071072367,3022,0,0.0,,0.3090169943749474,,
156,174,33.72020069707293,33.89225617346312,1.0,24.7660229,2.0,437.1641606254452,43.39754075760218,2401,0.036472116845080685,2401,0,0,1.0,0.0,0.0,True,2076.0,25.70625067405882,0.7603998394343516,2076,0,0.0,,0.3090169943749474,,
156,176,33.72020069707293,34.40077136558682,1.414213562373095,35.02444547122265,2.414213562373095,438.17574223982336,41.05235222862126,2618,0.03976843061242034,2618,0,0,1.0,0.0,0.0,True,1816.0,24.04268606686374,0.705882060659632,1816,0,0.0,,0.2989350844248255,,
156,183,33.72020069707293,34.334273040103426,9.770329614269007,241.9722069675344,10.770329614269007,449.5643919009068,18.6586368078412,6606,0.10034769007855186,6606,0,0,1.0,0.0,0.0,True,1210.0,19.625365277680483,0.5767545967212342,1210,0,0.0,,0.26666666666666666,,
157,176,34.37317918545239,34.40077136558682,8.45791845713346,209.46900219569991,9.45791845713346,439.2581307513411,49.93302038025154,6452,0.09800837063076243,6452,0,0,1.0,0.0,0.0,True,1636.0,22.820056393372074,0.6636249978525409,1636,0,0.0,,0.26889823853821654,,
157,178,34.37317918545239,34.15444520075979,1.0,24.7660229,2.0,439.79289711757326,42.89612954620863,2612,0.0396772882962727,2612,0,0,1.0,0.0,0.0,True,3504.0,33.396973533360814,0.9747010445055007,3504,0,0.0,,0.3090169943749474,,
157,179,34.37317918545239,34.624911537835104,1.0,24.7660229,2.0,440.5269630752791,39.96401670544792,2677,0.040664663387872134,2677,0,0,1.0,0.0,0.0,True,2767.0,29.677659191225793,0.8602458091266952,2767,0,0.0,,0.3090169943749474,,
158,161,33.98145782419274,34.104368402608564,1.0,24.7660229,2.0,420.7730457426668,78.68268367110284,2677,0.040664663387872134,2677,0,0,1.0,0.0,0.0,True,2255.0,26.791580642889436,0.7869943607247641,2255,0,0.0,,0.3090169943749474,,
158,175,33.98145782419274,34.18954112672283,1.0,24.7660229,2.0,438.16831673873065,44.39299328660319,2680,0.04071023454594595,2680,0,0,1.0,0.0,0.0,True,2775.0,29.72053051612671,0.871940589796141,2775,0,0.0,,0.3090169943749474,,
158,182,33.98145782419274,34.4213357451177,3.16227766016838,78.31704094788851,4.16227766016838,444.50458783125373,31.85109166525958,3819,0.058012084227972986,3811,8,0,0.9979052107881644,0.002094789211835559,0.0,True,2931.0,30.544496663141963,0.893077462755733,2931,0,0.0,,0.28172904669025317,0.38683295978382537,
160,184,34.291624580023836,33.24087546237966,1.0,24.7660229,2.0,455.8217090616116,24.183101921552993,2540,0.03858358050250102,2540,0,0,1.0,0.0,0.0,True,2396.0,27.616489409343153,0.8178725618628905,2396,0,0.0,,0.30901699437494745,,
161,168,34.104368402608564,35.19057133228746,1.0,24.7660229,2.0,436.7634200124646,74.38037299034411,2777,0.042183701990332806,2777,0,0,1.0,0.0,0.0,True,2329.0,27.22762797090574,0.785847511378793,2329,0,0.0,,0.3090169943749474,,
161,182,34.104368402608564,34.4213357451177,1.0,24.7660229,2.0,451.1692967423181,45.61052447262505,2676,0.04064947300184753,2676,0,0,1.0,0.0,0.0,True,3061.0,31.214524849957005,0.9110311302359008,3061,0,0.0,,0.3090169943749474,,
161,184,34.104368402608564,33.24087546237966,4.39834563766817,108.929528784605,5.39834563766817,457.14233348306664,34.95714772190788,4252,0.06458952137662768,4252,0,0,1.0,0.0,0.0,True,2068.0,25.65667251667837,0.7619446020008218,2068,0,0.0,,0.2801868778094689,,
159,185,33.2819473668115,35.13283586780033,9.3166247903554,230.7357429086495,10.3166247903554,455.9340452683043,30.13457512659773,6976,0.10596813290765633,6975,1,0,0.9998566513761468,0.00014334862385321102,0.0,True,1544.0,22.16913314200113,0.6480801982804648,1544,0,0.0,,0.26747889038858935,0.30294814289336836,
160,161,34.291624580023836,34.104368402608564,1.0,24.7660229,2.0,426.11713023227617,87.81778203983592,2458,0.03733796884848327,2458,0,0,1.0,0.0,0.0,True,1800.0,23.936536824085962,0.6999397415039824,1800,0,0.0,,0.3090169943749474,,
160,174,34.291624580023836,33.89225617346312,1.414213562373095,35.02444547122265,2.414213562373095,443.5844053741981,57.38769813431453,2890,0.04390021561111336,2890,0,0,1.0,0.0,0.0,True,1916.0,24.695783889727878,0.7243877472745616,1916,0,0.0,,0.3090169943749474,,
160,176,34.291624580023836,34.40077136558682,1.0,24.7660229,2.0,444.5959869885763,55.08436463501064,2459,0.037353159234507875,2459,0,0,1.0,0.0,0.0,True,2349.0,27.34428500885924,0.7961371744991959,2349,0,0.0,,0.3090169943749474,,
163,169,34.18436645364363,34.7018034966518,2.0,49.5320458,3.0,445.3080591570441,74.62698902744717,3077,0.046740817797714815,3077,0,0,1.0,0.0,0.0,True,2350.0,27.350104799285653,0.7940666412146306,2350,0,0.0,,0.28989794855663564,,
163,175,34.18436645364363,34.18954112672283,1.0,24.7660229,2.0,448.9652111990597,67.4346266820771,2373,0.0360467860363917,2373,0,0,1.0,0.0,0.0,True,2639.0,28.98309489407616,0.8477823169608826,2639,0,0.0,,0.31339216579491175,,
163,185,34.18436645364363,35.13283586780033,1.0,24.7660229,2.0,462.83782015811124,34.7313831666676,2844,0.043201457853981454,2840,4,0,0.9985935302390999,0.0014064697609001407,0.0,True,2684.0,29.229158977248975,0.8433450283150463,2684,0,0.0,,0.3090169943749474,0.38474804348070546,
164,165,34.811089721963064,35.304264274080225,1.7320508075688772,42.89600996421431,2.732050807568877,439.3786809407103,85.47447424329904,3378,0.05131312399112143,3378,0,0,1.0,0.0,0.0,True,2361.0,27.414040951306866,0.7819696939090938,2361,0,0.0,,0.29339977411634566,,
162,177,35.15512865026552,34.917736114303665,1.0,24.7660229,2.0,447.6779371396712,62.983664123340645,2788,0.042350796236603476,2788,0,0,1.0,0.0,0.0,True,4220.0,36.6506169074355,1.0460716007708333,4220,0,0.0,,0.30901699437494745,,
162,178,35.15512865026552,34.15444520075979,1.414213562373095,35.02444547122265,2.414213562373095,448.5550815376814,62.00579212951084,3061,0.046497771621321106,3061,0,0,1.0,0.0,0.0,True,3679.0,34.22078420010514,0.9874763989650157,3679,0,0.0,,0.2989350844248255,,
162,183,35.15512865026552,34.334273040103426,1.0,24.7660229,2.0,459.4089648325328,37.71584099714767,2799,0.04251789048287415,2799,0,0,1.0,0.0,0.0,True,2874.0,30.246034663939245,0.8705222358571918,2874,0,0.0,,0.3090169943749474,,
163,164,34.18436645364363,34.811089721963064,1.414213562373095,35.02444547122265,2.414213562373095,436.12861208327,89.32601791833451,2657,0.04036085566738,2657,0,0,1.0,0.0,0.0,True,1647.0,22.896645661421744,0.6637145960205084,1647,0,0.0,,0.30216947925196225,,
164,169,34.811089721963064,34.7018034966518,1.0,24.7660229,2.0,445.7345454880535,74.79826440676146,2891,0.04391540599713797,2891,0,0,1.0,0.0,0.0,True,2108.0,25.903614421069328,0.7452894915365887,2108,0,0.0,,0.3090169943749474,,
164,185,34.811089721963064,35.13283586780033,1.0,24.7660229,2.0,463.2643064891207,38.456689108496874,3063,0.04652815239337032,3063,0,0,1.0,0.0,0.0,True,1760.0,23.66908109081279,0.6768016204762994,1760,0,0.0,,0.3090169943749474,,
164,186,34.811089721963064,35.3997116128673,1.0,24.7660229,2.0,464.6363815054101,36.275534162361446,2774,0.04213813083225899,2768,6,0,0.9978370583994232,0.0021629416005767843,0.0,True,2613.0,28.839967624778033,0.8215250951842085,2613,0,0.0,,0.3090169943749474,0.32823124830608263,
164,187,34.811089721963064,34.622057123265265,1.7320508075688772,42.89600996421431,2.732050807568877,465.04087619360416,37.19412163357556,3017,0.04582939463623841,3016,1,0,0.9996685449121644,0.00033145508783559825,0.0,True,1911.0,24.663539739810748,0.7104255203869018,1911,0,0.0,,0.28989794855663564,0.43050087404306037,
165,180,35.304264274080225,34.56400380358942,1.0,24.7660229,2.0,454.9221370178461,69.31535352524745,2787,0.04233560585057887,2787,0,0,1.0,0.0,0.0,True,5429.0,41.570474763848914,1.1899672314085914,5429,0,0.0,,0.3090169943749474,,
165,187,35.304264274080225,34.622057123265265,1.0,24.7660229,2.0,467.8644587200351,42.30148674026813,2769,0.04206217890213595,2769,0,0,1.0,0.0,0.0,True,2956.0,30.67448489476694,0.8773372967945484,2956,0,0.0,,0.3090169943749474,,
166,168,35.41323247622613,35.19057133228746,1.0,24.7660229,2.0,447.1721020708628,88.31368136050496,2703,0.04105961342451191,2703,0,0,1.0,0.0,0.0,True,2118.0,25.964982937357547,0.7355122964133165,2118,0,0.0,,0.3090169943749474,,
166,177,35.41323247622613,34.917736114303665,1.0,24.7660229,2.0,455.9829154366513,77.36129929688595,2952,0.04484201954463898,2952,0,0,1.0,0.0,0.0,True,2696.0,29.294426998176625,0.8330448900463794,2696,0,0.0,,0.3090169943749474,,
166,189,35.41323247622613,36.4433567433627,1.0,24.7660229,2.0,474.1188660706077,43.763108090607616,2594,0.03940386134782978,2594,0,0,1.0,0.0,0.0,True,2996.0,30.881327999401787,0.85952668599481,2996,0,0.0,,0.3090169943749474,,
166,194,35.41323247622613,34.668664559868425,1.0,24.7660229,2.0,481.1616084966524,17.385221277629558,2788,0.042350796236603476,2788,0,0,1.0,0.0,0.0,True,2971.0,30.752214096745004,0.8776079243661619,2971,0,0.0,,0.3090169943749474,,
167,171,37.15018623479423,33.79951783094817,4.0,99.0640916,5.0,453.4063993497787,86.1297702638452,4861,0.07384046646561317,4861,0,0,1.0,0.0,0.0,True,3960.0,35.50362163621919,1.0008109858589778,3960,0,0.0,,0.28172904669025317,,
167,175,37.15018623479423,34.18954112672283,1.0,24.7660229,2.0,459.07321830044015,84.95664812808975,2868,0.043566027118572014,2868,0,0,1.0,0.0,0.0,True,3725.0,34.43405764696662,0.9653543381928161,3725,0,0.0,,0.3090169943749474,,
167,188,37.15018623479423,33.44067628345505,1.0,24.7660229,2.0,475.35907253107166,56.919657991706806,2964,0.04502430417693426,2964,0,0,1.0,0.0,0.0,True,3484.0,33.30152614317138,0.9435081242862617,3484,0,0.0,,0.3090169943749474,,
167,200,37.15018623479423,35.61682581345766,1.0,24.7660229,2.0,490.8241668294271,6.4010820600055744,3636,0.05523224358546996,3636,0,0,1.0,0.0,0.0,True,4304.0,37.013588722725,1.01731781148802,4304,0,0.0,,0.3090169943749474,,
168,170,35.19057133228746,39.17485837582005,1.0,24.7660229,2.0,452.0466750595627,80.77462534188047,3104,0.047150958220379194,3104,0,0,1.0,0.0,0.0,True,2190.0,26.40262583044538,0.7100779470804806,2190,0,0.0,,0.30484544052339907,,
168,174,35.19057133228746,33.89225617346312,1.0,24.7660229,2.0,454.23069515438664,76.76382467756295,2487,0.03777849004319686,2487,0,0,1.0,0.0,0.0,True,1953.0,24.93309462776218,0.7218319089700463,1953,0,0.0,,0.30901699437494745,,
168,184,35.19057133228746,33.24087546237966,11.044359375107746,273.5248571997481,12.044359375107746,466.4679988418001,59.373177689076115,8195,0.12448521347165191,8195,0,0,1.0,0.0,0.0,True,1509.0,21.91642348220485,0.6405366102507364,1509,0,0.0,,0.2640379757271236,,
168,189,35.19057133228746,36.4433567433627,6.8173377998059435,168.8383440670296,7.8173377998059435,473.035849370943,45.323592982312285,7461,0.11333547012959058,7459,2,0,0.9997319394183085,0.0002680605816914623,0.0,True,2127.0,26.02009085135797,0.7264739363135032,2127,0,0.0,,0.2705042601214877,0.48378683945649914,
168,190,35.19057133228746,32.7952541213439,1.0,24.7660229,2.0,472.9847280011363,36.863969758381224,2495,0.03790001313139372,2495,0,0,1.0,0.0,0.0,True,2052.0,25.557227675339483,0.7518398873532948,2052,0,0.0,,0.3090169943749474,,
168,198,35.19057133228746,35.136897064928036,7.547442467302883,186.92013298165568,8.547442467302883,483.1958139419966,22.717603716867586,6347,0.09641338009817872,6235,112,0,0.9823538679691193,0.01764613203088073,0.0,True,1384.0,20.98906578384008,0.5968952462583199,1384,0,0.0,,0.26820790199340255,0.3284680031770003,
169,186,34.7018034966518,35.3997116128673,1.0,24.7660229,2.0,473.8158285791842,57.27766865319717,2838,0.043110315537833815,2838,0,0,1.0,0.0,0.0,True,3822.0,34.87951239616815,0.9951143664063791,3822,0,0.0,,0.3090169943749474,,
169,193,34.7018034966518,34.3433837654584,1.0,24.7660229,2.0,482.2777300366233,36.04246933636254,2811,0.04270017511516943,2811,0,0,1.0,0.0,0.0,True,4654.0,38.489144057764676,1.1148972313349432,4656,0,0.0,,0.3090169943749474,,
170,189,39.17485837582005,36.4433567433627,8.061187436893428,199.64355266329494,9.061187436893428,478.99343905930755,59.63854077831254,7394,0.11231771426594193,7394,0,0,1.0,0.0,0.0,True,2578.0,28.646167048696277,0.7576525577480695,2578,0,0.0,,0.26820790199340255,,
170,190,39.17485837582005,32.7952541213439,1.0,24.7660229,2.0,478.9423176895009,53.14351454473784,3197,0.04856366412066762,3197,0,0,1.0,0.0,0.0,True,2662.0,29.10912085620675,0.8089224775730015,2662,0,0.0,,0.3090169943749474,,
170,191,39.17485837582005,34.17162736014268,1.0,24.7660229,2.0,482.0519133984817,45.65430054716559,3433,0.0521485952224748,3433,0,0,1.0,0.0,0.0,True,4014.0,35.74487212372896,0.9746853380925594,4014,0,0.0,,0.3090169943749474,,
170,203,39.17485837582005,35.07180491031972,1.0,24.7660229,2.0,495.5313019459661,10.955000842466031,3132,0.047576289029068186,3132,0,0,1.0,0.0,0.0,True,2489.0,28.147349905656394,0.7582118484484376,2489,0,0.0,,0.3090169943749474,,
171,175,33.79951783094817,34.18954112672283,7.152147760599405,177.13025522318858,8.152147760599405,456.5614776951974,81.38176167520541,5610,0.08521806559804358,5597,13,0,0.9976827094474153,0.0023172905525846704,0.0,True,1811.0,24.00956484151358,0.7062773101907937,1811,0,0.0,,0.2680748568360903,0.3780780313179009,
171,195,33.79951783094817,34.10334210234064,1.0,24.7660229,2.0,481.1230104161943,26.904127365152277,2844,0.043201457853981454,2844,0,0,1.0,0.0,0.0,True,4086.0,36.06402910029561,1.062224157737295,4086,0,0.0,,0.30901699437494745,,
172,182,35.73692593748253,34.4213357451177,1.0,24.7660229,2.0,463.8398241094827,71.24696137628932,3000,0.045571158073820096,2995,5,0,0.9983333333333333,0.0016666666666666668,0.0,True,3282.0,32.321711688201184,0.9213943137424458,3282,0,0.0,,0.3090169943749474,0.4641016151377546,
172,188,35.73692593748253,33.44067628345505,1.0,24.7660229,2.0,473.78940724759116,52.21136645060169,2661,0.040421617211478425,2661,0,0,1.0,0.0,0.0,True,3116.0,31.493707392885515,0.9105174617732991,3116,0,0.0,,0.3090169943749474,,
172,191,35.73692593748253,34.17162736014268,1.0,24.7660229,2.0,479.4391857185483,42.50654873285029,2754,0.04183432311176685,2746,8,0,0.9970951343500363,0.002904865649963689,0.0,True,3406.0,32.926637732115786,0.9419916785271052,3406,0,0.0,,0.3090169943749474,0.32196584810458706,
173,176,34.3949201392449,34.40077136558682,1.0,24.7660229,2.0,458.94401723266117,81.26009795122064,2305,0.035013839786718445,2305,0,0,1.0,0.0,0.0,True,2343.0,27.309340221408164,0.7939258876259758,2343,0,0.0,,0.30383243470068705,,
173,179,34.3949201392449,34.624911537835104,1.0,24.7660229,2.0,460.21284955659905,78.53052102328144,2799,0.04251789048287415,2799,0,0,1.0,0.0,0.0,True,3482.0,33.29196635364092,0.9647072600641089,3482,0,0.0,,0.32037724101704074,,
173,187,34.3949201392449,34.622057123265265,1.0,24.7660229,2.0,473.50961013595986,55.09239676001855,2509,0.03811267853573821,2509,0,0,1.0,0.0,0.0,True,3203.0,31.93033926294366,0.9252894151389657,3203,0,0.0,,0.3090169943749474,,
173,192,34.3949201392449,34.27103970062972,1.0,24.7660229,2.0,480.3358712400028,38.677201749950555,2453,0.03726201691836024,2452,1,0,0.9995923359152059,0.00040766408479412964,0.0,True,2651.0,29.048915784814227,0.8460936351157038,2651,0,0.0,,0.3090169943749474,0.31339216579491175,
174,176,33.89225617346312,34.40077136558682,7.0670198723450905,175.0219759932536,8.06701987234509,463.3838865519533,88.46786962867,6465,0.09820584564908232,6465,0,0,1.0,0.0,0.0,True,1441.0,21.41692195416611,0.6272066922767457,1441,0,0.0,,0.2711923793731366,,
174,177,33.89225617346312,34.917736114303665,1.0,24.7660229,2.0,463.04150852017517,88.90026709178193,2607,0.03960133636614967,2607,0,0,1.0,0.0,0.0,True,2902.0,30.393013830572322,0.8833895432938645,2902,0,0.0,,0.3090169943749474,,
174,183,33.89225617346312,34.334273040103426,1.0,24.7660229,2.0,474.7725362130367,68.61579445261633,2880,0.0437483117508673,2880,0,0,1.0,0.0,0.0,True,2300.0,27.05758189903005,0.7931689391477873,2301,0,0.0,,0.31451985913875646,,
174,184,33.89225617346312,33.24087546237966,10.70736817189021,265.17892534376404,11.70736817189021,474.6096086249886,71.70799085141128,8191,0.12442445192755347,8151,40,0,0.9951165913807838,0.004883408619216213,0.0,True,1287.0,20.24017844581758,0.6029862737704085,1287,0,0.0,,0.26709563206092257,0.36669659624954465,
174,198,33.89225617346312,35.136897064928036,1.0,24.7660229,2.0,491.3374237251851,33.513734770827924,2514,0.03818863046586124,2514,0,0,1.0,0.0,0.0,True,2690.0,29.26181118513338,0.8478102312533995,2690,0,0.0,,0.3090169943749474,,
174,201,33.89225617346312,35.41082106007852,9.633758019665983,238.58987172810637,10.633758019665983,493.83028692546065,37.91688187302837,7839,0.11907743604689192,7811,28,0,0.9964281158311009,0.0035718841688990944,0.0,True,1803.0,23.9564756337274,0.6913538789337575,1803,0,0.0,,0.26697807758999403,0.43440930153565277,
175,181,34.18954112672283,34.08129594487689,1.0,24.7660229,2.0,465.8650800561341,84.00851002598108,2270,0.03448217627585721,2270,0,0,1.0,0.0,0.0,True,2714.0,29.392057279183568,0.8610428270670933,2714,0,0.0,,0.30901699437494745,,
175,195,34.18954112672283,34.10334210234064,1.0,24.7660229,2.0,486.7898293668557,43.374465576040514,2668,0.04052794991365068,2668,0,0,1.0,0.0,0.0,True,3187.0,31.85048833640924,0.932761565493682,3187,0,0.0,,0.3090169943749474,,
175,196,34.18954112672283,34.633272927528985,1.0,24.7660229,2.0,489.1205646945905,39.956659001000176,2669,0.04054314029967528,2669,0,0,1.0,0.0,0.0,True,2997.0,30.88648132909964,0.8975651970508609,2997,0,0.0,,0.3090169943749474,,
176,179,34.40077136558682,34.624911537835104,11.207876542506616,277.5745271120917,12.207876542506616,465.6643004902694,88.1934561213392,8211,0.12472825964804561,8211,0,0,1.0,0.0,0.0,True,1554.0,22.24080850890117,0.644421252304585,1554,0,0.0,,0.26697807758999403,,
176,183,34.40077136558682,34.334273040103426,1.0,24.7660229,2.0,475.7841178274149,70.98552383864629,2647,0.040208951807133936,2647,0,0,1.0,0.0,0.0,True,2473.0,28.05673445952886,0.8163735021085162,2473,0,0.0,,0.3090169943749474,,
176,192,34.40077136558682,34.27103970062972,2.4641016151377544,61.02599702842861,3.4641016151377544,485.78732217367315,53.452898149325264,3340,0.050735889322186374,3340,0,0,1.0,0.0,0.0,True,2084.0,25.75573339679963,0.7501107950091707,2084,0,0.0,,0.28989794855663564,,
176,199,34.40077136558682,34.33494807447122,1.0,24.7660229,2.0,492.8521280672412,33.734662911405,2717,0.0412722788288564,2717,0,0,1.0,0.0,0.0,True,2201.0,26.468850739889017,0.7701629067248378,2206,0,0.0,,0.30901699437494745,,
178,183,34.15444520075979,34.334273040103426,1.0,24.7660229,2.0,476.3188841936469,71.19647654548136,2914,0.04426478487570392,2914,0,0,1.0,0.0,0.0,True,2913.0,30.450561545780765,0.8892139414462773,2913,0,0.0,,0.31339216579491175,,
178,197,34.15444520075979,34.30812879365603,1.0,24.7660229,2.0,491.06747825056004,41.25039224621539,2500,0.03797596506151675,2500,0,0,1.0,0.0,0.0,True,3706.0,34.34612697520826,1.0033548250175262,3706,0,0.0,,0.3090169943749474,,
178,207,34.15444520075979,35.72470905777298,6.164414002968976,152.66801836261033,7.164414002968976,501.2135092302841,18.03619982862986,5985,0.0909144603572711,5981,4,0,0.9993316624895572,0.0006683375104427736,0.0,True,2950.0,30.643338007504706,0.8770380332347233,2950,0,0.0,,0.2708131845707603,0.4162748893059718,
179,180,34.624911537835104,34.56400380358942,1.0,24.7660229,2.0,467.2875716913792,89.42224502622123,2578,0.03916081517143607,2578,0,0,1.0,0.0,0.0,True,3215.0,31.990096656322983,0.9247173914625598,3215,0,0.0,,0.3090169943749474,,
176,201,34.40077136558682,35.41082106007852,1.0,24.7660229,2.0,494.84186853983886,28.177294485636786,2939,0.04464454452631909,2939,0,0,1.0,0.0,0.0,True,1807.0,23.983034927508857,0.6870788673971517,1807,0,0.0,,0.3090169943749474,,
177,183,34.917736114303665,34.334273040103426,6.834654549917682,169.2672110968505,7.834654549917682,475.44173979563675,72.15254845480764,6012,0.09132460077993548,6012,0,0,1.0,0.0,0.0,True,1591.0,22.504022505285825,0.6499168119472156,1591,0,0.0,,0.26968623182294527,,
177,194,34.917736114303665,34.668664559868425,1.0,24.7660229,2.0,488.88940516277626,43.89715184112159,2666,0.040497569141601464,2666,0,0,1.0,0.0,0.0,True,2476.0,28.07374713484229,0.8068745290130296,2476,0,0.0,,0.3090169943749474,,
177,204,34.917736114303665,35.500899063857595,1.0,24.7660229,2.0,496.0123410473325,19.70624343717895,3014,0.04578382347816459,3014,0,0,1.0,0.0,0.0,True,3552.0,33.62494186946387,0.955001237510263,3552,0,0.0,,0.3090169943749474,,
179,197,34.624911537835104,34.30812879365603,1.0,24.7660229,2.0,491.8015442082659,43.43929060943983,2671,0.040573521071724496,2671,0,0,1.0,0.0,0.0,True,3291.0,32.36599813741043,0.9390561617989294,3291,0,0.0,,0.30901699437494745,,
179,199,34.624911537835104,34.33494807447122,1.0,24.7660229,2.0,494.1209603911792,38.016495057944425,2565,0.038963340153116185,2513,52,0,0.9797270955165692,0.0202729044834308,0.0,True,2253.0,26.779697040334128,0.7766749291802537,2253,0,0.0,,0.3090169943749474,0.4295361513072445,
179,202,34.624911537835104,36.509027703722786,1.0,24.7660229,2.0,495.70042629721354,34.477238636875946,3092,0.04696867358808392,3091,1,0,0.9996765847347995,0.0003234152652005175,0.0,True,2917.0,30.471461041409178,0.8567348122795125,2917,0,0.0,,0.3090169943749474,0.44579905519622387,
180,202,34.56400380358942,36.509027703722786,1.0,24.7660229,2.0,496.05486517438544,31.65783423259182,3284,0.0498852277048084,3284,0,0,1.0,0.0,0.0,True,3851.0,35.01158910552016,0.9852285279802103,3852,0,0.0,,0.30901699437494745,,
180,206,34.56400380358942,33.93238930102609,6.032065437739018,149.39027076534305,7.032065437739018,502.4506369506978,27.076110309095302,4978,0.07561774163049215,4974,4,0,0.9991964644435516,0.0008035355564483728,0.0,True,2725.0,29.451560906865865,0.8599448692687826,2725,0,0.0,,0.2708131845707603,0.33642441742791274,
181,184,34.08129594487689,33.24087546237966,1.0,24.7660229,2.0,478.1743878894057,74.9714256715614,2561,0.03890257860901776,2561,0,0,1.0,0.0,0.0,True,2833.0,30.02951727148938,0.8921137462970348,2833,0,0.0,,0.3090169943749474,,
181,185,34.08129594487689,35.13283586780033,4.766114533138578,118.03770167173282,5.766114533138578,479.73768901518565,74.43758739766241,4663,0.07083277003274104,4661,2,0,0.9995710915719493,0.0004289084280506112,0.0,True,1850.0,24.266711549775604,0.7012068464703598,1850,0,0.0,,0.27792629762666365,0.3117782176152526,
181,192,34.08129594487689,34.27103970062972,1.0,24.7660229,2.0,488.34051982371204,56.40103885123974,2504,0.038036726605615176,2504,0,0,1.0,0.0,0.0,True,2715.0,29.397471676812476,0.8601746055694593,2715,0,0.0,,0.31339216579491175,,
184,201,33.24087546237966,35.41082106007852,1.0,24.7660229,2.0,506.06759061287414,56.07006609202466,2504,0.038036726605615176,2504,0,0,1.0,0.0,0.0,True,2027.0,25.401065711787442,0.739998193736638,2027,0,0.0,,0.3090169943749474,,
184,211,33.24087546237966,35.99519795237357,1.0,24.7660229,2.0,518.6377338264817,13.967662004531388,2906,0.04414326178750707,2906,0,0,1.0,0.0,0.0,True,2480.0,28.096414677602564,0.8116120193383356,2480,0,0.0,,0.3090169943749474,,
185,186,35.13283586780033,35.3997116128673,6.211102550927978,153.82430801053073,7.211102550927978,491.3455895802513,88.01877579758364,5322,0.08084323442295685,5312,10,0,0.9981210071401728,0.0018789928598271326,0.0,True,1996.0,25.206081266687335,0.7147361655580668,1996,0,0.0,,0.2708131845707603,0.3090169943749474,
185,187,35.13283586780033,34.622057123265265,1.0,24.7660229,2.0,491.75008426844545,87.02769097267489,2981,0.04528254073935257,2981,0,0,1.0,0.0,0.0,True,2240.0,26.702324712498182,0.7656043488137325,2240,0,0.0,,0.3090169943749474,,
182,196,34.4213357451177,34.633272927528985,1.0,24.7660229,2.0,495.4568357871136,51.36687757423236,3192,0.04848771219054458,3192,0,0,1.0,0.0,0.0,True,3314.0,32.47890027099259,0.9406729223521862,3314,0,0.0,,0.31339216579491175,,
182,209,34.4213357451177,34.861384506113346,3.0,74.2980687,4.0,509.2762425169519,13.643215215831127,4329,0.0657591811005224,4325,4,0,0.9990759990759991,0.000924000924000924,0.0,True,2575.0,28.62949452790358,0.8264541121967532,2575,0,0.0,,0.28172904669025317,0.34367545969203206,
183,201,34.334273040103426,35.41082106007852,6.330293345472711,156.77618995769478,7.330293345472711,506.23051820092223,60.86497518625096,5711,0.08675229458652886,5711,0,0,1.0,0.0,0.0,True,2373.0,27.483619847358813,0.7881162166870491,2373,0,0.0,,0.27429188517743175,,
183,204,34.334273040103426,35.500899063857595,1.0,24.7660229,2.0,507.743368740194,53.3383113177925,2894,0.043960977155211786,2892,2,0,0.9993089149965446,0.000691085003455425,0.0,True,3357.0,32.68893219300663,0.9361738851117553,3357,0,0.0,,0.3090169943749474,0.40636681511713957,
181,196,34.08129594487689,34.633272927528985,1.0,24.7660229,2.0,492.75734810486574,47.71221292335111,2569,0.03902410169721461,2569,0,0,1.0,0.0,0.0,True,2122.0,25.989489769558844,0.7564477285106157,2122,0,0.0,,0.3090169943749474,,
181,205,34.08129594487689,36.36102404066338,1.0,24.7660229,2.0,504.63098645806576,19.69105914258641,2482,0.03770253811307383,2482,0,0,1.0,0.0,0.0,True,1905.0,24.62479102815131,0.6991476440073539,1906,0,0.0,,0.3090169943749474,,
182,188,34.4213357451177,33.44067628345505,9.3166247903554,230.7357429086495,10.3166247903554,484.8504219690135,75.24723153409893,7125,0.10823150042532273,6854,271,0,0.9619649122807018,0.03803508771929825,0.0,True,2694.0,29.283559096857267,0.8630324454431932,2694,0,0.0,,0.2612038749637414,0.386610642757031,
182,190,34.4213357451177,32.7952541213439,2.4641016151377544,61.02599702842861,3.4641016151377544,487.3906047309898,69.52612026675192,3101,0.047105387062305375,3101,0,0,1.0,0.0,0.0,True,2215.0,26.552898107308295,0.7900697777159067,2215,0,0.0,,0.28989794855663564,,
183,207,34.334273040103426,35.72470905777298,1.0,24.7660229,2.0,512.0673925251353,42.87356993252839,3276,0.049763704616611545,3276,0,0,1.0,0.0,0.0,True,3126.0,31.544202386659418,0.9005041592694101,3126,0,0.0,,0.3090169943749474,,
184,190,33.24087546237966,32.7952541213439,1.0,24.7660229,2.0,493.36364147173833,78.85219456981946,2316,0.035180934032989115,2316,0,0,1.0,0.0,0.0,True,2280.0,26.939683377854365,0.815907399409259,2280,0,0.0,,0.3090169943749474,,
184,196,33.24087546237966,34.633272927528985,9.44986131927331,234.035481834947,10.44986131927331,501.42987252786213,68.49156643978401,7156,0.10870240239208555,7134,22,0,0.9969256567915036,0.0030743432084963667,0.0,True,1525.0,22.03230756026887,0.6492105781925237,1525,0,0.0,,0.26688735915939243,0.3438276546043677,
184,198,33.24087546237966,35.136897064928036,1.0,24.7660229,2.0,503.5747274125986,60.72627701592333,2551,0.03875067474877169,2551,0,0,1.0,0.0,0.0,True,1782.0,23.816553427805523,0.6966168258345655,1782,0,0.0,,0.3090169943749474,,
186,187,35.3997116128673,34.622057123265265,1.0,24.7660229,2.0,493.12215928473483,89.3338942154704,2661,0.040421617211478425,2661,0,0,1.0,0.0,0.0,True,2386.0,27.558798748031897,0.7871494606736785,2386,0,0.0,,0.3090169943749474,,
186,213,35.3997116128673,35.33061313028428,1.0,24.7660229,2.0,522.1235969302778,30.296442890401398,3181,0.04832061794427391,3181,0,0,1.0,0.0,0.0,True,3512.0,33.43507619667515,0.9454240827563138,3512,0,0.0,,0.30901699437494745,,
186,214,35.3997116128673,35.235752005132206,1.0,24.7660229,2.0,522.858259304295,34.288885031195036,2681,0.04072542493197056,2681,0,0,1.0,0.0,0.0,True,3647.0,34.071632701006344,0.9647174650192039,3647,0,0.0,,0.3090169943749474,,
187,206,34.622057123265265,33.93238930102609,2.6502815398728847,65.63693330793913,3.6502815398728847,515.3929586528867,52.912819191932705,3304,0.05018903542530054,3304,0,0,1.0,0.0,0.0,True,2472.0,28.05106127486678,0.818358625529715,2472,0,0.0,,0.28330039409901914,,
185,192,35.13283586780033,34.27103970062972,8.657737169873558,214.41771701126973,9.657737169873558,498.5763453724884,77.73855923387185,6477,0.09838813028137759,6330,147,0,0.9773043075497916,0.02269569245020843,0.0,True,1554.0,22.24080850890117,0.6409096992565618,1554,0,0.0,,0.2603471070980069,0.411221053645367,
185,205,35.13283586780033,36.36102404066338,1.0,24.7660229,2.0,514.866812006842,46.73229474209985,2921,0.04437111757787617,2903,18,0,0.9938377268058884,0.0061622731941116055,0.0,True,2364.0,27.431452220735256,0.7673792478362975,2364,0,0.0,,0.3090169943749474,0.3877791601198836,
185,212,35.13283586780033,33.702835281145724,1.0,24.7660229,2.0,521.120801944827,21.329209170691403,2688,0.04083175763414281,2688,0,0,1.0,0.0,0.0,True,2506.0,28.243310265912164,0.8206009992929253,2506,0,0.0,,0.3164309725825327,,
185,215,35.13283586780033,35.49603654113389,11.96148139681572,296.23832219146215,12.96148139681572,524.2368653747967,33.40145314830993,9003,0.13675904537953412,8990,13,0,0.9985560368765967,0.00144396312340331,0.0,True,1706.0,23.30314712285761,0.6598759495390123,1706,0,0.0,,0.2649200558832363,0.37485361853518134,
188,208,33.44067628345505,34.44797911092071,1.0,24.7660229,2.0,519.1336269184503,42.562534016061214,2794,0.04244193855275112,2794,0,0,1.0,0.0,0.0,True,4872.0,39.38027127239512,1.1601429147072952,4872,0,0.0,,0.3090169943749474,,
189,190,36.4433567433627,32.7952541213439,13.213373913339503,327.24272092402873,14.213373913339503,499.93149200088124,89.92717278331327,10335,0.15699263956431023,10307,28,0,0.9972907595549105,0.0027092404450895016,0.0,True,1105.0,18.75453076547341,0.5417361940469915,1105,0,0.0,,0.26294618479892884,0.4393176878590256,
189,194,36.4433567433627,34.668664559868425,1.0,24.7660229,2.0,507.0253557967326,78.5237738086832,2899,0.044036929085334825,2899,0,0,1.0,0.0,0.0,True,2920.0,30.487126261041215,0.857439451229773,2920,0,0.0,,0.3090169943749474,,
189,198,36.4433567433627,35.136897064928036,1.0,24.7660229,2.0,510.1425779417415,74.56250863279206,2755,0.04184951349779146,2755,0,0,1.0,0.0,0.0,True,2504.0,28.2320377409108,0.7888219512750831,2504,0,0.0,,0.3090169943749474,,
189,203,36.4433567433627,35.07180491031972,1.0,24.7660229,2.0,516.5204762573464,60.88769720841588,3571,0.05424486849387052,3571,0,0,1.0,0.0,0.0,True,3244.0,32.13405157741889,0.8986640268823125,3244,0,0.0,,0.30901699437494745,,
190,191,32.7952541213439,34.17162736014268,9.198039027185569,227.7988451823715,10.198039027185569,502.98996634005533,85.36224402161763,6687,0.101578111346545,6672,15,0,0.9977568416330193,0.0022431583669807087,0.0,True,1150.0,19.13259964331453,0.5714048263873198,1150,0,0.0,,0.26747889038858935,0.41089346321725684,
190,198,32.7952541213439,35.136897064928036,1.0,24.7660229,2.0,510.0914565719348,72.44426539281683,2455,0.03729239769040945,2455,0,0,1.0,0.0,0.0,True,1813.0,24.022818811521944,0.7072591811688894,1813,0,0.0,,0.31451985913875646,,
190,203,32.7952541213439,35.07180491031972,1.0,24.7660229,2.0,516.4693548875398,61.66616491579795,2377,0.036107547580490125,2377,0,0,1.0,0.0,0.0,True,1970.0,25.041375277369806,0.7379537476550049,1970,0,0.0,,0.3090169943749474,,
187,210,34.622057123265265,34.18361735800736,1.0,24.7660229,2.0,518.8603667550489,42.41792946975071,2768,0.04204698851611134,2768,0,0,1.0,0.0,0.0,True,2621.0,28.88408232379411,0.8395843087522008,2621,0,0.0,,0.3090169943749474,,
187,212,34.622057123265265,33.702835281145724,6.1587762089111235,152.52839262586807,7.1587762089111235,522.8973716493105,38.09178140586657,5556,0.08439778475271482,5556,0,0,1.0,0.0,0.0,True,1842.0,24.21418613851274,0.7087954414970874,1842,0,0.0,,0.2742918851774318,,
187,213,34.622057123265265,35.33061313028428,8.899494936611665,220.40509539855856,9.899494936611665,522.5280916184719,41.65997137872225,8698,0.13212597764202907,8696,2,0,0.9997700620832375,0.00022993791676247414,0.0,True,2161.0,26.227231345362622,0.7498564743933216,2161,0,0.0,,0.26693271837469323,0.4181390061939277,
188,200,33.44067628345505,35.61682581345766,1.0,24.7660229,2.0,510.2650994054774,64.69197078880732,2446,0.037155684216187986,2446,0,0,1.0,0.0,0.0,True,4385.0,37.36025763984936,1.08200431540137,4385,0,0.0,,0.30901699437494745,,
190,209,32.7952541213439,34.861384506113346,1.0,24.7660229,2.0,521.7660084170367,49.650142122967814,2677,0.040664663387872134,2677,0,0,1.0,0.0,0.0,True,2266.0,26.85684646589152,0.793916074186758,2266,0,0.0,,0.30901699437494745,,
190,217,32.7952541213439,33.78474394191668,1.0,24.7660229,2.0,533.3131554942668,12.984453527409755,2285,0.03471003206622631,2284,1,0,0.999562363238512,0.000437636761487965,0.0,True,1754.0,23.628701622526126,0.7097837882204641,1754,0,0.0,,0.3090169943749474,0.4211646096066227,
191,203,34.17162736014268,35.07180491031972,1.0,24.7660229,2.0,519.5789505965206,66.85623765808168,2700,0.04101404226643809,2700,0,0,1.0,0.0,0.0,True,2390.0,27.581889492550356,0.7966644225496066,2390,0,0.0,,0.31339216579491175,,
191,208,34.17162736014268,34.44797911092071,1.0,24.7660229,2.0,524.7834053894074,57.484593404571065,2497,0.03793039390344293,2497,0,0,1.0,0.0,0.0,True,2938.0,30.580949063231785,0.8913181125900991,2938,0,0.0,,0.30901699437494745,,
191,209,34.17162736014268,34.861384506113346,4.449489742783178,110.1961648630833,5.449489742783178,524.8756041260175,60.03973476947888,4439,0.06743012356322914,4439,0,0,1.0,0.0,0.0,True,1757.0,23.648899974944293,0.6851475644945485,1757,0,0.0,,0.27718637277259645,,
191,223,34.17162736014268,33.121036953825204,1.414213562373095,35.02444547122265,2.414213562373095,539.9017078289465,9.645076594868375,2749,0.04175837118164382,2749,0,0,1.0,0.0,0.0,True,2566.0,28.579418607585545,0.8494066596692423,2566,0,0.0,,0.30484544052339907,,
192,199,34.27103970062972,34.33494807447122,1.0,24.7660229,2.0,514.2439820745828,78.10871696094183,2543,0.03862915166057484,2543,0,0,1.0,0.0,0.0,True,1785.0,23.8365926012521,0.6948837375358969,1785,0,0.0,,0.31339216579491175,,
192,201,34.27103970062972,35.41082106007852,1.0,24.7660229,2.0,516.2337225471805,75.43643555419379,2528,0.038401295870205736,2528,0,0,1.0,0.0,0.0,True,1858.0,24.319123514828473,0.6980044232269234,1858,0,0.0,,0.3090169943749474,,
192,205,34.27103970062972,36.36102404066338,1.0,24.7660229,2.0,523.4696428153684,64.00290876688312,2595,0.039419051733854384,2595,0,0,1.0,0.0,0.0,True,1803.0,23.9564756337274,0.678345622788929,1803,0,0.0,,0.3090169943749474,,
192,210,34.27103970062972,34.18361735800736,1.7320508075688772,42.89600996421431,2.732050807568877,525.6866278590917,58.175036324668845,3216,0.04885228145513515,3216,0,0,1.0,0.0,0.0,True,2009.0,25.288031978452484,0.7388257589776891,2009,0,0.0,,0.29581631632448924,,
192,218,34.27103970062972,33.89163266884529,1.0,24.7660229,2.0,539.8761788783431,2.301004601347645,2873,0.043641979048695045,2873,0,0,1.0,0.0,0.0,True,1992.0,25.180812005932435,0.7388446236215658,1992,0,0.0,,0.3090169943749474,,
193,195,34.3433837654584,34.10334210234064,1.0,24.7660229,2.0,510.4964147996358,88.58517897691605,2530,0.03843167664225495,2530,0,0,1.0,0.0,0.0,True,3465.0,33.21059703809666,0.9704071777586859,3465,0,0.0,,0.3164309725825327,,
193,214,34.3433837654584,35.235752005132206,2.863703305156273,70.92254163430594,3.863703305156273,531.3201607617341,54.23296406269224,3611,0.05485248393485479,3611,0,0,1.0,0.0,0.0,True,3594.0,33.82315376993316,0.9722211520836216,3594,0,0.0,,0.28172904669025317,,
193,215,34.3433837654584,35.49603654113389,1.0,24.7660229,2.0,534.0708418485251,45.47581831919134,2804,0.042593842412997185,2804,0,0,1.0,0.0,0.0,True,2814.0,29.928648812152996,0.8570703674448445,2814,0,0.0,,0.3090169943749474,,
194,198,34.668664559868425,35.136897064928036,2.6502815398728847,65.63693330793913,3.6502815398728847,517.1853203677862,85.17272852385538,3636,0.05523224358546996,3636,0,0,1.0,0.0,0.0,True,2450.0,27.92595962810029,0.8001070109055717,2450,0,0.0,,0.28436465220442186,,
194,204,34.668664559868425,35.500899063857595,1.0,24.7660229,2.0,521.1910341073335,78.6025998143892,3100,0.04709019667628077,3100,0,0,1.0,0.0,0.0,True,3470.0,33.23454986994338,0.9472639746816375,3470,0,0.0,,0.30901699437494745,,
196,216,34.633272927528985,34.0832826372151,1.0,24.7660229,2.0,538.4383454155504,49.83471134070024,2617,0.03975324022639573,2617,0,0,1.0,0.0,0.0,True,3384.0,32.82012575914278,0.9552319812718195,3384,0,0.0,,0.3090169943749474,,
196,230,34.633272927528985,34.30860204093089,11.045361017187261,273.549663890427,12.045361017187261,555.9321878306348,9.204456093101955,8746,0.1328551161712102,8690,56,0,0.9935970729476332,0.006402927052366796,0.0,True,1528.0,22.05396803500069,0.6397843993970321,1528,0,0.0,,0.2681047782468231,0.2594105695503883,
197,199,34.30812879365603,34.33494807447122,1.0,24.7660229,2.0,518.9893717852378,86.1632382257714,2259,0.03431508202958653,2259,0,0,1.0,0.0,0.0,True,2369.0,27.4604464706858,0.800093694035338,2369,0,0.0,,0.3090169943749474,,
197,202,34.30812879365603,36.509027703722786,1.0,24.7660229,2.0,520.5688376912722,83.71462148849702,2902,0.044082500243408644,2902,0,0,1.0,0.0,0.0,True,2655.0,29.070822964236225,0.8210107381341196,2655,0,0.0,,0.30901699437494745,,
194,221,34.668664559868425,34.64647039677036,1.0,24.7660229,2.0,545.6608063599492,21.444343888210753,2653,0.040300094123281574,2653,0,0,1.0,0.0,0.0,True,3904.0,35.25169209643019,1.017142709697744,3904,0,0.0,,0.31451985913875646,,
195,200,34.10334210234064,35.61682581345766,3.4721359549995796,85.99099857343296,4.47213595499958,518.5407778958427,78.77019198944444,4032,0.06124763645121421,4003,29,0,0.9928075396825397,0.007192460317460317,0.0,True,3191.0,31.870469824156594,0.9142396175134535,3191,0,0.0,,0.2791745113185196,0.3699677034698106,
195,215,34.10334210234064,35.49603654113389,1.414213562373095,35.02444547122265,2.414213562373095,534.925789136742,49.6536916151882,3039,0.04616358312877976,3039,0,0,1.0,0.0,0.0,True,2585.0,28.685031911871718,0.8242898850810692,2585,0,0.0,,0.3090169943749474,,
195,216,34.10334210234064,34.0832826372151,1.0,24.7660229,2.0,536.1076100878156,43.82833260666034,2522,0.0383101535540581,2522,0,0,1.0,0.0,0.0,True,2365.0,27.43725352189364,0.8047693701423827,2365,0,0.0,,0.3090169943749474,,
195,220,34.10334210234064,35.05769562150811,4.39834563766817,108.929528784605,5.39834563766817,541.0553878323396,35.58711757305909,4665,0.07086315080479025,4665,0,0,1.0,0.0,0.0,True,3685.0,34.24867779327063,0.9904038146455019,3685,0,0.0,,0.2801868778094689,,
196,205,34.633272927528985,36.36102404066338,1.0,24.7660229,2.0,527.8864710965222,67.67647037094426,3581,0.05439677235411659,3581,0,0,1.0,0.0,0.0,True,2703.0,29.332432942986273,0.8263320913263809,2703,0,0.0,,0.3090169943749474,,
196,209,34.633272927528985,34.861384506113346,1.0,24.7660229,2.0,529.8322394731605,66.20984237327568,3007,0.04567749077599235,3007,0,0,1.0,0.0,0.0,True,3208.0,31.955251757380985,0.9196462846915614,3209,0,0.0,,0.3090169943749474,,
196,211,34.633272927528985,35.99519795237357,1.0,24.7660229,2.0,533.2206940419417,61.127180687934114,2784,0.04229003469250505,2784,0,0,1.0,0.0,0.0,True,2181.0,26.348318006408824,0.7461103908425768,2181,0,0.0,,0.3090169943749474,,
197,207,34.30812879365603,35.72470905777298,1.0,24.7660229,2.0,526.8159865820485,73.05991486564035,3190,0.04845733141849537,3190,0,0,1.0,0.0,0.0,True,3673.0,34.192867852127634,0.9764810023739438,3673,0,0.0,,0.32037724101704074,,
197,224,34.30812879365603,33.83959313062168,1.0,24.7660229,2.0,547.1791038015197,26.30870922391939,2608,0.03961652675217427,2608,0,0,1.0,0.0,0.0,True,3343.0,32.620698176348284,0.9573525645536546,3343,0,0.0,,0.31339216579491175,,
198,201,35.136897064928036,35.41082106007852,1.0,24.7660229,2.0,522.7954057130706,85.8717720704622,2776,0.0421685116043082,2776,0,0,1.0,0.0,0.0,True,2142.0,26.11167892353304,0.7402558046530896,2142,0,0.0,,0.3090169943749474,,
198,211,35.136897064928036,35.99519795237357,6.348469228349534,157.22633428924988,7.348469228349534,535.3655489266782,68.23297144014566,5895,0.08954732561505649,5888,7,0,0.9988125530110263,0.0011874469889737065,0.0,True,1585.0,22.461548691069996,0.631544696823751,1585,0,0.0,,0.27013511384464434,0.38408837821107494,
198,217,35.136897064928036,33.78474394191668,1.0,24.7660229,2.0,543.5242414351271,46.86900348824573,2619,0.039783620998444943,2619,0,0,1.0,0.0,0.0,True,2694.0,29.283559096857267,0.8497638381520566,2694,0,0.0,,0.3090169943749474,,
198,219,35.136897064928036,34.668399722527276,1.0,24.7660229,2.0,544.4478399119339,46.14442888264688,2700,0.04101404226643809,2700,0,0,1.0,0.0,0.0,True,2933.0,30.55491607216518,0.8754325954719296,2933,0,0.0,,0.3090169943749474,,
199,201,34.33494807447122,35.41082106007852,1.8284271247461903,45.2828680424453,2.8284271247461903,523.2985284407487,86.77353048190406,3230,0.04906494685947964,3230,0,0,1.0,0.0,0.0,True,1993.0,25.187131697839174,0.7222554718480352,1993,0,0.0,,0.2857142857142857,,
199,202,34.33494807447122,36.509027703722786,6.8173377998059435,168.8383440670296,7.8173377998059435,522.8882538741855,87.71519804222284,6625,0.10063630741301939,6625,0,0,1.0,0.0,0.0,True,1798.0,23.92323505210898,0.6753781048937861,1798,0,0.0,,0.27149702790318514,,
199,210,34.33494807447122,34.18361735800736,1.0,24.7660229,2.0,532.7514337526599,70.34084900747885,2814,0.042745746273243256,2814,0,0,1.0,0.0,0.0,True,2247.0,26.744014550081626,0.7806355658872174,2247,0,0.0,,0.30901699437494745,,
199,222,34.33494807447122,35.609171030451414,1.0,24.7660229,2.0,547.6815226110953,39.206212106854494,2967,0.04506987533500808,2967,0,0,1.0,0.0,0.0,True,2772.0,29.70446102021492,0.8493769426320313,2772,0,0.0,,0.3090169943749474,,
200,216,35.61682581345766,34.0832826372151,1.0,24.7660229,2.0,543.2970258958057,58.528794439075114,2858,0.04341412325832595,2858,0,0,1.0,0.0,0.0,True,2919.0,30.481905415680384,0.8746587657679941,2920,0,0.0,,0.3090169943749474,,
200,220,35.61682581345766,35.05769562150811,1.0,24.7660229,2.0,548.2448036403298,49.18904947854366,2853,0.04333817132820291,2853,0,0,1.0,0.0,0.0,True,3049.0,31.15327981087028,0.881598606636122,3049,0,0.0,,0.3090169943749474,,
201,231,35.41082106007852,34.48154338655396,4.0,99.0640916,5.0,562.0559733209434,10.488475145233425,4562,0.06929854104425576,4473,89,0,0.9804910127137221,0.019508987286277948,0.0,True,1473.0,21.65341687468109,0.6196218155193455,1473,0,0.0,,0.27792629762666365,0.3874258867227931,
202,206,36.509027703722786,33.93238930102609,1.0,24.7660229,2.0,530.8634915565322,79.36306925204791,2959,0.04494835224681122,2959,0,0,1.0,0.0,0.0,True,2623.0,28.895100474995463,0.8204008864003254,2623,0,0.0,,0.31339216579491175,,
202,210,36.509027703722786,34.18361735800736,1.0,24.7660229,2.0,534.3308996586943,74.08201305311609,2813,0.04273055588721865,2813,0,0,1.0,0.0,0.0,True,2397.0,27.622251848510583,0.7814745600306882,2397,0,0.0,,0.30901699437494745,,
202,224,36.509027703722786,33.83959313062168,1.0,24.7660229,2.0,551.0779858904673,37.62482659515397,3030,0.0460268696545583,3030,0,0,1.0,0.0,0.0,True,2946.0,30.62255581589243,0.8705943472012568,2946,0,0.0,,0.30901699437494745,,
200,225,35.61682581345766,36.64215497368188,1.0,24.7660229,2.0,560.9806453335593,14.481601625400524,2975,0.04519139842320493,2975,0,0,1.0,0.0,0.0,True,3669.0,34.17424428437779,0.9458822671481698,3669,0,0.0,,0.3090169943749474,,
201,211,35.41082106007852,35.99519795237357,1.0,24.7660229,2.0,537.8584121269537,68.08323843608967,3348,0.05085741241038323,3348,0,0,1.0,0.0,0.0,True,2139.0,26.093387027121036,0.7308455894333153,2140,0,0.0,,0.3090169943749474,,
201,219,35.41082106007852,34.668399722527276,1.0,24.7660229,2.0,546.9407031122093,52.27343096426002,2828,0.042958411677587745,2828,0,0,1.0,0.0,0.0,True,2313.0,27.133941231290155,0.7743790792270056,2313,0,0.0,,0.3090169943749474,,
201,222,35.41082106007852,35.609171030451414,1.0,24.7660229,2.0,549.6712630836928,46.99673653019735,2794,0.04244193855275112,2792,2,0,0.9992841803865425,0.0007158196134574087,0.0,True,2042.0,25.494877673511212,0.7179634050370668,2042,0,0.0,,0.3090169943749474,0.45191947337301597,
202,229,36.509027703722786,37.93561750614962,4.841619252963779,119.90765329198184,5.841619252963779,559.586217541161,25.122909464591206,6480,0.09843370143945142,6398,82,0,0.9873456790123457,0.012654320987654321,0.0,True,2703.0,29.332432942986273,0.7880333866940474,2703,0,0.0,,0.27669677546737487,0.4142705616815753,
203,217,35.07180491031972,33.78474394191668,3.7320508075688767,92.42805576421429,4.732050807568877,549.902139750732,62.49949091978874,4273,0.06490851948314443,4149,124,0,0.9709805757079335,0.029019424292066463,0.0,True,2181.0,26.348318006408824,0.7653104445577525,2181,0,0.0,,0.2742918851774317,0.4211646096066227,
203,223,35.07180491031972,33.121036953825204,1.0,24.7660229,2.0,553.3810963764311,52.563305687287176,2640,0.040102619104961684,2640,0,0,1.0,0.0,0.0,True,3115.0,31.48865343996958,0.9235178525834683,3115,0,0.0,,0.30901699437494745,,
203,228,35.07180491031972,36.290526376322745,1.0,24.7660229,2.0,564.6755517260269,29.441958887971047,2969,0.04510025610705729,2969,0,0,1.0,0.0,0.0,True,3587.0,33.79019919653119,0.9470037928218863,3587,0,0.0,,0.3090169943749474,,
205,230,36.36102404066338,34.30860204093089,1.0,24.7660229,2.0,567.8058261838348,42.9779831296189,2563,0.03893295938106697,2563,0,0,1.0,0.0,0.0,True,1637.0,22.827029672799423,0.6460209552104781,1637,0,0.0,,0.3090169943749474,,
205,239,36.36102404066338,34.11579037596209,1.0,24.7660229,2.0,574.8799645394398,12.103835308493991,2523,0.038325343940082704,2523,0,0,1.0,0.0,0.0,True,1887.0,24.508177313476683,0.6954961717933495,1887,0,0.0,,0.3090169943749474,,
206,210,33.93238930102609,34.18361735800736,1.0,24.7660229,2.0,540.7266714350067,84.16523290806144,2552,0.038765865134796296,2552,0,0,1.0,0.0,0.0,True,2153.0,26.178639860651685,0.7686486963833166,2153,0,0.0,,0.3090169943749474,,
206,213,33.93238930102609,35.33061313028428,1.0,24.7660229,2.0,544.3943962984297,78.13953931933862,2949,0.04479644838656516,2949,0,0,1.0,0.0,0.0,True,4050.0,35.904805236128944,1.0367672198945324,4050,0,0.0,,0.32037724101704074,,
205,212,36.36102404066338,33.702835281145724,1.0,24.7660229,2.0,546.0140993877071,79.01536865227483,3123,0.04743957555484672,3123,0,0,1.0,0.0,0.0,True,1739.0,23.52744975711588,0.6716001654733963,1739,0,0.0,,0.3090169943749474,,
205,215,36.36102404066338,35.49603654113389,1.0,24.7660229,2.0,549.1301628176768,74.81542488523115,2985,0.045343302283451,2985,0,0,1.0,0.0,0.0,True,2332.0,27.245158369526866,0.7583154153240877,2332,0,0.0,,0.30901699437494745,,
205,216,36.36102404066338,34.0832826372151,8.0,198.1281832,9.0,550.3119837687505,74.58850758185358,7401,0.11242404696811419,7397,4,0,0.9994595324956087,0.0005404675043912985,0.0,True,1789.0,23.86328532249492,0.6775078483379744,1790,0,0.0,,0.27149702790318514,0.36363636363636365,
205,218,36.36102404066338,33.89163266884529,2.6502815398728847,65.63693330793913,3.6502815398728847,556.1666455126967,63.524771179482215,3361,0.051054887428703115,3361,0,0,1.0,0.0,0.0,True,1630.0,22.778171886250636,0.64846435574493,1630,0,0.0,,0.28172904669025317,,
204,207,35.500899063857595,35.72470905777298,2.6502815398728847,65.63693330793913,3.6502815398728847,532.6379937768311,83.6511045123493,3555,0.05400182231747682,3555,0,0,1.0,0.0,0.0,True,3128.0,31.554291688816235,0.8860378316442477,3128,0,0.0,,0.28172904669025317,,
204,219,35.500899063857595,34.668399722527276,1.7320508075688772,42.89600996421431,2.732050807568877,548.4535536514811,55.42493484593744,3510,0.05331825494636951,3510,0,0,1.0,0.0,0.0,True,3342.0,32.615818855675364,0.9296321730381577,3342,0,0.0,,0.28989794855663564,,
204,226,35.500899063857595,36.17663415581315,1.0,24.7660229,2.0,560.5312053334751,27.650546129626292,3090,0.046938292816034705,3090,0,0,1.0,0.0,0.0,True,3006.0,30.93282266248062,0.8631106923749883,3007,0,0.0,,0.30901699437494745,,
205,211,36.36102404066338,35.99519795237357,1.0,24.7660229,2.0,545.0943323951417,81.76369847627508,3084,0.04684715049988706,3083,1,0,0.9996757457846952,0.00032425421530479895,0.0,True,2067.0,25.65046850920847,0.7090051913345307,2069,0,0.0,,0.3090169943749474,0.420449861343358,
208,223,34.44797911092071,33.121036953825204,7.613903745752154,188.56611452569362,8.613903745752154,558.5855511693178,66.64810712258466,6141,0.09328416057710974,6141,0,0,1.0,0.0,0.0,True,1871.0,24.404052881639814,0.7223444798502139,1871,0,0.0,,0.26968623182294527,,
208,227,34.44797911092071,34.311306060648974,3.7320508075688767,92.42805576421429,4.732050807568877,567.0264937502321,49.38817584262139,4560,0.06926816027220654,4538,22,0,0.9951754385964913,0.004824561403508772,0.0,True,3088.0,31.35188875547286,0.911931782805564,3088,0,0.0,,0.27718637277259645,0.3231980349901291,
208,235,34.44797911092071,33.21882311610344,1.0,24.7660229,2.0,576.6160772946112,13.735947087901838,2475,0.037596205410901584,2475,0,0,1.0,0.0,0.0,True,3129.0,31.5593351303395,0.9327863617511283,3129,0,0.0,,0.30901699437494745,,
209,217,34.861384506113346,33.78474394191668,1.0,24.7660229,2.0,555.198793280229,70.66483553519546,2609,0.03963171713819888,2609,0,0,1.0,0.0,0.0,True,2026.0,25.394799259067984,0.7398756443575297,2026,0,0.0,,0.3090169943749474,,
206,229,33.93238930102609,37.93561750614962,1.0,24.7660229,2.0,565.9819893174733,31.479956553596907,3220,0.048913042999233575,3220,0,0,1.0,0.0,0.0,True,3295.0,32.38566156458118,0.9012539237792695,3295,0,0.0,,0.3090169943749474,,
207,222,35.72470905777298,35.609171030451414,1.0,24.7660229,2.0,555.5081374079059,58.69593260521661,3060,0.0464825812352965,3054,6,0,0.9980392156862745,0.00196078431372549,0.0,True,2805.0,29.88075017039453,0.8377716208185672,2805,0,0.0,,0.3090169943749474,0.42115377664319553,
207,226,35.72470905777298,36.17663415581315,1.0,24.7660229,2.0,564.8552291184164,38.30018805770849,3009,0.04570787154804156,3009,0,0,1.0,0.0,0.0,True,2925.0,30.513217088461644,0.848752352172915,2926,0,0.0,,0.3090169943749474,,
208,209,34.44797911092071,34.861384506113346,1.0,24.7660229,2.0,543.5594474663887,89.84671812748073,2826,0.04292803090553853,2813,13,0,0.9953998584571833,0.0046001415428167025,0.0,True,2749.0,29.580971537784905,0.8535923573395742,2749,0,0.0,,0.3090169943749474,0.4415184401122529,
209,223,34.861384506113346,33.121036953825204,10.449489742783179,258.7923022630833,11.449489742783179,558.6777499059278,67.21616475439933,9048,0.13744261275064143,8972,76,0,0.9916003536693192,0.008399646330680813,0.0,True,1732.0,23.480049464818542,0.6907682592228678,1732,0,0.0,,0.2650667852863333,0.39564392373896,
209,227,34.861384506113346,34.311306060648974,1.0,24.7660229,2.0,567.1186924868422,46.11895764708807,2965,0.045039494562958866,2965,0,0,1.0,0.0,0.0,True,2606.0,28.801311834618897,0.8327364917754987,2606,0,0.0,,0.30901699437494745,,
209,237,34.861384506113346,34.674688516582535,1.0,24.7660229,2.0,576.9646485239568,15.253045045261683,2809,0.04266979434312022,2809,0,0,1.0,0.0,0.0,True,2154.0,26.184718727530473,0.7531261858570598,2154,0,0.0,,0.3090169943749474,,
210,212,34.18361735800736,33.702835281145724,1.0,24.7660229,2.0,548.2310844314304,83.2270486619997,2466,0.03745949193668012,2466,0,0,1.0,0.0,0.0,True,1784.0,23.829914749152643,0.702052142150344,1784,0,0.0,,0.31451985913875646,,
212,213,33.702835281145724,35.33061313028428,8.851841083363698,219.22489897774616,9.851841083363698,551.8988092948534,89.4654245449457,7015,0.106560557962616,6946,69,0,0.9901639344262295,0.009836065573770493,0.0,True,2108.0,25.903614421069328,0.7504656081118039,2108,0,0.0,,0.26697807758999403,0.34709207640227174,
212,215,33.702835281145724,35.49603654113389,1.0,24.7660229,2.0,555.3841527556617,84.82899957934417,2703,0.04105961342451191,2702,1,0,0.9996300406955235,0.0003699593044765076,0.0,True,2248.0,26.749964937194992,0.7731329784073862,2248,0,0.0,,0.31339216579491175,0.4142135623730951,
212,218,33.702835281145724,33.89163266884529,1.414213562373095,35.02444547122265,2.414213562373095,562.4206354506816,73.37918098198108,2439,0.03704935151401574,2439,0,0,1.0,0.0,0.0,True,1611.0,22.64502653215683,0.6700260307962034,1611,0,0.0,,0.2989350844248255,,
212,233,33.702835281145724,34.83058225086649,1.0,24.7660229,2.0,577.1993614160481,43.26920789094732,2582,0.0392215767155345,2582,0,0,1.0,0.0,0.0,True,2150.0,26.160394784772457,0.7634347075294426,2150,0,0.0,,0.3090169943749474,,
211,217,35.99519795237357,33.78474394191668,1.0,24.7660229,2.0,558.5872478490102,77.55456400796443,2360,0.03584931101807181,2360,0,0,1.0,0.0,0.0,True,2625.0,28.90611442640554,0.8284935080684205,2625,0,0.0,,0.3090169943749474,,
211,218,35.99519795237357,33.89163266884529,1.0,24.7660229,2.0,561.5008684581163,72.6831214773875,2358,0.0358189302460226,2358,0,0,1.0,0.0,0.0,True,1989.0,25.161843406625827,0.7200739590839665,1990,0,0.0,,0.3090169943749474,,
211,230,35.99519795237357,34.30860204093089,1.0,24.7660229,2.0,573.1400491292544,47.84794057355487,2967,0.04506987533500808,2966,1,0,0.9996629592180654,0.0003370407819346141,0.0,True,3061.0,31.214524849957005,0.887989691963444,3061,0,0.0,,0.3090169943749474,0.48912529307605734,
211,231,35.99519795237357,34.48154338655396,1.0,24.7660229,2.0,574.6261165345509,45.29382551199188,2801,0.042548271254923366,2801,0,0,1.0,0.0,0.0,True,2738.0,29.521728749706018,0.8377722405675365,2738,0,0.0,,0.3090169943749474,,
210,218,34.18361735800736,33.89163266884529,1.0,24.7660229,2.0,558.38363055642,65.4821475148472,2565,0.038963340153116185,2565,0,0,1.0,0.0,0.0,True,1652.0,22.93137440223813,0.6737066523646327,1652,0,0.0,,0.3090169943749474,,
210,229,34.18361735800736,37.93561750614962,8.70820393249937,215.66757801014944,9.70820393249937,569.4493974196354,49.529634430311674,8881,0.1349058182845321,8818,63,0,0.9929062042562774,0.007093795743722554,0.0,True,1438.0,21.394616526881034,0.5933123546632103,1438,0,0.0,,0.2656759180068665,0.4189796981099955,
210,232,34.18361735800736,34.68864810534706,1.0,24.7660229,2.0,571.624552865974,37.039191438481694,2622,0.03982919215651877,2622,0,0,1.0,0.0,0.0,True,1922.0,24.734421384888826,0.7182694287310623,1922,0,0.0,,0.3090169943749474,,
210,236,34.18361735800736,33.55160320697043,1.0,24.7660229,2.0,574.7970802216588,25.017508544247256,2641,0.04011780949098629,2641,0,0,1.0,0.0,0.0,True,1768.0,23.722813466638858,0.7004572589789317,1768,0,0.0,,0.30901699437494745,,
213,242,35.33061313028428,34.74516545116328,1.0,24.7660229,2.0,583.4895341254621,22.754313977977056,2918,0.044325546419802346,2918,0,0,1.0,0.0,0.0,True,3504.0,33.396973533360814,0.9531673913417668,3504,0,0.0,,0.31339216579491175,,
214,215,35.235752005132206,35.49603654113389,1.0,24.7660229,2.0,555.7495350988404,85.49198967963123,2991,0.04543444459959864,2991,0,0,1.0,0.0,0.0,True,2246.0,26.7380628387472,0.7560409085727464,2247,0,0.0,,0.3090169943749474,,
214,233,35.235752005132206,34.83058225086649,1.0,24.7660229,2.0,577.5647437592266,44.65919516932312,2891,0.04391540599713797,2891,0,0,1.0,0.0,0.0,True,3088.0,31.35188875547286,0.8949201949376617,3088,0,0.0,,0.3090169943749474,,
214,234,35.235752005132206,34.52599409147591,1.0,24.7660229,2.0,577.8171344934374,46.25427849722197,2656,0.04034566528135539,2656,0,0,1.0,0.0,0.0,True,3081.0,31.31633374666101,0.8978081971541605,3081,0,0.0,,0.3090169943749474,,
212,236,33.702835281145724,33.55160320697043,1.0,24.7660229,2.0,578.8340851159205,38.084704084709465,2340,0.035545503297579675,2340,0,0,1.0,0.0,0.0,True,1850.0,24.266711549775604,0.7216389607970195,1850,0,0.0,,0.3090169943749474,,
212,239,33.702835281145724,34.11579037596209,6.834654549917682,169.2672110968505,7.834654549917682,581.1339544774248,40.77574101807714,5576,0.08470159247320695,5576,0,0,1.0,0.0,0.0,True,1597.0,22.54641630582372,0.6649033679868065,1597,0,0.0,,0.27195617308673,,
213,214,35.33061313028428,35.235752005132206,1.0,24.7660229,2.0,552.2641916380321,88.88411149528223,2295,0.034861935926472375,2295,0,0,1.0,0.0,0.0,True,2909.0,30.42964769609808,0.8624405589746262,2909,0,0.0,,0.30484544052339907,,
213,233,35.33061313028428,34.83058225086649,1.0,24.7660229,2.0,576.8300813852095,42.75487210844911,2966,0.04505468494898347,2966,0,0,1.0,0.0,0.0,True,2796.0,29.83277462405867,0.8504066802736779,2796,0,0.0,,0.3090169943749474,,
215,233,35.49603654113389,34.83058225086649,8.508270432752164,210.71602037693302,9.508270432752164,580.3154248460178,57.72710490158011,6983,0.10607446560982858,6983,0,0,1.0,0.0,0.0,True,1399.0,21.102500581000424,0.600128399274069,1399,0,0.0,,0.26688735915939243,,
215,234,35.49603654113389,34.52599409147591,1.0,24.7660229,2.0,580.5678155802284,50.660428028458185,2846,0.043231838626030666,2846,0,0,1.0,0.0,0.0,True,2701.0,29.321579128389704,0.837495824199489,2701,0,0.0,,0.3090169943749474,,
215,238,35.49603654113389,36.09271219568402,1.0,24.7660229,2.0,583.3606993208681,41.43596400149541,3885,0.05901464970559703,3885,0,0,1.0,0.0,0.0,True,3037.0,31.091914131171986,0.868625717861765,3038,0,0.0,,0.3090169943749474,,
216,220,34.0832826372151,35.05769562150811,1.0,24.7660229,2.0,565.8116358323027,81.69861493120041,2685,0.04078618647606899,2685,0,0,1.0,0.0,0.0,True,1881.0,24.469182575470523,0.7078055067114517,1881,0,0.0,,0.3090169943749474,,
217,246,33.78474394191668,35.227930699060316,11.265805313308377,279.00919237633696,12.265805313308377,600.0144219660235,34.20595710398168,7966,0.12100661507201697,7950,16,0,0.9979914637208135,0.002008536279186543,0.0,True,1662.0,23.000674573530667,0.6665637781229762,1662,0,0.0,,0.2663346240702891,0.2439866068887273,
218,231,33.89163266884529,34.48154338655396,1.0,24.7660229,2.0,585.6984296521059,67.3497554098957,2780,0.042229273148406625,2780,0,0,1.0,0.0,0.0,True,2182.0,26.354357735544063,0.7708975728783021,2183,0,0.0,,0.3164309725825327,,
218,232,33.89163266884529,34.68864810534706,1.0,24.7660229,2.0,585.8141038852253,67.64090814045305,2543,0.03862915166057484,2543,0,0,1.0,0.0,0.0,True,2182.0,26.354357735544063,0.7685695490900222,2182,0,0.0,,0.3090169943749474,,
218,236,33.89163266884529,33.55160320697043,3.414213562373095,84.55649127122264,4.414213562373095,588.9866312409101,62.82551319559274,3803,0.05776903805157928,3803,0,0,1.0,0.0,0.0,True,1546.0,22.18348674217244,0.6578417080407957,1546,0,0.0,,0.2791745113185196,,
216,225,34.0832826372151,36.64215497368188,1.0,24.7660229,2.0,578.5474775255323,61.50243281637166,2588,0.03931271903168214,2581,7,0,0.9972952086553323,0.002704791344667697,0.0,True,1712.0,23.34408972623798,0.6601327758385266,1712,0,0.0,,0.3090169943749474,0.42857142857142855,
216,227,34.0832826372151,34.311306060648974,1.0,24.7660229,2.0,575.7247984292321,64.45199657672934,2604,0.03955576520807585,2604,0,0,1.0,0.0,0.0,True,2650.0,29.043436408025915,0.8492904763657985,2650,0,0.0,,0.30901699437494745,,
216,230,34.0832826372151,34.30860204093089,3.1815405503520555,78.79410612729761,4.1815405503520555,578.357700502863,61.426054786402226,3529,0.05360687228083704,3529,0,0,1.0,0.0,0.0,True,1872.0,24.410573670769317,0.7138441581379462,1872,0,0.0,,0.27718637277259645,,
216,238,34.0832826372151,36.09271219568402,1.0,24.7660229,2.0,584.5425202719417,45.64379716610882,2991,0.04543444459959864,2991,0,0,1.0,0.0,0.0,True,2585.0,28.685031911871718,0.8175169295476499,2585,0,0.0,,0.3090169943749474,,
216,248,34.0832826372151,35.014066239580124,9.198039027185569,227.7988451823715,10.198039027185569,599.8604762406682,9.40418889818283,7264,0.11034296408274306,7264,0,0,1.0,0.0,0.0,True,1159.0,19.207320429643833,0.5559495622297074,1159,0,0.0,,0.2711923793731366,,
217,228,33.78474394191668,36.290526376322745,1.0,24.7660229,2.0,581.5193523327539,64.57437025022006,2929,0.04449264066607302,2929,0,0,1.0,0.0,0.0,True,3184.0,31.83549399034338,0.9086085246839819,3184,0,0.0,,0.3090169943749474,,
217,237,33.78474394191668,34.674688516582535,1.7320508075688772,42.89600996421431,2.732050807568877,588.5117956011869,50.964944504590015,3346,0.05082703163833402,3346,0,0,1.0,0.0,0.0,True,2905.0,30.40871946274476,0.8883719414758172,2905,0,0.0,,0.2989350844248255,,
217,240,33.78474394191668,33.897797428750565,1.0,24.7660229,2.0,588.7839786614087,49.79670595402954,2461,0.03738354000655709,2461,0,0,1.0,0.0,0.0,True,2729.0,29.473168804788614,0.8709238219462577,2729,0,0.0,,0.3090169943749474,,
218,239,33.89163266884529,34.11579037596209,1.0,24.7660229,2.0,591.2865006024144,57.00193195901491,2500,0.03797596506151675,2496,4,0,0.9984,0.0016,0.0,True,2154.0,26.184718727530473,0.7700547250637156,2154,0,0.0,,0.30901699437494745,0.4574428236973252,
218,247,33.89163266884529,34.7561702040083,1.0,24.7660229,2.0,606.6215058088459,7.348127127692333,2652,0.04028490373725697,2652,0,0,1.0,0.0,0.0,True,1921.0,24.727985994800747,0.720430515179075,1921,0,0.0,,0.3090169943749474,,
219,221,34.668399722527276,34.64647039677036,10.364905678081108,256.6974913796967,11.364905678081108,572.9233259040969,83.77894614697395,8420,0.1279030503271884,8392,28,0,0.9966745843230403,0.00332541567695962,0.0,True,1546.0,22.18348674217244,0.6400787220402347,1546,0,0.0,,0.2674788903885893,0.24519636345320212,
219,222,34.668399722527276,35.609171030451414,1.0,24.7660229,2.0,571.3236972825559,85.62056451104696,2627,0.0399051440866418,2627,0,0,1.0,0.0,0.0,True,2116.0,25.95272084319679,0.7385776305336164,2116,0,0.0,,0.3090169943749474,,
219,226,34.668399722527276,36.17663415581315,1.0,24.7660229,2.0,580.6707889930665,70.09846183181506,2958,0.044933161860786615,2958,0,0,1.0,0.0,0.0,True,2141.0,26.1055830488326,0.736977078553248,2141,0,0.0,,0.30901699437494745,,
219,231,34.668399722527276,34.48154338655396,1.0,24.7660229,2.0,583.7084075198065,64.58594994417228,2623,0.039844382542543376,2620,3,0,0.9988562714449104,0.001143728555089592,0.0,True,2224.0,26.60678836073137,0.7695389804951898,2224,0,0.0,,0.30901699437494745,0.45416345659799195,
219,240,34.668399722527276,33.897797428750565,1.0,24.7660229,2.0,589.7075771382155,50.41625897676675,2877,0.04370274059279348,2877,0,0,1.0,0.0,0.0,True,2365.0,27.43725352189364,0.8003142849342727,2365,0,0.0,,0.3090169943749474,,
219,243,34.668399722527276,35.653673295368634,1.0,24.7660229,2.0,593.6528073964105,44.59698067898905,2533,0.03847724780032877,2533,0,0,1.0,0.0,0.0,True,2319.0,27.169111617059006,0.7727050825178283,2319,0,0.0,,0.3090169943749474,,
220,225,35.05769562150811,36.64215497368188,1.0,24.7660229,2.0,583.4952552700563,70.09087764991578,2883,0.043793882908941116,2883,0,0,1.0,0.0,0.0,True,2207.0,26.50490367474717,0.7393293976131454,2207,0,0.0,,0.3090169943749474,,
220,238,35.05769562150811,36.09271219568402,1.0,24.7660229,2.0,589.4902980164658,57.08300885268695,2904,0.04411288101545786,2904,0,0,1.0,0.0,0.0,True,2679.0,29.201920914323004,0.8208504156252192,2679,0,0.0,,0.3090169943749474,,
220,245,35.05769562150811,34.17748716012868,1.0,24.7660229,2.0,603.9700983496352,14.850009669135058,2715,0.04124189805680719,2715,0,0,1.0,0.0,0.0,True,2987.0,30.834909275543243,0.8907294828062929,2987,0,0.0,,0.3090169943749474,,
221,228,34.64647039677036,36.290526376322745,1.0,24.7660229,2.0,586.773139402585,74.30600879999767,2938,0.04462935414029448,2938,0,0,1.0,0.0,0.0,True,3717.0,34.397061603357194,0.9697918763993751,3717,0,0.0,,0.3090169943749474,,
221,240,34.64647039677036,33.897797428750565,1.0,24.7660229,2.0,594.0377657312398,59.66877840091348,2701,0.041029232652462694,2701,0,0,1.0,0.0,0.0,True,2111.0,25.922040230930552,0.7563590961950303,2111,0,0.0,,0.3090169943749474,,
221,243,34.64647039677036,35.653673295368634,1.0,24.7660229,2.0,597.9829959894348,54.64532929019091,2821,0.0428520789754155,2821,0,0,1.0,0.0,0.0,True,3042.0,31.11749787131175,0.8852755125958961,3042,0,0.0,,0.30901699437494745,,
221,254,34.64647039677036,33.079346083855505,5.708203932499369,141.36950931014943,6.708203932499369,613.4007595305663,4.650200031809976,5484,0.08330407695894314,5484,0,0,1.0,0.0,0.0,True,2149.0,26.15431026444716,0.7723586550463826,2149,0,0.0,,0.27572628937504057,,
222,226,35.609171030451414,36.17663415581315,1.0,24.7660229,2.0,583.4013489645499,74.7772668367359,3162,0.048032000609806384,3162,0,0,1.0,0.0,0.0,True,2325.0,27.204236533623092,0.7579280183048872,2325,0,0.0,,0.3090169943749474,,
222,231,35.609171030451414,34.48154338655396,1.0,24.7660229,2.0,586.43896749129,69.19458387713739,3117,0.047348433238699084,3117,0,0,1.0,0.0,0.0,True,2033.0,25.43863201140436,0.7258773782802947,2033,0,0.0,,0.31451985913875646,,
222,232,35.609171030451414,34.68864810534706,1.0,24.7660229,2.0,586.5546417244093,69.52733455188803,2762,0.0419558461999637,2762,0,0,1.0,0.0,0.0,True,2296.0,27.034043328329254,0.7691289334625299,2296,0,0.0,,0.30901699437494745,,
222,241,35.609171030451414,33.32628604148168,1.0,24.7660229,2.0,592.1166527559653,59.97365018312311,2636,0.04004185756086326,2636,0,0,1.0,0.0,0.0,True,2267.0,26.862771859557856,0.7793600855225191,2268,0,0.0,,0.30901699437494745,,
222,250,35.609171030451414,33.041340634512444,1.0,24.7660229,2.0,608.5482505404672,12.823456405008656,2483,0.037717728499098435,2482,1,0,0.999597261377366,0.0004027386226339106,0.0,True,2067.0,25.65046850920847,0.7472768341302638,2067,0,0.0,,0.3090169943749474,0.30484544052339907,
223,235,33.121036953825204,33.21882311610344,1.0,24.7660229,2.0,591.7343797341504,56.60257168069372,2530,0.03843167664225495,2530,0,0,1.0,0.0,0.0,True,2562.0,28.55713445713473,0.8609344194284625,2564,0,0.0,,0.31339216579491175,,
223,237,33.121036953825204,34.674688516582535,1.0,24.7660229,2.0,591.9907522268859,57.79933036286438,2437,0.03701897074196653,2437,0,0,1.0,0.0,0.0,True,1938.0,24.837160856752256,0.732705806580489,1938,0,0.0,,0.30901699437494745,,
223,244,33.121036953825204,34.42052976168965,1.0,24.7660229,2.0,604.5273999605392,23.136026267101666,2744,0.04168241925152078,2744,0,0,1.0,0.0,0.0,True,2825.0,29.987087695693436,0.8879594938032481,2825,0,0.0,,0.31451985913875646,,
224,229,33.83959313062168,37.93561750614962,1.0,24.7660229,2.0,586.1964836514084,76.98671311430799,3028,0.04599648888250909,3028,0,0,1.0,0.0,0.0,True,2984.0,30.81942083122964,0.8587761863130076,2984,0,0.0,,0.3090169943749474,,
224,232,33.83959313062168,34.68864810534706,1.0,24.7660229,2.0,588.371639097747,71.91186472845926,2610,0.039646907524223486,2610,0,0,1.0,0.0,0.0,True,3090.0,31.362039925807014,0.9153026361151049,3090,0,0.0,,0.32037724101704074,,
224,241,33.83959313062168,33.32628604148168,1.0,24.7660229,2.0,593.933650129303,59.94259775841267,2710,0.04116594612668416,2710,0,0,1.0,0.0,0.0,True,5002.0,39.902206088026276,1.1881689506596746,5002,0,0.0,,0.31339216579491175,,
225,227,36.64215497368188,34.311306060648974,1.0,24.7660229,2.0,593.4084178669857,85.37233891623235,3097,0.04704462551820695,3097,0,0,1.0,0.0,0.0,True,3010.0,30.95339654081939,0.8724985670774419,3010,0,0.0,,0.3090169943749474,,
225,245,36.64215497368188,34.17748716012868,1.0,24.7660229,2.0,616.7059400428647,53.191298267128396,3145,0.04777376404738807,3145,0,0,1.0,0.0,0.0,True,3541.0,33.572835849490026,0.9481221547563217,3541,0,0.0,,0.3090169943749474,,
227,230,34.311306060648974,34.30860204093089,1.0,24.7660229,2.0,593.2186408443165,85.71622714280254,2483,0.037717728499098435,2483,0,0,1.0,0.0,0.0,True,2273.0,26.898296810314147,0.7839793889113312,2273,0,0.0,,0.3090169943749474,,
227,235,34.311306060648974,33.21882311610344,1.0,24.7660229,2.0,600.1753223150647,73.61896654081863,2544,0.038644342046599445,2544,0,0,1.0,0.0,0.0,True,1997.0,25.212394624649004,0.7467006188795652,1997,0,0.0,,0.3090169943749474,,
227,237,34.311306060648974,34.674688516582535,1.0,24.7660229,2.0,600.4316948078001,73.1613876215806,2817,0.042791317431317075,2817,0,0,1.0,0.0,0.0,True,1888.0,24.514670406003766,0.710714415476289,1888,0,0.0,,0.30901699437494745,,
227,248,34.311306060648974,35.014066239580124,1.0,24.7660229,2.0,614.7214165821216,45.94885580537084,2698,0.040983661494388875,2698,0,0,1.0,0.0,0.0,True,1895.0,24.560073988452952,0.7085450297212984,1895,0,0.0,,0.3090169943749474,,
225,248,36.64215497368188,35.014066239580124,1.0,24.7660229,2.0,617.5440956784216,53.56879557644038,2923,0.044401498349925385,2923,0,0,1.0,0.0,0.0,True,2144.0,26.123866405607867,0.7291444054203883,2144,0,0.0,,0.3090169943749474,,
225,251,36.64215497368188,33.81587946868166,1.0,24.7660229,2.0,620.7240861662381,47.54824575426855,2813,0.04273055588721865,2813,0,0,1.0,0.0,0.0,True,4429.0,37.54723006971365,1.0658040737831889,4429,0,0.0,,0.3090169943749474,,
226,243,36.17663415581315,35.653673295368634,1.0,24.7660229,2.0,605.7304590784044,68.62285886476394,2857,0.04339893287230134,2857,0,0,1.0,0.0,0.0,True,3704.0,34.3368580162012,0.9560548808603568,3704,0,0.0,,0.30901699437494745,,
226,253,36.17663415581315,33.890454875303725,1.0,24.7660229,2.0,621.6202859615719,35.089479885856946,2927,0.04446225989402381,2927,0,0,1.0,0.0,0.0,True,3650.0,34.085643379153574,0.9729430421753672,3650,0,0.0,,0.3090169943749474,,
228,259,36.290526376322745,34.31887504937378,1.0,24.7660229,2.0,631.9981971464645,2.2156017469842797,2773,0.04212294044623438,2773,0,0,1.0,0.0,0.0,True,3105.0,31.43806922507599,0.8904782816537202,3105,0,0.0,,0.3090169943749474,,
229,232,37.93561750614962,34.68864810534706,1.0,24.7660229,2.0,596.8798707484407,86.62381435329006,3062,0.04651296200734571,3062,0,0,1.0,0.0,0.0,True,2120.0,25.977239243415305,0.7153873164757487,2120,0,0.0,,0.30901699437494745,,
229,236,37.93561750614962,33.55160320697043,1.0,24.7660229,2.0,600.0523981041255,81.91049551310913,2616,0.039738049840371124,2616,0,0,1.0,0.0,0.0,True,2254.0,26.785639500640343,0.7493825954748405,2254,0,0.0,,0.3090169943749474,,
229,242,37.93561750614962,34.74516545116328,1.0,24.7660229,2.0,605.0771271445058,74.56167953053937,2881,0.0437635021368919,2881,0,0,1.0,0.0,0.0,True,3757.0,34.58164603358986,0.9516035635967339,3757,0,0.0,,0.3090169943749474,,
227,251,34.311306060648974,33.81587946868166,6.8173377998059435,168.8383440670296,7.8173377998059435,617.901407069938,42.930420810170375,6551,0.09951221884719849,6551,0,0,1.0,0.0,0.0,True,1901.0,24.598924643882018,0.7221470974547012,1901,0,0.0,,0.2687959533979826,,
227,260,34.311306060648974,33.82582795571956,5.0990195135927845,126.28243404118575,6.0990195135927845,626.7616269029687,15.9366360816637,4476,0.06799216784613958,4459,17,0,0.9962019660411081,0.0037980339588918675,0.0,True,1600.0,22.56758334191025,0.6624165711604147,1600,0,0.0,,0.27718637277259645,0.35388936786452296,
228,240,36.290526376322745,33.897797428750565,3.414213562373095,84.55649127122264,4.414213562373095,603.5573906367035,78.91040184773921,4252,0.06458952137662768,4252,0,0,1.0,0.0,0.0,True,2273.0,26.898296810314147,0.7664607260038285,2273,0,0.0,,0.27718637277259645,,
228,244,36.290526376322745,34.42052976168965,1.8284271247461903,45.2828680424453,2.8284271247461903,615.8218553101352,57.861055400702654,3257,0.04947508728214402,3257,0,0,1.0,0.0,0.0,True,3505.0,33.40173874327782,0.9447387881771978,3505,0,0.0,,0.29339977411634566,,
229,255,37.93561750614962,34.25877181770291,1.0,24.7660229,2.0,626.52475885278,13.586087406489321,3529,0.05360687228083704,3529,0,0,1.0,0.0,0.0,True,4998.0,39.88624839649106,1.1049680943367415,4998,0,0.0,,0.3090169943749474,,
230,239,34.30860204093089,34.11579037596209,1.0,24.7660229,2.0,602.9256812735525,77.93844431537875,2572,0.03906967285528843,2572,0,0,1.0,0.0,0.0,True,2977.0,30.78325082198345,0.899774180950813,2977,0,0.0,,0.3090169943749474,,
230,246,34.30860204093089,35.227930699060316,1.0,24.7660229,2.0,614.5672232462678,58.825943829055134,2647,0.040208951807133936,2647,0,0,1.0,0.0,0.0,True,2792.0,29.811427376513585,0.8574320922207476,2792,0,0.0,,0.3090169943749474,,
230,248,34.30860204093089,35.014066239580124,6.69041575982343,165.69498991830795,7.69041575982343,617.3543186557526,56.14655182351857,5921,0.08994227565169627,5921,0,0,1.0,0.0,0.0,True,1859.0,24.325667070312107,0.7018098891369676,1860,0,0.0,,0.2711923793731366,,
230,263,34.30860204093089,34.510365846562,5.0,123.8301145,6.0,633.4998702728816,0.910480079927103,4728,0.07182014512434047,4724,4,0,0.9991539763113367,0.0008460236886632825,0.0,True,2437.0,27.85177180414018,0.8094213749230592,2437,0,0.0,,0.27149702790318514,0.4181536073092208,
231,240,34.48154338655396,33.897797428750565,8.06225774829855,199.6700600200643,9.06225774829855,604.8228473469494,81.00670693150462,6408,0.09733999364567973,6408,0,0,1.0,0.0,0.0,True,1709.0,23.323627408447816,0.6821834527901027,1709,0,0.0,,0.2702316890551766,,
231,246,34.48154338655396,35.227930699060316,1.0,24.7660229,2.0,616.0532906515643,60.66771548806508,2687,0.040816567248118205,2687,0,0,1.0,0.0,0.0,True,2879.0,30.272333281779478,0.8685285229551511,2880,0,0.0,,0.3090169943749474,,
231,247,34.48154338655396,34.7561702040083,1.0,24.7660229,2.0,619.7467538852804,52.29842838865182,2627,0.0399051440866418,2627,0,0,1.0,0.0,0.0,True,2834.0,30.03481675397509,0.8675854587453943,2834,0,0.0,,0.3090169943749474,,
232,250,34.68864810534706,33.041340634512444,1.0,24.7660229,2.0,621.0486350108372,49.49260611874756,2553,0.0387810555208209,2553,0,0,1.0,0.0,0.0,True,2179.0,26.336234392837557,0.77768311741468,2179,0,0.0,,0.3090169943749474,,
232,258,34.68864810534706,33.333234644280125,1.0,24.7660229,2.0,632.057350855787,11.476084360382853,2510,0.038127868921762814,2510,0,0,1.0,0.0,0.0,True,2630.0,28.9336309623139,0.8507153813666669,2630,0,0.0,,0.3090169943749474,,
233,236,34.83058225086649,33.55160320697043,1.0,24.7660229,2.0,603.7653572062765,87.27258559401575,2488,0.03779368042922147,2488,0,0,1.0,0.0,0.0,True,1881.0,24.469182575470523,0.71565956576681,1881,0,0.0,,0.3090169943749474,,
233,242,34.83058225086649,34.74516545116328,1.0,24.7660229,2.0,608.7900862466568,78.80488243437149,2925,0.0444318791219746,2925,0,0,1.0,0.0,0.0,True,3000.0,30.90193616185517,0.8882962004001187,3000,0,0.0,,0.3090169943749474,,
231,250,34.48154338655396,33.041340634512444,9.770329614269007,241.9722069675344,10.770329614269007,620.9329607777178,55.65255312724544,7543,0.11458108178360833,7543,0,0,1.0,0.0,0.0,True,1191.0,19.470672162123595,0.5767132860038667,1191,0,0.0,,0.26900052367845045,,
231,257,34.48154338655396,35.18774368605474,1.0,24.7660229,2.0,625.9116662615306,37.50087321524552,2973,0.04516101765115572,2973,0,0,1.0,0.0,0.0,True,2686.0,29.2400470979385,0.8393956168222244,2686,0,0.0,,0.3090169943749474,,
232,236,34.68864810534706,33.55160320697043,1.0,24.7660229,2.0,602.2275535504641,84.68785805990434,2605,0.039570955594100454,2605,0,0,1.0,0.0,0.0,True,1736.0,23.507147049675353,0.6889525345412164,1736,0,0.0,,0.3090169943749474,,
232,247,34.68864810534706,34.7561702040083,7.152147760599405,177.13025522318858,8.152147760599405,619.8624281183999,57.796558917893826,6142,0.09329935096313435,6142,0,0,1.0,0.0,0.0,True,1422.0,21.275259296970987,0.6127241690574013,1422,0,0.0,,0.2687959533979826,,
234,249,34.52599409147591,34.71237346652139,1.7320508075688772,42.89600996421431,2.732050807568877,622.5279835671602,56.58541819945626,3122,0.047424385168822115,3122,0,0,1.0,0.0,0.0,True,2035.0,25.451141789397465,0.7351745191877437,2035,0,0.0,,0.29581631632448924,,
234,252,34.52599409147591,36.323125603100436,1.0,24.7660229,2.0,626.5769033706857,46.03170145462746,3070,0.04663448509554257,3070,0,0,1.0,0.0,0.0,True,3373.0,32.766739936983754,0.9249723942439364,3373,0,0.0,,0.3090169943749474,,
234,256,34.52599409147591,34.67217327271393,1.0,24.7660229,2.0,628.6510618217292,42.25839677583329,2498,0.03794558428946754,2498,0,0,1.0,0.0,0.0,True,3547.0,33.60126733166334,0.9711606133965927,3547,0,0.0,,0.30901699437494745,,
235,237,33.21882311610344,34.674688516582535,1.0,24.7660229,2.0,610.0212783521793,89.56720869728717,2363,0.03589488217614563,2363,0,0,1.0,0.0,0.0,True,1779.0,23.796497379256547,0.7009947432973904,1779,0,0.0,,0.3090169943749474,,
233,249,34.83058225086649,34.71237346652139,1.0,24.7660229,2.0,622.2755928329495,54.43280084241833,2889,0.043885025225088754,2889,0,0,1.0,0.0,0.0,True,2248.0,26.749964937194992,0.7693076792968889,2248,0,0.0,,0.3090169943749474,,
233,252,34.83058225086649,36.323125603100436,1.0,24.7660229,2.0,626.324512636475,47.73194894689596,2967,0.04506987533500808,2967,0,0,1.0,0.0,0.0,True,4000.0,35.682482323055424,1.002969020146884,4000,0,0.0,,0.3090169943749474,,
233,261,34.83058225086649,33.98035516780374,5.19114712955712,128.56406868788088,6.19114712955712,633.4322661480946,33.0032917913287,5331,0.08097994789717831,5330,1,0,0.9998124179328456,0.00018758206715438003,0.0,True,2008.0,25.281737508665255,0.7348174129598662,2008,0,0.0,,0.2775144043792301,0.29807335387954476,
234,238,34.52599409147591,36.09271219568402,7.194052389321207,178.16806621772872,8.194052389321207,605.4282987154651,85.86346492314496,7155,0.10868721200606093,7155,0,0,1.0,0.0,0.0,True,1944.0,24.875578761936154,0.7045039500096051,1944,0,0.0,,0.26820790199340255,,
235,251,33.21882311610344,33.81587946868166,1.0,24.7660229,2.0,627.4909906143171,58.46113311760348,2706,0.04110518458258573,2706,0,0,1.0,0.0,0.0,True,3370.0,32.752165064914024,0.9771704446212551,3370,0,0.0,,0.3090169943749474,,
235,262,33.21882311610344,34.900170281089025,1.0,24.7660229,2.0,641.6528081992348,18.24371838619982,2785,0.04230522507852966,2785,0,0,1.0,0.0,0.0,True,2723.0,29.44075101077522,0.864391839706446,2723,0,0.0,,0.30901699437494745,,
236,242,33.55160320697043,34.74516545116328,1.0,24.7660229,2.0,610.4248099465292,81.72147168554976,2496,0.037915203517418325,2496,0,0,1.0,0.0,0.0,True,2142.0,26.11167892353304,0.7646534217229999,2142,0,0.0,,0.31339216579491175,,
236,261,33.55160320697043,33.98035516780374,1.0,24.7660229,2.0,635.0669898479671,26.6600901637071,2691,0.04087732879221663,2689,2,0,0.9992567818654775,0.0007432181345224824,0.0,True,2729.0,29.473168804788614,0.8728658109165097,2729,0,0.0,,0.3090169943749474,0.4711259691497537,
237,244,34.674688516582535,34.42052976168965,1.0,24.7660229,2.0,622.8142985785682,68.16593699503213,2781,0.04224446353443123,2781,0,0,1.0,0.0,0.0,True,2579.0,28.651722399674266,0.8293402384021166,2579,0,0.0,,0.30901699437494745,,
237,246,34.674688516582535,35.227930699060316,1.0,24.7660229,2.0,621.7802772097514,70.94825595414402,3015,0.0457990138641892,3015,0,0,1.0,0.0,0.0,True,2662.0,29.10912085620675,0.8328477869021735,2662,0,0.0,,0.3090169943749474,,
237,260,34.674688516582535,33.82582795571956,1.0,24.7660229,2.0,636.6075829400834,40.195029975317624,2653,0.040300094123281574,2653,0,0,1.0,0.0,0.0,True,2182.0,26.354357735544063,0.769464497284494,2182,0,0.0,,0.3090169943749474,,
237,267,34.674688516582535,33.50211730798001,1.0,24.7660229,2.0,643.5877553248756,19.216799984788885,2444,0.03712530344413877,2409,35,0,0.9856792144026186,0.014320785597381341,0.0,True,1994.0,25.19344980447256,0.7390621927727784,1994,0,0.0,,0.3090169943749474,0.41421356237309503,
239,264,34.11579037596209,34.5159776141486,1.0,24.7660229,2.0,644.5069985133003,3.8818953396173157,2561,0.03890257860901776,2561,0,0,1.0,0.0,0.0,True,2535.0,28.406259195394057,0.8277874817238332,2535,0,0.0,,0.30901699437494745,,
240,243,33.897797428750565,35.653673295368634,3.16227766016838,78.31704094788851,4.16227766016838,614.7672472235533,83.83530655341997,4332,0.06580475225859622,4332,0,0,1.0,0.0,0.0,True,1662.0,23.000674573530667,0.6614000921638152,1662,0,0.0,,0.28172904669025317,,
240,246,33.897797428750565,35.227930699060316,1.0,24.7660229,2.0,622.0524602699732,71.24719893592514,2670,0.04055833068569989,2670,0,0,1.0,0.0,0.0,True,2423.0,27.771655590247494,0.8035114086291792,2423,0,0.0,,0.3090169943749474,,
240,254,33.897797428750565,33.079346083855505,1.0,24.7660229,2.0,630.1850107646849,54.06836120469008,2560,0.038887388222993154,2560,0,0,1.0,0.0,0.0,True,1855.0,24.2994822757797,0.7256052139997934,1855,0,0.0,,0.3090169943749474,,
238,239,36.09271219568402,34.11579037596209,1.0,24.7660229,2.0,609.1105010426311,88.66264336118789,2711,0.041181136512708764,2711,0,0,1.0,0.0,0.0,True,2310.0,27.11633893217439,0.7724517099478887,2310,0,0.0,,0.32037724101704074,,
238,245,36.09271219568402,34.17748716012868,2.23606797749979,55.37851073671648,3.23606797749979,622.7009827892741,67.3595042419693,3512,0.053348635718418726,3512,0,0,1.0,0.0,0.0,True,1915.0,24.68933842860029,0.7026972644146342,1915,0,0.0,,0.2857142857142857,,
238,248,36.09271219568402,35.014066239580124,1.0,24.7660229,2.0,623.5391384248312,63.41674059205188,3092,0.04696867358808392,3092,0,0,1.0,0.0,0.0,True,2842.0,30.077178998940926,0.845972202954555,2842,0,0.0,,0.3090169943749474,,
238,249,36.09271219568402,34.71237346652139,1.0,24.7660229,2.0,625.3208673077999,58.59647533745568,3342,0.05076627009423559,3342,0,0,1.0,0.0,0.0,True,2448.0,27.914558950087667,0.7884902246502894,2448,0,0.0,,0.3090169943749474,,
238,256,36.09271219568402,34.67217327271393,1.0,24.7660229,2.0,631.443945562369,51.94015269265044,2681,0.04072542493197056,2681,0,0,1.0,0.0,0.0,True,2083.0,25.749553256723427,0.7277494504876324,2083,0,0.0,,0.3090169943749474,,
238,269,36.09271219568402,34.83674706028701,7.4852813742385695,185.38064992733587,8.48528137423857,647.7281650451994,1.9378217691791175,6312,0.09588171658731749,6312,0,0,1.0,0.0,0.0,True,1695.0,23.227898249336405,0.6549577141286613,1696,0,0.0,,0.27094434898844844,,
239,247,34.11579037596209,34.7561702040083,1.0,24.7660229,2.0,625.334824835589,63.678348187676725,2605,0.039570955594100454,2605,0,0,1.0,0.0,0.0,True,2548.0,28.479002615897535,0.8270129781721332,2548,0,0.0,,0.30901699437494745,,
239,249,34.11579037596209,34.71237346652139,1.0,24.7660229,2.0,626.2101858943263,61.91197912424699,2591,0.03935829018975596,2591,0,0,1.0,0.0,0.0,True,2405.0,27.668308157023564,0.8039821669612979,2405,0,0.0,,0.30901699437494745,,
240,257,33.897797428750565,35.18774368605474,1.0,24.7660229,2.0,631.9108358799394,53.18832087103347,2467,0.037474682322704726,2467,0,0,1.0,0.0,0.0,True,1926.0,24.76014621907514,0.7167967658508777,1926,0,0.0,,0.30901699437494745,,
240,265,33.897797428750565,34.64454777330202,1.0,24.7660229,2.0,644.5702363989487,11.096516259693814,2711,0.041181136512708764,2697,14,0,0.9948358539284397,0.005164146071560309,0.0,True,1946.0,24.888371552065365,0.7262188499298694,1946,0,0.0,,0.3090169943749474,0.43405783005789966,
241,250,33.32628604148168,33.041340634512444,1.0,24.7660229,2.0,626.6106460423932,62.98857164328665,1755,0.026659127473184756,1746,9,0,0.9948717948717949,0.005128205128205128,0.0,True,2082.0,25.74337163299812,0.7757809920995643,2082,0,0.0,,0.3090169943749474,0.4211646096066227,
241,253,33.32628604148168,33.890454875303725,1.0,24.7660229,2.0,630.3355897529874,45.4862949241982,4244,0.06446799828843083,4244,0,0,1.0,0.0,0.0,True,3098.0,31.402611792610237,0.9343687707646166,3100,0,0.0,,0.31339216579491175,,
242,266,34.74516545116328,35.681884038672294,1.0,24.7660229,2.0,649.7004207123389,16.036215388125648,2748,0.04174318079561921,2747,1,0,0.9996360989810772,0.000363901018922853,0.0,True,4758.0,38.91681434113635,1.1051666830584188,4758,0,0.0,,0.3090169943749474,0.40149162409079436,
243,254,35.653673295368634,33.079346083855505,1.0,24.7660229,2.0,634.13024102288,63.52443474313119,2768,0.04204698851611134,2768,0,0,1.0,0.0,0.0,True,2800.0,29.854106607209232,0.8686976616724392,2800,0,0.0,,0.32037724101704074,,
243,257,35.653673295368634,35.18774368605474,9.645764924552132,238.88723500947486,10.645764924552132,635.8560661381345,64.50417394034473,8033,0.12202437093566562,8014,19,0,0.9976347566289058,0.0023652433710942364,0.0,True,1894.0,24.553592902711806,0.6931988079558163,1894,0,0.0,,0.26697807758999403,0.42144072152823886,
243,268,35.653673295368634,35.1236786136218,1.0,24.7660229,2.0,651.2807780097648,23.10928621025226,3048,0.04630029660300122,3048,0,0,1.0,0.0,0.0,True,3691.0,34.27654868717636,0.968573922665293,3691,0,0.0,,0.3090169943749474,,
244,259,34.42052976168965,34.31887504937378,1.0,24.7660229,2.0,651.5272881485507,61.57068278722784,3029,0.046011679268533695,3027,2,0,0.9993397160779135,0.0006602839220864972,0.0,True,2758.0,29.62935480389161,0.8620777234056831,2758,0,0.0,,0.3164309725825327,0.46024843541992844,
244,262,34.42052976168965,34.900170281089025,1.0,24.7660229,2.0,654.4458284256236,57.14146297005294,2844,0.043201457853981454,2844,0,0,1.0,0.0,0.0,True,3104.0,31.433006326383836,0.9068865809775762,3104,0,0.0,,0.30901699437494745,,
244,267,34.42052976168965,33.50211730798001,5.928203230275509,146.8180169568572,6.928203230275509,656.1244030585291,55.66916579650953,5600,0.08506616173779752,5600,0,0,1.0,0.0,0.0,True,1914.0,24.68289128436487,0.726794150382482,1914,0,0.0,,0.27669677546737487,,
245,248,34.17748716012868,35.014066239580124,1.0,24.7660229,2.0,638.0189387580006,88.63495000469426,2621,0.039814001770494156,2621,0,0,1.0,0.0,0.0,True,3200.0,31.915382432114615,0.9225225006221334,3200,0,0.0,,0.3090169943749474,,
245,256,34.17748716012868,34.67217327271393,1.7320508075688772,42.89600996421431,2.732050807568877,645.9237458955383,75.61885364998732,3164,0.0480623813818556,3164,0,0,1.0,0.0,0.0,True,2851.0,30.124765318753724,0.8750882757987761,2851,0,0.0,,0.29581631632448924,,
245,273,34.17748716012868,34.58750129728833,1.0,24.7660229,2.0,669.7688890138958,15.867801413467408,2708,0.041135565354634945,2708,0,0,1.0,0.0,0.0,True,3289.0,32.3561619426422,0.9410650003287323,3289,0,0.0,,0.30901699437494745,,
246,263,35.227930699060316,34.510365846562,1.0,24.7660229,2.0,652.2155506012018,58.03226881651802,2565,0.038963340153116185,2565,0,0,1.0,0.0,0.0,True,2317.0,27.157393215988957,0.7788372977599983,2317,0,0.0,,0.3090169943749474,,
246,265,35.227930699060316,34.64454777330202,1.0,24.7660229,2.0,655.8006797035636,51.21217328899699,2650,0.040254522965207755,2650,0,0,1.0,0.0,0.0,True,1744.0,23.56124872549269,0.6744071268292625,1744,0,0.0,,0.3090169943749474,,
248,263,35.014066239580124,34.510365846562,2.449489742783178,60.66411906308329,3.449489742783178,655.0026460106867,63.62874744800156,3449,0.05239164139886851,3449,0,0,1.0,0.0,0.0,True,2426.0,27.788842794939775,0.7993979083643246,2426,0,0.0,,0.28989794855663564,,
248,269,35.014066239580124,34.83674706028701,6.69041575982343,165.69498991830795,7.69041575982343,663.0461210139258,52.29023069952012,5772,0.08767890813402987,5771,1,0,0.9998267498267498,0.00017325017325017325,0.0,True,2183.0,26.36039608084854,0.7547627532319279,2183,0,0.0,,0.27195617308673,0.23630681346468205,
248,274,35.014066239580124,34.34405844173359,1.0,24.7660229,2.0,672.2543479452245,11.126849387427104,2799,0.04251789048287415,2799,0,0,1.0,0.0,0.0,True,2829.0,30.00830998263554,0.8653149179138722,2829,0,0.0,,0.3090169943749474,,
249,252,34.71237346652139,36.323125603100436,1.0,24.7660229,2.0,646.4694719630205,83.13001898326449,3331,0.05059917584796492,3331,0,0,1.0,0.0,0.0,True,2563.0,28.562707124659166,0.804181219214491,2563,0,0.0,,0.3090169943749474,,
247,264,34.7561702040083,34.5159776141486,1.0,24.7660229,2.0,659.8420037197318,56.355895565518864,2733,0.04151532500525011,2733,0,0,1.0,0.0,0.0,True,2741.0,29.537897657581695,0.8528073284264337,2741,0,0.0,,0.30901699437494745,,
247,272,34.7561702040083,33.60474923515784,1.0,24.7660229,2.0,667.6037702748147,39.065574456003304,2782,0.04225965392045584,2782,0,0,1.0,0.0,0.0,True,2532.0,28.38944578214513,0.8305753057463975,2532,0,0.0,,0.30901699437494745,,
248,251,35.014066239580124,33.81587946868166,9.885661164744507,244.82851078770312,10.885661164744507,642.0370848813741,85.43372038455787,7244,0.11003915636225094,7176,68,0,0.9906129210381005,0.009387078961899503,0.0,True,1745.0,23.568002702620237,0.6848182854164688,1745,0,0.0,,0.2682001507660439,0.30053901792121746,
248,260,35.014066239580124,33.82582795571956,1.0,24.7660229,2.0,650.8973047144048,69.72191735292375,2486,0.037763299657172254,2486,0,0,1.0,0.0,0.0,True,1962.0,24.990478120528174,0.7260463837910576,1962,0,0.0,,0.3090169943749474,,
246,267,35.227930699060316,33.50211730798001,1.0,24.7660229,2.0,655.0903816897123,50.54962219900634,2683,0.04075580570401977,2683,0,0,1.0,0.0,0.0,True,2302.0,27.069343508757026,0.7877004103353512,2302,0,0.0,,0.3090169943749474,,
246,271,35.227930699060316,35.45335338581034,1.0,24.7660229,2.0,666.0620229740252,21.9934385015612,2938,0.04462935414029448,2938,0,0,1.0,0.0,0.0,True,2209.0,26.516910426744545,0.7503233923963329,2209,0,0.0,,0.3090169943749474,,
247,250,34.7561702040083,33.041340634512444,5.414213562373095,134.08853707122265,6.414213562373095,641.8560369344577,88.15263918565934,5031,0.0764228320897963,5031,0,0,1.0,0.0,0.0,True,1599.0,22.560529869838636,0.6655267897245675,1599,0,0.0,,0.2775144043792301,,
247,258,34.7561702040083,33.333234644280125,1.0,24.7660229,2.0,652.8647527794076,69.12203782232613,2769,0.04206217890213595,2769,0,0,1.0,0.0,0.0,True,2163.0,26.239365156488432,0.7707326922581558,2163,0,0.0,,0.31339216579491175,,
249,261,34.71237346652139,33.98035516780374,2.0,49.5320458,3.0,653.57722547464,72.16003277084465,2787,0.04233560585057887,2787,0,0,1.0,0.0,0.0,True,2009.0,25.288031978452484,0.7362651762770793,2009,0,0.0,,0.28989794855663564,,
249,264,34.71237346652139,34.5159776141486,2.863703305156273,70.92254163430594,3.863703305156273,660.7173647784691,60.065733519346885,3689,0.056037334044774116,3685,4,0,0.9989156953103823,0.0010843046896177825,0.0,True,1766.0,23.70939178892142,0.6849619099346591,1766,0,0.0,,0.2801868778094689,0.447644398989701,
249,269,34.71237346652139,34.83674706028701,1.0,24.7660229,2.0,664.8278498968943,50.095820725334534,2693,0.04090770956426584,2693,0,0,1.0,0.0,0.0,True,2129.0,26.032321212010473,0.7486024557845,2129,0,0.0,,0.3090169943749474,,
249,277,34.71237346652139,34.67376189024381,1.0,24.7660229,2.0,676.2244497950935,13.147765422943543,2957,0.04491797147476201,2957,0,0,1.0,0.0,0.0,True,1983.0,25.12386324398493,0.7241753158553837,1983,0,0.0,,0.3090169943749474,,
250,272,33.041340634512444,33.60474923515784,1.0,24.7660229,2.0,668.7899771672519,37.347406151651725,2567,0.0389937209251654,2567,0,0,1.0,0.0,0.0,True,2426.0,27.788842794939775,0.8339226757123255,2426,0,0.0,,0.3090169943749474,,
251,260,33.81587946868166,33.82582795571956,1.0,24.7660229,2.0,654.0772952022212,74.74689340123933,2591,0.03935829018975596,2591,0,0,1.0,0.0,0.0,True,2094.0,25.817453431135647,0.763359010710667,2094,0,0.0,,0.31451985913875646,,
251,278,33.81587946868166,33.80209496931645,1.0,24.7660229,2.0,678.5201851273873,2.0136072466327435,2571,0.039054482469263824,2571,0,0,1.0,0.0,0.0,True,3789.0,34.728607210056424,1.0272004596026643,3789,0,0.0,,0.3090169943749474,,
252,276,36.323125603100436,35.416404891957015,1.0,24.7660229,2.0,677.2721821634414,44.30776224131908,2737,0.04157608654934854,2737,0,0,1.0,0.0,0.0,True,3020.0,31.004771508189638,0.8643706278597888,3020,0,0.0,,0.3090169943749474,,
250,253,33.041340634512444,33.890454875303725,1.0,24.7660229,2.0,646.7671875374892,83.59909311196843,2551,0.03875067474877169,2551,0,0,1.0,0.0,0.0,True,2624.0,28.900607975374268,0.8635838245557218,2624,0,0.0,,0.3090169943749474,,
250,257,33.041340634512444,35.18774368605474,1.0,24.7660229,2.0,648.0209493107077,81.65575602554401,2568,0.039008911311190005,2568,0,0,1.0,0.0,0.0,True,2749.0,29.580971537784905,0.8671073877762104,2749,0,0.0,,0.3090169943749474,,
250,258,33.041340634512444,33.333234644280125,1.0,24.7660229,2.0,654.0509596718448,70.89893943931146,2481,0.03768734772704922,2481,0,0,1.0,0.0,0.0,True,2360.0,27.408234736913393,0.8258654649552426,2360,0,0.0,,0.31451985913875646,,
250,270,33.041340634512444,36.93257697961072,13.181963895684492,326.46481970749534,14.181963895684492,668.1951860883718,51.6694179548022,11647,0.17692242602859423,11645,2,0,0.99982828196102,0.00017171803897999483,0.0,True,2178.0,26.330190506494557,0.7525715696438356,2178,0,0.0,,0.2637578950783859,0.14625951896221454,
252,280,36.323125603100436,35.3805234649262,1.0,24.7660229,2.0,683.970263931312,18.396964184997817,3081,0.04680157934181324,3081,0,0,1.0,0.0,0.0,True,3587.0,33.79019919653119,0.9424959436715356,3587,0,0.0,,0.3090169943749474,,
253,270,33.890454875303725,36.93257697961072,1.0,24.7660229,2.0,671.920129798966,53.00405334033022,2897,0.04400654831328561,2897,0,0,1.0,0.0,0.0,True,2598.0,28.757070162057335,0.8120824372774114,2598,0,0.0,,0.3090169943749474,,
253,279,33.890454875303725,35.465884428054814,1.0,24.7660229,2.0,683.2184810964225,14.06451205748596,2891,0.04391540599713797,2891,0,0,1.0,0.0,0.0,True,3084.0,31.331576548121713,0.9034956822354809,3084,0,0.0,,0.30901699437494745,,
254,259,33.079346083855505,34.31887504937378,1.0,24.7660229,2.0,658.6258172744458,74.26825178689106,2687,0.040816567248118205,2687,0,0,1.0,0.0,0.0,True,2630.0,28.9336309623139,0.8585873774062792,2630,0,0.0,,0.3203772410170408,,
254,265,33.079346083855505,34.64454777330202,1.0,24.7660229,2.0,663.9332301982754,64.69299526795237,2766,0.04201660774406213,2766,0,0,1.0,0.0,0.0,True,2309.0,27.110468959395977,0.8006175491497012,2309,0,0.0,,0.31451985913875646,,
255,258,34.25877181770291,33.333234644280125,1.0,24.7660229,2.0,661.7022389601264,84.28227824814267,2623,0.039844382542543376,2564,59,0,0.9775066717499047,0.02249332825009531,0.0,True,3241.0,32.11918960873181,0.9503842625768825,3241,0,0.0,,0.2989350844248255,0.4305008740430604,
255,275,34.25877181770291,35.17938662072192,1.0,24.7660229,2.0,680.4017481337902,50.018311521236974,2815,0.04276093665926786,2815,0,0,1.0,0.0,0.0,True,3991.0,35.6423169246825,1.026591652953722,3991,0,0.0,,0.3090169943749474,,
255,285,34.25877181770291,34.81456978693896,1.0,24.7660229,2.0,693.4832806676563,14.173403758867243,2343,0.035591074455653494,2343,0,0,1.0,0.0,0.0,True,3480.0,33.282403818227905,0.9636830373352391,3480,0,0.0,,0.3090169943749474,,
256,269,34.67217327271393,34.83674706028701,1.0,24.7660229,2.0,670.9509281514635,61.66470043347507,2865,0.043520455960498194,2865,0,0,1.0,0.0,0.0,True,2114.0,25.94045295272489,0.7463920552484563,2114,0,0.0,,0.3090169943749474,,
256,273,34.67217327271393,34.58750129728833,1.0,24.7660229,2.0,678.5118517869905,46.81025404369719,2596,0.03943424211987899,2596,0,0,1.0,0.0,0.0,True,2838.0,30.05600533985842,0.867922222460926,2838,0,0.0,,0.30901699437494745,,
256,276,34.67217327271393,35.416404891957015,1.0,24.7660229,2.0,679.3463406144849,42.615686985249134,3075,0.0467104370256656,3075,0,0,1.0,0.0,0.0,True,3790.0,34.73318972735684,0.9911226803817389,3790,0,0.0,,0.3090169943749474,,
257,265,35.18774368605474,34.64454777330202,1.0,24.7660229,2.0,665.6590553135298,68.39517011529917,3185,0.04838137948837234,3185,0,0,1.0,0.0,0.0,True,2411.0,27.70280013986166,0.7934094545926516,2411,0,0.0,,0.3090169943749474,,
258,272,33.333234644280125,33.60474923515784,12.114877048604,300.0373224164111,13.114877048604,679.7986930122017,67.5471897684195,9092,0.1381109897357241,9078,14,0,0.9984601847778266,0.0015398152221733391,0.0,True,871.0,16.65076307158569,0.4974981947940167,871,0,0.0,,0.26497134653345344,0.47191175225008736,
258,275,33.333234644280125,35.17938662072192,1.0,24.7660229,2.0,683.7591846904586,56.590048966979055,2706,0.04110518458258573,2706,0,0,1.0,0.0,0.0,True,2297.0,27.039929891998003,0.7893415663490508,2297,0,0.0,,0.3090169943749474,,
258,281,33.333234644280125,35.26885792123822,2.449489742783178,60.66411906308329,3.449489742783178,691.4878901622827,40.6829840244468,3954,0.06006278634129489,3954,0,0,1.0,0.0,0.0,True,1902.0,24.60539378919935,0.7173365379693046,1902,0,0.0,,0.28436465220442186,,
258,286,33.333234644280125,35.04746252041541,1.0,24.7660229,2.0,696.965276907494,25.551907726480607,2661,0.040421617211478425,2661,0,0,1.0,0.0,0.0,True,2316.0,27.151532118863187,0.7941285551233406,2316,0,0.0,,0.31451985913875646,,
257,268,35.18774368605474,35.1236786136218,1.0,24.7660229,2.0,668.424366666151,64.60972843780324,2731,0.0414849442332009,2725,6,0,0.9978030025631637,0.0021969974368363236,0.0,True,3315.0,32.48380015791358,0.923997811321846,3315,0,0.0,,0.3090169943749474,0.39676490936081604,
257,271,35.18774368605474,35.45335338581034,11.0,272.4262519,12.0,675.9203985839915,55.65217427766412,8698,0.13212597764202907,8698,0,0,1.0,0.0,0.0,True,1405.0,21.147704132794793,0.5987365714686075,1405,0,0.0,,0.26263588252245207,,
257,272,35.18774368605474,33.60474923515784,1.0,24.7660229,2.0,673.7686826510646,52.45708359915968,2950,0.044811638772589764,2950,0,0,1.0,0.0,0.0,True,2467.0,28.022678123537936,0.8147016319246362,2467,0,0.0,,0.3090169943749474,,
257,289,35.18774368605474,34.46426695422182,10.04987562112089,248.8954497748317,11.04987562112089,691.8888011715571,12.125765888529996,8338,0.12665743867317067,8324,14,0,0.9983209402734469,0.0016790597265531303,0.0,True,1860.0,24.33220886606579,0.6986792956123392,1860,0,0.0,,0.2692803301885514,0.19922191042144133,
259,265,34.31887504937378,34.64454777330202,1.0,24.7660229,2.0,673.0110429087096,81.18804373138275,2536,0.03852281895840259,2536,0,0,1.0,0.0,0.0,True,2225.0,26.612769430462027,0.7717937521428101,2225,0,0.0,,0.30901699437494745,,
259,267,34.31887504937378,33.50211730798001,6.032065437739018,149.39027076534305,7.032065437739018,672.3007448948583,82.97747279927563,4287,0.06512118488748891,4283,4,0,0.9990669465826919,0.0009330534173081409,0.0,True,1980.0,25.104851615652017,0.7403268735253153,1980,0,0.0,,0.27195617308673,0.22065642805522365,
259,283,34.31887504937378,34.40682226447841,1.0,24.7660229,2.0,693.9427613811351,41.51862628135016,2368,0.03597083410626867,2368,0,0,1.0,0.0,0.0,True,2650.0,29.043436408025915,0.84519874059312,2650,0,0.0,,0.3090169943749474,,
259,287,34.31887504937378,34.903763246396856,1.0,24.7660229,2.0,699.3468491553779,21.779784321826746,2578,0.03916081517143607,2578,0,0,1.0,0.0,0.0,True,2729.0,29.473168804788614,0.8515471103212593,2730,0,0.0,,0.31339216579491175,,
260,262,33.82582795571956,34.900170281089025,1.0,24.7660229,2.0,668.2391127871388,80.7422173125338,2987,0.045373683055500214,2987,0,0,1.0,0.0,0.0,True,2009.0,25.288031978452484,0.7359087573036839,2010,0,0.0,,0.31339216579491175,,
260,263,33.82582795571956,34.510365846562,1.0,24.7660229,2.0,667.0428563315338,82.86192142700021,2964,0.04502430417693426,2964,0,0,1.0,0.0,0.0,True,2369.0,27.4604464706858,0.8036867417619904,2369,0,0.0,,0.30901699437494745,,
260,267,33.82582795571956,33.50211730798001,1.0,24.7660229,2.0,669.9176874200442,77.95963285166795,2484,0.03773291888512304,2484,0,0,1.0,0.0,0.0,True,1978.0,25.092169194223484,0.7453716015228564,1978,0,0.0,,0.3090169943749474,,
260,274,33.82582795571956,34.34405844173359,1.0,24.7660229,2.0,684.2945582660716,50.61988155184275,2692,0.040892519178241236,2692,0,0,1.0,0.0,0.0,True,2024.0,25.38226171238474,0.7446766616097229,2024,0,0.0,,0.3090169943749474,,
260,288,33.82582795571956,35.592720937992624,1.8284271247461903,45.2828680424453,2.8284271247461903,695.3024641156754,27.672399269221057,2850,0.04329260017012909,2819,31,0,0.9891228070175438,0.01087719298245614,0.0,True,1849.0,24.260152092553522,0.698953017001223,1849,0,0.0,,0.2857142857142857,0.407669683062202,
261,264,33.98035516780374,34.5159776141486,1.0,24.7660229,2.0,671.8740380936142,78.0157826046013,2683,0.04075580570401977,2683,0,0,1.0,0.0,0.0,True,2180.0,26.34227689249097,0.7691587512092831,2180,0,0.0,,0.3090169943749474,,
261,266,33.98035516780374,35.681884038672294,1.0,24.7660229,2.0,674.3426006137768,73.78429092183151,2740,0.041621657707422356,2740,0,0,1.0,0.0,0.0,True,2822.0,29.971161118826497,0.8604707933660645,2822,0,0.0,,0.3090169943749474,,
261,275,33.98035516780374,35.17938662072192,1.0,24.7660229,2.0,683.5962963269538,57.58365309668455,2516,0.03821901123791046,2516,0,0,1.0,0.0,0.0,True,2328.0,27.221781995965376,0.7872146798697783,2328,0,0.0,,0.31451985913875646,,
261,277,33.98035516780374,34.67376189024381,4.0197648378370845,99.55358802648801,5.0197648378370845,687.3811231102386,49.951569214605485,4781,0.07262523558364463,4781,0,0,1.0,0.0,0.0,True,2569.0,28.59612032437544,0.8330489575795496,2569,0,0.0,,0.2791745113185196,,
261,281,33.98035516780374,35.26885792123822,6.69041575982343,165.69498991830795,7.69041575982343,691.325001798778,47.17837609459385,5872,0.08919794673649054,5838,34,0,0.9942098092643051,0.0057901907356948225,0.0,True,1672.0,23.06976657227589,0.6662824180431435,1672,0,0.0,,0.27009524597221646,0.3987835388076451,
262,267,34.900170281089025,33.50211730798001,6.0,148.5961374,7.0,675.2192851719312,87.46236237353284,5206,0.07908114964410248,5180,26,0,0.9950057625816365,0.004994237418363427,0.0,True,1663.0,23.007593110180906,0.6727141422053146,1663,0,0.0,,0.2727272727272727,0.4342990633062046,
262,288,34.900170281089025,35.592720937992624,1.0,24.7660229,2.0,700.6040618675625,35.59550585717262,3307,0.05023460658337436,3307,0,0,1.0,0.0,0.0,True,3395.0,32.87342488384758,0.9326734743133676,3395,0,0.0,,0.3090169943749474,,
263,264,34.510365846562,34.5159776141486,1.0,24.7660229,2.0,675.0811875126294,83.43770550030449,2543,0.03862915166057484,2539,4,0,0.9984270546598506,0.0015729453401494297,0.0,True,3161.0,31.720301862166483,0.9190781452945279,3161,0,0.0,,0.3090169943749474,0.45210477958494577,
263,271,34.510365846562,35.45335338581034,1.0,24.7660229,2.0,684.9946700006391,66.74622312220227,2815,0.04276093665926786,2815,0,0,1.0,0.0,0.0,True,2490.0,28.15300368695388,0.8047886532003414,2490,0,0.0,,0.3090169943749474,,
263,274,34.510365846562,34.34405844173359,1.0,24.7660229,2.0,688.3998995623535,60.031238378782696,2567,0.0389937209251654,2567,0,0,1.0,0.0,0.0,True,1772.0,23.74963406702674,0.6898506323307938,1772,0,0.0,,0.3090169943749474,,
263,290,34.510365846562,35.2852278107394,8.22446323827975,203.68724489944444,9.22446323827975,703.4270829841928,35.10320413484446,6453,0.09802356101678704,6453,0,0,1.0,0.0,0.0,True,1682.0,23.138652263283095,0.6630404886845613,1682,0,0.0,,0.2661832955178855,,
263,292,34.510365846562,34.58384231427702,1.0,24.7660229,2.0,704.3604248827969,19.65058317576956,2572,0.03906967285528843,2572,0,0,1.0,0.0,0.0,True,2109.0,25.909757813642617,0.7499834936476675,2109,0,0.0,,0.31120458008492957,,
264,269,34.5159776141486,34.83674706028701,10.23606797749979,253.50669393671646,11.23606797749979,683.1246625158685,84.01853305107866,8902,0.13522481639104883,8895,7,0,0.9992136598517187,0.0007863401482812851,0.0,True,1779.0,23.796497379256547,0.6862454933375751,1779,0,0.0,,0.264908564940645,0.2846469855965672,
264,277,34.5159776141486,34.67376189024381,1.0,24.7660229,2.0,694.5212624140676,62.80292120873467,2847,0.04324702901205527,2847,0,0,1.0,0.0,0.0,True,2072.0,25.68147355921802,0.742349190593142,2072,0,0.0,,0.3090169943749474,,
264,281,34.5159776141486,35.26885792123822,1.0,24.7660229,2.0,698.465141102607,56.63379961497073,2519,0.03826458239598428,2519,0,0,1.0,0.0,0.0,True,2697.0,29.299859437165964,0.8397199538374909,2697,0,0.0,,0.3090169943749474,,
264,290,34.5159776141486,35.2852278107394,1.0,24.7660229,2.0,707.3600728690064,35.466072577967445,2830,0.04298879244963696,2830,0,0,1.0,0.0,0.0,True,2469.0,28.034034832463544,0.8032536017628101,2470,0,0.0,,0.3090169943749474,,
265,267,34.64454777330202,33.50211730798001,1.0,24.7660229,2.0,677.6081578186879,88.82517427391636,2471,0.03753544386680315,2471,0,0,1.0,0.0,0.0,True,1830.0,24.135183689301744,0.7083305884598892,1831,0,0.0,,0.31451985913875646,,
265,271,34.64454777330202,35.45335338581034,1.0,24.7660229,2.0,688.5797991030008,72.68435924793566,2867,0.04355083673254741,2861,6,0,0.9979072200906871,0.0020927799093128706,0.0,True,1742.0,23.547734959697575,0.6718527821895134,1742,0,0.0,,0.3090169943749474,0.4368328177475068,
265,284,34.64454777330202,33.82881831470327,10.58090860936498,262.04702492234026,11.58090860936498,700.5728914132665,56.0505326786035,8034,0.12203956132169022,8026,8,0,0.9990042320139407,0.0009957679860592482,0.0,True,1954.0,24.93947709161375,0.7284431456038052,1954,0,0.0,,0.2677308845343507,0.23489530108113826,
265,287,34.64454777330202,34.903763246396856,8.0,198.1281832,9.0,704.6542620792075,46.92562142516061,7126,0.10824669081134734,7126,0,0,1.0,0.0,0.0,True,1583.0,22.44737289370274,0.6455188505539623,1583,0,0.0,,0.26747889038858924,,
265,289,34.64454777330202,34.46426695422182,1.0,24.7660229,2.0,704.5482016905664,42.065878043196605,2478,0.0376417765689754,2478,0,0,1.0,0.0,0.0,True,1774.0,23.7630330153801,0.6876990470483655,1775,0,0.0,,0.30901699437494745,,
265,291,34.64454777330202,34.54907662810944,1.0,24.7660229,2.0,707.4602954041995,29.745447792544724,2859,0.043429313644350556,2859,0,0,1.0,0.0,0.0,True,1846.0,24.24046307097448,0.700655971722158,1846,0,0.0,,0.30901699437494745,,
266,275,35.681884038672294,35.17938662072192,1.0,24.7660229,2.0,693.2049981509454,74.85814220325848,3063,0.04652815239337032,3063,0,0,1.0,0.0,0.0,True,4813.0,39.14109710013996,1.1047246750140218,4813,0,0.0,,0.30901699437494745,,
266,280,35.681884038672294,35.3805234649262,3.3166247903554,82.13960550864952,4.3166247903554,700.6867192669231,63.13447760673444,4235,0.06433128481420937,4235,0,0,1.0,0.0,0.0,True,3760.0,34.595450164018,0.9736638928892505,3760,0,0.0,,0.2801868778094689,,
266,294,35.681884038672294,35.12393662980573,1.0,24.7660229,2.0,715.1618981818447,30.983840379041503,2983,0.04531292151140179,2983,0,0,1.0,0.0,0.0,True,3360.0,32.703535245865034,0.9237527349336773,3360,0,0.0,,0.3090169943749474,,
267,283,33.50211730798001,34.40682226447841,3.2426406871192857,80.30731351366796,4.242640687119286,698.5398762911134,53.14571011737789,3700,0.056204428291044786,3697,3,0,0.9991891891891892,0.0008108108108108108,0.0,True,1948.0,24.901157769991823,0.7333690653031752,1948,0,0.0,,0.27792629762666365,0.3364707442038019,
267,288,33.50211730798001,35.592720937992624,1.0,24.7660229,2.0,702.2826365004678,42.47497555608675,2643,0.04014819026303551,2643,0,0,1.0,0.0,0.0,True,2001.0,25.237632263224796,0.730521494916325,2001,0,0.0,,0.3090169943749474,,
267,291,33.50211730798001,34.54907662810944,1.0,24.7660229,2.0,706.7499973903482,32.05573329032726,2476,0.03761139579692619,2476,0,0,1.0,0.0,0.0,True,2078.0,25.71863028020577,0.7558612507036842,2078,0,0.0,,0.3090169943749474,,
268,279,35.1236786136218,35.465884428054814,1.0,24.7660229,2.0,699.8969547412714,62.6821493075908,3027,0.04598129849648448,3027,0,0,1.0,0.0,0.0,True,3091.0,31.36711427903589,0.8887181879994499,3091,0,0.0,,0.30901699437494745,,
268,284,35.1236786136218,33.82881831470327,1.0,24.7660229,2.0,703.3382027658874,55.79846201195052,2702,0.0410444230384873,2702,0,0,1.0,0.0,0.0,True,3239.0,32.109277807968496,0.9313448892603711,3239,0,0.0,,0.30901699437494745,,
268,293,35.1236786136218,35.23940503209775,1.0,24.7660229,2.0,718.4253575771747,5.006844580166442,3139,0.04768262173124043,3139,0,0,1.0,0.0,0.0,True,2428.0,27.80029502818709,0.7901954714822477,2428,0,0.0,,0.3090169943749474,,
269,273,34.83674706028701,34.58750129728833,1.0,24.7660229,2.0,694.7960712698209,77.36185662985476,2687,0.040816567248118205,2687,0,0,1.0,0.0,0.0,True,2438.0,27.857485574187805,0.8025289789442306,2438,0,0.0,,0.3090169943749474,,
269,274,34.83674706028701,34.34405844173359,6.330293345472711,156.77618995769478,7.330293345472711,696.4433745655926,76.08878215064371,5634,0.08558263486263415,5634,0,0,1.0,0.0,0.0,True,2069.0,25.662875024327708,0.741907378444102,2069,0,0.0,,0.26968623182294527,,
269,276,34.83674706028701,35.416404891957015,7.0710678118654755,175.12222735611326,8.071067811865476,695.6305600973153,77.8691483081099,5983,0.09088407958522188,5983,0,0,1.0,0.0,0.0,True,1552.0,22.22649192646566,0.632754298101089,1552,0,0.0,,0.27013511384464434,,
269,277,34.83674706028701,34.67376189024381,1.0,24.7660229,2.0,698.6317475324929,71.52464767689192,2618,0.03976843061242034,2616,2,0,0.9992360580595875,0.0007639419404125286,0.0,True,1601.0,22.57463461011604,0.6495315586361751,1602,0,0.0,,0.3090169943749474,0.4186895364487858,
269,290,34.83674706028701,35.2852278107394,1.0,24.7660229,2.0,711.4705579874319,46.82722676667343,2822,0.042867269361440107,2822,0,0,1.0,0.0,0.0,True,2027.0,25.401065711787442,0.7244823255051497,2027,0,0.0,,0.30901699437494745,,
269,295,34.83674706028701,33.79666162392139,6.032065437739018,149.39027076534305,7.032065437739018,719.364824899398,31.530978566230395,5433,0.08252936727168819,5376,57,0,0.9895085588072888,0.010491441192711209,0.0,True,1353.0,20.75266912969676,0.6047395729733488,1353,0,0.0,,0.2742918851774317,0.32992307237087687,
269,296,34.83674706028701,34.374189436307816,1.7320508075688772,42.89600996421431,2.732050807568877,720.73587019878,23.68482477959621,2863,0.04349007518844898,2863,0,0,1.0,0.0,0.0,True,1801.0,23.943184938871582,0.6918902170916177,1801,0,0.0,,0.29339977411634566,,
270,279,36.93257697961072,35.465884428054814,1.0,24.7660229,2.0,704.646479647305,72.03639839314314,3411,0.051814406729933454,3411,0,0,1.0,0.0,0.0,True,3390.0,32.849208729633816,0.9074559898356002,3390,0,0.0,,0.30901699437494745,,
270,286,36.93257697961072,35.04746252041541,1.0,24.7660229,2.0,711.1095033240209,58.583463676194484,3338,0.05070550855013716,3338,0,0,1.0,0.0,0.0,True,3203.0,31.93033926294366,0.8871998260832317,3203,0,0.0,,0.3090169943749474,,
270,305,36.93257697961072,34.42825221769714,9.645764924552132,238.88723500947486,10.645764924552132,734.3630618114667,3.347419830235416,8060,0.12243451135833,8049,11,0,0.99863523573201,0.0013647642679900744,0.0,True,2915.0,30.461013086004705,0.853718025102597,2915,0,0.0,,0.26675650430010106,0.3090169943749474,
271,272,35.45335338581034,33.60474923515784,1.0,24.7660229,2.0,696.6894264405357,86.114875571044,3927,0.05965264591863051,3927,0,0,1.0,0.0,0.0,True,2730.0,29.47856830447755,0.8537323553840862,2730,0,0.0,,0.31339216579491175,,
271,289,35.45335338581034,34.46426695422182,1.0,24.7660229,2.0,714.809544961028,62.84243839834478,2745,0.04169760963754539,2745,0,0,1.0,0.0,0.0,True,2088.0,25.780439141949365,0.7374518473761176,2088,0,0.0,,0.3090169943749474,,
271,291,35.45335338581034,34.54907662810944,1.0,24.7660229,2.0,717.7216386746612,56.43031277938004,2743,0.041667228865496175,2743,0,0,1.0,0.0,0.0,True,1840.0,24.201036973199617,0.691434196452532,1840,0,0.0,,0.3090169943749474,,
271,292,35.45335338581034,34.58384231427702,1.0,24.7660229,2.0,718.2068972556203,55.90235452764901,2867,0.04355083673254741,2867,0,0,1.0,0.0,0.0,True,1966.0,25.01593964330208,0.714361544412061,1966,0,0.0,,0.3090169943749474,,
271,297,35.45335338581034,34.60392392015195,1.0,24.7660229,2.0,726.6446386884309,37.044247555683874,2898,0.04402173869931022,2898,0,0,1.0,0.0,0.0,True,2711.0,29.375808098574183,0.8386226021967922,2711,0,0.0,,0.3090169943749474,,
272,281,33.60474923515784,35.26885792123822,1.0,24.7660229,2.0,706.2269076576898,70.84456187229905,3102,0.04712057744832998,3102,0,0,1.0,0.0,0.0,True,2177.0,26.324145232506833,0.7644189499972254,2177,0,0.0,,0.3216029876173885,,
272,286,33.60474923515784,35.04746252041541,3.414213562373095,84.55649127122264,4.414213562373095,711.704294402901,60.49440038884829,4321,0.06563765801232554,4321,0,0,1.0,0.0,0.0,True,2575.0,28.62949452790358,0.8340443460098549,2575,0,0.0,,0.27718637277259645,,
272,289,33.60474923515784,34.46426695422182,4.155870949147037,102.92439509602025,5.155870949147037,712.6578290281012,61.12409062727085,3247,0.049323183421897954,3247,0,0,1.0,0.0,0.0,True,2144.0,26.123866405607867,0.767569971422146,2144,0,0.0,,0.2801868778094689,,
272,298,33.60474923515784,33.327575691889606,1.0,24.7660229,2.0,728.712880147394,9.073600690549192,1956,0.029712395064130703,1956,0,0,1.0,0.0,0.0,True,2269.0,26.87461872754702,0.8030385544455202,2269,0,0.0,,0.3090169943749474,,
273,282,34.58750129728833,34.18211906823337,1.0,24.7660229,2.0,710.6545907244797,75.61938912970687,3179,0.0482902371722247,3179,0,0,1.0,0.0,0.0,True,3764.0,34.61384710770804,1.006660991400849,3764,0,0.0,,0.30901699437494745,,
274,290,34.34405844173359,35.2852278107394,2.449489742783178,60.66411906308329,3.449489742783178,720.6787849187306,65.70015695942158,3598,0.05465500891653491,3598,0,0,1.0,0.0,0.0,True,1820.0,24.069150231250354,0.6913513415598312,1820,0,0.0,,0.28989794855663564,,
274,292,34.34405844173359,34.58384231427702,4.449489742783178,110.1961648630833,5.449489742783178,721.6121268173347,64.83288458107269,4473,0.06794659668806577,4469,4,0,0.9991057455846188,0.000894254415381176,0.0,True,1511.0,21.930942479148218,0.636344418982927,1511,0,0.0,,0.27792629762666365,0.4445986403436635,
274,295,34.34405844173359,33.79666162392139,1.0,24.7660229,2.0,728.5730518306967,47.167513653149584,2592,0.039373480575780564,2592,0,0,1.0,0.0,0.0,True,1819.0,24.062536918793814,0.7062601303775208,1819,0,0.0,,0.3090169943749474,,
274,304,34.34405844173359,35.06397500998083,1.0,24.7660229,2.0,739.5319796930744,13.019187350842564,2633,0.03999628640278944,2633,0,0,1.0,0.0,0.0,True,2237.0,26.684437700523873,0.7689149619571811,2237,0,0.0,,0.3090169943749474,,
273,295,34.58750129728833,33.79666162392139,1.0,24.7660229,2.0,726.9257485349251,44.342676047207405,2613,0.039692478682297305,2613,0,0,1.0,0.0,0.0,True,1942.0,24.862779389459288,0.7271502151194122,1942,0,0.0,,0.30901699437494745,,
273,299,34.58750129728833,35.30158252533907,1.0,24.7660229,2.0,733.9268681120618,24.976366572725784,3144,0.04775857366136346,3144,0,0,1.0,0.0,0.0,True,3614.0,33.91713326135066,0.9705988805756701,3614,0,0.0,,0.3090169943749474,,
274,278,34.34405844173359,33.80209496931645,3.4721359549995796,85.99099857343296,4.47213595499958,708.7374481912377,85.20101877211442,3243,0.04926242187779953,3243,0,0,1.0,0.0,0.0,True,2155.0,26.190796183508223,0.7686654307698997,2155,0,0.0,,0.2801868778094689,,
274,282,34.34405844173359,34.18211906823337,1.0,24.7660229,2.0,712.3018940202513,78.92601620250758,2537,0.0385380093444272,2537,0,0,1.0,0.0,0.0,True,2726.0,29.456964367310718,0.8597288054780606,2726,0,0.0,,0.30901699437494745,,
276,277,35.416404891957015,34.67376189024381,1.0,24.7660229,2.0,707.0271599955142,85.33534699815361,2628,0.03992033447266641,2628,0,0,1.0,0.0,0.0,True,2013.0,25.313194205551593,0.7223037229804338,2013,0,0.0,,0.3090169943749474,,
276,280,35.416404891957015,35.3805234649262,5.477225575051661,135.6490940201951,6.477225575051661,710.7240543282073,79.76241061317623,6067,0.09216007201128884,6066,1,0,0.9998351738915444,0.00016482610845557937,0.0,True,2235.0,26.672506361809575,0.7534933218389085,2235,0,0.0,,0.27149702790318514,0.4220644500147603,
276,296,35.416404891957015,34.374189436307816,1.0,24.7660229,2.0,729.1312826618014,45.63548662894308,2641,0.04011780949098629,2641,0,0,1.0,0.0,0.0,True,2077.0,25.71244122217362,0.7368454580350297,2077,0,0.0,,0.3090169943749474,,
276,301,35.416404891957015,35.23991767703222,1.0,24.7660229,2.0,735.548905718506,22.868281078692902,3106,0.04718133899242841,3106,0,0,1.0,0.0,0.0,True,3142.0,31.624826677619442,0.895173298801131,3142,0,0.0,,0.3090169943749474,,
275,281,35.17938662072192,35.26885792123822,1.0,24.7660229,2.0,710.1873993359466,77.44614434676203,2816,0.04277612704529247,2816,0,0,1.0,0.0,0.0,True,1918.0,24.708669767927827,0.7014701339565936,1918,0,0.0,,0.3090169943749474,,
275,285,35.17938662072192,34.81456978693896,1.0,24.7660229,2.0,715.5402263979886,68.04497509362861,3067,0.04658891393746875,3067,0,0,1.0,0.0,0.0,True,3237.0,32.09936294659024,0.9172038442758166,3237,0,0.0,,0.31339216579491175,,
275,294,35.17938662072192,35.12393662980573,2.4641016151377544,61.02599702842861,3.4641016151377544,724.4155938950217,53.31431363791259,3568,0.0541992973357967,3464,104,0,0.9708520179372198,0.02914798206278027,0.0,True,2251.0,26.767808162038836,0.7614948177243651,2251,0,0.0,,0.2801868778094689,0.401656803400581,
275,300,35.17938662072192,34.4072255820722,1.0,24.7660229,2.0,734.0030702870603,23.44492167513852,2890,0.04390021561111336,2890,0,0,1.0,0.0,0.0,True,2019.0,25.35089071817938,0.7286140226025103,2019,0,0.0,,0.31451985913875646,,
277,280,34.67376189024381,35.3805234649262,1.0,24.7660229,2.0,713.7252417633849,83.91898577761957,2696,0.04095328072233966,2696,0,0,1.0,0.0,0.0,True,2630.0,28.9336309623139,0.8260345763466873,2630,0,0.0,,0.3090169943749474,,
277,290,34.67376189024381,35.2852278107394,8.797958971132712,217.89045335233317,9.797958971132712,722.8671578856308,70.9809647805154,7803,0.11853058215000607,7723,80,0,0.9897475330001282,0.010252466999871843,0.0,True,1161.0,19.223885607737603,0.5495758497915366,1161,0,0.0,,0.2663977630850204,0.3325232780040457,
277,294,34.67376189024381,35.12393662980573,3.6855577202829677,91.27660689979977,4.685557720282968,728.2004206783065,60.68695152749667,4560,0.06926816027220654,4560,0,0,1.0,0.0,0.0,True,2405.0,27.668308157023564,0.7928143404062464,2405,0,0.0,,0.27792629762666365,,
277,296,34.67376189024381,34.374189436307816,1.0,24.7660229,2.0,732.132470096979,48.33361922945024,2767,0.042031798130086735,2767,0,0,1.0,0.0,0.0,True,2230.0,26.642654638565077,0.7717145585554814,2230,0,0.0,,0.3090169943749474,,
278,306,33.80209496931645,33.965117400168836,4.0197648378370845,99.55358802648801,5.0197648378370845,744.4076110082584,26.984597172712576,4121,0.06259958080740421,4121,0,0,1.0,0.0,0.0,True,2187.0,26.384535642757676,0.7786814514046115,2187,0,0.0,,0.27718637277259645,,
279,293,35.465884428054814,35.23940503209775,1.0,24.7660229,2.0,734.4732337806647,56.871594300165384,3150,0.0478497159775111,3150,0,0,1.0,0.0,0.0,True,2813.0,29.923330527115514,0.8464241008158077,2813,0,0.0,,0.3090169943749474,,
279,308,35.465884428054814,33.304633671514225,1.0,24.7660229,2.0,750.6273075494132,3.5667847337046417,2574,0.03910005362733764,2574,0,0,1.0,0.0,0.0,True,3183.0,31.830494305351365,0.9257017450200316,3183,0,0.0,,0.3090169943749474,,
280,294,35.3805234649262,35.12393662980573,1.0,24.7660229,2.0,731.8973150109996,65.84684580518655,2763,0.04197103658598831,2763,0,0,1.0,0.0,0.0,True,2234.0,26.666538690549782,0.7564496956566948,2234,0,0.0,,0.3090169943749474,,
277,302,34.67376189024381,36.1197536150496,1.0,24.7660229,2.0,739.0932232064524,38.821586352288556,2873,0.043641979048695045,2873,0,0,1.0,0.0,0.0,True,2361.0,27.414040951306866,0.7744788701518022,2361,0,0.0,,0.3090169943749474,,
278,282,33.80209496931645,34.18211906823337,1.0,24.7660229,2.0,715.3877407145976,83.87532017480423,2601,0.03951019405000203,2601,0,0,1.0,0.0,0.0,True,3311.0,32.46419617293074,0.9550510109596838,3311,0,0.0,,0.3090169943749474,,
278,288,33.80209496931645,35.592720937992624,8.449489742783179,209.26025646308332,9.449489742783179,719.7453540408414,78.51108871341903,7047,0.10704665031540342,7044,3,0,0.9995742869306088,0.0004257130693912303,0.0,True,1891.0,24.534139372995096,0.7070885354250509,1891,0,0.0,,0.26857492567190105,0.253275357934736,
278,303,33.80209496931645,34.65806790855751,1.0,24.7660229,2.0,740.1108910573853,30.971159408860157,2848,0.04326221939807988,2848,0,0,1.0,0.0,0.0,True,3090.0,31.362039925807014,0.9162128340755993,3091,0,0.0,,0.30901699437494745,,
280,301,35.3805234649262,35.23991767703222,1.0,24.7660229,2.0,742.2469874863767,44.90026737050694,2927,0.04446225989402381,2927,0,0,1.0,0.0,0.0,True,2726.0,29.456964367310718,0.8342333718391107,2726,0,0.0,,0.3090169943749474,,
280,307,35.3805234649262,34.382269306251715,1.0,24.7660229,2.0,751.354029657888,13.858381975043205,2694,0.04092289995029045,2694,0,0,1.0,0.0,0.0,True,2757.0,29.62398278774667,0.8492774331702398,2757,0,0.0,,0.3090169943749474,,
281,286,35.26885792123822,35.04746252041541,1.0,24.7660229,2.0,723.393491552982,80.75616224702324,3039,0.04616358312877976,3039,0,0,1.0,0.0,0.0,True,2095.0,25.823617321263136,0.7344985391461374,2096,0,0.0,,0.30901699437494745,,
281,297,35.26885792123822,34.60392392015195,2.449489742783178,60.66411906308329,3.449489742783178,736.1821199055851,59.43274647171489,3916,0.05948555167235984,3916,0,0,1.0,0.0,0.0,True,2833.0,30.02951727148938,0.8595483528809769,2833,0,0.0,,0.2913520216264116,,
283,287,34.40682226447841,34.903763246396856,1.0,24.7660229,2.0,725.5859805516329,81.31352296798039,2598,0.0394646228919282,2598,0,0,1.0,0.0,0.0,True,2442.0,27.88032894463078,0.8045042106953831,2442,0,0.0,,0.3090169943749474,,
283,288,34.40682226447841,35.592720937992624,1.0,24.7660229,2.0,723.9246529867446,84.09098998854995,2726,0.04140899230307786,2726,0,0,1.0,0.0,0.0,True,2307.0,27.09872519927838,0.7742543439432552,2307,0,0.0,,0.3090169943749474,,
283,291,34.40682226447841,34.54907662810944,9.839639641948533,243.68874070024518,10.839639641948533,728.3920138766251,77.9571508201713,7481,0.11363927785008272,7476,5,0,0.9993316401550595,0.000668359844940516,0.0,True,1605.0,22.60281768552284,0.6555731430818154,1605,0,0.0,,0.2661832955178855,0.30311589798103605,
283,309,34.40682226447841,35.453226764430006,1.0,24.7660229,2.0,753.6680161725826,18.12411271769584,2600,0.03949500366397742,2600,0,0,1.0,0.0,0.0,True,2800.0,29.854106607209232,0.8546832423451483,2800,0,0.0,,0.3090169943749474,,
281,300,35.26885792123822,34.4072255820722,1.0,24.7660229,2.0,741.7317757588844,47.63568663342406,2741,0.04163684809344696,2741,0,0,1.0,0.0,0.0,True,2369.0,27.4604464706858,0.7882316309980629,2369,0,0.0,,0.3090169943749474,,
281,302,35.26885792123822,36.1197536150496,1.0,24.7660229,2.0,743.0371018949918,44.41843029137603,2979,0.045252159967303356,2979,0,0,1.0,0.0,0.0,True,2810.0,29.907369997651948,0.8378750995163876,2811,0,0.0,,0.3090169943749474,,
282,295,34.18211906823337,33.79666162392139,1.0,24.7660229,2.0,735.2233443540567,62.00267122825797,2565,0.038963340153116185,2565,0,0,1.0,0.0,0.0,True,1919.0,24.715110187630042,0.7271419091658508,1919,0,0.0,,0.31339216579491175,,
282,306,34.18211906823337,33.965117400168836,1.0,24.7660229,2.0,747.972056837272,30.80332428609838,2609,0.03963171713819888,2609,0,0,1.0,0.0,0.0,True,2527.0,28.36140127684877,0.8323566074465568,2527,0,0.0,,0.30901699437494745,,
283,311,34.40682226447841,34.14379995647804,10.54957881010348,261.27111039637754,11.54957881010348,751.9694774621414,37.64067767829239,8379,0.12728024450017952,8349,30,0,0.9964196204797708,0.0035803795202291443,0.0,True,2137.0,26.081185302335488,0.7609321245332845,2137,0,0.0,,0.2659858398756301,0.4539646525152641,
284,287,33.82881831470327,34.903763246396856,1.0,24.7660229,2.0,726.9086976599347,83.12203700421264,2587,0.03929752864565753,2587,0,0,1.0,0.0,0.0,True,3943.0,35.42733240342387,1.0308744877254636,3943,0,0.0,,0.3090169943749474,,
284,289,33.82881831470327,34.46426695422182,1.0,24.7660229,2.0,726.8026372712936,83.2884014044796,2570,0.03903929208323922,2570,0,0,1.0,0.0,0.0,True,2588.0,28.701672171559103,0.8405440187256854,2588,0,0.0,,0.3090169943749474,,
284,293,33.82881831470327,35.23940503209775,1.0,24.7660229,2.0,737.9144818052808,63.79056075327087,2712,0.04119632689873337,2712,0,0,1.0,0.0,0.0,True,3430.0,33.04244103589204,0.9568058778631503,3430,0,0.0,,0.31120458008492957,,
285,286,34.81456978693896,35.04746252041541,1.0,24.7660229,2.0,728.746318615024,89.79387508799404,2681,0.04072542493197056,2681,0,0,1.0,0.0,0.0,True,2796.0,29.83277462405867,0.854048290287661,2796,0,0.0,,0.30484544052339907,,
285,300,34.81456978693896,34.4072255820722,1.0,24.7660229,2.0,747.0846028209264,57.25862495800062,2527,0.03838610548418113,2527,0,0,1.0,0.0,0.0,True,4624.0,38.36489168124743,1.1084627746717595,4624,0,0.0,,0.3090169943749474,,
286,298,35.04746252041541,33.327575691889606,1.0,24.7660229,2.0,745.8794640426862,60.92546474956158,2447,0.03717087460221259,2447,0,0,1.0,0.0,0.0,True,2566.0,28.579418607585545,0.8359605889753577,2566,0,0.0,,0.31339216579491175,,
286,300,35.04746252041541,34.4072255820722,1.0,24.7660229,2.0,747.2091625040957,57.64620959559233,2769,0.04206217890213595,2769,0,0,1.0,0.0,0.0,True,1921.0,24.727985994800747,0.7120609614807293,1921,0,0.0,,0.30901699437494745,,
286,305,35.04746252041541,34.42825221769714,1.0,24.7660229,2.0,752.124436785639,48.959978550012515,2409,0.03659363993327754,2409,0,0,1.0,0.0,0.0,True,2791.0,29.806088175722753,0.8580289756809633,2791,0,0.0,,0.3090169943749474,,
286,319,35.04746252041541,34.91793191615704,4.0,99.0640916,5.0,766.5876198886078,6.819146756806815,4345,0.06600222727691611,4345,0,0,1.0,0.0,0.0,True,1581.0,22.433188138482972,0.6412652517472739,1602,0,0.0,,0.27792629762666365,,
287,291,34.903763246396856,34.54907662810944,1.0,24.7660229,2.0,733.7961016508677,85.38383653471811,2605,0.039570955594100454,2605,0,0,1.0,0.0,0.0,True,2562.0,28.55713445713473,0.8223460555028234,2562,0,0.0,,0.3090169943749474,,
287,309,34.903763246396856,35.453226764430006,4.0197648378370845,99.55358802648801,5.0197648378370845,759.0721039468253,41.010235765865666,4882,0.07415946457212991,4882,0,0,1.0,0.0,0.0,True,2448.0,27.914558950087667,0.7935120290334207,2448,0,0.0,,0.27718637277259645,,
287,314,34.903763246396856,34.50034029117118,1.0,24.7660229,2.0,762.1987699488132,23.419447253483206,2873,0.043641979048695045,2873,0,0,1.0,0.0,0.0,True,2985.0,30.824584510721554,0.888264034533243,2985,0,0.0,,0.30901699437494745,,
288,292,35.592720937992624,34.58384231427702,1.0,24.7660229,2.0,732.6200326669386,81.91100747718203,2684,0.04077099609004438,2684,0,0,1.0,0.0,0.0,True,2285.0,26.96920632740166,0.7686100623210392,2285,0,0.0,,0.3090169943749474,,
288,303,35.592720937992624,34.65806790855751,1.0,24.7660229,2.0,748.0329502126427,53.46887928925927,2873,0.043641979048695045,2873,0,0,1.0,0.0,0.0,True,2881.0,30.282846334112996,0.8621354103299901,2881,0,0.0,,0.3090169943749474,,
288,311,35.592720937992624,34.14379995647804,1.0,24.7660229,2.0,755.7122376714958,38.60786013545537,2735,0.041545705777299324,2735,0,0,1.0,0.0,0.0,True,2490.0,28.15300368695388,0.8074106171587377,2490,0,0.0,,0.3090169943749474,,
288,313,35.592720937992624,34.99243817980546,1.0,24.7660229,2.0,757.8278089392835,30.36005778548664,2821,0.0428520789754155,2821,0,0,1.0,0.0,0.0,True,2432.0,27.823185353208192,0.7883579409879821,2432,0,0.0,,0.3090169943749474,,
289,291,34.46426695422182,34.54907662810944,1.0,24.7660229,2.0,733.6900412622267,85.34719537658123,2211,0.03358594350040541,2211,0,0,1.0,0.0,0.0,True,1855.0,24.2994822757797,0.7041966383440327,1857,0,0.0,,0.3090169943749474,,
289,293,34.46426695422182,35.23940503209775,1.0,24.7660229,2.0,741.8897920825808,71.43944488482128,2891,0.04391540599713797,2891,0,0,1.0,0.0,0.0,True,2628.0,28.92262748940701,0.8298738549981565,2628,0,0.0,,0.30484544052339907,,
289,298,34.46426695422182,33.327575691889606,1.0,24.7660229,2.0,746.8329986678864,61.78013302068035,2608,0.03961652675217427,2608,0,0,1.0,0.0,0.0,True,2316.0,27.151532118863187,0.801026526468686,2316,0,0.0,,0.31339216579491175,,
289,312,34.46426695422182,34.26839708699518,1.0,24.7660229,2.0,758.0874983878014,38.30792827647651,2636,0.04004185756086326,2636,0,0,1.0,0.0,0.0,True,2203.0,26.480873838732943,0.7705469941585017,2203,0,0.0,,0.3090169943749474,,
289,320,34.46426695422182,35.83250243416814,10.23606797749979,253.50669393671646,11.23606797749979,768.9490618827667,21.145513749370277,7763,0.1179229667090218,7756,7,0,0.9990982867448152,0.0009017132551848512,0.0,True,1669.0,23.049060719273285,0.6557644375355892,1669,0,0.0,,0.264908564940645,0.22010035998273025,
290,292,35.2852278107394,34.58384231427702,1.0,24.7660229,2.0,736.6393102391739,88.4519156432102,2776,0.0421685116043082,2776,0,0,1.0,0.0,0.0,True,2090.0,25.792783140330602,0.7383176302240659,2090,0,0.0,,0.3090169943749474,,
290,295,35.2852278107394,33.79666162392139,1.7320508075688772,42.89600996421431,2.732050807568877,743.600235252536,77.18257233207308,2990,0.04541925421357403,2990,0,0,1.0,0.0,0.0,True,1655.0,22.95218642382842,0.6644921443712717,1655,0,0.0,,0.29339977411634566,,
290,296,35.2852278107394,34.374189436307816,1.7320508075688772,42.89600996421431,2.732050807568877,744.971280551918,75.1145701705354,2875,0.04367235982074426,2875,0,0,1.0,0.0,0.0,True,1677.0,23.104235090784048,0.6633485034433994,1677,0,0.0,,0.28989794855663564,,
290,297,35.2852278107394,34.60392392015195,1.0,24.7660229,2.0,745.0770516719846,74.77041189441937,2778,0.04219889237635741,2778,0,0,1.0,0.0,0.0,True,2385.0,27.553023038286394,0.7884778211182044,2385,0,0.0,,0.3090169943749474,,
290,302,35.2852278107394,36.1197536150496,1.0,24.7660229,2.0,751.9320336613913,62.78775414931171,2951,0.04482682915861437,2951,0,0,1.0,0.0,0.0,True,2378.0,27.512559120246415,0.7706061557859276,2378,0,0.0,,0.3090169943749474,,
290,316,35.2852278107394,34.68329053992871,1.0,24.7660229,2.0,768.2203016230638,19.003266190034335,2884,0.04380907329496572,2884,0,0,1.0,0.0,0.0,True,2315.0,27.14566975625165,0.7759395338401486,2315,0,0.0,,0.3090169943749474,,
291,292,34.54907662810944,34.58384231427702,1.0,24.7660229,2.0,737.087393556819,89.20093033999052,2652,0.04028490373725697,2652,0,0,1.0,0.0,0.0,True,1943.0,24.86917989912625,0.7194598544248239,1943,0,0.0,,0.31451985913875646,,
291,312,34.54907662810944,34.26839708699518,1.0,24.7660229,2.0,760.9995921014345,44.58722703309517,2737,0.04157608654934854,2736,1,0,0.999634636463281,0.00036536353671903543,0.0,True,2443.0,27.88603686340174,0.8104347735531908,2443,0,0.0,,0.30901699437494745,0.3333333333333333,
291,313,34.54907662810944,34.99243817980546,1.0,24.7660229,2.0,762.295169829164,43.95874657635673,2692,0.040892519178241236,2692,0,0,1.0,0.0,0.0,True,2371.0,27.47203560244067,0.790090226775271,2371,0,0.0,,0.3090169943749474,,
292,297,34.58384231427702,34.60392392015195,1.0,24.7660229,2.0,746.0103935705888,75.9383916798108,2601,0.03951019405000203,2601,0,0,1.0,0.0,0.0,True,1831.0,24.141777101168852,0.6978625966726327,1831,0,0.0,,0.31451985913875646,,
292,304,34.58384231427702,35.06397500998083,1.0,24.7660229,2.0,755.4925050135178,58.815771026446086,2897,0.04400654831328561,2897,0,0,1.0,0.0,0.0,True,2064.0,25.631847476983474,0.7360416582087512,2064,0,0.0,,0.3090169943749474,,
292,313,34.58384231427702,34.99243817980546,1.0,24.7660229,2.0,762.780428410123,43.81315512263209,2764,0.041986226972012916,2764,0,0,1.0,0.0,0.0,True,1761.0,23.675804306710585,0.6805711411584938,1761,0,0.0,,0.3090169943749474,,
292,317,34.58384231427702,34.94115149525265,1.0,24.7660229,2.0,770.9470737324405,16.227444170987333,2643,0.04014819026303551,2643,0,0,1.0,0.0,0.0,True,1855.0,24.2994822757797,0.6990142952720123,1855,0,0.0,,0.3090169943749474,,
293,308,35.23940503209775,33.304633671514225,1.0,24.7660229,2.0,769.1557103853165,62.091909600518505,2591,0.03935829018975596,2591,0,0,1.0,0.0,0.0,True,3090.0,31.362039925807014,0.9150916846735023,3090,0,0.0,,0.30901699437494745,,
294,310,35.12393662980573,34.58776737494645,1.0,24.7660229,2.0,764.0342359776903,57.99659492177973,3409,0.05178402595788424,3409,0,0,1.0,0.0,0.0,True,3442.0,33.100190758432305,0.9496308039228504,3442,0,0.0,,0.3090169943749474,,
294,321,35.12393662980573,33.44010698839814,8.917213725368399,220.84391932666807,9.917213725368399,780.1697501167694,28.45799475801635,8377,0.12724986372813032,8377,0,0,1.0,0.0,0.0,True,1817.0,24.049304838101822,0.7015136088536263,1817,0,0.0,,0.2687959533979826,,
295,296,33.79666162392139,34.374189436307816,1.0,24.7660229,2.0,752.8655474638841,87.61473563643955,2730,0.04146975384717629,2730,0,0,1.0,0.0,0.0,True,1790.0,23.869953838853256,0.7002979563146149,1790,0,0.0,,0.3090169943749474,,
295,299,33.79666162392139,35.30158252533907,1.0,24.7660229,2.0,758.4956217416388,77.94139339033036,2814,0.042745746273243256,2814,0,0,1.0,0.0,0.0,True,2009.0,25.288031978452484,0.7319442712271331,2012,0,0.0,,0.3090169943749474,,
295,304,33.79666162392139,35.06397500998083,1.0,24.7660229,2.0,762.4534300268798,71.38938601175978,2624,0.03985957292856798,2624,0,0,1.0,0.0,0.0,True,2238.0,26.69040136976819,0.7752005405255774,2238,0,0.0,,0.30901699437494745,,
295,315,33.79666162392139,34.67369570075301,1.0,24.7660229,2.0,773.4275532275053,49.740181190819634,2719,0.041302659600905615,2719,0,0,1.0,0.0,0.0,True,2666.0,29.130982760044088,0.850907864315943,2666,0,0.0,,0.3090169943749474,,
295,316,33.79666162392139,34.68329053992871,1.0,24.7660229,2.0,776.11456853503,44.73646345996968,2431,0.03692782842581889,2431,0,0,1.0,0.0,0.0,True,2181.0,26.348318006408824,0.7695191709061341,2181,0,0.0,,0.3090169943749474,,
296,299,34.374189436307816,35.30158252533907,1.0,24.7660229,2.0,759.8666670410208,80.4972806801247,2684,0.04077099609004438,2684,0,0,1.0,0.0,0.0,True,3069.0,31.25528820372728,0.897163743544364,3069,0,0.0,,0.3090169943749474,,
293,320,35.23940503209775,35.83250243416814,1.0,24.7660229,2.0,780.0609064167539,41.95931823160705,2780,0.042229273148406625,2778,2,0,0.9992805755395684,0.0007194244604316547,0.0,True,2816.0,29.93928254807644,0.8425067967195633,2816,0,0.0,,0.3090169943749474,0.4615915615669785,
294,300,35.12393662980573,34.4072255820722,9.681145747868609,239.7634772899516,10.681145747868609,755.9599703179596,76.04360106692519,7423,0.11275823546065553,7423,0,0,1.0,0.0,0.0,True,1516.0,21.967197988242077,0.6318662679994567,1516,0,0.0,,0.26571737407042917,,
294,302,35.12393662980573,36.1197536150496,1.0,24.7660229,2.0,757.2652964540669,72.35927371348818,2768,0.04204698851611134,2768,0,0,1.0,0.0,0.0,True,2408.0,27.685559519911603,0.7772073407416128,2408,0,0.0,,0.3090169943749474,,
294,307,35.12393662980573,34.382269306251715,1.0,24.7660229,2.0,765.8292085728094,54.897342221851964,2873,0.043641979048695045,2873,0,0,1.0,0.0,0.0,True,3433.0,33.056887924742,0.9511924145349793,3433,0,0.0,,0.3090169943749474,,
297,302,34.60392392015195,36.1197536150496,1.0,24.7660229,2.0,761.303116992806,78.87016059777545,2893,0.04394578676918718,2893,0,0,1.0,0.0,0.0,True,2250.0,26.76186174229157,0.7568006267482709,2250,0,0.0,,0.3090169943749474,,
297,312,34.60392392015195,34.26839708699518,1.0,24.7660229,2.0,769.9225921152042,62.80842133165961,2565,0.038963340153116185,2564,1,0,0.9996101364522417,0.0003898635477582846,0.0,True,2083.0,25.749553256723427,0.7477475095997217,2083,0,0.0,,0.31451985913875646,0.30901699437494745,
297,317,34.60392392015195,34.94115149525265,1.0,24.7660229,2.0,779.384815165251,44.85732628771675,2569,0.03902410169721461,2569,0,0,1.0,0.0,0.0,True,2117.0,25.958852614302597,0.7465331645481996,2117,0,0.0,,0.3090169943749474,,
297,322,34.60392392015195,34.3789031553228,1.0,24.7660229,2.0,785.9811913897856,25.42426364308144,2673,0.04060390184377371,2673,0,0,1.0,0.0,0.0,True,2232.0,26.654599339742866,0.7727894164320005,2232,0,0.0,,0.31339216579491175,,
296,301,34.374189436307816,35.23991767703222,1.0,24.7660229,2.0,760.6542158199708,79.21307475009418,2836,0.0430799347657846,2836,0,0,1.0,0.0,0.0,True,2410.0,27.69705445896613,0.7957310840422628,2410,0,0.0,,0.3090169943749474,,
296,316,34.374189436307816,34.68329053992871,1.0,24.7660229,2.0,777.485613834412,49.09381518962496,2528,0.038401295870205736,2528,0,0,1.0,0.0,0.0,True,2194.0,26.42672681750876,0.7653545083487698,2194,0,0.0,,0.3090169943749474,,
296,318,34.374189436307816,34.11558525826714,1.0,24.7660229,2.0,778.9359682330529,44.22517126976894,2361,0.035864501404096416,2361,0,0,1.0,0.0,0.0,True,2357.0,27.39080870903951,0.799851038529088,2357,0,0.0,,0.3090169943749474,,
297,298,34.60392392015195,33.327575691889606,1.0,24.7660229,2.0,758.6680923952892,82.97202034190425,2514,0.03818863046586124,2514,0,0,1.0,0.0,0.0,True,2303.0,27.075222397632672,0.7971330694084459,2303,0,0.0,,0.30901699437494745,,
298,312,33.327575691889606,34.26839708699518,1.0,24.7660229,2.0,774.1425495070941,70.93429022823386,2513,0.03817344007983663,2513,0,0,1.0,0.0,0.0,True,1684.0,23.152404806704283,0.6850232004926923,1685,0,0.0,,0.30901699437494745,,
298,319,33.327575691889606,34.91793191615704,1.0,24.7660229,2.0,783.5962056331009,52.54127679968746,2643,0.04014819026303551,2643,0,0,1.0,0.0,0.0,True,2779.0,29.741943004866954,0.8716161414076775,2780,0,0.0,,0.30901699437494745,,
298,320,33.327575691889606,35.83250243416814,1.0,24.7660229,2.0,785.0041130020595,48.164698430795234,2746,0.041712800023569994,2746,0,0,1.0,0.0,0.0,True,2672.0,29.163744887841286,0.8433693448027824,2672,0,0.0,,0.30901699437494745,,
298,322,33.327575691889606,34.3789031553228,8.856089212204838,219.33010823390796,9.856089212204838,790.2011487816756,45.80806724589027,6151,0.0934360644373558,6151,0,0,1.0,0.0,0.0,True,1738.0,23.520684135191054,0.6947838533522982,1738,0,0.0,,0.26857492567190105,,
299,315,35.30158252533907,34.67369570075301,1.0,24.7660229,2.0,780.428672804642,65.44099511992661,2653,0.040300094123281574,2653,0,0,1.0,0.0,0.0,True,2812.0,29.918011296689148,0.8551023177077829,2812,0,0.0,,0.3090169943749474,,
299,324,35.30158252533907,35.75479988394363,1.0,24.7660229,2.0,801.5388791569801,6.505475355387341,2730,0.04146975384717629,2730,0,0,1.0,0.0,0.0,True,3284.0,32.33155836373447,0.9100254549269237,3284,0,0.0,,0.3090169943749474,,
300,310,34.4072255820722,34.58776737494645,1.0,24.7660229,2.0,773.6217123697288,76.59180190464419,2587,0.03929752864565753,2587,0,0,1.0,0.0,0.0,True,3034.0,31.076553777431965,0.9008350445601615,3034,0,0.0,,0.3090169943749474,,
300,319,34.4072255820722,34.91793191615704,1.0,24.7660229,2.0,784.9259040945103,56.29979169288387,2651,0.04026971335123236,2651,0,0,1.0,0.0,0.0,True,3758.0,34.58624802256939,0.9977978924448264,3758,0,0.0,,0.3090169943749474,,
300,321,34.4072255820722,33.44010698839814,1.0,24.7660229,2.0,789.7572265088079,44.45063824003934,2533,0.03847724780032877,2533,0,0,1.0,0.0,0.0,True,2716.0,29.40288507740653,0.8667366560613688,2716,0,0.0,,0.3090169943749474,,
301,307,35.23991767703222,34.382269306251715,1.0,24.7660229,2.0,776.1788810481867,74.62007789417945,2824,0.04289765013348932,2824,0,0,1.0,0.0,0.0,True,2388.0,27.570346537664197,0.7919988650825849,2388,0,0.0,,0.3090169943749474,,
301,318,35.23991767703222,34.11558525826714,1.0,24.7660229,2.0,785.3535912897576,57.511250191250724,2694,0.04092289995029045,2694,0,0,1.0,0.0,0.0,True,2077.0,25.71244122217362,0.7414679480058085,2077,0,0.0,,0.3090169943749474,,
301,323,35.23991767703222,34.065736930783565,1.0,24.7660229,2.0,795.8224200754419,34.105412742971275,2624,0.03985957292856798,2624,0,0,1.0,0.0,0.0,True,3231.0,32.06959997037424,0.925454067257527,3232,0,0.0,,0.30901699437494745,,
302,322,36.1197536150496,34.3789031553228,3.1815405503520555,78.79410612729761,4.1815405503520555,792.8361733791924,51.286751441943515,3620,0.054989197409076256,3620,0,0,1.0,0.0,0.0,True,1927.0,24.76657325259521,0.7026112095515429,1928,0,0.0,,0.280957962249861,,
302,326,36.1197536150496,33.11566806506344,1.0,24.7660229,2.0,801.5898994066342,14.773587940378281,2689,0.04084694802016742,2689,0,0,1.0,0.0,0.0,True,2014.0,25.31948085514698,0.7314025174030151,2014,0,0.0,,0.31339216579491175,,
303,304,34.65806790855751,35.06397500998083,6.8173377998059435,168.8383440670296,7.8173377998059435,770.905422559222,86.30303912066196,6304,0.09576019349912064,6039,265,0,0.9579631979695431,0.04203680203045685,0.0,True,2273.0,26.898296810314147,0.7715865939769295,2273,0,0.0,,0.2597106754733818,0.38561575886039895,
303,306,34.65806790855751,33.965117400168836,1.0,24.7660229,2.0,772.6952071800597,82.70160549498355,3131,0.04756109864304358,3131,0,0,1.0,0.0,0.0,True,2805.0,29.88075017039453,0.870864563804933,2805,0,0.0,,0.3164309725825327,,
301,335,35.23991767703222,34.336028074254095,10.360566425675607,256.5900253552532,11.360566425675607,804.7214872998194,20.80362888727674,8481,0.12882966387468942,8444,37,0,0.9956373069213537,0.004362693078646386,0.0,True,1514.0,21.9527029698454,0.6310428908381613,1514,0,0.0,,0.26516854343869833,0.45194101601103787,
302,316,36.1197536150496,34.68329053992871,14.070664176657356,348.4743912173057,15.070664176657356,784.4463669438853,66.71515648554725,12276,0.18647717883807186,12231,45,0,0.9963343108504399,0.0036656891495601175,0.0,True,1602.0,22.581683676520505,0.637873242486361,1602,0,0.0,,0.26006360392723904,0.45374963319937905,
302,318,36.1197536150496,34.11558525826714,1.0,24.7660229,2.0,785.8967213425262,59.37726840173946,2887,0.04385464445303954,2887,0,0,1.0,0.0,0.0,True,2444.0,27.891743614073043,0.7942367492347774,2444,0,0.0,,0.3090169943749474,,
302,321,36.1197536150496,33.44010698839814,1.0,24.7660229,2.0,791.0625526449153,48.05151126001552,2909,0.04418883294558089,2909,0,0,1.0,0.0,0.0,True,2346.0,27.326818200939037,0.7857065256851472,2346,0,0.0,,0.3090169943749474,,
303,311,34.65806790855751,34.14379995647804,1.0,24.7660229,2.0,776.0777746880395,76.7304212398209,2933,0.04455340221017145,2933,0,0,1.0,0.0,0.0,True,2866.0,30.203909247028673,0.8779967807350187,2866,0,0.0,,0.30901699437494745,,
303,331,34.65806790855751,34.79486212102156,3.6855577202829677,91.27660689979977,4.685557720282968,804.5272535888076,18.918162916982947,3921,0.05956150360248287,3921,0,0,1.0,0.0,0.0,True,2789.0,29.79540690386007,0.8580028773781208,2789,0,0.0,,0.28172904669025317,,
304,306,35.06397500998083,33.965117400168836,1.0,24.7660229,2.0,775.2021425100952,87.07462362042934,2347,0.03565183599975193,2347,0,0,1.0,0.0,0.0,True,2661.0,29.103652814295785,0.8432286097974696,2661,0,0.0,,0.3090169943749474,,
304,313,35.06397500998083,34.99243817980546,9.838393244542416,243.6578723935428,10.838393244542416,780.7002812858627,79.51665662895114,8039,0.12211551325181326,8039,0,0,1.0,0.0,0.0,True,1520.0,21.996159369293583,0.627955625124709,1521,0,0.0,,0.26841742285197584,,
305,308,34.42825221769714,33.304633671514225,1.0,24.7660229,2.0,780.3438897135748,81.51675065790315,2790,0.04238117700865269,2790,0,0,1.0,0.0,0.0,True,4012.0,35.73596596384892,1.0552028160235536,4012,0,0.0,,0.32037724101704074,,
305,319,34.42825221769714,34.91793191615704,1.0,24.7660229,2.0,789.8411783760537,64.6316705348678,3006,0.04566230038996774,2928,78,0,0.9740518962075848,0.02594810379241517,0.0,True,2922.0,30.497565270510307,0.8795744322901157,2923,0,0.0,,0.3090169943749474,0.4176890859898589,
305,332,34.42825221769714,34.27022663214938,1.0,24.7660229,2.0,809.2737461136439,14.431184157701896,2428,0.036882257267745064,2404,24,0,0.9901153212520593,0.009884678747940691,0.0,True,4175.0,36.454681109801605,1.0612951471452572,4175,0,0.0,,0.3090169943749474,0.43405783005789966,
306,315,33.965117400168836,34.67369570075301,1.0,24.7660229,2.0,786.1762657107206,74.13374438415315,2901,0.04406730985738404,2901,0,0,1.0,0.0,0.0,True,3540.0,33.568094927931476,0.978108257162758,3540,0,0.0,,0.3090169943749474,,
304,316,35.06397500998083,34.68329053992871,6.483314773547883,160.56592214959517,7.483314773547883,787.0734963974077,68.87545982867098,6153,0.09346644520940502,6002,151,0,0.9754591256297741,0.024540874370225906,0.0,True,1523.0,22.01785540550926,0.6313611073326965,1523,0,0.0,,0.269128646713734,0.3780780313179009,
304,317,35.06397500998083,34.94115149525265,3.16227766016838,78.31704094788851,4.16227766016838,788.8669266081802,65.6751889485429,3509,0.05330306456034491,3509,0,0,1.0,0.0,0.0,True,1866.0,24.371422765586612,0.6962753724547485,1866,0,0.0,,0.28330039409901914,,
304,329,35.06397500998083,33.359427031936335,3.1815405503520555,78.79410612729761,4.1815405503520555,803.8995778707083,33.74156855638957,3270,0.04967256230046391,3270,0,0,1.0,0.0,0.0,True,2143.0,26.117773375459546,0.763416392521945,2143,0,0.0,,0.2801868778094689,,
304,330,35.06397500998083,34.89546564445587,1.0,24.7660229,2.0,805.3257502688605,26.2791515529486,2722,0.041348230758979435,2722,0,0,1.0,0.0,0.0,True,2442.0,27.88032894463078,0.797042648821197,2442,0,0.0,,0.3090169943749474,,
308,320,33.304633671514225,35.83250243416814,1.0,24.7660229,2.0,796.2149801855023,71.73747621771973,2637,0.040057047946887865,2637,0,0,1.0,0.0,0.0,True,2519.0,28.316472296120658,0.8191392901446298,2520,0,0.0,,0.32037724101704074,,
308,337,33.304633671514225,35.599440942140745,1.0,24.7660229,2.0,818.7602412920329,9.782382228975612,2823,0.04288245974746471,2823,0,0,1.0,0.0,0.0,True,4390.0,37.381551604325374,1.0850316708822714,4390,0,0.0,,0.3090169943749474,,
309,311,35.453226764430006,34.14379995647804,1.0,24.7660229,2.0,785.4556008573338,87.23333175919207,2749,0.04175837118164382,2749,0,0,1.0,0.0,0.0,True,2372.0,27.47782833536798,0.7896265007284631,2372,0,0.0,,0.3090169943749474,,
309,313,35.453226764430006,34.99243817980546,7.0,173.3621603,8.0,787.5711721251214,89.36913284080885,7770,0.11802929941119406,7770,0,0,1.0,0.0,0.0,True,2314.0,27.139806127334285,0.7705174235722826,2314,0,0.0,,0.2692803301885514,,
306,334,33.965117400168836,34.857848290902304,1.0,24.7660229,2.0,809.2109904797634,17.399573395806016,2698,0.040983661494388875,2698,0,0,1.0,0.0,0.0,True,3765.0,34.61844481605105,1.0060143287473102,3765,0,0.0,,0.3090169943749474,,
307,318,34.382269306251715,34.11558525826714,1.0,24.7660229,2.0,794.4606334612688,74.67107426386862,2539,0.03856839011647641,2539,0,0,1.0,0.0,0.0,True,2351.0,27.355923351590455,0.7987381072154199,2351,0,0.0,,0.30901699437494745,,
307,328,34.382269306251715,35.59994327043292,1.0,24.7660229,2.0,810.9696049594619,44.734021985191006,2566,0.03897853053914079,2566,0,0,1.0,0.0,0.0,True,3531.0,33.525396464694715,0.9581119324559362,3531,0,0.0,,0.3090169943749474,,
307,335,34.382269306251715,34.336028074254095,1.0,24.7660229,2.0,813.8285294713306,34.346846528266504,2480,0.037672157341024616,2480,0,0,1.0,0.0,0.0,True,2918.0,30.4766836759563,0.8870034572364711,2918,0,0.0,,0.3090169943749474,,
310,328,34.58776737494645,35.59994327043292,1.0,24.7660229,2.0,809.1746323643426,36.739383396292375,2879,0.04373312136484269,2879,0,0,1.0,0.0,0.0,True,2681.0,29.212819187109325,0.8324197760119557,2681,0,0.0,,0.3090169943749474,,
310,333,34.58776737494645,34.273749650306485,1.0,24.7660229,2.0,812.7870740750635,23.829674846905146,2694,0.04092289995029045,2694,0,0,1.0,0.0,0.0,True,3336.0,32.586527589007176,0.9464365293334164,3336,0,0.0,,0.3164309725825327,,
311,313,34.14379995647804,34.99243817980546,1.0,24.7660229,2.0,785.8726334146803,86.39956953523588,2735,0.041545705777299324,2735,0,0,1.0,0.0,0.0,True,2569.0,28.59612032437544,0.8272396964383824,2569,0,0.0,,0.3090169943749474,,
311,331,34.14379995647804,34.79486212102156,1.0,24.7660229,2.0,812.2065410476607,35.800711959063456,2696,0.04095328072233966,2696,0,0,1.0,0.0,0.0,True,2287.0,26.9810064619971,0.7827539917054247,2287,0,0.0,,0.30901699437494745,,
309,314,35.453226764430006,34.50034029117118,1.0,24.7660229,2.0,790.2808055697628,84.825576781747,2791,0.0423963673946773,2791,0,0,1.0,0.0,0.0,True,3060.0,31.209425687160593,0.892289757357317,3060,0,0.0,,0.3090169943749474,,
309,327,35.453226764430006,34.7109204773547,7.6602540378443855,189.7140269210715,8.660254037844386,810.3395440248154,53.85604298253718,6817,0.10355286152974387,6803,14,0,0.9979463106938536,0.0020536893061463986,0.0,True,1897.0,24.573031031817198,0.7004440871244074,1897,0,0.0,,0.26968623182294527,0.442428528562855,
309,336,35.453226764430006,35.72913552520703,1.0,24.7660229,2.0,817.2659980450073,30.854838141490745,3165,0.0480775717678802,3165,0,0,1.0,0.0,0.0,True,2808.0,29.896724911001275,0.8400037298383882,2809,0,0.0,,0.3090169943749474,,
310,321,34.58776737494645,33.44010698839814,3.7320508075688767,92.42805576421429,4.732050807568877,797.8314921685385,63.55101521445124,4073,0.06187044227822309,4041,32,0,0.9921433832555856,0.007856616744414437,0.0,True,1672.0,23.06976657227589,0.6782445222103413,1672,0,0.0,,0.27669677546737487,0.3972192458615157,
312,339,34.26839708699518,33.91634744656443,1.0,24.7660229,2.0,818.0160942483194,20.34434195281754,2643,0.04014819026303551,2641,2,0,0.9992432841468029,0.0007567158531971245,0.0,True,2144.0,26.123866405607867,0.7662671931769152,2144,0,0.0,,0.30901699437494745,0.4711259691497537,
313,317,34.99243817980546,34.94115149525265,1.0,24.7660229,2.0,796.1548500047854,76.22347323153629,2985,0.045343302283451,2985,0,0,1.0,0.0,0.0,True,2115.0,25.9465876230135,0.7420350576474807,2115,0,0.0,,0.3090169943749474,,
313,327,34.99243817980546,34.7109204773547,1.0,24.7660229,2.0,810.7565765821619,49.44030951240638,2687,0.040816567248118205,2687,0,0,1.0,0.0,0.0,True,2838.0,30.05600533985842,0.8623976209723424,2838,0,0.0,,0.3090169943749474,,
313,330,34.99243817980546,34.89546564445587,1.0,24.7660229,2.0,812.6136736654657,45.97928923590084,2752,0.04180394233971764,2752,0,0,1.0,0.0,0.0,True,2851.0,30.124765318753724,0.8620881059619367,2851,0,0.0,,0.3090169943749474,,
314,325,34.50034029117118,34.21165201135568,1.0,24.7660229,2.0,811.3897311355445,58.81282284863277,2785,0.04230522507852966,2785,0,0,1.0,0.0,0.0,True,4248.0,36.772005609005646,1.070322788694729,4248,0,0.0,,0.3203772410170408,,
314,327,34.50034029117118,34.7109204773547,1.0,24.7660229,2.0,813.4662100268033,54.10328729984671,2669,0.04054314029967528,2668,1,0,0.9996253278381416,0.0003746721618583739,0.0,True,2644.0,29.010538413996088,0.8383184496817824,2644,0,0.0,,0.30901699437494745,0.3516287047744073,
314,344,34.50034029117118,33.72097052312591,4.55269276785519,112.752093345366,5.55269276785519,828.0474935684126,18.738701311320778,4449,0.0675820274234752,4449,0,0,1.0,0.0,0.0,True,2945.0,30.617358063870626,0.8975892634843413,2945,0,0.0,,0.28172904669025317,,
315,324,34.67369570075301,35.75479988394363,1.0,24.7660229,2.0,816.4708106428465,53.659636580677784,2672,0.0405887114577491,2672,0,0,1.0,0.0,0.0,True,3346.0,32.635331761312976,0.9267649831328866,3346,0,0.0,,0.3090169943749474,,
311,336,34.14379995647804,35.72913552520703,1.0,24.7660229,2.0,815.5674593345661,28.389091058236506,2954,0.04487240031668819,2954,0,0,1.0,0.0,0.0,True,2160.0,26.221162334209897,0.7505384496428643,2160,0,0.0,,0.30901699437494745,,
312,317,34.26839708699518,34.94115149525265,1.0,24.7660229,2.0,794.8592722770559,74.57870051443737,2568,0.039008911311190005,2568,0,0,1.0,0.0,0.0,True,2025.0,25.38853125964903,0.7336713439035827,2025,0,0.0,,0.3090169943749474,,
312,320,34.26839708699518,35.83250243416814,1.0,24.7660229,2.0,796.2586127219745,71.93295098843872,3033,0.04607244081263212,3033,0,0,1.0,0.0,0.0,True,2758.0,29.62935480389161,0.8453345108630616,2758,0,0.0,,0.3090169943749474,,
312,327,34.26839708699518,34.7109204773547,1.0,24.7660229,2.0,809.4609988544324,46.97936735809035,2546,0.03867472281864866,2546,0,0,1.0,0.0,0.0,True,2467.0,28.022678123537936,0.8124950815118156,2467,0,0.0,,0.30901699437494745,,
315,329,34.67369570075301,33.359427031936335,1.0,24.7660229,2.0,814.8737010713337,54.40640685325375,2777,0.042183701990332806,2775,2,0,0.9992797983435362,0.0007202016564638099,0.0,True,3395.0,32.87342488384758,0.9663947078546249,3395,0,0.0,,0.30901699437494745,0.45722031490680587,
316,317,34.68329053992871,34.94115149525265,1.0,24.7660229,2.0,802.5280651163303,87.1945787652184,2564,0.03894814976709158,2522,42,0,0.983619344773791,0.01638065522620905,0.0,True,2404.0,27.66255531193445,0.7946219604304049,2404,0,0.0,,0.30484544052339907,0.4248680190890256,
316,326,34.68329053992871,33.11566806506344,1.0,24.7660229,2.0,817.8781673683068,59.59802785022923,2714,0.041226707670782584,2714,0,0,1.0,0.0,0.0,True,2062.0,25.619425936405687,0.7557468864874065,2063,0,0.0,,0.31339216579491175,,
316,329,34.68329053992871,33.359427031936335,1.0,24.7660229,2.0,817.5607163788585,60.65645884817701,2616,0.039738049840371124,2616,0,0,1.0,0.0,0.0,True,2625.0,28.90611442640554,0.8496460887493394,2625,0,0.0,,0.30901699437494745,,
316,338,34.68329053992871,34.06477687861145,1.0,24.7660229,2.0,824.2294134915278,45.501317838694625,2773,0.04212294044623438,2773,0,0,1.0,0.0,0.0,True,2875.0,30.251296216499522,0.8800624469144357,2875,0,0.0,,0.3090169943749474,,
316,343,34.68329053992871,35.06060901956984,1.0,24.7660229,2.0,831.2804366746213,31.46995284617232,2629,0.039935524858691014,2629,0,0,1.0,0.0,0.0,True,1931.0,24.792264725532835,0.7109514920192423,1932,0,0.0,,0.3090169943749474,,
317,322,34.94115149525265,34.3789031553228,10.360566425675607,256.5900253552532,11.360566425675607,810.9178715516373,80.55176510240507,8165,0.1240295018909137,8165,0,0,1.0,0.0,0.0,True,1534.0,22.09722528748655,0.6375420619292056,1534,0,0.0,,0.26697807758999403,,
317,330,34.94115149525265,34.89546564445587,4.155870949147037,102.92439509602025,5.155870949147037,820.7803189877831,64.05805682381111,4565,0.06934411220232958,4565,0,0,1.0,0.0,0.0,True,2135.0,26.068977866467897,0.7465704650131254,2135,0,0.0,,0.2798057840438667,,
317,339,34.94115149525265,33.91634744656443,1.0,24.7660229,2.0,827.4783172983664,46.65976328120724,2795,0.04245712893877573,2795,0,0,1.0,0.0,0.0,True,2522.0,28.333329012940222,0.8229555080669194,2522,0,0.0,,0.3090169943749474,,
317,343,34.94115149525265,35.06060901956984,1.0,24.7660229,2.0,833.0738668853938,31.986597780343246,2990,0.04541925421357403,2990,0,0,1.0,0.0,0.0,True,2506.0,28.243310265912164,0.8069314273869385,2506,0,0.0,,0.3090169943749474,,
318,323,34.11558525826714,34.065736930783565,11.328828005937952,280.57001382522066,12.328828005937952,814.104172488524,74.75192998621496,9047,0.1374274223646168,8945,102,0,0.9887255443793522,0.011274455620647729,0.0,True,999.0,17.83231830967603,0.5230851422983914,999,0,0.0,,0.26510847503192736,0.3564577185647543,
318,326,34.11558525826714,33.11566806506344,1.0,24.7660229,2.0,819.3285217669477,62.513439041668995,2419,0.036745543793523607,2419,0,0,1.0,0.0,0.0,True,1782.0,23.816553427805523,0.7084964878838784,1782,0,0.0,,0.3090169943749474,,
318,335,34.11558525826714,34.336028074254095,1.8284271247461903,45.2828680424453,2.8284271247461903,823.0032397129015,56.69609691178074,2757,0.04187989426984067,2757,0,0,1.0,0.0,0.0,True,1969.0,25.035018791602372,0.7314661429523468,1969,0,0.0,,0.2857142857142857,,
318,338,34.11558525826714,34.06477687861145,1.0,24.7660229,2.0,825.6797678901687,50.34528673448923,2561,0.03890257860901776,2561,0,0,1.0,0.0,0.0,True,2346.0,27.326818200939037,0.8016037857375365,2346,0,0.0,,0.3090169943749474,,
318,342,34.11558525826714,34.04844770546231,1.0,24.7660229,2.0,832.5334410798629,33.79599430777502,2386,0.03624426105471158,2386,0,0,1.0,0.0,0.0,True,2186.0,26.378502823279536,0.7739713064605704,2186,0,0.0,,0.31339216579491175,,
319,322,34.91793191615704,34.3789031553228,1.0,24.7660229,2.0,810.9093046275972,78.96955250435461,2465,0.037444301550655514,2465,0,0,1.0,0.0,0.0,True,2622.0,28.88959192466898,0.8337925359756848,2622,0,0.0,,0.3090169943749474,,
319,332,34.91793191615704,34.27022663214938,1.0,24.7660229,2.0,823.7369292166129,55.0862040205086,2662,0.04043680759750303,2661,1,0,0.9996243425995492,0.0003756574004507889,0.0,True,3390.0,32.849208729633816,0.9495615844927815,3390,0,0.0,,0.3090169943749474,0.4305008740430604,
319,340,34.91793191615704,33.252898234946635,1.0,24.7660229,2.0,829.1831474970752,43.80003245524305,2452,0.03724682653233563,2452,0,0,1.0,0.0,0.0,True,2561.0,28.55156070194216,0.8376474406621236,2564,0,0.0,,0.30901699437494745,,
319,341,34.91793191615704,34.81588283821591,1.0,24.7660229,2.0,830.1711144122592,42.02177279933524,2833,0.04303436360771078,2833,0,0,1.0,0.0,0.0,True,3141.0,31.619793682174567,0.9068711870575448,3141,0,0.0,,0.3090169943749474,,
320,325,35.83250243416814,34.21165201135568,1.0,24.7660229,2.0,818.2460834581391,70.48115629566367,3069,0.046619294709517964,3069,0,0,1.0,0.0,0.0,True,3364.0,32.722995845769866,0.9343533690943437,3365,0,0.0,,0.3090169943749474,,
320,337,35.83250243416814,35.599440942140745,1.0,24.7660229,2.0,829.6654373234703,50.44126366524039,3034,0.04608763119865673,3034,0,0,1.0,0.0,0.0,True,2737.0,29.516337145469713,0.8264184271167149,2737,0,0.0,,0.3090169943749474,,
320,340,35.83250243416814,33.252898234946635,1.0,24.7660229,2.0,830.5910548660338,48.227085917181405,2651,0.04026971335123236,2651,0,0,1.0,0.0,0.0,True,2561.0,28.55156070194216,0.8265584457905991,2561,0,0.0,,0.3090169943749474,,
320,345,35.83250243416814,34.80839711882138,1.0,24.7660229,2.0,836.9038849849735,33.51940076928367,2813,0.04273055588721865,2813,0,0,1.0,0.0,0.0,True,2271.0,26.88646037550106,0.7612151188797602,2286,0,0.0,,0.3090169943749474,,
321,326,33.44010698839814,33.11566806506344,3.8989794855663558,96.56221522616659,4.898979485566356,824.4943530693366,72.92916357377293,3587,0.05448791467026423,3587,0,0,1.0,0.0,0.0,True,1753.0,23.62196500040132,0.7098396790188903,1753,0,0.0,,0.2791745113185196,,
321,328,33.44010698839814,35.59994327043292,3.0,74.2980687,4.0,825.3101465034217,72.11754747738317,3467,0.052665068347311425,3467,0,0,1.0,0.0,0.0,True,2123.0,25.9956128677165,0.7530589207353987,2123,0,0.0,,0.2857142857142857,,
321,333,33.44010698839814,34.273749650306485,6.032065437739018,149.39027076534305,7.032065437739018,828.9225882141427,66.87877521232821,5288,0.08032676129812023,5288,0,0,1.0,0.0,0.0,True,1704.0,23.28948359361322,0.6878794016378964,1704,0,0.0,,0.27429188517743175,,
321,341,33.44010698839814,34.81588283821591,1.0,24.7660229,2.0,835.0024368265567,50.55024233728699,2816,0.04277612704529247,2816,0,0,1.0,0.0,0.0,True,3165.0,31.7403653062106,0.9300389720180878,3165,0,0.0,,0.31339216579491175,,
321,342,33.44010698839814,34.04844770546231,1.0,24.7660229,2.0,837.6992723822518,43.560666507361084,3044,0.04623953505890279,3044,0,0,1.0,0.0,0.0,True,2714.0,29.392057279183568,0.8710234620525193,2714,0,0.0,,0.3090169943749474,,
323,324,34.065736930783565,35.75479988394363,1.0,24.7660229,2.0,831.0770091346965,79.19562722137766,2872,0.04362678866267044,2872,0,0,1.0,0.0,0.0,True,2616.0,28.856518540128786,0.8265911394150752,2617,0,0.0,,0.3090169943749474,,
323,335,34.065736930783565,34.336028074254095,1.0,24.7660229,2.0,833.4720684985859,75.2344783045204,2831,0.043003982835661564,2831,0,0,1.0,0.0,0.0,True,2965.0,30.721146015976345,0.8982559445275656,2965,0,0.0,,0.3164309725825327,,
323,338,34.065736930783565,34.06477687861145,1.0,24.7660229,2.0,836.148596675853,69.87626679709781,2751,0.04178875195369303,2751,0,0,1.0,0.0,0.0,True,2309.0,27.110468959395977,0.795839263306936,2309,0,0.0,,0.31339216579491175,,
323,348,34.065736930783565,34.71910846385346,1.0,24.7660229,2.0,857.6101109163319,18.354840864921602,2460,0.03736834962053248,2460,0,0,1.0,0.0,0.0,True,2953.0,30.6589154064643,0.8914438996138152,2955,0,0.0,,0.30901699437494745,,
322,326,34.3789031553228,33.11566806506344,1.0,24.7660229,2.0,826.2679738036137,74.89286773532797,2535,0.03850762857237798,2535,0,0,1.0,0.0,0.0,True,2295.0,27.028155482603687,0.800898649888453,2295,0,0.0,,0.3090169943749474,,
322,339,34.3789031553228,33.91634744656443,1.0,24.7660229,2.0,834.0746935229008,60.91434953980885,2553,0.0387810555208209,2553,0,0,1.0,0.0,0.0,True,2051.0,25.550999521798648,0.7482511388893736,2051,0,0.0,,0.31339216579491175,,
322,340,34.3789031553228,33.252898234946635,1.0,24.7660229,2.0,835.7880906456498,57.58490348396029,2611,0.03966209791024809,2611,0,0,1.0,0.0,0.0,True,2289.0,26.992801438063015,0.7982280786016923,2289,0,0.0,,0.30901699437494745,,
322,346,34.3789031553228,34.5368720783925,1.0,24.7660229,2.0,850.0839570292144,16.77906427097737,2664,0.04046718836955225,2664,0,0,1.0,0.0,0.0,True,2178.0,26.330190506494557,0.7641266580024824,2178,0,0.0,,0.3090169943749474,,
326,338,33.11566806506344,34.06477687861145,6.330293345472711,156.77618995769478,7.330293345472711,841.3729459542767,80.17290209827523,5117,0.07772920528791248,5115,2,0,0.999609145983975,0.00039085401602501464,0.0,True,1397.0,21.08741119717533,0.6277842075876496,1397,0,0.0,,0.27429188517743175,0.3885861474014074,
326,342,33.11566806506344,34.04844770546231,1.0,24.7660229,2.0,848.2266191439708,66.8142070183519,2607,0.03960133636614967,2607,0,0,1.0,0.0,0.0,True,2147.0,26.14213697532393,0.7784554795492783,2147,0,0.0,,0.31451985913875646,,
326,343,33.11566806506344,35.06060901956984,2.1462643699419726,53.15443253543696,3.1462643699419726,848.4239691373702,67.37391478837351,3288,0.04994598924890683,3288,0,0,1.0,0.0,0.0,True,1902.0,24.60539378919935,0.7218168794595364,1903,0,0.0,,0.28989794855663564,,
326,346,33.11566806506344,34.5368720783925,1.0,24.7660229,2.0,858.8376830566563,45.18969903150671,2650,0.040254522965207755,2650,0,0,1.0,0.0,0.0,True,2111.0,25.922040230930552,0.7663286604158056,2111,0,0.0,,0.3090169943749474,,
324,338,35.75479988394363,34.06477687861145,1.0,24.7660229,2.0,842.6526045363412,81.71779171180445,2652,0.04028490373725697,2652,0,0,1.0,0.0,0.0,True,2558.0,28.534832903981346,0.8173877364230847,2558,0,0.0,,0.3090169943749474,,
324,348,35.75479988394363,34.71910846385346,1.0,24.7660229,2.0,864.1141187768199,42.5281250027338,2759,0.041910275041889884,2759,0,0,1.0,0.0,0.0,True,2850.0,30.119481662601757,0.8547697259518671,2850,0,0.0,,0.3090169943749474,,
324,349,35.75479988394363,34.51784779789732,1.0,24.7660229,2.0,864.5512762280682,38.3618619615959,3167,0.048107952539929416,3167,0,0,1.0,0.0,0.0,True,3848.0,34.997949111844065,0.9960617755658531,3848,0,0.0,,0.3090169943749474,,
325,345,34.21165201135568,34.80839711882138,1.0,24.7660229,2.0,848.0297922261727,56.461588890694,2852,0.043322980942178305,2852,0,0,1.0,0.0,0.0,True,3129.0,31.5593351303395,0.9144976141879064,3129,0,0.0,,0.3090169943749474,,
326,352,33.11566806506344,34.882913740889684,1.0,24.7660229,2.0,866.6505252774554,22.19236418746065,2558,0.03885700745094394,2558,0,0,1.0,0.0,0.0,True,1729.0,23.45970573583083,0.6900057357895363,1729,0,0.0,,0.30901699437494745,,
327,336,34.7109204773547,35.72913552520703,10.489125293076057,259.77391720929086,11.489125293076057,840.4514025020478,80.01603371145922,9001,0.1367286646074849,8977,24,0,0.9973336295967115,0.0026663704032885236,0.0,True,1720.0,23.398568422792877,0.6643540550831456,1720,0,0.0,,0.2655808592404658,0.3354366417741129,
327,339,34.7109204773547,33.91634744656443,1.0,24.7660229,2.0,842.0800438757428,75.59059413037356,2797,0.04248750971082494,2797,0,0,1.0,0.0,0.0,True,2070.0,25.669076033243712,0.7480722112295277,2070,0,0.0,,0.31451985913875646,,
327,344,34.7109204773547,33.72097052312591,1.0,24.7660229,2.0,848.1062320234652,64.14263841385272,2971,0.045130636879106505,2971,0,0,1.0,0.0,0.0,True,2488.0,28.14169498849121,0.8224731065313852,2488,0,0.0,,0.32037724101704074,,
327,345,34.7109204773547,34.80839711882138,1.0,24.7660229,2.0,850.1062711174316,61.891093886871744,2818,0.04280650781734168,2818,0,0,1.0,0.0,0.0,True,2284.0,26.963304323539017,0.7757068180721652,2284,0,0.0,,0.3164309725825327,,
327,347,34.7109204773547,34.82572756738141,1.0,24.7660229,2.0,857.7643987852264,47.15855347938629,2616,0.039738049840371124,2616,0,0,1.0,0.0,0.0,True,2660.0,29.098183744847088,0.8369164911753265,2660,0,0.0,,0.3090169943749474,,
327,366,34.7109204773547,33.68538182126704,10.04987562112089,248.8954497748317,11.04987562112089,872.3120907497844,7.15544799898599,8092,0.12292060371111742,8092,0,0,1.0,0.0,0.0,True,1675.0,23.09045385777095,0.6751959705937566,1675,0,0.0,,0.26545602619318476,,
328,333,35.59994327043292,34.273749650306485,1.0,24.7660229,2.0,840.2657284099467,83.95075213197701,2683,0.04075580570401977,2683,0,0,1.0,0.0,0.0,True,2675.0,29.180112157797478,0.8352245584299567,2675,0,0.0,,0.3090169943749474,,
328,342,35.59994327043292,34.04844770546231,1.0,24.7660229,2.0,849.042412578056,69.09441601504624,2712,0.04119632689873337,2712,0,0,1.0,0.0,0.0,True,2532.0,28.38944578214513,0.8152218704369064,2532,0,0.0,,0.3090169943749474,,
328,353,35.59994327043292,35.73499423196206,3.8989794855663558,96.56221522616659,4.898979485566356,867.1833460093321,34.959353819557975,4890,0.07428098766032676,4890,0,0,1.0,0.0,0.0,True,2758.0,29.62935480389161,0.830710892622478,2758,0,0.0,,0.2791745113185196,,
328,358,35.59994327043292,33.22019323211073,1.0,24.7660229,2.0,870.4581991627487,22.85014966325296,2274,0.034542937819955634,2274,0,0,1.0,0.0,0.0,True,2486.0,28.130381743817548,0.8175043867510442,2486,0,0.0,,0.30484544052339907,,
329,330,33.359427031936335,34.89546564445587,2.23606797749979,55.37851073671648,3.23606797749979,835.8129702503113,87.71569452629649,2952,0.04484201954463898,2952,0,0,1.0,0.0,0.0,True,1908.0,24.64417299969047,0.7221218006021222,1908,0,0.0,,0.28172904669025317,,
329,334,33.359427031936335,34.857848290902304,1.0,24.7660229,2.0,837.9084258403766,84.3285059313209,2350,0.035697407157825746,2350,0,0,1.0,0.0,0.0,True,2642.0,28.999564122544584,0.8502117384578607,2642,0,0.0,,0.3090169943749474,,
329,343,33.359427031936335,35.06060901956984,7.194052389321207,178.16806621772872,8.194052389321207,848.1065181479221,68.56113633176648,6076,0.0922967854855103,6068,8,0,0.9986833443054641,0.0013166556945358788,0.0,True,1733.0,23.486826791980846,0.6865482144528574,1733,0,0.0,,0.2692044884511427,0.37699872710479615,
329,350,33.359427031936335,35.16349724865369,1.0,24.7660229,2.0,864.5619493013753,29.175101234680156,2809,0.04266979434312022,2809,0,0,1.0,0.0,0.0,True,2449.0,27.920259870998752,0.8149173481467287,2449,0,0.0,,0.30901699437494745,,
330,331,34.89546564445587,34.79486212102156,1.0,24.7660229,2.0,838.947581298446,87.07095371998932,2830,0.04298879244963696,2830,0,0,1.0,0.0,0.0,True,3150.0,31.665061842335643,0.9087362007794028,3150,0,0.0,,0.3090169943749474,,
330,334,34.89546564445587,34.857848290902304,1.0,24.7660229,2.0,839.3345982385287,86.62992347268566,2616,0.039738049840371124,2616,0,0,1.0,0.0,0.0,True,2099.0,25.848258183091886,0.7411334809711263,2099,0,0.0,,0.3090169943749474,,
330,343,34.89546564445587,35.06060901956984,7.135175045001725,176.70990856002126,8.135175045001725,849.5326905460742,71.35374787374907,5996,0.09108155460354177,5862,134,0,0.9776517678452301,0.022348232154769845,0.0,True,2040.0,25.482389366284572,0.7285254208063411,2040,0,0.0,,0.26533119314590375,0.41421356237309503,
330,347,34.89546564445587,34.82572756738141,1.0,24.7660229,2.0,859.6214958685301,48.910747507483485,2865,0.043520455960498194,2865,0,0,1.0,0.0,0.0,True,3265.0,32.23789351663778,0.9247659723403707,3265,0,0.0,,0.3090169943749474,,
330,356,34.89546564445587,34.47042952922482,1.0,24.7660229,2.0,869.1323128507668,22.583096884665153,2817,0.042791317431317075,2817,0,0,1.0,0.0,0.0,True,2302.0,27.069343508757026,0.7804799012823199,2304,0,0.0,,0.31451985913875646,,
332,359,34.27022663214938,34.43818558744223,1.0,24.7660229,2.0,877.6735498845974,6.865277391322764,2504,0.038036726605615176,2504,0,0,1.0,0.0,0.0,True,4555.0,38.07757255350145,1.1083816762292742,4555,0,0.0,,0.3090169943749474,,
333,341,34.273749650306485,34.81588283821591,1.0,24.7660229,2.0,849.9580187330816,79.56387517384728,2971,0.045130636879106505,2971,0,0,1.0,0.0,0.0,True,3589.0,33.7996180675703,0.9784280752451623,3589,0,0.0,,0.31339216579491175,,
333,358,34.273749650306485,33.22019323211073,3.8989794855663558,96.56221522616659,4.898979485566356,874.0706408734695,33.732640718694896,3967,0.06026026135961478,3967,0,0,1.0,0.0,0.0,True,2610.0,28.823407205597565,0.8541035232098234,2610,0,0.0,,0.2791745113185196,,
333,360,34.273749650306485,34.78322411892244,2.23606797749979,55.37851073671648,3.23606797749979,875.1684301856473,28.698967765390403,3190,0.04845733141849537,3190,0,0,1.0,0.0,0.0,True,3706.0,34.34612697520826,0.9947185664400641,3706,0,0.0,,0.28172904669025317,,
331,334,34.79486212102156,34.857848290902304,3.0,74.2980687,4.0,841.0430368885113,89.38069483453394,3822,0.058057655386046805,3822,0,0,1.0,0.0,0.0,True,2677.0,29.191018572739246,0.838187585238378,2677,0,0.0,,0.2801868778094689,,
331,336,34.79486212102156,35.72913552520703,4.65685424949238,115.33175898489058,5.65685424949238,844.0169382353342,84.83676823589899,5825,0.08848399859333403,5819,6,0,0.998969957081545,0.0010300429184549357,0.0,True,2656.0,29.076297180076903,0.8245788143188679,2656,0,0.0,,0.27718637277259645,0.34895907062888865,
331,355,34.79486212102156,34.6890448962157,1.0,24.7660229,2.0,870.4818675664363,33.218101592475115,2818,0.04280650781734168,2818,0,0,1.0,0.0,0.0,True,2165.0,26.251493359195905,0.7556136229554148,2165,0,0.0,,0.3090169943749474,,
331,357,34.79486212102156,35.09779322889387,1.0,24.7660229,2.0,872.2509354755838,27.55035419319322,2921,0.04437111757787617,2921,0,0,1.0,0.0,0.0,True,2437.0,27.85177180414018,0.7969870843996738,2437,0,0.0,,0.30901699437494745,,
334,354,34.857848290902304,34.074306427700414,1.0,24.7660229,2.0,869.6091422186091,32.65191169321013,2768,0.04204698851611134,2768,0,0,1.0,0.0,0.0,True,3561.0,33.6675140855466,0.9768304566420509,3561,0,0.0,,0.30901699437494745,,
334,355,34.857848290902304,34.6890448962157,1.0,24.7660229,2.0,870.868884506519,29.40967788798538,3051,0.04634586776107504,3051,0,0,1.0,0.0,0.0,True,2429.0,27.806019376034886,0.7996336889189847,2435,0,0.0,,0.3090169943749474,,
335,342,34.336028074254095,34.04844770546231,7.694323451653613,190.55779080366042,8.694323451653613,851.9013370899247,75.3107130302644,6531,0.09920841112670635,6498,33,0,0.9949471750114837,0.005052824988516307,0.0,True,1753.0,23.62196500040132,0.690857529609311,1753,0,0.0,,0.2705042601214877,0.28616902809880107,
335,351,34.336028074254095,35.36239633629719,1.0,24.7660229,2.0,869.012667537022,38.43697511341818,2947,0.044766067614515945,2947,0,0,1.0,0.0,0.0,True,3429.0,33.03762400240396,0.9480163800489747,3438,0,0.0,,0.3090169943749474,,
337,340,35.599440942140745,33.252898234946635,1.0,24.7660229,2.0,853.1363159725644,88.50817759311346,2565,0.038963340153116185,2540,25,0,0.9902534113060428,0.009746588693957114,0.0,True,2632.0,28.944630252185586,0.8407740564264738,2632,0,0.0,,0.3090169943749474,0.44499443206436484,
337,367,35.599440942140745,34.91297092555022,1.0,24.7660229,2.0,882.8002605233288,26.324935979995328,3023,0.04592053695238605,3023,0,0,1.0,0.0,0.0,True,3669.0,34.17424428437779,0.9693114553648264,3669,0,0.0,,0.3090169943749474,,
337,369,35.599440942140745,36.860326745402965,6.032065437739018,149.39027076534305,7.032065437739018,883.1684221339016,37.948936220796746,6332,0.09618552430780962,6332,0,0,1.0,0.0,0.0,True,3550.0,33.61547405514991,0.9278383060819174,3550,0,0.0,,0.27149702790318514,,
338,348,34.06477687861145,34.71910846385346,9.507015194961,235.45095602905207,10.507015194961,869.1857063179765,56.821611823848755,7562,0.11486969911807586,7387,175,0,0.976857974080931,0.02314202591906903,0.0,True,1663.0,23.007593110180906,0.6689820732175702,1666,0,0.0,,0.26393116059052896,0.3896054962258804,
335,353,34.336028074254095,35.73499423196206,1.0,24.7660229,2.0,870.0422705212009,40.84146749006739,2381,0.03616830912458855,2381,0,0,1.0,0.0,0.0,True,3417.0,32.97976472156848,0.9413239206770578,3417,0,0.0,,0.3090169943749474,,
336,347,35.72913552520703,34.82572756738141,1.414213562373095,35.02444547122265,2.414213562373095,864.6908528054183,62.021063737076474,2832,0.04301917322168617,2832,0,0,1.0,0.0,0.0,True,2325.0,27.204236533623092,0.7711512811788251,2325,0,0.0,,0.30383243470068705,,
336,357,35.72913552520703,35.09779322889387,1.0,24.7660229,2.0,875.6118537624893,36.370049674666575,2941,0.044674925298368307,2941,0,0,1.0,0.0,0.0,True,2380.0,27.524126309792685,0.7772220762346421,2380,0,0.0,,0.3090169943749474,,
336,363,35.72913552520703,34.906310537273264,1.0,24.7660229,2.0,878.5261860576577,30.40153715701089,2932,0.04453821182414684,2932,0,0,1.0,0.0,0.0,True,2732.0,29.489364337912,0.834973543221552,2732,0,0.0,,0.3090169943749474,,
338,350,34.06477687861145,35.16349724865369,1.0,24.7660229,2.0,871.2306464140447,47.44341990246236,2581,0.039206386329509894,2581,0,0,1.0,0.0,0.0,True,2540.0,28.43425945768288,0.8214637679804362,2540,0,0.0,,0.31339216579491175,,
338,351,34.06477687861145,35.36239633629719,1.0,24.7660229,2.0,871.6891957142891,47.53665227881677,2517,0.038234201623935066,2517,0,0,1.0,0.0,0.0,True,2440.0,27.868909599918855,0.8028242634523495,2440,0,0.0,,0.3090169943749474,,
338,352,34.06477687861145,34.882913740889684,1.0,24.7660229,2.0,873.0017714006765,43.52176981323748,2566,0.03897853053914079,2566,0,0,1.0,0.0,0.0,True,1832.0,24.148368712786887,0.7004837579275432,1832,0,0.0,,0.30901699437494745,,
339,340,33.91634744656443,33.252898234946635,4.0,99.0640916,5.0,852.348536392379,87.28385459537044,4104,0.06234134424498589,4104,0,0,1.0,0.0,0.0,True,1818.0,24.055921788244397,0.7162778603263669,1818,0,0.0,,0.2836979041098641,,
339,345,33.91634744656443,34.80839711882138,1.0,24.7660229,2.0,858.6613665113185,76.15509696674846,2698,0.040983661494388875,2697,1,0,0.9996293550778355,0.00037064492216456633,0.0,True,2037.0,25.463645421588435,0.7410328138029505,2037,0,0.0,,0.3090169943749474,0.42857142857142855,
339,346,33.91634744656443,34.5368720783925,1.0,24.7660229,2.0,866.6444027759435,61.991689618766934,2499,0.037960774675492144,2499,0,0,1.0,0.0,0.0,True,1727.0,23.446133443265364,0.6850264635023423,1727,0,0.0,,0.30901699437494745,,
339,364,33.91634744656443,33.36793428170573,1.0,24.7660229,2.0,879.3821933432404,31.3315991367875,2598,0.0394646228919282,2598,0,0,1.0,0.0,0.0,True,2014.0,25.31948085514698,0.7526120575203747,2014,0,0.0,,0.3090169943749474,,
339,365,33.91634744656443,34.278423306552654,1.0,24.7660229,2.0,880.3242288332217,30.43958757058292,2413,0.03665440147737597,2413,0,0,1.0,0.0,0.0,True,1530.0,22.068396540328884,0.6472166794202522,1530,0,0.0,,0.30901699437494745,,
340,345,33.252898234946635,34.80839711882138,9.36010638213575,231.81260900641016,10.36010638213575,860.3747636340674,80.5214605905352,8178,0.1242269769092336,8129,49,0,0.9940083149914405,0.00599168500855955,0.0,True,1632.0,22.792141940852034,0.6697533986793336,1632,0,0.0,,0.2647281296856081,0.4254628976069995,
340,362,33.252898234946635,35.315433844201245,1.0,24.7660229,2.0,881.3948430895855,38.36758657707057,2470,0.037520253480778545,2470,0,0,1.0,0.0,0.0,True,2547.0,28.473413566169317,0.8305120659287054,2547,0,0.0,,0.3090169943749474,,
340,365,33.252898234946635,34.278423306552654,1.0,24.7660229,2.0,882.0376259559707,34.015016701914014,2510,0.038127868921762814,2510,0,0,1.0,0.0,0.0,True,1978.0,25.092169194223484,0.7431268519987089,1978,0,0.0,,0.3090169943749474,,
340,367,33.252898234946635,34.91297092555022,7.840676900366725,194.18238366598334,8.840676900366725,883.7258780658923,40.10820733070445,5815,0.08833209473308795,5806,9,0,0.9984522785898539,0.0015477214101461737,0.0,True,1742.0,23.547734959697575,0.6908951723113608,1742,0,0.0,,0.269128646713734,0.3011615132981879,
341,360,34.81588283821591,34.78322411892244,1.0,24.7660229,2.0,881.2482787980613,43.31127415761751,3029,0.046011679268533695,3029,0,0,1.0,0.0,0.0,True,2814.0,29.928648812152996,0.8600296791332147,2814,0,0.0,,0.3090169943749474,,
341,361,34.81588283821591,35.634005720413136,1.0,24.7660229,2.0,881.738363637081,41.882993995343675,3022,0.045905346566361444,3022,0,0,1.0,0.0,0.0,True,2828.0,30.003005818213616,0.8517545288448494,2828,0,0.0,,0.3090169943749474,,
341,362,34.81588283821591,35.315433844201245,1.0,24.7660229,2.0,882.3828100047695,39.35127407691423,2761,0.0419406558139391,2761,0,0,1.0,0.0,0.0,True,2755.0,29.613235831910423,0.8445081949911502,2755,0,0.0,,0.3090169943749474,,
342,351,34.04844770546231,35.36239633629719,1.0,24.7660229,2.0,878.5428689039834,59.475418231927,2889,0.043885025225088754,2889,0,0,1.0,0.0,0.0,True,2531.0,28.38383909782421,0.8178502794389794,2531,0,0.0,,0.30901699437494745,,
344,363,33.72097052312591,34.906310537273264,1.0,24.7660229,2.0,886.1810155790752,46.09172699704202,2658,0.040376046053404606,2658,0,0,1.0,0.0,0.0,True,3267.0,32.24776578559272,0.9397943583750993,3267,0,0.0,,0.3090169943749474,,
344,366,33.72097052312591,33.68538182126704,10.31370849898476,255.42954086978116,11.31370849898476,886.8933742913937,51.972651501793585,7330,0.11134552956036711,6742,588,0,0.9197817189631651,0.08021828103683493,0.0,True,1272.0,20.12188299403865,0.5970322467897922,1272,0,0.0,,0.253275357934736,0.3903124549870353,
344,368,33.72097052312591,34.44180849860135,1.0,24.7660229,2.0,888.0408122064524,41.60850372519516,2582,0.0392215767155345,2582,0,0,1.0,0.0,0.0,True,3321.0,32.513183972296055,0.9539864553331165,3321,0,0.0,,0.30901699437494745,,
345,365,34.80839711882138,34.278423306552654,1.0,24.7660229,2.0,888.3504560749104,52.54164575146379,2597,0.039449432505903596,2597,0,0,1.0,0.0,0.0,True,2059.0,25.600782325007668,0.7411191358172585,2059,0,0.0,,0.3090169943749474,,
342,352,34.04844770546231,34.882913740889684,7.6602540378443855,189.7140269210715,8.660254037844386,879.8554445903706,61.36399825932469,6749,0.10251991528007062,6749,0,0,1.0,0.0,0.0,True,1744.0,23.56124872549269,0.6836147794304042,1744,0,0.0,,0.2711923793731366,,
342,353,34.04844770546231,35.73499423196206,1.0,24.7660229,2.0,879.5724718881622,58.30573193695762,2793,0.042426748166726515,2793,0,0,1.0,0.0,0.0,True,2405.0,27.668308157023564,0.7929763103927737,2406,0,0.0,,0.3090169943749474,,
342,361,34.04844770546231,35.634005720413136,1.0,24.7660229,2.0,884.4351991927763,48.07393783899798,2776,0.0421685116043082,2776,0,0,1.0,0.0,0.0,True,3733.0,34.47101398456522,0.9893742912262319,3733,0,0.0,,0.30901699437494745,,
343,346,35.06060901956984,34.5368720783925,1.0,24.7660229,2.0,872.239952362971,73.59496324037617,2216,0.03366189543052844,2206,10,0,0.9954873646209387,0.004512635379061372,0.0,True,1649.0,22.91054347493902,0.658372777678294,1649,0,0.0,,0.3090169943749474,0.43405783005789966,
343,350,35.06060901956984,35.16349724865369,1.0,24.7660229,2.0,878.2816695971383,62.48734171440703,2755,0.04184951349779146,2755,0,0,1.0,0.0,0.0,True,2243.0,26.72019975056778,0.7609979299276236,2243,0,0.0,,0.30901699437494745,,
343,352,35.06060901956984,34.882913740889684,1.0,24.7660229,2.0,880.05279458377,58.321463198584986,2763,0.04197103658598831,2763,0,0,1.0,0.0,0.0,True,2296.0,27.034043328329254,0.7730249281528079,2296,0,0.0,,0.3090169943749474,,
343,356,35.06060901956984,34.47042952922482,3.1815405503520555,78.79410612729761,4.1815405503520555,881.4258607483775,57.83152105164736,3907,0.059348838198138375,3907,0,0,1.0,0.0,0.0,True,2388.0,27.570346537664197,0.7930370986280093,2388,0,0.0,,0.28436465220442186,,
343,364,35.06060901956984,33.36793428170573,1.0,24.7660229,2.0,884.9777429302678,46.87318788887617,2875,0.04367235982074426,2875,0,0,1.0,0.0,0.0,True,2950.0,30.643338007504706,0.8956302890327197,2950,0,0.0,,0.30901699437494745,,
345,366,34.80839711882138,33.68538182126704,1.0,24.7660229,2.0,888.8934133853601,49.809076111479676,2445,0.03714049383016338,2445,0,0,1.0,0.0,0.0,True,2238.0,26.69040136976819,0.7793525713660597,2238,0,0.0,,0.3090169943749474,,
345,368,34.80839711882138,34.44180849860135,4.0197648378370845,99.55358802648801,5.0197648378370845,890.0408513004188,49.36152117657179,5104,0.07753173026959259,5104,0,0,1.0,0.0,0.0,True,2209.0,26.516910426744545,0.7658290741615684,2211,0,0.0,,0.28172904669025317,,
345,369,34.80839711882138,36.860326745402965,1.0,24.7660229,2.0,890.4068697954046,50.225055535672446,2820,0.042836888589390894,2820,0,0,1.0,0.0,0.0,True,3095.0,31.38740348832366,0.8759023963587456,3096,0,0.0,,0.3090169943749474,,
346,352,34.5368720783925,34.882913740889684,2.1462643699419726,53.15443253543696,3.1462643699419726,890.466508503056,77.4769947362872,3076,0.04672562741169021,3076,0,0,1.0,0.0,0.0,True,2389.0,27.576118619071032,0.794474321509976,2389,0,0.0,,0.2898979485566356,,
347,366,34.82572756738141,33.68538182126704,1.0,24.7660229,2.0,896.551541053155,63.95004910151947,3173,0.04819909485607706,3173,0,0,1.0,0.0,0.0,True,2132.0,26.05065598682386,0.7604797592473423,2133,0,0.0,,0.32037724101704074,,
348,351,34.71910846385346,35.36239633629719,1.0,24.7660229,2.0,893.150709954768,86.04019179644293,2601,0.03951019405000203,2601,0,0,1.0,0.0,0.0,True,4181.0,36.48086668562616,1.0410982694979958,4181,0,0.0,,0.3090169943749474,,
349,350,34.51784779789732,35.16349724865369,1.0,24.7660229,2.0,893.1293181057717,87.34251387617931,2819,0.04282169820336629,2819,0,0,1.0,0.0,0.0,True,3307.0,32.44458034263651,0.9312271547273301,3307,0,0.0,,0.3090169943749474,,
349,354,34.51784779789732,34.074306427700414,1.0,24.7660229,2.0,894.6548830347881,84.70645746133282,2683,0.04075580570401977,2683,0,0,1.0,0.0,0.0,True,4083.0,36.050787304695824,1.0511635831155195,4083,0,0.0,,0.30901699437494745,,
346,361,34.5368720783925,35.634005720413136,1.0,24.7660229,2.0,895.0462631054618,70.31749990602442,2461,0.03738354000655709,2461,0,0,1.0,0.0,0.0,True,2311.0,27.12220763453337,0.7730331580658953,2311,0,0.0,,0.3090169943749474,,
346,362,34.5368720783925,35.315433844201245,1.0,24.7660229,2.0,895.6907094731502,68.61724303476637,2701,0.041029232652462694,2701,0,0,1.0,0.0,0.0,True,1914.0,24.68289128436487,0.7067165774517741,1914,0,0.0,,0.30901699437494745,,
346,364,34.5368720783925,33.36793428170573,1.0,24.7660229,2.0,895.391456849554,68.26386251077729,2540,0.03858358050250102,2540,0,0,1.0,0.0,0.0,True,1931.0,24.792264725532835,0.7302064774048483,1931,0,0.0,,0.3090169943749474,,
346,365,34.5368720783925,34.278423306552654,1.0,24.7660229,2.0,896.3334923395353,66.13099940290488,2797,0.04248750971082494,2797,0,0,1.0,0.0,0.0,True,1757.0,23.648899974944293,0.687315220915785,1757,0,0.0,,0.30901699437494745,,
347,356,34.82572756738141,34.47042952922482,6.330293345472711,156.77618995769478,7.330293345472711,891.5146660708335,75.87306606341748,5417,0.08228632109529449,5407,10,0,0.9981539597563227,0.0018460402436773122,0.0,True,2422.0,27.765924157807913,0.8013698110011859,2422,0,0.0,,0.2711923793731366,0.28218375984545746,
347,357,34.82572756738141,35.09779322889387,1.0,24.7660229,2.0,892.9248500456679,71.99168196728449,2703,0.04105961342451191,2703,0,0,1.0,0.0,0.0,True,2734.0,29.50015642037316,0.8437834961521156,2734,0,0.0,,0.3090169943749474,,
347,363,34.82572756738141,34.906310537273264,8.917213725368399,220.84391932666807,9.917213725368399,895.8391823408363,69.50323225497617,6970,0.1058769905915087,6964,6,0,0.9991391678622669,0.000860832137733142,0.0,True,1641.0,22.85490151428355,0.6555064826868431,1641,0,0.0,,0.2680748568360903,0.35699985553986363,
347,364,34.82572756738141,33.36793428170573,1.0,24.7660229,2.0,895.0665482527238,67.62843818899316,2378,0.03612273796651473,2378,0,0,1.0,0.0,0.0,True,2339.0,27.286018833532427,0.8002508765086264,2340,0,0.0,,0.30901699437494745,,
350,352,35.16349724865369,34.882913740889684,1.0,24.7660229,2.0,896.5082257372234,87.12375208802577,2613,0.039692478682297305,2613,0,0,1.0,0.0,0.0,True,2623.0,28.895100474995463,0.8250272945264523,2623,0,0.0,,0.3090169943749474,,
350,356,35.16349724865369,34.47042952922482,2.23606797749979,55.37851073671648,3.23606797749979,897.881291901831,84.88325292367418,3638,0.05526262435751917,3638,0,0,1.0,0.0,0.0,True,2732.0,29.489364337912,0.8469826621146478,2732,0,0.0,,0.28172904669025317,,
351,352,35.36239633629719,34.882913740889684,1.0,24.7660229,2.0,896.9667750374679,87.8046508783922,3105,0.0471661486064038,3092,13,0,0.9958132045088567,0.004186795491143317,0.0,True,2958.0,30.684860164772672,0.8736486501676929,2958,0,0.0,,0.30383243470068705,0.44579905519622387,
351,353,35.36239633629719,35.73499423196206,1.0,24.7660229,2.0,896.6838023352595,88.36939490541401,2844,0.043201457853981454,2844,0,0,1.0,0.0,0.0,True,3183.0,31.830494305351365,0.8954054164559392,3185,0,0.0,,0.3090169943749474,,
359,360,34.43818558744223,34.78322411892244,2.0,49.5320458,3.0,909.3181465328091,85.4607888010186,2915,0.04427997526172853,2915,0,0,1.0,0.0,0.0,True,3193.0,31.880455871659734,0.9211154758880455,3193,0,0.0,,0.2857142857142857,,
359,362,34.43818558744223,35.315433844201245,2.0,49.5320458,3.0,910.4526777395174,87.21665198061321,3182,0.04833580833029852,3182,0,0,1.0,0.0,0.0,True,2059.0,25.600782325007668,0.7340345213224582,2059,0,0.0,,0.29581631632448924,,
359,367,34.43818558744223,34.91297092555022,1.0,24.7660229,2.0,912.7837127158241,88.98743840214884,2265,0.03440622434573418,2265,0,0,1.0,0.0,0.0,True,2412.0,27.70854462932514,0.7990795257793326,2412,0,0.0,,0.3203772410170408,,
360,361,34.78322411892244,35.634005720413136,7.0,173.3621603,8.0,906.9487750896467,89.28604115892023,6064,0.09211450085321503,6064,0,0,1.0,0.0,0.0,True,1586.0,22.468633235857762,0.6381572602933215,1586,0,0.0,,0.2711923793731366,,
353,358,35.73499423196206,33.22019323211073,1.0,24.7660229,2.0,900.9882584728549,84.72732341371706,2532,0.03846205741430416,2532,0,0,1.0,0.0,0.0,True,2794.0,29.82210291038362,0.8649705412206038,2794,0,0.0,,0.3090169943749474,,
354,355,34.074306427700414,34.6890448962157,1.0,24.7660229,2.0,899.047972896534,87.91772449169117,2645,0.04017857103508472,2645,0,0,1.0,0.0,0.0,True,2314.0,27.139806127334285,0.7893683366155243,2314,0,0.0,,0.3090169943749474,,
354,356,34.074306427700414,34.47042952922482,5.0990195135927845,126.28243404118575,6.0990195135927845,899.4068568308473,87.54666067864643,4430,0.06729341008900767,4400,30,0,0.9932279909706546,0.006772009029345372,0.0,True,2182.0,26.354357735544063,0.7689681014193598,2182,0,0.0,,0.27718637277259645,0.4444444444444444,
355,356,34.6890448962157,34.47042952922482,1.0,24.7660229,2.0,900.6665991187571,89.40189895878704,2724,0.04137861153102865,2724,0,0,1.0,0.0,0.0,True,2576.0,28.635053113438516,0.8280876438501397,2576,0,0.0,,0.3090169943749474,,
355,357,34.6890448962157,35.09779322889387,1.0,24.7660229,2.0,902.0767830935913,87.15022828346123,2812,0.042715365501194036,2812,0,0,1.0,0.0,0.0,True,2911.0,30.440106417044845,0.8723738525729934,2911,0,0.0,,0.3090169943749474,,
357,363,35.09779322889387,34.906310537273264,5.414213562373095,134.08853707122265,6.414213562373095,906.7601832979072,85.68734301683128,5201,0.07900519771397944,5201,0,0,1.0,0.0,0.0,True,1971.0,25.04773015002061,0.7156074802039287,2026,0,0.0,,0.27669677546737487,,
358,360,33.22019323211073,34.78322411892244,3.4721359549995796,85.99099857343296,4.47213595499958,905.3609009384492,88.27427888850022,3861,0.05865008044100647,3861,0,0,1.0,0.0,0.0,True,2374.0,27.489410139184855,0.808471433054157,2374,0,0.0,,0.28172904669025317,,
358,361,33.22019323211073,35.634005720413136,4.39834563766817,108.929528784605,5.39834563766817,905.8509857774688,87.63602199558471,4571,0.06943525451847722,4564,7,0,0.998468606431853,0.0015313935681470138,0.0,True,2248.0,26.749964937194992,0.7770031557738272,2248,0,0.0,,0.2801868778094689,0.4277686702851779,
361,362,35.634005720413136,35.315433844201245,1.0,24.7660229,2.0,908.0833062963547,88.97653947720488,2722,0.041348230758979435,2722,0,0,1.0,0.0,0.0,True,1272.0,20.12188299403865,0.5672175317385966,1272,0,0.0,,0.3090169943749474,,
362,365,35.315433844201245,34.278423306552654,1.0,24.7660229,2.0,909.3705355304285,88.91891136375312,2566,0.03897853053914079,2566,0,0,1.0,0.0,0.0,True,1359.0,20.798633015748212,0.5977146221596629,1359,0,0.0,,0.3090169943749474,,
362,367,35.315433844201245,34.91297092555022,1.0,24.7660229,2.0,911.0587876403499,86.25675330331477,2292,0.034816364768398556,2292,0,0,1.0,0.0,0.0,True,1573.0,22.376359198205208,0.6372452648345809,1573,0,0.0,,0.3090169943749474,,
363,366,34.906310537273264,33.68538182126704,1.0,24.7660229,2.0,910.3868743053944,88.80658848562281,2343,0.035591074455653494,2343,0,0,1.0,0.0,0.0,True,1772.0,23.74963406702674,0.6924930192094811,1772,0,0.0,,0.3090169943749474,,
367,369,34.91297092555022,36.860326745402965,1.0,24.7660229,2.0,913.7579842272295,89.38169375777395,2334,0.03545436098143204,2334,0,0,1.0,0.0,0.0,True,2222.0,26.594822185913987,0.7410784525420231,2222,0,0.0,,0.3090169943749474,,
368,369,34.44180849860135,36.860326745402965,1.0,24.7660229,2.0,913.7601273428163,89.44151208673419,2134,0.0324162837765107,2134,0,0,1.0,0.0,0.0,True,2822.0,29.971161118826497,0.8406806056021084,2859,0,0.0,,0.3090169943749474,,
364,365,33.36793428170573,34.278423306552654,1.0,24.7660229,2.0,909.0712829068323,88.41993387062277,2325,0.03531764750721058,2325,0,0,1.0,0.0,0.0,True,1269.0,20.098140350968553,0.5942120482908915,1269,0,0.0,,0.3090169943749474,,
364,366,33.36793428170573,33.68538182126704,4.123105625617661,102.1129283431658,5.123105625617661,909.6142402172819,87.66126148886678,4059,0.06165777687387859,4059,0,0,1.0,0.0,0.0,True,1443.0,21.431779341977418,0.6392459191448475,1443,0,0.0,,0.2857142857142857,,
365,366,34.278423306552654,33.68538182126704,10.661903789690601,264.0529534130742,11.661903789690601,910.5562757072632,89.2167013096831,7191,0.10923406590294678,7044,147,0,0.9795577805590321,0.020442219440967878,0.0,True,1019.0,18.00993542523911,0.5299860827794377,1019,0,0.0,,0.2612038749637414,0.4301440396883764,
366,368,33.68538182126704,34.44180849860135,1.0,24.7660229,2.0,912.2466709327716,88.08355217332125,2114,0.032112476056018566,2114,0,0,1.0,0.0,0.0,True,1551.0,22.219330176021494,0.6522896385921121,1551,0,0.0,,0.3090169943749474,,
