bead_a,bead_b,r_a_vox,r_b_vox,gap_vox,gap_um,dsum_min,z_mid,axis_dip_deg,lens_vox,lens_mm3,binder_vox,pore_vox,crack_vox,binder_frac,pore_frac,crack_frac,connected,bond_area_vox,r_bond_vox,r_bond_over_R,neck_binder_vox,neck_crack_vox,neck_severed,q_crack_med,q_binder_med,q_pore_med,dq_paired
4,10,32.6302432937921,33.37700866486862,18.027756377319946,446.4758272763268,19.027756377319946,71.5209382502815,44.12905982338679,130,0.001974750183198871,130,0,0,1.0,0.0,0.0,True,398.0,11.255546841497692,0.3410397041993768,408,0,0.0,,0.06973588536342025,,
9,39,32.032817108073615,35.71522898711664,10.0,247.660229,11.0,108.14090463327827,6.017637038737911,6485,0.09850965336957444,3300,3185,0,0.5088666152659984,0.49113338473400153,0.0,False,1676.0,23.09734550211416,0.6818601224206802,1795,0,0.0,,0.25477784062024067,0.3574704445205464,
11,16,35.50058335606696,35.091332069342556,1.0,24.7660229,2.0,128.40047089003218,87.83192498531767,2958,0.044933161860786615,2483,374,101,0.8394185260311021,0.12643678160919541,0.0341446923597025,True,1838.0,24.18788065965696,0.6852875577576564,2446,568,0.18845388188453882,0.42705098312484235,0.28172904669025317,0.407669683062202,0.14532193643458918
13,57,35.11270941990711,35.35361230790185,1.0,24.7660229,2.0,155.92303491441874,31.218879229103475,2826,0.04292803090553853,2637,123,66,0.9331210191082803,0.0435244161358811,0.02335456475583864,True,2117.0,25.958852614302597,0.7367733117835821,2192,705,0.2433551950293407,0.4211646096066227,0.30383243470068705,0.4211646096066227,0.11733217490593567
14,16,35.2703292748547,35.091332069342556,1.0,24.7660229,2.0,129.88461522275634,89.74129809032728,2657,0.04036085566738,2597,51,9,0.9774181407602559,0.01919458035378246,0.003387278885961611,True,4072.0,36.00219238519226,1.0233468538804298,4254,90,0.020718232044198894,0.43405783005789966,0.3090169943749474,0.43405783005789966,0.12504083568295227
14,48,35.2703292748547,34.753798511171915,1.0,24.7660229,2.0,151.48206268545715,52.882387036127554,2525,0.03835572471213192,2508,17,0,0.9932673267326733,0.006732673267326733,0.0,True,4073.0,36.00661281523964,1.0284058924736739,4073,134,0.03185167577846446,,0.3090169943749474,0.4211646096066227,
14,64,35.2703292748547,31.39633860779166,1.0,24.7660229,2.0,164.0147392472441,6.004927048012981,2374,0.036061976422416306,2246,128,0,0.9460825610783488,0.05391743892165122,0.0,True,2816.0,29.93928254807644,0.8981784600597916,2847,0,0.0,,0.29581631632448924,0.4241077963657325,
12,63,32.78474429199507,34.04542715074749,5.0,123.8301145,6.0,160.18466002972207,7.446087048573338,4256,0.06465028292072611,4237,19,0,0.9955357142857143,0.004464285714285714,0.0,True,2972.0,30.757389059187485,0.9204641674618235,3023,269,0.08171324422843257,,0.27792629762666365,0.3833180986057291,
13,15,35.11270941990711,34.750306263080205,1.0,24.7660229,2.0,126.93301115022791,87.95142736019756,2588,0.03931271903168214,2581,7,0,0.9972952086553323,0.002704791344667697,0.0,True,3752.0,34.558626896356614,0.9893253693247644,3752,12,0.003188097768331562,,0.30383243470068705,0.43405783005789966,
13,25,35.11270941990711,36.72730441177014,1.0,24.7660229,2.0,122.83468645511971,85.61010701415896,2626,0.039889953700617195,2596,26,4,0.9885757806549885,0.009900990099009901,0.0015232292460015233,True,2260.0,26.821266613927218,0.7466943610776591,2295,191,0.07683024939662107,0.4415184401122529,0.30383243470068705,0.430554406591371,0.13768600541156584
13,43,35.11270941990711,35.686945990301986,1.0,24.7660229,2.0,140.61516191343307,64.52395684228965,2951,0.04482682915861437,2850,65,36,0.9657743137919349,0.022026431718061675,0.012199254490003388,True,3940.0,35.413852537730705,1.0003961836408637,4000,311,0.07214103456274647,0.4305008740430604,0.3008613653919205,0.4142135623730951,0.12963950865113993
11,18,35.50058335606696,35.44486775278347,5.513233075965879,136.54085661240842,6.513233075965879,126.98942110838354,89.87601495519561,5540,0.08415473857632112,5151,385,4,0.9297833935018051,0.06949458483754513,0.0007220216606498195,True,2469.0,28.034034832463544,0.790298303677043,2527,130,0.048927361686112156,0.4181390061939277,0.25987517556175926,0.4107012130722742,0.15826383063216842
11,51,35.50058335606696,33.515016123006816,4.65685424949238,115.33175898489058,5.65685424949238,150.65334692644174,51.43798192656916,4655,0.07071124694454418,4655,0,0,1.0,0.0,0.0,True,2510.0,28.265841829340843,0.8191145782312976,2631,0,0.0,,0.27792629762666365,,
11,60,35.50058335606696,34.6394418407235,1.0,24.7660229,2.0,162.50523918625422,11.332777379420504,2595,0.039419051733854384,2590,5,0,0.9980732177263969,0.0019267822736030828,0.0,True,2091.0,25.798952924688752,0.735641393121977,2769,501,0.15321100917431194,,0.3090169943749474,0.42857142857142855,
12,43,32.78474429199507,35.686945990301986,5.928203230275509,146.8180169568572,6.928203230275509,139.20678919420078,63.91177633059732,5693,0.08647886763808595,5043,382,268,0.8858246969963113,0.0670999473037063,0.04707535569998243,True,3562.0,33.67224100927443,0.9835376013195977,3562,158,0.04247311827956989,0.3908712114635714,0.25,0.3900959445746376,0.1408712114635714
17,28,35.8170633212898,33.90451377170122,5.0,123.8301145,6.0,130.76856778679831,83.02541584228898,2298,0.034907507084546194,1531,386,381,0.6662315056570931,0.1679721496953873,0.16579634464751958,True,1247.0,19.923163104065253,0.5715063810875296,1261,244,0.16212624584717608,0.39087121146357146,0.20521309615767264,0.33754584695903833,0.18565811530589882
17,29,35.8170633212898,34.4252307996975,1.0,24.7660229,2.0,128.80446869835782,85.72251648932902,2904,0.04411288101545786,2753,137,14,0.9480027548209367,0.0471763085399449,0.0048209366391184574,True,944.0,17.334489682638438,0.4935627430613534,1190,498,0.2950236966824645,0.4176890859898589,0.3090169943749474,0.42857142857142855,0.10867209161491148
17,35,35.8170633212898,32.74731308318247,1.0,24.7660229,2.0,129.3343988560204,84.40224232635391,2564,0.03894814976709158,2562,2,0,0.999219968798752,0.00078003120124805,0.0,True,1884.0,24.488687706168772,0.7143268557335393,2008,206,0.0930442637759711,,0.3090169943749474,0.48362570849856334,
17,67,35.8170633212898,34.63440074247107,6.348469228349534,157.22633428924988,7.348469228349534,163.6261011739459,20.468378593920615,6019,0.09143093348210772,5434,393,192,0.9028077753779697,0.06529323807941519,0.031898986542615054,True,1782.0,23.816553427805523,0.6761123773453668,2031,775,0.27619387027797576,0.3711919688095944,0.2545320558182148,0.3860389103535211,0.11665991299137957
15,27,34.750306263080205,34.56666801426126,2.863703305156273,70.92254163430594,3.863703305156273,133.58184502843633,81.65176067836096,3635,0.05521705319944535,3619,14,2,0.9955983493810179,0.0038514442916093533,0.0005502063273727648,True,2614.0,28.845485651734638,0.8322776910694941,2617,31,0.011706948640483383,0.3457549835059216,0.27718637277259645,0.3968236053213279,0.06856861073332515
15,48,34.750306263080205,34.753798511171915,1.0,24.7660229,2.0,150.5702598876685,50.50931146621567,2629,0.039935524858691014,2617,12,0,0.99543552681628,0.004564473183720046,0.0,True,3396.0,32.878265974350796,0.9460812733618746,3396,195,0.05430242272347535,,0.3090169943749474,0.4223572182080777,
16,20,35.091332069342556,37.807394926395375,1.0,24.7660229,2.0,125.62460692514898,84.292851222895,2770,0.04207736928816056,2730,40,0,0.9855595667870036,0.01444043321299639,0.0,True,2588.0,28.701672171559103,0.787439598862602,2833,404,0.12480691998764287,,0.30484544052339907,0.4415184401122529,
16,27,35.091332069342556,34.56666801426126,1.0,24.7660229,2.0,134.33328731607168,82.38343124852697,2733,0.04151532500525011,2665,68,0,0.9751189169410904,0.024881083058909622,0.0,True,2743.0,29.548672014189364,0.8483927755239866,2744,26,0.009386281588447653,,0.30484544052339907,0.42583274182484154,
18,47,35.44486775278347,34.5101653925344,5.414213562373095,134.08853707122265,6.414213562373095,148.8053227782147,55.85735331370002,5149,0.0782152976406999,5014,135,0,0.973781316760536,0.026218683239463973,0.0,True,2363.0,27.425649692437503,0.7840936801635442,2643,120,0.04343105320304017,,0.2710027819719485,0.41783991029087636,
18,51,35.44486775278347,33.515016123006816,7.0990195135927845,175.81447984118574,8.099019513592784,150.56608096736392,49.74082725853442,7318,0.11116324492807182,6872,431,15,0.9390543864443837,0.05889587318939601,0.002049740366220279,True,2447.0,27.90885686465384,0.809422965819459,2710,602,0.1817632850241546,0.3017000572465459,0.2589348488084732,0.3756718036008188,0.042765208438072744
19,34,33.926651932058476,33.63389748699761,1.8284271247461903,45.2828680424453,2.8284271247461903,131.21701833286403,88.68017751832862,3142,0.04772819288931425,3039,103,0,0.9672183322724379,0.03278166772756206,0.0,True,1475.0,21.668112103298046,0.6414427440161211,1935,492,0.2027194066749073,,0.28989794855663564,0.41986841535706637,
19,56,33.926651932058476,33.375151318809685,3.2426406871192857,80.30731351366796,4.242640687119286,158.46167276604973,38.66007424229531,3720,0.05650823601153692,3625,46,49,0.9744623655913979,0.012365591397849462,0.013172043010752688,True,2528.0,28.367012395961314,0.842979267293121,2568,228,0.0815450643776824,0.43303027798233606,0.27669677546737487,0.3838174353585168,0.1563335025149612
22,45,33.202084155162524,34.22001268029314,1.0,24.7660229,2.0,148.90717165727997,53.524747534070045,2687,0.040816567248118205,2659,28,0,0.9895794566430964,0.01042054335690361,0.0,True,3215.0,31.990096656322983,0.9489499187305062,3274,421,0.11393775372124493,,0.3090169943749474,0.4211646096066227,
22,47,33.202084155162524,34.5101653925344,1.0,24.7660229,2.0,149.78992990499353,52.98712036381006,2375,0.03607716680844091,2375,0,0,1.0,0.0,0.0,True,3338.0,32.59629426915724,0.9627886973743565,3500,55,0.015471167369901548,,0.3090169943749474,,
23,31,35.34718065008779,34.82467772811083,1.0,24.7660229,2.0,136.28002342367228,87.89147673601364,2661,0.040421617211478425,2658,3,0,0.9988726042841037,0.0011273957158962795,0.0,True,1633.0,22.79912375812128,0.6498081790920515,1929,29,0.01481103166496425,,0.3090169943749474,0.39352981872163206,
23,40,35.34718065008779,35.94981371345634,1.0,24.7660229,2.0,142.68349190921475,77.8102485010764,2746,0.041712800023569994,2745,1,0,0.9996358339402768,0.0003641660597232338,0.0,True,2073.0,25.68767007844421,0.7205821313437845,2082,253,0.10835117773019272,,0.3090169943749474,0.36602540378443865,
21,33,35.90351208615431,33.01595501479054,1.0,24.7660229,2.0,133.3929759575207,77.23910821619887,2551,0.03875067474877169,2487,60,4,0.9749117992943943,0.023520188161505293,0.0015680125441003528,True,1899.0,24.585981246698665,0.7134698592688802,2074,241,0.1041036717062635,0.45966960214823505,0.3090169943749474,0.4211646096066227,0.15065260777328765
21,42,35.90351208615431,35.106641157358276,1.0,24.7660229,2.0,138.04821096986694,67.18463420167753,2752,0.04180394233971764,2702,28,22,0.9818313953488372,0.010174418604651164,0.007994186046511628,True,2259.0,26.81533204883324,0.7552534623288696,2532,441,0.14833501513622604,0.43405783005789966,0.30484544052339907,0.42410779636573254,0.1292123895345006
21,69,35.90351208615431,34.50568797903108,4.0,99.0640916,5.0,165.61208258603207,10.335829739111063,4512,0.06853902174302542,4504,8,0,0.99822695035461,0.0017730496453900709,0.0,True,3928.0,35.35988168715967,1.0044108342211875,3928,16,0.004056795131845842,,0.28172904669025317,0.4181390061939277,
22,37,33.202084155162524,39.5353839422145,1.0,24.7660229,2.0,124.75197334848075,83.1187649042982,2824,0.04289765013348932,2804,20,0,0.9929178470254958,0.007082152974504249,0.0,True,2919.0,30.481905415680384,0.8381349038675046,3085,12,0.0038747174685179204,,0.3090169943749474,0.4176890859898589,
24,35,40.68545575459934,32.74731308318247,5.196152422706632,128.68802989264293,6.196152422706632,123.40097043185716,76.5419205244759,5114,0.07768363412983866,2540,1076,1498,0.496675791943684,0.21040281579976536,0.2929213922565507,False,972.0,17.58969042850512,0.4790692413454269,1004,477,0.32207967589466574,0.380665477567095,0.14548268842493628,0.337386354243376,0.23518278914215873
25,27,36.72730441177014,34.56666801426126,1.0,24.7660229,2.0,129.48352033332813,75.10754311277708,2478,0.0376417765689754,2455,14,9,0.9907183212267958,0.005649717514124294,0.0036319612590799033,True,2582.0,28.668381993522893,0.8042301759315427,2586,53,0.02008336491095112,0.4142135623730951,0.3090169943749474,0.4142135623730951,0.1051965679981477
25,49,36.72730441177014,33.962082003976796,1.0,24.7660229,2.0,146.00361191238517,42.60696072030539,2722,0.041348230758979435,2652,42,28,0.9742836149889786,0.015429831006612785,0.010286554004408524,True,1590.0,22.496949104983706,0.6365014677782584,1936,1067,0.3553113553113553,0.43804973927041124,0.30484544052339907,0.4176890859898589,0.13320429874701217
25,57,36.72730441177014,35.35361230790185,1.0,24.7660229,2.0,153.11306920641493,32.54936465434691,2996,0.04551039652972167,2931,55,10,0.9783044058744993,0.018357810413885182,0.0033377837116154874,True,1750.0,23.60174359706574,0.6548680197521535,1833,588,0.24287484510532836,0.43038620752186835,0.3090169943749474,0.4211646096066227,0.12136921314692095
20,25,37.807394926395375,36.72730441177014,10.661903789690601,264.0529534130742,11.661903789690601,120.7748399424054,88.91469960204269,9273,0.1408604496061779,5102,2877,1294,0.5501995039361588,0.3102555807182142,0.1395449153456271,True,1.0,0.5641895835477563,0.015138977913844292,792,249,0.23919308357348704,0.37146464462912676,0.1690342619244982,0.3322286592842691,0.20243038270462857
20,49,37.807394926395375,33.962082003976796,1.0,24.7660229,2.0,146.75373110767467,43.67626689153702,2770,0.04207736928816056,2657,65,48,0.9592057761732852,0.023465703971119134,0.017328519855595668,True,2346.0,27.326818200939037,0.7615164376201432,2655,1191,0.3096723868954758,0.43405783005789966,0.30484544052339907,0.42857142857142855,0.1292123895345006
20,53,37.807394926395375,33.362716063067126,1.0,24.7660229,2.0,151.40147256792815,32.93854108372829,2571,0.039054482469263824,2571,0,0,1.0,0.0,0.0,True,3088.0,31.35188875547286,0.8810408841462912,4265,1821,0.29921130463358525,,0.3090169943749474,,
21,29,35.90351208615431,34.4252307996975,1.414213562373095,35.02444547122265,2.414213562373095,128.7140818760398,85.68907271815448,2666,0.040497569141601464,2663,3,0,0.9988747186796699,0.0011252813203300824,0.0,True,3156.0,31.695204697178458,0.9013442696856353,3272,186,0.05378831694621168,,0.2989350844248255,0.44579905519622387,
27,66,34.56666801426126,35.10082915227047,1.0,24.7660229,2.0,173.24428845478263,7.420176808181479,2888,0.04386983483906415,2571,146,171,0.8902354570637119,0.05055401662049862,0.05921052631578947,True,2361.0,27.414040951306866,0.7869965784984901,2362,483,0.16977152899824252,0.4211646096066227,0.2857142857142857,0.4211646096066227,0.13545032389233702
28,34,33.90451377170122,33.63389748699761,8.43650317030929,208.9386307118025,9.43650317030929,133.68988156867067,87.55360671619894,8391,0.12746252913247483,5921,1742,728,0.7056369920152544,0.2076033845787153,0.08675962340603027,True,322.0,10.124020118074668,0.299800363360508,986,500,0.3364737550471063,0.385143668184907,0.2025519956555797,0.3693850293375195,0.1825916725293273
28,46,33.90451377170122,33.72118046958565,1.0,24.7660229,2.0,152.08999640924395,59.09637192731639,2790,0.04238117700865269,2787,2,1,0.9989247311827957,0.0007168458781362007,0.00035842293906810036,True,2540.0,28.43425945768288,0.8409306485262871,2716,722,0.21000581733566026,0.4211646096066227,0.30901699437494745,0.427081728298996,0.11214761523167527
28,50,33.90451377170122,34.418984854606705,1.414213562373095,35.02444547122265,2.414213562373095,153.87838201308512,58.97588352937907,2660,0.04040642682545382,2660,0,0,1.0,0.0,0.0,True,1813.0,24.022818811521944,0.7032080995416699,1827,345,0.15883977900552487,,0.2989350844248255,,
23,44,35.34718065008779,34.021724656602196,1.0,24.7660229,2.0,147.73589240058652,67.84478747802655,2994,0.04548001575767246,2985,9,0,0.996993987975952,0.003006012024048096,0.0,True,3248.0,32.15385684991696,0.927039477061375,3738,446,0.10659655831739961,,0.3090169943749474,0.43405783005789966,
23,55,35.34718065008779,34.357950879620255,1.0,24.7660229,2.0,159.49785136661495,43.709050463593165,2752,0.04180394233971764,2752,0,0,1.0,0.0,0.0,True,3292.0,32.37091511398834,0.9287957544472027,3329,259,0.0721850613154961,,0.3090169943749474,,
24,26,40.68545575459934,39.625850640457486,1.0,24.7660229,2.0,123.07786188904922,77.55799090479864,3383,0.05138907592124446,3159,138,86,0.9337865799586166,0.04079219627549512,0.025421223765888266,True,1510.0,21.923684182580352,0.5459675646349531,1679,1202,0.41721624435959737,0.44539674363029436,0.28989794855663564,0.4068781988545112,0.1554987950736587
24,32,40.68545575459934,37.277980052643976,8.306623862918075,205.7220368107155,9.306623862918075,117.96596609560925,85.06326542163012,8178,0.1242269769092336,6085,1618,475,0.7440694546343849,0.19784788456835412,0.058082660797260946,True,1395.0,21.072311008201925,0.5405690703601385,1569,1387,0.4692151556156969,0.3706793556038632,0.24117152185510726,0.4263185712672803,0.12950783374875596
28,58,33.90451377170122,34.49479031221268,1.0,24.7660229,2.0,161.9468916933106,39.72607810561133,2578,0.03916081517143607,2441,105,32,0.9468580294802172,0.04072924747866563,0.012412723041117145,True,1100.0,18.712051592547777,0.5471415782122983,1830,955,0.34290843806104127,0.4276112198322612,0.30216947925196225,0.43405783005789966,0.12544174058029894
29,35,34.4252307996975,32.74731308318247,1.0,24.7660229,2.0,131.95584492204455,89.11338975456091,2172,0.03299351844544575,2168,4,0,0.998158379373849,0.001841620626151013,0.0,True,1652.0,22.93137440223813,0.6827603385758498,1732,320,0.15594541910331383,,0.3064247145378172,0.4509526540072415,
29,36,34.4252307996975,33.67885841776392,8.43650317030929,208.9386307118025,9.43650317030929,137.669317723409,80.80410186940671,6418,0.0974918975059258,3792,646,1980,0.5908382673730134,0.10065440947335619,0.30850732315363044,True,902.0,16.94448338952177,0.49760546199852335,1136,1028,0.47504621072088726,0.37771354955589964,0.17843295907368986,0.33644322202664884,0.19928059048220978
29,38,34.4252307996975,33.75976620877764,8.222125139210444,203.62933948435153,9.222125139210444,137.8526506272537,80.59822979047921,6228,0.09460572416125053,4217,578,1433,0.6771034039820167,0.09280667951188182,0.23008991650610147,True,1772.0,23.74963406702674,0.6966234541030999,1899,522,0.21561338289962825,0.38098029324828786,0.19596912894928778,0.3574587891065164,0.18501116429900008
26,58,39.625850640457486,34.49479031221268,7.547442467302883,186.92013298165568,8.547442467302883,160.18961421972477,48.51628754120114,7752,0.11775587246275114,7281,424,47,0.9392414860681114,0.054695562435500514,0.006062951496388029,True,2557.0,28.529254791738826,0.7698059386711515,2557,268,0.09486725663716813,0.3838359392541076,0.2565236958429578,0.3692144102211551,0.12731224341114977
26,71,39.625850640457486,34.51450804187209,1.8284271247461903,45.2828680424453,2.8284271247461903,172.02868367931987,19.799817196900612,3705,0.056280380221167825,3266,107,332,0.8815114709851551,0.028879892037786774,0.08960863697705802,True,2389.0,27.576118619071032,0.7438895389548056,2989,1040,0.2581285678828493,0.39564392373896,0.2612038749637415,0.4,0.13444004877521853
27,48,34.56666801426126,34.753798511171915,1.0,24.7660229,2.0,155.93073477877252,59.01123641371208,2952,0.04484201954463898,2880,41,31,0.975609756097561,0.013888888888888888,0.010501355013550135,True,2525.0,28.350175706934717,0.8179453234502755,2582,336,0.11514736120630568,0.44499443206436484,0.3090169943749474,0.4142135623730951,0.13597743768941745
27,57,34.56666801426126,35.35361230790185,7.0990195135927845,175.81447984118574,8.099019513592784,162.57186879262719,52.06533351307831,6313,0.09589690697334209,5127,574,612,0.8121336923808016,0.09092349120861713,0.09694281641058133,True,14.0,2.111004122822376,0.060383171036951254,1622,312,0.16132368148914167,0.3574925441029853,0.23329952500316292,0.3414139560572061,0.12419301909982239
26,32,39.625850640457486,37.277980052643976,8.196152422706632,202.98609859264292,9.196152422706632,126.72766220065128,83.04467655124957,2543,0.03862915166057484,495,2048,0,0.19465198584349194,0.805348014156508,0.0,True,624.0,14.093451279891855,0.36652143730354086,1208,1036,0.46167557932263814,,0.4211646096066226,0.45850742297558345,
26,34,39.625850640457486,33.63389748699761,1.0,24.7660229,2.0,131.93260409508486,89.84155919913148,2875,0.04367235982074426,2619,227,29,0.9109565217391304,0.07895652173913044,0.01008695652173913,True,1730.0,23.466488938440662,0.6406379912094258,1892,438,0.18798283261802576,0.44499443206436484,0.28989794855663564,0.4142135623730951,0.1550964835077292
26,40,39.625850640457486,35.94981371345634,14.0,346.7243206,15.0,141.11065230653713,77.05760572446619,30627,0.4652359527756294,10571,14661,5395,0.34515296960198516,0.47869526888039965,0.17615176151761516,True,18.0,2.393653682408596,0.06334456211193429,1479,285,0.16156462585034015,0.3567891723253309,0.13333333333333333,0.3560760456342907,0.22345583899199759
26,54,39.625850640457486,33.860011693756185,1.0,24.7660229,2.0,157.35781516926028,50.86326651812283,2826,0.04292803090553853,2705,30,91,0.9571832979476291,0.010615711252653927,0.032200990799716916,True,2495.0,28.18125557934844,0.7669844153472706,2519,1161,0.3154891304347826,0.4142135623730951,0.30484544052339907,0.3927409831932979,0.10936812184969602
29,61,34.4252307996975,34.086570446732345,1.0,24.7660229,2.0,163.7913644661045,17.33746345825835,2666,0.040497569141601464,2607,37,22,0.9778694673668417,0.01387846961740435,0.008252063015753939,True,2321.0,27.180824966004586,0.7934640301818361,2734,1168,0.2993336750384418,0.4248680190890256,0.3090169943749474,0.4142135623730951,0.11585102471407821
30,32,34.113465564309394,37.277980052643976,9.0,222.8942061,10.0,125.27844667705565,84.43950407847062,11228,0.17055765428428402,6141,3421,1666,0.5469362308514428,0.3046847167794799,0.1483790523690773,True,801.0,15.967661658277217,0.44732702973829025,1511,200,0.11689070718877849,0.36997083554230425,0.2,0.3757527116952358,0.16997083554230424
30,40,34.113465564309394,35.94981371345634,10.051815009825805,248.94348071990962,11.051815009825805,139.6614367829415,74.28985527258826,8847,0.13438934515969547,8140,469,238,0.9200859048264949,0.05301232056064203,0.026901774612863118,True,2105.0,25.885175495191827,0.738908477080272,2110,221,0.09480909480909482,0.41176370764687154,0.25175647872610657,0.3673677887146507,0.16000722892076497
30,43,34.113465564309394,35.686945990301986,1.0,24.7660229,2.0,142.26339930532134,69.07303556694923,2599,0.03947981327795281,2583,16,0,0.993843786071566,0.0061562139284340135,0.0,True,2398.0,27.628013085792652,0.7916289451725276,2459,137,0.052773497688751926,,0.3090169943749474,0.46725141699712663,
31,40,34.82467772811083,35.94981371345634,1.0,24.7660229,2.0,143.97827813344054,79.70535650563997,3041,0.04619396390082897,3039,1,1,0.9993423216047352,0.0003288391976323578,0.0003288391976323578,True,1267.0,20.082296327732614,0.5675009715700454,1325,33,0.024300441826215022,0.42705098312484235,0.30901699437494745,0.30901699437494745,0.1180339887498949
31,55,34.82467772811083,34.357950879620255,1.0,24.7660229,2.0,160.79263759084074,46.940126015919475,2816,0.04277612704529247,2816,0,0,1.0,0.0,0.0,True,1812.0,24.016192740836935,0.6942839040421529,1853,65,0.03388946819603754,,0.3090169943749474,,
31,56,34.82467772811083,33.375151318809685,1.0,24.7660229,2.0,162.04488435517396,45.23742075542519,2552,0.038765865134796296,2456,79,17,0.9623824451410659,0.030956112852664575,0.0066614420062695925,True,1638.0,22.834000822655874,0.6696204709529816,1797,431,0.19344703770197486,0.4415184401122529,0.3090169943749474,0.43405783005789966,0.1325014457373055
31,65,34.82467772811083,34.27300445686583,1.0,24.7660229,2.0,169.32524416832797,23.48143964853215,2599,0.03947981327795281,2599,0,0,1.0,0.0,0.0,True,1417.0,21.237822598431116,0.6147188133337613,1459,360,0.19791094007696536,,0.30901699437494745,,
30,44,34.113465564309394,34.021724656602196,2.1462643699419726,53.15443253543696,3.1462643699419726,144.71383727431328,64.26936406894932,3148,0.04781933520546189,2818,244,86,0.8951715374841169,0.07750952986022872,0.027318932655654382,True,1654.0,22.945251180756113,0.6735213068712886,2004,526,0.20790513833992094,0.4271966572963435,0.27429188517743175,0.42531478347422524,0.15290477211891174
30,52,34.113465564309394,34.21341964782566,1.0,24.7660229,2.0,155.5494757031169,39.64702372709042,2456,0.037307588076434056,2422,29,5,0.9861563517915309,0.011807817589576547,0.002035830618892508,True,2025.0,25.38853125964903,0.7431490892882076,2040,223,0.09854175872735307,0.44499443206436484,0.3090169943749474,0.43405783005789966,0.13597743768941745
30,68,34.113465564309394,35.1236786136218,8.222125139210444,203.62933948435153,9.222125139210444,166.29416337427918,20.227869925322867,6251,0.09495510303981648,4711,1055,485,0.7536394176931691,0.1687729963205887,0.0775875859862422,True,971.0,17.58063990543179,0.507838389759452,1050,234,0.1822429906542056,0.3582711418945161,0.2178597088112806,0.3719210492142398,0.14041143308323548
31,34,34.82467772811083,33.63389748699761,1.0,24.7660229,2.0,134.80022992198826,85.37038149374457,2625,0.03987476331459259,2623,2,0,0.9992380952380953,0.0007619047619047619,0.0,True,1803.0,23.9564756337274,0.6998823904369057,1961,372,0.1594513501928847,,0.3090169943749474,0.37153741221642356,
36,38,33.67885841776392,33.75976620877764,4.65685424949238,115.33175898489058,5.65685424949238,144.09605358628073,89.71770743649327,4406,0.06692884082441712,4406,0,0,1.0,0.0,0.0,True,2531.0,28.38383909782421,0.8417680299681941,2676,3,0.0011198208286674132,,0.2798057840438667,,
36,75,33.67885841776392,35.38795975311981,6.4031242374328485,158.57992149580696,7.4031242374328485,180.96885542560494,20.47096196157037,5416,0.08227113070926989,5416,0,0,1.0,0.0,0.0,True,3635.0,34.015532279799466,0.9850036003001883,3635,54,0.014638113309840065,,0.270658722346124,,
39,82,35.71522898711664,33.3145312929986,10.360566425675607,256.5900253552532,11.360566425675607,184.2424731023928,24.9880659026532,9032,0.1371995665742477,7484,1548,0,0.8286093888396812,0.17139061116031887,0.0,True,2911.0,30.440106417044845,0.8819415363322199,2911,0,0.0,,0.23800671553691075,0.353219120813669,
40,65,35.94981371345634,34.27300445686583,1.0,24.7660229,2.0,175.72871265387045,40.59269856213937,3231,0.049080137245504245,3231,0,0,1.0,0.0,0.0,True,2985.0,30.824584510721554,0.8779079311786651,3041,101,0.03214513049013367,,0.3090169943749474,,
33,74,33.01595501479054,33.56439338560942,9.770329614269007,241.9722069675344,10.770329614269007,176.79117528035107,21.57953732190345,7072,0.10742640996601859,7005,67,0,0.9905260180995475,0.009473981900452488,0.0,True,2492.0,28.16430784468183,0.8460246460504445,2492,0,0.0,,0.26820790199340255,0.29775239079762217,
34,58,33.63389748699761,34.49479031221268,1.0,24.7660229,2.0,160.28266032071835,33.3665812552962,2599,0.03947981327795281,2453,81,65,0.9438245479030396,0.03116583301269719,0.025009619084263177,True,1528.0,22.05396803500069,0.647420895585085,2034,1030,0.33616187989556134,0.43649167310370846,0.30216947925196225,0.43405783005789966,0.1343221938517462
35,42,32.74731308318247,35.106641157358276,1.0,24.7660229,2.0,141.28997401587168,75.9393602781516,2256,0.03426951087151271,2248,7,1,0.9964539007092199,0.0031028368794326243,0.0004432624113475177,True,2003.0,25.25024162312378,0.7442526203738176,2092,1211,0.36663639115955193,0.39352981872163206,0.3090169943749474,0.439607805437114,0.08451282434668467
35,54,32.74731308318247,33.860011693756185,1.0,24.7660229,2.0,157.68092371206825,40.9333896182761,2462,0.037398730392581694,2323,74,65,0.9435418359057677,0.030056864337936636,0.026401299756295696,True,3123.0,31.529062379842163,0.9467145688685104,3148,706,0.18318629994810587,0.4415184401122529,0.2989350844248255,0.40269974784927715,0.14258335568742736
32,40,37.277980052643976,35.94981371345634,10.224972160321824,253.23189467439278,11.224972160321824,135.99875651309716,69.91412068744802,8170,0.12410545382103673,4837,1132,2201,0.5920440636474908,0.13855569155446756,0.2694002447980416,True,1.0,0.5641895835477563,0.015409165141581506,1801,719,0.2853174603174603,0.3813570972530608,0.17843295907368986,0.33171322267475806,0.2029241381793709
32,52,37.277980052643976,34.21341964782566,1.0,24.7660229,2.0,151.88679543327254,38.866174102189234,2608,0.03961652675217427,2554,52,2,0.9792944785276073,0.019938650306748466,0.0007668711656441718,True,2683.0,29.223713395650293,0.8175448660423505,2728,793,0.22522010792388525,0.46474358729246995,0.30484544052339907,0.436403720705399,0.15989814676907088
33,37,33.01595501479054,39.5353839422145,1.0,24.7660229,2.0,130.70814011072093,72.86883218335187,3138,0.047667431345215824,3112,21,5,0.9917144678138942,0.006692160611854685,0.0015933715742511153,True,3041.0,31.11238280628643,0.8576652961490916,3423,55,0.015813686026451983,0.4387496113528984,0.30484544052339907,0.4387496113528984,0.13390417082949935
33,39,33.01595501479054,35.71522898711664,1.0,24.7660229,2.0,144.2873191811811,84.14094970991106,2421,0.03677592456557282,2421,0,0,1.0,0.0,0.0,True,3459.0,33.181830816121824,0.9655538835239934,3553,38,0.010582010582010581,,0.3090169943749474,,
40,68,35.94981371345634,35.1236786136218,1.7320508075688772,42.89600996421431,2.732050807568877,177.0144732103207,46.61723821930461,3162,0.048032000609806384,2998,112,52,0.948134092346616,0.03542061986084757,0.01644528779253637,True,2118.0,25.964982937357547,0.7306516701857693,2349,617,0.20802427511800406,0.44925233138992116,0.28989794855663564,0.4211646096066227,0.1593543828332855
40,71,35.94981371345634,34.51450804187209,8.899494936611665,220.40509539855856,9.899494936611665,181.29977799176575,40.207703683158506,8119,0.1233307441337818,7934,83,102,0.9772139426037689,0.010222933858849611,0.01256312353738145,True,2175.0,26.31205051777122,0.7468190954603642,2298,736,0.24258404746209625,0.3137904279843288,0.2658626798938589,0.3743554473886641,0.0479277480904699
41,43,33.34776719762847,35.686945990301986,1.0,24.7660229,2.0,152.2343101272969,84.34678045164611,2682,0.040740615317995166,2682,0,0,1.0,0.0,0.0,True,3363.0,32.7181317809573,0.9478747798050533,3363,34,0.010008831321754489,,0.3090169943749474,,
41,44,33.34776719762847,34.021724656602196,3.4721359549995796,85.99099857343296,4.47213595499958,154.68474809628884,80.64026590125687,3794,0.05763232457735782,3792,2,0,0.9994728518713759,0.0005271481286241434,0.0,True,2843.0,30.08247008509303,0.8930591357341198,2976,176,0.05583756345177665,,0.2791745113185196,0.3713177643119593,
41,76,33.34776719762847,35.16195257645013,3.0,74.2980687,4.0,183.81576520311864,15.779974927973633,3873,0.058832365073301744,3871,2,0,0.9994836044410018,0.0005163955589981926,0.0,True,2781.0,29.75264347040649,0.8685670754024519,2901,57,0.019269776876267748,,0.28172904669025317,0.4217893051963033,
42,45,35.106641157358276,34.22001268029314,1.0,24.7660229,2.0,159.5185734318664,75.08566462227934,2501,0.03799115544754136,2501,0,0,1.0,0.0,0.0,True,2481.0,28.10207870642285,0.8107149891362728,2581,1057,0.29054425508521164,,0.3164309725825327,,
42,62,35.106641157358276,33.55471331877397,1.8284271247461903,45.2828680424453,2.8284271247461903,171.95259793874845,51.60691867011671,2937,0.044614163754269874,2936,1,0,0.9996595165134491,0.00034048348655090226,0.0,True,4114.0,36.187385533637475,1.0540830663693583,4126,667,0.13916127686209054,,0.28989794855663564,0.4305008740430604,
42,80,35.106641157358276,33.68194507415196,2.23606797749979,55.37851073671648,3.23606797749979,185.80369497663352,12.206923614287856,2980,0.04526735035332796,2980,0,0,1.0,0.0,0.0,True,2813.0,29.923330527115514,0.8700085920186691,2821,225,0.07386736703873933,,0.28172904669025317,,
45,80,34.22001268029314,33.68194507415196,8.288221436384907,205.2662818937795,9.288221436384907,195.22809545646368,46.536907816649425,6402,0.0972488513295321,6225,177,0,0.9723523898781631,0.027647610121836926,0.0,True,2760.0,29.640095915284455,0.8730262541905607,2760,39,0.013933547695605574,,0.26533119314590375,0.3874258867227931,
46,50,33.72118046958565,34.418984854606705,1.0,24.7660229,2.0,170.61426548106616,86.94882203616301,3016,0.045814204250213805,3016,0,0,1.0,0.0,0.0,True,2035.0,25.451141789397465,0.747023188696648,2051,117,0.05396678966789668,,0.3203772410170408,,
46,84,33.72118046958565,34.296563981422736,2.0,49.5320458,3.0,200.2095070285984,26.17269040146858,3437,0.05220935676657323,3327,79,31,0.9679953447774222,0.02298516147803317,0.00901949374454466,True,2096.0,25.829779740470595,0.7595012139538144,2231,274,0.1093812375249501,0.4142135623730951,0.28989794855663564,0.4142135623730951,0.12431561381645945
47,51,34.5101653925344,33.515016123006816,4.773112505913769,118.21101362573678,5.773112505913769,172.46924859627288,87.25859724808095,4892,0.07431136843237597,4892,0,0,1.0,0.0,0.0,True,3267.0,32.24776578559272,0.9481125979274397,3302,46,0.013739545997610514,,0.28129889578118483,,
43,52,35.686945990301986,34.21341964782566,2.1462643699419726,53.15443253543696,3.1462643699419726,168.87174806153823,68.71582300122553,3469,0.05269544911936064,3446,23,0,0.9933698472182185,0.006630152781781493,0.0,True,2521.0,28.327711221864295,0.8105168252914758,2554,123,0.04594695554725439,,0.28989794855663564,0.44499443206436484,
43,63,35.686945990301986,34.04542715074749,7.135175045001725,176.70990856002126,8.135175045001725,176.56354249926397,57.09955901111967,6849,0.10403895388253129,5475,1374,0,0.7993867717915024,0.20061322820849758,0.0,True,2652.0,29.054394128245264,0.833311497071129,2652,16,0.005997001499250375,,0.23166247903553994,0.36602540378443865,
43,79,35.686945990301986,34.56213861171404,1.0,24.7660229,2.0,191.15497428611505,5.711804050300334,2593,0.03938867096180517,2547,46,0,0.9822599305823371,0.01774006941766294,0.0,True,3706.0,34.34612697520826,0.9778384208076238,3787,264,0.06516909405085164,,0.30484544052339907,0.4195106216501436,
44,68,34.021724656602196,35.1236786136218,1.0,24.7660229,2.0,182.06687370169246,51.8723593071175,2636,0.04004185756086326,2517,85,34,0.954855842185129,0.032245827010622154,0.012898330804248861,True,2133.0,26.05676471149144,0.7536803165254583,2326,671,0.22389055722389056,0.43405783005789966,0.2989350844248255,0.4142135623730951,0.13512274563307414
44,76,34.021724656602196,35.16195257645013,9.071067811865476,224.65427315611325,10.071067811865476,189.61756470855636,41.53559631685997,6815,0.10352248075769466,5219,1091,505,0.7658107116654439,0.16008804108584007,0.07410124724871607,True,1738.0,23.520684135191054,0.6799489439093911,1910,326,0.14579606440071557,0.41214119199642896,0.21712927295533246,0.3874258867227931,0.1950119190410965
45,53,34.22001268029314,33.362716063067126,1.0,24.7660229,2.0,175.11047995492896,79.67786688550581,2338,0.03551512252553046,2322,11,5,0.9931565440547476,0.004704875962360992,0.00213857998289136,True,2278.0,26.9278651349615,0.7968859984099727,2868,1322,0.31551312649164676,0.42857142857142855,0.31120458008492957,0.45803989154980806,0.11736684848649898
45,74,34.22001268029314,33.56439338560942,2.1462643699419726,53.15443253543696,3.1462643699419726,190.87081077252748,51.095028237153635,3204,0.048669996822839866,3204,0,0,1.0,0.0,0.0,True,3226.0,32.04477637352005,0.9454911013711593,3226,6,0.0018564356435643563,,0.28989794855663564,,
45,78,34.22001268029314,34.361860316496205,1.7320508075688772,42.89600996421431,2.732050807568877,192.89950065407538,47.326837700258615,3064,0.046543342779394925,3059,5,0,0.9983681462140992,0.0016318537859007832,0.0,True,3133.0,31.57950084174568,0.9209285037527066,3147,145,0.04404617253948967,,0.29339977411634566,0.375,
47,70,34.5101653925344,35.78937600850874,1.0,24.7660229,2.0,188.42162810760408,60.516054194554016,2589,0.039327909417706745,2589,0,0,1.0,0.0,0.0,True,2970.0,30.747038263316654,0.8747436370292001,2978,0,0.0,,0.30901699437494745,,
47,78,34.5101653925344,34.361860316496205,1.0,24.7660229,2.0,193.78225890178894,48.0144032862704,2768,0.04204698851611134,2768,0,0,1.0,0.0,0.0,True,3337.0,32.59141129493029,0.9464339391619451,3337,6,0.0017947950942267424,,0.3090169943749474,,
48,59,34.753798511171915,33.30908115668958,1.0,24.7660229,2.0,182.1674726497797,74.40418676204202,2570,0.03903929208323922,2557,10,3,0.9949416342412452,0.0038910505836575876,0.0011673151750972762,True,3225.0,32.03980934622934,0.941476749223062,3306,326,0.08975770925110133,0.44499443206436484,0.31339216579491175,0.4142135623730951,0.1316022662694531
48,64,34.753798511171915,31.39633860779166,1.0,24.7660229,2.0,185.45182619979164,67.09393009667615,2700,0.04101404226643809,2574,126,0,0.9533333333333334,0.04666666666666667,0.0,True,2995.0,30.87617380959715,0.9335180592012933,3005,0,0.0,,0.3090169943749474,0.439607805437114,
49,62,33.962082003976796,33.55471331877397,1.0,24.7660229,2.0,182.89676300155753,71.00771569853762,2392,0.03633540337085923,2387,5,0,0.9979096989966555,0.0020903010033444815,0.0,True,2316.0,27.151532118863187,0.8042897175160825,2362,953,0.2874811463046757,,0.30901699437494745,0.4305008740430604,
49,72,33.962082003976796,34.36145593324355,1.0,24.7660229,2.0,190.1021328343204,58.650525453801315,2577,0.03914562478541146,2505,56,16,0.9720605355064028,0.02173069460613116,0.006208769887466045,True,2034.0,25.444887669192614,0.7448351896698575,2225,884,0.28433579929237696,0.439607805437114,0.2989350844248255,0.4350543397400872,0.14067272101228845
49,85,33.962082003976796,34.9871732559816,1.0,24.7660229,2.0,205.66587263059574,14.342902201134484,2594,0.03940386134782978,2531,48,15,0.9757131842713955,0.018504240555127217,0.005782575173477255,True,2454.0,27.948747032649287,0.8107048271159573,2475,364,0.1282141599154632,0.4142135623730951,0.3090169943749474,0.4142135623730951,0.1051965679981477
50,67,34.418984854606705,34.63440074247107,1.0,24.7660229,2.0,186.73591540023273,65.06519196853031,2748,0.04174318079561921,2414,99,235,0.8784570596797671,0.036026200873362446,0.08551673944687045,True,1190.0,19.46249635988947,0.5636941966452429,1356,1529,0.5299826689774697,0.4211646096066227,0.2898979485566356,0.40269974784927715,0.13126666104998713
48,66,34.753798511171915,35.10082915227047,1.0,24.7660229,2.0,190.23270331401477,61.073814461450176,2599,0.03947981327795281,2572,20,7,0.9896113889957676,0.007695267410542516,0.0026933435936898806,True,2421.0,27.76019154204375,0.7947989265877005,2450,251,0.09292854498333951,0.4211646096066227,0.3090169943749474,0.4495789443311784,0.11214761523167532
48,73,34.753798511171915,34.45696278900919,8.281885242839627,205.10935957933825,9.281885242839627,192.9190149581214,59.20679626053086,6776,0.102930055702735,6528,248,0,0.9634002361275088,0.03659976387249114,0.0,True,1770.0,23.7362275550541,0.6859114712553231,1770,117,0.06200317965023847,,0.2632403810669918,0.3320167484004076,
48,87,34.753798511171915,34.7709859562506,1.0,24.7660229,2.0,208.0581142188615,5.418475640062361,2723,0.04136342114500404,2712,11,0,0.9959603378626515,0.004039662137348513,0.0,True,2326.0,27.210086278134018,0.7827449300726406,2326,0,0.0,,0.3090169943749474,0.4305008740430604,
49,53,33.962082003976796,33.362716063067126,1.0,24.7660229,2.0,176.63024453790788,82.21092149088786,2438,0.037034161127991135,2157,118,163,0.8847415914684167,0.04840032813781788,0.06685808039376538,True,1471.0,21.638711666278937,0.6428154940689312,1576,1392,0.46900269541778977,0.4211646096066227,0.28989794855663564,0.4068781988545112,0.13126666104998708
50,84,34.418984854606705,34.296563981422736,1.8284271247461903,45.2828680424453,2.8284271247461903,201.99789263243957,33.7147214094003,3019,0.045859775408287624,3002,13,4,0.9943689963564094,0.004306061609804571,0.001324942033786022,True,2033.0,25.43863201140436,0.740403953466386,2073,266,0.11372381359555365,0.4531252071117823,0.28989794855663564,0.45657137141714,0.16322725855514664
50,89,34.418984854606705,34.155741283676406,10.180339887498949,252.12653078358238,11.180339887498949,205.49906263272442,33.14551521997228,8183,0.12430292883935662,7621,356,206,0.9313210314065746,0.04350482708053281,0.025174141512892583,True,3507.0,33.41126712422853,0.974448430369336,3550,129,0.03506387605327534,0.3983459486433729,0.25104895924496956,0.3851699132597318,0.14729698939840336
51,60,33.515016123006816,34.6394418407235,1.0,24.7660229,2.0,186.0818990452346,69.97687055943497,2407,0.03656325916122832,2407,0,0,1.0,0.0,0.0,True,2778.0,29.736591328169585,0.872623514781512,2829,143,0.048115746971736206,,0.3090169943749474,,
51,86,33.515016123006816,34.77532951609817,1.0,24.7660229,2.0,207.90843031626832,12.771241303653063,2631,0.03996590563074023,2619,12,0,0.9954389965792474,0.004561003420752566,0.0,True,3304.0,32.429860683500394,0.9497641395720258,3325,192,0.05459198180267273,,0.30901699437494745,0.4370648079258189,
53,91,33.362716063067126,34.71659965261771,1.0,24.7660229,2.0,212.73680091500324,20.513457633114047,2637,0.040057047946887865,2525,74,38,0.9575274933636708,0.028062191884717484,0.01441031475161168,True,2915.0,30.461013086004705,0.894868368337221,3216,1231,0.2768158308972341,0.42857142857142855,0.3090169943749474,0.4211646096066227,0.11955443419648115
54,67,33.860011693756185,34.63440074247107,11.544621651056167,285.91436418189284,12.544621651056167,191.9726260299937,76.87055553610924,8544,0.12978665819423965,8375,169,0,0.9802200374531835,0.01977996254681648,0.0,True,2805.0,29.88075017039453,0.8725018321228887,2805,0,0.0,,0.2640945837331134,0.41089346321725684,
54,83,33.860011693756185,33.35585126234081,1.0,24.7660229,2.0,207.01885055579834,44.845050162529304,2378,0.03612273796651473,2315,48,15,0.9735071488645921,0.020185029436501262,0.006307821698906644,True,1626.0,22.750206041591,0.676929672284372,1900,1371,0.41913787832467136,0.44499443206436484,0.3090169943749474,0.44499443206436484,0.13597743768941745
54,90,33.860011693756185,33.45020909558081,1.0,24.7660229,2.0,211.1136220324757,32.98045679772432,2631,0.03996590563074023,2592,38,1,0.9851767388825542,0.01444317749904979,0.0003800836183960471,True,3446.0,33.119418288812724,0.9840828896540884,3446,638,0.15621939275220373,0.42857142857142855,0.3090169943749474,0.43774765305371266,0.11955443419648115
52,68,34.21341964782566,35.1236786136218,1.0,24.7660229,2.0,192.90251213049606,72.18102718171708,2623,0.039844382542543376,2295,114,214,0.8749523446435379,0.0434616850934045,0.08158597026305757,True,1678.0,23.11112262561905,0.6666307995317192,2449,695,0.22105597964376592,0.4305008740430604,0.2898979485566356,0.39564392373895996,0.14060292548642483
52,72,34.21341964782566,34.36145593324355,8.9498743710662,221.6527936259486,9.9498743710662,195.1897935251601,70.71970747909734,6462,0.09816027449100849,5249,607,606,0.8122872175796967,0.0939337666357165,0.09377901578458682,True,2056.0,25.582125126616702,0.7461078101811068,2140,503,0.19031403707907682,0.35899474648147106,0.23912115236596868,0.343893334406777,0.11987359411550239
52,97,34.21341964782566,33.59149612045886,4.0,99.0640916,5.0,218.07535054096667,11.242361376658028,4172,0.06337429049465915,3906,265,1,0.9362416107382551,0.06351869606903164,0.00023969319271332693,True,2317.0,27.157393215988957,0.8010449657896845,2334,117,0.04773561811505508,0.44315207023878583,0.27149702790318514,0.3827822185373187,0.1716550423356007
53,85,33.362716063067126,34.9871732559816,9.680544149919662,239.74857810137138,10.680544149919662,210.31361409084923,42.520024098763756,7114,0.10806440617905207,4063,1029,2022,0.5711273545122294,0.14464436322743884,0.28422828226033175,True,576.0,13.540550005146152,0.3962127851280215,829,862,0.5097575399172087,0.3534959180103599,0.1757340838011157,0.3277160324722686,0.1777618342092442
55,56,34.357950879620255,33.375151318809685,6.8173377998059435,168.8383440670296,7.8173377998059435,185.26271229811664,88.11838776253451,6400,0.09721847055748288,6342,58,0,0.9909375,0.0090625,0.0,True,2077.0,25.71244122217362,0.7592282174481485,2110,189,0.0822096563723358,,0.27429188517743175,0.377504591736487,
55,65,34.357950879620255,34.27300445686583,1.0,24.7660229,2.0,192.54307211127065,75.28163455448811,2727,0.041424182689102466,2727,0,0,1.0,0.0,0.0,True,2807.0,29.891400946056383,0.8710763473859238,3199,997,0.23760724499523356,,0.3090169943749474,,
56,65,33.375151318809685,34.27300445686583,8.0,198.1281832,9.0,193.79531887560387,78.90127630524194,6705,0.10185153829498791,3938,1186,1581,0.5873228933631618,0.17688292319164803,0.23579418344519015,True,2024.0,25.38226171238474,0.7504199167395935,2208,794,0.26449033977348435,0.4,0.179128784747792,0.36363636363636365,0.22087121525220801
56,77,33.375151318809685,34.34149453085117,4.55269276785519,112.752093345366,5.55269276785519,202.2606184019388,65.09295466553878,4160,0.06319200586236387,4142,18,0,0.9956730769230769,0.004326923076923077,0.0,True,3903.0,35.247176990155324,1.0410195764393977,3967,241,0.05727186311787072,,0.2791745113185196,0.3965949279805674,
58,67,34.49479031221268,34.63440074247107,1.0,24.7660229,2.0,194.8044250804582,79.75785022281399,2520,0.038279772782008885,2507,13,0,0.9948412698412699,0.005158730158730159,0.0,True,3551.0,33.62020829558676,0.9726776136868699,3575,463,0.1146607231302625,,0.3090169943749474,0.43405783005789966,
58,77,34.49479031221268,34.34149453085117,2.863703305156273,70.92254163430594,3.863703305156273,203.27297409339303,65.25710720252162,3865,0.05871084198510489,3481,338,46,0.9006468305304011,0.08745148771021992,0.011901681759379043,True,3658.0,34.12297706326789,0.9914241345552867,3658,170,0.044409613375130615,0.4407430525840366,0.2612038749637415,0.4072739409583566,0.17953917762029514
59,73,33.30908115668958,34.45696278900919,1.0,24.7660229,2.0,202.16733796989644,71.06839073533948,2588,0.03931271903168214,2532,52,4,0.9783616692426584,0.02009273570324575,0.0015455950540958269,True,1555.0,22.247963345344548,0.6566109529183064,2736,1644,0.37534246575342467,0.43418850948554355,0.30901699437494745,0.4211646096066227,0.1251715151105961
60,86,34.6394418407235,34.77532951609817,8.126822193908446,201.2690645585648,9.126822193908446,219.7603225760808,55.75498373402434,7019,0.10662131950671443,6613,406,0,0.9421570024219974,0.05784299757800256,0.0,True,1789.0,23.86328532249492,0.6875564049567321,2312,583,0.2013816925734024,,0.25633472327031936,0.4007871454417938,
57,66,35.35361230790185,35.10082915227047,1.0,24.7660229,2.0,196.87383732786944,71.86756266025291,2975,0.04519139842320493,2973,2,0,0.999327731092437,0.0006722689075630252,0.0,True,3900.0,35.233628199729644,1.0001818897293255,3932,236,0.05662188099808062,,0.3090169943749474,0.4276112198322612,
57,72,35.35361230790185,34.36145593324355,1.0,24.7660229,2.0,197.2115901283502,72.02941190779754,2759,0.041910275041889884,2729,17,13,0.9891264951069227,0.0061616527727437476,0.004711852120333454,True,3099.0,31.40767959088298,0.9010298744094571,3120,386,0.11009697661152311,0.4305008740430604,0.3090169943749474,0.4068781988545112,0.12148387966811303
57,73,35.35361230790185,34.45696278900919,1.0,24.7660229,2.0,199.56014897197605,68.05009117750019,2553,0.0387810555208209,2518,17,18,0.9862906384645516,0.006658832745789268,0.007050528789659225,True,2942.0,30.601759510732585,0.8767084204148504,2944,381,0.11458646616541353,0.4176890859898589,0.30484544052339907,0.4211646096066227,0.11284364546645981
57,92,35.35361230790185,33.25520100743982,1.0,24.7660229,2.0,217.04074855970248,24.48208539201043,2668,0.04052794991365068,2664,4,0,0.9985007496251874,0.0014992503748125937,0.0,True,3216.0,31.99507140118726,0.9326810902305117,3255,237,0.06786941580756013,,0.30901699437494745,0.414472163417523,
60,88,34.6394418407235,34.25863621190079,1.7320508075688772,42.89600996421431,2.732050807568877,217.53013857803208,57.14137666907041,3030,0.0460268696545583,2959,71,0,0.9765676567656766,0.023432343234323433,0.0,True,4292.0,36.961953837707625,1.072945860970929,4370,306,0.06544054747647562,,0.28989794855663564,0.44499443206436484,
60,109,34.6394418407235,34.840353118062346,8.438793109825916,208.99534340631084,9.438793109825916,236.050275086669,16.837457551808985,7052,0.10712260224552644,6377,341,334,0.9042824730572887,0.048355076574021556,0.04736245036868973,True,2102.0,25.866723425249052,0.744582606802243,2302,523,0.18513274336283186,0.38044911833851347,0.25104895924496956,0.3546064745168128,0.1294001590935439
61,67,34.086570446732345,34.63440074247107,6.89920048531124,170.86575721090927,7.89920048531124,198.6129969416926,86.33076057012279,5811,0.08827133318898953,3980,638,1193,0.6849079332300809,0.10979177422130443,0.2053002925486147,True,34.0,3.2897623212397704,0.09574260271096449,2116,600,0.22091310751104565,0.3946438965569824,0.2025519956555797,0.3443994633588381,0.1920919009014027
61,75,34.086570446732345,35.38795975311981,6.117215614703381,151.4991019979815,7.117215614703381,207.09090216830046,73.11924442041901,6035,0.09167397965850144,5028,1007,0,0.8331400165700082,0.16685998342999173,0.0,True,3480.0,33.282403818227905,0.9581181397696945,3488,75,0.021049677238282348,,0.2372732414640341,0.4007871454417938,
63,79,34.04542715074749,34.56213861171404,1.0,24.7660229,2.0,212.13284512163636,63.59497169488294,2574,0.03910005362733764,2572,2,0,0.9992229992229992,0.000777000777000777,0.0,True,3435.0,33.06651567736342,0.9639320477233922,3435,0,0.0,,0.3090169943749474,0.45210477958494577,
63,100,34.04542715074749,33.46286368842224,2.0,49.5320458,3.0,230.5346532511486,22.6614657470565,3010,0.04572306193406617,3001,9,0,0.9970099667774086,0.002990033222591362,0.0,True,3983.0,35.60657631210895,1.054880100488317,4093,184,0.04302080897825579,,0.28989794855663564,0.41986841535706637,
64,87,31.39633860779166,34.7709859562506,5.741657386773941,142.19801832479757,6.741657386773941,220.59079078064843,50.33523504297891,5246,0.07968876508508675,4718,528,0,0.8993518871521159,0.10064811284788411,0.0,True,3473.0,33.24891328624599,1.0049949429061444,3475,2,0.0005752085130859936,,0.25428627101618895,0.380665477567095,
64,88,31.39633860779166,34.25863621190079,1.0,24.7660229,2.0,217.55549430629782,53.85055923155468,2478,0.0376417765689754,2478,0,0,1.0,0.0,0.0,True,4936.0,39.63808267566925,1.2074662364741404,4941,0,0.0,,0.3203772410170408,,
61,90,34.086570446732345,33.45020909558081,3.7320508075688767,92.42805576421429,4.732050807568877,217.7539929441745,53.9602525179823,3759,0.05710066106649658,3677,61,21,0.9781856876828944,0.016227720138334664,0.00558659217877095,True,2565.0,28.573849199249008,0.8461715051528897,2596,506,0.16312056737588654,0.3914563591869194,0.2742918851774318,0.40103048993422497,0.1171644740094876
61,96,34.086570446732345,34.44636959909812,1.7320508075688772,42.89600996421431,2.732050807568877,225.14483875102798,37.12399202263793,2972,0.04514582726513111,2965,6,1,0.9976446837146703,0.002018842530282638,0.00033647375504710633,True,2636.0,28.96661630188228,0.8453341205706703,2737,296,0.09759314210352786,0.4527056075836185,0.2989350844248255,0.42239932501501054,0.15377052315879297
62,80,33.55471331877397,33.68194507415196,1.0,24.7660229,2.0,207.66211996334573,65.31614850039601,2509,0.03811267853573821,2370,94,45,0.9445994420087684,0.037465125548027105,0.017935432443204464,True,2123.0,25.9956128677165,0.7732571335059547,2499,961,0.2777456647398844,0.44499443206436484,0.30216947925196225,0.4241077963657325,0.1428249528124026
62,85,33.55471331877397,34.9871732559816,1.0,24.7660229,2.0,216.58013255449885,49.726648387094755,2377,0.036107547580490125,2372,5,0,0.997896508203618,0.002103491796381994,0.0,True,1979.0,25.098511206000282,0.732355424113588,2009,589,0.2267128560431101,,0.3090169943749474,0.44499443206436484,
65,71,34.27300445686583,34.51450804187209,11.084925779295894,274.52952569484245,12.084925779295894,206.6467440266532,81.46284910208281,10174,0.15454698741434855,9277,619,278,0.9118340868881463,0.060841360330253585,0.027324552781600158,True,2542.0,28.44545184522819,0.8270527836211577,2568,221,0.07923987092147723,0.30987932643261185,0.25460191569658863,0.36079058281049214,0.055277410736023214
65,95,34.27300445686583,34.36219729526964,1.0,24.7660229,2.0,227.7970418344645,40.29131118953857,2481,0.03768734772704922,2464,17,0,0.9931479242241031,0.0068520757758968156,0.0,True,2639.0,28.98309489407616,0.8445548101903672,2771,1027,0.270405476566614,,0.3090169943749474,0.4211646096066227,
66,87,35.10082915227047,34.7709859562506,5.19114712955712,128.56406868788088,6.19114712955712,225.37166789487162,62.51378828327647,5285,0.08028119014004641,5148,137,0,0.974077578051088,0.025922421948912016,0.0,True,2398.0,27.628013085792652,0.79081996203712,2398,0,0.0,,0.2713447036381609,0.3874258867227931,
66,98,35.10082915227047,34.66628087811726,1.0,24.7660229,2.0,231.28922536274192,44.63886460042763,3070,0.04663448509554257,3070,0,0,1.0,0.0,0.0,True,5970.0,43.592545469578056,1.249658913794506,5970,75,0.01240694789081886,,0.3090169943749474,,
66,111,35.10082915227047,33.671981557992545,2.449489742783178,60.66411906308329,3.449489742783178,242.18979151395354,23.959373491015906,2985,0.045343302283451,2985,0,0,1.0,0.0,0.0,True,2730.0,29.47856830447755,0.8572739139212888,2730,75,0.026737967914438502,,0.28436465220442186,,
67,84,34.63440074247107,34.296563981422736,5.477225575051661,135.6490940201951,6.477225575051661,216.33115694776495,65.7258492273253,5420,0.08233189225336832,4280,508,632,0.7896678966789668,0.09372693726937269,0.11660516605166052,True,2202.0,26.47486297182116,0.7681558811157644,2219,435,0.1639035418236624,0.40996277864065894,0.22696955407408304,0.3915772955286299,0.1829932245665759
68,97,35.1236786136218,33.59149612045886,10.06225774829855,249.2021058200643,11.06225774829855,228.82003821212896,50.638870745141524,7587,0.11524945876869103,6437,550,600,0.8484249373929089,0.07249242124686965,0.07908264136022143,True,1487.0,21.756075031018273,0.6332247604757357,1581,722,0.31350412505427705,0.36482389398056125,0.2437586564055321,0.35978706266483174,0.12106523757502916
68,102,35.1236786136218,33.293222591573716,1.0,24.7660229,2.0,235.94800716951033,18.39521596525858,2568,0.039008911311190005,2421,96,51,0.9427570093457944,0.037383177570093455,0.01985981308411215,True,2708.0,29.35954992478095,0.858254302887118,2841,1301,0.3140994688556253,0.43405783005789966,0.3090169943749474,0.4211646096066227,0.12504083568295227
69,74,34.50568797903108,33.56439338560942,6.89920048531124,170.86575721090927,7.89920048531124,209.01028190886245,84.24560604643048,6043,0.09179550274669829,5809,234,0,0.9612775111699488,0.0387224888300513,0.0,True,1902.0,24.60539378919935,0.7229429815837065,1902,0,0.0,,0.26533119314590375,0.41146765480197334,
69,80,34.50568797903108,33.68194507415196,2.863703305156273,70.92254163430594,3.863703305156273,213.36756659279865,76.85958104174925,3599,0.054670199302559515,3596,3,0,0.9991664351208669,0.0008335648791330926,0.0,True,3244.0,32.13405157741889,0.9425184637911066,3244,23,0.007040097949188858,,0.28172904669025317,0.47361090692279606,
69,81,34.50568797903108,36.39205513164819,5.0,123.8301145,6.0,215.89327196083255,72.8034203574202,5594,0.08497501942164988,5554,40,0,0.992849481587415,0.007150518412584912,0.0,True,3464.0,33.20580439833751,0.9367238769927995,3473,0,0.0,,0.27669677546737487,0.4256065988062745,
69,82,34.50568797903108,33.3145312929986,4.55269276785519,112.752093345366,5.55269276785519,212.95796347706684,77.87607989707078,4834,0.07343032604294879,4832,2,0,0.9995862639635912,0.0004137360364087712,0.0,True,2581.0,28.662829871461817,0.8452591330173685,2582,0,0.0,,0.280957962249861,0.29970490581975023,
69,96,34.50568797903108,34.44636959909812,5.422466567392307,134.29293118252227,6.422466567392307,229.67738975929774,48.4380075147966,5152,0.07826086879877371,5134,18,0,0.9965062111801242,0.0034937888198757765,0.0,True,3331.0,32.56209807242474,0.9444851746600543,3331,194,0.0550354609929078,,0.27669677546737487,0.3490131968783545,
69,104,34.50568797903108,33.715090960557184,1.0,24.7660229,2.0,236.74109725446863,30.636373289799668,2284,0.034694841680201705,2272,12,0,0.9947460595446584,0.005253940455341506,0.0,True,2609.0,28.817884951076994,0.8448418619375829,2609,0,0.0,,0.3090169943749474,0.45416345659799195,
70,74,35.78937600850874,33.56439338560942,1.0,24.7660229,2.0,209.46670672072145,84.53746333366486,2711,0.041181136512708764,2711,0,0,1.0,0.0,0.0,True,3030.0,31.05606148784623,0.8955839533786053,3030,0,0.0,,0.3090169943749474,,
70,78,35.78937600850874,34.361860316496205,1.0,24.7660229,2.0,211.49539660226935,81.42052579866923,2591,0.03935829018975596,2591,0,0,1.0,0.0,0.0,True,2321.0,27.180824966004586,0.7749207680411517,2321,0,0.0,,0.3090169943749474,,
70,99,35.78937600850874,35.39215320399297,1.0,24.7660229,2.0,233.34215282741286,40.825848167741675,2941,0.044674925298368307,2941,0,0,1.0,0.0,0.0,True,3374.0,32.77159678721972,0.9207893438025211,3374,0,0.0,,0.3090169943749474,,
70,101,35.78937600850874,34.018149241498094,6.834654549917682,169.2672110968505,7.834654549917682,235.92030891980937,38.83617874334248,6871,0.10437314237507263,6871,0,0,1.0,0.0,0.0,True,2846.0,30.098337762724842,0.8623235863162731,2846,0,0.0,,0.27195617308673,,
71,83,34.51450804187209,33.35585126234081,8.22446323827975,203.68724489944444,9.22446323827975,221.6897190658579,74.72918018725089,7428,0.11283418739077856,3829,886,2713,0.5154819601507808,0.11927840603123317,0.365239633817986,True,515.0,12.80349918517013,0.3772928069462977,1091,1741,0.6147598870056498,0.36904443083571475,0.16189424969836877,0.31072997045137435,0.20715018113734598
71,93,34.51450804187209,33.72251006979314,1.0,24.7660229,2.0,230.132582143398,58.91877418579384,2520,0.038279772782008885,2518,2,0,0.9992063492063492,0.0007936507936507937,0.0,True,2960.0,30.695231927842155,0.8996651019425115,3034,712,0.19006940736785904,,0.31339216579491175,0.41054588061380315,
71,95,34.51450804187209,34.36219729526964,4.766114533138578,118.03770167173282,5.766114533138578,233.3681071723598,54.38449196164538,5182,0.07871658037951192,3800,422,960,0.7333076032419915,0.0814357390968738,0.1852566576611347,True,4.0,1.1283791670955126,0.032765189960009156,2199,422,0.161007249141549,0.4045372666182638,0.21712927295533246,0.37268226712382524,0.18740799366293132
71,103,34.51450804187209,34.06196498590772,1.0,24.7660229,2.0,239.81501143721871,38.66297999661225,2541,0.038598770888525626,2470,50,21,0.9720582447855175,0.01967729240456513,0.008264462809917356,True,2045.0,25.513598672979317,0.7440918888506836,2110,599,0.22111480251015134,0.4211646096066227,0.3090169943749474,0.43405783005789966,0.11214761523167532
72,83,34.36145593324355,33.35585126234081,8.449489742783179,209.26025646308332,9.449489742783179,219.69169567907687,73.05296611264865,6172,0.09375506254387254,5375,790,7,0.8708684381075826,0.12799740764744005,0.001134154244977317,True,2617.0,28.86203340277639,0.8524270854248732,2677,1000,0.27196083763937995,0.42480768092719207,0.24179033438163733,0.3770559553986613,0.18301734654555474
72,85,34.36145593324355,34.9871732559816,11.24744871391589,278.5545724154165,12.24744871391589,223.78550238726172,67.32478077952484,9262,0.14069335535990726,5053,835,3374,0.5455625134960052,0.09015331461887281,0.364284171885122,True,2272.0,26.89237924411993,0.7755706077690793,2277,221,0.08847077662129704,0.3671528431744578,0.16836049632869177,0.32571203244301905,0.19879234684576602
72,93,34.36145593324355,33.72251006979314,1.0,24.7660229,2.0,228.13455875661697,55.01034579420014,2502,0.03800634583356596,2502,0,0,1.0,0.0,0.0,True,2885.0,30.303861497179465,0.8901908415801701,2885,171,0.05595549738219895,,0.30901699437494745,,
72,105,34.36145593324355,34.62716818366324,1.0,24.7660229,2.0,242.0178680017192,15.630412416170655,2498,0.03794558428946754,2496,2,0,0.9991993594875901,0.0008006405124099279,0.0,True,3107.0,31.44819257720605,0.9116921225712389,3324,124,0.03596287703016241,,0.3090169943749474,0.4091113463425369,
73,87,34.45696278900919,34.7709859562506,6.348469228349534,157.22633428924988,7.348469228349534,228.05797953897823,66.98263967700093,5320,0.08081285365090764,4919,385,16,0.9246240601503759,0.07236842105263158,0.0030075187969924814,True,1859.0,24.325667070312107,0.7027701242405436,2158,1081,0.33374498301945044,0.4400138744147154,0.2588283628687876,0.3797958971132712,0.18118551154592782
73,92,34.45696278900919,33.25520100743982,1.0,24.7660229,2.0,230.39947986596457,59.327140029889655,2398,0.036426545687006866,2397,1,0,0.9995829858215179,0.0004170141784820684,0.0,True,3515.0,33.44935350550178,0.9879865486518672,3545,373,0.09520163348647269,,0.3090169943749474,0.4211646096066227,
74,80,33.56439338560942,33.68194507415196,7.3484692283495345,181.9923571892499,8.348469228349535,217.15593231729457,83.31561896966276,5560,0.08445854629681325,5555,5,0,0.9991007194244604,0.0008992805755395684,0.0,True,2312.0,27.128075067297424,0.8068268306840297,2312,0,0.0,,0.26968623182294527,0.29182567426912626,
74,82,33.56439338560942,33.3145312929986,3.2426406871192857,80.30731351366796,4.242640687119286,216.7463292015628,83.47224561510308,4190,0.06364771744310208,4190,0,0,1.0,0.0,0.0,True,3225.0,32.03980934622934,0.9581436753117423,3225,0,0.0,,0.28172904669025317,,
74,99,33.56439338560942,35.39215320399297,1.0,24.7660229,2.0,236.6740937400498,46.38180438076745,2710,0.04116594612668416,2710,0,0,1.0,0.0,0.0,True,2269.0,26.87461872754702,0.7794653316237651,2269,0,0.0,,0.3090169943749474,,
74,104,33.56439338560942,33.715090960557184,3.414213562373095,84.55649127122264,4.414213562373095,240.52946297896457,39.07319007247258,3600,0.05468538968858412,3583,17,0,0.9952777777777778,0.004722222222222222,0.0,True,2009.0,25.288031978452484,0.7517308500267458,2009,0,0.0,,0.2801868778094689,0.38208552579183985,
74,106,33.56439338560942,34.13171365459868,2.1462643699419726,53.15443253543696,3.1462643699419726,242.0583444522574,34.09692376817998,3120,0.0473940043967729,3120,0,0,1.0,0.0,0.0,True,2287.0,26.9810064619971,0.7971213601979132,2287,0,0.0,,0.29164886133649065,,
76,79,35.16195257645013,34.56213861171404,4.0197648378370845,99.55358802648801,5.0197648378370845,222.73642936193679,83.69928823026784,4596,0.06981501416909239,4020,576,0,0.8746736292428199,0.12532637075718014,0.0,True,3779.0,34.68274873605817,0.9948569610598423,3779,185,0.04667003027245207,,0.25000000000000006,0.39352981872163206,
76,94,35.16195257645013,34.28715759470646,2.6502815398728847,65.63693330793913,3.6502815398728847,235.82528976461933,62.6955556372531,3121,0.04740919478279751,3121,0,0,1.0,0.0,0.0,True,3895.0,35.21103529698984,1.0140096888271892,4038,129,0.03095752339812815,,0.28172904669025317,,
77,95,34.34149453085117,34.36219729526964,9.3166247903554,230.7357429086495,10.3166247903554,236.26234136079944,62.95391065151521,7102,0.10788212154675678,7102,0,0,1.0,0.0,0.0,True,2163.0,26.239365156488432,0.7638414897090685,2163,8,0.0036849378166743437,,0.26697807758999403,,
77,107,34.34149453085117,34.778158827503084,7.135175045001725,176.70990856002126,8.135175045001725,244.91639986242222,45.43227381383361,6544,0.09940588614502624,6544,0,0,1.0,0.0,0.0,True,2568.0,28.590554169515052,0.8272771282947822,2568,0,0.0,,0.27429188517743175,,
77,113,34.34149453085117,34.605518809892075,1.414213562373095,35.02444547122265,2.414213562373095,250.61097342339548,24.718225698725927,2601,0.03951019405000203,2601,0,0,1.0,0.0,0.0,True,4258.0,36.81526171807802,1.0679291222125376,4258,0,0.0,,0.29339977411634566,,
78,91,34.361860316496205,34.71659965261771,1.0,24.7660229,2.0,230.52582161414966,66.9018532327073,2613,0.039692478682297305,2582,21,10,0.9881362418675852,0.008036739380022962,0.003827018752391887,True,3519.0,33.468380443050414,0.9689961373781253,3548,668,0.15844402277039848,0.43766403310230734,0.3090169943749474,0.4211646096066227,0.12864703872735994
78,101,34.361860316496205,34.018149241498094,2.863703305156273,70.92254163430594,3.863703305156273,241.28093971399426,45.81952179482747,4004,0.06082230564252523,4004,0,0,1.0,0.0,0.0,True,2952.0,30.653723819701746,0.8965697436384176,2955,8,0.0026999662504218697,,0.28436465220442186,,
80,104,33.68194507415196,33.715090960557184,1.0,24.7660229,2.0,244.8867476629008,43.686372521577496,2697,0.04096847110836427,2697,0,0,1.0,0.0,0.0,True,3271.0,32.26750126221706,0.9575347273609912,3271,0,0.0,,0.3090169943749474,,
81,82,36.39205513164819,33.3145312929986,7.0710678118654755,175.12222735611326,8.071067811865476,223.62931925353288,85.51841964546223,6721,0.10209458447138163,6708,13,0,0.9980657640232108,0.0019342359767891683,0.0,True,3386.0,32.8298229452782,0.9419432116581243,3386,0,0.0,,0.2711923793731366,0.28113250384985167,
81,96,36.39205513164819,34.44636959909812,5.324555320336759,131.868058995777,6.324555320336759,240.34874553576378,69.56712386199278,5165,0.0784583438170936,5161,4,0,0.9992255566311713,0.0007744433688286545,0.0,True,3190.0,31.86547562686445,0.8996664098046703,3190,0,0.0,,0.2711923793731366,0.3572260579614433,
81,116,36.39205513164819,34.00631751075385,8.288221436384907,205.2662818937795,9.288221436384907,257.1157058845786,41.35042018587731,6784,0.10305157879093185,6780,4,0,0.9994103773584906,0.0005896226415094339,0.0,True,4086.0,36.06402910029561,1.02456996508961,4086,0,0.0,,0.269128646713734,0.32713626034460686,
82,99,33.3145312929986,35.39215320399297,3.16227766016838,78.31704094788851,4.16227766016838,240.6217753082542,57.50597792492841,3808,0.05784498998170231,3808,0,0,1.0,0.0,0.0,True,3264.0,32.23295624828558,0.9382771555421788,3264,0,0.0,,0.28172904669025317,,
82,116,33.3145312929986,34.00631751075385,5.6332495807108,139.51318811729905,6.6332495807108,254.18039740081286,17.78920755284953,5690,0.08643329648001212,5689,1,0,0.9998242530755712,0.0001757469244288225,0.0,True,3237.0,32.09936294659024,0.9536232390700643,3237,0,0.0,,0.2727272727272727,0.21498516621900868,
83,93,33.35585126234081,33.72251006979314,1.0,24.7660229,2.0,239.60449184470744,75.38673636970194,2323,0.03528726673516136,2319,2,2,0.998278088678433,0.0008609556607834697,0.0008609556607834697,True,2070.0,25.669076033243712,0.7653459483348147,2092,293,0.12285115303983228,0.4211646096066227,0.3090169943749474,0.44427038279643427,0.11214761523167532
83,103,33.35585126234081,34.06196498590772,3.8989794855663558,96.56221522616659,4.898979485566356,249.28692113852816,59.28247587376875,4181,0.06351100396888061,3422,351,408,0.8184644821812963,0.08395120784501316,0.09758430997369051,True,1480.0,21.70480664627101,0.6438893412491653,1566,888,0.36185819070904646,0.4068781988545112,0.24210172369314836,0.40369821609784007,0.16477647516136285
78,106,34.361860316496205,34.13171365459868,1.0,24.7660229,2.0,244.08703433380532,38.13177509400058,2731,0.0414849442332009,2731,0,0,1.0,0.0,0.0,True,3266.0,32.24283002895776,0.9414848184901148,3266,0,0.0,,0.3090169943749474,,
79,97,34.56213861171404,33.59149612045886,1.0,24.7660229,2.0,240.3585767655435,66.29390908115526,2501,0.03799115544754136,2392,57,52,0.9564174330267893,0.022790883646541384,0.020791683326669332,True,2322.0,27.186679747971468,0.7978057180606278,3015,990,0.24719101123595505,0.4211646096066227,0.30383243470068705,0.4211646096066227,0.11733217490593567
79,100,34.56213861171404,33.46286368842224,10.051815009825805,248.94348071990962,11.051815009825805,245.1260850379997,61.92243789740378,7675,0.11658621273885642,7401,183,91,0.964299674267101,0.023843648208469057,0.011856677524429968,True,2679.0,29.201920914323004,0.8585643491926644,2693,317,0.1053156146179402,0.2508055891057786,0.26697807758999403,0.27513258765462756,-0.01617248848421543
79,115,34.56213861171404,33.772469002955425,7.0670198723450905,175.0219759932536,8.06701987234509,256.5734267476129,39.05982089180141,5779,0.08778524083620212,5603,94,82,0.9695449039626233,0.01626578992905347,0.01418930610832324,True,2859.0,30.167001253015812,0.8829201573271295,2918,560,0.16101207590569291,0.268679853898522,0.269128646713734,0.28199889570390047,-0.00044879281521198466
85,91,34.9871732559816,34.71659965261771,4.0197648378370845,99.55358802648801,5.0197648378370845,241.77242900769107,86.26377512405713,4772,0.07248852210942316,4319,232,221,0.9050712489522212,0.04861693210393965,0.04631181894383906,True,2006.0,25.269143865289227,0.7250437906259098,2232,1042,0.3182651191203421,0.4142135623730951,0.2588283628687876,0.37923269873167065,0.15538519950430751
85,98,34.9871732559816,34.66628087811726,2.863703305156273,70.92254163430594,3.863703305156273,247.190717959498,77.64875490274518,3907,0.059348838198138375,3907,0,0,1.0,0.0,0.0,True,3045.0,31.132838024016422,0.893935222913097,3045,42,0.013605442176870748,,0.2801868778094689,,
85,105,34.9871732559816,34.62716818366324,8.657737169873558,214.41771701126973,9.657737169873558,257.58160779799454,61.522891039576415,7425,0.11278861623270474,5128,626,1671,0.6906397306397306,0.0843097643097643,0.22505050505050506,True,4.0,1.1283791670955126,0.03241800881141164,2400,388,0.13916786226685796,0.33836542244144424,0.21209649407822986,0.32549696263601924,0.12626892836321438
85,108,34.9871732559816,33.271670923798865,1.0,24.7660229,2.0,256.11242937665133,60.904482016066204,2436,0.03700378035594192,2436,0,0,1.0,0.0,0.0,True,3773.0,34.655204523584075,1.0154055475158363,3789,115,0.029456967213114756,,0.31339216579491175,,
83,108,33.35585126234081,33.271670923798865,10.09353999725628,249.97684271411495,11.09353999725628,252.01862266846643,57.816225050044594,6535,0.09926917267080478,4023,651,1861,0.6156082631981638,0.09961744452945677,0.2847742922723795,True,302.0,9.804569629897316,0.2943098980179974,1099,1260,0.5341246290801187,0.38670912865036194,0.1834956963966701,0.3183829106355874,0.20321343225369184
83,120,33.35585126234081,34.11661082207794,3.16227766016838,78.31704094788851,4.16227766016838,265.25972634491495,20.494789164371493,3280,0.04982446616070998,3252,28,0,0.9914634146341463,0.00853658536585366,0.0,True,2370.0,27.46624164780438,0.814146714060612,2379,153,0.06042654028436019,,0.28172904669025317,0.41925044211020934,
84,107,34.296563981422736,34.778158827503084,1.0,24.7660229,2.0,251.70982808169424,55.195621438933834,2563,0.03893295938106697,2474,32,57,0.9652750682793602,0.012485368708544674,0.0222395630120952,True,2996.0,30.881327999401787,0.8941426543201794,3051,567,0.15671641791044777,0.4142135623730951,0.30484544052339907,0.42765427748512624,0.10936812184969602
84,118,34.296563981422736,34.271107454595,3.16227766016838,78.31704094788851,4.16227766016838,262.5710591009464,32.3005182392043,3704,0.05626518983514322,3704,0,0,1.0,0.0,0.0,True,4075.0,36.01545204768291,1.0505082437075282,4080,199,0.04650619303575602,,0.28172904669025317,,
85,121,34.9871732559816,33.035216642753895,1.0,24.7660229,2.0,271.2491335574176,18.655906992477636,2665,0.04048237875557686,2665,0,0,1.0,0.0,0.0,True,2808.0,29.896724911001275,0.8790260076280279,2808,50,0.01749475157452764,,0.30901699437494745,,
87,111,34.7709859562506,33.671981557992545,1.0,24.7660229,2.0,260.01520241880024,60.94996983032845,2410,0.03660883031930215,2410,0,0,1.0,0.0,0.0,True,2896.0,30.361578193306386,0.8872081178241743,2896,451,0.13474753510606513,,0.31120458008492957,,
87,117,34.7709859562506,35.41716618716948,1.0,24.7660229,2.0,267.34798725657595,46.642648129092436,2815,0.04276093665926786,2815,0,0,1.0,0.0,0.0,True,3930.0,35.3688825481142,1.007830565929208,3984,121,0.029476248477466504,,0.3090169943749474,,
88,109,34.25863621190079,34.840353118062346,1.0,24.7660229,2.0,255.646622359654,57.56668813355655,2701,0.041029232652462694,2636,36,29,0.9759348389485376,0.013328396890040726,0.010736764161421697,True,1977.0,25.085825579106505,0.7260837190922164,2147,427,0.1658896658896659,0.4305008740430604,0.3090169943749474,0.4176890859898589,0.12148387966811303
90,119,33.45020909558081,33.47579276558451,1.0,24.7660229,2.0,270.1223523966812,19.46171111189863,2865,0.043520455960498194,2758,72,35,0.962652705061082,0.025130890052356022,0.012216404886561954,True,1624.0,22.736210219877808,0.6794432533723724,1825,541,0.22865595942519018,0.4211646096066227,0.3090169943749474,0.4176890859898589,0.11214761523167532
91,98,34.71659965261771,34.66628087811726,1.0,24.7660229,2.0,249.61390478365203,81.09793033695037,2592,0.039373480575780564,2581,11,0,0.9957561728395061,0.004243827160493827,0.0,True,3376.0,32.78130832893156,0.9449393878771064,3376,179,0.05035161744022504,,0.3090169943749474,0.43405783005789966,
91,128,34.71659965261771,34.56233846333,11.372009928492817,281.63945830808046,12.372009928492817,280.93199125012325,21.2230428054283,9425,0.14316938828191814,6873,890,1662,0.7292307692307692,0.09442970822281167,0.1763395225464191,True,900.0,16.925687506432688,0.4886243342270995,2524,1655,0.39602775783680305,0.3542869552791707,0.21428571428571427,0.33589844556858545,0.14000124099345643
92,97,33.25520100743982,33.59149612045886,1.0,24.7660229,2.0,250.93647803814525,84.84397112912247,2760,0.04192546542791449,2760,0,0,1.0,0.0,0.0,True,3019.0,30.999637842866232,0.9274845033421535,3019,27,0.00886408404464872,,0.3164309725825327,,
88,117,34.25863621190079,35.41716618716948,1.0,24.7660229,2.0,264.31269078222533,41.00876927987371,2682,0.040740615317995166,2682,0,0,1.0,0.0,0.0,True,3340.0,32.60605802383755,0.9359363480907004,3361,126,0.03613421279036421,,0.3090169943749474,,
89,118,34.155741283676406,34.271107454595,1.414213562373095,35.02444547122265,2.414213562373095,266.0722291012312,39.30456991078667,2560,0.038887388222993154,2560,0,0,1.0,0.0,0.0,True,3735.0,34.48024687986526,1.0077987665850328,3735,33,0.00875796178343949,,0.2989350844248255,,
90,110,33.45020909558081,34.24683439525637,1.0,24.7660229,2.0,256.98325073592076,58.645415511029086,2493,0.0378696323593445,2492,1,0,0.9995988768551946,0.00040112314480545525,0.0,True,2240.0,26.702324712498182,0.7888771306862862,2471,329,0.1175,,0.3090169943749474,0.46989121533028555,
90,114,33.45020909558081,35.18401563970633,1.0,24.7660229,2.0,262.0593790657729,48.73481736353275,2762,0.0419558461999637,2711,29,22,0.9815351194786387,0.010499637943519189,0.007965242577842143,True,2336.0,27.26851470332286,0.7946039984714275,2375,391,0.1413593637020969,0.4142135623730951,0.3090169943749474,0.4211646096066227,0.1051965679981477
92,105,33.25520100743982,34.62716818366324,9.498655478055456,235.24391908873187,10.498655478055456,261.8470264330715,68.42475305197277,8315,0.12630805979460472,6655,770,890,0.8003607937462417,0.0926037282020445,0.10703547805171378,True,2023.0,25.375990616127847,0.7476459916915724,2046,700,0.25491624180626365,0.36339238639203586,0.22646721143623746,0.3550392228080413,0.1369251749557984
92,111,33.25520100743982,33.671981557992545,3.1815405503520555,78.79410612729761,4.1815405503520555,262.35670274578655,65.95910561757377,3381,0.05135869514919525,2888,312,181,0.8541851523217983,0.09228039041703638,0.05353445726116533,True,2306.0,27.092851410285725,0.8096217522319274,2577,463,0.15230263157894736,0.40996277864065894,0.2553967929896867,0.41986841535706637,0.15456598565097224
92,123,33.25520100743982,33.746494843167824,1.0,24.7660229,2.0,280.9013674611744,13.040655700219661,2526,0.03837091509815652,2515,11,0,0.9956452889944576,0.00435471100554236,0.0,True,3596.0,33.83256346653194,1.0099017058304833,3634,358,0.08967935871743488,,0.3090169943749474,0.4211646096066227,
93,97,33.72251006979314,33.59149612045886,3.16227766016838,78.31704094788851,4.16227766016838,251.02011577242354,85.15399936808606,4079,0.061961584594370726,4048,31,0,0.9924000980632508,0.007599901936749203,0.0,True,2303.0,27.075222397632672,0.8044454320876102,2309,87,0.03631051752921536,,0.28172904669025317,0.4305008740430604,
94,125,34.28715759470646,34.09266491584401,1.0,24.7660229,2.0,283.8760316910207,22.271381206015224,2909,0.04418883294558089,2909,0,0,1.0,0.0,0.0,True,4568.0,38.13187066074199,1.11529598237429,4576,656,0.12538226299694188,,0.32037724101704074,,
95,103,34.36219729526964,34.06196498590772,1.414213562373095,35.02444547122265,2.414213562373095,260.96530924503,79.52056148916833,2708,0.041135565354634945,2681,21,6,0.990029542097489,0.00775480059084195,0.0022156573116691287,True,2360.0,27.408234736913393,0.8011273743998195,2363,421,0.1512212643678161,0.4144171463344124,0.2989350844248255,0.407669683062202,0.11548206190958688
95,107,34.36219729526964,34.778158827503084,2.6502815398728847,65.63693330793913,3.6502815398728847,263.1724634817939,76.01816814729362,4082,0.062007155752444545,4082,0,0,1.0,0.0,0.0,True,2424.0,27.777385840094972,0.8035071670955988,2424,0,0.0,,0.28251472039463615,,
95,113,34.36219729526964,34.605518809892075,1.414213562373095,35.02444547122265,2.414213562373095,268.86703704276715,66.30049667589948,2855,0.04336855210025213,2855,0,0,1.0,0.0,0.0,True,3335.0,32.58164315105888,0.9448375266299528,3335,37,0.010972716488730723,,0.2989350844248255,,
93,102,33.72251006979314,33.293222591573716,7.194052389321207,178.16806621772872,8.194052389321207,258.1480847298049,74.47956899466791,5844,0.08877261592780156,4514,439,891,0.7724161533196441,0.07511978097193703,0.1524640657084189,True,1809.0,23.996303550890445,0.7161394078057675,1819,476,0.2074074074074074,0.39410230168585086,0.2225758785102318,0.36130209551358533,0.17152642317561906
93,105,33.72251006979314,34.62716818366324,7.79385036540706,193.0226766288446,8.79385036540706,261.9306641673498,69.54040034541482,6053,0.09194740660694435,6044,9,0,0.9985131339831489,0.0014868660168511482,0.0,True,1626.0,22.750206041591,0.6657004574982193,1626,0,0.0,,0.26968623182294527,0.4298985930026737,
93,120,33.72251006979314,34.11661082207794,5.0,123.8301145,6.0,273.70258942245505,45.75023713942251,4686,0.07118214891130699,4408,278,0,0.9406743491250533,0.05932565087494665,0.0,True,1997.0,25.212394624649004,0.7432995679538682,2002,262,0.1157243816254417,,0.26968623182294527,0.36602540378443865,
93,124,33.72251006979314,33.82742751582512,1.0,24.7660229,2.0,278.13580448558383,26.87502469774976,2670,0.04055833068569989,2668,2,0,0.9992509363295881,0.000749063670411985,0.0,True,2138.0,26.087286878112575,0.7723852252282967,2138,0,0.0,,0.30901699437494745,0.4176890859898589,
97,102,33.59149612045886,33.293222591573716,2.449489742783178,60.66411906308329,3.449489742783178,261.12084557998094,78.12937751587835,3387,0.051449837465342894,3387,0,0,1.0,0.0,0.0,True,2871.0,30.230244511642027,0.9039507108281702,2871,567,0.1649214659685864,,0.2857142857142857,,
97,124,33.59149612045886,33.82742751582512,1.0,24.7660229,2.0,281.10856533575986,37.511004909946024,2388,0.0362746418267608,2388,0,0,1.0,0.0,0.0,True,3307.0,32.44458034263651,0.9624769602573503,3307,1,0.0003022974607013301,,0.3090169943749474,,
98,109,34.66628087811726,34.840353118062346,1.0,24.7660229,2.0,264.5994763018749,74.36300436563161,2479,0.03765696695500001,2479,0,0,1.0,0.0,0.0,True,3306.0,32.439674531715205,0.9334267153117568,3306,80,0.02362669816893089,,0.3090169943749474,,
98,111,34.66628087811726,33.671981557992545,11.045361017187261,273.549663890427,12.045361017187261,265.93275988667057,74.12732073717501,9143,0.13888569942297904,9143,0,0,1.0,0.0,0.0,True,2654.0,29.065347717372667,0.8506317451236394,2654,0,0.0,,0.2645644554438015,,
95,135,34.36219729526964,33.86708993428694,6.559265477474685,162.44691902231747,7.559265477474685,290.9644841823904,19.595863606659773,4781,0.07262523558364463,4781,0,0,1.0,0.0,0.0,True,2126.0,26.013973514762004,0.762545662458361,2144,244,0.10217755443886097,,0.2692803301885514,,
96,114,34.44636959909812,35.18401563970633,1.0,24.7660229,2.0,269.45022487262634,64.27441007013961,2598,0.0394646228919282,2528,31,39,0.9730561970746728,0.01193225558121632,0.015011547344110854,True,2536.0,28.41186145542198,0.8160765263032979,2640,890,0.2521246458923513,0.44499443206436484,0.30383243470068705,0.4068781988545112,0.1411619973636778
96,122,34.44636959909812,34.62331843425036,7.135175045001725,176.70990856002126,8.135175045001725,279.29172472236644,48.952188480554206,6617,0.10051478432482253,4860,525,1232,0.7344718150219133,0.07934109112891038,0.18618709384917637,True,2720.0,29.42452872043851,0.8520243701182391,2731,616,0.18404541380340603,0.3811428388606529,0.21631704631318432,0.33971422738143603,0.1648257925474686
96,132,34.44636959909812,33.709559500123426,7.194052389321207,178.16806621772872,8.194052389321207,288.1317155820303,29.8460682001094,5927,0.0900334179678439,5373,315,239,0.9065294415387211,0.053146617175636915,0.04032394128564198,True,1750.0,23.60174359706574,0.6925807896391898,2170,501,0.18757019842755523,0.3874258867227931,0.25428627101618895,0.3786695003500701,0.13313961570660415
98,121,34.66628087811726,33.035216642753895,2.1462643699419726,53.15443253543696,3.1462643699419726,279.0906093333786,46.1937650169206,3466,0.05264987796128682,3466,0,0,1.0,0.0,0.0,True,2283.0,26.957401027502524,0.7963605537437939,2283,0,0.0,,0.28780611713546067,,
98,127,34.66628087811726,34.06628550773001,1.0,24.7660229,2.0,287.32818133581844,22.029550037538765,2608,0.03961652675217427,2608,0,0,1.0,0.0,0.0,True,2256.0,26.797520467958073,0.7797619637108721,2256,0,0.0,,0.31451985913875646,,
98,128,34.66628087811726,34.56233846333,10.403124237432849,257.64401309580694,11.403124237432849,286.35028020193016,39.117145231553984,8003,0.12156865935492742,8003,0,0,1.0,0.0,0.0,True,1229.0,19.77884855394466,0.5714067026641694,1229,0,0.0,,0.26697807758999403,,
99,106,35.39215320399297,34.13171365459868,2.23606797749979,55.37851073671648,3.23606797749979,265.93379055894883,81.11623528151036,3852,0.05851336696678501,3852,0,0,1.0,0.0,0.0,True,2179.0,26.336234392837557,0.757617076921347,2179,0,0.0,,0.2857142857142857,,
99,126,35.39215320399297,33.19313054357266,1.414213562373095,35.02444547122265,2.414213562373095,287.82592175343893,40.01155070829917,2647,0.040208951807133936,2647,0,0,1.0,0.0,0.0,True,2996.0,30.881327999401787,0.9005234450312497,2996,0,0.0,,0.3008613653919205,,
99,129,35.39215320399297,33.37086434643424,2.1462643699419726,53.15443253543696,3.1462643699419726,288.4614914086114,36.73120091527653,3660,0.05559681285006052,3658,2,0,0.9994535519125683,0.000546448087431694,0.0,True,3464.0,33.20580439833751,0.965804165705384,3464,0,0.0,,0.28989794855663564,0.32835490274750057,
100,115,33.46286368842224,33.772469002955425,1.0,24.7660229,2.0,274.97523487712516,70.05099115206448,2802,0.04256346164094797,2802,0,0,1.0,0.0,0.0,True,3277.0,32.29708186546088,0.9607175445598024,3377,454,0.11850691725398069,,0.31451985913875646,,
100,140,33.46286368842224,33.68566234109369,4.55269276785519,112.752093345366,5.55269276785519,299.56040468808294,16.48472568682589,4154,0.06310086354621623,2853,896,405,0.6868078960038517,0.2156957149735195,0.09749638902262879,True,253.0,8.97398468933946,0.26728761508167254,1332,2356,0.6388286334056399,0.4007871454417938,0.21712927295533244,0.3943730991214166,0.18365787248646134
103,107,34.06196498590772,34.778158827503084,5.0990195135927845,126.28243404118575,6.0990195135927845,269.6193677466528,86.56600041859151,5274,0.08011409589377573,4318,540,416,0.8187334091770951,0.10238907849829351,0.0788775123246113,True,2795.0,29.82743924448921,0.8665713421822319,2848,838,0.22734671730873576,0.3874258867227931,0.24210172369314836,0.3874258867227931,0.14532416302964474
103,119,34.06196498590772,33.47579276558451,1.7320508075688772,42.89600996421431,2.732050807568877,284.1528732913647,62.54449887950571,2586,0.039282338259632926,2478,57,51,0.9582366589327146,0.022041763341067284,0.019721577726218097,True,2436.0,27.846056861676377,0.8246070876127399,2524,661,0.2075353218210361,0.4387496113528984,0.2898979485566356,0.4,0.14885166279626283
103,137,34.06196498590772,33.56149701678169,1.0,24.7660229,2.0,299.50318660439,14.673749356563686,2581,0.039206386329509894,2275,101,205,0.8814413018209997,0.03913211933359163,0.07942657884540875,True,1503.0,21.872808665880964,0.6468999964837964,1894,1388,0.42291285801340645,0.4211646096066227,0.28989794855663564,0.4142135623730951,0.13126666104998708
104,106,33.715090960557184,34.13171365459868,4.0,99.0640916,5.0,269.7891597978636,87.58634378357883,4620,0.07017958343368295,4619,1,0,0.9997835497835498,0.00021645021645021645,0.0,True,3391.0,32.854053388421256,0.9684775451040829,3391,0,0.0,,0.2857142857142857,0.4415184401122529,
101,106,34.018149241498094,34.13171365459868,1.0,24.7660229,2.0,268.51194665134534,85.43760230338104,2344,0.0356062648416781,2341,3,0,0.9987201365187713,0.001279863481228669,0.0,True,3684.0,34.24403043891132,1.004962562907008,3684,46,0.012332439678284183,,0.30901699437494745,0.4211646096066227,
101,126,34.018149241498094,33.19313054357266,1.0,24.7660229,2.0,290.40407784583545,44.58526356871462,2335,0.03546955136745664,2335,0,0,1.0,0.0,0.0,True,2712.0,29.381225490616288,0.8742944810624649,2712,0,0.0,,0.31339216579491175,,
102,130,33.293222591573716,35.10147502566315,1.0,24.7660229,2.0,294.34661845099964,43.59069507130216,2230,0.03387456083487294,2230,0,0,1.0,0.0,0.0,True,2961.0,30.700416495386577,0.8977425901404803,2962,68,0.022442244224422443,,0.3090169943749474,,
102,136,33.293222591573716,39.01402454504108,1.0,24.7660229,2.0,302.9613876058163,22.703928745577933,2910,0.044204023331605495,2910,0,0,1.0,0.0,0.0,True,2804.0,29.87542335866304,0.8263465846574813,2863,831,0.2249593936112615,,0.3090169943749474,,
104,114,33.715090960557184,35.18401563970633,3.1815405503520555,78.79410612729761,4.1815405503520555,276.5139323677973,77.01188424132312,3599,0.054670199302559515,3093,112,394,0.8594053903862184,0.031119755487635455,0.10947485412614615,True,2068.0,25.65667251667837,0.7447606734738196,2095,1145,0.3533950617283951,0.39879456798407137,0.25211274292798275,0.394586871230296,0.14668182505608862
104,116,33.715090960557184,34.00631751075385,6.348469228349534,157.22633428924988,7.348469228349534,277.9635311782147,75.38111197637478,4673,0.07098467389298711,4526,147,0,0.9685426920607747,0.03145730793922534,0.0,True,2454.0,27.948747032649287,0.8254035958064656,2454,85,0.03347774714454509,,0.26618329551788555,0.380665477567095,
104,129,33.715090960557184,33.37086434643424,1.7320508075688772,42.89600996421431,2.732050807568877,292.31686064752614,45.372338056906386,2929,0.04449264066607302,2929,0,0,1.0,0.0,0.0,True,3632.0,34.00149271163735,1.013669479879758,3632,10,0.0027457440966501922,,0.29581631632448924,,
105,120,34.62716818366324,34.11661082207794,1.0,24.7660229,2.0,287.58589866755733,70.50612780418946,2606,0.03958614598012506,2606,0,0,1.0,0.0,0.0,True,3235.0,32.089445021760085,0.9335956063480338,3235,0,0.0,,0.3090169943749474,,
106,129,34.13171365459868,33.37086434643424,1.0,24.7660229,2.0,293.84574212081895,48.47200627229934,2511,0.03814305930778742,2511,0,0,1.0,0.0,0.0,True,2136.0,26.075082298788182,0.7725655247830441,2136,0,0.0,,0.31339216579491175,,
106,149,34.13171365459868,33.94738025033483,8.0,198.1281832,9.0,309.73419470330134,7.673533482861199,6460,0.09812989371895928,6459,1,0,0.99984520123839,0.00015479876160990713,0.0,True,3578.0,33.747781745851135,0.9914286401336939,4064,654,0.13861805849936415,,0.2711923793731366,0.22241846975351037,
107,113,34.778158827503084,34.605518809892075,7.152147760599405,177.13025522318858,8.152147760599405,277.52109554438994,81.67210984254943,6215,0.09440824914293064,6215,0,0,1.0,0.0,0.0,True,1587.0,22.475715547534318,0.6478675190725481,1587,0,0.0,,0.26747889038858924,,
107,131,34.778158827503084,34.86708023321262,1.0,24.7660229,2.0,295.52366559645276,48.09414628491251,2742,0.04165203847947157,2742,0,0,1.0,0.0,0.0,True,3284.0,32.33155836373447,0.9284642798210022,3302,349,0.09559024924678171,,0.30383243470068705,,
105,121,34.62716818366324,33.035216642753895,3.6855577202829677,91.27660689979977,4.685557720282968,289.48149917187516,68.34641402032416,3949,0.059986834411171856,3760,189,0,0.9521397822233477,0.047860217776652315,0.0,True,2680.0,29.20737055903114,0.8633266661812319,2680,33,0.012163656468853668,,0.27429188517743175,0.3816524151396708,
105,124,34.62716818366324,33.82742751582512,7.135175045001725,176.70990856002126,8.135175045001725,292.01911373068606,64.36762662202187,6613,0.1004540227807241,5339,1274,0,0.8073491607439891,0.1926508392560109,0.0,True,2645.0,29.01602400323184,0.8477450989736461,2645,70,0.02578268876611418,,0.24127429245212265,0.3597752501562547,
105,148,34.62716818366324,33.98056192132769,4.766114533138578,118.03770167173282,5.766114533138578,312.05581788770013,14.6111748412805,4264,0.06477180600892296,4264,0,0,1.0,0.0,0.0,True,2949.0,30.638143781175756,0.8931397011470856,2949,70,0.02318648559125538,,0.2808687448721165,,
106,126,34.13171365459868,33.19313054357266,3.6855577202829677,91.27660689979977,4.685557720282968,293.21017246564656,52.36965256279784,4121,0.06259958080740421,4113,8,0,0.9980587236107741,0.001941276389225916,0.0,True,1587.0,22.475715547534318,0.6676796898742707,1587,0,0.0,,0.27669677546737487,0.34654620645552786,
107,135,34.778158827503084,33.86708993428694,1.0,24.7660229,2.0,299.61854268401316,39.421501903575894,2450,0.03721644576028641,2450,0,0,1.0,0.0,0.0,True,1898.0,24.57950699214357,0.7161313400564222,2216,487,0.18017018128005918,,0.3090169943749474,,
108,114,33.271670923798865,35.18401563970633,1.0,24.7660229,2.0,278.82160149039464,80.10396991080188,2230,0.03387456083487294,2194,21,15,0.9838565022421525,0.009417040358744395,0.006726457399103139,True,1717.0,23.378153788902335,0.683015683940729,1810,1026,0.3617771509167842,0.4211646096066227,0.3090169943749474,0.44499443206436484,0.11214761523167532
108,120,33.271670923798865,34.11661082207794,1.0,24.7660229,2.0,286.1167202462141,67.58745280676096,2350,0.035697407157825746,2350,0,0,1.0,0.0,0.0,True,3104.0,31.433006326383836,0.9328923519646525,3104,27,0.008623442989460236,,0.30383243470068705,,
108,134,33.271670923798865,34.108814990159495,3.1815405503520555,78.79410612729761,4.1815405503520555,299.9669049146911,41.088196038145064,3603,0.05473096084665794,3467,40,96,0.9622536774909798,0.011101859561476548,0.026644462947543714,True,2461.0,27.988580348033175,0.8307621997197601,2572,871,0.2529770548939878,0.4084204887475851,0.27429188517743175,0.3487444742258058,0.13412860357015333
108,141,33.271670923798865,34.24561305334088,1.0,24.7660229,2.0,304.39088443063565,22.58144091053937,2597,0.039449432505903596,2597,0,0,1.0,0.0,0.0,True,1801.0,23.943184938871582,0.7092460931034593,1805,331,0.1549625468164794,,0.31451985913875646,,
109,117,34.840353118062346,35.41716618716948,5.0990195135927845,126.28243404118575,6.0990195135927845,282.83282729086227,76.81992048460796,4975,0.07557217047241833,4954,21,0,0.9957788944723618,0.004221105527638191,0.0,True,2274.0,26.904213074943115,0.7658742677223919,2274,8,0.0035056967572304996,,0.27718637277259645,0.3916982318703404,
109,128,34.840353118062346,34.56233846333,1.414213562373095,35.02444547122265,2.414213562373095,295.9175627683461,52.02735009758358,2997,0.04552558691574628,2997,0,0,1.0,0.0,0.0,True,3519.0,33.468380443050414,0.9644692354272805,3530,227,0.060420548309821666,,0.2989350844248255,,
109,143,34.840353118062346,34.6159484224522,1.0,24.7660229,2.0,307.59078100079125,16.525026709488504,2782,0.04225965392045584,2782,0,0,1.0,0.0,0.0,True,3293.0,32.37583134381607,0.9322647657802777,3293,0,0.0,,0.3090169943749474,,
110,119,34.24683439525637,33.47579276558451,3.1815405503520555,78.79410612729761,4.1815405503520555,287.75443141207995,68.65807368040305,3570,0.054229678107845916,3197,108,265,0.8955182072829132,0.030252100840336135,0.0742296918767507,True,2886.0,30.309113011211988,0.8950956063540773,2891,470,0.139839333531687,0.41421356237309503,0.2588283628687876,0.39286993415679883,0.15538519950430746
110,142,34.24683439525637,33.76995712048581,1.0,24.7660229,2.0,304.2371980308759,28.69608235828591,2787,0.04233560585057887,2672,58,57,0.9587369931826336,0.020810907786149982,0.02045209903121636,True,2360.0,27.408234736913393,0.8059255406238878,3243,1007,0.23694117647058824,0.4211646096066227,0.3090169943749474,0.44454877411014604,0.11214761523167532
111,117,33.671981557992545,35.41716618716948,11.048281249692016,273.62198643551307,12.048281249692016,284.16611087565786,79.54704131232107,8518,0.12939170815759987,8518,0,0,1.0,0.0,0.0,True,1694.0,23.221045351046136,0.6722052915371848,1694,0,0.0,,0.26586267989385887,,
111,127,33.671981557992545,34.06628550773001,1.0,24.7660229,2.0,298.22874748703003,50.89220481422818,2432,0.036943018811843496,2432,0,0,1.0,0.0,0.0,True,2605.0,28.795785342802766,0.850207322689961,2605,0,0.0,,0.3090169943749474,,
111,147,33.671981557992545,34.04824177557416,4.0,99.0640916,5.0,311.89735106403657,16.35121810011911,4050,0.061521063399657135,4050,0,0,1.0,0.0,0.0,True,2917.0,30.471461041409178,0.8999220481396573,2920,45,0.01517706576728499,,0.280957962249861,,
113,131,34.605518809892075,34.86708023321262,1.0,24.7660229,2.0,301.218239157426,59.488424470778874,2476,0.03761139579692619,2476,0,0,1.0,0.0,0.0,True,3276.0,32.29215364663835,0.9296371257566594,3276,0,0.0,,0.3090169943749474,,
113,135,34.605518809892075,33.86708993428694,1.414213562373095,35.02444547122265,2.414213562373095,305.3131162449864,50.352492869871035,2876,0.04368755020676887,2876,0,0,1.0,0.0,0.0,True,2012.0,25.30690599424961,0.7391833452351412,2012,0,0.0,,0.2989350844248255,,
113,138,34.605518809892075,34.728414306820426,1.0,24.7660229,2.0,307.2267286853492,45.43920397414601,2688,0.04083175763414281,2688,0,0,1.0,0.0,0.0,True,4249.0,36.7763335094042,1.0608465972209358,4249,0,0.0,,0.31120458008492957,,
117,144,35.41716618716948,33.71992075161135,1.0,24.7660229,2.0,316.40806143944667,44.48699703169695,2626,0.039889953700617195,2626,0,0,1.0,0.0,0.0,True,4861.0,39.335789768853076,1.1379070629251111,4875,0,0.0,,0.3090169943749474,,
118,142,34.271107454595,33.76995712048581,1.8284271247461903,45.2828680424453,2.8284271247461903,313.7040251661766,55.430357698305805,2715,0.04124189805680719,2715,0,0,1.0,0.0,0.0,True,3463.0,33.20101106675017,0.9759109818193417,3468,218,0.05914270211611503,,0.28989794855663564,,
118,150,34.271107454595,33.31575015841046,1.414213562373095,35.02444547122265,2.414213562373095,324.02453558886805,29.60435512675858,2724,0.04137861153102865,2724,0,0,1.0,0.0,0.0,True,4123.0,36.2269466107174,1.0720115682296907,4123,23,0.005547515677761698,,0.30693121744917323,,
119,137,33.47579276558451,33.56149701678169,1.0,24.7660229,2.0,316.24384638586577,63.03498966097434,2616,0.039738049840371124,2613,3,0,0.9988532110091743,0.0011467889908256881,0.0,True,2319.0,27.169111617059006,0.8105671248125456,2439,533,0.17934051144010768,,0.3164309725825327,0.46989121533028555,
116,132,34.00631751075385,33.709559500123426,4.196152422706632,103.92200699264292,5.196152422706632,304.8986759308452,60.66060832170159,4636,0.07042262961007666,4632,4,0,0.999137187230371,0.0008628127696289905,0.0,True,3224.0,32.03484154879717,0.9461545198226222,3224,114,0.0341521869382864,,0.27669677546737487,0.4262790646374409,
116,151,34.00631751075385,36.116398529423485,2.0,49.5320458,3.0,322.52339728618176,2.6942285849163166,3901,0.059257695881990737,3901,0,0,1.0,0.0,0.0,True,4220.0,36.6506169074355,1.045327933003515,4220,0,0.0,,0.28172904669025317,,
117,127,35.41716618716948,34.06628550773001,1.0,24.7660229,2.0,305.56153232480574,66.26843784756333,2748,0.04174318079561921,2748,0,0,1.0,0.0,0.0,True,2481.0,28.10207870642285,0.8088855121883853,2481,0,0.0,,0.3090169943749474,,
117,143,35.41716618716948,34.6159484224522,2.1462643699419726,53.15443253543696,3.1462643699419726,316.2568494233626,47.77852966014651,3471,0.05272582989140986,3471,0,0,1.0,0.0,0.0,True,3219.0,32.00999099696253,0.9141387235279339,3219,0,0.0,,0.2843646522044218,,
119,141,33.47579276558451,34.24561305334088,1.0,24.7660229,2.0,318.3998426821731,59.48020103916293,2158,0.03278085304110126,2148,7,3,0.995366079703429,0.003243744207599629,0.0013901760889712697,True,1591.0,22.504022505285825,0.664605887404566,1706,1136,0.39971850809289233,0.4415184401122529,0.3090169943749474,0.44499443206436484,0.1325014457373055
120,124,34.11661082207794,33.82742751582512,6.164414002968976,152.66801836261033,7.164414002968976,303.7910389857914,83.22271479574651,5692,0.08646367725206133,4631,1061,0,0.8135980323260716,0.18640196767392833,0.0,True,2082.0,25.74337163299812,0.757781617423732,2082,27,0.012802275960170697,,0.2402530733520421,0.3833180986057291,
120,137,34.11661082207794,33.56149701678169,4.977725364273731,123.27846036151405,5.977725364273731,315.4759918107768,63.95608993480807,4760,0.07230623747712789,4365,229,166,0.917016806722689,0.048109243697478994,0.034873949579831934,True,2193.0,26.4207036318311,0.7807754819250657,2195,277,0.11205501618122977,0.39290538739044706,0.2588283628687876,0.40103048993422497,0.13407702452165948
120,141,34.11661082207794,34.24561305334088,1.0,24.7660229,2.0,317.6319881070841,58.139253647646356,2342,0.03557588406962889,2342,0,0,1.0,0.0,0.0,True,2948.0,30.632948674096244,0.8961952065784393,2948,16,0.005398110661268556,,0.3090169943749474,,
114,119,35.18401563970633,33.47579276558451,1.0,24.7660229,2.0,292.8305597419321,76.68974362953962,2457,0.03732277846245866,2358,70,29,0.9597069597069597,0.02849002849002849,0.011803011803011803,True,2056.0,25.582125126616702,0.7451848678518996,2231,754,0.2525963149078727,0.43649167310370846,0.30383243470068705,0.4241077963657325,0.1326592384030214
114,141,35.18401563970633,34.24561305334088,7.717797887081348,191.13915920902826,8.717797887081348,310.33686935126474,48.39833102834205,6607,0.10036288046457646,3213,934,2460,0.48630240653851975,0.14136521870743152,0.37233237475404873,True,57.0,4.259537945889915,0.12270087068221555,574,1697,0.7472479084103919,0.36882581857118074,0.14923419446018063,0.33836542244144424,0.2195916241110001
115,145,33.772469002955425,35.31377481208071,1.0,24.7660229,2.0,315.0210249414599,36.19783586734974,2566,0.03897853053914079,2424,114,28,0.9446609508963367,0.044427123928293066,0.010911925175370226,True,3171.0,31.770436715424612,0.9197326402773687,4726,2214,0.3190201729106628,0.42583274182484154,0.2989350844248255,0.43405783005789966,0.12689765740001602
116,129,34.00631751075385,33.37086434643424,3.6855577202829677,91.27660689979977,4.685557720282968,302.02011350117004,67.25845680962038,3869,0.05877160352920332,3853,14,2,0.9958645644869475,0.00361850607392091,0.0005169294391315585,True,2740.0,29.53250900522315,0.8766323610215673,2750,148,0.05106970324361629,0.4497665671302774,0.27669677546737487,0.3872524850440372,0.17306979166290254
120,153,34.11661082207794,33.1179899603111,1.0,24.7660229,2.0,331.1929208865579,20.607931277399064,2363,0.03589488217614563,2363,0,0,1.0,0.0,0.0,True,2591.0,28.718302789374615,0.8542715344536377,2645,97,0.03537563822027717,,0.3090169943749474,,
121,127,33.035216642753895,34.06628550773001,1.414213562373095,35.02444547122265,2.414213562373095,311.3865969337381,76.21452732128162,2511,0.03814305930778742,2511,0,0,1.0,0.0,0.0,True,2462.0,27.994266194785187,0.8343856783415782,2462,0,0.0,,0.2989350844248255,,
121,128,33.035216642753895,34.56233846333,1.414213562373095,35.02444547122265,2.414213562373095,310.4086957998498,78.18386111000406,2605,0.039570955594100454,2605,0,0,1.0,0.0,0.0,True,2529.0,28.372622405389436,0.8394570590863235,2537,118,0.044444444444444446,,0.3090169943749474,,
121,134,33.035216642753895,34.108814990159495,1.7320508075688772,42.89600996421431,2.732050807568877,315.10360909545744,70.13160631992703,2602,0.039525384436026635,2596,6,0,0.9976940814757879,0.0023059185242121443,0.0,True,3689.0,34.2672609079279,1.0207090660052174,3707,223,0.05674300254452926,,0.29581631632448924,0.43669769284206883,
121,148,33.035216642753895,33.98056192132769,1.0,24.7660229,2.0,325.7233436471232,48.16222041244889,2513,0.03817344007983663,2512,1,0,0.9996020692399522,0.0003979307600477517,0.0,True,3129.0,31.5593351303395,0.9418478993021605,3129,7,0.002232142857142857,,0.3090169943749474,0.44499443206436484,
121,159,33.035216642753895,34.99549240939351,7.944271909999159,196.74802004686592,8.94427190999916,336.9595451908963,29.145960845967945,6466,0.09822103603510692,6466,0,0,1.0,0.0,0.0,True,1974.0,25.0667851015403,0.736925587011769,1974,0,0.0,,0.2710755134061366,,
122,132,34.62331843425036,33.709559500123426,1.0,24.7660229,2.0,313.2905769701679,75.06386149323086,2439,0.03704935151401574,2436,3,0,0.998769987699877,0.0012300123001230013,0.0,True,3314.0,32.47890027099259,0.9506082943611712,3314,11,0.0033082706766917294,,0.3090169943749474,0.43405783005789966,
122,133,34.62331843425036,32.73291079359524,6.483314773547883,160.56592214959517,7.483314773547883,313.25767408542754,76.30705598033951,5231,0.07946090929471765,5017,214,0,0.9590900401452878,0.04090995985471229,0.0,True,4800.0,39.08820095223359,1.160641009757542,4838,198,0.03931691818903892,,0.26427884169111276,0.4189796981099955,
126,129,33.19313054357266,33.37086434643424,1.0,24.7660229,2.0,315.7378733153091,88.93153719251603,2381,0.03616830912458855,2381,0,0,1.0,0.0,0.0,True,2233.0,26.66056968349335,0.8010507700911996,2236,0,0.0,,0.3090169943749474,,
126,146,33.19313054357266,35.06889337226733,1.0,24.7660229,2.0,330.2203896675172,64.69691219456561,2369,0.035986024492293274,2369,0,0,1.0,0.0,0.0,True,2901.0,30.38777681600246,0.8903274492261596,2901,0,0.0,,0.30901699437494745,,
126,149,33.19313054357266,33.94738025033483,1.0,24.7660229,2.0,331.6263258977915,61.35509667937539,2425,0.036836686109671245,2420,5,0,0.9979381443298969,0.002061855670103093,0.0,True,2172.0,26.29389801439097,0.7832498651999219,2172,0,0.0,,0.3090169943749474,0.3516287047744073,
127,128,34.06628550773001,34.56233846333,5.0,123.8301145,6.0,318.64626780228963,88.51041627534774,4905,0.07450884345069586,4905,0,0,1.0,0.0,0.0,True,1687.0,23.173018318554337,0.675316419817077,1687,0,0.0,,0.28172904669025317,,
122,156,34.62331843425036,33.97711570073323,3.4721359549995796,85.99099857343296,4.47213595499958,336.8751342033677,27.833757813915106,4212,0.06398190593564342,4212,0,0,1.0,0.0,0.0,True,3691.0,34.27654868717636,0.9993099641244584,3691,0,0.0,,0.2801868778094689,,
123,147,33.746494843167824,34.04824177557416,1.0,24.7660229,2.0,330.4420157794244,60.82006369691952,2578,0.03916081517143607,2517,53,8,0.9763382467028704,0.020558572536850273,0.0031031807602792862,True,4764.0,38.94134432424719,1.1488014045468475,4800,1144,0.19246298788694483,0.44688563101755296,0.3090169943749474,0.43649167310370846,0.13786863664260557
123,152,33.746494843167824,34.19110683749544,1.0,24.7660229,2.0,338.2023776184582,44.80020321916269,2384,0.03621388028266237,2330,54,0,0.9773489932885906,0.022651006711409395,0.0,True,3591.0,33.80903431460284,0.9952966686554593,3599,292,0.07504497558468261,,0.3090169943749474,0.42765427748512624,
124,130,33.82742751582512,35.10147502566315,4.39834563766817,108.929528784605,5.39834563766817,314.3343382067785,80.36891412575388,5007,0.07605826282520574,4739,268,0,0.9464749350908728,0.05352506490912722,0.0,True,2570.0,28.60168539601018,0.8298894757186897,2570,0,0.0,,0.27149702790318514,0.39879456798407137,
124,152,33.82742751582512,34.19110683749544,3.6855577202829677,91.27660689979977,4.685557720282968,335.3531769085894,42.17945930540033,3461,0.05257392603116379,3295,149,17,0.9520369835307715,0.0430511412886449,0.004911875180583647,True,2893.0,30.345848162964675,0.8922817420714751,3256,182,0.05293775450843514,0.36256867851363983,0.26968623182294527,0.41421356237309503,0.09288244669069456
124,153,33.82742751582512,33.1179899603111,6.8173377998059435,168.8383440670296,7.8173377998059435,335.6261359496866,42.760528240098076,5553,0.084352213594641,4823,290,440,0.8685395281829642,0.05222402305060328,0.07923644876643256,True,2410.0,27.69705445896613,0.8274518407130464,2410,207,0.07909820405043944,0.38982592017231227,0.24794514361227074,0.30700171277195376,0.14188077656004153
125,136,34.09266491584401,39.01402454504108,3.6855577202829677,91.27660689979977,4.685557720282968,326.26201317122957,71.23263341224043,5621,0.08538515984431426,5123,161,337,0.9114036648283224,0.028642590286425903,0.059953744885251736,True,4423.0,37.521788691251196,1.0264939903024006,4762,1412,0.2287010042112083,0.41048532859718323,0.2588283628687876,0.3816524151396708,0.15165696572839565
125,145,34.09266491584401,35.31377481208071,1.7320508075688772,42.89600996421431,2.732050807568877,329.2347694821852,67.08062416745223,3024,0.045935727338410656,2990,34,0,0.9887566137566137,0.011243386243386243,0.0,True,2964.0,30.71596494738128,0.8851041796060644,3275,719,0.1800200300450676,,0.28989794855663564,0.439607805437114,
127,143,34.06628550773001,34.6159484224522,2.449489742783178,60.66411906308329,3.449489742783178,330.3194860347347,72.8835028547179,3427,0.052057452906327156,3427,0,0,1.0,0.0,0.0,True,2451.0,27.931658222104733,0.8133590485859328,2451,0,0.0,,0.2898979485566356,,
127,147,34.06628550773001,34.04824177557416,1.0,24.7660229,2.0,333.29277251318445,66.58872432309258,2616,0.039738049840371124,2616,0,0,1.0,0.0,0.0,True,2844.0,30.087760240780646,0.8834462027649006,2844,0,0.0,,0.30901699437494745,,
127,159,34.06628550773001,34.99549240939351,1.0,24.7660229,2.0,345.1971171933361,39.37813259632107,2891,0.04391540599713797,2891,0,0,1.0,0.0,0.0,True,2844.0,30.087760240780646,0.8713288637569389,2844,0,0.0,,0.30901699437494745,,
128,143,34.56233846333,34.6159484224522,4.449489742783178,110.1961648630833,5.449489742783178,329.34158490084644,71.38980002126617,4884,0.07418984534417912,4884,0,0,1.0,0.0,0.0,True,1847.0,24.247027854594084,0.701001107316447,1847,0,0.0,,0.2791745113185196,,
128,159,34.56233846333,34.99549240939351,1.0,24.7660229,2.0,344.21921605944783,38.70589713526125,2887,0.04385464445303954,2887,0,0,1.0,0.0,0.0,True,2010.0,25.294324881866668,0.7272890647826573,2010,0,0.0,,0.3090169943749474,,
128,162,34.56233846333,34.27517220235347,2.1462643699419726,53.15443253543696,3.1462643699419726,344.47387953853354,41.392155555206145,3121,0.04740919478279751,3121,0,0,1.0,0.0,0.0,True,3180.0,31.815490536285218,0.924364935007614,3194,247,0.07178145887823308,,0.28989794855663564,,
128,163,34.56233846333,35.296153929633334,1.0,24.7660229,2.0,345.98475447735564,35.51336454313927,2762,0.0419558461999637,2762,0,0,1.0,0.0,0.0,True,3111.0,31.468429511460734,0.9009192278140392,3124,703,0.18369480010452052,,0.3090169943749474,,
129,149,33.37086434643424,33.94738025033483,1.0,24.7660229,2.0,332.2618955529639,62.56064802668357,2359,0.0358341206320472,2359,0,0,1.0,0.0,0.0,True,2798.0,29.843442521636916,0.8866375735254763,2807,99,0.034067446662078456,,0.3090169943749474,,
129,165,33.37086434643424,34.31509097239035,1.0,24.7660229,2.0,346.81215869278435,25.000701594357835,2582,0.0392215767155345,2560,22,0,0.9914794732765299,0.008520526723470178,0.0,True,3662.0,34.141628596261214,1.008824605797234,3662,23,0.006241519674355495,,0.3090169943749474,0.4176890859898589,
130,136,35.10147502566315,39.01402454504108,1.0,24.7660229,2.0,329.05919151945363,76.58242530288277,3106,0.04718133899242841,3106,0,0,1.0,0.0,0.0,True,2752.0,29.597108081327676,0.7986752636833492,2756,60,0.02130681818181818,,0.30484544052339907,,
130,137,35.10147502566315,33.56149701678169,1.0,24.7660229,2.0,326.01929103176406,81.05223446583503,2335,0.03546955136745664,2335,0,0,1.0,0.0,0.0,True,3181.0,31.820492578692715,0.9268603333692721,3185,234,0.06844106463878327,,0.3090169943749474,,
130,161,35.10147502566315,36.089779765898456,6.69041575982343,165.69498991830795,7.69041575982343,346.78369225373615,46.463650568220174,6838,0.10387185963626061,6838,0,0,1.0,0.0,0.0,True,2846.0,30.098337762724842,0.8455627829808231,2846,126,0.0423956931359354,,0.27149702790318514,,
130,164,35.10147502566315,32.69483963773666,1.0,24.7660229,2.0,348.82197893394937,32.08574320974545,2500,0.03797596506151675,2500,0,0,1.0,0.0,0.0,True,2248.0,26.749964937194992,0.7891274052285941,2248,0,0.0,,0.30901699437494745,,
130,169,35.10147502566315,34.98008585668328,7.0670198723450905,175.0219759932536,8.06701987234509,356.11561174454243,27.159225008868216,5770,0.08764852736198066,5764,6,0,0.9989601386481802,0.0010398613518197574,0.0,True,1694.0,23.221045351046136,0.6626863060321914,1694,0,0.0,,0.2685019276956926,0.3410201130151205,
131,135,34.86708023321262,33.86708993428694,2.6502815398728847,65.63693330793913,3.6502815398728847,323.3156862970493,83.49732876154066,3651,0.05546009937583906,3651,0,0,1.0,0.0,0.0,True,1848.0,24.253590861306396,0.7057215007383483,1849,37,0.019618239660657476,,0.28436465220442186,,
131,154,34.86708023321262,32.39294319934577,1.0,24.7660229,2.0,340.9733775568364,48.358115979666124,2521,0.03829496316803349,2521,0,0,1.0,0.0,0.0,True,3379.0,32.79587024939312,0.9751965157216315,3399,186,0.05188284518828452,,0.3090169943749474,,
132,151,33.709559500123426,36.116398529423485,1.0,24.7660229,2.0,339.75528918516835,59.4111448994501,2937,0.044614163754269874,2937,0,0,1.0,0.0,0.0,True,2294.0,27.022266353983262,0.7739891328823235,2294,4,0.0017406440382941688,,0.3090169943749474,,
132,156,33.709559500123426,33.97711570073323,3.7320508075688767,92.42805576421429,4.732050807568877,345.71512506303156,48.73254043038063,4153,0.06308567316019162,4153,0,0,1.0,0.0,0.0,True,2209.0,26.516910426744545,0.7835193661989455,2209,0,0.0,,0.27429188517743175,,
132,157,33.709559500123426,33.019969707309166,1.0,24.7660229,2.0,345.0351856429638,46.960326810908775,2587,0.03929752864565753,2587,0,0,1.0,0.0,0.0,True,3194.0,31.8854477226058,0.9556623012725909,3194,257,0.07447116777745581,,0.3090169943749474,,
132,160,33.709559500123426,34.16522016282205,1.0,24.7660229,2.0,346.3556764966888,44.48134285887009,2509,0.03811267853573821,2509,0,0,1.0,0.0,0.0,True,2219.0,26.57686282166937,0.7831145221729047,2491,611,0.19696969696969696,,0.3090169943749474,,
135,138,33.86708993428694,34.728414306820426,4.0,99.0640916,5.0,329.3241758249725,86.98981309338353,4495,0.06828078518060711,4495,0,0,1.0,0.0,0.0,True,2463.0,27.99995088693329,0.8163786008049695,2463,61,0.02416798732171157,,0.28172904669025317,,
135,154,33.86708993428694,32.39294319934577,1.7320508075688772,42.89600996421431,2.732050807568877,345.0682546443968,59.58586827203877,2824,0.04289765013348932,2824,0,0,1.0,0.0,0.0,True,2218.0,26.570873669408158,0.8020181220199584,2358,341,0.12634309003334568,,0.29339977411634566,,
135,158,33.86708993428694,34.111824329990974,6.0710678118654755,150.35620445611326,7.0710678118654755,348.44597431737554,54.71093696667989,5903,0.08966884870325335,4714,510,679,0.798576994748433,0.08639674741656785,0.11502625783499916,True,1954.0,24.93947709161375,0.7337415538782485,2547,1827,0.4176954732510288,0.38926726601953365,0.23329952500316292,0.3926140252959862,0.15596774101637073
135,161,33.86708993428694,36.089779765898456,5.0,123.8301145,6.0,350.26676276372257,53.298580111794905,4867,0.0739316087817608,4804,63,0,0.9870556811177317,0.012944318882268338,0.0,True,1907.0,24.637714036665187,0.7043686815106278,2319,954,0.2914757103574702,,0.27195617308673,0.39443080316866724,
133,150,32.73291079359524,33.31575015841046,1.0,24.7660229,2.0,338.28242460808315,60.46983730984874,2568,0.039008911311190005,2568,0,0,1.0,0.0,0.0,True,3663.0,34.14628988764702,1.0339737216613505,3670,248,0.06329760081674324,,0.3117684267568519,,
134,141,34.108814990159495,34.24561305334088,1.8284271247461903,45.2828680424453,2.8284271247461903,331.48217277556114,82.92229799780529,2827,0.04294322129156314,2827,0,0,1.0,0.0,0.0,True,2372.0,27.47782833536798,0.8039809306247503,2415,229,0.08661119515885023,,0.2898979485566356,,
134,162,34.108814990159495,34.27517220235347,4.0197648378370845,99.55358802648801,5.0197648378370845,349.1687928341412,53.21334655351169,4325,0.06569841955642397,4319,6,0,0.9986127167630058,0.0013872832369942196,0.0,True,2924.0,30.508000708034015,0.8922556861783628,2951,445,0.13103651354534745,,0.27669677546737487,0.4204680144562054,
134,167,34.108814990159495,34.21443935501828,1.0,24.7660229,2.0,354.66356265790614,36.46876358326045,2419,0.036745543793523607,2419,0,0,1.0,0.0,0.0,True,2951.0,30.648531353530895,0.8971625150842674,2951,0,0.0,,0.3090169943749474,,
138,161,34.728414306820426,36.089779765898456,1.0,24.7660229,2.0,352.1803752040853,54.130535820317505,2915,0.04427997526172853,2820,55,40,0.967409948542024,0.018867924528301886,0.0137221269296741,True,2665.0,29.125518822500005,0.822543393088866,2675,489,0.154551201011378,0.42592933202601724,0.2989350844248255,0.4068781988545112,0.1269942476011917
139,140,33.91392602148908,33.68566234109369,1.0,24.7660229,2.0,334.3578086236398,87.93795222738053,2598,0.0394646228919282,2590,8,0,0.9969207082371054,0.003079291762894534,0.0,True,2354.0,27.37337158766971,0.8098679962619777,3460,1227,0.2617879240452315,,0.3090169943749474,0.44499443206436484,
139,144,33.91392602148908,33.71992075161135,7.0,173.3621603,8.0,337.2199641020427,83.65363593547683,5941,0.0902460833721884,5932,9,0,0.9984851035179263,0.0015148964820737249,0.0,True,4030.0,35.81604167577255,1.0591159126562482,4182,1231,0.22741548124884536,,0.2711923793731366,0.25104895924496956,
139,173,33.91392602148908,36.30647109014778,1.0,24.7660229,2.0,368.8277847276075,4.003068349601842,2981,0.04528254073935257,2981,0,0,1.0,0.0,0.0,True,2794.0,29.82210291038362,0.8493857664453889,2948,1252,0.2980952380952381,,0.3090169943749474,,
140,168,33.68566234109369,33.20157883794777,1.0,24.7660229,2.0,359.26652163656274,43.517957702315755,2588,0.03931271903168214,2476,75,37,0.9567233384853169,0.028979907264296754,0.0142967542503864,True,3044.0,31.127725479762553,0.9307522610011953,3129,1069,0.25464506908051454,0.439607805437114,0.3090169943749474,0.4142135623730951,0.13059081106216658
141,167,34.24561305334088,34.21443935501828,2.6502815398728847,65.63693330793913,3.6502815398728847,359.0875421738507,49.92649316094252,3406,0.051738454799810416,3406,0,0,1.0,0.0,0.0,True,2227.0,26.624727539099847,0.7778179128547934,2227,0,0.0,,0.28172904669025317,,
141,171,34.24561305334088,34.18518361144195,1.0,24.7660229,2.0,363.6885205377429,35.76156819228123,2507,0.038082297763688995,2507,0,0,1.0,0.0,0.0,True,2375.0,27.495199211616978,0.803591381415762,2378,1207,0.33668061366806135,,0.3090169943749474,,
141,174,34.24561305334088,35.3146681564381,1.0,24.7660229,2.0,366.7382855428756,26.71106318274909,2682,0.040740615317995166,2682,0,0,1.0,0.0,0.0,True,2399.0,27.63377312194109,0.7945273550175427,2410,207,0.07909820405043944,,0.3090169943749474,,
136,155,39.01402454504108,34.28600681904952,3.8989794855663558,96.56221522616659,4.898979485566356,353.73758806343324,67.72834784867452,5043,0.07660511672209158,4386,528,129,0.8697204045211184,0.10469958358120167,0.02558001189767995,True,3998.0,35.67356058711823,0.9733573075821239,4020,437,0.0980480143594346,0.42078786242612015,0.25355482027512377,0.4083069769263126,0.16723304215099638
136,161,39.01402454504108,36.089779765898456,9.071067811865476,224.65427315611325,10.071067811865476,355.3984614085528,64.71290034547383,8101,0.12305731718533887,8101,0,0,1.0,0.0,0.0,True,2190.0,26.40262583044538,0.703096895628218,2191,70,0.030959752321981424,,0.267982878680112,,
136,164,39.01402454504108,32.69483963773666,1.0,24.7660229,2.0,357.43674808876597,55.37789853108232,3072,0.04666486586759178,3072,0,0,1.0,0.0,0.0,True,2599.0,28.76260409266991,0.8022049831763421,2599,0,0.0,,0.3090169943749474,,
136,170,39.01402454504108,33.98290495211477,1.0,24.7660229,2.0,363.6440404631784,40.782522590080475,3431,0.05211821445042559,3431,0,0,1.0,0.0,0.0,True,3815.0,34.84755681236722,0.9547677430384238,3840,176,0.043824701195219126,,0.3090169943749474,,
136,179,39.01402454504108,35.05348652480409,1.0,24.7660229,2.0,374.49142637663203,15.285401650597926,3074,0.046695246639640996,3074,0,0,1.0,0.0,0.0,True,2259.0,26.81533204883324,0.7240781190432215,2259,1,0.0004424778761061947,,0.3090169943749474,,
137,169,33.56149701678169,34.98008585668328,1.0,24.7660229,2.0,361.69048041166945,29.63022407270767,2485,0.03774810927114765,2485,0,0,1.0,0.0,0.0,True,3685.0,34.24867779327063,0.9993547378821793,3685,1,0.00027129679869777537,,0.30901699437494745,,
138,154,34.728414306820426,32.39294319934577,1.0,24.7660229,2.0,346.9818670847596,63.516790134494855,2270,0.03448217627585721,2270,0,0,1.0,0.0,0.0,True,2411.0,27.70280013986166,0.8254541078766683,2462,189,0.07129385137683893,,0.3154754158606446,,
138,155,34.728414306820426,34.28600681904952,5.5725953684008385,138.0110245062491,6.5725953684008385,350.51950185896567,59.730769864916184,5013,0.07614940514135339,4999,14,0,0.9972072611210852,0.0027927388789148215,0.0,True,2991.0,30.855548440689205,0.8941768383281579,2998,72,0.023452768729641693,,0.27718637277259645,0.43202405083512097,
143,176,34.6159484224522,34.33454305703572,1.0,24.7660229,2.0,369.5339551456577,32.603938069294465,2717,0.0412722788288564,2717,0,0,1.0,0.0,0.0,True,4847.0,39.27910409279765,1.1393422512291387,4847,0,0.0,,0.3090169943749474,,
144,147,33.71992075161135,34.04824177557416,8.0,198.1281832,9.0,344.1393016278254,85.71360561742645,6867,0.1043123808309742,6867,0,0,1.0,0.0,0.0,True,2803.0,29.870095596987387,0.8815377157379723,2831,200,0.06598482349059716,,0.2711923793731366,,
144,177,33.71992075161135,34.06025018931318,1.0,24.7660229,2.0,370.1115689397109,31.916583281196726,2680,0.04071023454594595,2680,0,0,1.0,0.0,0.0,True,5037.0,40.04156461363309,1.1815126476601039,5037,20,0.003954913980620921,,0.3090169943749474,,
145,152,35.31377481208071,34.19110683749544,1.0,24.7660229,2.0,353.05078653222006,74.00283776439322,2670,0.04055833068569989,2662,8,0,0.997003745318352,0.00299625468164794,0.0,True,4101.0,36.13016528110169,1.039643962369714,4101,111,0.026353276353276354,,0.3090169943749474,0.44604886080385386,
142,150,33.76995712048581,33.31575015841046,1.0,24.7660229,2.0,344.1795767331237,72.06158776147245,2458,0.03733796884848327,2268,49,141,0.9227013832384052,0.019934906427990236,0.05736371033360456,True,1537.0,22.118822189811244,0.6594198104778527,2413,1746,0.4198124549170474,0.4305008740430604,0.28989794855663564,0.4305008740430604,0.14060292548642478
142,158,33.76995712048581,34.111824329990974,1.0,24.7660229,2.0,351.6702257802868,59.57750564177004,2309,0.03507460133081687,2138,105,66,0.9259419662191425,0.0454742312689476,0.02858380251190992,True,2137.0,26.081185302335488,0.768429606443462,2437,1635,0.40152259332023577,0.4278112058481354,0.29581631632448924,0.4142135623730951,0.13199488952364619
142,166,33.76995712048581,33.9411644130377,1.8284271247461903,45.2828680424453,2.8284271247461903,357.3794089054466,48.17028154676893,2938,0.04462935414029448,2679,120,139,0.9118447923757659,0.04084411164057182,0.04731109598366236,True,2668.0,29.14190756176324,0.8607716694615728,3352,1195,0.2628106443809105,0.4258218860212584,0.28172904669025317,0.4072739409583566,0.14409283933100525
143,163,34.6159484224522,35.296153929633334,1.0,24.7660229,2.0,357.65797270980073,61.57764239788132,2679,0.04069504415992135,2679,0,0,1.0,0.0,0.0,True,4114.0,36.187385533637475,1.0352252132654678,4114,0,0.0,,0.3090169943749474,,
145,168,35.31377481208071,33.20157883794777,5.414213562373095,134.08853707122265,6.414213562373095,363.2798001803265,58.42762941237559,4984,0.07570888394663979,4826,106,52,0.9682985553772071,0.02126805778491172,0.01043338683788122,True,3284.0,32.33155836373447,0.9437755668278895,3290,658,0.16666666666666666,0.4110572584313119,0.2711923793731366,0.4240905704644855,0.1398648790581753
145,170,35.31377481208071,33.98290495211477,1.0,24.7660229,2.0,366.616796774134,50.341653616870076,2414,0.036669591863400575,2414,0,0,1.0,0.0,0.0,True,2861.0,30.177551000235674,0.8709667217224437,2916,39,0.013197969543147208,,0.3090169943749474,,
146,149,35.06889337226733,33.94738025033483,1.0,24.7660229,2.0,346.744411905172,87.6563263623212,2497,0.03793039390344293,2470,23,4,0.9891870244293152,0.0092110532639167,0.0016019223067681217,True,2880.0,30.277590264241923,0.8774043765331978,2958,905,0.2342738804038312,0.4396022505782154,0.3090169943749474,0.4142135623730951,0.130585256203268
146,178,35.06889337226733,34.4235520049468,1.0,24.7660229,2.0,373.4505167343622,36.74403710677132,2748,0.04174318079561921,2748,0,0,1.0,0.0,0.0,True,3436.0,33.0713285026094,0.951796366442248,3521,454,0.11421383647798743,,0.3090169943749474,,
147,148,34.04824177557416,33.98056192132769,6.8173377998059435,168.8383440670296,7.8173377998059435,347.62951922656964,88.98929572410196,5571,0.08462564054308393,4809,591,171,0.8632202477113624,0.10608508346795907,0.030694668820678513,True,2752.0,29.597108081327676,0.8701346039596923,2755,283,0.09315339038841343,0.3916982318703404,0.24025307335204216,0.4022451379397936,0.15144515851829826
147,175,34.04824177557416,34.51744706129705,4.773112505913769,118.21101362573678,5.773112505913769,372.202870922937,48.10789939884752,4801,0.07292904330413677,4296,445,60,0.8948135805040617,0.09268902312018329,0.012497396375755051,True,3232.0,32.07456238432586,0.9355863822978983,3232,66,0.02001212856276531,0.43506264118412574,0.2577649871043577,0.4142135623730951,0.17729765407976805
147,177,34.04824177557416,34.06025018931318,1.0,24.7660229,2.0,372.93364340207654,39.65408291680921,2583,0.03923676710155911,2583,0,0,1.0,0.0,0.0,True,4106.0,36.15218378840543,1.061605762965456,4106,51,0.012268462833774356,,0.3090169943749474,,
148,153,33.98056192132769,33.1179899603111,1.0,24.7660229,2.0,355.66284010670074,77.22876323998543,2518,0.03824939200995967,2518,0,0,1.0,0.0,0.0,True,2899.0,30.377300078295455,0.9054532244415862,2900,0,0.0,,0.31451985913875646,,
148,167,33.98056192132769,34.21443935501828,1.0,24.7660229,2.0,365.28329720957197,60.130167135175725,2404,0.036517688003154504,2404,0,0,1.0,0.0,0.0,True,2947.0,30.627752685817992,0.8982404021580829,2947,0,0.0,,0.3090169943749474,,
148,175,33.98056192132769,34.51744706129705,1.0,24.7660229,2.0,372.8710140593156,44.65463770484003,2549,0.03872029397672248,2549,0,0,1.0,0.0,0.0,True,2666.0,29.130982760044088,0.8505643650878517,2668,0,0.0,,0.3090169943749474,,
148,180,33.98056192132769,36.23654865143025,1.0,24.7660229,2.0,383.94682676624154,16.990751043200707,2567,0.0389937209251654,2567,0,0,1.0,0.0,0.0,True,1481.0,21.712138113004762,0.6184286973901315,1742,0,0.0,,0.3090169943749474,,
149,162,33.94738025033483,34.27517220235347,1.0,24.7660229,2.0,359.71487027205603,70.77066178861169,2464,0.03742911116463091,2165,95,204,0.8786525974025974,0.03855519480519481,0.08279220779220779,True,714.0,15.07558485549488,0.44195311707077095,1244,2677,0.6827339964294823,0.4211646096066227,0.29581631632448924,0.4305008740430604,0.12534829328213348
149,178,33.94738025033483,34.4235520049468,7.6602540378443855,189.7140269210715,8.660254037844386,374.85645296463656,45.151884663349186,6150,0.0934208740513312,6150,0,0,1.0,0.0,0.0,True,1922.0,24.734421384888826,0.7235361744823393,1945,699,0.2643721633888048,,0.26857492567190105,,
151,156,36.116398529423485,33.97711570073323,1.0,24.7660229,2.0,363.33984641836815,80.17329455675576,2976,0.045206588809229536,2976,0,0,1.0,0.0,0.0,True,3143.0,31.62985887220577,0.9025045817605043,3143,0,0.0,,0.30901699437494745,,
151,160,36.116398529423485,34.16522016282205,1.0,24.7660229,2.0,363.98039785202536,79.29738357383127,2803,0.04257865202697258,2803,0,0,1.0,0.0,0.0,True,3078.0,31.301083522359217,0.8907331420302873,3078,25,0.008056719303899453,,0.3090169943749474,,
151,165,36.116398529423485,34.31509097239035,1.0,24.7660229,2.0,367.31544247779607,74.05481731902776,2846,0.043231838626030666,2846,0,0,1.0,0.0,0.0,True,4510.0,37.88901670258673,1.075911271239293,4516,0,0.0,,0.31339216579491175,,
151,185,36.116398529423485,33.93812473047359,1.0,24.7660229,2.0,389.6455503755725,23.267132073863955,2792,0.04241155778070191,2792,0,0,1.0,0.0,0.0,True,3764.0,34.61384710770804,0.9881973496356041,3764,0,0.0,,0.3090169943749474,,
152,164,34.19110683749544,32.69483963773666,7.14142842854285,176.86478000000324,8.14142842854285,369.8408176357601,78.7659761733513,5257,0.07985585933135741,5203,54,0,0.9897279817386342,0.010272018261365798,0.0,True,2347.0,27.33264171047791,0.8172910200380942,2347,31,0.013036164844407064,,0.26968623182294527,0.35313713501640065,
152,175,34.19110683749544,34.51744706129705,6.330293345472711,156.77618995769478,7.330293345472711,379.9632327619708,61.3133071989231,6274,0.09530448191838244,3480,535,2259,0.5546700669429391,0.08527255339496334,0.36005737966209755,True,1233.0,19.8110093045411,0.5766679163040649,2500,1723,0.40800378877575183,0.36602540378443865,0.17411239489546831,0.3405424265831667,0.19191300888897034
152,186,34.19110683749544,34.7183162468444,1.0,24.7660229,2.0,393.6813384295932,22.93317688956001,2842,0.04317107708193224,2842,0,0,1.0,0.0,0.0,True,2778.0,29.736591328169585,0.8630631341021179,2971,297,0.0908812729498164,,0.31451985913875646,,
153,164,33.1179899603111,32.69483963773666,10.764602927211007,266.5964026047148,11.764602927211007,370.11377667685747,79.44165470429321,7797,0.11843943983385843,3491,376,3930,0.4477363088367321,0.0482236757727331,0.5040400153905348,False,4.0,1.1283791670955126,0.03429055319417491,1055,1212,0.5346272606969563,0.3646252028363286,0.14319856668565048,0.2859917853015737,0.22142663615067812
153,169,33.1179899603111,34.98008585668328,7.194052389321207,178.16806621772872,8.194052389321207,377.40740948745054,67.37587041842805,6549,0.09948183807514928,5467,515,567,0.8347839364788517,0.0786379599938922,0.08657810352725608,True,1249.0,19.93913357805586,0.5856004986584334,1430,407,0.2215568862275449,0.36819686922745715,0.23800671553691075,0.3985284962787935,0.1301901536905464
153,174,33.1179899603111,35.3146681564381,1.0,24.7660229,2.0,380.29921832234936,59.92998135587296,2570,0.03903929208323922,2570,0,0,1.0,0.0,0.0,True,2418.0,27.742986587467577,0.8108113100074761,2418,0,0.0,,0.30901699437494745,,
153,175,33.1179899603111,34.51744706129705,9.259739418689833,229.3269184913051,10.259739418689833,380.2361918030681,64.28703447115086,6786,0.10308195956298107,6786,0,0,1.0,0.0,0.0,True,1814.0,24.02944305508133,0.7105577819332908,1934,116,0.05658536585365854,,0.2674788903885893,,
153,187,33.1179899603111,35.91388020919713,1.0,24.7660229,2.0,395.09227911637964,11.79154315649911,2892,0.04393059638316257,2892,0,0,1.0,0.0,0.0,True,2248.0,26.749964937194992,0.775003338936357,2499,305,0.10877318116975748,,0.3090169943749474,,
154,182,32.39294319934577,33.94827790537653,10.194173437483137,252.4691327992791,11.194173437483137,390.33045949761754,41.654645171301524,8657,0.1315031718150202,8053,571,33,0.9302298717800623,0.06595818412845096,0.0038119440914866584,True,2926.0,30.5184325772765,0.9200443425393667,3054,245,0.07426492876629281,0.4250788980013849,0.2538152453692837,0.375552935006838,0.1712636526321012
155,161,34.28600681904952,36.089779765898456,1.0,24.7660229,2.0,371.46208879771575,87.51518921460885,2366,0.03594045333421945,2181,54,131,0.9218089602704987,0.02282333051563821,0.05536770921386306,True,1272.0,20.12188299403865,0.5718410825788861,1350,748,0.3565300285986654,0.42480768092719207,0.30383243470068705,0.3761785115301142,0.12097524622650502
155,179,34.28600681904952,35.05348652480409,8.856089212204838,219.33010823390796,9.856089212204838,390.55505376579504,57.449297234217404,7457,0.11327470858549216,5772,661,1024,0.7740378168164141,0.08864154485718118,0.13732063832640473,True,933.0,17.233198304710495,0.49706732696333095,1003,392,0.2810035842293907,0.3508003705504558,0.23930882281837562,0.32109155103767556,0.1114915477320802
156,157,33.97711570073323,33.019969707309166,8.9498743710662,221.6527936259486,9.9498743710662,368.6197428761636,88.95596506946748,8239,0.1251535904567346,8239,0,0,1.0,0.0,0.0,True,1764.0,23.695962509005764,0.7073729361415259,1764,0,0.0,,0.2692803301885514,,
156,172,33.97711570073323,34.45776706898681,1.0,24.7660229,2.0,380.76297834352226,70.40896920745026,2568,0.039008911311190005,2568,0,0,1.0,0.0,0.0,True,3702.0,34.327586554437424,1.0032189773729294,3702,0,0.0,,0.30901699437494745,,
156,185,33.97711570073323,33.93812473047359,1.0,24.7660229,2.0,395.60538625343577,39.14323543120123,2677,0.040664663387872134,2677,0,0,1.0,0.0,0.0,True,3000.0,30.90193616185517,0.9100147762314579,3000,0,0.0,,0.3090169943749474,,
156,190,33.97711570073323,34.336230566649874,3.1815405503520555,78.79410612729761,4.1815405503520555,398.6289145636574,38.15467202993845,3537,0.0537283953690339,3537,0,0,1.0,0.0,0.0,True,2042.0,25.494877673511212,0.7464098618071647,2042,0,0.0,,0.2801868778094689,,
157,166,33.019969707309166,33.9411644130377,4.0,99.0640916,5.0,374.41977747827843,79.49866161199003,4024,0.06112611336301736,2769,436,819,0.6881212723658051,0.10834990059642147,0.20352882703777336,True,451.0,11.98155910843366,0.35786607457692193,2287,3301,0.5907301360057265,0.39696574459597056,0.21551468935838852,0.38408837821107494,0.18145105523758204
157,172,33.019969707309166,34.45776706898681,1.0,24.7660229,2.0,380.0830389234545,69.30363615511132,2332,0.035423980209382824,2332,0,0,1.0,0.0,0.0,True,3436.0,33.0713285026094,0.9802145146701751,3441,359,0.09447368421052632,,0.3090169943749474,,
157,190,33.019969707309166,34.336230566649874,1.0,24.7660229,2.0,397.9489751435897,26.495611414214995,2642,0.0401329998770109,2642,0,0,1.0,0.0,0.0,True,2650.0,29.043436408025915,0.8623834566052432,2695,833,0.2361111111111111,,0.3090169943749474,,
158,181,34.111824329990974,34.74615418698383,6.483314773547883,160.56592214959517,7.483314773547883,391.05790515672703,55.27760489317944,5697,0.08653962918218437,2142,283,3272,0.37598736176935227,0.04967526768474636,0.5743373705459014,False,1.0,0.5641895835477563,0.016387050439149117,969,2613,0.7294807370184254,0.3660254037844386,0.13036395476007281,0.24127429245212265,0.23566144902436578
159,192,34.99549240939351,33.61679485810901,1.0,24.7660229,2.0,400.730497496632,26.08353518427472,2962,0.04499392340488505,2962,0,0,1.0,0.0,0.0,True,2574.0,28.623934862926816,0.8343676039053791,2574,0,0.0,,0.32037724101704074,,
159,198,34.99549240939351,35.42560168511905,12.079635555517829,299.16453079160874,13.079635555517829,406.8053365496326,28.484048703260996,9183,0.13949331486396332,9183,0,0,1.0,0.0,0.0,True,2312.0,27.128075067297424,0.7704530983539868,2312,0,0.0,,0.2635356853460478,,
160,171,34.16522016282205,34.18518361144195,9.442387549448897,233.85038628032626,10.442387549448897,381.0258369737629,74.17851136573253,7211,0.1095378736234389,3747,335,3129,0.5196227985022882,0.04645680210789072,0.43392039938982113,True,1805.0,23.96975895919152,0.7013787084083578,1826,3438,0.6531155015197568,0.3673227581534789,0.16015261286229274,0.28172904669025317,0.2071701452911862
160,184,34.16522016282205,34.758080498983844,1.0,24.7660229,2.0,393.8491460497312,47.82900221576597,2611,0.03966209791024809,2611,0,0,1.0,0.0,0.0,True,4099.0,36.12135412006806,1.0481608911131224,4106,671,0.1404647268159933,,0.3090169943749474,,
158,188,34.111824329990974,35.06332775432134,1.414213562373095,35.02444547122265,2.414213562373095,396.67680085950474,40.504777664390815,2850,0.04329260017012909,2848,2,0,0.9992982456140351,0.0007017543859649122,0.0,True,1531.0,22.07560725659395,0.6382525109503967,1842,1095,0.372829417773238,,0.3090169943749474,0.41129838760078935,
159,162,34.99549240939351,34.27517220235347,1.0,24.7660229,2.0,371.02472892958,89.57794730409397,2590,0.03934309980373135,2590,0,0,1.0,0.0,0.0,True,2571.0,28.607249385051436,0.8259556782193828,2571,0,0.0,,0.3090169943749474,,
159,163,34.99549240939351,35.296153929633334,6.1587762089111235,152.52839262586807,7.1587762089111235,372.5356038684022,87.45129599194952,5417,0.08228632109529449,5417,0,0,1.0,0.0,0.0,True,2186.0,26.378502823279536,0.7505444586132519,2186,0,0.0,,0.2755948398400295,,
159,180,34.99549240939351,36.23654865143025,3.7320508075688767,92.42805576421429,4.732050807568877,395.1830283100146,50.39360654401961,4700,0.07139481431565149,4281,419,0,0.9108510638297872,0.08914893617021277,0.0,True,2435.0,27.840340746074396,0.781680275658591,2435,0,0.0,,0.2612038749637415,0.3811428388606529,
161,164,36.089779765898456,32.69483963773666,13.0,321.9582977,14.0,375.16124882304854,87.09019817792382,9439,0.14338205368626264,9439,0,0,1.0,0.0,0.0,True,1520.0,21.996159369293583,0.6395662158197863,1520,0,0.0,,0.26586267989385887,,
161,169,36.089779765898456,34.98008585668328,1.0,24.7660229,2.0,382.4548816336416,75.79358474640782,2584,0.039251957487583714,2584,0,0,1.0,0.0,0.0,True,2982.0,30.809090875909725,0.8670085585787415,3022,350,0.10379596678529063,,0.3090169943749474,,
161,179,36.089779765898456,35.05348652480409,1.0,24.7660229,2.0,392.21592711091466,55.781136004453835,3070,0.04663448509554257,3070,0,0,1.0,0.0,0.0,True,3080.0,31.311251163856024,0.8802309142207034,3080,56,0.017857142857142856,,0.30901699437494745,,
161,182,36.089779765898456,33.94827790537653,12.196189672380134,302.0511127189099,13.196189672380134,395.52896761694325,56.695670033351696,10009,0.15204057372028845,5293,628,4088,0.5288240583474872,0.06274353082225996,0.4084324108302528,True,1184.0,19.413369239820483,0.5543662941350406,1985,1003,0.3356760374832664,0.3529789313484475,0.16807436035343967,0.31809645859444363,0.18490457099500782
162,163,34.27517220235347,35.296153929633334,4.123105625617661,102.1129283431658,5.123105625617661,372.79026734748777,87.64308498699003,4618,0.07014920266163374,4618,0,0,1.0,0.0,0.0,True,2887.0,30.314363615497584,0.8714614281747879,2900,224,0.07170294494238157,,0.2801868778094689,,
162,183,34.27517220235347,33.98745226625546,1.0,24.7660229,2.0,394.25401084550913,48.943971768279354,2519,0.03826458239598428,2519,0,0,1.0,0.0,0.0,True,2952.0,30.653723819701746,0.8981114939053682,2952,366,0.11030741410488246,,0.3090169943749474,,
162,191,34.27517220235347,35.14901061550133,10.015099296692402,248.0341785276579,11.015099296692402,400.57465700654063,42.01649814239925,9010,0.13686537808170637,8846,164,0,0.9817980022197558,0.018201997780244172,0.0,True,2403.0,27.656801270205655,0.7967483417923001,2403,467,0.1627177700348432,,0.26336184234374965,0.405117851294133,
162,192,34.27517220235347,33.61679485810901,4.841619252963779,119.90765329198184,5.841619252963779,400.9851609757176,35.64058102601684,4627,0.0702859161358552,4627,0,0,1.0,0.0,0.0,True,2071.0,25.67527554451228,0.7563568020248015,2071,0,0.0,,0.2775144043792301,,
163,191,35.296153929633334,35.14901061550133,1.0,24.7660229,2.0,402.0855319453628,35.218169481180745,3426,0.05204226252030255,3426,0,0,1.0,0.0,0.0,True,3349.0,32.64995878756228,0.9269609631373134,3349,9,0.0026801667659321023,,0.30901699437494745,,
163,194,35.296153929633334,35.17308405338773,1.0,24.7660229,2.0,406.05568547777574,29.500556873076718,2780,0.042229273148406625,2780,0,0,1.0,0.0,0.0,True,3677.0,34.2114812818416,0.9709621463505694,3678,0,0.0,,0.3090169943749474,,
164,169,32.69483963773666,34.98008585668328,1.0,24.7660229,2.0,384.49316831385477,77.59066133091572,2406,0.03654806877520372,2406,0,0,1.0,0.0,0.0,True,2111.0,25.922040230930552,0.7660751760433907,2111,1,0.0004734848484848485,,0.30901699437494745,,
164,170,32.69483963773666,33.98290495211477,9.273618495495704,229.67064802531016,10.273618495495704,383.4068278776741,80.69413843851181,6515,0.09896536495031265,6515,0,0,1.0,0.0,0.0,True,1518.0,21.981683448430292,0.6593409415283663,1518,0,0.0,,0.26968623182294527,,
164,179,32.69483963773666,35.05348652480409,1.0,24.7660229,2.0,394.25421379112777,60.73932677696107,2331,0.03540878982335822,2331,0,0,1.0,0.0,0.0,True,2018.0,25.344611859700862,0.7481989089706644,2018,0,0.0,,0.30901699437494745,,
164,186,32.69483963773666,34.7183162468444,1.0,24.7660229,2.0,401.04005629709474,45.06417812429054,2461,0.03738354000655709,2461,0,0,1.0,0.0,0.0,True,2469.0,28.034034832463544,0.8317081277269076,2470,43,0.017111022682053324,,0.3090169943749474,,
164,195,32.69483963773666,33.73174439919677,1.0,24.7660229,2.0,409.81316888368286,18.227263015329534,2207,0.033525181956306986,2207,0,0,1.0,0.0,0.0,True,1860.0,24.33220886606579,0.7326045503871459,1860,0,0.0,,0.3090169943749474,,
165,184,34.31509097239035,34.758080498983844,1.0,24.7660229,2.0,397.1841906755019,54.9495823460999,2702,0.0410444230384873,2699,2,1,0.9988897113249445,0.0007401924500370096,0.0003700962250185048,True,3113.0,31.478543099866304,0.9114549811256856,3382,336,0.09037116729424421,0.4142135623730951,0.3090169943749474,0.37724897146997804,0.1051965679981477
166,188,33.9411644130377,35.06332775432134,1.0,24.7660229,2.0,402.38598398466456,51.2796374542012,2766,0.04201660774406213,2766,0,0,1.0,0.0,0.0,True,3481.0,33.287185429317624,0.9647831433520307,3506,894,0.20318181818181819,,0.3090169943749474,,
166,196,33.9411644130377,35.360423492574384,7.4852813742385695,185.38064992733587,8.48528137423857,411.79559119299506,38.72982534339652,6112,0.09284363938239615,2811,425,2876,0.4599149214659686,0.06953534031413612,0.47054973821989526,True,517.0,12.828336258339185,0.3702176716588723,1946,1603,0.4516765285996055,0.36157394554464634,0.14518338349164053,0.29637509243923904,0.2163905620530058
167,171,34.21443935501828,34.18518361144195,1.0,24.7660229,2.0,386.8699104200878,82.28117590420449,2513,0.03817344007983663,2513,0,0,1.0,0.0,0.0,True,1871.0,24.404052881639814,0.7135727310545658,1871,0,0.0,,0.3090169943749474,,
167,174,34.21443935501828,35.3146681564381,1.0,24.7660229,2.0,389.9196754252206,77.73219984046038,2698,0.040983661494388875,2698,0,0,1.0,0.0,0.0,True,1865.0,24.364891498481366,0.7008544297643039,1866,0,0.0,,0.3090169943749474,,
167,180,34.21443935501828,36.23654865143025,1.0,24.7660229,2.0,400.93246161286527,59.85163980504161,2667,0.04051275952762607,2667,0,0,1.0,0.0,0.0,True,2103.0,25.872875577417208,0.7344929094549819,2103,0,0.0,,0.3090169943749474,,
167,183,34.21443935501828,33.98745226625546,1.0,24.7660229,2.0,399.7487806692741,60.063443518289,2354,0.03575816870192417,2354,0,0,1.0,0.0,0.0,True,2131.0,26.044545829360473,0.763748488795187,2131,0,0.0,,0.3090169943749474,,
167,197,34.21443935501828,33.81107705539979,1.0,24.7660229,2.0,414.84362313680833,4.357491646472799,2927,0.04446225989402381,2927,0,0,1.0,0.0,0.0,True,2123.0,25.9956128677165,0.7642900558336748,2123,0,0.0,,0.3090169943749474,,
168,189,33.20157883794777,34.31819938254321,1.0,24.7660229,2.0,405.76021663143126,46.059048226802325,2688,0.04083175763414281,2688,0,0,1.0,0.0,0.0,True,5796.0,42.952579670157775,1.2722962308878696,5805,137,0.02305621003029283,,0.3090169943749474,,
169,174,34.98008585668328,35.3146681564381,9.298325725798339,230.28254785678078,10.298325725798339,394.67860995934666,85.77923524206633,8242,0.12519916161480843,3697,482,4063,0.4485561756855132,0.05848095122543072,0.49296287308905606,True,1049.0,18.27312427054543,0.519900084354361,1278,796,0.3837994214079074,0.3637753569896289,0.1407800774583959,0.28778024081032516,0.22299527953123296
169,193,34.98008585668328,34.394852872196076,1.0,24.7660229,2.0,413.66885395023957,51.0607579850539,2614,0.03970766906832191,2614,0,0,1.0,0.0,0.0,True,3839.0,34.95699719740774,1.0077701786237647,3839,30,0.007753941586973378,,0.3090169943749474,,
169,195,34.98008585668328,33.73174439919677,1.0,24.7660229,2.0,417.10680169427593,41.806021124454155,2651,0.04026971335123236,2651,0,0,1.0,0.0,0.0,True,3001.0,30.90708605542677,0.8996146934328498,3001,0,0.0,,0.3090169943749474,,
170,179,33.98290495211477,35.05348652480409,1.0,24.7660229,2.0,400.4615061655402,71.5060507314134,2962,0.04499392340488505,2962,0,0,1.0,0.0,0.0,True,2400.0,27.63953195770684,0.8007235420741144,2400,0,0.0,,0.3154754158606446,,
170,186,33.98290495211477,34.7183162468444,4.766114533138578,118.03770167173282,5.766114533138578,407.24734867150715,62.00223253544869,4536,0.06890359100761599,4536,0,0,1.0,0.0,0.0,True,2085.0,25.761912054294488,0.7499695523515608,2085,47,0.02204502814258912,,0.2798057840438667,,
170,203,33.98290495211477,33.026026395685925,2.0,49.5320458,3.0,422.94070141202167,13.24279928263255,3174,0.04821428524210167,3174,0,0,1.0,0.0,0.0,True,3213.0,31.98014484502094,0.9545039504967591,3219,65,0.01979293544457978,,0.28989794855663564,,
171,174,34.18518361144195,35.3146681564381,2.23606797749979,55.37851073671648,3.23606797749979,394.52065378911277,85.04713582707384,3325,0.05050803353181728,3325,0,0,1.0,0.0,0.0,True,2141.0,26.1055830488326,0.7512414022413072,2141,0,0.0,,0.2857142857142857,,
171,183,34.18518361144195,33.98745226625546,1.0,24.7660229,2.0,404.34975903316626,67.71457645211017,2688,0.04083175763414281,2688,0,0,1.0,0.0,0.0,True,2364.0,27.431452220735256,0.8047643124712863,2380,425,0.15151515151515152,,0.31339216579491175,,
171,196,34.18518361144195,35.360423492574384,1.0,24.7660229,2.0,417.08115983475454,41.065629476619904,2862,0.043474884802424375,2862,0,0,1.0,0.0,0.0,True,2329.0,27.22762797090574,0.7830150344415733,2335,705,0.23190789473684212,,0.3090169943749474,,
172,190,34.45776706898681,34.336230566649874,1.0,24.7660229,2.0,410.0922106109483,59.23536624839536,2700,0.04101404226643809,2700,0,0,1.0,0.0,0.0,True,2653.0,29.059871438903453,0.8448374113339752,2653,0,0.0,,0.3090169943749474,,
172,199,34.45776706898681,34.909379855447135,1.0,24.7660229,2.0,418.030846212651,42.33732553046457,2763,0.04197103658598831,2763,0,0,1.0,0.0,0.0,True,3700.0,34.318312587888485,0.9894687646667554,4283,493,0.10322445561139028,,0.3090169943749474,,
173,216,36.30647109014778,34.88245594871212,6.0,148.5961374,7.0,442.56894952121826,6.644945480484373,7713,0.11716344740779147,4106,1360,2247,0.5323479839232464,0.17632568391028133,0.2913263321664722,True,1008.0,17.91246396432554,0.5032373631519312,1654,1931,0.5386331938633194,0.3771527433992079,0.17331935664757372,0.34275124670484114,0.20383338675163418
175,210,34.51744706129705,34.244934492409946,10.59110991546882,262.29967070291787,11.59110991546882,436.7316972043187,13.251828143434894,8002,0.12155346896890282,8002,0,0,1.0,0.0,0.0,True,1669.0,23.049060719273285,0.670397394577463,1669,21,0.01242603550295858,,0.26586267989385887,,
176,177,34.33454305703572,34.06025018931318,1.0,24.7660229,2.0,398.47950893599295,89.29352983505345,2487,0.03777849004319686,2487,0,0,1.0,0.0,0.0,True,3907.0,35.26523394676505,1.0312256905213353,3907,0,0.0,,0.3090169943749474,,
176,194,34.33454305703572,35.17308405338773,3.1815405503520555,78.79410612729761,4.1815405503520555,417.93166791363274,57.64699265349786,3791,0.057586753419284,3791,0,0,1.0,0.0,0.0,True,3616.0,33.92651689225682,0.9761955141515445,3616,0,0.0,,0.28172904669025317,,
176,198,34.33454305703572,35.42560168511905,1.0,24.7660229,2.0,420.44685740339736,49.88835790557604,2649,0.04023933257918315,2649,0,0,1.0,0.0,0.0,True,2943.0,30.606959911740596,0.8774912960650834,2943,0,0.0,,0.3090169943749474,,
174,187,35.3146681564381,35.91388020919713,1.0,24.7660229,2.0,412.3634795882758,63.993516120515174,3224,0.048973804543332,3224,0,0,1.0,0.0,0.0,True,2537.0,28.417462611012212,0.7979233962522375,2544,37,0.014335528864781092,,0.3090169943749474,,
174,193,35.3146681564381,34.394852872196076,5.19114712955712,128.56406868788088,6.19114712955712,416.5606627851384,59.63600434516573,5498,0.08351674236328764,4058,449,991,0.738086576937068,0.08166606038559476,0.1802473626773372,True,1742.0,23.547734959697575,0.6755959476475245,1755,613,0.25886824324324326,0.4092698519760595,0.21712927295533246,0.36602540378443865,0.192140579020727
174,196,35.3146681564381,35.360423492574384,1.0,24.7660229,2.0,420.1309248398873,50.83940132570386,2807,0.042639413571071004,2807,0,0,1.0,0.0,0.0,True,2162.0,26.233298952464125,0.7423633515112865,2162,1,0.0004623208506703652,,0.3090169943749474,,
174,208,35.3146681564381,34.32684590956078,4.0,99.0640916,5.0,434.65572229330405,6.302397003679503,4553,0.0691618275700343,4547,6,0,0.998682187568636,0.001317812431363936,0.0,True,1763.0,23.68924501418361,0.6803196435888353,1763,7,0.0039548022598870055,,0.2857142857142857,0.37059955290663465,
175,180,34.51744706129705,36.23654865143025,1.0,24.7660229,2.0,408.52017846260895,69.17287034656353,3455,0.05248278371501615,3455,0,0,1.0,0.0,0.0,True,2719.0,29.419119302482983,0.8315889161067138,2719,0,0.0,,0.3090169943749474,,
175,186,34.51744706129705,34.7183162468444,10.366600265340756,256.73945956657525,11.366600265340756,411.1624714233054,69.57736838249112,9075,0.1378527531733058,4964,1070,3041,0.5469972451790633,0.11790633608815428,0.33509641873278234,True,2077.0,25.71244122217362,0.742750277995421,2131,658,0.2359268555037648,0.3476850412418142,0.17691265575275766,0.3224762768187194,0.17077238548905654
175,187,34.51744706129705,35.91388020919713,1.0,24.7660229,2.0,412.30045306899456,65.27324684051715,2708,0.041135565354634945,2708,0,0,1.0,0.0,0.0,True,2322.0,27.186679747971468,0.7720053221078738,2328,81,0.033623910336239106,,0.30901699437494745,,
175,200,34.51744706129705,33.99613012503144,4.65685424949238,115.33175898489058,5.65685424949238,421.90895526816837,48.97484999888675,4678,0.07106062582311014,3975,430,273,0.8497221034630184,0.09191962377084224,0.05835827276613938,True,3059.0,31.204325691099555,0.9108946568717831,3071,666,0.1782178217821782,0.41783991029087636,0.24210172369314836,0.4142135623730951,0.175738186597728
179,195,35.05348652480409,33.73174439919677,3.6855577202829677,91.27660689979977,4.685557720282968,426.867847171549,64.73587486283387,4277,0.06496928102724285,4277,0,0,1.0,0.0,0.0,True,2186.0,26.378502823279536,0.7669815880221295,2186,0,0.0,,0.27718637277259645,,
179,203,35.05348652480409,33.026026395685925,1.0,24.7660229,2.0,433.7880873254754,47.766354944573244,2690,0.040862138406192024,2690,0,0,1.0,0.0,0.0,True,3432.0,33.05207299675423,0.9709844145141198,3432,0,0.0,,0.30901699437494745,,
179,206,35.05348652480409,36.16842372100485,1.0,24.7660229,2.0,441.23254612628324,34.511967543143264,2964,0.04502430417693426,2964,0,0,1.0,0.0,0.0,True,3863.0,35.06609602348091,0.9846996774575946,3900,39,0.009900990099009901,,0.3090169943749474,,
180,187,36.23654865143025,35.91388020919713,1.0,24.7660229,2.0,423.3762657759205,84.1454686883651,2949,0.04479644838656516,2949,0,0,1.0,0.0,0.0,True,2061.0,25.613212907107002,0.7099947515650645,2061,0,0.0,,0.3090169943749474,,
177,198,34.06025018931318,35.42560168511905,1.0,24.7660229,2.0,420.87325918136645,52.81752321935627,2507,0.038082297763688995,2507,0,0,1.0,0.0,0.0,True,2713.0,29.38664188396871,0.8458309451850217,2713,0,0.0,,0.3090169943749474,,
177,200,34.06025018931318,33.99613012503144,1.0,24.7660229,2.0,422.6397277473079,46.101419141440246,2495,0.03790001313139372,2495,0,0,1.0,0.0,0.0,True,3116.0,31.493707392885515,0.9255181438513095,3215,459,0.12493195427327164,,0.30901699437494745,,
177,205,34.06025018931318,34.864265336321665,4.977725364273731,123.27846036151405,5.977725364273731,430.2637748462579,30.76596836881177,5272,0.08008371512172652,5272,0,0,1.0,0.0,0.0,True,3879.0,35.13864039069986,1.01962676480855,3879,162,0.0400890868596882,,0.27669677546737487,,
178,204,34.4235520049468,35.285675211602886,3.8989794855663558,96.56221522616659,4.898979485566356,431.0649965920467,39.157466651944794,4128,0.06270591350957645,4059,53,16,0.9832848837209303,0.012839147286821706,0.003875968992248062,True,3981.0,35.597635552065405,1.0213177501303345,4052,564,0.12218370883882149,0.32813492005432576,0.27718637277259645,0.38208552579183985,0.05094854728172932
181,212,34.74615418698383,34.62431414117056,1.0,24.7660229,2.0,446.48649700940734,6.100952630606099,2894,0.043960977155211786,2871,11,12,0.9920525224602627,0.0038009675190048375,0.00414651002073255,True,2510.0,28.265841829340843,0.8149243477968274,2563,661,0.20502481389578164,0.36602540378443865,0.3090169943749474,0.38742588672279316,0.057008409409491256
182,201,33.94827790537653,34.3615233311133,10.449489742783179,258.7923022630833,11.449489742783179,432.06554531782706,68.34710904009162,9517,0.14456690379618195,4031,372,5114,0.4235578438583587,0.03908794788273615,0.5373542082589051,True,1496.0,21.821814538001895,0.6389072766426113,2227,1104,0.3314320024016812,0.33836542244144424,0.13413866172981215,0.19999999999999998,0.2042267607116321
183,184,33.98745226625546,34.758080498983844,1.0,24.7660229,2.0,417.1730681091346,89.90936514781735,2545,0.03865953243262405,2062,81,402,0.8102161100196463,0.03182711198428291,0.15795677799607072,True,375.0,10.925484305920792,0.3178529241523367,885,3022,0.7734834911696954,0.4211646096066227,0.2612038749637414,0.3585701736362872,0.1599607346428813
183,192,33.98745226625546,33.61679485810901,4.65685424949238,115.33175898489058,5.65685424949238,423.95977941256103,79.41423405932024,4417,0.0670959350706878,4343,74,0,0.9832465474303826,0.016753452569617387,0.0,True,1979.0,25.098511206000282,0.7425128530705822,1979,0,0.0,,0.27669677546737487,0.41950225994874946,
180,192,36.23654865143025,33.61679485810901,2.449489742783178,60.66411906308329,3.449489742783178,425.1434603561522,80.68478930614523,3952,0.060032405569245675,3889,63,0,0.9840587044534413,0.015941295546558706,0.0,True,2341.0,27.297682018007574,0.7815712361507726,2341,0,0.0,,0.28172904669025317,0.42480768092719207,
180,197,36.23654865143025,33.81107705539979,3.1815405503520555,78.79410612729761,4.1815405503520555,433.507152693478,67.78665095244233,3756,0.057055089908422764,3756,0,0,1.0,0.0,0.0,True,1819.0,24.062536918793814,0.6870336196547937,1819,0,0.0,,0.2801868778094689,,
180,198,36.23654865143025,35.42560168511905,6.032065437739018,149.39027076534305,7.032065437739018,431.2182994091529,72.72031387273174,6253,0.0949854838118657,4789,1464,0,0.7658723812569966,0.23412761874300336,0.0,True,1727.0,23.446133443265364,0.6543519370589501,1728,0,0.0,,0.22163687508390406,0.3946438965569824,
180,200,36.23654865143025,33.99613012503144,10.489125293076057,259.77391720929086,11.489125293076057,432.9847679750943,70.91504211745578,8182,0.12428773845333202,7622,560,0,0.9315570765094109,0.0684429234905891,0.0,True,1723.0,23.418965260973238,0.6668965407260544,1723,0,0.0,,0.25477784062024067,0.3672859622992617,
180,210,36.23654865143025,34.244934492409946,1.0,24.7660229,2.0,447.80750991124467,42.36573078073501,2579,0.03917600555746068,2579,0,0,1.0,0.0,0.0,True,1893.0,24.547110105792814,0.6965548683388663,1893,0,0.0,,0.3090169943749474,,
180,222,36.23654865143025,33.955664494195396,1.0,24.7660229,2.0,454.2380326595206,15.619672802622544,2593,0.03938867096180517,2593,0,0,1.0,0.0,0.0,True,2211.0,26.528911744592186,0.7558932980088108,2214,0,0.0,,0.3090169943749474,,
181,188,34.74615418698383,35.06332775432134,2.449489742783178,60.66411906308329,3.449489742783178,418.2533207660905,81.19489491921944,3825,0.058103226544120624,2219,160,1446,0.5801307189542484,0.04183006535947712,0.3780392156862745,True,251.0,8.938444016277748,0.2560810872022533,748,3356,0.817738791423002,0.39564392373895996,0.1983555576735248,0.3272830287914421,0.19728836606543515
181,202,34.74615418698383,35.1584121906783,1.0,24.7660229,2.0,430.97624551269394,57.30517003483367,2875,0.04367235982074426,2875,0,0,1.0,0.0,0.0,True,3457.0,33.17223653203631,0.94907209216697,3523,372,0.09550706033376123,,0.3090169943749474,,
183,197,33.98745226625546,33.81107705539979,1.0,24.7660229,2.0,432.32347174988683,63.77960612794406,2589,0.039327909417706745,2589,0,0,1.0,0.0,0.0,True,1854.0,24.29293166714853,0.7166211984303094,1854,0,0.0,,0.3090169943749474,,
183,207,33.98745226625546,34.5941520109889,1.0,24.7660229,2.0,443.392450254921,40.46002820327478,2534,0.038492438186353374,2534,0,0,1.0,0.0,0.0,True,2044.0,25.507359866510456,0.7438542779896414,2058,239,0.10404875925119722,,0.3090169943749474,,
183,213,33.98745226625546,33.42643808791979,1.414213562373095,35.02444547122265,2.414213562373095,448.6598900547428,24.899643440707063,2575,0.03911524401336225,2555,20,0,0.9922330097087378,0.007766990291262136,0.0,True,2700.0,29.316150714175198,0.8697362089668962,2724,274,0.0913942628418946,,0.3008613653919205,0.4411453641499662,
184,204,34.758080498983844,35.285675211602886,2.449489742783178,60.66411906308329,3.449489742783178,438.84247116309166,53.116208839801125,3664,0.05565757439415895,3663,1,0,0.9997270742358079,0.0002729257641921397,0.0,True,4114.0,36.187385533637475,1.0332794170306874,4150,695,0.1434468524251806,,0.28989794855663564,0.4602771732156198,
185,190,33.93812473047359,34.336230566649874,1.0,24.7660229,2.0,424.9346185208618,84.89625010716226,2620,0.03979881138446955,2620,0,0,1.0,0.0,0.0,True,3329.0,32.552321132383774,0.9535738855597885,3332,0,0.0,,0.31451985913875646,,
185,214,33.93812473047359,34.6483265204269,1.0,24.7660229,2.0,451.31532356544574,29.3106834821588,2628,0.03992033447266641,2628,0,0,1.0,0.0,0.0,True,4337.0,37.155214659305905,1.0834563964648363,4338,0,0.0,,0.3090169943749474,,
186,195,34.7183162468444,33.73174439919677,1.0,24.7660229,2.0,433.6536896775159,75.39654210152737,2697,0.04096847110836427,2697,0,0,1.0,0.0,0.0,True,2193.0,26.4207036318311,0.7719702037505541,2193,0,0.0,,0.31339216579491175,,
186,203,34.7183162468444,33.026026395685925,10.194173437483137,252.4691327992791,11.194173437483137,440.57392983144234,66.05879888746082,8476,0.1287537119445664,8476,0,0,1.0,0.0,0.0,True,1913.0,24.676442455702393,0.7285166994951506,1913,14,0.007265179034769071,,0.2674788903885893,,
186,209,34.7183162468444,34.08273460728951,8.22446323827975,203.68724489944444,9.22446323827975,448.27272443285,52.06230132891589,8118,0.12331555374775718,5334,1322,1462,0.6570583887657059,0.1628479921162848,0.18009361911800936,True,1703.0,23.282648822051918,0.6768108490497855,1803,1088,0.37634036665513665,0.3834107666400886,0.19427705374478668,0.36882581857118074,0.18913371289530193
186,220,34.7183162468444,34.56973134891167,1.0,24.7660229,2.0,457.713024486106,17.716926475784142,2794,0.04244193855275112,2794,0,0,1.0,0.0,0.0,True,2815.0,29.93396615230549,0.8640441516536241,2815,22,0.007754670426506873,,0.3090169943749474,,
187,197,35.91388020919713,33.81107705539979,1.0,24.7660229,2.0,437.28742729986357,74.20108574720673,2606,0.03958614598012506,2606,0,0,1.0,0.0,0.0,True,1938.0,24.837160856752256,0.7124324440242692,1938,0,0.0,,0.3090169943749474,,
187,208,35.91388020919713,34.32684590956078,1.0,24.7660229,2.0,449.4487830873344,49.63529692157034,2932,0.04453821182414684,2932,0,0,1.0,0.0,0.0,True,2883.0,30.293355737981035,0.8625581599701355,2883,54,0.018386108273748723,,0.3090169943749474,,
189,221,34.31819938254321,32.98789791675529,1.0,24.7660229,2.0,460.82872539231835,18.935527179944966,2717,0.0412722788288564,2717,0,0,1.0,0.0,0.0,True,3856.0,35.03431062722223,1.041044185682933,3858,116,0.0291897332662305,,0.3203772410170408,,
190,211,34.336230566649874,34.11462800974301,1.0,24.7660229,2.0,452.047546179767,46.58390641563219,2502,0.03800634583356596,2502,0,0,1.0,0.0,0.0,True,4101.0,36.13016528110169,1.0556526545471894,4101,64,0.015366146458583434,,0.3090169943749474,,
190,214,34.336230566649874,34.6483265204269,1.0,24.7660229,2.0,454.33885187566744,39.874703757148936,2600,0.03949500366397742,2600,0,0,1.0,0.0,0.0,True,3868.0,35.088782249586586,1.017293833032667,3868,295,0.07086235887581072,,0.31339216579491175,,
191,192,35.14901061550133,33.61679485810901,8.851841083363698,219.22489897774616,9.851841083363698,430.2804255735926,89.40614162754044,6888,0.10463137893749094,6888,0,0,1.0,0.0,0.0,True,2162.0,26.233298952464125,0.7629751086833834,2162,0,0.0,,0.26824613984403306,,
187,210,35.91388020919713,34.244934492409946,1.0,24.7660229,2.0,451.5877845176303,43.74394770631052,2849,0.043277409784104486,2849,0,0,1.0,0.0,0.0,True,2634.0,28.955625363789064,0.8254308595987669,3020,227,0.06991068678780413,,0.3090169943749474,,
188,193,35.06332775432134,34.394852872196076,7.0990195135927845,175.81447984118574,8.099019513592784,429.7115616224497,81.04877129208835,7067,0.10735045803589555,3781,537,2749,0.5350219329276921,0.07598698174614404,0.3889910853261639,True,44.0,3.742410318509555,0.10776010211476214,1525,1607,0.5130906768837803,0.3753612022949537,0.1639607805437114,0.33971422738143603,0.21140042175124227
188,218,35.06332775432134,35.36615049534568,5.708203932499369,141.36950931014943,6.708203932499369,453.5647390294041,39.60216254452786,5872,0.08919794673649054,5472,374,26,0.9318801089918256,0.06369209809264305,0.0044277929155313355,True,2850.0,30.119481662601757,0.85530895332862,2999,1423,0.32180009045680685,0.2727421322752842,0.2597106754733818,0.4142135623730951,0.01303145680190243
189,209,34.31819938254321,34.08273460728951,3.414213562373095,84.55649127122264,4.414213562373095,450.1225889865816,53.335883570317044,4042,0.06139954031146028,4042,0,0,1.0,0.0,0.0,True,4033.0,35.82937022861591,1.0476280991701568,4034,106,0.025603864734299518,,0.2791745113185196,,
191,194,35.14901061550133,35.17308405338773,2.23606797749979,55.37851073671648,3.23606797749979,433.8400751368286,83.95096916757727,3204,0.048669996822839866,3204,0,0,1.0,0.0,0.0,True,3024.0,31.025297674958463,0.882376949123623,3024,0,0.0,,0.28989794855663564,,
191,219,35.14901061550133,34.77973777790291,1.0,24.7660229,2.0,456.2322937572369,40.0947037652186,2768,0.04204698851611134,2768,0,0,1.0,0.0,0.0,True,2738.0,29.521728749706018,0.8443373985080659,2738,0,0.0,,0.3090169943749474,,
191,223,35.14901061550133,34.65839915200262,1.0,24.7660229,2.0,460.53216414878756,27.76481893499182,2819,0.04282169820336629,2819,0,0,1.0,0.0,0.0,True,3517.0,33.458868326773874,0.958605066087105,3573,640,0.15191075243294563,,0.3090169943749474,,
192,197,33.61679485810901,33.81107705539979,8.061187436893428,199.64355266329494,9.061187436893428,439.0546218800953,77.5112262616456,6086,0.09244868934575637,4649,1437,0,0.7638843246795926,0.2361156753204075,0.0,True,2.0,0.7978845608028654,0.023666312999654784,1120,0,0.0,,0.2185982630593474,0.3757527116952358,
192,198,33.61679485810901,35.42560168511905,1.0,24.7660229,2.0,436.76576859577017,79.8888305184319,2603,0.03954057482205124,2603,0,0,1.0,0.0,0.0,True,2490.0,28.15300368695388,0.8155279971872655,2490,0,0.0,,0.30901699437494745,,
192,213,33.61679485810901,33.42643808791979,1.0,24.7660229,2.0,455.3910401849513,43.12565569562213,2320,0.03524169557708754,2320,0,0,1.0,0.0,0.0,True,2114.0,25.94045295272489,0.7738425434706435,2114,0,0.0,,0.31339216579491175,,
192,219,33.61679485810901,34.77973777790291,1.0,24.7660229,2.0,456.64279772641385,40.555641480793845,2526,0.03837091509815652,2526,0,0,1.0,0.0,0.0,True,2196.0,26.438769072322643,0.7731026136375277,2196,0,0.0,,0.3090169943749474,,
192,222,33.61679485810901,33.955664494195396,6.8173377998059435,168.8383440670296,7.8173377998059435,459.78550184613795,40.07483985130635,5639,0.08565858679275717,5639,0,0,1.0,0.0,0.0,True,1850.0,24.266711549775604,0.7182426622436687,1850,0,0.0,,0.27149702790318514,,
193,196,34.394852872196076,35.360423492574384,7.547442467302883,186.92013298165568,8.547442467302883,439.1211688307802,84.84737599691631,6778,0.10296043647478421,5847,479,452,0.862643847742697,0.0706698141044556,0.06668633815284744,True,2728.0,29.467768315727287,0.8448900169682314,2734,226,0.07635135135135135,0.3497016338081773,0.24772028023557968,0.34709207640227174,0.10198135357259763
193,201,34.394852872196076,34.3615233311133,10.403124237432849,257.64401309580694,11.403124237432849,440.8735121603171,82.3201719705255,7879,0.11968505148787618,7879,0,0,1.0,0.0,0.0,True,1951.0,24.920324796129275,0.7248876736156381,1952,12,0.006109979633401222,,0.26655131052735265,,
193,208,34.394852872196076,34.32684590956078,7.0670198723450905,175.0219759932536,8.06701987234509,453.64596628419696,62.15056637790771,5859,0.08900047171817066,4185,422,1252,0.7142857142857143,0.07202594299368494,0.21368834272060078,True,4.0,1.1283791670955126,0.03283909411724428,1683,366,0.17862371888726208,0.3827822185373187,0.21209649407822986,0.33836542244144424,0.17068572445908883
193,217,34.394852872196076,33.87659232958073,1.0,24.7660229,2.0,458.5509860868182,45.810079656192734,2833,0.04303436360771078,2833,0,0,1.0,0.0,0.0,True,2700.0,29.316150714175198,0.8588114878052188,2700,0,0.0,,0.30901699437494745,,
193,218,34.394852872196076,35.36615049534568,1.0,24.7660229,2.0,459.4040841829857,47.20710956948017,2390,0.036305022598810015,2390,0,0,1.0,0.0,0.0,True,2625.0,28.90611442640554,0.8287184252242255,2625,69,0.025612472160356347,,0.3090169943749474,,
194,198,35.17308405338773,35.42560168511905,1.0,24.7660229,2.0,440.3254181590062,85.87692647320925,3030,0.0460268696545583,3030,0,0,1.0,0.0,0.0,True,2374.0,27.489410139184855,0.7787513280630732,2374,0,0.0,,0.3090169943749474,,
194,219,35.17308405338773,34.77973777790291,1.0,24.7660229,2.0,460.20244728964985,49.66868142530144,2931,0.044523021438122236,2931,0,0,1.0,0.0,0.0,True,3150.0,31.665061842335643,0.9053262188251433,3150,0,0.0,,0.3090169943749474,,
194,224,35.17308405338773,34.50943037450914,1.0,24.7660229,2.0,464.15901795243803,42.713102565149406,2591,0.03935829018975596,2591,0,0,1.0,0.0,0.0,True,3161.0,31.720301862166483,0.9104235724727952,3161,0,0.0,,0.3090169943749474,,
196,207,35.360423492574384,34.5941520109889,1.0,24.7660229,2.0,456.12385105650935,67.8600458319499,2810,0.04268498472914482,2810,0,0,1.0,0.0,0.0,True,2063.0,25.625637459332797,0.7326364937495046,2064,698,0.25271542360608257,,0.3090169943749474,,
196,208,35.360423492574384,34.32684590956078,1.0,24.7660229,2.0,457.2162283389459,65.36131286025453,3026,0.045966108110459876,3026,0,0,1.0,0.0,0.0,True,2248.0,26.749964937194992,0.7677145385861651,2248,18,0.00794351279788173,,0.30901699437494745,,
196,227,35.360423492574384,32.96316227146749,1.0,24.7660229,2.0,477.32725901100804,11.355985004686271,2381,0.03616830912458855,2381,0,0,1.0,0.0,0.0,True,1702.0,23.275812043510143,0.6813404707385838,1769,1526,0.46312594840667676,,0.3090169943749474,,
197,207,33.81107705539979,34.5941520109889,1.0,24.7660229,2.0,458.4872927224553,71.47428482591177,2312,0.03512017248889069,2312,0,0,1.0,0.0,0.0,True,2244.0,26.726155439876237,0.7814067960780585,2244,0,0.0,,0.3090169943749474,,
195,206,33.73174439919677,36.16842372100485,1.0,24.7660229,2.0,456.79150121883833,65.30215709765672,2826,0.04292803090553853,2826,0,0,1.0,0.0,0.0,True,3041.0,31.11238280628643,0.8901947918861942,3041,0,0.0,,0.3090169943749474,,
195,217,33.73174439919677,33.87659232958073,1.0,24.7660229,2.0,461.9889338308546,55.0638594552255,2524,0.03834053432610731,2524,0,0,1.0,0.0,0.0,True,2831.0,30.01891549983629,0.8880240796416082,2831,0,0.0,,0.31339216579491175,,
195,220,33.73174439919677,34.56973134891167,1.414213562373095,35.02444547122265,2.414213562373095,466.48613707269413,45.879174256474954,2938,0.04462935414029448,2938,0,0,1.0,0.0,0.0,True,2947.0,30.627752685817992,0.8968401443849099,2947,0,0.0,,0.29989822490837303,,
195,226,33.73174439919677,35.07309877207666,11.24744871391589,278.5545724154165,12.24744871391589,475.30831763364006,35.10534951039893,7882,0.11973062264595001,7882,0,0,1.0,0.0,0.0,True,2008.0,25.281737508665255,0.7348824979001066,2008,0,0.0,,0.2663346240702891,,
197,208,33.81107705539979,34.32684590956078,1.0,24.7660229,2.0,459.57967000489185,69.03563125171245,2665,0.04048237875557686,2665,0,0,1.0,0.0,0.0,True,2187.0,26.384535642757676,0.7744449638221502,2187,0,0.0,,0.30901699437494745,,
197,213,33.81107705539979,33.42643808791979,6.5630027024141775,162.5394752207514,7.5630027024141775,463.7547325222771,64.35926688550673,5107,0.07757730142766642,4656,451,0,0.9116898374779714,0.08831016252202858,0.0,True,1425.0,21.29768972944957,0.6335061515599633,1429,0,0.0,,0.2592192604530755,0.36602540378443865,
197,222,33.81107705539979,33.955664494195396,3.7320508075688767,92.42805576421429,4.732050807568877,468.1491941834637,54.9353558056439,4424,0.06720226777286004,4207,217,0,0.9509493670886076,0.0490506329113924,0.0,True,2054.0,25.569679431340276,0.754638008162959,2054,0,0.0,,0.26968623182294527,0.4068781988545112,
197,228,33.81107705539979,34.69691270712925,1.0,24.7660229,2.0,481.22273094178956,9.818455068310042,2532,0.03846205741430416,2532,0,0,1.0,0.0,0.0,True,2149.0,26.15431026444716,0.763540438278995,2149,0,0.0,,0.3090169943749474,,
198,219,35.42560168511905,34.77973777790291,8.486832980505138,210.1850999436655,9.486832980505138,462.71763677941453,61.02679334232975,6670,0.10131987478412668,6670,0,0,1.0,0.0,0.0,True,1477.0,21.68279737242081,0.6176965324365796,1477,0,0.0,,0.2708131845707603,,
198,224,35.42560168511905,34.50943037450914,1.0,24.7660229,2.0,466.67420744220266,46.681866810150055,2766,0.04201660774406213,2766,0,0,1.0,0.0,0.0,True,2859.0,30.167001253015812,0.8627150189134037,2859,0,0.0,,0.3090169943749474,,
198,225,35.42560168511905,36.10071286145922,1.0,24.7660229,2.0,468.3862460703096,39.42742888597921,3717,0.0564626648534631,3717,0,0,1.0,0.0,0.0,True,3029.0,31.050936302319485,0.8682381162557723,3029,0,0.0,,0.3090169943749474,,
199,211,34.909379855447135,34.11462800974301,1.7320508075688772,42.89600996421431,2.732050807568877,459.98618178146955,63.21524158041601,3249,0.049353564193947166,3249,0,0,1.0,0.0,0.0,True,4923.0,39.58585062472198,1.1470168670018863,4936,219,0.04248302618816683,,0.29581631632448924,,
200,233,33.99613012503144,34.91936772932247,9.055385138137417,224.26587569943092,10.055385138137417,485.20891350136327,10.49100683732472,7132,0.10833783312749498,7132,0,0,1.0,0.0,0.0,True,2067.0,25.65046850920847,0.7444034885569049,2173,243,0.1005794701986755,,0.2711923793731366,,
201,202,34.3615233311133,35.1584121906783,8.486832980505138,210.1850999436655,9.486832980505138,447.757091753339,87.74526303946139,7200,0.10937077937716824,2532,247,4421,0.3516666666666667,0.034305555555555554,0.6140277777777777,False,284.0,9.507891862878783,0.27352993904600087,842,2347,0.7359673878958921,0.3567891723253309,0.11391890072356341,0.22400923773979586,0.2428702716017675
201,206,34.3615233311133,36.16842372100485,1.0,24.7660229,2.0,458.67615885908776,69.20124224224476,2717,0.0412722788288564,2717,0,0,1.0,0.0,0.0,True,3406.0,32.926637732115786,0.9336923989971133,3408,0,0.0,,0.3090169943749474,,
201,217,34.3615233311133,33.87659232958073,1.0,24.7660229,2.0,463.8735914711041,57.7854221142022,2691,0.04087732879221663,2691,0,0,1.0,0.0,0.0,True,2102.0,25.866723425249052,0.7581312342758196,2102,0,0.0,,0.30901699437494745,,
200,205,33.99613012503144,34.864265336321665,1.0,24.7660229,2.0,453.99759187960376,77.16819514209662,2607,0.03960133636614967,2607,0,0,1.0,0.0,0.0,True,2193.0,26.4207036318311,0.7673700813019388,2329,960,0.2918820310124658,,0.3090169943749474,,
200,209,33.99613012503144,34.08273460728951,9.198039027185569,227.7988451823715,10.198039027185569,459.019208277713,71.1527584634905,7303,0.11093538913770273,6783,406,114,0.9287963850472408,0.055593591674654254,0.015610023278104889,True,2584.0,28.679483013103898,0.8425370524572834,2687,1436,0.3482900800388067,0.2889554466836112,0.25757882095147777,0.4017987758573644,0.0313766257321334
200,210,33.99613012503144,34.244934492409946,8.449489742783179,209.26025646308332,9.449489742783179,461.19628671680414,67.66410337961698,6222,0.09451458184510289,5431,791,0,0.8728704596592736,0.12712954034072646,0.0,True,1844.0,24.22732816723524,0.7100512954495466,1844,1,0.0005420054200542005,,0.2474401533514073,0.33171322267475806,
200,225,33.99613012503144,36.10071286145922,1.0,24.7660229,2.0,470.15271463625106,45.37024455327259,3036,0.04611801197070594,3036,0,0,1.0,0.0,0.0,True,2821.0,29.96585037879742,0.8549843074836496,2821,0,0.0,,0.3090169943749474,,
201,218,34.3615233311133,35.36615049534568,1.0,24.7660229,2.0,464.7266895672715,58.87829885383536,2675,0.04063428261582292,2675,0,0,1.0,0.0,0.0,True,1758.0,23.655628926560038,0.6785147884162925,1765,368,0.17252695733708392,,0.3090169943749474,,
201,230,34.3615233311133,32.992650520883835,6.0,148.5961374,7.0,482.40041797778963,1.892372341995815,5696,0.08652443879615976,5696,0,0,1.0,0.0,0.0,True,1846.0,24.24046307097448,0.7197909701703132,1862,1,0.0005367686527106817,,0.2727272727272727,,
202,212,35.1584121906783,34.62431414117056,1.0,24.7660229,2.0,464.82831745878855,63.725964144786836,2781,0.04224446353443123,2781,0,0,1.0,0.0,0.0,True,3133.0,31.57950084174568,0.9050807413734646,3135,1,0.00031887755102040814,,0.3090169943749474,,
203,220,33.026026395685925,34.56973134891167,1.0,24.7660229,2.0,473.4063772266205,60.10450131850425,2341,0.03556069368360428,2341,0,0,1.0,0.0,0.0,True,2306.0,27.092851410285725,0.8016139566820981,2306,5,0.0021635655560363477,,0.30901699437494745,,
203,221,33.026026395685925,32.98789791675529,9.198039027185569,227.7988451823715,10.198039027185569,474.67221357910125,60.71940874464313,7316,0.11113286415602261,7127,188,1,0.9741662110442865,0.02569710224166211,0.0001366867140513942,True,2391.0,27.58765915886021,0.835813336237638,2497,186,0.06932538203503541,0.2538152453692837,0.26011507300415426,0.4253150682319052,-0.006299827634870581
203,229,33.026026395685925,34.36280384040698,1.0,24.7660229,2.0,485.853806851425,28.040984991422487,2742,0.04165203847947157,2742,0,0,1.0,0.0,0.0,True,3562.0,33.67224100927443,0.9993419055147764,3564,0,0.0,,0.32037724101704074,,
204,215,35.285675211602886,34.52799668965514,1.0,24.7660229,2.0,471.14267748078055,72.98298425216491,3091,0.04695348320205931,3091,0,0,1.0,0.0,0.0,True,5803.0,42.978509391608,1.2312347487579587,5803,1,0.00017229496898690558,,0.30901699437494745,,
205,216,34.864265336321665,34.88245594871212,1.0,24.7660229,2.0,471.1133348022004,74.55020039960841,2648,0.04022414219315854,2466,121,61,0.9312688821752266,0.04569486404833837,0.023036253776435044,True,1501.0,21.858251054507306,0.6267893501453419,1863,1043,0.3589125946317963,0.4211646096066227,0.30484544052339907,0.4211646096066227,0.11631916908322365
205,225,34.864265336321665,36.10071286145922,1.0,24.7660229,2.0,477.77676173520103,62.127912917599495,2946,0.04475087722849134,2946,0,0,1.0,0.0,0.0,True,2925.0,30.513217088461644,0.8599514257136998,2925,0,0.0,,0.3090169943749474,,
205,232,34.864265336321665,34.02124339449471,1.0,24.7660229,2.0,494.9448096071949,14.231079589665363,2677,0.040664663387872134,2677,0,0,1.0,0.0,0.0,True,2912.0,30.445334430207833,0.8839401781637104,2982,338,0.10180722891566266,,0.3090169943749474,,
206,217,36.16842372100485,33.87659232958073,3.4721359549995796,85.99099857343296,4.47213595499958,476.35363278558884,82.10088526176119,4148,0.0630097212300686,4148,0,0,1.0,0.0,0.0,True,2261.0,26.827199866209494,0.7659988212961574,2261,0,0.0,,0.28172904669025317,,
206,229,36.16842372100485,34.36280384040698,2.1462643699419726,53.15443253543696,3.1462643699419726,493.2982656522329,52.81569363678007,3338,0.05070550855013716,3338,0,0,1.0,0.0,0.0,True,3866.0,35.07970951970006,0.9947284552549722,3891,0,0.0,,0.28989794855663564,,
206,240,36.16842372100485,34.2696845650615,1.0,24.7660229,2.0,506.76089808186293,3.8134867911972767,2806,0.0426242231850464,2806,0,0,1.0,0.0,0.0,True,3455.0,33.162639472228335,0.9416107354146072,3455,0,0.0,,0.3090169943749474,,
207,213,34.5941520109889,33.42643808791979,5.0990195135927845,126.28243404118575,6.0990195135927845,474.8237110273113,81.81711803526996,5183,0.07873177076553653,5032,151,0,0.9708662936523249,0.029133706347675092,0.0,True,2198.0,26.450805844661367,0.7777293847700901,2212,367,0.1423032183016673,,0.2711923793731366,0.4107012130722742,
207,227,34.5941520109889,32.96316227146749,1.0,24.7660229,2.0,490.7596791819882,51.0254786778268,2515,0.03820382085188585,2515,0,0,1.0,0.0,0.0,True,1681.0,23.13177292545801,0.6848043967154858,1686,362,0.1767578125,,0.3090169943749474,,
207,228,34.5941520109889,34.69691270712925,6.894954260780955,170.7605951169537,7.894954260780955,492.2917094468238,54.30560666712761,5710,0.08673710420050426,5710,0,0,1.0,0.0,0.0,True,1637.0,22.827029672799423,0.6588736878459492,1637,0,0.0,,0.269128646713734,,
207,236,34.5941520109889,33.251242920197676,1.0,24.7660229,2.0,502.73357955096435,8.648263448982464,2497,0.03793039390344293,2497,0,0,1.0,0.0,0.0,True,1962.0,24.990478120528174,0.7366890013942794,1981,2,0.0010085728693898135,,0.3090169943749474,,
208,226,34.32684590956078,35.07309877207666,3.16227766016838,78.31704094788851,4.16227766016838,489.9654293977694,60.21339207763418,4217,0.06405785786576645,4049,132,36,0.9601612520749347,0.031301873369694096,0.008536874555371117,True,3008.0,30.943111311580196,0.8917330252503054,3008,69,0.022424439389015276,0.42110585023578584,0.2742918851774318,0.4211646096066227,0.14681396505835403
208,227,34.32684590956078,32.96316227146749,10.015099296692402,248.0341785276579,11.015099296692402,491.8520564644248,59.31025803473111,6788,0.10311234033503028,6788,0,0,1.0,0.0,0.0,True,1339.0,20.64502210219441,0.613613303379418,1339,0,0.0,,0.26709563206092257,,
208,228,34.32684590956078,34.69691270712925,1.0,24.7660229,2.0,493.38408672926033,50.597403320645135,2633,0.03999628640278944,2633,0,0,1.0,0.0,0.0,True,3166.0,31.745379185920605,0.9198391922471905,3166,0,0.0,,0.3090169943749474,,
208,231,34.32684590956078,35.04376936489279,1.8284271247461903,45.2828680424453,2.8284271247461903,496.0573059665373,46.044548995638934,3545,0.05384991845723075,3426,68,51,0.9664315937940762,0.01918194640338505,0.014386459802538786,True,2927.0,30.523647174935622,0.8800166195491785,2927,162,0.05244415668501133,0.4305008740430604,0.2857142857142857,0.436403720705399,0.14478658832877472
209,221,34.08273460728951,32.98789791675529,1.0,24.7660229,2.0,482.37100818050897,71.59415236691811,2403,0.0365024976171299,2403,0,0,1.0,0.0,0.0,True,2275.0,26.910128038865288,0.8024414568989794,2309,84,0.035102381947346425,,0.3090169943749474,,
209,233,34.08273460728951,34.91936772932247,11.0,272.4262519,12.0,497.8545769984225,49.22742352952844,8725,0.13253611806469345,4196,1000,3529,0.4809169054441261,0.11461318051575932,0.4044699140401146,True,1164.0,19.248706645328987,0.5579165269900993,1216,1482,0.5492957746478874,0.358322635787424,0.14942992956379245,0.31277123391682005,0.20889270622363157
209,237,34.08273460728951,33.734681534881766,6.713293552551451,166.2615818569116,7.713293552551451,502.0109300296143,35.44423037071578,6254,0.0950006741978903,6254,0,0,1.0,0.0,0.0,True,3335.0,32.58164315105888,0.9608635953559561,3357,629,0.15780230807827395,,0.27149702790318514,,
209,243,34.08273460728951,33.59826497474524,4.841619252963779,119.90765329198184,5.841619252963779,506.3123470091279,22.768949914579665,4076,0.06191601343629691,4076,0,0,1.0,0.0,0.0,True,1775.0,23.769729657196955,0.7024048050113725,1853,282,0.13208430913348945,,0.2801868778094689,,
210,222,34.244934492409946,33.955664494195396,2.863703305156273,70.92254163430594,3.863703305156273,482.44955140123045,79.50161327369428,3766,0.05720699376866883,3612,154,0,0.9591078066914498,0.040892193308550186,0.0,True,3008.0,30.943111311580196,0.907414649471259,3008,0,0.0,,0.2791745113185196,0.4005152449671125,
210,226,34.244934492409946,35.07309877207666,5.6332495807108,139.51318811729905,6.6332495807108,492.10443082806535,65.52002566043583,5444,0.08269646151795887,4295,471,678,0.7889419544452608,0.08651726671565026,0.1245407788390889,True,2320.0,27.17496892263898,0.784066357421061,2323,475,0.16976411722659043,0.42243524699060153,0.22772999919644132,0.39696574459597056,0.1947052477941602
210,233,34.244934492409946,34.91936772932247,9.681145747868609,239.7634772899516,10.681145747868609,500.0316554375136,53.270564690814865,7379,0.11208985847557283,6977,402,0,0.9455210733161675,0.054478926683832495,0.0,True,2279.0,26.933774904622243,0.7788345733114117,2279,17,0.007404181184668989,,0.25866143856908674,0.35428516029861723,
210,248,34.244934492409946,34.39054723368282,5.0,123.8301145,6.0,513.5386089706445,5.198532805814154,4614,0.07008844111753532,4614,0,0,1.0,0.0,0.0,True,3120.0,31.513915099419602,0.9182980670313889,3144,123,0.03764921946740129,,0.2857142857142857,,
211,235,34.11462800974301,34.29960810920266,1.0,24.7660229,2.0,501.778859270523,41.1443081384126,2657,0.04036085566738,2657,0,0,1.0,0.0,0.0,True,3509.0,33.420792788605745,0.9770128173469634,3509,0,0.0,,0.3164309725825327,,
211,247,34.11462800974301,35.49742596927803,6.164414002968976,152.66801836261033,7.164414002968976,512.0498349473903,16.66017658927437,5722,0.08691938883279954,5720,2,0,0.999650471862985,0.0003495281370150297,0.0,True,3600.0,33.851375012865375,0.9725722221346078,3601,0,0.0,,0.2711923793731366,0.3984575181081441,
212,218,34.62431414117056,35.36615049534568,4.0,99.0640916,5.0,481.79791527272107,87.74510585734252,5275,0.08012928627980034,2938,1148,1189,0.5569668246445497,0.2176303317535545,0.22540284360189575,True,1112.0,18.81384047546846,0.5376115324616001,1776,533,0.23083585967951495,0.41048532859718323,0.17855133057513387,0.36602540378443865,0.23193399802204936
213,219,33.42643808791979,34.77973777790291,1.0,24.7660229,2.0,481.3429083685956,87.90568766534787,2431,0.03692782842581889,2431,0,0,1.0,0.0,0.0,True,1852.0,24.279825147895533,0.7119538616461816,1852,0,0.0,,0.3090169943749474,,
213,223,33.42643808791979,34.65839915200262,1.0,24.7660229,2.0,485.64277876014626,80.84487464865825,2378,0.03612273796651473,2378,0,0,1.0,0.0,0.0,True,2968.0,30.736683981742253,0.9028936611372085,3111,507,0.14013266998341625,,0.3090169943749474,,
213,242,33.42643808791979,33.98159565120991,1.0,24.7660229,2.0,510.895927365577,21.453536219213365,2651,0.04026971335123236,2651,0,0,1.0,0.0,0.0,True,2917.0,30.471461041409178,0.9040898940721005,2917,0,0.0,,0.3090169943749474,,
214,215,34.6483265204269,34.52799668965514,1.414213562373095,35.02444547122265,2.414213562373095,481.2187382457729,89.18790907823345,2937,0.044614163754269874,2937,0,0,1.0,0.0,0.0,True,4314.0,37.056562833010744,1.0713654936667685,4344,158,0.03509551310528654,,0.3090169943749474,,
214,235,34.6483265204269,34.29960810920266,1.0,24.7660229,2.0,504.0701649664235,47.00828779941631,2846,0.043231838626030666,2846,0,0,1.0,0.0,0.0,True,3634.0,34.01085306768849,0.9865662619304255,3635,0,0.0,,0.3090169943749474,,
214,239,34.6483265204269,36.315101965784635,1.0,24.7660229,2.0,509.0224456385673,35.54449824984154,3183,0.048350998716323125,3183,0,0,1.0,0.0,0.0,True,3324.0,32.52786592561707,0.9167501238172944,3327,0,0.0,,0.3090169943749474,,
215,239,34.52799668965514,36.315101965784635,1.0,24.7660229,2.0,509.52162696408885,33.60998156915507,3164,0.0480623813818556,3164,0,0,1.0,0.0,0.0,True,2948.0,30.632948674096244,0.8648110897318593,2948,0,0.0,,0.3090169943749474,,
215,251,34.52799668965514,33.86806122660582,6.6212327846342935,163.98160277048368,7.6212327846342935,517.5100686981202,23.69925725225241,5680,0.08628139261976606,5678,2,0,0.9996478873239436,0.00035211267605633805,0.0,True,2910.0,30.434877505829245,0.8899599898898104,2910,0,0.0,,0.26968623182294527,0.34961967598693494,
216,232,34.88245594871212,34.02124339449471,6.483314773547883,160.56592214959517,7.483314773547883,504.43650543084163,49.62587548566744,6163,0.0936183490696511,2920,633,2610,0.473795229595976,0.10270971929255233,0.4234950511114717,True,1.0,0.5641895835477563,0.016376176864976392,806,1296,0.6165556612749762,0.3699677034698106,0.14923419446018063,0.32037724101704074,0.22073350900962999
216,241,34.88245594871212,35.867114556499125,1.0,24.7660229,2.0,513.5025893003819,24.650899076438858,3012,0.04575344270611538,3012,0,0,1.0,0.0,0.0,True,3065.0,31.23491317665728,0.8829711036721161,3379,880,0.20662127259920168,,0.3090169943749474,,
217,218,33.87659232958073,35.36615049534568,2.6502815398728847,65.63693330793913,3.6502815398728847,482.4041634937726,88.66599570989365,3554,0.05398663193145221,3554,0,0,1.0,0.0,0.0,True,1628.0,22.764193258431348,0.6575185305986048,1628,0,0.0,,0.28172904669025317,,
217,226,33.87659232958073,35.07309877207666,1.0,24.7660229,2.0,494.8704492003907,67.56541702969432,2653,0.040300094123281574,2653,0,0,1.0,0.0,0.0,True,2558.0,28.534832903981346,0.8277000940268298,2558,0,0.0,,0.3164309725825327,,
217,230,33.87659232958073,32.992650520883835,1.0,24.7660229,2.0,500.07789190429077,55.84222919971069,2595,0.039419051733854384,2595,0,0,1.0,0.0,0.0,True,1901.0,24.598924643882018,0.7357321122624652,1901,0,0.0,,0.3090169943749474,,
217,231,33.87659232958073,35.04376936489279,1.0,24.7660229,2.0,500.96232576915855,56.48902424501778,2428,0.036882257267745064,2428,0,0,1.0,0.0,0.0,True,2082.0,25.74337163299812,0.7470469103780804,2082,0,0.0,,0.3090169943749474,,
217,246,33.87659232958073,34.55694165824956,1.0,24.7660229,2.0,515.7493525530199,6.003310381522236,2669,0.04054314029967528,2669,0,0,1.0,0.0,0.0,True,1979.0,25.098511206000282,0.7335149814260247,1979,0,0.0,,0.3090169943749474,,
218,230,35.36615049534568,32.992650520883835,1.0,24.7660229,2.0,500.9309900004582,59.18462865040417,2774,0.04213813083225899,2774,0,0,1.0,0.0,0.0,True,2231.0,26.648627658399917,0.7796692528902927,2237,16,0.007101642254771416,,0.3164309725825327,,
218,231,35.36615049534568,35.04376936489279,10.190632664367211,252.38144193120635,11.190632664367211,501.815423865326,62.05276678909941,8909,0.13533114909322108,8909,0,0,1.0,0.0,0.0,True,2345.0,27.320993450110652,0.7760552349538812,2345,89,0.03656532456861134,,0.2656344619433038,,
218,245,35.36615049534568,34.858306729645726,1.0,24.7660229,2.0,514.8979745065728,26.397335244800885,3093,0.046983863974108524,3093,0,0,1.0,0.0,0.0,True,2377.0,27.50677370137891,0.7833958363893152,2629,136,0.04918625678119349,,0.31451985913875646,,
219,223,34.77973777790291,34.65839915200262,1.0,24.7660229,2.0,486.8945363016088,82.76550788133235,2675,0.04063428261582292,2675,0,0,1.0,0.0,0.0,True,3165.0,31.7403653062106,0.9142055564725469,3166,0,0.0,,0.3090169943749474,,
219,234,34.77973777790291,34.722804998621854,1.0,24.7660229,2.0,503.9305495767409,52.000795947791765,2888,0.04386983483906415,2888,0,0,1.0,0.0,0.0,True,2255.0,26.791580642889436,0.7709525313061951,2255,0,0.0,,0.3090169943749474,,
220,229,34.56973134891167,34.36280384040698,1.0,24.7660229,2.0,502.99290150608874,68.28248795435354,2766,0.04201660774406213,2766,0,0,1.0,0.0,0.0,True,2740.0,29.53250900522315,0.8568525421011737,2740,0,0.0,,0.30901699437494745,,
220,243,34.56973134891167,33.59826497474524,4.155870949147037,102.92439509602025,5.155870949147037,515.7526470623839,46.055626635043865,4762,0.0723366182491771,3130,379,1253,0.6572868542629148,0.07958840823183537,0.2631247375052499,True,2034.0,25.444887669192614,0.7465347095837189,2034,566,0.21769230769230768,0.40996277864065894,0.20386840968093525,0.36904443083571475,0.2060943689597237
220,252,34.56973134891167,33.399280712164014,1.0,24.7660229,2.0,522.6342566085775,24.29832428453227,2375,0.03607716680844091,2375,0,0,1.0,0.0,0.0,True,2290.0,26.998696993760284,0.7944413542306532,2290,0,0.0,,0.3090169943749474,,
221,237,32.98789791675529,33.734681534881766,1.0,24.7660229,2.0,512.7170664353511,54.53317944685325,2512,0.03815824969381203,2512,0,0,1.0,0.0,0.0,True,3866.0,35.07970951970006,1.051509393311963,3866,0,0.0,,0.3090169943749474,,
219,238,34.77973777790291,36.364875735706406,1.0,24.7660229,2.0,508.9320017067356,42.892622707127956,3014,0.04578382347816459,3014,0,0,1.0,0.0,0.0,True,3963.0,35.51706743167801,0.9984471255827095,3963,0,0.0,,0.3090169943749474,,
219,242,34.77973777790291,33.98159565120991,5.19114712955712,128.56406868788088,6.19114712955712,512.1476849070395,37.505112783263804,5431,0.08249898649963898,5431,0,0,1.0,0.0,0.0,True,2005.0,25.262844689355557,0.7347979868773031,2005,0,0.0,,0.2801868778094689,,
220,221,34.56973134891167,32.98789791675529,11.265805313308377,279.00919237633696,12.265805313308377,491.811308233765,88.17542466311424,8554,0.1299385620544857,4026,868,3660,0.4706570025718962,0.10147299509001637,0.4278700023380874,True,1048.0,18.26441241104166,0.5407061381392703,1147,677,0.3711622807017544,0.3757527116952358,0.1463924816619788,0.2765092460972355,0.22936023003325698
220,226,34.56973134891167,35.07309877207666,1.0,24.7660229,2.0,499.3676524422302,75.49007485216578,2841,0.043155886695907635,2841,0,0,1.0,0.0,0.0,True,3130.0,31.564377766008075,0.90646453371215,3130,0,0.0,,0.3090169943749474,,
222,249,33.955664494195396,34.40803218889515,1.0,24.7660229,2.0,523.0476703270168,9.017280365687935,2444,0.03712530344413877,2444,0,0,1.0,0.0,0.0,True,2743.0,29.548672014189364,0.8644550674655981,2743,0,0.0,,0.3090169943749474,,
223,250,34.65839915200262,35.68594621243446,1.0,24.7660229,2.0,526.2434536486359,10.57892409580686,2680,0.04071023454594595,2680,0,0,1.0,0.0,0.0,True,3856.0,35.03431062722223,0.9960803656844888,3856,0,0.0,,0.3090169943749474,,
224,225,34.50943037450914,36.10071286145922,7.4852813742385695,185.38064992733587,8.48528137423857,492.2198458637414,87.46490618641843,7628,0.11587226459569991,7628,0,0,1.0,0.0,0.0,True,1876.0,24.436639426909572,0.6921566309601168,1876,0,0.0,,0.26697807758999403,,
224,234,34.50943037450914,34.722804998621854,1.0,24.7660229,2.0,507.887120239529,61.28593582773468,2332,0.035423980209382824,2332,0,0,1.0,0.0,0.0,True,1989.0,25.161843406625827,0.7268823047822931,1989,0,0.0,,0.3090169943749474,,
221,253,32.98789791675529,34.672570440744025,6.713293552551451,166.2615818569116,7.713293552551451,525.1566844459742,30.917387349951607,5721,0.08690419844677492,4656,563,502,0.8138437336130048,0.09840936899143507,0.08774689739556021,True,2765.0,29.666931679871805,0.876935451381149,2810,464,0.1417226634086744,0.38561575886039895,0.23582845781094003,0.38926726601953365,0.14978730104945892
222,225,33.955664494195396,36.10071286145922,1.0,24.7660229,2.0,491.4059793206774,86.19985816858495,2453,0.03726201691836024,2453,0,0,1.0,0.0,0.0,True,2843.0,30.08247008509303,0.8588074696575762,2843,0,0.0,,0.3090169943749474,,
222,228,33.955664494195396,34.69691270712925,4.55269276785519,112.752093345366,5.55269276785519,501.95361090783217,69.24099159373021,4968,0.07546583777024608,4072,896,0,0.8196457326892109,0.18035426731078905,0.0,True,2258.0,26.809396170055738,0.7810164530731835,2258,0,0.0,,0.24025307335204213,0.3963048341674653,
222,234,33.955664494195396,34.722804998621854,1.0,24.7660229,2.0,507.0732536964649,58.04078559028352,2410,0.03660883031930215,2410,0,0,1.0,0.0,0.0,True,2427.0,27.79456950139829,0.8094114416543657,2427,0,0.0,,0.3090169943749474,,
225,234,36.10071286145922,34.722804998621854,1.0,24.7660229,2.0,509.59915886763594,61.47094247644664,3403,0.051692883641736596,3403,0,0,1.0,0.0,0.0,True,2316.0,27.151532118863187,0.7667377430334299,2316,0,0.0,,0.3090169943749474,,
225,244,36.10071286145922,34.64554226035852,1.0,24.7660229,2.0,519.2761556299292,47.7476621642266,2677,0.040664663387872134,2677,0,0,1.0,0.0,0.0,True,2188.0,26.390567083147985,0.7460625877003993,2188,0,0.0,,0.3090169943749474,,
225,256,36.10071286145922,34.83851740011424,7.0710678118654755,175.12222735611326,8.071067811865476,533.1996594997634,6.765258371969567,5523,0.08389650201390281,5523,0,0,1.0,0.0,0.0,True,1902.0,24.60539378919935,0.6937034331630648,1902,0,0.0,,0.27253380620535966,,
226,246,35.07309877207666,34.55694165824956,1.0,24.7660229,2.0,529.0687363558054,54.4451925727338,2596,0.03943424211987899,2596,0,0,1.0,0.0,0.0,True,1932.0,24.798683434954437,0.7122984068857089,1932,0,0.0,,0.3090169943749474,,
224,238,34.50943037450914,36.364875735706406,1.0,24.7660229,2.0,512.8885723695237,49.62720038287418,2956,0.0449027810887374,2956,0,0,1.0,0.0,0.0,True,3575.0,33.7336307430293,0.9519283530076655,3575,0,0.0,,0.3090169943749474,,
224,244,34.50943037450914,34.64554226035852,1.0,24.7660229,2.0,517.5641170018223,39.72268769639113,2495,0.03790001313139372,2495,0,0,1.0,0.0,0.0,True,3709.0,34.36002572548047,0.9937109195863173,3709,0,0.0,,0.3090169943749474,,
225,232,36.10071286145922,34.02124339449471,2.449489742783178,60.66411906308329,3.449489742783178,511.09993236384224,62.88959252167851,3559,0.054062583861575246,3559,0,0,1.0,0.0,0.0,True,1945.0,24.88197597915955,0.7096771769554522,1945,0,0.0,,0.28989794855663564,,
225,233,36.10071286145922,34.91936772932247,1.0,24.7660229,2.0,508.98808335696054,63.88790428772284,3021,0.04589015618033684,3021,0,0,1.0,0.0,0.0,True,3010.0,30.95339654081939,0.8716801299951524,3010,0,0.0,,0.3090169943749474,,
226,248,35.07309877207666,34.39054723368282,6.6212327846342935,163.98160277048368,7.6212327846342935,529.6240111457554,56.6547683522039,5816,0.08834728511911256,3811,689,1316,0.6552613480055021,0.11846629986244842,0.22627235213204952,True,1911.0,24.663539739810748,0.7101135963339963,2073,457,0.1806324110671937,0.4049672318665477,0.1951941016011038,0.356789172325331,0.20977313026544392
226,252,35.07309877207666,33.399280712164014,1.0,24.7660229,2.0,531.4564371695235,47.21063698561089,2607,0.03960133636614967,2607,0,0,1.0,0.0,0.0,True,2649.0,29.03795599729536,0.8481655294009058,2649,0,0.0,,0.3090169943749474,,
226,257,35.07309877207666,35.376136495886755,3.4721359549995796,85.99099857343296,4.47213595499958,541.0381105138935,28.41952112650952,4183,0.06354138474092982,3544,263,376,0.8472388238106622,0.0628735357398996,0.0898876404494382,True,2287.0,26.9810064619971,0.7659701729726691,2303,228,0.0900829711576452,0.4068781988545112,0.25000000000000006,0.40996277864065894,0.15687819885451115
227,228,32.96316227146749,34.69691270712925,6.211102550927978,153.82430801053073,7.211102550927978,513.4951174013224,87.61751314699359,5705,0.08666115227038122,5705,0,0,1.0,0.0,0.0,True,1478.0,21.690136278494027,0.6411502288566893,1478,0,0.0,,0.27149702790318514,,
227,231,32.96316227146749,35.04376936489279,5.477225575051661,135.6490940201951,6.477225575051661,516.1683366385994,83.52645686762038,4735,0.07192647782651272,3797,257,681,0.8019007391763464,0.0542766631467793,0.14382259767687433,True,2890.0,30.33010997459711,0.8919711342595246,2911,321,0.09931930693069307,0.3577747210701756,0.23845042223198504,0.3704152082810797,0.11932429883819057
227,236,32.96316227146749,33.251242920197676,1.0,24.7660229,2.0,523.9369875054631,69.02793725158755,2463,0.0374139207786063,2463,0,0,1.0,0.0,0.0,True,2006.0,25.269143865289227,0.7632521591682294,2382,431,0.15321720583007464,,0.3164309725825327,,
227,254,32.96316227146749,33.50353524597762,1.0,24.7660229,2.0,538.8734174454344,33.53260091392777,2531,0.038446867028279555,2531,0,0,1.0,0.0,0.0,True,2569.0,28.59612032437544,0.8604646053572916,2755,1241,0.3105605605605606,,0.31339216579491175,,
228,236,34.69691270712925,33.251242920197676,1.0,24.7660229,2.0,525.4690177702986,72.24951252958533,2474,0.03758101502487698,2474,0,0,1.0,0.0,0.0,True,2406.0,27.67405980621926,0.8145639730974389,2406,0,0.0,,0.30901699437494745,,
228,249,34.69691270712925,34.40803218889515,3.1815405503520555,78.79410612729761,4.1815405503520555,536.1212070853426,54.20855315379188,4411,0.06700479275454015,4326,85,0,0.9807299931988211,0.019270006801178872,0.0,True,2863.0,30.188097060666024,0.8736884778965432,2863,0,0.0,,0.2801868778094689,0.41863246886335237,
228,254,34.69691270712925,33.50353524597762,1.0,24.7660229,2.0,540.4054477102699,42.83419479976855,2739,0.04160646732139775,2739,0,0,1.0,0.0,0.0,True,2700.0,29.316150714175198,0.859705517897253,2700,0,0.0,,0.3090169943749474,,
229,240,34.36280384040698,34.2696845650615,1.0,24.7660229,2.0,528.9029635605233,66.65654360256929,2599,0.03947981327795281,2599,0,0,1.0,0.0,0.0,True,3241.0,32.11918960873181,0.9359762513338399,3241,0,0.0,,0.30901699437494745,,
229,252,34.36280384040698,33.399280712164014,6.032065437739018,149.39027076534305,7.032065437739018,535.081686233382,57.75618692856815,5733,0.08708648307907021,5733,0,0,1.0,0.0,0.0,True,1895.0,24.560073988452952,0.7248913356376698,1895,0,0.0,,0.27429188517743175,,
229,253,34.36280384040698,34.672570440744025,1.0,24.7660229,2.0,536.3382777182981,53.98798291047497,2649,0.04023933257918315,2649,0,0,1.0,0.0,0.0,True,3967.0,35.5349872448422,1.029471850188678,3967,0,0.0,,0.3090169943749474,,
230,240,32.992650520883835,34.2696845650615,1.0,24.7660229,2.0,530.4851572005648,69.20152555682523,2657,0.04036085566738,2657,0,0,1.0,0.0,0.0,True,2791.0,29.806088175722753,0.8862638544331721,2791,0,0.0,,0.31339216579491175,,
230,246,32.992650520883835,34.55694165824956,1.0,24.7660229,2.0,534.2761790597056,62.174988468489445,2627,0.0399051440866418,2627,0,0,1.0,0.0,0.0,True,2286.0,26.97510703993861,0.7986756446553777,2286,0,0.0,,0.31339216579491175,,
231,245,35.04376936489279,34.858306729645726,1.0,24.7660229,2.0,533.4561367819588,68.60184454619124,2760,0.04192546542791449,2760,0,0,1.0,0.0,0.0,True,4020.0,35.77157729900708,1.0234768206491631,4032,166,0.03954263935207242,,0.30901699437494745,,
232,241,34.02124339449471,35.867114556499125,8.719749027788248,215.9535041044565,9.719749027788248,537.3340641053765,76.70620279483617,6479,0.0984185110534268,5437,540,502,0.8391727118382466,0.08334619540052478,0.07748109276122858,True,577.0,13.552298857686367,0.38782707893035134,2490,560,0.18360655737704917,0.4086202938267307,0.23543944951412862,0.3706793556038632,0.17318084431260208
232,244,34.02124339449471,34.64554226035852,2.0,49.5320458,3.0,536.4442035019232,76.5479266857267,3369,0.05117641051689997,3369,0,0,1.0,0.0,0.0,True,2955.0,30.6692959435508,0.8932789164679112,2956,0,0.0,,0.28989794855663564,,
232,260,34.02124339449471,34.576388899754335,1.0,24.7660229,2.0,560.767445116994,15.905234584415746,2661,0.040421617211478425,2661,0,0,1.0,0.0,0.0,True,3530.0,33.52064883364851,0.9773121232482755,3587,4,0.001113895850737956,,0.30901699437494745,,
233,243,34.91936772932247,33.59826497474524,7.4852813742385695,185.38064992733587,8.48528137423857,532.5020522327782,76.85607230452618,7389,0.11224176233581891,6481,569,339,0.8771146298551902,0.07700636080660442,0.04587900933820544,True,1905.0,24.62479102815131,0.7187869766168791,1905,269,0.12373505059797608,0.3618162034940812,0.25,0.3752132863597027,0.11181620349408122
231,246,35.04376936489279,34.55694165824956,1.0,24.7660229,2.0,535.1606129245733,64.52112767067676,3269,0.0496573719144393,3269,0,0,1.0,0.0,0.0,True,2499.0,28.20383671724989,0.8104467986791706,2502,3,0.0011976047904191617,,0.3090169943749474,,
231,254,35.04376936489279,33.50353524597762,6.483314773547883,160.56592214959517,7.483314773547883,543.0786669475468,52.92984987371937,6051,0.09191702583489514,4468,521,1062,0.7383903487026938,0.08610147083126755,0.17550818046603867,True,2485.0,28.124723414937254,0.8205931239629563,2485,305,0.10931899641577061,0.39503736345381363,0.21393876913398133,0.3577747210701756,0.1810985943198323
231,270,35.04376936489279,34.337512963030974,10.099504938362077,250.1245705821383,11.099504938362077,559.5968456684171,9.257887652661502,8322,0.12641439249677697,8314,8,0,0.9990386926219659,0.0009613073780341264,0.0,True,2204.0,26.486883341553696,0.7635166849861915,2204,16,0.007207207207207207,,0.26586267989385887,0.2007254062978034,
232,233,34.02124339449471,34.91936772932247,1.0,24.7660229,2.0,526.1561312289545,86.56323364716889,2504,0.038036726605615176,2504,0,0,1.0,0.0,0.0,True,4049.0,35.900372270467734,1.0414869170797094,4069,509,0.11118392311052862,,0.3090169943749474,,
233,248,34.91936772932247,34.39054723368282,5.741657386773941,142.19801832479757,6.741657386773941,537.5512357552036,69.21865018167908,4940,0.07504050696155709,4691,249,0,0.9495951417004048,0.050404858299595144,0.0,True,2335.0,27.262677495784438,0.7866891053130308,2335,0,0.0,,0.26427884169111276,0.392280956059262,
233,256,34.91936772932247,34.83851740011424,6.5630027024141775,162.5394752207514,7.5630027024141775,548.2558583648756,52.180660293593604,5686,0.0863725349359137,5686,0,0,1.0,0.0,0.0,True,2408.0,27.685559519911603,0.793761435529207,2408,0,0.0,,0.27253380620535966,,
233,259,34.91936772932247,34.18947304908834,1.0,24.7660229,2.0,556.9694721186586,14.56460479530946,2757,0.04187989426984067,2757,0,0,1.0,0.0,0.0,True,3018.0,30.994503327246274,0.8969765077271785,3019,104,0.03330131284021774,,0.3090169943749474,,
234,238,34.722804998621854,36.364875735706406,1.0,24.7660229,2.0,530.2678853734183,81.50421321992746,3243,0.04926242187779953,3243,0,0,1.0,0.0,0.0,True,2545.0,28.46223217419441,0.8007641234087973,2545,0,0.0,,0.3090169943749474,,
234,242,34.722804998621854,33.98159565120991,2.1462643699419726,53.15443253543696,3.1462643699419726,533.4835685737222,76.99191395203418,2810,0.04268498472914482,2810,0,0,1.0,0.0,0.0,True,2030.0,25.41985580118611,0.7399775141258976,2030,0,0.0,,0.2898979485566356,,
234,249,34.722804998621854,34.40803218889515,2.6502815398728847,65.63693330793913,3.6502815398728847,541.2408498739753,64.15439424634158,3465,0.05263468757526221,3465,0,0,1.0,0.0,0.0,True,1801.0,23.943184938871582,0.6926918843446327,1801,0,0.0,,0.28172904669025317,,
234,256,34.722804998621854,34.83851740011424,1.0,24.7660229,2.0,548.866933875551,47.60451768054176,2641,0.04011780949098629,2641,0,0,1.0,0.0,0.0,True,2185.0,26.372468623767148,0.7582509277956546,2185,0,0.0,,0.3090169943749474,,
234,261,34.722804998621854,34.64620522001264,1.0,24.7660229,2.0,558.3381183742648,17.80426319756578,2801,0.042548271254923366,2801,0,0,1.0,0.0,0.0,True,2024.0,25.38226171238474,0.7318040615654148,2024,0,0.0,,0.3090169943749474,,
236,258,33.251242920197676,34.9634289182945,2.863703305156273,70.92254163430594,3.863703305156273,555.202667897182,56.9805610307913,3963,0.06019949981551635,3963,0,0,1.0,0.0,0.0,True,2680.0,29.20737055903114,0.8563369073498939,2680,189,0.0658766120599512,,0.2898979485566356,,
236,265,33.251242920197676,34.984897798553995,2.1462643699419726,53.15443253543696,3.1462643699419726,563.5388785554776,38.093209612970874,3377,0.051297933605096824,3376,1,0,0.9997038791827065,0.0002961208172934557,0.0,True,2409.0,27.69130758589691,0.8116317040857262,2440,293,0.10720819612147824,,0.28989794855663564,0.3704152082810797,
237,241,33.734681534881766,35.867114556499125,9.055385138137417,224.26587569943092,10.055385138137417,539.3785681296865,79.76462721581946,7593,0.11534060108483866,7217,254,122,0.9504807059133412,0.03345186355854076,0.016067430528118005,True,3063.0,31.224720677388788,0.8972389343629449,3566,816,0.18621633957097217,0.4088756155145231,0.25987517556175926,0.35785651538957214,0.14900043995276385
237,243,33.734681534881766,33.59826497474524,1.0,24.7660229,2.0,536.65840526397,82.69622835429983,2505,0.03805191699163978,2505,0,0,1.0,0.0,0.0,True,2641.0,28.99407541915057,0.8612151085651689,2641,46,0.017119464086341647,,0.3090169943749474,,
235,239,34.29960810920266,36.315101965784635,1.0,24.7660229,2.0,532.3730536847395,82.01164096910213,2896,0.043991357927261,2896,0,0,1.0,0.0,0.0,True,2424.0,27.777385840094972,0.7867308613346301,2502,148,0.05584905660377359,,0.30901699437494745,,
235,247,34.29960810920266,35.49742596927803,1.0,24.7660229,2.0,537.6917486894629,72.75224769523018,2761,0.0419406558139391,2761,0,0,1.0,0.0,0.0,True,4191.0,36.52446759360452,1.0465908208230148,4389,1174,0.21103721013841453,,0.3090169943749474,,
235,262,34.29960810920266,33.492330262871896,1.0,24.7660229,2.0,558.2292178030425,25.305381655590963,2523,0.038325343940082704,2523,0,0,1.0,0.0,0.0,True,3377.0,32.78616302104687,0.9672584619457475,3385,171,0.048087739032620924,,0.30901699437494745,,
236,254,33.251242920197676,33.50353524597762,12.164414002968975,301.2641557626103,13.164414002968975,550.8473178144104,67.14174204825174,8682,0.13188293146563537,8680,2,0,0.9997696383321816,0.000230361667818475,0.0,True,1319.0,20.49025963418765,0.6138964190152932,1346,545,0.28820729772607084,,0.26487139148781225,0.46834167524313064,
237,266,33.734681534881766,33.781954966308916,1.0,24.7660229,2.0,565.2819191433118,8.544831533321483,2557,0.03884181706491933,2557,0,0,1.0,0.0,0.0,True,4799.0,39.08412905254525,1.1577629182358926,4846,39,0.007983623336745137,,0.3090169943749474,,
238,264,36.364875735706406,35.413359383768665,1.0,24.7660229,2.0,563.5626868990245,40.88391812040928,2633,0.03999628640278944,2633,0,0,1.0,0.0,0.0,True,3113.0,31.478543099866304,0.8771055194508526,3113,0,0.0,,0.3090169943749474,,
238,267,36.364875735706406,35.355585911805655,1.0,24.7660229,2.0,567.8026237440359,22.845848887587405,3264,0.04958141998431627,3264,0,0,1.0,0.0,0.0,True,3662.0,34.141628596261214,0.9520749814483541,3662,0,0.0,,0.30901699437494745,,
239,251,36.315101965784635,33.86806122660582,1.0,24.7660229,2.0,545.3137760909146,76.65597856244052,2832,0.04301917322168617,2832,0,0,1.0,0.0,0.0,True,2954.0,30.66410611426522,0.8738308368976435,2958,166,0.05313700384122919,,0.31339216579491175,,
239,262,36.315101965784635,33.492330262871896,1.0,24.7660229,2.0,563.1814984751863,39.71751638830275,2960,0.04496354263283583,2960,0,0,1.0,0.0,0.0,True,2795.0,29.82743924448921,0.854563426621637,2795,60,0.021015761821366025,,0.3090169943749474,,
239,273,36.315101965784635,37.51463747676039,4.766114533138578,118.03770167173282,5.766114533138578,573.2076249450456,22.594337646265117,6193,0.09407406065038929,6176,17,0,0.9972549652833844,0.0027450347166155338,0.0,True,2443.0,27.88603686340174,0.7554147440843376,2443,196,0.07427055702917772,,0.27792629762666365,0.38742588672279304,
240,246,34.2696845650615,34.55694165824956,1.0,24.7660229,2.0,546.156617849294,83.71211929546962,2713,0.04121151728475798,2713,0,0,1.0,0.0,0.0,True,2221.0,26.588837079011167,0.772632294738449,2221,0,0.0,,0.31451985913875646,,
240,252,34.2696845650615,33.399280712164014,6.082762530298219,150.64583612062765,7.082762530298219,548.5443186630121,80.51772868834851,4186,0.06358695589900365,4186,0,0,1.0,0.0,0.0,True,2085.0,25.761912054294488,0.7614099594623135,2085,0,0.0,,0.2727272727272727,,
240,269,34.2696845650615,34.29263964167059,1.0,24.7660229,2.0,570.4711643610165,36.578072400120625,2395,0.03638097452893305,2395,0,0,1.0,0.0,0.0,True,3255.0,32.18848675424551,0.9389555306552734,3255,0,0.0,,0.3090169943749474,,
240,271,34.2696845650615,34.799725419400566,1.0,24.7660229,2.0,572.7872397581864,26.836334284558408,2629,0.039935524858691014,2629,0,0,1.0,0.0,0.0,True,3147.0,31.649979649604663,0.9164688002032934,3147,0,0.0,,0.31451985913875646,,
241,275,35.867114556499125,34.063611028218084,9.680544149919662,239.74857810137138,10.680544149919662,577.8105461972649,38.519492403777875,7608,0.11556845687520777,3905,814,2889,0.5132754994742377,0.10699263932702419,0.3797318611987382,True,2847.0,30.103625129961543,0.8609556065164136,3235,1286,0.28445034284450343,0.35388936786452296,0.15815511491062575,0.30412917607713125,0.1957342529538972
242,249,33.98159565120991,34.40803218889515,1.0,24.7660229,2.0,549.4579852042741,76.97953597033569,2704,0.04107480381053651,2704,0,0,1.0,0.0,0.0,True,2272.0,26.89237924411993,0.7864461349897769,2274,0,0.0,,0.30901699437494745,,
242,250,33.98159565120991,35.68594621243446,1.0,24.7660229,2.0,551.4966022540666,73.47086312590226,2852,0.043322980942178305,2852,0,0,1.0,0.0,0.0,True,2867.0,30.209178136601597,0.8672382383098288,2867,0,0.0,,0.3090169943749474,,
242,258,33.98159565120991,34.9634289182945,1.0,24.7660229,2.0,558.0975759119729,62.14130927993569,2441,0.037079732286064954,2441,0,0,1.0,0.0,0.0,True,2480.0,28.096414677602564,0.8150382091539671,2480,0,0.0,,0.31451985913875646,,
242,261,33.98159565120991,34.64620522001264,3.8989794855663558,96.56221522616659,4.898979485566356,566.5552537045635,45.11864982979663,4530,0.06881244869146835,4530,0,0,1.0,0.0,0.0,True,2572.0,28.61281229213077,0.8338548497516807,2572,0,0.0,,0.27718637277259645,,
242,265,33.98159565120991,34.984897798553995,6.358898943540674,157.48463685451412,7.358898943540674,566.4337865702685,50.665882581995184,5361,0.08143565947791652,5361,0,0,1.0,0.0,0.0,True,1769.0,23.729521458704678,0.6881463815755566,1769,0,0.0,,0.27149702790318514,,
244,256,34.64554226035852,34.83851740011424,1.0,24.7660229,2.0,558.5439306378444,66.07702059363248,2825,0.042912840519513926,2825,0,0,1.0,0.0,0.0,True,2075.0,25.700058634784586,0.73973969743177,2075,0,0.0,,0.31339216579491175,,
244,260,34.64554226035852,34.576388899754335,1.0,24.7660229,2.0,568.9436683830811,45.69602540198707,2539,0.03856839011647641,2539,0,0,1.0,0.0,0.0,True,2933.0,30.55491607216518,0.882810275878913,2933,0,0.0,,0.3090169943749474,,
244,264,34.64554226035852,35.413359383768665,1.0,24.7660229,2.0,568.2382315313231,45.256780736452065,2981,0.04528254073935257,2981,0,0,1.0,0.0,0.0,True,3825.0,34.89319868760959,0.9961103548226858,3825,0,0.0,,0.3090169943749474,,
245,263,34.858306729645726,33.64289928956633,1.0,24.7660229,2.0,567.9420551966533,51.81985575579847,2677,0.040664663387872134,2677,0,0,1.0,0.0,0.0,True,3216.0,31.99507140118726,0.9341462219574304,3224,0,0.0,,0.3090169943749474,,
243,248,33.59826497474524,34.39054723368282,10.04987562112089,248.8954497748317,11.04987562112089,546.009005765909,82.41191133645742,9803,0.14891135419921947,4967,1027,3809,0.5066816280730388,0.10476384780169336,0.38855452412526775,True,1871.0,24.404052881639814,0.7178843721177594,1899,809,0.29874446085672085,0.3616577385879102,0.16015261286229274,0.3333333333333333,0.2015051257256175
243,253,33.59826497474524,34.672570440744025,3.1815405503520555,78.79410612729761,4.1815405503520555,549.0980232745932,76.39704212357114,4202,0.06383000207539735,4068,112,22,0.9681104236078059,0.026653974297953357,0.005235602094240838,True,2528.0,28.367012395961314,0.8310140698681244,2528,78,0.029930928626247123,0.3773979485566356,0.27429188517743175,0.39879456798407137,0.10310606337920386
243,259,33.59826497474524,34.18947304908834,7.6602540378443855,189.7140269210715,8.660254037844386,565.427242129364,49.3762233207683,6758,0.10265662875429207,4896,742,1120,0.7244746966558153,0.10979579757324652,0.16572950577093815,True,1651.0,22.92443286298351,0.6763592806393238,1822,405,0.18185900314324202,0.3916982318703404,0.20894541729001365,0.3751066431798513,0.18275281458032677
243,276,33.59826497474524,35.38370174832421,8.43650317030929,208.9386307118025,9.43650317030929,574.6602297145874,31.85381440293829,6296,0.09563867041092378,4688,655,953,0.7445997458703939,0.10403430749682338,0.15136594663278272,True,1825.0,24.10218957450584,0.698796822400409,1829,272,0.12946216087577345,0.3597752501562547,0.2198638402446113,0.35977525015625467,0.13991140991164341
246,270,34.55694165824956,34.337512963030974,1.0,24.7660229,2.0,574.3838724522784,46.24169112917856,2365,0.03592526294819484,2365,0,0,1.0,0.0,0.0,True,1957.0,24.95861469035648,0.7245464044256215,1957,0,0.0,,0.3090169943749474,,
246,271,34.55694165824956,34.799725419400566,7.613903745752154,188.56611452569362,8.613903745752154,576.578261617327,46.272197825139045,6459,0.09811470333293468,6459,0,0,1.0,0.0,0.0,True,1664.0,23.014509567006368,0.6636567337135694,1664,0,0.0,,0.26900052367845045,,
246,272,34.55694165824956,34.41233345339169,1.0,24.7660229,2.0,580.3368389697364,24.978751757521312,2726,0.04140899230307786,2726,0,0,1.0,0.0,0.0,True,1985.0,25.136529674456348,0.7289196423702466,1986,0,0.0,,0.30901699437494745,,
248,249,34.39054723368282,34.40803218889515,2.23606797749979,55.37851073671648,3.23606797749979,554.1367278964309,85.02194969548806,3483,0.052908114523705134,3408,75,0,0.9784668389319552,0.02153316106804479,0.0,True,3401.0,32.902460742489644,0.9564866315158792,3401,0,0.0,,0.2801868778094689,0.407669683062202,
245,274,34.858306729645726,34.923674460521575,1.0,24.7660229,2.0,581.0286026594904,7.175176132956288,3030,0.0460268696545583,3030,0,0,1.0,0.0,0.0,True,2877.0,30.26181657717801,0.8673246606372386,2878,938,0.2458071278825996,,0.3090169943749474,,
246,252,34.55694165824956,33.399280712164014,1.0,24.7660229,2.0,552.3353405221527,86.05171662509454,2189,0.033251755007864064,2189,0,0,1.0,0.0,0.0,True,1934.0,24.811515872260834,0.73022057456399,1934,0,0.0,,0.3090169943749474,,
246,257,34.55694165824956,35.376136495886755,7.194052389321207,178.16806621772872,8.194052389321207,561.9170138665227,71.75705460090106,6688,0.10159330173256961,4441,627,1620,0.6640251196172249,0.09375,0.24222488038277512,True,1404.0,21.14017691983778,0.6045830521929458,1404,146,0.09419354838709677,0.39443080316866724,0.19519410160110376,0.3597752501562547,0.19923670156756348
246,263,34.55694165824956,33.64289928956633,11.048281249692016,273.62198643551307,12.048281249692016,569.6465313392678,60.300271701779,9077,0.137883133945355,9025,52,0,0.994271234989534,0.005728765010466013,0.0,True,1790.0,23.869953838853256,0.7000002788017556,1790,0,0.0,,0.26483421803497953,0.3556250366214818,
248,257,34.39054723368282,35.376136495886755,1.0,24.7660229,2.0,562.4722886564728,71.05566184191825,3033,0.04607244081263212,3028,2,3,0.9983514671941972,0.0006594131223211342,0.0009891196834817012,True,2661.0,29.103652814295785,0.834313780116243,2661,12,0.004489337822671156,0.48999599679679645,0.30901699437494745,0.4585651935319721,0.180979002421849
248,259,34.39054723368282,34.18947304908834,2.1462643699419726,53.15443253543696,3.1462643699419726,570.4764256517896,56.79317547351773,3604,0.05474615123268255,3600,4,0,0.9988901220865705,0.0011098779134295228,0.0,True,2266.0,26.85684646589152,0.7832265535983972,2266,3,0.0013221683561040105,,0.29339977411634566,0.3877578289433402,
248,277,34.39054723368282,34.41495400927894,1.0,24.7660229,2.0,583.7943782951413,21.390448608063934,2607,0.03960133636614967,2607,0,0,1.0,0.0,0.0,True,2366.0,27.443053596690888,0.7976994019645512,2366,100,0.040551500405515,,0.30901699437494745,,
248,278,34.39054723368282,35.22106816912488,10.051815009825805,248.94348071990962,11.051815009825805,583.6704078411578,35.6950241219237,7534,0.11444436830938687,7128,406,0,0.946110963631537,0.05388903636846297,0.0,True,1686.0,23.16614918595387,0.6655828643510977,1686,0,0.0,,0.2585688584788905,0.3820344916041042,
249,256,34.40803218889515,34.83851740011424,10.80391513507249,267.5700096448619,11.80391513507249,564.8413505061028,78.87960398881296,9409,0.14292634210552443,9409,0,0,1.0,0.0,0.0,True,1781.0,23.809869955405706,0.6876839379498769,1781,0,0.0,,0.26586267989385887,,
249,261,34.40803218889515,34.64620522001264,1.0,24.7660229,2.0,574.3125350048167,59.681840390229496,2722,0.041348230758979435,2722,0,0,1.0,0.0,0.0,True,2108.0,25.903614421069328,0.7502396780571162,2108,0,0.0,,0.3090169943749474,,
249,265,34.40803218889515,34.984897798553995,1.0,24.7660229,2.0,574.1910678705217,61.325343773242366,2471,0.03753544386680315,2471,0,0,1.0,0.0,0.0,True,2844.0,30.087760240780646,0.8671707693052451,2844,0,0.0,,0.30901699437494745,,
249,278,34.40803218889515,35.22106816912488,1.0,24.7660229,2.0,586.7489464492542,31.78305088977006,2811,0.04270017511516943,2811,0,0,1.0,0.0,0.0,True,2467.0,28.022678123537936,0.8049128303956387,2470,0,0.0,,0.3090169943749474,,
250,258,35.68594621243446,34.9634289182945,1.0,24.7660229,2.0,567.8934742620186,79.2488780612216,2741,0.04163684809344696,2741,0,0,1.0,0.0,0.0,True,2656.0,29.076297180076903,0.8231154805339577,2704,39,0.014218009478672985,,0.3090169943749474,,
250,267,35.68594621243446,35.355585911805655,3.6855577202829677,91.27660689979977,4.685557720282968,580.8142052943856,58.15985910596533,4613,0.0700732507315107,4613,0,0,1.0,0.0,0.0,True,3810.0,34.82471344261489,0.9804043466211319,3815,0,0.0,,0.27718637277259645,,
250,280,35.68594621243446,35.00874289082228,1.0,24.7660229,2.0,592.4814104598493,31.097065898410545,2922,0.04438630796390078,2922,0,0,1.0,0.0,0.0,True,4091.0,36.086087961676974,1.020899544772581,4091,0,0.0,,0.3090169943749474,,
251,273,33.86806122660582,37.51463747676039,1.0,24.7660229,2.0,581.1960666790769,34.12026890250867,3118,0.04736362362472369,3118,0,0,1.0,0.0,0.0,True,3702.0,34.327586554437424,0.9617901025873833,3862,1525,0.2830889177649898,,0.3090169943749474,,
252,253,33.399280712164014,34.672570440744025,7.246211251235321,179.45983378633161,8.246211251235321,555.9796328207867,88.11948028695821,5748,0.0873143388694393,5740,8,0,0.9986082115518441,0.0013917884481558804,0.0,True,1532.0,22.082815618339236,0.6488090229465092,1532,0,0.0,,0.2687959533979827,0.4353846570206697,
252,269,33.399280712164014,34.29263964167059,3.1815405503520555,78.79410612729761,4.1815405503520555,576.6498870338751,52.451960116871746,3757,0.05707028029444737,3757,0,0,1.0,0.0,0.0,True,2093.0,25.81128806903433,0.7626106020959464,2093,0,0.0,,0.28436465220442186,,
252,272,33.399280712164014,34.41233345339169,1.0,24.7660229,2.0,582.7245397834545,37.257478164603924,2435,0.036988589969917315,2435,0,0,1.0,0.0,0.0,True,2322.0,27.186679747971468,0.801829600504649,2322,0,0.0,,0.3090169943749474,,
252,276,33.399280712164014,35.38370174832421,1.0,24.7660229,2.0,581.541839260781,39.05532283371863,2549,0.03872029397672248,2549,0,0,1.0,0.0,0.0,True,2427.0,27.79456950139829,0.8081815736142187,2427,0,0.0,,0.3090169943749474,,
254,283,33.50353524597762,33.02748550656999,1.0,24.7660229,2.0,599.3690521766958,13.816067040858693,2008,0.030502295137410252,2008,0,0,1.0,0.0,0.0,True,3356.0,32.684063058818154,0.982521016185269,3363,546,0.13967766692248657,,0.3090169943749474,,
255,279,35.849971643717346,33.67092872951251,7.4852813742385695,185.38064992733587,8.48528137423857,591.8350642218145,49.54558137900066,7128,0.10827707158339656,6807,314,7,0.95496632996633,0.04405162738496072,0.0009820426487093155,True,1773.0,23.756334485855785,0.6834300004262759,1869,33,0.017350157728706624,0.23934612268287261,0.2612038749637414,0.29397676247535287,-0.02185775228086881
255,289,35.849971643717346,34.83550115772572,10.0,247.660229,11.0,605.4378654067311,2.522937480755987,9509,0.1444453807079851,6021,1794,1694,0.6331896098433063,0.18866337154274898,0.1781470186139447,True,2725.0,29.451560906865865,0.8333129776070367,2885,753,0.20698185816382628,0.3629773449415502,0.19999999999999998,0.3437840689977869,0.16297734494155022
256,259,34.83851740011424,34.18947304908834,6.8173377998059435,168.8383440670296,7.8173377998059435,581.1810482614615,76.83049384476918,6203,0.09422596451063536,6203,0,0,1.0,0.0,0.0,True,2059.0,25.600782325007668,0.7417507639555923,2059,0,0.0,,0.27149702790318514,,
253,276,34.672570440744025,35.38370174832421,1.0,24.7660229,2.0,582.798430745697,40.24316820801082,3121,0.04740919478279751,3121,0,0,1.0,0.0,0.0,True,3616.0,33.92651689225682,0.9685504475800756,3616,67,0.018191691555796904,,0.3090169943749474,,
254,257,33.50353524597762,35.376136495886755,1.0,24.7660229,2.0,569.8350678894963,82.68567272897761,4374,0.0664427484716297,4374,0,0,1.0,0.0,0.0,True,3364.0,32.722995845769866,0.9501495874836221,3364,0,0.0,,0.3203772410170408,,
254,265,33.50353524597762,34.984897798553995,3.1815405503520555,78.79410612729761,4.1815405503520555,578.4753084954489,70.10390674507278,3889,0.05907541124969545,3807,82,0,0.978914888146053,0.02108511185394703,0.0,True,2830.0,30.013613209677498,0.8764578739934802,2848,447,0.13566009104704096,,0.2791745113185196,0.4013498739246386,
254,270,33.50353524597762,34.337512963030974,8.0,198.1281832,9.0,582.301926475252,65.33380984713567,5140,0.07807858416647843,4481,659,0,0.8717898832684825,0.1282101167315175,0.0,True,2155.0,26.190796183508223,0.7721223912348204,2155,58,0.026208766380478987,,0.25,0.3366585397732337,
256,260,34.83851740011424,34.576388899754335,1.0,24.7660229,2.0,582.8671722529152,72.47245825771637,2666,0.040497569141601464,2666,0,0,1.0,0.0,0.0,True,2510.0,28.265841829340843,0.8144026502674789,2510,0,0.0,,0.30901699437494745,,
256,261,34.83851740011424,34.64620522001264,1.0,24.7660229,2.0,581.9386190063922,74.79103493498467,2499,0.037960774675492144,2499,0,0,1.0,0.0,0.0,True,1652.0,22.93137440223813,0.6600407553644273,1652,0,0.0,,0.3090169943749474,,
256,264,34.83851740011424,35.413359383768665,7.0990195135927845,175.81447984118574,8.099019513592784,582.1617354011571,75.95024004277964,5973,0.09073217572497581,5973,0,0,1.0,0.0,0.0,True,1405.0,21.147704132794793,0.6020537842099749,1405,0,0.0,,0.2692803301885514,,
256,278,34.83851740011424,35.22106816912488,1.0,24.7660229,2.0,594.3750304508296,51.76155271734659,2708,0.041135565354634945,2708,0,0,1.0,0.0,0.0,True,2020.0,25.357168021907675,0.7238743368485234,2020,0,0.0,,0.3090169943749474,,
256,286,34.83851740011424,33.803348570228785,5.81864367245563,144.10466243897622,6.81864367245563,605.3257127296235,29.16571932843132,5206,0.07908114964410248,5206,0,0,1.0,0.0,0.0,True,1399.0,21.102500581000424,0.6148580107107764,1399,0,0.0,,0.2762920068094934,,
256,287,34.83851740011424,34.368463896086006,1.8284271247461903,45.2828680424453,2.8284271247461903,605.8840521612472,23.953756913239207,2923,0.044401498349925385,2923,0,0,1.0,0.0,0.0,True,1805.0,23.96975895919152,0.692697716624943,1805,0,0.0,,0.28989794855663564,,
257,270,35.376136495886755,34.337512963030974,3.8989794855663558,96.56221522616659,4.898979485566356,586.3532466103666,70.1499026407105,4752,0.07218471438893104,4248,303,201,0.8939393939393939,0.06376262626262626,0.0422979797979798,True,2027.0,25.401065711787442,0.728725749087524,2027,54,0.025949062950504566,0.39879456798407137,0.2572842744474721,0.41421356237309503,0.14151029353659927
257,272,35.376136495886755,34.41233345339169,4.449489742783178,110.1961648630833,5.449489742783178,592.3062131278245,59.61672991423011,5185,0.07876215153758574,4716,259,210,0.9095467695274831,0.04995178399228544,0.040501446480231434,True,1916.0,24.695783889727878,0.7077324924210697,1917,60,0.030349013657056147,0.36429704114903927,0.2592192604530755,0.36602540378443865,0.1050777806959638
257,277,35.376136495886755,34.41495400927894,1.0,24.7660229,2.0,595.2084776632794,51.97768276582164,2812,0.042715365501194036,2812,0,0,1.0,0.0,0.0,True,2226.0,26.61874915628302,0.7628122433281879,2226,0,0.0,,0.3090169943749474,,
257,282,35.376136495886755,34.44496115286034,1.0,24.7660229,2.0,601.803984969457,36.3310889042874,2884,0.04380907329496572,2884,0,0,1.0,0.0,0.0,True,2905.0,30.40871946274476,0.8710467319125691,2905,0,0.0,,0.3090169943749474,,
258,265,34.9634289182945,34.984897798553995,1.0,24.7660229,2.0,582.8306585782204,76.39069806464784,2864,0.04350526557447359,2864,0,0,1.0,0.0,0.0,True,2400.0,27.63953195770684,0.7902842928492609,2410,562,0.18909825033647376,,0.3090169943749474,,
258,268,34.9634289182945,34.6642280005678,1.7320508075688772,42.89600996421431,2.732050807568877,586.6604751420803,70.1921051087894,3057,0.04643701007722268,2815,174,68,0.9208374223094538,0.05691854759568204,0.022244030094864246,True,468.0,12.205286835384658,0.3505873204840882,1274,2978,0.7003762935089369,0.4364916731037084,0.27429188517743175,0.43405783005789966,0.16219978792627665
258,280,34.9634289182945,35.00874289082228,2.863703305156273,70.92254163430594,3.863703305156273,599.0823841177555,48.05784098006837,3780,0.057419659173013324,3732,48,0,0.9873015873015873,0.012698412698412698,0.0,True,3440.0,33.090572803628525,0.9458209441861887,3460,511,0.12868295139763283,,0.2801868778094689,0.41863246886335237,
259,275,34.18947304908834,34.063611028218084,1.0,24.7660229,2.0,599.5578032174288,73.77692625861656,2379,0.03613792835253934,2379,0,0,1.0,0.0,0.0,True,2995.0,30.87617380959715,0.9047554180738689,2996,82,0.02664067576348278,,0.30901699437494745,,
259,277,34.18947304908834,34.41495400927894,7.4852813742385695,185.38064992733587,8.48528137423857,603.2126146585963,69.98630265766876,6024,0.09150688541223076,5960,64,0,0.9893758300132802,0.010624169986719787,0.0,True,1509.0,21.91642348220485,0.6389215513325049,1509,55,0.03516624040920716,,0.2677768736123398,0.3045853676005105,
259,278,34.18947304908834,35.22106816912488,1.414213562373095,35.02444547122265,2.414213562373095,603.0886442046128,68.85049403894384,2432,0.036943018811843496,2432,0,0,1.0,0.0,0.0,True,1882.0,24.47568601281472,0.7052440618743465,1882,0,0.0,,0.29339977411634566,,
259,286,34.18947304908834,33.803348570228785,1.0,24.7660229,2.0,614.0393264834065,44.2485240010231,2426,0.03685187649569585,2426,0,0,1.0,0.0,0.0,True,1830.0,24.135183689301744,0.709933287500009,1830,0,0.0,,0.3090169943749474,,
259,292,34.18947304908834,34.94629997264993,1.0,24.7660229,2.0,623.2115211076955,16.376561515934764,2662,0.04043680759750303,2662,0,0,1.0,0.0,0.0,True,2537.0,28.417462611012212,0.8220769471132389,2537,99,0.03755690440060698,,0.3090169943749474,,
260,275,34.576388899754335,34.063611028218084,1.0,24.7660229,2.0,601.2439272088825,76.1699736258612,2920,0.044355927191851566,2920,0,0,1.0,0.0,0.0,True,3889.0,35.183904663478756,1.025172048379927,3889,0,0.0,,0.3090169943749474,,
260,286,34.576388899754335,33.803348570228785,1.0,24.7660229,2.0,615.7254504748603,49.24133554241505,2529,0.03841648625623034,2529,0,0,1.0,0.0,0.0,True,1923.0,24.74085510105561,0.7236311812959558,1923,0,0.0,,0.3090169943749474,,
260,293,34.576388899754335,35.26028324496813,1.0,24.7660229,2.0,624.8327514141693,25.146849796990978,2967,0.04506987533500808,2967,0,0,1.0,0.0,0.0,True,3716.0,34.39243429969688,0.9849390941316756,3716,0,0.0,,0.3090169943749474,,
261,264,34.64620522001264,35.413359383768665,1.0,24.7660229,2.0,591.632919899871,89.65395206189234,2579,0.03917600555746068,2579,0,0,1.0,0.0,0.0,True,1909.0,24.650630270337032,0.7037049233676389,1909,0,0.0,,0.3090169943749474,,
261,267,34.64620522001264,35.355585911805655,1.0,24.7660229,2.0,595.8728567448825,82.66168280000156,2701,0.041029232652462694,2701,0,0,1.0,0.0,0.0,True,2582.0,28.668381993522893,0.8190756702078755,2582,0,0.0,,0.3090169943749474,,
261,278,34.64620522001264,35.22106816912488,9.198039027185569,227.7988451823715,10.198039027185569,603.8462149495435,71.56779629520473,8260,0.12547258856325133,8109,151,0,0.9817191283292979,0.01828087167070218,0.0,True,1075.0,18.498192550829796,0.5295238143272316,1075,0,0.0,,0.26533119314590375,0.34367480358879676,
261,280,34.64620522001264,35.00874289082228,3.4721359549995796,85.99099857343296,4.47213595499958,607.5400619103461,64.20853250493148,3961,0.06016911904346714,3961,0,0,1.0,0.0,0.0,True,2357.0,27.39080870903951,0.7864712975007969,2357,0,0.0,,0.2801868778094689,,
261,287,34.64620522001264,34.368463896086006,1.0,24.7660229,2.0,615.3552366599611,44.090234906781994,2738,0.04159127693537314,2738,0,0,1.0,0.0,0.0,True,2313.0,27.133941231290155,0.7863238809605705,2313,0,0.0,,0.30901699437494745,,
261,288,34.64620522001264,36.077617314535985,1.0,24.7660229,2.0,618.4708131196672,43.51653289552538,2750,0.04177356156766843,2750,0,0,1.0,0.0,0.0,True,2389.0,27.576118619071032,0.7798254571322155,2389,0,0.0,,0.3090169943749474,,
262,273,33.492330262871896,37.51463747676039,1.0,24.7660229,2.0,599.0637890633486,74.60351042953506,2849,0.043277409784104486,2849,0,0,1.0,0.0,0.0,True,3011.0,30.958537874056546,0.8719859151731428,3234,501,0.13413654618473897,,0.30901699437494745,,
262,281,33.492330262871896,32.91034682777117,1.0,24.7660229,2.0,604.8292178106185,60.53531417070764,2524,0.03834053432610731,2524,0,0,1.0,0.0,0.0,True,4901.0,39.49730056835224,1.18962976490952,4901,103,0.020583533173461233,,0.3184041067997867,,
263,270,33.64289928956633,34.337512963030974,1.0,24.7660229,2.0,594.0827640831117,81.96747516774751,2576,0.039130434399386856,2576,0,0,1.0,0.0,0.0,True,2642.0,28.999564122544584,0.8531741177087848,2643,0,0.0,,0.31451985913875646,,
263,271,33.64289928956633,34.799725419400566,1.0,24.7660229,2.0,596.2771532481602,78.2553090647875,2853,0.04333817132820291,2853,0,0,1.0,0.0,0.0,True,2983.0,30.814256286437413,0.9004405198505,3126,0,0.0,,0.32037724101704074,,
263,274,33.64289928956633,34.923674460521575,1.0,24.7660229,2.0,602.431970432938,67.47301345779326,2810,0.04268498472914482,2810,0,0,1.0,0.0,0.0,True,3496.0,33.35882734897215,0.9730346880262302,3503,75,0.020961430967020682,,0.32037724101704074,,
264,267,35.413359383768665,35.355585911805655,5.477225575051661,135.6490940201951,6.477225575051661,596.0959731396474,83.5546015514925,5692,0.08646367725206133,5692,0,0,1.0,0.0,0.0,True,2225.0,26.612769430462027,0.7521030395270369,2225,0,0.0,,0.27580676376332625,,
264,287,35.413359383768665,34.368463896086006,1.0,24.7660229,2.0,615.578353054726,48.6217987901194,2536,0.03852281895840259,2536,0,0,1.0,0.0,0.0,True,2050.0,25.544769849751454,0.7321324851976453,2050,0,0.0,,0.3090169943749474,,
264,294,35.413359383768665,35.211250744385694,1.0,24.7660229,2.0,622.6446439826291,25.855494084351378,3097,0.04704462551820695,3097,0,0,1.0,0.0,0.0,True,3069.0,31.25528820372728,0.885110392737373,3071,0,0.0,,0.3090169943749474,,
265,282,34.984897798553995,34.44496115286034,4.449489742783178,110.1961648630833,5.449489742783178,610.4442255754096,58.41289374312742,5282,0.08023561898197258,5237,45,0,0.9914804998106778,0.008519500189322226,0.0,True,2837.0,30.05070959400816,0.8656422481006929,2837,0,0.0,,0.27792629762666365,0.3214835140128368,
265,288,34.984897798553995,36.077617314535985,1.0,24.7660229,2.0,618.3493459853722,39.09370762367744,2859,0.043429313644350556,2859,0,0,1.0,0.0,0.0,True,3359.0,32.69866828620629,0.9202789469010246,3360,53,0.015528860240257838,,0.3090169943749474,,
266,275,33.781954966308916,34.063611028218084,5.81864367245563,144.10466243897622,6.81864367245563,603.7138972108903,81.37371343754059,5571,0.08462564054308393,5566,5,0,0.9991024950637228,0.0008975049362771495,0.0,True,3090.0,31.362039925807014,0.9245125887323852,3114,108,0.0335195530726257,,0.27429188517743175,0.44066539250833864,
266,291,33.781954966308916,34.42261180835793,1.0,24.7660229,2.0,624.9776289905014,35.54003364573307,2790,0.04238117700865269,2790,0,0,1.0,0.0,0.0,True,3937.0,35.40036753913134,1.0380644350718187,3939,0,0.0,,0.3090169943749474,,
266,302,33.781954966308916,33.78327978713968,7.194052389321207,178.16806621772872,8.194052389321207,631.8735602265833,27.9407971948698,5422,0.08236227302541753,5422,0,0,1.0,0.0,0.0,True,2507.0,28.24894484158237,0.8361976375769349,2507,41,0.01609105180533752,,0.26968623182294527,,
267,280,35.355585911805655,35.00874289082228,1.0,24.7660229,2.0,612.0031151501225,70.71709724326962,2822,0.042867269361440107,2822,0,0,1.0,0.0,0.0,True,2164.0,26.245429958408437,0.7459867920300046,2164,0,0.0,,0.30901699437494745,,
267,294,35.355585911805655,35.211250744385694,1.0,24.7660229,2.0,626.8845808276405,40.79174943196586,2935,0.04458378298222066,2935,0,0,1.0,0.0,0.0,True,2799.0,29.84877504066842,0.8459717469296412,2799,0,0.0,,0.3090169943749474,,
267,297,35.355585911805655,34.37109114548263,1.0,24.7660229,2.0,633.5139770047232,18.29674565714835,2768,0.04204698851611134,2768,0,0,1.0,0.0,0.0,True,2877.0,30.26181657717801,0.8680125844033707,2878,0,0.0,,0.3090169943749474,,
268,273,34.6642280005678,37.51463747676039,8.222125139210444,203.62933948435153,9.222125139210444,603.9582089487217,82.63396851624736,7504,0.11398865672864868,2831,259,4414,0.37726545842217485,0.03451492537313433,0.5882196162046909,False,3.0,0.9772050238058398,0.027077317365504606,353,3123,0.8984464902186421,0.3516287047744073,0.12389934309929541,0.25987517556175926,0.22772936167511187
268,298,34.6642280005678,34.02193090762314,2.1462643699419726,53.15443253543696,3.1462643699419726,629.8815243475265,30.62317402623717,3084,0.04684715049988706,2601,194,289,0.8433852140077821,0.062905317769131,0.0937094682230869,True,562.0,13.374982468597496,0.3894520433578214,1663,2864,0.6326485531256903,0.4026997478492772,0.2572842744474721,0.40478897335189423,0.1454154734018051
269,271,34.29263964167059,34.799725419400566,1.0,24.7660229,2.0,600.8928081290494,86.29113841150621,2655,0.04033047489533079,2655,0,0,1.0,0.0,0.0,True,2970.0,30.747038263316654,0.8900270886989949,2970,0,0.0,,0.3090169943749474,,
269,272,34.29263964167059,34.41233345339169,9.954451150103322,246.53216514039022,10.954451150103322,604.6513854814589,81.12776095019677,7152,0.10864164084798711,7152,0,0,1.0,0.0,0.0,True,1601.0,22.57463461011604,0.6571470329776882,1601,0,0.0,,0.2687959533979826,,
269,276,34.29263964167059,35.38370174832421,2.863703305156273,70.92254163430594,3.863703305156273,603.4686849587854,82.54849411853594,3731,0.0566753302578076,3731,0,0,1.0,0.0,0.0,True,2719.0,29.419119302482983,0.8444507480040401,2719,0,0.0,,0.2791745113185196,,
269,295,34.29263964167059,35.338070436641885,1.0,24.7660229,2.0,630.9459842053654,23.23480144610762,2788,0.042350796236603476,2788,0,0,1.0,0.0,0.0,True,3846.0,34.988852828620416,1.0049833698168251,3846,0,0.0,,0.30901699437494745,,
270,272,34.337512963030974,34.41233345339169,1.0,24.7660229,2.0,604.7730717135803,80.46522299696466,2359,0.0358341206320472,2359,0,0,1.0,0.0,0.0,True,2097.0,25.835940689810563,0.7515926809005639,2099,28,0.013164080865068171,,0.3090169943749474,,
270,274,34.337512963030974,34.923674460521575,1.0,24.7660229,2.0,607.1693115459487,76.12541685122243,2553,0.0387810555208209,2553,0,0,1.0,0.0,0.0,True,3204.0,31.935323316554435,0.9221708291329322,3204,44,0.013546798029556651,,0.3090169943749474,,
270,283,34.337512963030974,33.02748550656999,5.422466567392307,134.29293118252227,6.422466567392307,615.8872308975662,62.42642305187292,5139,0.07806339378045384,4183,956,0,0.8139715898034637,0.1860284101965363,0.0,True,2329.0,27.22762797090574,0.8083612733456067,2330,0,0.0,,0.2330240281039237,0.39116378532524543,
270,296,34.337512963030974,33.97746035425201,3.1815405503520555,78.79410612729761,4.1815405503520555,628.4753624715313,34.970390310608295,3863,0.05868046121305568,3782,81,0,0.9790318405384416,0.020968159461558375,0.0,True,2222.0,26.594822185913987,0.7785942347484098,2222,9,0.004034065441506051,,0.2791745113185196,0.4270509831248423,
271,272,34.799725419400566,34.41233345339169,1.0,24.7660229,2.0,606.9674608786288,83.80275904062172,2535,0.03850762857237798,2535,0,0,1.0,0.0,0.0,True,2320.0,27.17496892263898,0.7852668845637143,2320,0,0.0,,0.31339216579491175,,
271,295,34.799725419400566,35.338070436641885,4.449489742783178,110.1961648630833,5.449489742783178,633.2620596025354,35.99833821640829,5301,0.08052423631644011,5301,0,0,1.0,0.0,0.0,True,2978.0,30.788420567728522,0.8779409216372192,2978,0,0.0,,0.27792629762666365,,
271,300,34.799725419400566,34.3772871687096,1.0,24.7660229,2.0,633.4624286944404,27.15894390974795,2755,0.04184951349779146,2755,0,0,1.0,0.0,0.0,True,2830.0,30.013613209677498,0.867733719245231,2830,0,0.0,,0.31339216579491175,,
272,277,34.41233345339169,34.41495400927894,7.0,173.3621603,8.0,613.6283027664931,85.64290198042784,6277,0.09535005307645625,4826,1451,0,0.7688386171738092,0.23116138282619086,0.0,True,1982.0,25.117527633433056,0.7298712054301392,1991,0,0.0,,0.2222222222222222,0.3850786724304072,
272,296,34.41233345339169,33.97746035425201,2.6502815398728847,65.63693330793913,3.6502815398728847,634.4283289889893,48.24925992385912,3583,0.054427153126165806,3578,5,0,0.9986045213508233,0.0013954786491766676,0.0,True,2568.0,28.590554169515052,0.8361058742165584,2568,17,0.0065764023210831725,,0.28436465220442186,0.3577747210701756,
272,299,34.41233345339169,34.80419319815187,1.0,24.7660229,2.0,638.0889544371837,40.846515509245705,2519,0.03826458239598428,2519,0,0,1.0,0.0,0.0,True,2670.0,29.15282826949593,0.8423661134069867,2670,0,0.0,,0.3090169943749474,,
273,303,37.51463747676039,33.23713006840151,1.0,24.7660229,2.0,640.2423947143482,16.990548602775938,3783,0.05746523033108714,3783,0,0,1.0,0.0,0.0,True,5015.0,39.954024568392484,1.1294141745049475,5042,240,0.045437334343051874,,0.3090169943749474,,
274,279,34.923674460521575,33.67092872951251,8.0,198.1281832,9.0,616.370811648917,88.72381743316473,7217,0.10962901593958656,2568,859,3790,0.3558265207149785,0.11902452542607732,0.5251489538589441,False,2589.0,28.707216781322323,0.8370109439015783,2714,930,0.2552140504939627,0.35014968584045747,0.11391890072356341,0.331802507650613,0.23623078511689405
274,290,34.923674460521575,33.03492496746054,2.449489742783178,60.66411906308329,3.449489742783178,630.3205756731593,65.43126193293811,3316,0.050371320057595814,3316,0,0,1.0,0.0,0.0,True,4446.0,37.61922053914905,1.10712171397868,4604,1268,0.2159400544959128,,0.28436465220442186,,
274,304,34.923674460521575,35.535592696227965,1.0,24.7660229,2.0,643.9423292903964,38.47105138073362,2724,0.04137861153102865,2724,0,0,1.0,0.0,0.0,True,3078.0,31.301083522359217,0.8884873427004065,3078,1,0.0003247807729782397,,0.3090169943749474,,
275,286,34.063611028218084,33.803348570228785,1.0,24.7660229,2.0,623.7024676855908,65.26126742498117,2464,0.03742911116463091,2464,0,0,1.0,0.0,0.0,True,1958.0,24.96499062983726,0.7357038175144237,1958,0,0.0,,0.30901699437494745,,
276,301,35.38370174832421,33.896966355948706,1.0,24.7660229,2.0,636.7284938245427,37.391186543587736,2721,0.04133304037295483,2721,0,0,1.0,0.0,0.0,True,2696.0,29.294426998176625,0.8456739174075569,2696,0,0.0,,0.3090169943749474,,
277,278,34.41495400927894,35.22106816912488,3.2426406871192857,80.30731351366796,4.242640687119286,616.4065968479645,89.80315486685494,4298,0.06528827913375959,4297,1,0,0.9997673336435552,0.00023266635644485808,0.0,True,2106.0,25.891323262882167,0.743618674729868,2106,0,0.0,,0.28172904669025317,0.4708313008125245,
277,282,34.41495400927894,34.44496115286034,1.0,24.7660229,2.0,623.1260746081257,79.11099551920249,2577,0.03914562478541146,2577,0,0,1.0,0.0,0.0,True,2055.0,25.575903036015948,0.7428386449734737,2055,0,0.0,,0.3090169943749474,,
277,292,34.41495400927894,34.94629997264993,1.0,24.7660229,2.0,636.5294737510474,55.369631683874545,2691,0.04087732879221663,2691,0,0,1.0,0.0,0.0,True,2383.0,27.541467985130588,0.7941456188870559,2383,0,0.0,,0.3090169943749474,,
275,302,34.063611028218084,33.78327978713968,1.0,24.7660229,2.0,637.3806074353063,33.241258260124084,2781,0.04224446353443123,2781,0,0,1.0,0.0,0.0,True,2401.0,27.645289593840058,0.8149316574896691,2580,3,0.0011614401858304297,,0.31451985913875646,,
276,277,35.38370174832421,34.41495400927894,3.16227766016838,78.31704094788851,4.16227766016838,612.4456022438196,83.66267074589443,3687,0.0560069532727249,3620,67,0,0.9818280444806076,0.01817195551939246,0.0,True,2762.0,29.650833135674784,0.8496104348670047,2762,39,0.013923598714744734,,0.27718637277259645,0.3699677034698106,
276,291,35.38370174832421,34.42261180835793,2.1462643699419726,53.15443253543696,3.1462643699419726,630.0545225822634,52.1842179665348,3871,0.05880198430125253,3726,131,14,0.9625419788168432,0.03384138465512787,0.003616636528028933,True,3330.0,32.557209969406514,0.9327869732863155,3330,12,0.003590664272890485,0.45569551442159806,0.28989794855663564,0.4437410968480305,0.16579756586496242
276,299,35.38370174832421,34.80419319815187,1.7320508075688772,42.89600996421431,2.732050807568877,636.9062539145102,35.11827481043068,3509,0.05330306456034491,3509,0,0,1.0,0.0,0.0,True,2730.0,29.47856830447755,0.8399900959262943,2731,0,0.0,,0.29581631632448924,,
278,287,35.22106816912488,34.368463896086006,1.7320508075688772,42.89600996421431,2.732050807568877,627.7916481043985,71.37798187811543,2940,0.0446597349123437,2940,0,0,1.0,0.0,0.0,True,1700.0,23.26213245840639,0.6685526333646831,1700,0,0.0,,0.28989794855663564,,
278,288,35.22106816912488,36.077617314535985,1.0,24.7660229,2.0,630.9072245641047,65.69518439107692,2974,0.045176208037180324,2974,0,0,1.0,0.0,0.0,True,2504.0,28.2320377409108,0.7919371177573978,2505,0,0.0,,0.3090169943749474,,
278,306,35.22106816912488,34.66906180829361,1.0,24.7660229,2.0,649.6435733202804,13.79203761706931,2749,0.04175837118164382,2749,0,0,1.0,0.0,0.0,True,2370.0,27.46624164780438,0.7859834187367722,2370,0,0.0,,0.3090169943749474,,
279,289,33.67092872951251,34.83550115772572,1.0,24.7660229,2.0,630.8259065869754,66.1815531170246,3010,0.04572306193406617,3010,0,0,1.0,0.0,0.0,True,2993.0,30.86586284794393,0.9011084915313563,3208,788,0.1971971971971972,,0.32037724101704074,,
277,299,34.41495400927894,34.80419319815187,2.1462643699419726,53.15443253543696,3.1462643699419726,640.9912189726385,46.567899017051985,3608,0.05480691277678097,3608,0,0,1.0,0.0,0.0,True,2159.0,26.215091918030804,0.7574520338851145,2160,0,0.0,,0.29339977411634566,,
277,307,34.41495400927894,34.7731578718143,1.0,24.7660229,2.0,649.4171928064034,18.720318844149336,2622,0.03982919215651877,2622,0,0,1.0,0.0,0.0,True,2018.0,25.344611859700862,0.732629093947762,2018,0,0.0,,0.30901699437494745,,
278,282,35.22106816912488,34.44496115286034,3.0,74.2980687,4.0,623.0021041541421,79.52963834484044,3990,0.06060964023818073,3990,0,0,1.0,0.0,0.0,True,2487.0,28.13603893477345,0.8077405647660266,2487,0,0.0,,0.28172904669025317,,
278,286,35.22106816912488,33.803348570228785,2.1462643699419726,53.15443253543696,3.1462643699419726,627.2333086727748,72.10419583088868,3304,0.05018903542530054,3304,0,0,1.0,0.0,0.0,True,1657.0,22.966050627100454,0.6654471478932923,1657,0,0.0,,0.29339977411634566,,
282,283,34.44496115286034,33.02748550656999,1.7320508075688772,42.89600996421431,2.732050807568877,631.3379692566566,87.3611536885781,2962,0.04499392340488505,2962,0,0,1.0,0.0,0.0,True,2662.0,29.10912085620675,0.8628446809743278,2662,0,0.0,,0.2989350844248255,,
282,288,34.44496115286034,36.077617314535985,2.1462643699419726,53.15443253543696,3.1462643699419726,637.6267023242658,77.53849628418412,3688,0.05602214365874951,3688,0,0,1.0,0.0,0.0,True,2437.0,27.85177180414018,0.7898682211971726,2437,0,0.0,,0.28989794855663564,,
282,296,34.44496115286034,33.97746035425201,1.414213562373095,35.02444547122265,2.414213562373095,643.9261008306216,65.81725671085827,2596,0.03943424211987899,2596,0,0,1.0,0.0,0.0,True,2255.0,26.791580642889436,0.7831228434411522,2255,0,0.0,,0.2989350844248255,,
282,307,34.44496115286034,34.7731578718143,1.0,24.7660229,2.0,656.012700112581,41.61457359007763,2531,0.038446867028279555,2531,0,0,1.0,0.0,0.0,True,2288.0,26.986904594423443,0.7797641708467473,2288,0,0.0,,0.3090169943749474,,
280,288,35.00874289082228,36.077617314535985,1.0,24.7660229,2.0,634.6010715249073,72.27650581252978,2984,0.045328111897426394,2984,0,0,1.0,0.0,0.0,True,2560.0,28.54598585844434,0.803135391261533,2560,0,0.0,,0.3090169943749474,,
280,297,35.00874289082228,34.37109114548263,1.0,24.7660229,2.0,645.1811821701868,50.56005396983081,2737,0.04157608654934854,2737,0,0,1.0,0.0,0.0,True,3583.0,33.771353573650586,0.9735207367598715,3583,0,0.0,,0.3090169943749474,,
280,312,35.00874289082228,33.34426049964825,8.917213725368399,220.84391932666807,9.917213725368399,656.1294393590449,32.30493026216891,8283,0.12582196744181728,8283,0,0,1.0,0.0,0.0,True,2637.0,28.97211020734693,0.8477201811262646,2645,794,0.2308810700785112,,0.26697807758999403,,
281,284,32.91034682777117,34.28884977153511,1.0,24.7660229,2.0,628.2804074769931,77.97770107963031,2525,0.03835572471213192,2290,91,144,0.906930693069307,0.03603960396039604,0.05702970297029703,True,2299.0,27.051699176512642,0.805119720041174,2382,3024,0.5593784683684795,0.4494897427831781,0.31451985913875646,0.44499443206436484,0.13496988364442164
282,313,34.44496115286034,34.098141231386556,1.0,24.7660229,2.0,660.2219124389721,29.156277315565372,2374,0.036061976422416306,2374,0,0,1.0,0.0,0.0,True,2485.0,28.124723414937254,0.8206434327198209,2485,0,0.0,,0.3090169943749474,,
283,296,33.02748550656999,33.97746035425201,1.0,24.7660229,2.0,645.542488172975,68.84004508275618,2270,0.03448217627585721,2270,0,0,1.0,0.0,0.0,True,2113.0,25.934316831301913,0.7741015681191913,2113,0,0.0,,0.31339216579491175,,
283,304,33.02748550656999,35.535592696227965,1.414213562373095,35.02444547122265,2.414213562373095,652.6602486420138,54.41797114840068,2901,0.04406730985738404,2901,0,0,1.0,0.0,0.0,True,3061.0,31.214524849957005,0.9105345228996206,3062,39,0.012576588197355692,,0.2989350844248255,,
283,305,33.02748550656999,34.6416302818491,1.0,24.7660229,2.0,652.2518116278613,55.72273286671752,2499,0.037960774675492144,2487,12,0,0.9951980792316927,0.004801920768307323,0.0,True,3727.0,34.44330044880989,1.0179917395848264,3751,649,0.1475,,0.3090169943749474,0.4423321653205262,
283,313,33.02748550656999,34.098141231386556,9.633758019665983,238.58987172810637,10.633758019665983,661.8382997813255,42.884255739039794,6253,0.0949854838118657,6249,4,0,0.9993603070526147,0.0006396929473852551,0.0,True,2165.0,26.251493359195905,0.7821600969679099,2165,0,0.0,,0.26655131052735265,0.2852740873786491,
284,290,34.28884977153511,33.03492496746054,1.0,24.7660229,2.0,640.5313376883907,82.12365611879653,2428,0.036882257267745064,2428,0,0,1.0,0.0,0.0,True,5228.0,40.79367702192164,1.2118654124808868,5300,347,0.06144855675579954,,0.3090169943749474,,
284,305,34.28884977153511,34.6416302818491,1.0,24.7660229,2.0,653.7446542914754,58.19594641995677,2697,0.04096847110836427,2674,11,12,0.9914720059325176,0.004078605858361142,0.004449388209121246,True,2348.0,27.33846397952051,0.7932184414891015,2493,1110,0.3080766028309742,0.4574428236973252,0.30901699437494745,0.4211646096066227,0.14842582932237774
284,315,34.28884977153511,34.032789929220975,1.0,24.7660229,2.0,670.063620497983,12.616749516766482,2383,0.03619868989663776,2383,0,0,1.0,0.0,0.0,True,3002.0,30.91223509104024,0.904903196891457,3759,1191,0.2406060606060606,,0.3090169943749474,,
286,287,33.803348570228785,34.368463896086006,1.0,24.7660229,2.0,638.7423303831922,89.02846393841963,2794,0.04244193855275112,2794,0,0,1.0,0.0,0.0,True,1652.0,22.93137440223813,0.6727523758758515,1652,0,0.0,,0.31339216579491175,,
286,292,33.803348570228785,34.94629997264993,1.0,24.7660229,2.0,647.3561855758576,74.49329770507656,2654,0.04031528450930618,2654,0,0,1.0,0.0,0.0,True,2170.0,26.28178938007886,0.7645650541380462,2170,0,0.0,,0.30901699437494745,,
286,293,33.803348570228785,35.26028324496813,1.0,24.7660229,2.0,647.2912918908776,74.25429523227547,2816,0.04277612704529247,2816,0,0,1.0,0.0,0.0,True,2202.0,26.47486297182116,0.766680299775245,2202,0,0.0,,0.30901699437494745,,
286,306,33.803348570228785,34.66906180829361,1.0,24.7660229,2.0,660.5942555990741,49.756952493008704,2389,0.03628983221278541,2389,0,0,1.0,0.0,0.0,True,2220.0,26.582850624566497,0.7764543551954376,2220,0,0.0,,0.30901699437494745,,
286,309,33.803348570228785,34.666545747833375,1.0,24.7660229,2.0,662.1330532948205,45.05173862701147,2804,0.042593842412997185,2804,0,0,1.0,0.0,0.0,True,2580.0,28.65727667372076,0.8370767023708127,2580,0,0.0,,0.3090169943749474,,
287,293,34.368463896086006,35.26028324496813,1.0,24.7660229,2.0,647.8496313225013,75.50526602920033,2588,0.03931271903168214,2588,0,0,1.0,0.0,0.0,True,3297.0,32.39548880242368,0.9305205143730877,3297,0,0.0,,0.3090169943749474,,
287,294,34.368463896086006,35.211250744385694,1.0,24.7660229,2.0,646.3669607427191,78.13105795884222,2892,0.04393059638316257,2892,0,0,1.0,0.0,0.0,True,2513.0,28.28272872231154,0.8129590317652904,2513,0,0.0,,0.3090169943749474,,
287,306,34.368463896086006,34.66906180829361,1.0,24.7660229,2.0,661.1525950306979,51.991904302953536,2452,0.03724682653233563,2452,0,0,1.0,0.0,0.0,True,2237.0,26.684437700523873,0.7730415430815782,2237,0,0.0,,0.30901699437494745,,
288,313,36.077617314535985,34.098141231386556,4.65685424949238,115.33175898489058,5.65685424949238,668.1270328489347,55.73528933860529,4347,0.06603260804896532,4347,0,0,1.0,0.0,0.0,True,2147.0,26.14213697532393,0.7450475069169844,2147,0,0.0,,0.2798057840438667,,
288,319,36.077617314535985,33.10492506183569,1.0,24.7660229,2.0,679.333683273966,12.226241324165974,2586,0.039282338259632926,2586,0,0,1.0,0.0,0.0,True,2107.0,25.897469571161718,0.7486706524970564,2107,0,0.0,,0.3090169943749474,,
289,316,34.83550115772572,36.16501681690876,1.0,24.7660229,2.0,677.1597867286973,18.289025257988357,2976,0.045206588809229536,2716,176,84,0.9126344086021505,0.05913978494623656,0.028225806451612902,True,788.0,15.837556323903858,0.4461250924834649,2698,2816,0.5107000362713094,0.4211646096066227,0.29581631632448924,0.4072739409583566,0.12534829328213348
290,304,33.03492496746054,35.535592696227965,4.766114533138578,118.03770167173282,5.766114533138578,658.7443870677805,68.30680907888792,5252,0.07977990740123439,4096,703,453,0.7798933739527799,0.13385376999238385,0.08625285605483625,True,2105.0,25.885175495191827,0.754994314674667,2118,235,0.09987250318742032,0.420449861343358,0.22901628833426058,0.40103048993422497,0.1914335730090974
290,318,33.03492496746054,35.3688224619995,1.0,24.7660229,2.0,678.8798828660354,5.7295440001860385,2722,0.041348230758979435,2722,0,0,1.0,0.0,0.0,True,4764.0,38.94134432424719,1.1385734199549418,4798,576,0.10718273167100856,,0.3090169943749474,,
291,301,34.42261180835793,33.896966355948706,4.0,99.0640916,5.0,658.4223792211149,79.23130453615285,4943,0.07508607811963092,4930,13,0,0.9973700182075662,0.0026299817924337445,0.0,True,3634.0,34.01085306768849,0.9956400194946566,3634,3,0.0008248556502612042,,0.28172904669025317,0.3874258867227931,
291,302,34.42261180835793,33.78327978713968,4.123105625617661,102.1129283431658,5.123105625617661,658.6443392149174,79.00440198083675,4732,0.0718809066684389,4732,0,0,1.0,0.0,0.0,True,3410.0,32.94596654959035,0.9660739205633425,3410,0,0.0,,0.28172904669025317,,
291,326,34.42261180835793,34.557408115356345,5.324555320336759,131.868058995777,6.324555320336759,687.5624874674673,22.878576675960314,4847,0.07362780106126868,4847,0,0,1.0,0.0,0.0,True,2988.0,30.8400703617415,0.8941740056279442,2988,15,0.004995004995004995,,0.27718637277259645,,
287,310,34.368463896086006,34.07300414195759,1.0,24.7660229,2.0,662.45657393118,47.93129277730864,2347,0.03565183599975193,2347,0,0,1.0,0.0,0.0,True,2355.0,27.379185195378387,0.8000759183061212,2355,0,0.0,,0.3090169943749474,,
288,306,36.077617314535985,34.66906180829361,13.560219778561036,335.8327135648755,14.560219778561036,664.268171490404,62.98132982266953,10602,0.16104847263288022,10600,2,0,0.9998113563478589,0.00018864365214110544,0.0,True,1214.0,19.657777133417753,0.5557229647285109,1214,0,0.0,,0.2624875174198633,0.44570449269508744,
288,310,36.077617314535985,34.07300414195759,1.0,24.7660229,2.0,665.5721503908862,54.99128153445374,2887,0.04385464445303954,2887,0,0,1.0,0.0,0.0,True,2459.0,27.977205187901475,0.7976324259722357,2459,0,0.0,,0.3090169943749474,,
288,312,36.077617314535985,33.34426049964825,1.0,24.7660229,2.0,667.060190568366,51.03093192728921,2777,0.042183701990332806,2777,0,0,1.0,0.0,0.0,True,2887.0,30.314363615497584,0.8733374714131912,2887,3,0.0010380622837370243,,0.3090169943749474,,
292,302,34.94629997264993,33.78327978713968,1.0,24.7660229,2.0,661.0343253255729,82.64050604509224,2362,0.03587969179012102,2362,0,0,1.0,0.0,0.0,True,2880.0,30.277590264241923,0.8810643210699767,2883,59,0.020054384772263765,,0.3090169943749474,,
292,306,34.94629997264993,34.66906180829361,6.348469228349534,157.22633428924988,7.348469228349534,669.7664502233631,69.55000170029149,5703,0.08663077149833201,5666,37,0,0.9935121865684727,0.0064878134315272664,0.0,True,1704.0,23.28948359361322,0.6690903558584527,1704,0,0.0,,0.2711923793731366,0.3918303921912176,
292,307,34.94629997264993,34.7731578718143,4.449489742783178,110.1961648630833,5.449489742783178,669.4160992555027,70.21344986815458,4253,0.0646047117626523,4253,0,0,1.0,0.0,0.0,True,1859.0,24.325667070312107,0.6978157266965489,1859,0,0.0,,0.27718637277259645,,
292,323,34.94629997264993,34.62411500436796,1.0,24.7660229,2.0,687.003245141196,31.82510632760017,2535,0.03850762857237798,2535,0,0,1.0,0.0,0.0,True,2734.0,29.50015642037316,0.8480661335746907,2734,0,0.0,,0.3090169943749474,,
292,324,34.94629997264993,33.309798381788774,3.4721359549995796,85.99099857343296,4.47213595499958,688.2529280532035,29.870878388435873,3659,0.05558162246403591,3659,0,0,1.0,0.0,0.0,True,2273.0,26.898296810314147,0.7881580535306102,2273,0,0.0,,0.28172904669025317,,
293,309,35.26028324496813,34.666545747833375,1.0,24.7660229,2.0,671.2403542341294,65.54865104031873,2560,0.038887388222993154,2560,0,0,1.0,0.0,0.0,True,2833.0,30.02951727148938,0.8588839992896208,2833,0,0.0,,0.3090169943749474,,
293,325,35.26028324496813,35.71597759673222,1.0,24.7660229,2.0,692.3599572724472,7.265236423655504,2775,0.04215332121828359,2775,0,0,1.0,0.0,0.0,True,3264.0,32.23295624828558,0.908274283994062,3264,0,0.0,,0.3090169943749474,,
294,297,35.211250744385694,34.37109114548263,1.0,24.7660229,2.0,660.0626478477049,78.87127652817982,3032,0.046057250426607514,3032,0,0,1.0,0.0,0.0,True,2430.0,27.81174254566965,0.7993908164139911,2430,0,0.0,,0.30901699437494745,,
294,310,35.211250744385694,34.07300414195759,1.0,24.7660229,2.0,669.5228648590831,61.850712616265064,2799,0.04251789048287415,2799,0,0,1.0,0.0,0.0,True,2013.0,25.313194205551593,0.7307055332290543,2013,0,0.0,,0.3164309725825327,,
294,322,35.211250744385694,34.05517337916273,1.0,24.7660229,2.0,683.3643902681232,30.59483583782738,2681,0.04072542493197056,2681,0,0,1.0,0.0,0.0,True,3274.0,32.28229495196602,0.9321195762721941,3274,0,0.0,,0.31451985913875646,,
294,331,35.211250744385694,34.33312542075766,10.180339887498949,252.12653078358238,11.180339887498949,690.0583729728677,24.602140732522013,8165,0.1240295018909137,8164,1,0,0.9998775260257196,0.0001224739742804654,0.0,True,1848.0,24.253590861306396,0.6974997030302689,1848,0,0.0,,0.26688735915939243,0.48226116538360686,
295,299,35.338070436641885,34.80419319815187,10.180339887498949,252.12653078358238,11.180339887498949,664.3835531610903,88.45341193458793,9208,0.13987307451457848,9177,31,0,0.9966333622936577,0.003366637706342311,0.0,True,2122.0,25.989489769558844,0.7410507851550681,2122,0,0.0,,0.2663346240702891,0.22730649559533378,
295,300,35.338070436641885,34.3772871687096,1.0,24.7660229,2.0,663.5156047707565,89.66871613727886,3082,0.04681676972783785,3082,0,0,1.0,0.0,0.0,True,3198.0,31.905407316249114,0.9153049890918151,3198,17,0.0052877138413685845,,0.31451985913875646,,
295,301,35.338070436641885,33.896966355948706,1.8284271247461903,45.2828680424453,2.8284271247461903,664.2057930711228,88.59329635106735,3090,0.046938292816034705,3090,0,0,1.0,0.0,0.0,True,3162.0,31.725318912709863,0.9164527205423555,3162,14,0.004408060453400504,,0.28989794855663564,,
295,317,35.338070436641885,34.492048097229414,7.613903745752154,188.56611452569362,8.613903745752154,685.0631377128316,56.40195899615158,6265,0.09516776844416097,6257,8,0,0.9987230646448524,0.0012769353551476455,0.0,True,1930.0,24.78584435387901,0.7098897975336119,1930,0,0.0,,0.26968623182294527,0.33977053751052777,
295,327,35.338070436641885,35.42991301967603,1.0,24.7660229,2.0,694.6265325656112,26.925315440995984,3103,0.04713576783435459,3103,0,0,1.0,0.0,0.0,True,3743.0,34.51715376426522,0.9755019735886976,3833,677,0.1501108647450111,,0.3090169943749474,,
296,304,33.97746035425201,35.535592696227965,2.6502815398728847,65.63693330793913,3.6502815398728847,665.2483802159788,78.48030747102048,4113,0.06247805771920736,4113,0,0,1.0,0.0,0.0,True,3051.0,31.163495675978737,0.896622844441834,3051,10,0.003266906239790918,,0.28172904669025317,,
296,307,33.97746035425201,34.7731578718143,4.55269276785519,112.752093345366,5.55269276785519,670.2172190288995,70.74814570829962,5006,0.07604307243918114,5006,0,0,1.0,0.0,0.0,True,1972.0,25.05408341078227,0.7288395088579201,1972,0,0.0,,0.28172904669025317,,
296,317,33.97746035425201,34.492048097229414,1.7320508075688772,42.89600996421431,2.732050807568877,682.470829746876,46.96313333986723,2906,0.04414326178750707,2906,0,0,1.0,0.0,0.0,True,2688.0,29.25093116572581,0.8544221165675077,2688,0,0.0,,0.2989350844248255,,
296,329,33.97746035425201,33.69687930517439,1.0,24.7660229,2.0,690.9723865930468,19.10740728625552,2477,0.0376265861829508,2477,0,0,1.0,0.0,0.0,True,2394.0,27.604960922341384,0.8158176662310814,2395,20,0.008281573498964804,,0.30901699437494745,,
297,310,34.37109114548263,34.07300414195759,1.0,24.7660229,2.0,676.1522610361658,74.17855410623011,2546,0.03867472281864866,2546,0,0,1.0,0.0,0.0,True,2352.0,27.361740666563517,0.7995354618000046,2352,0,0.0,,0.30901699437494745,,
297,320,34.37109114548263,35.407012892082825,1.0,24.7660229,2.0,689.9954360486327,49.7725957169154,2553,0.0387810555208209,2553,0,0,1.0,0.0,0.0,True,4314.0,37.056562833010744,1.0621258156587667,4935,26,0.005240878855069542,,0.30901699437494745,,
297,331,34.37109114548263,34.33312542075766,1.0,24.7660229,2.0,696.6877691499503,29.69473375117159,2769,0.04206217890213595,2769,0,0,1.0,0.0,0.0,True,2967.0,30.731505532715232,0.8946031864896049,3429,14,0.004066221318617485,,0.30901699437494745,,
299,301,34.80419319815187,33.896966355948706,1.0,24.7660229,2.0,665.2741105533617,89.69626659249967,2756,0.041864703883816065,2756,0,0,1.0,0.0,0.0,True,2926.0,30.5184325772765,0.8884401013128153,2926,0,0.0,,0.3090169943749474,,
299,307,34.80419319815187,34.7731578718143,3.4721359549995796,85.99099857343296,4.47213595499958,673.877844477094,76.44032880749637,4780,0.07261004519762003,4779,1,0,0.9997907949790795,0.00020920502092050208,0.0,True,2421.0,27.76019154204375,0.7979663242461883,2421,0,0.0,,0.2801868778094689,0.2989350844248255,
299,317,34.80419319815187,34.492048097229414,2.1462643699419726,53.15443253543696,3.1462643699419726,686.1314551950704,54.94872867375017,3503,0.05321192224419727,3503,0,0,1.0,0.0,0.0,True,3066.0,31.240008179248324,0.9016364407438797,3066,0,0.0,,0.29339977411634566,,
299,323,34.80419319815187,34.62411500436796,1.0,24.7660229,2.0,691.4649903627873,44.00562680583483,2561,0.03890257860901776,2561,0,0,1.0,0.0,0.0,True,3212.0,31.975167777860612,0.9210988602686448,3212,0,0.0,,0.3090169943749474,,
300,314,34.3772871687096,33.97256561883531,1.0,24.7660229,2.0,679.1200730502558,63.695193232742284,2657,0.04036085566738,2657,0,0,1.0,0.0,0.0,True,4235.0,36.715696479685,1.0743460295023648,4238,373,0.08089351550639774,,0.3203772410170408,,
300,317,34.3772871687096,34.492048097229414,1.0,24.7660229,2.0,685.2635068047366,50.99644022883458,2545,0.03865953243262405,2545,0,0,1.0,0.0,0.0,True,2718.0,29.413708889691947,0.8541888425700895,2718,0,0.0,,0.3090169943749474,,
300,337,34.3772871687096,33.573291294404,4.841619252963779,119.90765329198184,5.841619252963779,699.0048657756042,15.419513023429145,4614,0.07008844111753532,4614,0,0,1.0,0.0,0.0,True,3068.0,31.25019569237719,0.91979189579206,3072,256,0.07692307692307693,,0.28172904669025317,,
301,308,33.896966355948706,33.41468243856815,2.0,49.5320458,3.0,672.8203903085789,76.87436367585705,3139,0.04768262173124043,2276,637,226,0.7250716788786238,0.2029308697037273,0.07199745141764893,True,4278.0,36.90162182200474,1.0964408830529409,4592,216,0.04492512479201331,0.4068781988545112,0.23166247903554,0.392280956059262,0.17521571981897122
301,326,33.896966355948706,34.557408115356345,1.0,24.7660229,2.0,694.2364587097468,34.43534100258535,2425,0.036836686109671245,2425,0,0,1.0,0.0,0.0,True,2537.0,28.417462611012212,0.8302599455619698,2537,0,0.0,,0.30901699437494745,,
301,327,33.896966355948706,35.42991301967603,1.0,24.7660229,2.0,695.5170899578827,33.808625050175905,2453,0.03726201691836024,2453,0,0,1.0,0.0,0.0,True,2587.0,28.696126490477184,0.8278499407133768,2587,1,0.0003863987635239567,,0.30901699437494745,,
302,309,33.78327978713968,34.666545747833375,1.0,24.7660229,2.0,675.8111930445358,72.31094884296019,2785,0.04230522507852966,2785,0,0,1.0,0.0,0.0,True,3793.0,34.74693365313144,1.0152526578867085,4156,0,0.0,,0.30901699437494745,,
302,332,33.78327978713968,34.85745533381016,1.0,24.7660229,2.0,696.8974568382702,23.993607534795498,2561,0.03890257860901776,2555,6,0,0.9976571651698555,0.0023428348301444747,0.0,True,4741.0,38.84722860639291,1.1319001330024028,4741,119,0.02448559670781893,,0.3090169943749474,0.45151716180708645,
304,314,35.535592696227965,33.97256561883531,1.0,24.7660229,2.0,683.4451564614337,70.54452194558469,3044,0.04623953505890279,3044,0,0,1.0,0.0,0.0,True,3526.0,33.501651581437685,0.9639631488891705,3526,0,0.0,,0.3090169943749474,,
305,315,34.6416302818491,34.032789929220975,1.0,24.7660229,2.0,687.8682328632203,61.18901071757535,2781,0.04224446353443123,2781,0,0,1.0,0.0,0.0,True,3017.0,30.989367960907117,0.9025010437849097,3022,143,0.04518167456556082,,0.3090169943749474,,
305,328,34.6416302818491,33.04819098246518,1.0,24.7660229,2.0,696.8425134550819,42.66274761502144,2410,0.03660883031930215,2410,0,0,1.0,0.0,0.0,True,3033.0,31.071431972077455,0.9180533023052361,3033,1,0.0003295978905735003,,0.30901699437494745,,
305,330,34.6416302818491,34.607113552636065,1.0,24.7660229,2.0,698.7998501887478,38.535758284403606,2583,0.03923676710155911,2575,8,0,0.9969028261711188,0.003097173828881146,0.0,True,2238.0,26.69040136976819,0.7708558998142184,2328,787,0.25264847512038524,,0.30901699437494745,0.4565941008042993,
306,307,34.66906180829361,34.7731578718143,2.863703305156273,70.92254163430594,3.863703305156273,682.6541692787193,89.4640861783274,3581,0.05439677235411659,3581,0,0,1.0,0.0,0.0,True,2365.0,27.43725352189364,0.7902182173405723,2365,0,0.0,,0.2791745113185196,,
304,318,35.535592696227965,35.3688224619995,4.155870949147037,102.92439509602025,5.155870949147037,692.5016364832724,57.61956895411811,5169,0.07851910536119203,4972,197,0,0.9618881795318244,0.03811182046817566,0.0,True,2724.0,29.44615645486938,0.8305873869535068,2724,0,0.0,,0.26968623182294527,0.38960549622588037,
304,328,35.535592696227965,33.04819098246518,1.0,24.7660229,2.0,697.2509504692342,45.96049652514797,2295,0.034861935926472375,2289,6,0,0.9973856209150327,0.00261437908496732,0.0,True,2770.0,29.693743191606885,0.8659114909938049,2770,20,0.007168458781362007,,0.3090169943749474,0.40840426667279134,
304,334,35.535592696227965,34.644149962492534,1.0,24.7660229,2.0,703.472051923934,29.413686519831266,2695,0.040938090336315056,2695,0,0,1.0,0.0,0.0,True,2518.0,28.310851160125598,0.8068097740910626,2518,0,0.0,,0.3090169943749474,,
305,313,34.6416302818491,34.098141231386556,7.840676900366725,194.18238366598334,8.840676900366725,681.1357548101769,75.57312647995066,6363,0.09665642627457242,3679,412,2272,0.5781863900675782,0.06474933207606474,0.3570642778563571,True,2.0,0.7978845608028654,0.023214641050973955,2372,446,0.15826827537260468,0.3753612022949537,0.1757340838011157,0.31821001794429254,0.199627118493838
306,319,34.66906180829361,33.10492506183569,1.0,24.7660229,2.0,698.0700320301418,63.6489716374157,2701,0.041029232652462694,2701,0,0,1.0,0.0,0.0,True,2042.0,25.494877673511212,0.7523499457797965,2042,0,0.0,,0.31339216579491175,,
306,324,34.66906180829361,33.309798381788774,1.0,24.7660229,2.0,701.49099807642,57.39800962403252,2453,0.03726201691836024,2453,0,0,1.0,0.0,0.0,True,2726.0,29.456964367310718,0.866650728916113,2726,0,0.0,,0.3090169943749474,,
306,333,34.66906180829361,34.009413816912414,1.0,24.7660229,2.0,707.6874027133987,42.66483774627179,2777,0.042183701990332806,2777,0,0,1.0,0.0,0.0,True,2866.0,30.203909247028673,0.87957424715884,2866,0,0.0,,0.3090169943749474,,
306,341,34.66906180829361,35.04616676501287,1.0,24.7660229,2.0,712.2266259236515,35.317162254770096,2552,0.038765865134796296,2552,0,0,1.0,0.0,0.0,True,2027.0,25.401065711787442,0.7287092427754973,2027,0,0.0,,0.3090169943749474,,
307,323,34.7731578718143,34.62411500436796,5.324555320336759,131.868058995777,6.324555320336759,699.8909641965521,62.556554353921236,5046,0.07665068788016541,5046,0,0,1.0,0.0,0.0,True,2175.0,26.31205051777122,0.7583021472534476,2175,0,0.0,,0.2758872381516119,,
307,329,34.7731578718143,33.69687930517439,1.0,24.7660229,2.0,703.0589858750061,52.13821175955694,2616,0.039738049840371124,2616,0,0,1.0,0.0,0.0,True,2793.0,29.816765621229397,0.8709434622959479,2793,0,0.0,,0.3090169943749474,,
307,341,34.7731578718143,35.04616676501287,1.0,24.7660229,2.0,711.876274955791,29.578919548105763,3080,0.046786388955788634,3080,0,0,1.0,0.0,0.0,True,2773.0,29.70981848459616,0.8510485782878887,2774,0,0.0,,0.3090169943749474,,
308,338,33.41468243856815,33.951039623183405,1.0,24.7660229,2.0,710.13982302193,33.664204944922766,2270,0.03448217627585721,2270,0,0,1.0,0.0,0.0,True,3202.0,31.925354431243168,0.9478219324058734,3314,268,0.07481853713009493,,0.3090169943749474,,
308,342,33.41468243856815,32.844899649806145,1.0,24.7660229,2.0,711.4077662155423,24.608021783699183,2486,0.037763299657172254,2486,0,0,1.0,0.0,0.0,True,2033.0,25.43863201140436,0.7678476443595845,2141,49,0.02237442922374429,,0.3203772410170408,,
309,324,34.666545747833375,33.309798381788774,1.0,24.7660229,2.0,703.0297957721664,59.67160872588709,2721,0.04133304037295483,2721,0,0,1.0,0.0,0.0,True,3645.0,34.06228904727216,1.002180669861261,3645,0,0.0,,0.30901699437494745,,
309,325,34.666545747833375,35.71597759673222,1.0,24.7660229,2.0,707.2017186763901,53.610454813481525,2673,0.04060390184377371,2673,0,0,1.0,0.0,0.0,True,3407.0,32.9314710000658,0.9357854602298374,4109,0,0.0,,0.3090169943749474,,
310,319,34.07300414195759,33.10492506183569,1.0,24.7660229,2.0,699.3740109306239,66.12215787181844,2426,0.03685187649569585,2426,0,0,1.0,0.0,0.0,True,1799.0,23.92988686234516,0.7124330013135902,1799,0,0.0,,0.3090169943749474,,
310,322,34.07300414195759,34.05517337916273,11.696440508742775,289.6743134880112,12.696440508742775,699.4540034565841,69.66785505462991,9427,0.14319976905396736,9387,40,0,0.9957568685690039,0.0042431314309960754,0.0,True,1344.0,20.683531783305643,0.6071946303537495,1344,0,0.0,,0.26248390274928673,0.3491103478906412,
310,331,34.07300414195759,34.33312542075766,2.1462643699419726,53.15443253543696,3.1462643699419726,706.1479861613286,54.342483264429596,3086,0.04687753127193627,3086,0,0,1.0,0.0,0.0,True,2032.0,25.43237481489809,0.7435700565862742,2032,0,0.0,,0.28989794855663564,,
310,333,34.07300414195759,34.009413816912414,1.0,24.7660229,2.0,708.9913816138808,47.45694355376603,2525,0.03835572471213192,2525,0,0,1.0,0.0,0.0,True,2415.0,27.725770956528052,0.8144766824608893,2415,0,0.0,,0.3090169943749474,,
310,340,34.07300414195759,33.97208296289707,1.0,24.7660229,2.0,712.8358801999202,38.45536548034597,2496,0.037915203517418325,2496,0,0,1.0,0.0,0.0,True,2219.0,26.57686282166937,0.7811544948341539,2219,0,0.0,,0.30901699437494745,,
311,314,34.28627759674208,33.97256561883531,3.6855577202829677,91.27660689979977,4.685557720282968,691.9744980125458,85.80834794433264,4500,0.06835673711073015,2345,188,1967,0.5211111111111111,0.041777777777777775,0.4371111111111111,True,55.0,4.1841419359420025,0.12259633298289287,1472,4895,0.7688079158159259,0.3874258867227931,0.17684258135111197,0.3333333333333333,0.21058330537168113
311,339,34.28627759674208,32.924080466021984,5.414213562373095,134.08853707122265,6.414213562373095,713.8207024164442,48.43252216225255,5258,0.07987104971738203,5160,98,0,0.9813617344998098,0.018638265500190185,0.0,True,3219.0,32.00999099696253,0.9525314823369978,3901,2573,0.3974358974358974,,0.27149702790318514,0.427897377591212,
312,319,33.34426049964825,33.10492506183569,4.39834563766817,108.929528784605,5.39834563766817,700.8620511081037,69.97258265982508,4080,0.06197677498039533,4080,0,0,1.0,0.0,0.0,True,1918.0,24.708669767927827,0.7436861583522479,1918,0,0.0,,0.27999633092666776,,
312,320,33.34426049964825,35.407012892082825,3.414213562373095,84.55649127122264,4.414213562373095,700.9436932374906,70.48881307667844,3869,0.05877160352920332,3869,0,0,1.0,0.0,0.0,True,2340.0,27.29185104880338,0.7939300525620767,2468,1269,0.3395772009633396,,0.2791745113185196,,
312,330,33.34426049964825,34.607113552636065,9.071067811865476,224.65427315611325,10.071067811865476,707.3194960616432,60.8956232216103,6949,0.10555799248499195,3114,817,3018,0.44812203194704275,0.11757087350697942,0.4343070945459778,True,1420.0,21.260292528114064,0.6257501875313252,1782,1801,0.5026514094334357,0.36813914894616345,0.13879564861321142,0.32549696263601924,0.22934350033295203
312,340,33.34426049964825,33.97208296289707,1.0,24.7660229,2.0,714.3239203774001,38.364676032356826,2889,0.043885025225088754,2889,0,0,1.0,0.0,0.0,True,2632.0,28.944630252185586,0.8599584815027964,2641,68,0.025101513473606497,,0.3090169943749474,,
313,319,34.098141231386556,33.10492506183569,1.0,24.7660229,2.0,701.9288933886723,70.86289353264954,2349,0.03568221677180114,2349,0,0,1.0,0.0,0.0,True,2449.0,27.920259870998752,0.830922200757219,2449,0,0.0,,0.30383243470068705,,
313,328,34.098141231386556,33.04819098246518,9.3166247903554,230.7357429086495,10.3166247903554,706.429001608546,65.94572607573475,7385,0.11218100079172047,3759,566,3060,0.5090047393364929,0.07664184157075152,0.4143534190927556,False,1.0,0.5641895835477563,0.016804777415120483,1970,309,0.1355857832382624,0.3706793556038632,0.1557104466440276,0.3325232780040457,0.21496890895983561
313,329,34.098141231386556,33.69687930517439,1.0,24.7660229,2.0,707.2681982013971,61.190295990916475,2524,0.03834053432610731,2524,0,0,1.0,0.0,0.0,True,2534.0,28.400655830274864,0.8378389918757757,2534,0,0.0,,0.3090169943749474,,
313,343,34.098141231386556,34.4385881707698,1.0,24.7660229,2.0,723.8899834842753,12.794794521917375,2628,0.03992033447266641,2628,0,0,1.0,0.0,0.0,True,3037.0,31.091914131171986,0.9073066194545826,3037,18,0.005891980360065467,,0.3090169943749474,,
314,334,33.97256561883531,34.644149962492534,1.0,24.7660229,2.0,714.5510677003502,53.52007159695935,2772,0.042107750060209774,2772,0,0,1.0,0.0,0.0,True,3259.0,32.20825855387053,0.9387875324838523,3259,0,0.0,,0.3090169943749474,,
315,321,34.032789929220975,33.714110834070496,7.4852813742385695,185.38064992733587,8.48528137423857,708.5312949958092,83.13824098832175,7504,0.11398865672864868,2954,220,4330,0.39365671641791045,0.02931769722814499,0.5770255863539445,False,1015.0,17.974552413802897,0.5306383675500141,2332,3794,0.6193274567417565,0.36832604467353036,0.13231996486433334,0.24168800807263552,0.23600607980919702
315,345,34.032789929220975,34.26934576442317,1.0,24.7660229,2.0,738.8623799358605,4.529482004136698,2435,0.036988589969917315,2435,0,0,1.0,0.0,0.0,True,3766.0,34.62304191384916,1.013820184749245,3974,536,0.1188470066518847,,0.3090169943749474,,
317,327,34.492048097229414,35.42991301967603,11.36931687685298,281.5727621294974,12.36931687685298,716.3744345995915,76.20197957622639,9340,0.14187820546982657,9340,0,0,1.0,0.0,0.0,True,1786.0,23.84326858306659,0.6819965630884419,1786,0,0.0,,0.26747889038858935,,
317,329,34.492048097229414,33.69687930517439,3.414213562373095,84.55649127122264,4.414213562373095,715.3125965929826,76.41169310653179,3648,0.05541452821776524,3639,9,0,0.9975328947368421,0.0024671052631578946,0.0,True,2193.0,26.4207036318311,0.774926506056164,2193,0,0.0,,0.2801868778094689,0.4494897427831781,
317,334,34.492048097229414,34.644149962492534,1.0,24.7660229,2.0,720.6945014548312,66.86351801701916,2640,0.040102619104961684,2640,0,0,1.0,0.0,0.0,True,2505.0,28.237674565912748,0.8168709115742866,2505,0,0.0,,0.3164309725825327,,
319,341,33.10492506183569,35.04616676501287,2.449489742783178,60.66411906308329,3.449489742783178,727.2921377072134,66.00697372094285,3637,0.055247433971494564,3637,0,0,1.0,0.0,0.0,True,1933.0,24.8051004834342,0.7279443312942514,1933,0,0.0,,0.2898979485566356,,
319,343,33.10492506183569,34.4385881707698,1.0,24.7660229,2.0,735.0966339093068,49.5480711712282,2668,0.04052794991365068,2668,0,0,1.0,0.0,0.0,True,2268.0,26.86869594648831,0.7955966357260168,2268,0,0.0,,0.3090169943749474,,
319,347,33.10492506183569,34.87329758068675,1.0,24.7660229,2.0,745.8016321159134,17.0678034552603,2565,0.038963340153116185,2565,0,0,1.0,0.0,0.0,True,1679.0,23.11800810845486,0.6801592395266258,1679,0,0.0,,0.30901699437494745,,
320,335,35.407012892082825,33.081600366681336,2.23606797749979,55.37851073671648,3.23606797749979,723.0353008033109,74.43123694932409,3196,0.048548473734643015,2536,125,535,0.7934918648310388,0.03911138923654568,0.16739674593241552,True,1686.0,23.16614918595387,0.676496371694003,2626,3407,0.5647273330018233,0.4068781988545112,0.25,0.375,0.1568781988545112
317,337,34.492048097229414,33.573291294404,1.0,24.7660229,2.0,720.5523987176794,65.76743119341246,2807,0.042639413571071004,2807,0,0,1.0,0.0,0.0,True,2575.0,28.62949452790358,0.8412356357521583,2577,0,0.0,,0.30901699437494745,,
317,344,34.492048097229414,34.55040993610072,1.0,24.7660229,2.0,732.6705405376724,44.26836427384545,2418,0.036730353407499,2418,0,0,1.0,0.0,0.0,True,2750.0,29.586351363515988,0.8570480312051817,2750,0,0.0,,0.3090169943749474,,
317,359,34.492048097229414,33.54502766358516,9.198039027185569,227.7988451823715,10.198039027185569,744.6636705864945,11.859591165831608,7423,0.11275823546065553,7423,0,0,1.0,0.0,0.0,True,1453.0,21.505912317896396,0.6321821470840626,1453,0,0.0,,0.27013511384464434,,
318,328,35.3688224619995,33.04819098246518,1.0,24.7660229,2.0,717.3864462674891,82.29942319502095,2583,0.03923676710155911,2583,0,0,1.0,0.0,0.0,True,2716.0,29.40288507740653,0.8595196895366787,2718,0,0.0,,0.3203772410170408,,
322,333,34.05517337916273,34.009413816912414,1.0,24.7660229,2.0,722.8329070229208,73.53962268597175,2580,0.03919119594348529,2580,0,0,1.0,0.0,0.0,True,2324.0,27.19838553096727,0.7991934323385019,2324,0,0.0,,0.30901699437494745,,
322,348,34.05517337916273,34.744901778773794,1.0,24.7660229,2.0,746.9300787712148,15.310560954501478,2470,0.037520253480778545,2470,0,0,1.0,0.0,0.0,True,3164.0,31.735350634355903,0.9225382548348866,3244,122,0.036244800950683304,,0.3090169943749474,,
323,324,34.62411500436796,33.309798381788774,5.708203932499369,141.36950931014943,6.708203932499369,718.7277929942529,88.06978112079929,4847,0.07362780106126868,4847,0,0,1.0,0.0,0.0,True,1905.0,24.62479102815131,0.7249631237398798,1905,0,0.0,,0.2742918851774318,,
323,326,34.62411500436796,34.557408115356345,1.0,24.7660229,2.0,720.4273385191723,84.94094653446429,2704,0.04107480381053651,2704,0,0,1.0,0.0,0.0,True,3313.0,32.473999644745,0.9388055706303569,3320,0,0.0,,0.3090169943749474,,
318,346,35.3688224619995,34.91851930854206,1.0,24.7660229,2.0,744.0655761159238,23.073202402614083,2955,0.044887590702712796,2955,0,0,1.0,0.0,0.0,True,3999.0,35.6780217339608,1.0152047533803297,4164,302,0.06762203313927452,,0.3090169943749474,,
318,349,35.3688224619995,36.75448079357758,6.834654549917682,169.2672110968505,7.834654549917682,744.6393365070026,35.46762095818028,6685,0.10154773057449579,6685,0,0,1.0,0.0,0.0,True,3806.0,34.80642795254215,0.9651922854726064,3809,171,0.04296482412060301,,0.2711923793731366,,
319,333,33.10492506183569,34.009413816912414,6.6212327846342935,163.98160277048368,7.6212327846342935,722.7529144969607,75.06177806801111,5555,0.08438259436669021,5555,0,0,1.0,0.0,0.0,True,1387.0,21.011801734666108,0.6261494066901861,1387,0,0.0,,0.26968623182294527,,
319,340,33.10492506183569,33.97208296289707,1.0,24.7660229,2.0,726.5974130830001,66.2970030927246,2498,0.03794558428946754,2498,0,0,1.0,0.0,0.0,True,2180.0,26.34227689249097,0.7854338667812374,2180,0,0.0,,0.3090169943749474,,
320,340,35.407012892082825,33.97208296289707,1.0,24.7660229,2.0,726.6790552123871,67.3874073086688,2919,0.04434073680582696,2919,0,0,1.0,0.0,0.0,True,2244.0,26.726155439876237,0.7704382742531196,2288,240,0.0949367088607595,,0.30901699437494745,,
320,351,35.407012892082825,35.66781552093881,4.449489742783178,110.1961648630833,5.449489742783178,745.5883187670777,29.744232443099133,5367,0.08152680179406416,5367,0,0,1.0,0.0,0.0,True,4601.0,38.26935832139887,1.0768751518895692,4872,1164,0.19284294234592445,,0.2791745113185196,,
322,325,34.05517337916273,35.71597759673222,1.0,24.7660229,2.0,720.808425290166,77.51434443781297,2898,0.04402173869931022,2898,0,0,1.0,0.0,0.0,True,2667.0,29.136445672939754,0.8352003733751225,2685,0,0.0,,0.3090169943749474,,
322,331,34.05517337916273,34.33312542075766,1.0,24.7660229,2.0,719.9895115703687,78.9535264876031,2666,0.040497569141601464,2666,0,0,1.0,0.0,0.0,True,3246.0,32.1439557390279,0.9400425600019552,3344,43,0.012695600826690287,,0.3164309725825327,,
323,332,34.62411500436796,34.85745533381016,1.0,24.7660229,2.0,722.8663766538932,81.38220046949378,2343,0.035591074455653494,2343,0,0,1.0,0.0,0.0,True,2406.0,27.67405980621926,0.7965870567267005,2406,0,0.0,,0.3090169943749474,,
323,341,34.62411500436796,35.04616676501287,11.091589177747522,274.69455157348733,12.091589177747522,729.4634208414843,72.62095000292553,8520,0.12942208892964907,8315,205,0,0.9759389671361502,0.024061032863849766,0.0,True,1868.0,24.384480051691096,0.6999965963223003,1868,0,0.0,,0.2680748568360903,0.22010035998273025,
323,344,34.62411500436796,34.55040993610072,2.1462643699419726,53.15443253543696,3.1462643699419726,738.0040757053891,54.34318371952776,3649,0.05542971860378985,3649,0,0,1.0,0.0,0.0,True,3527.0,33.50640190426644,0.9687497509553386,3527,0,0.0,,0.28989794855663564,,
323,356,34.62411500436796,34.335218080786525,1.0,24.7660229,2.0,749.9144534392731,20.868174512360895,2720,0.04131784998693022,2720,0,0,1.0,0.0,0.0,True,2569.0,28.59612032437544,0.8293618585047364,2570,0,0.0,,0.3090169943749474,,
324,332,33.309798381788774,34.85745533381016,4.123105625617661,102.1129283431658,5.123105625617661,724.1160595659007,83.7528682827971,4149,0.0630249116160932,3981,168,0,0.9595083152566883,0.04049168474331164,0.0,True,2576.0,28.635053113438516,0.8401410223421063,2576,0,0.0,,0.27792629762666365,0.3333333333333333,
324,341,33.309798381788774,35.04616676501287,7.0990195135927845,175.81447984118574,8.099019513592784,730.7131037534919,73.41042891560893,5907,0.08972961024735178,5907,0,0,1.0,0.0,0.0,True,1742.0,23.547734959697575,0.688973812574406,1742,0,0.0,,0.2711923793731366,,
324,352,33.309798381788774,35.11967887793686,1.0,24.7660229,2.0,749.8693395745761,30.323630934442804,2544,0.038644342046599445,2544,0,0,1.0,0.0,0.0,True,2595.0,28.740461976922653,0.8400023828280193,2595,0,0.0,,0.30901699437494745,,
325,333,35.71597759673222,34.009413816912414,1.0,24.7660229,2.0,730.3458034474627,86.70794331261332,2506,0.03806710737766439,2506,0,0,1.0,0.0,0.0,True,2684.0,29.229158977248975,0.8384078851231543,2684,0,0.0,,0.3090169943749474,,
325,348,35.71597759673222,34.744901778773794,1.0,24.7660229,2.0,754.4429751957566,43.639230110524224,2782,0.04225965392045584,2782,0,0,1.0,0.0,0.0,True,3008.0,30.943111311580196,0.8783061348603267,3167,397,0.11139169472502806,,0.3090169943749474,,
325,355,35.71597759673222,34.58876512970605,1.0,24.7660229,2.0,755.5601895238899,37.714758678044014,3075,0.0467104370256656,3075,0,0,1.0,0.0,0.0,True,3871.0,35.10238694757742,0.9985780641901727,4204,125,0.028875028875028876,,0.3090169943749474,,
326,327,34.557408115356345,35.42991301967603,9.198039027185569,227.7988451823715,10.198039027185569,724.6571982042351,88.14896270754048,7778,0.1181508224993909,7778,0,0,1.0,0.0,0.0,True,2247.0,26.744014550081626,0.764253128033924,2247,0,0.0,,0.26675650430010106,,
326,332,34.557408115356345,34.85745533381016,3.16227766016838,78.31704094788851,4.16227766016838,725.8156050908201,86.08744400398712,3633,0.05518667242739614,3633,0,0,1.0,0.0,0.0,True,2875.0,30.251296216499522,0.8716086069564332,2880,23,0.00792283844299001,,0.28436465220442186,,
326,342,34.557408115356345,32.844899649806145,7.613903745752154,188.56611452569362,8.613903745752154,732.8238346167102,74.6387248465613,6956,0.1056643251871642,4795,2161,0,0.6893329499712478,0.31066705002875217,0.0,True,2624.0,28.900607975374268,0.8575554438304208,2769,472,0.14563406356062944,,0.22772999919644135,0.31928407177223456,
326,361,34.557408115356345,34.8101046715734,1.0,24.7660229,2.0,754.3775645230614,29.617843478373043,2591,0.03935829018975596,2591,0,0,1.0,0.0,0.0,True,2652.0,29.054394128245264,0.837694562222208,2657,42,0.015561319007039644,,0.30901699437494745,,
326,362,34.557408115356345,34.945713513815825,1.414213562373095,35.02444547122265,2.414213562373095,754.4601731625428,32.160288565303134,2761,0.0419406558139391,2761,0,0,1.0,0.0,0.0,True,2798.0,29.843442521636916,0.8587655294351813,2798,0,0.0,,0.30484544052339907,,
327,338,35.42991301967603,33.951039623183405,8.306623862918075,205.7220368107155,9.306623862918075,732.8365226712339,79.34182232153852,7989,0.12135599395058293,6714,1275,0,0.8404055576417574,0.15959444235824258,0.0,True,3790.0,34.73318972735684,1.0012312718202931,4088,1537,0.27324444444444446,,0.2437586564055321,0.3585701736362871,
327,344,35.42991301967603,34.55040993610072,3.1815405503520555,78.79410612729761,4.1815405503520555,742.233935390452,64.29538034191974,3762,0.0571462322245704,3762,0,0,1.0,0.0,0.0,True,2436.0,27.846056861676377,0.7958253316228153,2436,0,0.0,,0.28172904669025317,,
327,362,35.42991301967603,34.945713513815825,1.0,24.7660229,2.0,755.7408044106787,33.99899102266371,2665,0.04048237875557686,2665,0,0,1.0,0.0,0.0,True,2691.0,29.267249678105742,0.8317439181639802,2691,0,0.0,,0.3090169943749474,,
327,363,35.42991301967603,34.7959794855267,1.0,24.7660229,2.0,755.6041344777609,34.67814104698816,2931,0.044523021438122236,2931,0,0,1.0,0.0,0.0,True,3230.0,32.0646367884254,0.9131855970659221,3398,1224,0.264820424058849,,0.3090169943749474,,
328,334,33.04819098246518,34.644149962492534,11.698409766224884,289.7230841639091,12.698409766224884,728.3568617081507,80.89797260930521,8943,0.1358476222180577,8902,41,0,0.9954154086995416,0.004584591300458459,0.0,True,1446.0,21.45404613171514,0.6338692334236141,1448,62,0.04105960264900662,,0.2627262603753391,0.42628413954669847,
328,346,33.04819098246518,34.91851930854206,7.803118619434352,193.25221442032756,8.803118619434352,748.8148901018857,46.42678398274277,5766,0.08758776581788223,5766,0,0,1.0,0.0,0.0,True,2102.0,25.866723425249052,0.7611586117526571,2102,0,0.0,,0.2692803301885514,,
328,350,33.04819098246518,35.15821905821953,1.0,24.7660229,2.0,749.7802828272161,37.49838663221012,2502,0.03800634583356596,2502,0,0,1.0,0.0,0.0,True,2570.0,28.60168539601018,0.8386802759139338,2570,104,0.03889304412864622,,0.3090169943749474,,
328,353,33.04819098246518,34.00948261731259,1.0,24.7660229,2.0,750.1192383507171,35.06326250864249,2482,0.03770253811307383,2469,8,5,0.9947622884770346,0.0032232070910556,0.00201450443190975,True,2352.0,27.361740666563517,0.8160659085749791,2352,128,0.05161290322580645,0.4,0.3090169943749474,0.4453890236293401,0.09098300562505263
329,334,33.69687930517439,34.644149962492534,3.4721359549995796,85.99099857343296,4.47213595499958,729.196058301002,81.25980429211376,4129,0.06272110389560107,4129,0,0,1.0,0.0,0.0,True,2162.0,26.233298952464125,0.7677174088121455,2162,0,0.0,,0.2801868778094689,,
329,343,33.69687930517439,34.4385881707698,1.7320508075688772,42.89600996421431,2.732050807568877,740.4359387220316,61.35188373720202,3060,0.0464825812352965,3060,0,0,1.0,0.0,0.0,True,1919.0,24.715110187630042,0.7254697473487189,1919,0,0.0,,0.2989350844248255,,
329,353,33.69687930517439,34.00948261731259,1.0,24.7660229,2.0,750.9584349435684,37.52415916911358,2384,0.03621388028266237,2384,0,0,1.0,0.0,0.0,True,1882.0,24.47568601281472,0.7229951608044007,1882,0,0.0,,0.3090169943749474,,
329,360,33.69687930517439,33.23014121130519,1.0,24.7660229,2.0,753.8081853439456,26.903556724367224,2708,0.041135565354634945,2708,0,0,1.0,0.0,0.0,True,2088.0,25.780439141949365,0.770404507566608,2088,0,0.0,,0.3090169943749474,,
330,350,34.607113552636065,35.15821905821953,1.0,24.7660229,2.0,751.737619560882,40.77404835798358,2798,0.04250270009684955,2798,0,0,1.0,0.0,0.0,True,3455.0,33.162639472228335,0.9506910733789916,3551,562,0.13663992219790908,,0.3090169943749474,,
332,361,34.85745533381016,34.8101046715734,1.0,24.7660229,2.0,756.8166026577824,32.29921259384586,2929,0.04449264066607302,2929,0,0,1.0,0.0,0.0,True,2932.0,30.549706811864404,0.8770138299519511,3004,10,0.0033178500331785005,,0.3090169943749474,,
332,364,34.85745533381016,34.19906932093915,1.0,24.7660229,2.0,757.1396645654102,31.78756808224197,2694,0.04092289995029045,2694,0,0,1.0,0.0,0.0,True,4046.0,35.88707008798039,1.0393534938921165,4083,0,0.0,,0.3090169943749474,,
333,347,34.009413816912414,34.87329758068675,1.0,24.7660229,2.0,755.4190027991704,48.74234148264528,2590,0.03934309980373135,2590,0,0,1.0,0.0,0.0,True,1887.0,24.508177313476683,0.7115915391893499,1887,0,0.0,,0.3090169943749474,,
333,348,34.009413816912414,34.744901778773794,9.74165738677394,241.26210992479758,10.74165738677394,756.4674569285114,52.18356629557301,7855,0.11932048222328563,7855,0,0,1.0,0.0,0.0,True,1525.0,22.03230756026887,0.6408996255545949,1525,0,0.0,,0.26697807758999403,,
330,358,34.607113552636065,35.50108848583673,7.613903745752154,188.56611452569362,8.613903745752154,753.7206079360028,44.387843372883374,7285,0.1106619621892598,4900,952,1433,0.6726149622512011,0.13067947838023336,0.19670555936856554,True,2111.0,25.922040230930552,0.7394866642480858,2176,2363,0.5205992509363296,0.37330926563096944,0.19707113830081235,0.3761785115301143,0.1762381273301571
331,340,34.33312542075766,33.97208296289707,8.0,198.1281832,9.0,733.3713883137048,79.76079718410593,7139,0.10844416582966723,7139,0,0,1.0,0.0,0.0,True,1841.0,24.207612448656697,0.7088072204593265,1841,0,0.0,,0.27013511384464434,,
331,351,34.33312542075766,35.66781552093881,1.0,24.7660229,2.0,752.2806518683954,45.63249195712121,2499,0.037960774675492144,2499,0,0,1.0,0.0,0.0,True,4650.0,38.47260025985541,1.099202374776622,4770,854,0.15184921763869133,,0.3090169943749474,,
331,354,34.33312542075766,35.40453714353992,1.0,24.7660229,2.0,752.9597875261652,39.531589280282425,3059,0.04646739084927189,3059,0,0,1.0,0.0,0.0,True,3594.0,33.82315376993316,0.970011110961698,3594,0,0.0,,0.3090169943749474,,
334,357,34.644149962492534,34.29933754194671,3.7320508075688767,92.42805576421429,4.732050807568877,757.9261818441114,49.46971648222998,4435,0.06736936201913071,4435,0,0,1.0,0.0,0.0,True,2475.0,28.068077388821663,0.8142343361151949,2475,0,0.0,,0.27669677546737487,,
334,359,34.644149962492534,33.54502766358516,1.0,24.7660229,2.0,758.5471322945139,45.76738397158018,2431,0.03692782842581889,2431,0,0,1.0,0.0,0.0,True,2361.0,27.414040951306866,0.8040584123666824,2361,0,0.0,,0.3090169943749474,,
335,336,33.081600366681336,34.196347521520906,4.0,99.0640916,5.0,732.9933611708211,89.64890769832394,4089,0.0621134884546168,4089,0,0,1.0,0.0,0.0,True,3955.0,35.481200654105436,1.0547646522472889,4011,608,0.13163022299198962,,0.2857142857142857,,
335,365,33.081600366681336,34.761241905204294,2.863703305156273,70.92254163430594,3.863703305156273,763.6265372013011,31.7086651236897,3182,0.04833580833029852,3182,0,0,1.0,0.0,0.0,True,3802.0,34.7881328511717,1.0255505720634601,4027,798,0.16538860103626943,,0.28172904669025317,,
333,352,34.009413816912414,35.11967887793686,1.0,24.7660229,2.0,756.0657442115546,46.92251093878297,2614,0.03970766906832191,2614,0,0,1.0,0.0,0.0,True,2590.0,28.712760320387485,0.8306997589895125,2590,0,0.0,,0.30901699437494745,,
333,354,34.009413816912414,35.40453714353992,1.0,24.7660229,2.0,755.8031829787174,48.70987402671161,2550,0.03873548436274708,2550,0,0,1.0,0.0,0.0,True,2409.0,27.69130758589691,0.7978600037238527,2409,0,0.0,,0.3090169943749474,,
334,349,34.644149962492534,36.75448079357758,4.855156433186538,120.24291540738012,5.855156433186538,755.6097519476641,58.210690316963635,4852,0.0737037529913917,4282,246,324,0.8825226710634789,0.050700741962077495,0.06677658697444352,True,3007.0,30.937967414726174,0.8666263508728679,3012,67,0.021760311789542058,0.4088162308514305,0.25,0.39687780877272233,0.15881623085143048
334,353,34.644149962492534,34.00948261731259,2.1462643699419726,53.15443253543696,3.1462643699419726,756.340339805417,53.14759114895482,3406,0.051738454799810416,3406,0,0,1.0,0.0,0.0,True,2467.0,28.022678123537936,0.8163494652948916,2476,48,0.01901743264659271,,0.29339977411634566,,
336,365,34.196347521520906,34.761241905204294,1.7320508075688772,42.89600996421431,2.732050807568877,763.8481248379783,30.522068603291704,2780,0.042229273148406625,2780,0,0,1.0,0.0,0.0,True,5749.0,42.77807307103269,1.24070674240981,5863,886,0.13127870795673433,,0.29339977411634566,,
337,357,33.573291294404,34.29933754194671,1.0,24.7660229,2.0,757.7840791069596,46.24627793634966,2569,0.03902410169721461,2569,0,0,1.0,0.0,0.0,True,3554.0,33.63440701866457,0.9911037069084586,3823,739,0.16199035510740903,,0.30901699437494745,,
337,359,33.573291294404,33.54502766358516,11.12435565298214,275.50604684950014,12.12435565298214,758.405029557362,52.433484412489655,7854,0.11930529183726102,7600,254,0,0.967659791189203,0.03234020881079704,0.0,True,1485.0,21.741439257393452,0.6478541058515456,1485,0,0.0,,0.260205226099576,0.4090448958609373,
337,363,33.573291294404,34.7959794855267,1.0,24.7660229,2.0,759.7820985958488,42.000321478156195,2463,0.0374139207786063,2463,0,0,1.0,0.0,0.0,True,3756.0,34.57704343211429,1.0114790764234427,3967,976,0.19745094072425654,,0.3090169943749474,,
338,342,33.951039623183405,32.844899649806145,1.0,24.7660229,2.0,741.0031590837089,87.84678152349069,2372,0.03603159565036709,2372,0,0,1.0,0.0,0.0,True,2166.0,26.257555359821495,0.7862021447893414,2167,0,0.0,,0.32037724101704074,,
338,366,33.951039623183405,34.168560384650064,1.0,24.7660229,2.0,769.821523933965,27.277556365494338,2881,0.0437635021368919,2881,0,0,1.0,0.0,0.0,True,2342.0,27.30351174194334,0.8016345292339812,2386,407,0.14572144647332616,,0.3203772410170408,,
340,347,33.97208296289707,34.87329758068675,7.840676900366725,194.18238366598334,8.840676900366725,759.2635013852098,59.9682034385043,6810,0.10344652882757162,6810,0,0,1.0,0.0,0.0,True,1577.0,22.404791686419177,0.6508727676284807,1577,0,0.0,,0.26948328100574837,,
340,351,33.97208296289707,35.66781552093881,1.0,24.7660229,2.0,758.9685459069871,56.86876960996696,2909,0.04418883294558089,2909,0,0,1.0,0.0,0.0,True,2629.0,28.928129749038145,0.8307918414255775,2629,7,0.002655538694992413,,0.3090169943749474,,
341,352,35.04616676501287,35.11967887793686,1.0,24.7660229,2.0,760.6049674218075,57.52753890123846,2898,0.04402173869931022,2898,0,0,1.0,0.0,0.0,True,2172.0,26.29389801439097,0.7494785468186823,2172,0,0.0,,0.3090169943749474,,
341,356,35.04616676501287,34.335218080786525,3.2426406871192857,80.30731351366796,4.242640687119286,761.899764198512,56.316370711289736,3799,0.05770827650748085,3799,0,0,1.0,0.0,0.0,True,2491.0,28.158656333067857,0.8117063790424668,2491,0,0.0,,0.28172904669025317,,
341,360,35.04616676501287,33.23014121130519,1.0,24.7660229,2.0,762.6254744247306,51.718084192287094,2821,0.0428520789754155,2821,0,0,1.0,0.0,0.0,True,3135.0,31.58957887003535,0.9253452568346939,3135,0,0.0,,0.3090169943749474,,
342,366,32.844899649806145,34.168560384650064,1.0,24.7660229,2.0,771.0894671275771,32.293552906513376,2478,0.0376417765689754,2478,0,0,1.0,0.0,0.0,True,1639.0,22.840969844891283,0.6816830479472982,1645,0,0.0,,0.31451985913875646,,
342,367,32.844899649806145,33.50218820773052,1.0,24.7660229,2.0,772.2619939041992,27.187485723119593,3005,0.045647110003943135,2994,11,0,0.9963394342762063,0.003660565723793677,0.0,True,2916.0,30.46623751157884,0.918389593134736,2955,161,0.05166880616174583,,0.32449979983983984,0.4211646096066227,
343,347,34.4385881707698,34.87329758068675,2.23606797749979,55.37851073671648,3.23606797749979,767.7627222115163,72.68742282674481,3124,0.04745476594087133,3124,0,0,1.0,0.0,0.0,True,2904.0,30.403485153477522,0.8772949927376233,2904,0,0.0,,0.2857142857142857,,
343,353,34.4385881707698,34.00948261731259,2.0,49.5320458,3.0,767.5802202264465,72.34278303609237,3418,0.0519207394321057,3418,0,0,1.0,0.0,0.0,True,2916.0,30.46623751157884,0.8902000351742089,2916,0,0.0,,0.28989794855663564,,
343,358,34.4385881707698,35.50108848583673,1.0,24.7660229,2.0,769.2242530780661,70.67431616450968,2511,0.03814305930778742,2511,0,0,1.0,0.0,0.0,True,3565.0,33.68641780072814,0.9632992147253829,3565,6,0.0016802016241949033,,0.3090169943749474,,
340,354,33.97208296289707,35.40453714353992,1.0,24.7660229,2.0,759.6476815647568,54.42735317319763,2800,0.04253308086889876,2800,0,0,1.0,0.0,0.0,True,2622.0,28.88959192466898,0.8328336514620294,2622,0,0.0,,0.30901699437494745,,
340,358,33.97208296289707,35.50108848583673,1.0,24.7660229,2.0,760.7250322517596,53.00319953098495,2782,0.04225965392045584,2782,0,0,1.0,0.0,0.0,True,3804.0,34.79728160421644,1.0017473185283998,3895,493,0.11235186873290794,,0.3090169943749474,,
341,343,35.04616676501287,34.4385881707698,1.0,24.7660229,2.0,749.2532278028165,77.80414885181044,2343,0.035591074455653494,2343,0,0,1.0,0.0,0.0,True,1783.0,23.82323502519544,0.6857111332467881,1783,0,0.0,,0.30484544052339907,,
341,347,35.04616676501287,34.87329758068675,1.0,24.7660229,2.0,759.9582260094232,57.72717786805157,2664,0.04046718836955225,2664,0,0,1.0,0.0,0.0,True,2327.0,27.215934765311314,0.7784938005459769,2327,0,0.0,,0.3090169943749474,,
343,360,34.4385881707698,33.23014121130519,1.0,24.7660229,2.0,770.4299706268238,67.12120920341886,2654,0.04031528450930618,2654,0,0,1.0,0.0,0.0,True,2525.0,28.350175706934717,0.8379106853584426,2525,0,0.0,,0.30901699437494745,,
344,356,34.55040993610072,34.335218080786525,9.273618495495704,229.67064802531016,10.273618495495704,770.4404190624168,72.72626034211955,7098,0.10782136000265835,7098,0,0,1.0,0.0,0.0,True,3087.0,31.346811937569694,0.9101118140313696,3087,0,0.0,,0.26675650430010106,,
344,359,34.55040993610072,33.54502766358516,1.0,24.7660229,2.0,770.5231713773551,69.10555138721038,2955,0.044887590702712796,2955,0,0,1.0,0.0,0.0,True,3105.0,31.43806922507599,0.9233531741110659,3105,0,0.0,,0.30901699437494745,,
344,360,34.55040993610072,33.23014121130519,1.7320508075688772,42.89600996421431,2.732050807568877,771.1661292886354,68.90314155435456,2865,0.043520455960498194,2865,0,0,1.0,0.0,0.0,True,3189.0,31.860480646721395,0.9401068627321352,3189,0,0.0,,0.2989350844248255,,
344,362,34.55040993610072,34.945713513815825,2.0,49.5320458,3.0,772.0369103487596,68.31290157847252,3120,0.0473940043967729,3120,0,0,1.0,0.0,0.0,True,4064.0,35.96680938658481,1.0350738314923378,4064,0,0.0,,0.28989794855663564,,
344,363,34.55040993610072,34.7959794855267,11.456583568967652,283.7340110248166,12.456583568967652,771.9002404158418,70.79198067240813,8288,0.12589791937194034,8288,0,0,1.0,0.0,0.0,True,1720.0,23.398568422792877,0.6748316276577607,1720,0,0.0,,0.26483421803497953,,
345,346,34.26934576442317,34.91851930854206,1.0,24.7660229,2.0,774.5157903761567,88.36679178374202,2600,0.03949500366397742,2600,0,0,1.0,0.0,0.0,True,4816.0,39.153293754946546,1.1317965574933018,4855,17,0.0034893267651888342,,0.30901699437494745,,
345,350,34.26934576442317,35.15821905821953,2.23606797749979,55.37851073671648,3.23606797749979,775.4811831014871,86.86236770022569,3519,0.05345496842059098,3519,0,0,1.0,0.0,0.0,True,4076.0,36.01987085047822,1.0376244923034061,4099,189,0.04407649253731343,,0.28330039409901914,,
346,349,34.91851930854206,36.75448079357758,1.0,24.7660229,2.0,776.0677803413992,89.03613979483775,3077,0.046740817797714815,3077,0,0,1.0,0.0,0.0,True,4111.0,36.174188893485415,1.0094230419249777,4928,338,0.06418533991644512,,0.3090169943749474,,
346,350,34.91851930854206,35.15821905821953,1.0,24.7660229,2.0,776.4594126756508,88.44936561203083,2569,0.03902410169721461,2569,0,0,1.0,0.0,0.0,True,2944.0,30.612159429303247,0.8736753491319179,2944,0,0.0,,0.3090169943749474,,
347,352,34.87329758068675,35.11967887793686,1.0,24.7660229,2.0,779.1144618305075,88.95228535355788,2719,0.041302659600905615,2719,0,0,1.0,0.0,0.0,True,3076.0,31.29091257699814,0.894115785903055,3076,0,0.0,,0.30901699437494745,,
347,354,34.87329758068675,35.40453714353992,1.0,24.7660229,2.0,778.8519005976701,89.35735804993878,3074,0.046695246639640996,3074,0,0,1.0,0.0,0.0,True,3340.0,32.60605802383755,0.9279186859351932,3340,0,0.0,,0.3090169943749474,,
348,354,34.744901778773794,35.40453714353992,1.0,24.7660229,2.0,779.9003547270113,88.95145684512006,2610,0.039646907524223486,2610,0,0,1.0,0.0,0.0,True,4737.0,38.83083736996431,1.1070890363917842,4737,64,0.013330556134138721,,0.3090169943749474,,
349,357,36.75448079357758,34.29933754194671,4.0,99.0640916,5.0,778.9579706289251,86.60849592921477,4470,0.06790102552999194,4464,6,0,0.9986577181208054,0.0013422818791946308,0.0,True,4954.0,39.71029055741722,1.1177524723555508,4964,161,0.031414634146341464,,0.2857142857142857,0.3033377020185919,
350,353,35.15821905821953,34.00948261731259,2.0,49.5320458,3.0,777.7637609244822,89.44873169434342,3387,0.051449837465342894,3343,30,14,0.9870091526424565,0.008857395925597875,0.004133451431945674,True,2621.0,28.88408232379411,0.8351898826793538,2621,116,0.04238217025940811,0.4322857486870784,0.2857142857142857,0.42410779636573254,0.14657146297279272
351,354,35.66781552093881,35.40453714353992,1.0,24.7660229,2.0,778.5569451194474,88.9288808020689,2701,0.041029232652462694,2701,0,0,1.0,0.0,0.0,True,3392.0,32.85889733292062,0.9246604650346175,3392,0,0.0,,0.3090169943749474,,
356,361,34.335218080786525,34.8101046715734,2.0,49.5320458,3.0,783.8646794431622,87.55654713824327,3513,0.05336382610444334,3513,0,0,1.0,0.0,0.0,True,3271.0,32.26750126221706,0.9333241925207666,3271,0,0.0,,0.2857142857142857,,
356,364,34.335218080786525,34.19906932093915,6.032065437739018,149.39027076534305,7.032065437739018,784.18774135079,87.25961809529917,5550,0.08430664243656719,5550,0,0,1.0,0.0,0.0,True,2399.0,27.63377312194109,0.8064218413758623,2399,0,0.0,,0.27669677546737487,,
357,359,34.29933754194671,33.54502766358516,1.0,24.7660229,2.0,781.8953509757747,88.98255027286723,2307,0.03504422055876766,2307,0,0,1.0,0.0,0.0,True,3185.0,31.84049289027061,0.9386333793178275,3185,0,0.0,,0.30383243470068705,,
359,360,33.54502766358516,33.23014121130519,7.3484692283495345,181.9923571892499,8.348469228349535,783.1592593374576,89.02286761073422,5723,0.08693457921882414,5723,0,0,1.0,0.0,0.0,True,2438.0,27.857485574187805,0.8343666079341998,2438,0,0.0,,0.2705042601214877,,
352,355,35.11967887793686,34.58876512970605,1.0,24.7660229,2.0,781.2801302879818,87.50398620380695,2585,0.03926714787360832,2585,0,0,1.0,0.0,0.0,True,3479.0,33.27762152007574,0.9547658678603455,3479,0,0.0,,0.3090169943749474,,
352,356,35.11967887793686,34.335218080786525,4.0197648378370845,99.55358802648801,5.0197648378370845,781.0560000195962,87.93283625514813,4870,0.07397717993983463,4870,0,0,1.0,0.0,0.0,True,3173.0,31.780454195325277,0.915139337524673,3173,0,0.0,,0.28172904669025317,,
353,360,34.00948261731259,33.23014121130519,2.6502815398728847,65.63693330793913,3.6502815398728847,780.9524668483606,85.40235948604142,3217,0.048867471841159756,3217,0,0,1.0,0.0,0.0,True,2374.0,27.489410139184855,0.8176550841286866,2374,0,0.0,,0.28172904669025317,,
355,364,34.58876512970605,34.19906932093915,1.7320508075688772,42.89600996421431,2.732050807568877,784.4118716191755,87.35248633362572,3321,0.050447271987718846,3321,0,0,1.0,0.0,0.0,True,4464.0,37.69529588588531,1.0959872828365147,4631,0,0.0,,0.29581631632448924,,
362,363,34.945713513815825,34.7959794855267,8.018397960625059,198.5838275141535,9.018397960625059,785.4071094360686,89.80402218807781,6345,0.09638299932612951,6345,0,0,1.0,0.0,0.0,True,2848.0,30.10891156869401,0.8634407991494516,2848,3,0.001052262364082778,,0.2692803301885514,,
362,366,34.945713513815825,34.168560384650064,1.0,24.7660229,2.0,792.7258056734098,78.25261224788542,2564,0.03894814976709158,2505,59,0,0.9769890795631825,0.023010920436817472,0.0,True,2905.0,30.40871946274476,0.8799548269122375,2907,39,0.013238289205702648,,0.30216947925196225,0.4211646096066227,
366,367,34.168560384650064,33.50218820773052,1.0,24.7660229,2.0,801.0803587544553,87.97994339492425,2257,0.03428470125753732,2257,0,0,1.0,0.0,0.0,True,1389.0,21.0269453775218,0.6214485819915796,1389,0,0.0,,0.30901699437494745,,
359,363,33.54502766358516,34.7959794855267,1.0,24.7660229,2.0,783.8933704646639,87.73808602523533,2419,0.036745543793523607,2419,0,0,1.0,0.0,0.0,True,3035.0,31.081674738787882,0.9096054048770866,3035,0,0.0,,0.3090169943749474,,
361,362,34.8101046715734,34.945713513815825,3.16227766016838,78.31704094788851,4.16227766016838,785.461170729505,89.86964926473523,4402,0.0668680792803187,4402,0,0,1.0,0.0,0.0,True,3175.0,31.790468518622614,0.9114786220164018,3175,0,0.0,,0.2791745113185196,,
361,364,34.8101046715734,34.19906932093915,1.0,24.7660229,2.0,785.7016239976514,89.48121590019304,2508,0.0380974881497136,2508,0,0,1.0,0.0,0.0,True,2749.0,29.580971537784905,0.8573054806015913,2850,3,0.0010515247108307045,,0.3090169943749474,,
361,367,34.8101046715734,33.50218820773052,7.4852813742385695,185.38064992733587,8.48528137423857,793.8157238105505,77.19720003018365,6031,0.09161321811440301,5753,278,0,0.9539048250704693,0.04609517492953076,0.0,True,1969.0,25.035018791602372,0.7329579417231668,3174,1065,0.251238499646143,,0.260205226099576,0.37083614274256804,
